solid OpenSCAD_Model
  facet normal -1 0 0
    outer loop
      vertex -47.29999923706055 -59.70000076293945 -8.196982383728027
      vertex -47.29999923706055 -59.70000076293945 -1.9499998092651367
      vertex -47.29999923706055 -50.496829986572266 -0.9709377288818359
    endloop
  endfacet
  facet normal -1 0 0
    outer loop
      vertex -47.29999923706055 -59.70000076293945 -8.196982383728027
      vertex -47.29999923706055 -50.496829986572266 -0.9709377288818359
      vertex -47.29999923706055 -50.29209518432617 -1.1077346801757812
    endloop
  endfacet
  facet normal -1 0 0
    outer loop
      vertex -47.29999923706055 -59.70000076293945 -8.196982383728027
      vertex -47.29999923706055 -50.29209518432617 -1.1077346801757812
      vertex -47.29999923706055 -50.06460952758789 -1.2019624710083008
    endloop
  endfacet
  facet normal -1 0 0
    outer loop
      vertex -47.29999923706055 -59.70000076293945 -8.196982383728027
      vertex -47.29999923706055 -50.06460952758789 -1.2019624710083008
      vertex -47.29999923706055 -49.82311248779297 -1.25
    endloop
  endfacet
  facet normal -1 0 0
    outer loop
      vertex -47.29999923706055 -59.70000076293945 -8.196982383728027
      vertex -47.29999923706055 -49.82311248779297 -1.25
      vertex -47.29999923706055 -49.57688522338867 -1.25
    endloop
  endfacet
  facet normal -1 0 0
    outer loop
      vertex -47.29999923706055 -59.70000076293945 -8.196982383728027
      vertex -47.29999923706055 -49.57688522338867 -1.25
      vertex -47.29999923706055 -49.33538818359375 -1.2019624710083008
    endloop
  endfacet
  facet normal -1 0 0
    outer loop
      vertex -47.29999923706055 -59.70000076293945 -8.196982383728027
      vertex -47.29999923706055 -49.33538818359375 -1.2019624710083008
      vertex -47.29999923706055 -49.10790252685547 -1.1077346801757812
    endloop
  endfacet
  facet normal -1 0 0
    outer loop
      vertex -47.29999923706055 -59.70000076293945 -8.196982383728027
      vertex -47.29999923706055 -49.10790252685547 -1.1077346801757812
      vertex -47.29999923706055 -1.018406867980957 -1.9053049087524414
    endloop
  endfacet
  facet normal -1 0 0
    outer loop
      vertex -47.29999923706055 -59.70000076293945 -8.196982383728027
      vertex -47.29999923706055 -1.018406867980957 -1.9053049087524414
      vertex -47.29999923706055 9 -8.196982383728027
    endloop
  endfacet
  facet normal -0.9807854329423978 0 -0.19508955514838086
    outer loop
      vertex -47.29999923706055 -59.70000076293945 -8.196982383728027
      vertex -47.29999923706055 9 -8.196982383728027
      vertex -47.223140716552734 -59.70000076293945 -8.583377838134766
    endloop
  endfacet
  facet normal 0 -1 0
    outer loop
      vertex -47.29999923706055 -59.70000076293945 -8.196982383728027
      vertex -47.223140716552734 -59.70000076293945 -8.583377838134766
      vertex -45.49698257446289 -59.70000076293945 -10
    endloop
  endfacet
  facet normal 0 -1 0
    outer loop
      vertex -47.29999923706055 -59.70000076293945 -8.196982383728027
      vertex -45.49698257446289 -59.70000076293945 -10
      vertex -47.29999923706055 -59.70000076293945 -1.9499998092651367
    endloop
  endfacet
  facet normal -1 0 0
    outer loop
      vertex -47.29999923706055 -59.70000076293945 -1.9499998092651367
      vertex -47.29999923706055 -59.70000076293945 -1.2120685577392578
      vertex -47.29999923706055 -50.90196228027344 -0.3646106719970703
    endloop
  endfacet
  facet normal -1 0 0
    outer loop
      vertex -47.29999923706055 -59.70000076293945 -1.9499998092651367
      vertex -47.29999923706055 -50.90196228027344 -0.3646106719970703
      vertex -47.29999923706055 -50.807735443115234 -0.5920963287353516
    endloop
  endfacet
  facet normal -1 0 0
    outer loop
      vertex -47.29999923706055 -59.70000076293945 -1.9499998092651367
      vertex -47.29999923706055 -50.807735443115234 -0.5920963287353516
      vertex -47.29999923706055 -50.670936584472656 -0.7968282699584961
    endloop
  endfacet
  facet normal -1 0 0
    outer loop
      vertex -47.29999923706055 -59.70000076293945 -1.9499998092651367
      vertex -47.29999923706055 -50.670936584472656 -0.7968282699584961
      vertex -47.29999923706055 -50.496829986572266 -0.9709377288818359
    endloop
  endfacet
  facet normal 0 -1 0
    outer loop
      vertex -47.29999923706055 -59.70000076293945 -1.9499998092651367
      vertex -45.49698257446289 -59.70000076293945 -10
      vertex 0 -59.70000076293945 -1.9499998092651367
    endloop
  endfacet
  facet normal 0 -1 0
    outer loop
      vertex -47.29999923706055 -59.70000076293945 -1.9499998092651367
      vertex 0 -59.70000076293945 -1.9499998092651367
      vertex 0 -59.70000076293945 -1.2120685577392578
    endloop
  endfacet
  facet normal 0 -1 0
    outer loop
      vertex -47.29999923706055 -59.70000076293945 -1.9499998092651367
      vertex 0 -59.70000076293945 -1.2120685577392578
      vertex -47.29999923706055 -59.70000076293945 -1.2120685577392578
    endloop
  endfacet
  facet normal -1 0 0
    outer loop
      vertex -47.29999923706055 -59.70000076293945 -1.2120685577392578
      vertex -47.29999923706055 -59.39256286621094 0.3335132598876953
      vertex -47.29999923706055 -50.90196228027344 -0.3646106719970703
    endloop
  endfacet
  facet normal 0 -0.9807849697595198 0.1950918837210247
    outer loop
      vertex -47.29999923706055 -59.70000076293945 -1.2120685577392578
      vertex -44.76937484741211 -59.39256286621094 0.3335132598876953
      vertex -47.29999923706055 -59.39256286621094 0.3335132598876953
    endloop
  endfacet
  facet normal 0.0000011425578526074587 -0.9807853277109592 0.19509008418061927
    outer loop
      vertex -47.29999923706055 -59.70000076293945 -1.2120685577392578
      vertex -44.57492446899414 -59.42482376098633 0.1713254451751709
      vertex -44.76937484741211 -59.39256286621094 0.3335132598876953
    endloop
  endfacet
  facet normal -0.0000026677852424264554 -0.9807838915124206 0.19509730429361447
    outer loop
      vertex -47.29999923706055 -59.70000076293945 -1.2120685577392578
      vertex -44.24735641479492 -59.46113967895508 -0.011235731653869152
      vertex -44.57492446899414 -59.42482376098633 0.1713254451751709
    endloop
  endfacet
  facet normal 7.423735213794908e-7 -0.9807855502770589 0.19508896526245542
    outer loop
      vertex -47.29999923706055 -59.70000076293945 -1.2120685577392578
      vertex -43.88337707519531 -59.48615264892578 -0.13698671758174896
      vertex -44.24735641479492 -59.46113967895508 -0.011235731653869152
    endloop
  endfacet
  facet normal -0.0000011105137573637261 -0.9807844235533704 0.19509462963867003
    outer loop
      vertex -47.29999923706055 -59.70000076293945 -1.2120685577392578
      vertex -43.49698257446289 -59.498905181884766 -0.2010943591594696
      vertex -43.88337707519531 -59.48615264892578 -0.13698671758174896
    endloop
  endfacet
  facet normal 0 -0.9807852228853414 0.1950906111778608
    outer loop
      vertex -47.29999923706055 -59.70000076293945 -1.2120685577392578
      vertex -3.803018093109131 -59.498905181884766 -0.2010943591594696
      vertex -43.49698257446289 -59.498905181884766 -0.2010943591594696
    endloop
  endfacet
  facet normal 0 -0.9807852228853414 0.19509061117786083
    outer loop
      vertex -47.29999923706055 -59.70000076293945 -1.2120685577392578
      vertex 0 -59.70000076293945 -1.2120685577392578
      vertex -3.803018093109131 -59.498905181884766 -0.2010943591594696
    endloop
  endfacet
  facet normal -1 0 0
    outer loop
      vertex -47.29999923706055 -59.39256286621094 0.3335132598876953
      vertex -47.29999923706055 -58.78950881958008 1.7894201278686523
      vertex -47.29999923706055 -50.95000076293945 -0.12311363220214844
    endloop
  endfacet
  facet normal -1 0 0
    outer loop
      vertex -47.29999923706055 -59.39256286621094 0.3335132598876953
      vertex -47.29999923706055 -50.95000076293945 -0.12311363220214844
      vertex -47.29999923706055 -50.90196228027344 -0.3646106719970703
    endloop
  endfacet
  facet normal 6.812769503487027e-7 -0.9238800538317408 0.3826821737831481
    outer loop
      vertex -47.29999923706055 -59.39256286621094 0.3335132598876953
      vertex -45.29999923706055 -59.05220031738281 1.1552207469940186
      vertex -47.29999923706055 -58.78950881958008 1.7894201278686523
    endloop
  endfacet
  facet normal -0.0000022023397285846202 -0.9238775723700096 0.38268816452413007
    outer loop
      vertex -47.29999923706055 -59.39256286621094 0.3335132598876953
      vertex -45.223140716552734 -59.165374755859375 0.8819978833198547
      vertex -45.29999923706055 -59.05220031738281 1.1552207469940186
    endloop
  endfacet
  facet normal -3.487795960040307e-8 -0.9238804740606127 0.38268115925602647
    outer loop
      vertex -47.29999923706055 -59.39256286621094 0.3335132598876953
      vertex -45.0723762512207 -59.27198028564453 0.6246275901794434
      vertex -45.223140716552734 -59.165374755859375 0.8819978833198547
    endloop
  endfacet
  facet normal -4.056455870776003e-7 -0.9238794709836999 0.3826835809055757
    outer loop
      vertex -47.29999923706055 -59.39256286621094 0.3335132598876953
      vertex -44.85350036621094 -59.367923736572266 0.39299994707107544
      vertex -45.0723762512207 -59.27198028564453 0.6246275901794434
    endloop
  endfacet
  facet normal 0 -0.9238853692154936 0.382669341010684
    outer loop
      vertex -47.29999923706055 -59.39256286621094 0.3335132598876953
      vertex -44.76937484741211 -59.39256286621094 0.3335132598876953
      vertex -44.85350036621094 -59.367923736572266 0.39299994707107544
    endloop
  endfacet
  facet normal -1 0 0
    outer loop
      vertex -47.29999923706055 -58.78950881958008 1.7894201278686523
      vertex -47.29999923706055 -57.914005279541016 3.0997018814086914
      vertex -47.29999923706055 -50.95000076293945 0.12311363220214844
    endloop
  endfacet
  facet normal -1 0 0
    outer loop
      vertex -47.29999923706055 -58.78950881958008 1.7894201278686523
      vertex -47.29999923706055 -50.95000076293945 0.12311363220214844
      vertex -47.29999923706055 -50.95000076293945 -0.12311363220214844
    endloop
  endfacet
  facet normal 0 -0.9238808134250663 0.3826803399510326
    outer loop
      vertex -47.29999923706055 -58.78950881958008 1.7894201278686523
      vertex -45.29999923706055 -59.05220031738281 1.1552207469940186
      vertex -45.29999923706055 -58.78950881958008 1.7894201278686523
    endloop
  endfacet
  facet normal 0 -0.8314692421708348 0.5555707869604535
    outer loop
      vertex -47.29999923706055 -58.78950881958008 1.7894201278686523
      vertex -45.29999923706055 -58.78950881958008 1.7894201278686523
      vertex -45.29999923706055 -57.914005279541016 3.0997018814086914
    endloop
  endfacet
  facet normal 0 -0.8314692421708348 0.5555707869604535
    outer loop
      vertex -47.29999923706055 -58.78950881958008 1.7894201278686523
      vertex -45.29999923706055 -57.914005279541016 3.0997018814086914
      vertex -47.29999923706055 -57.914005279541016 3.0997018814086914
    endloop
  endfacet
  facet normal -1 0 0
    outer loop
      vertex -47.29999923706055 -57.914005279541016 3.0997018814086914
      vertex -47.29999923706055 -56.79970169067383 4.214005470275879
      vertex -47.29999923706055 -50.95000076293945 0.12311363220214844
    endloop
  endfacet
  facet normal 0 -0.7071067811865476 0.7071067811865476
    outer loop
      vertex -47.29999923706055 -57.914005279541016 3.0997018814086914
      vertex -45.29999923706055 -57.914005279541016 3.0997018814086914
      vertex -45.29999923706055 -56.79970169067383 4.214005470275879
    endloop
  endfacet
  facet normal 0 -0.7071067811865476 0.7071067811865476
    outer loop
      vertex -47.29999923706055 -57.914005279541016 3.0997018814086914
      vertex -45.29999923706055 -56.79970169067383 4.214005470275879
      vertex -47.29999923706055 -56.79970169067383 4.214005470275879
    endloop
  endfacet
  facet normal -1 0 0
    outer loop
      vertex -47.29999923706055 -56.79970169067383 4.214005470275879
      vertex -47.29999923706055 -55.48942184448242 5.089507102966309
      vertex -47.29999923706055 -50.90196228027344 0.3646106719970703
    endloop
  endfacet
  facet normal -1 0 0
    outer loop
      vertex -47.29999923706055 -56.79970169067383 4.214005470275879
      vertex -47.29999923706055 -50.90196228027344 0.3646106719970703
      vertex -47.29999923706055 -50.95000076293945 0.12311363220214844
    endloop
  endfacet
  facet normal 0 -0.5555705093039743 0.8314694276951634
    outer loop
      vertex -47.29999923706055 -56.79970169067383 4.214005470275879
      vertex -45.29999923706055 -56.79970169067383 4.214005470275879
      vertex -47.29999923706055 -55.48942184448242 5.089507102966309
    endloop
  endfacet
  facet normal -1 0 0
    outer loop
      vertex -47.29999923706055 -55.48942184448242 5.089507102966309
      vertex -47.29999923706055 -54.033512115478516 5.692564010620117
      vertex -47.29999923706055 -50.807735443115234 0.5920963287353516
    endloop
  endfacet
  facet normal -1 0 0
    outer loop
      vertex -47.29999923706055 -55.48942184448242 5.089507102966309
      vertex -47.29999923706055 -50.807735443115234 0.5920963287353516
      vertex -47.29999923706055 -50.90196228027344 0.3646106719970703
    endloop
  endfacet
  facet normal 0 -0.5555705093039743 0.8314694276951634
    outer loop
      vertex -47.29999923706055 -55.48942184448242 5.089507102966309
      vertex -45.29999923706055 -56.79970169067383 4.214005470275879
      vertex -45.29999923706055 -55.48942184448242 5.089507102966309
    endloop
  endfacet
  facet normal 0 -0.3826830815492044 0.9238796778239063
    outer loop
      vertex -47.29999923706055 -55.48942184448242 5.089507102966309
      vertex -45.29999923706055 -55.48942184448242 5.089507102966309
      vertex -47.29999923706055 -54.033512115478516 5.692564010620117
    endloop
  endfacet
  facet normal -1 0 0
    outer loop
      vertex -47.29999923706055 -54.033512115478516 5.692564010620117
      vertex -47.29999923706055 -52.48793029785156 6
      vertex -47.29999923706055 -50.670936584472656 0.7968282699584961
    endloop
  endfacet
  facet normal -1 0 0
    outer loop
      vertex -47.29999923706055 -54.033512115478516 5.692564010620117
      vertex -47.29999923706055 -50.670936584472656 0.7968282699584961
      vertex -47.29999923706055 -50.807735443115234 0.5920963287353516
    endloop
  endfacet
  facet normal 0 -0.3826830815492044 0.9238796778239063
    outer loop
      vertex -47.29999923706055 -54.033512115478516 5.692564010620117
      vertex -45.29999923706055 -55.48942184448242 5.089507102966309
      vertex -45.29999923706055 -54.033512115478516 5.692564010620117
    endloop
  endfacet
  facet normal 0 -0.19509071943511516 0.9807852013515952
    outer loop
      vertex -47.29999923706055 -54.033512115478516 5.692564010620117
      vertex -45.29999923706055 -54.033512115478516 5.692564010620117
      vertex -47.29999923706055 -52.48793029785156 6
    endloop
  endfacet
  facet normal -1 0 0
    outer loop
      vertex -47.29999923706055 -52.48793029785156 6
      vertex -47.29999923706055 -50.496829986572266 0.9709377288818359
      vertex -47.29999923706055 -50.670936584472656 0.7968282699584961
    endloop
  endfacet
  facet normal -1 0 0
    outer loop
      vertex -47.29999923706055 -52.48793029785156 6
      vertex -47.29999923706055 -50.29209518432617 1.1077346801757812
      vertex -47.29999923706055 -50.496829986572266 0.9709377288818359
    endloop
  endfacet
  facet normal -1 0 0
    outer loop
      vertex -47.29999923706055 -52.48793029785156 6
      vertex -47.29999923706055 -50.06460952758789 1.2019624710083008
      vertex -47.29999923706055 -50.29209518432617 1.1077346801757812
    endloop
  endfacet
  facet normal -1 0 0
    outer loop
      vertex -47.29999923706055 -52.48793029785156 6
      vertex -47.29999923706055 -49.82311248779297 1.25
      vertex -47.29999923706055 -50.06460952758789 1.2019624710083008
    endloop
  endfacet
  facet normal -1 0 0
    outer loop
      vertex -47.29999923706055 -52.48793029785156 6
      vertex -47.29999923706055 -49.57688522338867 1.25
      vertex -47.29999923706055 -49.82311248779297 1.25
    endloop
  endfacet
  facet normal -1 0 0
    outer loop
      vertex -47.29999923706055 -52.48793029785156 6
      vertex -47.29999923706055 -49.33538818359375 1.2019624710083008
      vertex -47.29999923706055 -49.57688522338867 1.25
    endloop
  endfacet
  facet normal -1 0 0
    outer loop
      vertex -47.29999923706055 -52.48793029785156 6
      vertex -47.29999923706055 -49.10790252685547 1.1077346801757812
      vertex -47.29999923706055 -49.33538818359375 1.2019624710083008
    endloop
  endfacet
  facet normal -1 0 0
    outer loop
      vertex -47.29999923706055 -52.48793029785156 6
      vertex -47.29999923706055 -48.90317153930664 0.9709377288818359
      vertex -47.29999923706055 -49.10790252685547 1.1077346801757812
    endloop
  endfacet
  facet normal -1 0 0
    outer loop
      vertex -47.29999923706055 -52.48793029785156 6
      vertex -47.29999923706055 -48.729061126708984 0.7968282699584961
      vertex -47.29999923706055 -48.90317153930664 0.9709377288818359
    endloop
  endfacet
  facet normal -1 0 0
    outer loop
      vertex -47.29999923706055 -52.48793029785156 6
      vertex -47.29999923706055 -6.901508331298828 6
      vertex -47.29999923706055 -48.729061126708984 0.7968282699584961
    endloop
  endfacet
  facet normal 0 -0.19509071943511516 0.9807852013515952
    outer loop
      vertex -47.29999923706055 -52.48793029785156 6
      vertex -45.29999923706055 -54.033512115478516 5.692564010620117
      vertex -45.29999923706055 -52.48793029785156 6
    endloop
  endfacet
  facet normal 0 0 1
    outer loop
      vertex -47.29999923706055 -52.48793029785156 6
      vertex -45.29999923706055 -52.48793029785156 6
      vertex -47.29999923706055 -6.901508331298828 6
    endloop
  endfacet
  facet normal 0 1 0
    outer loop
      vertex -47.29999923706055 -50.95000076293945 -0.12311363220214844
      vertex -47.29999923706055 -50.95000076293945 0.12311363220214844
      vertex -45.29999923706055 -50.95000076293945 -0.12311363220214844
    endloop
  endfacet
  facet normal 0 0.9807839323114909 0.19509709920859628
    outer loop
      vertex -47.29999923706055 -50.95000076293945 -0.12311363220214844
      vertex -45.29999923706055 -50.95000076293945 -0.12311363220214844
      vertex -45.29999923706055 -50.90196228027344 -0.3646106719970703
    endloop
  endfacet
  facet normal 0 0.9807839323114909 0.19509709920859628
    outer loop
      vertex -47.29999923706055 -50.95000076293945 -0.12311363220214844
      vertex -45.29999923706055 -50.90196228027344 -0.3646106719970703
      vertex -47.29999923706055 -50.90196228027344 -0.3646106719970703
    endloop
  endfacet
  facet normal 0 0.9807839323114909 -0.19509709920859628
    outer loop
      vertex -47.29999923706055 -50.95000076293945 0.12311363220214844
      vertex -47.29999923706055 -50.90196228027344 0.3646106719970703
      vertex -45.29999923706055 -50.95000076293945 0.12311363220214844
    endloop
  endfacet
  facet normal 0 1 0
    outer loop
      vertex -47.29999923706055 -50.95000076293945 0.12311363220214844
      vertex -45.29999923706055 -50.95000076293945 0.12311363220214844
      vertex -45.29999923706055 -50.95000076293945 -0.12311363220214844
    endloop
  endfacet
  facet normal 0 0.923880691414107 0.3826806345142009
    outer loop
      vertex -47.29999923706055 -50.90196228027344 -0.3646106719970703
      vertex -45.29999923706055 -50.90196228027344 -0.3646106719970703
      vertex -45.29999923706055 -50.807735443115234 -0.5920963287353516
    endloop
  endfacet
  facet normal 0 0.923880691414107 0.3826806345142009
    outer loop
      vertex -47.29999923706055 -50.90196228027344 -0.3646106719970703
      vertex -45.29999923706055 -50.807735443115234 -0.5920963287353516
      vertex -47.29999923706055 -50.807735443115234 -0.5920963287353516
    endloop
  endfacet
  facet normal 0 0.923880691414107 -0.3826806345142009
    outer loop
      vertex -47.29999923706055 -50.90196228027344 0.3646106719970703
      vertex -47.29999923706055 -50.807735443115234 0.5920963287353516
      vertex -45.29999923706055 -50.90196228027344 0.3646106719970703
    endloop
  endfacet
  facet normal 0 0.9807839323114909 -0.19509709920859628
    outer loop
      vertex -47.29999923706055 -50.90196228027344 0.3646106719970703
      vertex -45.29999923706055 -50.90196228027344 0.3646106719970703
      vertex -45.29999923706055 -50.95000076293945 0.12311363220214844
    endloop
  endfacet
  facet normal 0 0.8314670814672809 0.5555740206635673
    outer loop
      vertex -47.29999923706055 -50.807735443115234 -0.5920963287353516
      vertex -45.29999923706055 -50.807735443115234 -0.5920963287353516
      vertex -45.29999923706055 -50.670936584472656 -0.7968282699584961
    endloop
  endfacet
  facet normal 0 0.8314670814672809 0.5555740206635673
    outer loop
      vertex -47.29999923706055 -50.807735443115234 -0.5920963287353516
      vertex -45.29999923706055 -50.670936584472656 -0.7968282699584961
      vertex -47.29999923706055 -50.670936584472656 -0.7968282699584961
    endloop
  endfacet
  facet normal 0 0.8314670814672809 -0.5555740206635673
    outer loop
      vertex -47.29999923706055 -50.807735443115234 0.5920963287353516
      vertex -47.29999923706055 -50.670936584472656 0.7968282699584961
      vertex -45.29999923706055 -50.807735443115234 0.5920963287353516
    endloop
  endfacet
  facet normal 0 0.923880691414107 -0.3826806345142009
    outer loop
      vertex -47.29999923706055 -50.807735443115234 0.5920963287353516
      vertex -45.29999923706055 -50.807735443115234 0.5920963287353516
      vertex -45.29999923706055 -50.90196228027344 0.3646106719970703
    endloop
  endfacet
  facet normal 0 0.7071125909140943 0.7071009714112666
    outer loop
      vertex -47.29999923706055 -50.670936584472656 -0.7968282699584961
      vertex -45.29999923706055 -50.670936584472656 -0.7968282699584961
      vertex -45.29999923706055 -50.496829986572266 -0.9709377288818359
    endloop
  endfacet
  facet normal 0 0.7071125909140943 0.7071009714112666
    outer loop
      vertex -47.29999923706055 -50.670936584472656 -0.7968282699584961
      vertex -45.29999923706055 -50.496829986572266 -0.9709377288818359
      vertex -47.29999923706055 -50.496829986572266 -0.9709377288818359
    endloop
  endfacet
  facet normal 0 0.7071125909140943 -0.7071009714112666
    outer loop
      vertex -47.29999923706055 -50.670936584472656 0.7968282699584961
      vertex -47.29999923706055 -50.496829986572266 0.9709377288818359
      vertex -45.29999923706055 -50.670936584472656 0.7968282699584961
    endloop
  endfacet
  facet normal 0 0.8314670814672809 -0.5555740206635673
    outer loop
      vertex -47.29999923706055 -50.670936584472656 0.7968282699584961
      vertex -45.29999923706055 -50.670936584472656 0.7968282699584961
      vertex -45.29999923706055 -50.807735443115234 0.5920963287353516
    endloop
  endfacet
  facet normal 0 0.5555632979786935 0.8314742461068998
    outer loop
      vertex -47.29999923706055 -50.496829986572266 -0.9709377288818359
      vertex -45.29999923706055 -50.496829986572266 -0.9709377288818359
      vertex -47.29999923706055 -50.29209518432617 -1.1077346801757812
    endloop
  endfacet
  facet normal 0 0.5555632979786935 -0.8314742461068998
    outer loop
      vertex -47.29999923706055 -50.496829986572266 0.9709377288818359
      vertex -47.29999923706055 -50.29209518432617 1.1077346801757812
      vertex -45.29999923706055 -50.29209518432617 1.1077346801757812
    endloop
  endfacet
  facet normal 0 0.7071125909140943 -0.7071009714112666
    outer loop
      vertex -47.29999923706055 -50.496829986572266 0.9709377288818359
      vertex -45.29999923706055 -50.496829986572266 0.9709377288818359
      vertex -45.29999923706055 -50.670936584472656 0.7968282699584961
    endloop
  endfacet
  facet normal 0 0.5555632979786935 -0.8314742461068998
    outer loop
      vertex -47.29999923706055 -50.496829986572266 0.9709377288818359
      vertex -45.29999923706055 -50.29209518432617 1.1077346801757812
      vertex -45.29999923706055 -50.496829986572266 0.9709377288818359
    endloop
  endfacet
  facet normal 0 0.5555632979786935 0.8314742461068998
    outer loop
      vertex -47.29999923706055 -50.29209518432617 -1.1077346801757812
      vertex -45.29999923706055 -50.496829986572266 -0.9709377288818359
      vertex -45.29999923706055 -50.29209518432617 -1.1077346801757812
    endloop
  endfacet
  facet normal 0 0.3826839404375073 0.923879322060637
    outer loop
      vertex -47.29999923706055 -50.29209518432617 -1.1077346801757812
      vertex -45.29999923706055 -50.29209518432617 -1.1077346801757812
      vertex -47.29999923706055 -50.06460952758789 -1.2019624710083008
    endloop
  endfacet
  facet normal 0 0.3826839404375073 -0.923879322060637
    outer loop
      vertex -47.29999923706055 -50.29209518432617 1.1077346801757812
      vertex -47.29999923706055 -50.06460952758789 1.2019624710083008
      vertex -45.29999923706055 -50.06460952758789 1.2019624710083008
    endloop
  endfacet
  facet normal 0 0.3826839404375073 -0.923879322060637
    outer loop
      vertex -47.29999923706055 -50.29209518432617 1.1077346801757812
      vertex -45.29999923706055 -50.06460952758789 1.2019624710083008
      vertex -45.29999923706055 -50.29209518432617 1.1077346801757812
    endloop
  endfacet
  facet normal 0 0.3826839404375073 0.923879322060637
    outer loop
      vertex -47.29999923706055 -50.06460952758789 -1.2019624710083008
      vertex -45.29999923706055 -50.29209518432617 -1.1077346801757812
      vertex -45.29999923706055 -50.06460952758789 -1.2019624710083008
    endloop
  endfacet
  facet normal 0 0.19509337350076622 0.9807846734202622
    outer loop
      vertex -47.29999923706055 -50.06460952758789 -1.2019624710083008
      vertex -45.29999923706055 -50.06460952758789 -1.2019624710083008
      vertex -47.29999923706055 -49.82311248779297 -1.25
    endloop
  endfacet
  facet normal 0 0.19509337350076622 -0.9807846734202622
    outer loop
      vertex -47.29999923706055 -50.06460952758789 1.2019624710083008
      vertex -47.29999923706055 -49.82311248779297 1.25
      vertex -45.29999923706055 -49.82311248779297 1.25
    endloop
  endfacet
  facet normal 0 0.19509337350076622 -0.9807846734202622
    outer loop
      vertex -47.29999923706055 -50.06460952758789 1.2019624710083008
      vertex -45.29999923706055 -49.82311248779297 1.25
      vertex -45.29999923706055 -50.06460952758789 1.2019624710083008
    endloop
  endfacet
  facet normal 0 0.19509337350076622 0.9807846734202622
    outer loop
      vertex -47.29999923706055 -49.82311248779297 -1.25
      vertex -45.29999923706055 -50.06460952758789 -1.2019624710083008
      vertex -45.29999923706055 -49.82311248779297 -1.25
    endloop
  endfacet
  facet normal 0 0 1
    outer loop
      vertex -47.29999923706055 -49.82311248779297 -1.25
      vertex -45.29999923706055 -49.82311248779297 -1.25
      vertex -47.29999923706055 -49.57688522338867 -1.25
    endloop
  endfacet
  facet normal 0 0 -1
    outer loop
      vertex -47.29999923706055 -49.82311248779297 1.25
      vertex -47.29999923706055 -49.57688522338867 1.25
      vertex -45.29999923706055 -49.57688522338867 1.25
    endloop
  endfacet
  facet normal 0 0 -1
    outer loop
      vertex -47.29999923706055 -49.82311248779297 1.25
      vertex -45.29999923706055 -49.57688522338867 1.25
      vertex -45.29999923706055 -49.82311248779297 1.25
    endloop
  endfacet
  facet normal 0 0 1
    outer loop
      vertex -47.29999923706055 -49.57688522338867 -1.25
      vertex -45.29999923706055 -49.82311248779297 -1.25
      vertex -45.29999923706055 -49.57688522338867 -1.25
    endloop
  endfacet
  facet normal 0 -0.19509337350076622 0.9807846734202622
    outer loop
      vertex -47.29999923706055 -49.57688522338867 -1.25
      vertex -45.29999923706055 -49.57688522338867 -1.25
      vertex -47.29999923706055 -49.33538818359375 -1.2019624710083008
    endloop
  endfacet
  facet normal 0 -0.19509337350076622 -0.9807846734202622
    outer loop
      vertex -47.29999923706055 -49.57688522338867 1.25
      vertex -47.29999923706055 -49.33538818359375 1.2019624710083008
      vertex -45.29999923706055 -49.33538818359375 1.2019624710083008
    endloop
  endfacet
  facet normal 0 -0.19509337350076622 -0.9807846734202622
    outer loop
      vertex -47.29999923706055 -49.57688522338867 1.25
      vertex -45.29999923706055 -49.33538818359375 1.2019624710083008
      vertex -45.29999923706055 -49.57688522338867 1.25
    endloop
  endfacet
  facet normal 0 -0.19509337350076622 0.9807846734202622
    outer loop
      vertex -47.29999923706055 -49.33538818359375 -1.2019624710083008
      vertex -45.29999923706055 -49.57688522338867 -1.25
      vertex -45.29999923706055 -49.33538818359375 -1.2019624710083008
    endloop
  endfacet
  facet normal 0 -0.3826839404375073 0.923879322060637
    outer loop
      vertex -47.29999923706055 -49.33538818359375 -1.2019624710083008
      vertex -45.29999923706055 -49.33538818359375 -1.2019624710083008
      vertex -47.29999923706055 -49.10790252685547 -1.1077346801757812
    endloop
  endfacet
  facet normal 0 -0.3826839404375073 -0.923879322060637
    outer loop
      vertex -47.29999923706055 -49.33538818359375 1.2019624710083008
      vertex -47.29999923706055 -49.10790252685547 1.1077346801757812
      vertex -45.29999923706055 -49.10790252685547 1.1077346801757812
    endloop
  endfacet
  facet normal 0 -0.3826839404375073 -0.923879322060637
    outer loop
      vertex -47.29999923706055 -49.33538818359375 1.2019624710083008
      vertex -45.29999923706055 -49.10790252685547 1.1077346801757812
      vertex -45.29999923706055 -49.33538818359375 1.2019624710083008
    endloop
  endfacet
  facet normal -1 0 0
    outer loop
      vertex -47.29999923706055 -49.10790252685547 -1.1077346801757812
      vertex -47.29999923706055 -48.90317153930664 -0.9709377288818359
      vertex -47.29999923706055 -1.37054443359375 -1.670013427734375
    endloop
  endfacet
  facet normal -1 0 0
    outer loop
      vertex -47.29999923706055 -49.10790252685547 -1.1077346801757812
      vertex -47.29999923706055 -1.37054443359375 -1.670013427734375
      vertex -47.29999923706055 -1.018406867980957 -1.9053049087524414
    endloop
  endfacet
  facet normal 0 -0.3826839404375073 0.923879322060637
    outer loop
      vertex -47.29999923706055 -49.10790252685547 -1.1077346801757812
      vertex -45.29999923706055 -49.33538818359375 -1.2019624710083008
      vertex -45.29999923706055 -49.10790252685547 -1.1077346801757812
    endloop
  endfacet
  facet normal 0 -0.5555704545318542 0.8314694642927478
    outer loop
      vertex -47.29999923706055 -49.10790252685547 -1.1077346801757812
      vertex -45.29999923706055 -49.10790252685547 -1.1077346801757812
      vertex -47.29999923706055 -48.90317153930664 -0.9709377288818359
    endloop
  endfacet
  facet normal 0 -0.5555704545318542 -0.8314694642927478
    outer loop
      vertex -47.29999923706055 -49.10790252685547 1.1077346801757812
      vertex -47.29999923706055 -48.90317153930664 0.9709377288818359
      vertex -45.29999923706055 -48.90317153930664 0.9709377288818359
    endloop
  endfacet
  facet normal 0 -0.5555704545318542 -0.8314694642927478
    outer loop
      vertex -47.29999923706055 -49.10790252685547 1.1077346801757812
      vertex -45.29999923706055 -48.90317153930664 0.9709377288818359
      vertex -45.29999923706055 -49.10790252685547 1.1077346801757812
    endloop
  endfacet
  facet normal -1 0 0
    outer loop
      vertex -47.29999923706055 -48.90317153930664 -0.9709377288818359
      vertex -47.29999923706055 -48.729061126708984 -0.7968282699584961
      vertex -47.29999923706055 -1.670013427734375 -1.37054443359375
    endloop
  endfacet
  facet normal -1 0 0
    outer loop
      vertex -47.29999923706055 -48.90317153930664 -0.9709377288818359
      vertex -47.29999923706055 -1.670013427734375 -1.37054443359375
      vertex -47.29999923706055 -1.37054443359375 -1.670013427734375
    endloop
  endfacet
  facet normal 0 -0.5555704545318542 0.8314694642927478
    outer loop
      vertex -47.29999923706055 -48.90317153930664 -0.9709377288818359
      vertex -45.29999923706055 -49.10790252685547 -1.1077346801757812
      vertex -45.29999923706055 -48.90317153930664 -0.9709377288818359
    endloop
  endfacet
  facet normal 0 -0.707104844621306 0.7071087177464854
    outer loop
      vertex -47.29999923706055 -48.90317153930664 -0.9709377288818359
      vertex -45.29999923706055 -48.90317153930664 -0.9709377288818359
      vertex -47.29999923706055 -48.729061126708984 -0.7968282699584961
    endloop
  endfacet
  facet normal 0 -0.707104844621306 -0.7071087177464854
    outer loop
      vertex -47.29999923706055 -48.90317153930664 0.9709377288818359
      vertex -47.29999923706055 -48.729061126708984 0.7968282699584961
      vertex -45.29999923706055 -48.729061126708984 0.7968282699584961
    endloop
  endfacet
  facet normal 0 -0.707104844621306 -0.7071087177464854
    outer loop
      vertex -47.29999923706055 -48.90317153930664 0.9709377288818359
      vertex -45.29999923706055 -48.729061126708984 0.7968282699584961
      vertex -45.29999923706055 -48.90317153930664 0.9709377288818359
    endloop
  endfacet
  facet normal -1 0 0
    outer loop
      vertex -47.29999923706055 -48.729061126708984 -0.7968282699584961
      vertex -47.29999923706055 -48.59226608276367 -0.5920963287353516
      vertex -47.29999923706055 -1.9053049087524414 -1.018406867980957
    endloop
  endfacet
  facet normal -1 0 0
    outer loop
      vertex -47.29999923706055 -48.729061126708984 -0.7968282699584961
      vertex -47.29999923706055 -1.9053049087524414 -1.018406867980957
      vertex -47.29999923706055 -1.670013427734375 -1.37054443359375
    endloop
  endfacet
  facet normal 0 -0.707104844621306 0.7071087177464854
    outer loop
      vertex -47.29999923706055 -48.729061126708984 -0.7968282699584961
      vertex -45.29999923706055 -48.90317153930664 -0.9709377288818359
      vertex -45.29999923706055 -48.729061126708984 -0.7968282699584961
    endloop
  endfacet
  facet normal 0 -0.8314742380562455 0.5555633100275663
    outer loop
      vertex -47.29999923706055 -48.729061126708984 -0.7968282699584961
      vertex -45.29999923706055 -48.729061126708984 -0.7968282699584961
      vertex -45.29999923706055 -48.59226608276367 -0.5920963287353516
    endloop
  endfacet
  facet normal 0 -0.8314742380562455 0.5555633100275663
    outer loop
      vertex -47.29999923706055 -48.729061126708984 -0.7968282699584961
      vertex -45.29999923706055 -48.59226608276367 -0.5920963287353516
      vertex -47.29999923706055 -48.59226608276367 -0.5920963287353516
    endloop
  endfacet
  facet normal 0 -0.8314742380562455 -0.5555633100275663
    outer loop
      vertex -47.29999923706055 -48.729061126708984 0.7968282699584961
      vertex -47.29999923706055 -48.59226608276367 0.5920963287353516
      vertex -45.29999923706055 -48.729061126708984 0.7968282699584961
    endloop
  endfacet
  facet normal -1 0 0
    outer loop
      vertex -47.29999923706055 -48.729061126708984 0.7968282699584961
      vertex -47.29999923706055 -6.901508331298828 6
      vertex -47.29999923706055 -48.59226608276367 0.5920963287353516
    endloop
  endfacet
  facet normal -1 0 0
    outer loop
      vertex -47.29999923706055 -48.59226608276367 -0.5920963287353516
      vertex -47.29999923706055 -48.49803924560547 -0.3646106719970703
      vertex -47.29999923706055 -6.901508331298828 6
    endloop
  endfacet
  facet normal -1 0 0
    outer loop
      vertex -47.29999923706055 -48.59226608276367 -0.5920963287353516
      vertex -47.29999923706055 -6.901508331298828 6
      vertex -47.29999923706055 -1.9053049087524414 -1.018406867980957
    endloop
  endfacet
  facet normal 0 -0.923880691414107 0.3826806345142009
    outer loop
      vertex -47.29999923706055 -48.59226608276367 -0.5920963287353516
      vertex -45.29999923706055 -48.59226608276367 -0.5920963287353516
      vertex -45.29999923706055 -48.49803924560547 -0.3646106719970703
    endloop
  endfacet
  facet normal 0 -0.923880691414107 0.3826806345142009
    outer loop
      vertex -47.29999923706055 -48.59226608276367 -0.5920963287353516
      vertex -45.29999923706055 -48.49803924560547 -0.3646106719970703
      vertex -47.29999923706055 -48.49803924560547 -0.3646106719970703
    endloop
  endfacet
  facet normal 0 -0.923880691414107 -0.3826806345142009
    outer loop
      vertex -47.29999923706055 -48.59226608276367 0.5920963287353516
      vertex -47.29999923706055 -48.49803924560547 0.3646106719970703
      vertex -45.29999923706055 -48.59226608276367 0.5920963287353516
    endloop
  endfacet
  facet normal -1 0 0
    outer loop
      vertex -47.29999923706055 -48.59226608276367 0.5920963287353516
      vertex -47.29999923706055 -6.901508331298828 6
      vertex -47.29999923706055 -48.49803924560547 0.3646106719970703
    endloop
  endfacet
  facet normal 0 -0.8314742380562455 -0.5555633100275663
    outer loop
      vertex -47.29999923706055 -48.59226608276367 0.5920963287353516
      vertex -45.29999923706055 -48.59226608276367 0.5920963287353516
      vertex -45.29999923706055 -48.729061126708984 0.7968282699584961
    endloop
  endfacet
  facet normal -1 0 0
    outer loop
      vertex -47.29999923706055 -48.49803924560547 -0.3646106719970703
      vertex -47.29999923706055 -48.45000076293945 -0.12311363220214844
      vertex -47.29999923706055 -6.901508331298828 6
    endloop
  endfacet
  facet normal 0 -0.9807839323114909 0.19509709920859628
    outer loop
      vertex -47.29999923706055 -48.49803924560547 -0.3646106719970703
      vertex -45.29999923706055 -48.49803924560547 -0.3646106719970703
      vertex -45.29999923706055 -48.45000076293945 -0.12311363220214844
    endloop
  endfacet
  facet normal 0 -0.9807839323114909 0.19509709920859628
    outer loop
      vertex -47.29999923706055 -48.49803924560547 -0.3646106719970703
      vertex -45.29999923706055 -48.45000076293945 -0.12311363220214844
      vertex -47.29999923706055 -48.45000076293945 -0.12311363220214844
    endloop
  endfacet
  facet normal 0 -0.9807839323114909 -0.19509709920859628
    outer loop
      vertex -47.29999923706055 -48.49803924560547 0.3646106719970703
      vertex -47.29999923706055 -48.45000076293945 0.12311363220214844
      vertex -45.29999923706055 -48.49803924560547 0.3646106719970703
    endloop
  endfacet
  facet normal -1 0 0
    outer loop
      vertex -47.29999923706055 -48.49803924560547 0.3646106719970703
      vertex -47.29999923706055 -6.901508331298828 6
      vertex -47.29999923706055 -48.45000076293945 0.12311363220214844
    endloop
  endfacet
  facet normal 0 -0.923880691414107 -0.3826806345142009
    outer loop
      vertex -47.29999923706055 -48.49803924560547 0.3646106719970703
      vertex -45.29999923706055 -48.49803924560547 0.3646106719970703
      vertex -45.29999923706055 -48.59226608276367 0.5920963287353516
    endloop
  endfacet
  facet normal -1 0 0
    outer loop
      vertex -47.29999923706055 -48.45000076293945 -0.12311363220214844
      vertex -47.29999923706055 -48.45000076293945 0.12311363220214844
      vertex -47.29999923706055 -6.901508331298828 6
    endloop
  endfacet
  facet normal 0 -1 0
    outer loop
      vertex -47.29999923706055 -48.45000076293945 -0.12311363220214844
      vertex -45.29999923706055 -48.45000076293945 -0.12311363220214844
      vertex -45.29999923706055 -48.45000076293945 0.12311363220214844
    endloop
  endfacet
  facet normal 0 -1 0
    outer loop
      vertex -47.29999923706055 -48.45000076293945 -0.12311363220214844
      vertex -45.29999923706055 -48.45000076293945 0.12311363220214844
      vertex -47.29999923706055 -48.45000076293945 0.12311363220214844
    endloop
  endfacet
  facet normal 0 -0.9807839323114909 -0.19509709920859628
    outer loop
      vertex -47.29999923706055 -48.45000076293945 0.12311363220214844
      vertex -45.29999923706055 -48.45000076293945 0.12311363220214844
      vertex -45.29999923706055 -48.49803924560547 0.3646106719970703
    endloop
  endfacet
  facet normal -1 0 0
    outer loop
      vertex -47.29999923706055 -6.901508331298828 6
      vertex -47.29999923706055 -6.708310127258301 6.038429260253906
      vertex -47.29999923706055 -2.1499996185302734 0.21175575256347656
    endloop
  endfacet
  facet normal -1 0 0
    outer loop
      vertex -47.29999923706055 -6.901508331298828 6
      vertex -47.29999923706055 -2.1499996185302734 -0.21175575256347656
      vertex -47.29999923706055 -2.067376136779785 -0.627131462097168
    endloop
  endfacet
  facet normal -1 0 0
    outer loop
      vertex -47.29999923706055 -6.901508331298828 6
      vertex -47.29999923706055 -2.1499996185302734 0.21175575256347656
      vertex -47.29999923706055 -2.1499996185302734 -0.21175575256347656
    endloop
  endfacet
  facet normal -1 0 0
    outer loop
      vertex -47.29999923706055 -6.901508331298828 6
      vertex -47.29999923706055 -2.067376136779785 -0.627131462097168
      vertex -47.29999923706055 -1.9053049087524414 -1.018406867980957
    endloop
  endfacet
  facet normal 0 0 1
    outer loop
      vertex -47.29999923706055 -6.901508331298828 6
      vertex -45.29999923706055 -52.48793029785156 6
      vertex -45.29999923706055 -6.901508331298828 6
    endloop
  endfacet
  facet normal 0 -0.1950890919691262 0.9807855250739898
    outer loop
      vertex -47.29999923706055 -6.901508331298828 6
      vertex -45.29999923706055 -6.901508331298828 6
      vertex -47.29999923706055 -6.708310127258301 6.038429260253906
    endloop
  endfacet
  facet normal -1 0 0
    outer loop
      vertex -47.29999923706055 -6.708310127258301 6.038429260253906
      vertex -47.29999923706055 -6.526322364807129 6.113811492919922
      vertex -47.29999923706055 -2.1499996185302734 0.21175575256347656
    endloop
  endfacet
  facet normal 0 -0.1950890919691262 0.9807855250739898
    outer loop
      vertex -47.29999923706055 -6.708310127258301 6.038429260253906
      vertex -45.29999923706055 -6.901508331298828 6
      vertex -45.29999923706055 -6.708310127258301 6.038429260253906
    endloop
  endfacet
  facet normal 0 -0.3826853097993421 0.9238787548503221
    outer loop
      vertex -47.29999923706055 -6.708310127258301 6.038429260253906
      vertex -45.29999923706055 -6.708310127258301 6.038429260253906
      vertex -47.29999923706055 -6.526322364807129 6.113811492919922
    endloop
  endfacet
  facet normal -1 0 0
    outer loop
      vertex -47.29999923706055 -6.526322364807129 6.113811492919922
      vertex -47.29999923706055 -6.362536430358887 6.223248481750488
      vertex -47.29999923706055 -2.1499996185302734 0.21175575256347656
    endloop
  endfacet
  facet normal 0 -0.3826853097993421 0.9238787548503221
    outer loop
      vertex -47.29999923706055 -6.526322364807129 6.113811492919922
      vertex -45.29999923706055 -6.708310127258301 6.038429260253906
      vertex -45.29999923706055 -6.526322364807129 6.113811492919922
    endloop
  endfacet
  facet normal 0 -0.5555657625588704 0.8314725993515246
    outer loop
      vertex -47.29999923706055 -6.526322364807129 6.113811492919922
      vertex -45.29999923706055 -6.526322364807129 6.113811492919922
      vertex -47.29999923706055 -6.362536430358887 6.223248481750488
    endloop
  endfacet
  facet normal -1 0 0
    outer loop
      vertex -47.29999923706055 -6.362536430358887 6.223248481750488
      vertex -47.29999923706055 -6.223248481750488 6.362536430358887
      vertex -47.29999923706055 -2.1499996185302734 0.21175575256347656
    endloop
  endfacet
  facet normal 0 -0.5555657625588704 0.8314725993515246
    outer loop
      vertex -47.29999923706055 -6.362536430358887 6.223248481750488
      vertex -45.29999923706055 -6.526322364807129 6.113811492919922
      vertex -45.29999923706055 -6.362536430358887 6.223248481750488
    endloop
  endfacet
  facet normal 0 -0.7071067811865476 0.7071067811865476
    outer loop
      vertex -47.29999923706055 -6.362536430358887 6.223248481750488
      vertex -45.29999923706055 -6.362536430358887 6.223248481750488
      vertex -45.29999923706055 -6.223248481750488 6.362536430358887
    endloop
  endfacet
  facet normal 0 -0.7071067811865476 0.7071067811865476
    outer loop
      vertex -47.29999923706055 -6.362536430358887 6.223248481750488
      vertex -45.29999923706055 -6.223248481750488 6.362536430358887
      vertex -47.29999923706055 -6.223248481750488 6.362536430358887
    endloop
  endfacet
  facet normal -1 0 0
    outer loop
      vertex -47.29999923706055 -6.223248481750488 6.362536430358887
      vertex -47.29999923706055 -6.113811492919922 6.526322364807129
      vertex -47.29999923706055 -2.1499996185302734 0.21175575256347656
    endloop
  endfacet
  facet normal 0 -0.8314725993515246 0.5555657625588704
    outer loop
      vertex -47.29999923706055 -6.223248481750488 6.362536430358887
      vertex -45.29999923706055 -6.223248481750488 6.362536430358887
      vertex -45.29999923706055 -6.113811492919922 6.526322364807129
    endloop
  endfacet
  facet normal 0 -0.8314725993515246 0.5555657625588704
    outer loop
      vertex -47.29999923706055 -6.223248481750488 6.362536430358887
      vertex -45.29999923706055 -6.113811492919922 6.526322364807129
      vertex -47.29999923706055 -6.113811492919922 6.526322364807129
    endloop
  endfacet
  facet normal -1 0 0
    outer loop
      vertex -47.29999923706055 -6.113811492919922 6.526322364807129
      vertex -47.29999923706055 -6.038429260253906 6.708310127258301
      vertex -47.29999923706055 -2.1499996185302734 0.21175575256347656
    endloop
  endfacet
  facet normal 0 -0.9238787548503221 0.3826853097993421
    outer loop
      vertex -47.29999923706055 -6.113811492919922 6.526322364807129
      vertex -45.29999923706055 -6.113811492919922 6.526322364807129
      vertex -45.29999923706055 -6.038429260253906 6.708310127258301
    endloop
  endfacet
  facet normal 0 -0.9238787548503221 0.3826853097993421
    outer loop
      vertex -47.29999923706055 -6.113811492919922 6.526322364807129
      vertex -45.29999923706055 -6.038429260253906 6.708310127258301
      vertex -47.29999923706055 -6.038429260253906 6.708310127258301
    endloop
  endfacet
  facet normal -1 0 0
    outer loop
      vertex -47.29999923706055 -6.038429260253906 6.708310127258301
      vertex -47.29999923706055 -6 6.901508331298828
      vertex -47.29999923706055 -2.1499996185302734 0.21175575256347656
    endloop
  endfacet
  facet normal 0 -0.9807855250739898 0.1950890919691262
    outer loop
      vertex -47.29999923706055 -6.038429260253906 6.708310127258301
      vertex -45.29999923706055 -6.038429260253906 6.708310127258301
      vertex -45.29999923706055 -6 6.901508331298828
    endloop
  endfacet
  facet normal 0 -0.9807855250739898 0.1950890919691262
    outer loop
      vertex -47.29999923706055 -6.038429260253906 6.708310127258301
      vertex -45.29999923706055 -6 6.901508331298828
      vertex -47.29999923706055 -6 6.901508331298828
    endloop
  endfacet
  facet normal -1 0 0
    outer loop
      vertex -47.29999923706055 -6 6.901508331298828
      vertex -47.29999923706055 -6 48.196983337402344
      vertex -47.29999923706055 -1.2019624710083008 39.63539123535156
    endloop
  endfacet
  facet normal -1 0 0
    outer loop
      vertex -47.29999923706055 -6 6.901508331298828
      vertex -47.29999923706055 -2.067376136779785 0.627131462097168
      vertex -47.29999923706055 -2.1499996185302734 0.21175575256347656
    endloop
  endfacet
  facet normal -1 0 0
    outer loop
      vertex -47.29999923706055 -6 6.901508331298828
      vertex -47.29999923706055 -1.9053049087524414 1.018406867980957
      vertex -47.29999923706055 -2.067376136779785 0.627131462097168
    endloop
  endfacet
  facet normal -1 0 0
    outer loop
      vertex -47.29999923706055 -6 6.901508331298828
      vertex -47.29999923706055 -1.670013427734375 1.37054443359375
      vertex -47.29999923706055 -1.9053049087524414 1.018406867980957
    endloop
  endfacet
  facet normal -1 0 0
    outer loop
      vertex -47.29999923706055 -6 6.901508331298828
      vertex -47.29999923706055 -1.37054443359375 1.670013427734375
      vertex -47.29999923706055 -1.670013427734375 1.37054443359375
    endloop
  endfacet
  facet normal -1 0 0
    outer loop
      vertex -47.29999923706055 -6 6.901508331298828
      vertex -47.29999923706055 -1.2019624710083008 39.63539123535156
      vertex -47.29999923706055 -1.1077346801757812 39.40790557861328
    endloop
  endfacet
  facet normal -1 0 0
    outer loop
      vertex -47.29999923706055 -6 6.901508331298828
      vertex -47.29999923706055 -1.1077346801757812 39.40790557861328
      vertex -47.29999923706055 -0.9709377288818359 39.20317077636719
    endloop
  endfacet
  facet normal -1 0 0
    outer loop
      vertex -47.29999923706055 -6 6.901508331298828
      vertex -47.29999923706055 -1.018406867980957 1.9053049087524414
      vertex -47.29999923706055 -1.37054443359375 1.670013427734375
    endloop
  endfacet
  facet normal -1 0 0
    outer loop
      vertex -47.29999923706055 -6 6.901508331298828
      vertex -47.29999923706055 -0.9709377288818359 39.20317077636719
      vertex -47.29999923706055 -0.7968282699584961 39.02906036376953
    endloop
  endfacet
  facet normal -1 0 0
    outer loop
      vertex -47.29999923706055 -6 6.901508331298828
      vertex -47.29999923706055 -0.7968282699584961 39.02906036376953
      vertex -47.29999923706055 -0.5920963287353516 38.89226531982422
    endloop
  endfacet
  facet normal -1 0 0
    outer loop
      vertex -47.29999923706055 -6 6.901508331298828
      vertex -47.29999923706055 -0.627131462097168 2.067376136779785
      vertex -47.29999923706055 -1.018406867980957 1.9053049087524414
    endloop
  endfacet
  facet normal -1 0 0
    outer loop
      vertex -47.29999923706055 -6 6.901508331298828
      vertex -47.29999923706055 -0.5920963287353516 38.89226531982422
      vertex -47.29999923706055 -0.3646106719970703 38.798038482666016
    endloop
  endfacet
  facet normal -1 0 0
    outer loop
      vertex -47.29999923706055 -6 6.901508331298828
      vertex -47.29999923706055 -0.3646106719970703 38.798038482666016
      vertex -47.29999923706055 -0.12311363220214844 38.75
    endloop
  endfacet
  facet normal -1 0 0
    outer loop
      vertex -47.29999923706055 -6 6.901508331298828
      vertex -47.29999923706055 -0.21175575256347656 2.1499996185302734
      vertex -47.29999923706055 -0.627131462097168 2.067376136779785
    endloop
  endfacet
  facet normal -1 0 0
    outer loop
      vertex -47.29999923706055 -6 6.901508331298828
      vertex -47.29999923706055 -0.12311363220214844 38.75
      vertex -47.29999923706055 0.12311363220214844 38.75
    endloop
  endfacet
  facet normal -1 0 0
    outer loop
      vertex -47.29999923706055 -6 6.901508331298828
      vertex -47.29999923706055 0.12311363220214844 38.75
      vertex -47.29999923706055 0.3646106719970703 38.798038482666016
    endloop
  endfacet
  facet normal -1 0 0
    outer loop
      vertex -47.29999923706055 -6 6.901508331298828
      vertex -47.29999923706055 0.21175575256347656 2.1499996185302734
      vertex -47.29999923706055 -0.21175575256347656 2.1499996185302734
    endloop
  endfacet
  facet normal -1 0 0
    outer loop
      vertex -47.29999923706055 -6 6.901508331298828
      vertex -47.29999923706055 0.3646106719970703 38.798038482666016
      vertex -47.29999923706055 0.5920963287353516 38.89226531982422
    endloop
  endfacet
  facet normal -1 0 0
    outer loop
      vertex -47.29999923706055 -6 6.901508331298828
      vertex -47.29999923706055 0.5920963287353516 38.89226531982422
      vertex -47.29999923706055 1.018406867980957 1.9053049087524414
    endloop
  endfacet
  facet normal -1 0 0
    outer loop
      vertex -47.29999923706055 -6 6.901508331298828
      vertex -47.29999923706055 0.627131462097168 2.067376136779785
      vertex -47.29999923706055 0.21175575256347656 2.1499996185302734
    endloop
  endfacet
  facet normal -1 0 0
    outer loop
      vertex -47.29999923706055 -6 6.901508331298828
      vertex -47.29999923706055 1.018406867980957 1.9053049087524414
      vertex -47.29999923706055 0.627131462097168 2.067376136779785
    endloop
  endfacet
  facet normal 0 -1 0
    outer loop
      vertex -47.29999923706055 -6 6.901508331298828
      vertex -45.29999923706055 -6 6.901508331298828
      vertex -45.29999923706055 -6 46.196983337402344
    endloop
  endfacet
  facet normal 0 -1 0
    outer loop
      vertex -47.29999923706055 -6 6.901508331298828
      vertex -45.29999923706055 -6 46.196983337402344
      vertex -47.29999923706055 -6 48.196983337402344
    endloop
  endfacet
  facet normal -1 0 0
    outer loop
      vertex -47.29999923706055 -6 48.196983337402344
      vertex -47.29999923706055 -1.25 39.87688446044922
      vertex -47.29999923706055 -1.2019624710083008 39.63539123535156
    endloop
  endfacet
  facet normal -1 0 0
    outer loop
      vertex -47.29999923706055 -6 48.196983337402344
      vertex -47.29999923706055 -1.25 40.12311553955078
      vertex -47.29999923706055 -1.25 39.87688446044922
    endloop
  endfacet
  facet normal -1 0 0
    outer loop
      vertex -47.29999923706055 -6 48.196983337402344
      vertex -47.29999923706055 -1.2019624710083008 40.36460876464844
      vertex -47.29999923706055 -1.25 40.12311553955078
    endloop
  endfacet
  facet normal -1 0 0
    outer loop
      vertex -47.29999923706055 -6 48.196983337402344
      vertex -47.29999923706055 -1.1077346801757812 40.59209442138672
      vertex -47.29999923706055 -1.2019624710083008 40.36460876464844
    endloop
  endfacet
  facet normal -1 0 0
    outer loop
      vertex -47.29999923706055 -6 48.196983337402344
      vertex -47.29999923706055 -0.9709377288818359 40.79682922363281
      vertex -47.29999923706055 -1.1077346801757812 40.59209442138672
    endloop
  endfacet
  facet normal -1 0 0
    outer loop
      vertex -47.29999923706055 -6 48.196983337402344
      vertex -47.29999923706055 -0.7968282699584961 40.97093963623047
      vertex -47.29999923706055 -0.9709377288818359 40.79682922363281
    endloop
  endfacet
  facet normal -1 0 0
    outer loop
      vertex -47.29999923706055 -6 48.196983337402344
      vertex -47.29999923706055 -0.5920963287353516 41.10773468017578
      vertex -47.29999923706055 -0.7968282699584961 40.97093963623047
    endloop
  endfacet
  facet normal -1 0 0
    outer loop
      vertex -47.29999923706055 -6 48.196983337402344
      vertex -47.29999923706055 -0.3646106719970703 41.201961517333984
      vertex -47.29999923706055 -0.5920963287353516 41.10773468017578
    endloop
  endfacet
  facet normal -1 0 0
    outer loop
      vertex -47.29999923706055 -6 48.196983337402344
      vertex -47.29999923706055 -0.12311363220214844 41.25
      vertex -47.29999923706055 -0.3646106719970703 41.201961517333984
    endloop
  endfacet
  facet normal -1 0 0
    outer loop
      vertex -47.29999923706055 -6 48.196983337402344
      vertex -47.29999923706055 0.12311363220214844 41.25
      vertex -47.29999923706055 -0.12311363220214844 41.25
    endloop
  endfacet
  facet normal -1 0 0
    outer loop
      vertex -47.29999923706055 -6 48.196983337402344
      vertex -47.29999923706055 9 48.196983337402344
      vertex -47.29999923706055 0.12311363220214844 41.25
    endloop
  endfacet
  facet normal -0.9807853408101497 0 0.19509001832979136
    outer loop
      vertex -47.29999923706055 -6 48.196983337402344
      vertex -47.223140716552734 -6 48.583377838134766
      vertex -47.223140716552734 9 48.583377838134766
    endloop
  endfacet
  facet normal -0.9807853408101497 0 0.19509001832979136
    outer loop
      vertex -47.29999923706055 -6 48.196983337402344
      vertex -47.223140716552734 9 48.583377838134766
      vertex -47.29999923706055 9 48.196983337402344
    endloop
  endfacet
  facet normal 0 -1 0
    outer loop
      vertex -47.29999923706055 -6 48.196983337402344
      vertex -45.29999923706055 -6 46.196983337402344
      vertex -45.223140716552734 -6 46.583377838134766
    endloop
  endfacet
  facet normal 0 -1 0
    outer loop
      vertex -47.29999923706055 -6 48.196983337402344
      vertex -45.223140716552734 -6 46.583377838134766
      vertex -45.0723762512207 -6 46.94735336303711
    endloop
  endfacet
  facet normal 0 -1 0
    outer loop
      vertex -47.29999923706055 -6 48.196983337402344
      vertex -45.0723762512207 -6 46.94735336303711
      vertex -44.85350036621094 -6 47.274925231933594
    endloop
  endfacet
  facet normal 0 -1 0
    outer loop
      vertex -47.29999923706055 -6 48.196983337402344
      vertex -44.85350036621094 -6 47.274925231933594
      vertex -47.223140716552734 -6 48.583377838134766
    endloop
  endfacet
  facet normal 0 1 0
    outer loop
      vertex -47.29999923706055 -2.1499996185302734 -0.21175575256347656
      vertex -47.29999923706055 -2.1499996185302734 0.21175575256347656
      vertex -45.29999923706055 -2.1499996185302734 -0.21175575256347656
    endloop
  endfacet
  facet normal 0 0.9807852279880079 0.19509058552506134
    outer loop
      vertex -47.29999923706055 -2.1499996185302734 -0.21175575256347656
      vertex -45.29999923706055 -2.1499996185302734 -0.21175575256347656
      vertex -45.29999923706055 -2.067376136779785 -0.627131462097168
    endloop
  endfacet
  facet normal 0 0.9807852279880079 0.19509058552506134
    outer loop
      vertex -47.29999923706055 -2.1499996185302734 -0.21175575256347656
      vertex -45.29999923706055 -2.067376136779785 -0.627131462097168
      vertex -47.29999923706055 -2.067376136779785 -0.627131462097168
    endloop
  endfacet
  facet normal 0 0.9807852279880079 -0.19509058552506134
    outer loop
      vertex -47.29999923706055 -2.1499996185302734 0.21175575256347656
      vertex -47.29999923706055 -2.067376136779785 0.627131462097168
      vertex -45.29999923706055 -2.1499996185302734 0.21175575256347656
    endloop
  endfacet
  facet normal 0 1 0
    outer loop
      vertex -47.29999923706055 -2.1499996185302734 0.21175575256347656
      vertex -45.29999923706055 -2.1499996185302734 0.21175575256347656
      vertex -45.29999923706055 -2.1499996185302734 -0.21175575256347656
    endloop
  endfacet
  facet normal 0 0.9238798261245441 0.38268272351921245
    outer loop
      vertex -47.29999923706055 -2.067376136779785 -0.627131462097168
      vertex -45.29999923706055 -2.067376136779785 -0.627131462097168
      vertex -45.29999923706055 -1.9053049087524414 -1.018406867980957
    endloop
  endfacet
  facet normal 0 0.9238798261245441 0.38268272351921245
    outer loop
      vertex -47.29999923706055 -2.067376136779785 -0.627131462097168
      vertex -45.29999923706055 -1.9053049087524414 -1.018406867980957
      vertex -47.29999923706055 -1.9053049087524414 -1.018406867980957
    endloop
  endfacet
  facet normal 0 0.9238798261245441 -0.38268272351921245
    outer loop
      vertex -47.29999923706055 -2.067376136779785 0.627131462097168
      vertex -47.29999923706055 -1.9053049087524414 1.018406867980957
      vertex -45.29999923706055 -2.067376136779785 0.627131462097168
    endloop
  endfacet
  facet normal 0 0.9807852279880079 -0.19509058552506134
    outer loop
      vertex -47.29999923706055 -2.067376136779785 0.627131462097168
      vertex -45.29999923706055 -2.067376136779785 0.627131462097168
      vertex -45.29999923706055 -2.1499996185302734 0.21175575256347656
    endloop
  endfacet
  facet normal 0 0.8314688683482369 0.5555713464242934
    outer loop
      vertex -47.29999923706055 -1.9053049087524414 -1.018406867980957
      vertex -45.29999923706055 -1.9053049087524414 -1.018406867980957
      vertex -45.29999923706055 -1.670013427734375 -1.37054443359375
    endloop
  endfacet
  facet normal 0 0.8314688683482369 0.5555713464242934
    outer loop
      vertex -47.29999923706055 -1.9053049087524414 -1.018406867980957
      vertex -45.29999923706055 -1.670013427734375 -1.37054443359375
      vertex -47.29999923706055 -1.670013427734375 -1.37054443359375
    endloop
  endfacet
  facet normal 0 0.8314688683482369 -0.5555713464242934
    outer loop
      vertex -47.29999923706055 -1.9053049087524414 1.018406867980957
      vertex -47.29999923706055 -1.670013427734375 1.37054443359375
      vertex -45.29999923706055 -1.9053049087524414 1.018406867980957
    endloop
  endfacet
  facet normal 0 0.9238798261245441 -0.38268272351921245
    outer loop
      vertex -47.29999923706055 -1.9053049087524414 1.018406867980957
      vertex -45.29999923706055 -1.9053049087524414 1.018406867980957
      vertex -45.29999923706055 -2.067376136779785 0.627131462097168
    endloop
  endfacet
  facet normal 0 0.7071067811865475 0.7071067811865475
    outer loop
      vertex -47.29999923706055 -1.670013427734375 -1.37054443359375
      vertex -45.29999923706055 -1.670013427734375 -1.37054443359375
      vertex -45.29999923706055 -1.37054443359375 -1.670013427734375
    endloop
  endfacet
  facet normal 0 0.7071067811865475 0.7071067811865475
    outer loop
      vertex -47.29999923706055 -1.670013427734375 -1.37054443359375
      vertex -45.29999923706055 -1.37054443359375 -1.670013427734375
      vertex -47.29999923706055 -1.37054443359375 -1.670013427734375
    endloop
  endfacet
  facet normal 0 0.7071067811865475 -0.7071067811865475
    outer loop
      vertex -47.29999923706055 -1.670013427734375 1.37054443359375
      vertex -47.29999923706055 -1.37054443359375 1.670013427734375
      vertex -45.29999923706055 -1.670013427734375 1.37054443359375
    endloop
  endfacet
  facet normal 0 0.8314688683482369 -0.5555713464242934
    outer loop
      vertex -47.29999923706055 -1.670013427734375 1.37054443359375
      vertex -45.29999923706055 -1.670013427734375 1.37054443359375
      vertex -45.29999923706055 -1.9053049087524414 1.018406867980957
    endloop
  endfacet
  facet normal 0 0.5555713464242934 0.8314688683482369
    outer loop
      vertex -47.29999923706055 -1.37054443359375 -1.670013427734375
      vertex -45.29999923706055 -1.37054443359375 -1.670013427734375
      vertex -47.29999923706055 -1.018406867980957 -1.9053049087524414
    endloop
  endfacet
  facet normal 0 0.5555713464242934 -0.8314688683482369
    outer loop
      vertex -47.29999923706055 -1.37054443359375 1.670013427734375
      vertex -47.29999923706055 -1.018406867980957 1.9053049087524414
      vertex -45.29999923706055 -1.018406867980957 1.9053049087524414
    endloop
  endfacet
  facet normal 0 0.7071067811865475 -0.7071067811865475
    outer loop
      vertex -47.29999923706055 -1.37054443359375 1.670013427734375
      vertex -45.29999923706055 -1.37054443359375 1.670013427734375
      vertex -45.29999923706055 -1.670013427734375 1.37054443359375
    endloop
  endfacet
  facet normal 0 0.5555713464242934 -0.8314688683482369
    outer loop
      vertex -47.29999923706055 -1.37054443359375 1.670013427734375
      vertex -45.29999923706055 -1.018406867980957 1.9053049087524414
      vertex -45.29999923706055 -1.37054443359375 1.670013427734375
    endloop
  endfacet
  facet normal 0 1 0
    outer loop
      vertex -47.29999923706055 -1.25 39.87688446044922
      vertex -47.29999923706055 -1.25 40.12311553955078
      vertex -45.29999923706055 -1.25 39.87688446044922
    endloop
  endfacet
  facet normal 0 0.9807840837396181 0.19509633795393921
    outer loop
      vertex -47.29999923706055 -1.25 39.87688446044922
      vertex -45.29999923706055 -1.25 39.87688446044922
      vertex -45.29999923706055 -1.2019624710083008 39.63539123535156
    endloop
  endfacet
  facet normal 0 0.9807840837396181 0.19509633795393921
    outer loop
      vertex -47.29999923706055 -1.25 39.87688446044922
      vertex -45.29999923706055 -1.2019624710083008 39.63539123535156
      vertex -47.29999923706055 -1.2019624710083008 39.63539123535156
    endloop
  endfacet
  facet normal 0 0.9807840837396181 -0.19509633795393921
    outer loop
      vertex -47.29999923706055 -1.25 40.12311553955078
      vertex -47.29999923706055 -1.2019624710083008 40.36460876464844
      vertex -45.29999923706055 -1.25 40.12311553955078
    endloop
  endfacet
  facet normal 0 1 0
    outer loop
      vertex -47.29999923706055 -1.25 40.12311553955078
      vertex -45.29999923706055 -1.25 40.12311553955078
      vertex -45.29999923706055 -1.25 39.87688446044922
    endloop
  endfacet
  facet normal 0 0.923879322060637 0.3826839404375073
    outer loop
      vertex -47.29999923706055 -1.2019624710083008 39.63539123535156
      vertex -45.29999923706055 -1.2019624710083008 39.63539123535156
      vertex -45.29999923706055 -1.1077346801757812 39.40790557861328
    endloop
  endfacet
  facet normal 0 0.923879322060637 0.3826839404375073
    outer loop
      vertex -47.29999923706055 -1.2019624710083008 39.63539123535156
      vertex -45.29999923706055 -1.1077346801757812 39.40790557861328
      vertex -47.29999923706055 -1.1077346801757812 39.40790557861328
    endloop
  endfacet
  facet normal 0 0.923879322060637 -0.3826839404375073
    outer loop
      vertex -47.29999923706055 -1.2019624710083008 40.36460876464844
      vertex -47.29999923706055 -1.1077346801757812 40.59209442138672
      vertex -45.29999923706055 -1.2019624710083008 40.36460876464844
    endloop
  endfacet
  facet normal 0 0.9807840837396181 -0.19509633795393921
    outer loop
      vertex -47.29999923706055 -1.2019624710083008 40.36460876464844
      vertex -45.29999923706055 -1.2019624710083008 40.36460876464844
      vertex -45.29999923706055 -1.25 40.12311553955078
    endloop
  endfacet
  facet normal 0 0.8314742461068998 0.5555632979786935
    outer loop
      vertex -47.29999923706055 -1.1077346801757812 39.40790557861328
      vertex -45.29999923706055 -1.1077346801757812 39.40790557861328
      vertex -45.29999923706055 -0.9709377288818359 39.20317077636719
    endloop
  endfacet
  facet normal 0 0.8314742461068998 0.5555632979786935
    outer loop
      vertex -47.29999923706055 -1.1077346801757812 39.40790557861328
      vertex -45.29999923706055 -0.9709377288818359 39.20317077636719
      vertex -47.29999923706055 -0.9709377288818359 39.20317077636719
    endloop
  endfacet
  facet normal 0 0.8314742461068998 -0.5555632979786935
    outer loop
      vertex -47.29999923706055 -1.1077346801757812 40.59209442138672
      vertex -47.29999923706055 -0.9709377288818359 40.79682922363281
      vertex -45.29999923706055 -1.1077346801757812 40.59209442138672
    endloop
  endfacet
  facet normal 0 0.923879322060637 -0.3826839404375073
    outer loop
      vertex -47.29999923706055 -1.1077346801757812 40.59209442138672
      vertex -45.29999923706055 -1.1077346801757812 40.59209442138672
      vertex -45.29999923706055 -1.2019624710083008 40.36460876464844
    endloop
  endfacet
  facet normal -1 0 0
    outer loop
      vertex -47.29999923706055 -1.018406867980957 -1.9053049087524414
      vertex -47.29999923706055 -0.627131462097168 -2.067376136779785
      vertex -47.29999923706055 9 -8.196982383728027
    endloop
  endfacet
  facet normal 0 0.5555713464242934 0.8314688683482369
    outer loop
      vertex -47.29999923706055 -1.018406867980957 -1.9053049087524414
      vertex -45.29999923706055 -1.37054443359375 -1.670013427734375
      vertex -45.29999923706055 -1.018406867980957 -1.9053049087524414
    endloop
  endfacet
  facet normal 0 0.38268272351921245 0.9238798261245441
    outer loop
      vertex -47.29999923706055 -1.018406867980957 -1.9053049087524414
      vertex -45.29999923706055 -1.018406867980957 -1.9053049087524414
      vertex -47.29999923706055 -0.627131462097168 -2.067376136779785
    endloop
  endfacet
  facet normal 0 0.38268272351921245 -0.9238798261245441
    outer loop
      vertex -47.29999923706055 -1.018406867980957 1.9053049087524414
      vertex -47.29999923706055 -0.627131462097168 2.067376136779785
      vertex -45.29999923706055 -0.627131462097168 2.067376136779785
    endloop
  endfacet
  facet normal 0 0.38268272351921245 -0.9238798261245441
    outer loop
      vertex -47.29999923706055 -1.018406867980957 1.9053049087524414
      vertex -45.29999923706055 -0.627131462097168 2.067376136779785
      vertex -45.29999923706055 -1.018406867980957 1.9053049087524414
    endloop
  endfacet
  facet normal 0 0.7071087177464854 0.707104844621306
    outer loop
      vertex -47.29999923706055 -0.9709377288818359 39.20317077636719
      vertex -45.29999923706055 -0.9709377288818359 39.20317077636719
      vertex -45.29999923706055 -0.7968282699584961 39.02906036376953
    endloop
  endfacet
  facet normal 0 0.7071087177464854 0.707104844621306
    outer loop
      vertex -47.29999923706055 -0.9709377288818359 39.20317077636719
      vertex -45.29999923706055 -0.7968282699584961 39.02906036376953
      vertex -47.29999923706055 -0.7968282699584961 39.02906036376953
    endloop
  endfacet
  facet normal 0 0.7071087177464854 -0.707104844621306
    outer loop
      vertex -47.29999923706055 -0.9709377288818359 40.79682922363281
      vertex -47.29999923706055 -0.7968282699584961 40.97093963623047
      vertex -45.29999923706055 -0.9709377288818359 40.79682922363281
    endloop
  endfacet
  facet normal 0 0.8314742461068998 -0.5555632979786935
    outer loop
      vertex -47.29999923706055 -0.9709377288818359 40.79682922363281
      vertex -45.29999923706055 -0.9709377288818359 40.79682922363281
      vertex -45.29999923706055 -1.1077346801757812 40.59209442138672
    endloop
  endfacet
  facet normal 0 0.5555633100275663 0.8314742380562455
    outer loop
      vertex -47.29999923706055 -0.7968282699584961 39.02906036376953
      vertex -45.29999923706055 -0.7968282699584961 39.02906036376953
      vertex -47.29999923706055 -0.5920963287353516 38.89226531982422
    endloop
  endfacet
  facet normal 0 0.5555633100275663 -0.8314742380562455
    outer loop
      vertex -47.29999923706055 -0.7968282699584961 40.97093963623047
      vertex -47.29999923706055 -0.5920963287353516 41.10773468017578
      vertex -45.29999923706055 -0.5920963287353516 41.10773468017578
    endloop
  endfacet
  facet normal 0 0.7071087177464854 -0.707104844621306
    outer loop
      vertex -47.29999923706055 -0.7968282699584961 40.97093963623047
      vertex -45.29999923706055 -0.7968282699584961 40.97093963623047
      vertex -45.29999923706055 -0.9709377288818359 40.79682922363281
    endloop
  endfacet
  facet normal 0 0.5555633100275663 -0.8314742380562455
    outer loop
      vertex -47.29999923706055 -0.7968282699584961 40.97093963623047
      vertex -45.29999923706055 -0.5920963287353516 41.10773468017578
      vertex -45.29999923706055 -0.7968282699584961 40.97093963623047
    endloop
  endfacet
  facet normal -1 0 0
    outer loop
      vertex -47.29999923706055 -0.627131462097168 -2.067376136779785
      vertex -47.29999923706055 -0.21175575256347656 -2.1499996185302734
      vertex -47.29999923706055 9 -8.196982383728027
    endloop
  endfacet
  facet normal 0 0.38268272351921245 0.9238798261245441
    outer loop
      vertex -47.29999923706055 -0.627131462097168 -2.067376136779785
      vertex -45.29999923706055 -1.018406867980957 -1.9053049087524414
      vertex -45.29999923706055 -0.627131462097168 -2.067376136779785
    endloop
  endfacet
  facet normal 0 0.19509058552506134 0.9807852279880079
    outer loop
      vertex -47.29999923706055 -0.627131462097168 -2.067376136779785
      vertex -45.29999923706055 -0.627131462097168 -2.067376136779785
      vertex -47.29999923706055 -0.21175575256347656 -2.1499996185302734
    endloop
  endfacet
  facet normal 0 0.19509058552506134 -0.9807852279880079
    outer loop
      vertex -47.29999923706055 -0.627131462097168 2.067376136779785
      vertex -47.29999923706055 -0.21175575256347656 2.1499996185302734
      vertex -45.29999923706055 -0.21175575256347656 2.1499996185302734
    endloop
  endfacet
  facet normal 0 0.19509058552506134 -0.9807852279880079
    outer loop
      vertex -47.29999923706055 -0.627131462097168 2.067376136779785
      vertex -45.29999923706055 -0.21175575256347656 2.1499996185302734
      vertex -45.29999923706055 -0.627131462097168 2.067376136779785
    endloop
  endfacet
  facet normal 0 0.5555633100275663 0.8314742380562455
    outer loop
      vertex -47.29999923706055 -0.5920963287353516 38.89226531982422
      vertex -45.29999923706055 -0.7968282699584961 39.02906036376953
      vertex -45.29999923706055 -0.5920963287353516 38.89226531982422
    endloop
  endfacet
  facet normal 0 0.3826806345142009 0.923880691414107
    outer loop
      vertex -47.29999923706055 -0.5920963287353516 38.89226531982422
      vertex -45.29999923706055 -0.5920963287353516 38.89226531982422
      vertex -47.29999923706055 -0.3646106719970703 38.798038482666016
    endloop
  endfacet
  facet normal 0 0.3826806345142009 -0.923880691414107
    outer loop
      vertex -47.29999923706055 -0.5920963287353516 41.10773468017578
      vertex -47.29999923706055 -0.3646106719970703 41.201961517333984
      vertex -45.29999923706055 -0.3646106719970703 41.201961517333984
    endloop
  endfacet
  facet normal 0 0.3826806345142009 -0.923880691414107
    outer loop
      vertex -47.29999923706055 -0.5920963287353516 41.10773468017578
      vertex -45.29999923706055 -0.3646106719970703 41.201961517333984
      vertex -45.29999923706055 -0.5920963287353516 41.10773468017578
    endloop
  endfacet
  facet normal 0 0.3826806345142009 0.923880691414107
    outer loop
      vertex -47.29999923706055 -0.3646106719970703 38.798038482666016
      vertex -45.29999923706055 -0.5920963287353516 38.89226531982422
      vertex -45.29999923706055 -0.3646106719970703 38.798038482666016
    endloop
  endfacet
  facet normal 0 0.19509709920859628 0.9807839323114909
    outer loop
      vertex -47.29999923706055 -0.3646106719970703 38.798038482666016
      vertex -45.29999923706055 -0.3646106719970703 38.798038482666016
      vertex -47.29999923706055 -0.12311363220214844 38.75
    endloop
  endfacet
  facet normal 0 0.19509709920859628 -0.9807839323114909
    outer loop
      vertex -47.29999923706055 -0.3646106719970703 41.201961517333984
      vertex -47.29999923706055 -0.12311363220214844 41.25
      vertex -45.29999923706055 -0.12311363220214844 41.25
    endloop
  endfacet
  facet normal 0 0.19509709920859628 -0.9807839323114909
    outer loop
      vertex -47.29999923706055 -0.3646106719970703 41.201961517333984
      vertex -45.29999923706055 -0.12311363220214844 41.25
      vertex -45.29999923706055 -0.3646106719970703 41.201961517333984
    endloop
  endfacet
  facet normal -1 0 0
    outer loop
      vertex -47.29999923706055 -0.21175575256347656 -2.1499996185302734
      vertex -47.29999923706055 0.21175575256347656 -2.1499996185302734
      vertex -47.29999923706055 9 -8.196982383728027
    endloop
  endfacet
  facet normal 0 0.19509058552506134 0.9807852279880079
    outer loop
      vertex -47.29999923706055 -0.21175575256347656 -2.1499996185302734
      vertex -45.29999923706055 -0.627131462097168 -2.067376136779785
      vertex -45.29999923706055 -0.21175575256347656 -2.1499996185302734
    endloop
  endfacet
  facet normal 0 0 1
    outer loop
      vertex -47.29999923706055 -0.21175575256347656 -2.1499996185302734
      vertex -45.29999923706055 -0.21175575256347656 -2.1499996185302734
      vertex -47.29999923706055 0.21175575256347656 -2.1499996185302734
    endloop
  endfacet
  facet normal 0 0 -1
    outer loop
      vertex -47.29999923706055 -0.21175575256347656 2.1499996185302734
      vertex -47.29999923706055 0.21175575256347656 2.1499996185302734
      vertex -45.29999923706055 0.21175575256347656 2.1499996185302734
    endloop
  endfacet
  facet normal 0 0 -1
    outer loop
      vertex -47.29999923706055 -0.21175575256347656 2.1499996185302734
      vertex -45.29999923706055 0.21175575256347656 2.1499996185302734
      vertex -45.29999923706055 -0.21175575256347656 2.1499996185302734
    endloop
  endfacet
  facet normal 0 0.19509709920859628 0.9807839323114909
    outer loop
      vertex -47.29999923706055 -0.12311363220214844 38.75
      vertex -45.29999923706055 -0.3646106719970703 38.798038482666016
      vertex -45.29999923706055 -0.12311363220214844 38.75
    endloop
  endfacet
  facet normal 0 0 1
    outer loop
      vertex -47.29999923706055 -0.12311363220214844 38.75
      vertex -45.29999923706055 -0.12311363220214844 38.75
      vertex -47.29999923706055 0.12311363220214844 38.75
    endloop
  endfacet
  facet normal 0 0 -1
    outer loop
      vertex -47.29999923706055 -0.12311363220214844 41.25
      vertex -47.29999923706055 0.12311363220214844 41.25
      vertex -45.29999923706055 0.12311363220214844 41.25
    endloop
  endfacet
  facet normal 0 0 -1
    outer loop
      vertex -47.29999923706055 -0.12311363220214844 41.25
      vertex -45.29999923706055 0.12311363220214844 41.25
      vertex -45.29999923706055 -0.12311363220214844 41.25
    endloop
  endfacet
  facet normal 0 0 1
    outer loop
      vertex -47.29999923706055 0.12311363220214844 38.75
      vertex -45.29999923706055 -0.12311363220214844 38.75
      vertex -45.29999923706055 0.12311363220214844 38.75
    endloop
  endfacet
  facet normal 0 -0.19509709920859628 0.9807839323114909
    outer loop
      vertex -47.29999923706055 0.12311363220214844 38.75
      vertex -45.29999923706055 0.12311363220214844 38.75
      vertex -47.29999923706055 0.3646106719970703 38.798038482666016
    endloop
  endfacet
  facet normal 0 -0.19509709920859628 -0.9807839323114909
    outer loop
      vertex -47.29999923706055 0.12311363220214844 41.25
      vertex -47.29999923706055 0.3646106719970703 41.201961517333984
      vertex -45.29999923706055 0.3646106719970703 41.201961517333984
    endloop
  endfacet
  facet normal -1 0 0
    outer loop
      vertex -47.29999923706055 0.12311363220214844 41.25
      vertex -47.29999923706055 9 48.196983337402344
      vertex -47.29999923706055 0.3646106719970703 41.201961517333984
    endloop
  endfacet
  facet normal 0 -0.19509709920859628 -0.9807839323114909
    outer loop
      vertex -47.29999923706055 0.12311363220214844 41.25
      vertex -45.29999923706055 0.3646106719970703 41.201961517333984
      vertex -45.29999923706055 0.12311363220214844 41.25
    endloop
  endfacet
  facet normal -1 0 0
    outer loop
      vertex -47.29999923706055 0.21175575256347656 -2.1499996185302734
      vertex -47.29999923706055 0.627131462097168 -2.067376136779785
      vertex -47.29999923706055 9 -8.196982383728027
    endloop
  endfacet
  facet normal 0 0 1
    outer loop
      vertex -47.29999923706055 0.21175575256347656 -2.1499996185302734
      vertex -45.29999923706055 -0.21175575256347656 -2.1499996185302734
      vertex -45.29999923706055 0.21175575256347656 -2.1499996185302734
    endloop
  endfacet
  facet normal 0 -0.19509058552506134 0.9807852279880079
    outer loop
      vertex -47.29999923706055 0.21175575256347656 -2.1499996185302734
      vertex -45.29999923706055 0.21175575256347656 -2.1499996185302734
      vertex -47.29999923706055 0.627131462097168 -2.067376136779785
    endloop
  endfacet
  facet normal 0 -0.19509058552506134 -0.9807852279880079
    outer loop
      vertex -47.29999923706055 0.21175575256347656 2.1499996185302734
      vertex -47.29999923706055 0.627131462097168 2.067376136779785
      vertex -45.29999923706055 0.627131462097168 2.067376136779785
    endloop
  endfacet
  facet normal 0 -0.19509058552506134 -0.9807852279880079
    outer loop
      vertex -47.29999923706055 0.21175575256347656 2.1499996185302734
      vertex -45.29999923706055 0.627131462097168 2.067376136779785
      vertex -45.29999923706055 0.21175575256347656 2.1499996185302734
    endloop
  endfacet
  facet normal 0 -0.19509709920859628 0.9807839323114909
    outer loop
      vertex -47.29999923706055 0.3646106719970703 38.798038482666016
      vertex -45.29999923706055 0.12311363220214844 38.75
      vertex -45.29999923706055 0.3646106719970703 38.798038482666016
    endloop
  endfacet
  facet normal 0 -0.3826806345142009 0.923880691414107
    outer loop
      vertex -47.29999923706055 0.3646106719970703 38.798038482666016
      vertex -45.29999923706055 0.3646106719970703 38.798038482666016
      vertex -47.29999923706055 0.5920963287353516 38.89226531982422
    endloop
  endfacet
  facet normal 0 -0.3826806345142009 -0.923880691414107
    outer loop
      vertex -47.29999923706055 0.3646106719970703 41.201961517333984
      vertex -47.29999923706055 0.5920963287353516 41.10773468017578
      vertex -45.29999923706055 0.5920963287353516 41.10773468017578
    endloop
  endfacet
  facet normal -1 0 0
    outer loop
      vertex -47.29999923706055 0.3646106719970703 41.201961517333984
      vertex -47.29999923706055 9 48.196983337402344
      vertex -47.29999923706055 0.5920963287353516 41.10773468017578
    endloop
  endfacet
  facet normal 0 -0.3826806345142009 -0.923880691414107
    outer loop
      vertex -47.29999923706055 0.3646106719970703 41.201961517333984
      vertex -45.29999923706055 0.5920963287353516 41.10773468017578
      vertex -45.29999923706055 0.3646106719970703 41.201961517333984
    endloop
  endfacet
  facet normal -1 0 0
    outer loop
      vertex -47.29999923706055 0.5920963287353516 38.89226531982422
      vertex -47.29999923706055 0.7968282699584961 39.02906036376953
      vertex -47.29999923706055 1.018406867980957 1.9053049087524414
    endloop
  endfacet
  facet normal 0 -0.3826806345142009 0.923880691414107
    outer loop
      vertex -47.29999923706055 0.5920963287353516 38.89226531982422
      vertex -45.29999923706055 0.3646106719970703 38.798038482666016
      vertex -45.29999923706055 0.5920963287353516 38.89226531982422
    endloop
  endfacet
  facet normal 0 -0.5555633100275663 0.8314742380562455
    outer loop
      vertex -47.29999923706055 0.5920963287353516 38.89226531982422
      vertex -45.29999923706055 0.5920963287353516 38.89226531982422
      vertex -47.29999923706055 0.7968282699584961 39.02906036376953
    endloop
  endfacet
  facet normal 0 -0.5555633100275663 -0.8314742380562455
    outer loop
      vertex -47.29999923706055 0.5920963287353516 41.10773468017578
      vertex -47.29999923706055 0.7968282699584961 40.97093963623047
      vertex -45.29999923706055 0.7968282699584961 40.97093963623047
    endloop
  endfacet
  facet normal -1 0 0
    outer loop
      vertex -47.29999923706055 0.5920963287353516 41.10773468017578
      vertex -47.29999923706055 9 48.196983337402344
      vertex -47.29999923706055 0.7968282699584961 40.97093963623047
    endloop
  endfacet
  facet normal 0 -0.5555633100275663 -0.8314742380562455
    outer loop
      vertex -47.29999923706055 0.5920963287353516 41.10773468017578
      vertex -45.29999923706055 0.7968282699584961 40.97093963623047
      vertex -45.29999923706055 0.5920963287353516 41.10773468017578
    endloop
  endfacet
  facet normal -1 0 0
    outer loop
      vertex -47.29999923706055 0.627131462097168 -2.067376136779785
      vertex -47.29999923706055 1.018406867980957 -1.9053049087524414
      vertex -47.29999923706055 9 -8.196982383728027
    endloop
  endfacet
  facet normal 0 -0.19509058552506134 0.9807852279880079
    outer loop
      vertex -47.29999923706055 0.627131462097168 -2.067376136779785
      vertex -45.29999923706055 0.21175575256347656 -2.1499996185302734
      vertex -45.29999923706055 0.627131462097168 -2.067376136779785
    endloop
  endfacet
  facet normal 0 -0.38268272351921245 0.9238798261245441
    outer loop
      vertex -47.29999923706055 0.627131462097168 -2.067376136779785
      vertex -45.29999923706055 0.627131462097168 -2.067376136779785
      vertex -47.29999923706055 1.018406867980957 -1.9053049087524414
    endloop
  endfacet
  facet normal 0 -0.38268272351921245 -0.9238798261245441
    outer loop
      vertex -47.29999923706055 0.627131462097168 2.067376136779785
      vertex -47.29999923706055 1.018406867980957 1.9053049087524414
      vertex -45.29999923706055 1.018406867980957 1.9053049087524414
    endloop
  endfacet
  facet normal 0 -0.38268272351921245 -0.9238798261245441
    outer loop
      vertex -47.29999923706055 0.627131462097168 2.067376136779785
      vertex -45.29999923706055 1.018406867980957 1.9053049087524414
      vertex -45.29999923706055 0.627131462097168 2.067376136779785
    endloop
  endfacet
  facet normal -1 0 0
    outer loop
      vertex -47.29999923706055 0.7968282699584961 39.02906036376953
      vertex -47.29999923706055 0.9709377288818359 39.20317077636719
      vertex -47.29999923706055 1.37054443359375 1.670013427734375
    endloop
  endfacet
  facet normal -1 0 0
    outer loop
      vertex -47.29999923706055 0.7968282699584961 39.02906036376953
      vertex -47.29999923706055 1.37054443359375 1.670013427734375
      vertex -47.29999923706055 1.018406867980957 1.9053049087524414
    endloop
  endfacet
  facet normal 0 -0.5555633100275663 0.8314742380562455
    outer loop
      vertex -47.29999923706055 0.7968282699584961 39.02906036376953
      vertex -45.29999923706055 0.5920963287353516 38.89226531982422
      vertex -45.29999923706055 0.7968282699584961 39.02906036376953
    endloop
  endfacet
  facet normal 0 -0.7071087177464854 0.707104844621306
    outer loop
      vertex -47.29999923706055 0.7968282699584961 39.02906036376953
      vertex -45.29999923706055 0.7968282699584961 39.02906036376953
      vertex -45.29999923706055 0.9709377288818359 39.20317077636719
    endloop
  endfacet
  facet normal 0 -0.7071087177464854 0.707104844621306
    outer loop
      vertex -47.29999923706055 0.7968282699584961 39.02906036376953
      vertex -45.29999923706055 0.9709377288818359 39.20317077636719
      vertex -47.29999923706055 0.9709377288818359 39.20317077636719
    endloop
  endfacet
  facet normal 0 -0.7071087177464854 -0.707104844621306
    outer loop
      vertex -47.29999923706055 0.7968282699584961 40.97093963623047
      vertex -47.29999923706055 0.9709377288818359 40.79682922363281
      vertex -45.29999923706055 0.7968282699584961 40.97093963623047
    endloop
  endfacet
  facet normal -1 0 0
    outer loop
      vertex -47.29999923706055 0.7968282699584961 40.97093963623047
      vertex -47.29999923706055 9 48.196983337402344
      vertex -47.29999923706055 0.9709377288818359 40.79682922363281
    endloop
  endfacet
  facet normal -1 0 0
    outer loop
      vertex -47.29999923706055 0.9709377288818359 39.20317077636719
      vertex -47.29999923706055 1.1077346801757812 39.40790557861328
      vertex -47.29999923706055 1.670013427734375 1.37054443359375
    endloop
  endfacet
  facet normal -1 0 0
    outer loop
      vertex -47.29999923706055 0.9709377288818359 39.20317077636719
      vertex -47.29999923706055 1.670013427734375 1.37054443359375
      vertex -47.29999923706055 1.37054443359375 1.670013427734375
    endloop
  endfacet
  facet normal 0 -0.8314742461068998 0.5555632979786935
    outer loop
      vertex -47.29999923706055 0.9709377288818359 39.20317077636719
      vertex -45.29999923706055 0.9709377288818359 39.20317077636719
      vertex -45.29999923706055 1.1077346801757812 39.40790557861328
    endloop
  endfacet
  facet normal 0 -0.8314742461068998 0.5555632979786935
    outer loop
      vertex -47.29999923706055 0.9709377288818359 39.20317077636719
      vertex -45.29999923706055 1.1077346801757812 39.40790557861328
      vertex -47.29999923706055 1.1077346801757812 39.40790557861328
    endloop
  endfacet
  facet normal 0 -0.8314742461068998 -0.5555632979786935
    outer loop
      vertex -47.29999923706055 0.9709377288818359 40.79682922363281
      vertex -47.29999923706055 1.1077346801757812 40.59209442138672
      vertex -45.29999923706055 0.9709377288818359 40.79682922363281
    endloop
  endfacet
  facet normal -1 0 0
    outer loop
      vertex -47.29999923706055 0.9709377288818359 40.79682922363281
      vertex -47.29999923706055 9 48.196983337402344
      vertex -47.29999923706055 1.1077346801757812 40.59209442138672
    endloop
  endfacet
  facet normal 0 -0.7071087177464854 -0.707104844621306
    outer loop
      vertex -47.29999923706055 0.9709377288818359 40.79682922363281
      vertex -45.29999923706055 0.9709377288818359 40.79682922363281
      vertex -45.29999923706055 0.7968282699584961 40.97093963623047
    endloop
  endfacet
  facet normal -1 0 0
    outer loop
      vertex -47.29999923706055 1.018406867980957 -1.9053049087524414
      vertex -47.29999923706055 1.37054443359375 -1.670013427734375
      vertex -47.29999923706055 9 -8.196982383728027
    endloop
  endfacet
  facet normal 0 -0.38268272351921245 0.9238798261245441
    outer loop
      vertex -47.29999923706055 1.018406867980957 -1.9053049087524414
      vertex -45.29999923706055 0.627131462097168 -2.067376136779785
      vertex -45.29999923706055 1.018406867980957 -1.9053049087524414
    endloop
  endfacet
  facet normal 0 -0.5555713464242934 0.8314688683482369
    outer loop
      vertex -47.29999923706055 1.018406867980957 -1.9053049087524414
      vertex -45.29999923706055 1.018406867980957 -1.9053049087524414
      vertex -47.29999923706055 1.37054443359375 -1.670013427734375
    endloop
  endfacet
  facet normal 0 -0.5555713464242934 -0.8314688683482369
    outer loop
      vertex -47.29999923706055 1.018406867980957 1.9053049087524414
      vertex -47.29999923706055 1.37054443359375 1.670013427734375
      vertex -45.29999923706055 1.37054443359375 1.670013427734375
    endloop
  endfacet
  facet normal 0 -0.5555713464242934 -0.8314688683482369
    outer loop
      vertex -47.29999923706055 1.018406867980957 1.9053049087524414
      vertex -45.29999923706055 1.37054443359375 1.670013427734375
      vertex -45.29999923706055 1.018406867980957 1.9053049087524414
    endloop
  endfacet
  facet normal -1 0 0
    outer loop
      vertex -47.29999923706055 1.1077346801757812 39.40790557861328
      vertex -47.29999923706055 1.2019624710083008 39.63539123535156
      vertex -47.29999923706055 1.670013427734375 1.37054443359375
    endloop
  endfacet
  facet normal 0 -0.923879322060637 0.3826839404375073
    outer loop
      vertex -47.29999923706055 1.1077346801757812 39.40790557861328
      vertex -45.29999923706055 1.1077346801757812 39.40790557861328
      vertex -45.29999923706055 1.2019624710083008 39.63539123535156
    endloop
  endfacet
  facet normal 0 -0.923879322060637 0.3826839404375073
    outer loop
      vertex -47.29999923706055 1.1077346801757812 39.40790557861328
      vertex -45.29999923706055 1.2019624710083008 39.63539123535156
      vertex -47.29999923706055 1.2019624710083008 39.63539123535156
    endloop
  endfacet
  facet normal 0 -0.923879322060637 -0.3826839404375073
    outer loop
      vertex -47.29999923706055 1.1077346801757812 40.59209442138672
      vertex -47.29999923706055 1.2019624710083008 40.36460876464844
      vertex -45.29999923706055 1.1077346801757812 40.59209442138672
    endloop
  endfacet
  facet normal -1 0 0
    outer loop
      vertex -47.29999923706055 1.1077346801757812 40.59209442138672
      vertex -47.29999923706055 9 48.196983337402344
      vertex -47.29999923706055 1.2019624710083008 40.36460876464844
    endloop
  endfacet
  facet normal 0 -0.8314742461068998 -0.5555632979786935
    outer loop
      vertex -47.29999923706055 1.1077346801757812 40.59209442138672
      vertex -45.29999923706055 1.1077346801757812 40.59209442138672
      vertex -45.29999923706055 0.9709377288818359 40.79682922363281
    endloop
  endfacet
  facet normal -1 0 0
    outer loop
      vertex -47.29999923706055 1.2019624710083008 39.63539123535156
      vertex -47.29999923706055 1.25 39.87688446044922
      vertex -47.29999923706055 9 48.196983337402344
    endloop
  endfacet
  facet normal -1 0 0
    outer loop
      vertex -47.29999923706055 1.2019624710083008 39.63539123535156
      vertex -47.29999923706055 9 48.196983337402344
      vertex -47.29999923706055 1.670013427734375 1.37054443359375
    endloop
  endfacet
  facet normal 0 -0.9807840837396181 0.19509633795393921
    outer loop
      vertex -47.29999923706055 1.2019624710083008 39.63539123535156
      vertex -45.29999923706055 1.2019624710083008 39.63539123535156
      vertex -45.29999923706055 1.25 39.87688446044922
    endloop
  endfacet
  facet normal 0 -0.9807840837396181 0.19509633795393921
    outer loop
      vertex -47.29999923706055 1.2019624710083008 39.63539123535156
      vertex -45.29999923706055 1.25 39.87688446044922
      vertex -47.29999923706055 1.25 39.87688446044922
    endloop
  endfacet
  facet normal 0 -0.9807840837396181 -0.19509633795393921
    outer loop
      vertex -47.29999923706055 1.2019624710083008 40.36460876464844
      vertex -47.29999923706055 1.25 40.12311553955078
      vertex -45.29999923706055 1.2019624710083008 40.36460876464844
    endloop
  endfacet
  facet normal -1 0 0
    outer loop
      vertex -47.29999923706055 1.2019624710083008 40.36460876464844
      vertex -47.29999923706055 9 48.196983337402344
      vertex -47.29999923706055 1.25 40.12311553955078
    endloop
  endfacet
  facet normal 0 -0.923879322060637 -0.3826839404375073
    outer loop
      vertex -47.29999923706055 1.2019624710083008 40.36460876464844
      vertex -45.29999923706055 1.2019624710083008 40.36460876464844
      vertex -45.29999923706055 1.1077346801757812 40.59209442138672
    endloop
  endfacet
  facet normal -1 0 0
    outer loop
      vertex -47.29999923706055 1.25 39.87688446044922
      vertex -47.29999923706055 1.25 40.12311553955078
      vertex -47.29999923706055 9 48.196983337402344
    endloop
  endfacet
  facet normal 0 -1 0
    outer loop
      vertex -47.29999923706055 1.25 39.87688446044922
      vertex -45.29999923706055 1.25 39.87688446044922
      vertex -45.29999923706055 1.25 40.12311553955078
    endloop
  endfacet
  facet normal 0 -1 0
    outer loop
      vertex -47.29999923706055 1.25 39.87688446044922
      vertex -45.29999923706055 1.25 40.12311553955078
      vertex -47.29999923706055 1.25 40.12311553955078
    endloop
  endfacet
  facet normal 0 -0.9807840837396181 -0.19509633795393921
    outer loop
      vertex -47.29999923706055 1.25 40.12311553955078
      vertex -45.29999923706055 1.25 40.12311553955078
      vertex -45.29999923706055 1.2019624710083008 40.36460876464844
    endloop
  endfacet
  facet normal -1 0 0
    outer loop
      vertex -47.29999923706055 1.37054443359375 -1.670013427734375
      vertex -47.29999923706055 1.670013427734375 -1.37054443359375
      vertex -47.29999923706055 9 -8.196982383728027
    endloop
  endfacet
  facet normal 0 -0.5555713464242934 0.8314688683482369
    outer loop
      vertex -47.29999923706055 1.37054443359375 -1.670013427734375
      vertex -45.29999923706055 1.018406867980957 -1.9053049087524414
      vertex -45.29999923706055 1.37054443359375 -1.670013427734375
    endloop
  endfacet
  facet normal 0 -0.7071067811865475 0.7071067811865475
    outer loop
      vertex -47.29999923706055 1.37054443359375 -1.670013427734375
      vertex -45.29999923706055 1.37054443359375 -1.670013427734375
      vertex -45.29999923706055 1.670013427734375 -1.37054443359375
    endloop
  endfacet
  facet normal 0 -0.7071067811865475 0.7071067811865475
    outer loop
      vertex -47.29999923706055 1.37054443359375 -1.670013427734375
      vertex -45.29999923706055 1.670013427734375 -1.37054443359375
      vertex -47.29999923706055 1.670013427734375 -1.37054443359375
    endloop
  endfacet
  facet normal 0 -0.7071067811865475 -0.7071067811865475
    outer loop
      vertex -47.29999923706055 1.37054443359375 1.670013427734375
      vertex -47.29999923706055 1.670013427734375 1.37054443359375
      vertex -45.29999923706055 1.37054443359375 1.670013427734375
    endloop
  endfacet
  facet normal -1 0 0
    outer loop
      vertex -47.29999923706055 1.670013427734375 -1.37054443359375
      vertex -47.29999923706055 1.9053049087524414 -1.018406867980957
      vertex -47.29999923706055 9 -8.196982383728027
    endloop
  endfacet
  facet normal 0 -0.8314688683482369 0.5555713464242934
    outer loop
      vertex -47.29999923706055 1.670013427734375 -1.37054443359375
      vertex -45.29999923706055 1.670013427734375 -1.37054443359375
      vertex -45.29999923706055 1.9053049087524414 -1.018406867980957
    endloop
  endfacet
  facet normal 0 -0.8314688683482369 0.5555713464242934
    outer loop
      vertex -47.29999923706055 1.670013427734375 -1.37054443359375
      vertex -45.29999923706055 1.9053049087524414 -1.018406867980957
      vertex -47.29999923706055 1.9053049087524414 -1.018406867980957
    endloop
  endfacet
  facet normal 0 -0.8314688683482369 -0.5555713464242934
    outer loop
      vertex -47.29999923706055 1.670013427734375 1.37054443359375
      vertex -47.29999923706055 1.9053049087524414 1.018406867980957
      vertex -45.29999923706055 1.670013427734375 1.37054443359375
    endloop
  endfacet
  facet normal -1 0 0
    outer loop
      vertex -47.29999923706055 1.670013427734375 1.37054443359375
      vertex -47.29999923706055 9 48.196983337402344
      vertex -47.29999923706055 1.9053049087524414 1.018406867980957
    endloop
  endfacet
  facet normal 0 -0.7071067811865475 -0.7071067811865475
    outer loop
      vertex -47.29999923706055 1.670013427734375 1.37054443359375
      vertex -45.29999923706055 1.670013427734375 1.37054443359375
      vertex -45.29999923706055 1.37054443359375 1.670013427734375
    endloop
  endfacet
  facet normal -1 0 0
    outer loop
      vertex -47.29999923706055 1.9053049087524414 -1.018406867980957
      vertex -47.29999923706055 2.067376136779785 -0.627131462097168
      vertex -47.29999923706055 9 -8.196982383728027
    endloop
  endfacet
  facet normal 0 -0.9238798261245441 0.38268272351921245
    outer loop
      vertex -47.29999923706055 1.9053049087524414 -1.018406867980957
      vertex -45.29999923706055 1.9053049087524414 -1.018406867980957
      vertex -45.29999923706055 2.067376136779785 -0.627131462097168
    endloop
  endfacet
  facet normal 0 -0.9238798261245441 0.38268272351921245
    outer loop
      vertex -47.29999923706055 1.9053049087524414 -1.018406867980957
      vertex -45.29999923706055 2.067376136779785 -0.627131462097168
      vertex -47.29999923706055 2.067376136779785 -0.627131462097168
    endloop
  endfacet
  facet normal 0 -0.9238798261245441 -0.38268272351921245
    outer loop
      vertex -47.29999923706055 1.9053049087524414 1.018406867980957
      vertex -47.29999923706055 2.067376136779785 0.627131462097168
      vertex -45.29999923706055 1.9053049087524414 1.018406867980957
    endloop
  endfacet
  facet normal -1 0 0
    outer loop
      vertex -47.29999923706055 1.9053049087524414 1.018406867980957
      vertex -47.29999923706055 9 -8.196982383728027
      vertex -47.29999923706055 2.067376136779785 0.627131462097168
    endloop
  endfacet
  facet normal -1 0 0
    outer loop
      vertex -47.29999923706055 1.9053049087524414 1.018406867980957
      vertex -47.29999923706055 9 48.196983337402344
      vertex -47.29999923706055 9 -8.196982383728027
    endloop
  endfacet
  facet normal 0 -0.8314688683482369 -0.5555713464242934
    outer loop
      vertex -47.29999923706055 1.9053049087524414 1.018406867980957
      vertex -45.29999923706055 1.9053049087524414 1.018406867980957
      vertex -45.29999923706055 1.670013427734375 1.37054443359375
    endloop
  endfacet
  facet normal -1 0 0
    outer loop
      vertex -47.29999923706055 2.067376136779785 -0.627131462097168
      vertex -47.29999923706055 2.1499996185302734 -0.21175575256347656
      vertex -47.29999923706055 9 -8.196982383728027
    endloop
  endfacet
  facet normal 0 -0.9807852279880079 0.19509058552506134
    outer loop
      vertex -47.29999923706055 2.067376136779785 -0.627131462097168
      vertex -45.29999923706055 2.067376136779785 -0.627131462097168
      vertex -45.29999923706055 2.1499996185302734 -0.21175575256347656
    endloop
  endfacet
  facet normal 0 -0.9807852279880079 0.19509058552506134
    outer loop
      vertex -47.29999923706055 2.067376136779785 -0.627131462097168
      vertex -45.29999923706055 2.1499996185302734 -0.21175575256347656
      vertex -47.29999923706055 2.1499996185302734 -0.21175575256347656
    endloop
  endfacet
  facet normal 0 -0.9807852279880079 -0.19509058552506134
    outer loop
      vertex -47.29999923706055 2.067376136779785 0.627131462097168
      vertex -47.29999923706055 2.1499996185302734 0.21175575256347656
      vertex -45.29999923706055 2.067376136779785 0.627131462097168
    endloop
  endfacet
  facet normal -1 0 0
    outer loop
      vertex -47.29999923706055 2.067376136779785 0.627131462097168
      vertex -47.29999923706055 9 -8.196982383728027
      vertex -47.29999923706055 2.1499996185302734 0.21175575256347656
    endloop
  endfacet
  facet normal 0 -0.9238798261245441 -0.38268272351921245
    outer loop
      vertex -47.29999923706055 2.067376136779785 0.627131462097168
      vertex -45.29999923706055 2.067376136779785 0.627131462097168
      vertex -45.29999923706055 1.9053049087524414 1.018406867980957
    endloop
  endfacet
  facet normal -1 0 0
    outer loop
      vertex -47.29999923706055 2.1499996185302734 -0.21175575256347656
      vertex -47.29999923706055 2.1499996185302734 0.21175575256347656
      vertex -47.29999923706055 9 -8.196982383728027
    endloop
  endfacet
  facet normal 0 -1 0
    outer loop
      vertex -47.29999923706055 2.1499996185302734 -0.21175575256347656
      vertex -45.29999923706055 2.1499996185302734 -0.21175575256347656
      vertex -45.29999923706055 2.1499996185302734 0.21175575256347656
    endloop
  endfacet
  facet normal 0 -1 0
    outer loop
      vertex -47.29999923706055 2.1499996185302734 -0.21175575256347656
      vertex -45.29999923706055 2.1499996185302734 0.21175575256347656
      vertex -47.29999923706055 2.1499996185302734 0.21175575256347656
    endloop
  endfacet
  facet normal 0 -0.9807852279880079 -0.19509058552506134
    outer loop
      vertex -47.29999923706055 2.1499996185302734 0.21175575256347656
      vertex -45.29999923706055 2.1499996185302734 0.21175575256347656
      vertex -45.29999923706055 2.067376136779785 0.627131462097168
    endloop
  endfacet
  facet normal -0.7071067811865476 0.7071067811865476 0
    outer loop
      vertex -47.29999923706055 9 -8.196982383728027
      vertex -47.29999923706055 9 48.196983337402344
      vertex -46.29999923706055 10 48.09849166870117
    endloop
  endfacet
  facet normal -0.9807854329423978 0 -0.19508955514838086
    outer loop
      vertex -47.29999923706055 9 -8.196982383728027
      vertex -47.223140716552734 9 -8.583377838134766
      vertex -47.223140716552734 -59.70000076293945 -8.583377838134766
    endloop
  endfacet
  facet normal -0.6935200348867535 0.7071068431600029 -0.13794880777654897
    outer loop
      vertex -47.29999923706055 9 -8.196982383728027
      vertex -46.29999923706055 10 -8.098490715026855
      vertex -46.26156997680664 10 -8.291688919067383
    endloop
  endfacet
  facet normal -0.7071067811865475 0.7071067811865475 0
    outer loop
      vertex -47.29999923706055 9 -8.196982383728027
      vertex -46.29999923706055 10 48.09849166870117
      vertex -46.29999923706055 10 -8.098490715026855
    endloop
  endfacet
  facet normal -0.6935200181261666 0.7071067938257918 -0.13794914491830246
    outer loop
      vertex -47.29999923706055 9 -8.196982383728027
      vertex -46.26156997680664 10 -8.291688919067383
      vertex -47.223140716552734 9 -8.583377838134766
    endloop
  endfacet
  facet normal -0.6935198078189155 0.7071069418295118 0.13794944356295732
    outer loop
      vertex -47.29999923706055 9 48.196983337402344
      vertex -47.223140716552734 9 48.583377838134766
      vertex -46.26156997680664 10 48.29168701171875
    endloop
  endfacet
  facet normal -0.6935197407724719 0.7071067444901784 0.13795079215207587
    outer loop
      vertex -47.29999923706055 9 48.196983337402344
      vertex -46.26156997680664 10 48.29168701171875
      vertex -46.29999923706055 10 48.09849166870117
    endloop
  endfacet
  facet normal -0.9238791093574825 0 -0.38268445394714545
    outer loop
      vertex -47.223140716552734 -59.70000076293945 -8.583377838134766
      vertex -47.223140716552734 9 -8.583377838134766
      vertex -47.0723762512207 -59.70000076293945 -8.947354316711426
    endloop
  endfacet
  facet normal 0 -1 0
    outer loop
      vertex -47.223140716552734 -59.70000076293945 -8.583377838134766
      vertex -47.0723762512207 -59.70000076293945 -8.947354316711426
      vertex -45.49698257446289 -59.70000076293945 -10
    endloop
  endfacet
  facet normal -0.923878754850322 0 0.3826853097993421
    outer loop
      vertex -47.223140716552734 -6 48.583377838134766
      vertex -47.0723762512207 -6 48.94735336303711
      vertex -47.0723762512207 9 48.94735336303711
    endloop
  endfacet
  facet normal -0.923878754850322 0 0.3826853097993421
    outer loop
      vertex -47.223140716552734 -6 48.583377838134766
      vertex -47.0723762512207 9 48.94735336303711
      vertex -47.223140716552734 9 48.583377838134766
    endloop
  endfacet
  facet normal 0 -1 0
    outer loop
      vertex -47.223140716552734 -6 48.583377838134766
      vertex -44.85350036621094 -6 47.274925231933594
      vertex -47.0723762512207 -6 48.94735336303711
    endloop
  endfacet
  facet normal -0.9238791093574825 0 -0.38268445394714545
    outer loop
      vertex -47.223140716552734 9 -8.583377838134766
      vertex -47.0723762512207 9 -8.947354316711426
      vertex -47.0723762512207 -59.70000076293945 -8.947354316711426
    endloop
  endfacet
  facet normal -0.6532812049982459 0.707106757617465 -0.27059878146021876
    outer loop
      vertex -47.223140716552734 9 -8.583377838134766
      vertex -46.26156997680664 10 -8.291688919067383
      vertex -47.0723762512207 9 -8.947354316711426
    endloop
  endfacet
  facet normal -0.6532807457073376 0.707106983422452 0.2705993002268577
    outer loop
      vertex -47.223140716552734 9 48.583377838134766
      vertex -47.0723762512207 9 48.94735336303711
      vertex -46.26156997680664 10 48.29168701171875
    endloop
  endfacet
  facet normal -0.8314696157560884 0 -0.5555702278510096
    outer loop
      vertex -47.0723762512207 -59.70000076293945 -8.947354316711426
      vertex -47.0723762512207 9 -8.947354316711426
      vertex -46.85350036621094 -59.70000076293945 -9.274925231933594
    endloop
  endfacet
  facet normal 0 -1 0
    outer loop
      vertex -47.0723762512207 -59.70000076293945 -8.947354316711426
      vertex -46.85350036621094 -59.70000076293945 -9.274925231933594
      vertex -45.49698257446289 -59.70000076293945 -10
    endloop
  endfacet
  facet normal -0.8314703629232119 0 0.5555691096347443
    outer loop
      vertex -47.0723762512207 -6 48.94735336303711
      vertex -46.85350036621094 -6 49.274925231933594
      vertex -46.85350036621094 9 49.274925231933594
    endloop
  endfacet
  facet normal -0.8314703629232119 0 0.5555691096347443
    outer loop
      vertex -47.0723762512207 -6 48.94735336303711
      vertex -46.85350036621094 9 49.274925231933594
      vertex -47.0723762512207 9 48.94735336303711
    endloop
  endfacet
  facet normal 0 -1 0
    outer loop
      vertex -47.0723762512207 -6 48.94735336303711
      vertex -44.85350036621094 -6 47.274925231933594
      vertex -46.85350036621094 -6 49.274925231933594
    endloop
  endfacet
  facet normal -0.8314696157560884 0 -0.5555702278510096
    outer loop
      vertex -47.0723762512207 9 -8.947354316711426
      vertex -46.85350036621094 9 -9.274925231933594
      vertex -46.85350036621094 -59.70000076293945 -9.274925231933594
    endloop
  endfacet
  facet normal -0.6532808649170885 0.7071068543906892 -0.270599349605437
    outer loop
      vertex -47.0723762512207 9 -8.947354316711426
      vertex -46.26156997680664 10 -8.291688919067383
      vertex -46.186187744140625 10 -8.473676681518555
    endloop
  endfacet
  facet normal -0.5879378009526673 0.7071067844326502 -0.39284747373536616
    outer loop
      vertex -47.0723762512207 9 -8.947354316711426
      vertex -46.186187744140625 10 -8.473676681518555
      vertex -46.85350036621094 9 -9.274925231933594
    endloop
  endfacet
  facet normal -0.5879387576043251 0.7071062692909835 0.39284696923365703
    outer loop
      vertex -47.0723762512207 9 48.94735336303711
      vertex -46.85350036621094 9 49.274925231933594
      vertex -46.186187744140625 10 48.47367858886719
    endloop
  endfacet
  facet normal -0.6532834663100582 0.7071062092372865 0.270594755130231
    outer loop
      vertex -47.0723762512207 9 48.94735336303711
      vertex -46.186187744140625 10 48.47367858886719
      vertex -46.26156997680664 10 48.29168701171875
    endloop
  endfacet
  facet normal -0.7071067811865476 0 -0.7071067811865476
    outer loop
      vertex -46.85350036621094 -59.70000076293945 -9.274925231933594
      vertex -46.85350036621094 9 -9.274925231933594
      vertex -46.57492446899414 -59.70000076293945 -9.55350112915039
    endloop
  endfacet
  facet normal 0 -1 0
    outer loop
      vertex -46.85350036621094 -59.70000076293945 -9.274925231933594
      vertex -46.57492446899414 -59.70000076293945 -9.55350112915039
      vertex -45.49698257446289 -59.70000076293945 -10
    endloop
  endfacet
  facet normal -0.7071067811865476 0 0.7071067811865476
    outer loop
      vertex -46.85350036621094 -6 49.274925231933594
      vertex -46.57492446899414 -6 49.55350112915039
      vertex -46.57492446899414 9 49.55350112915039
    endloop
  endfacet
  facet normal -0.7071067811865476 0 0.7071067811865476
    outer loop
      vertex -46.85350036621094 -6 49.274925231933594
      vertex -46.57492446899414 9 49.55350112915039
      vertex -46.85350036621094 9 49.274925231933594
    endloop
  endfacet
  facet normal 0 -1 0
    outer loop
      vertex -46.85350036621094 -6 49.274925231933594
      vertex -44.85350036621094 -6 47.274925231933594
      vertex -44.57492446899414 -6 47.55350112915039
    endloop
  endfacet
  facet normal 0 -1 0
    outer loop
      vertex -46.85350036621094 -6 49.274925231933594
      vertex -44.57492446899414 -6 47.55350112915039
      vertex -46.57492446899414 -6 49.55350112915039
    endloop
  endfacet
  facet normal -0.7071067811865476 0 -0.7071067811865476
    outer loop
      vertex -46.85350036621094 9 -9.274925231933594
      vertex -46.57492446899414 9 -9.55350112915039
      vertex -46.57492446899414 -59.70000076293945 -9.55350112915039
    endloop
  endfacet
  facet normal -0.5879423082124938 0.7071058028662057 -0.3928424948585675
    outer loop
      vertex -46.85350036621094 9 -9.274925231933594
      vertex -46.186187744140625 10 -8.473676681518555
      vertex -46.076751708984375 10 -8.637462615966797
    endloop
  endfacet
  facet normal -0.49999714988019445 0.7071059704682505 -0.500003996623863
    outer loop
      vertex -46.85350036621094 9 -9.274925231933594
      vertex -46.076751708984375 10 -8.637462615966797
      vertex -45.937461853027344 10 -8.776750564575195
    endloop
  endfacet
  facet normal -0.5000000674988451 0.7071066857287526 -0.5000000674988451
    outer loop
      vertex -46.85350036621094 9 -9.274925231933594
      vertex -45.937461853027344 10 -8.776750564575195
      vertex -46.57492446899414 9 -9.55350112915039
    endloop
  endfacet
  facet normal -0.49999973032412515 0.7071071625656214 0.49999973032412515
    outer loop
      vertex -46.85350036621094 9 49.274925231933594
      vertex -46.57492446899414 9 49.55350112915039
      vertex -45.937461853027344 10 48.77674865722656
    endloop
  endfacet
  facet normal -0.5879400391556834 0.707105990205003 0.39284555358794093
    outer loop
      vertex -46.85350036621094 9 49.274925231933594
      vertex -46.076751708984375 10 48.6374626159668
      vertex -46.186187744140625 10 48.47367858886719
    endloop
  endfacet
  facet normal -0.49999389502805563 0.7071057320255021 0.5000075886137656
    outer loop
      vertex -46.85350036621094 9 49.274925231933594
      vertex -45.937461853027344 10 48.77674865722656
      vertex -46.076751708984375 10 48.6374626159668
    endloop
  endfacet
  facet normal -0.5555674361001832 0 -0.8314714811375485
    outer loop
      vertex -46.57492446899414 -59.70000076293945 -9.55350112915039
      vertex -46.57492446899414 9 -9.55350112915039
      vertex -46.247352600097656 9 -9.77237606048584
    endloop
  endfacet
  facet normal 0 -1 0
    outer loop
      vertex -46.57492446899414 -59.70000076293945 -9.55350112915039
      vertex -46.247352600097656 -59.70000076293945 -9.77237606048584
      vertex -45.49698257446289 -59.70000076293945 -10
    endloop
  endfacet
  facet normal -0.5555674361001832 0 -0.8314714811375485
    outer loop
      vertex -46.57492446899414 -59.70000076293945 -9.55350112915039
      vertex -46.247352600097656 9 -9.77237606048584
      vertex -46.247352600097656 -59.70000076293945 -9.77237606048584
    endloop
  endfacet
  facet normal -0.5555691096347443 0 0.8314703629232119
    outer loop
      vertex -46.57492446899414 -6 49.55350112915039
      vertex -46.247352600097656 -6 49.772377014160156
      vertex -46.57492446899414 9 49.55350112915039
    endloop
  endfacet
  facet normal 0 -1 0
    outer loop
      vertex -46.57492446899414 -6 49.55350112915039
      vertex -44.57492446899414 -6 47.55350112915039
      vertex -46.247352600097656 -6 49.772377014160156
    endloop
  endfacet
  facet normal -0.39284981982831524 0.7071068312613433 -0.5879361770161812
    outer loop
      vertex -46.57492446899414 9 -9.55350112915039
      vertex -45.937461853027344 10 -8.776750564575195
      vertex -45.773677825927734 10 -8.886188507080078
    endloop
  endfacet
  facet normal -0.39284590268090197 0.7071060590267841 -0.587939723130218
    outer loop
      vertex -46.57492446899414 9 -9.55350112915039
      vertex -45.773677825927734 10 -8.886188507080078
      vertex -46.247352600097656 9 -9.77237606048584
    endloop
  endfacet
  facet normal -0.5555691096347443 0 0.8314703629232119
    outer loop
      vertex -46.57492446899414 9 49.55350112915039
      vertex -46.247352600097656 -6 49.772377014160156
      vertex -46.247352600097656 9 49.772377014160156
    endloop
  endfacet
  facet normal -0.39284696923365703 0.7071062692909835 0.5879387576043251
    outer loop
      vertex -46.57492446899414 9 49.55350112915039
      vertex -46.247352600097656 9 49.772377014160156
      vertex -45.773677825927734 10 48.88618850708008
    endloop
  endfacet
  facet normal -0.39285408599935284 0.7071076722827172 0.587932314907533
    outer loop
      vertex -46.57492446899414 9 49.55350112915039
      vertex -45.773677825927734 10 48.88618850708008
      vertex -45.937461853027344 10 48.77674865722656
    endloop
  endfacet
  facet normal 0 1 0
    outer loop
      vertex -46.29999923706055 10 -8.098490715026855
      vertex -46.29999923706055 10 48.09849166870117
      vertex -1 10 -8.098490715026855
    endloop
  endfacet
  facet normal 0 1 0
    outer loop
      vertex -46.29999923706055 10 -8.098490715026855
      vertex -45.39849090576172 10 -9
      vertex -46.26156997680664 10 -8.291688919067383
    endloop
  endfacet
  facet normal 0 1 0
    outer loop
      vertex -46.29999923706055 10 -8.098490715026855
      vertex -1.9015083312988281 10 -9
      vertex -45.39849090576172 10 -9
    endloop
  endfacet
  facet normal 0 1 0
    outer loop
      vertex -46.29999923706055 10 -8.098490715026855
      vertex -1 10 -8.098490715026855
      vertex -1.9015083312988281 10 -9
    endloop
  endfacet
  facet normal 0 1 0
    outer loop
      vertex -46.29999923706055 10 48.09849166870117
      vertex -46.26156997680664 10 48.29168701171875
      vertex -46.186187744140625 10 48.47367858886719
    endloop
  endfacet
  facet normal 0 1 0
    outer loop
      vertex -46.29999923706055 10 48.09849166870117
      vertex -46.186187744140625 10 48.47367858886719
      vertex -46.076751708984375 10 48.6374626159668
    endloop
  endfacet
  facet normal 0 1 0
    outer loop
      vertex -46.29999923706055 10 48.09849166870117
      vertex -46.076751708984375 10 48.6374626159668
      vertex -45.937461853027344 10 48.77674865722656
    endloop
  endfacet
  facet normal 0 1 0
    outer loop
      vertex -46.29999923706055 10 48.09849166870117
      vertex -45.937461853027344 10 48.77674865722656
      vertex -45.773677825927734 10 48.88618850708008
    endloop
  endfacet
  facet normal 0 1 0
    outer loop
      vertex -46.29999923706055 10 48.09849166870117
      vertex -45.773677825927734 10 48.88618850708008
      vertex -45.59169006347656 10 48.961570739746094
    endloop
  endfacet
  facet normal 0 1 0
    outer loop
      vertex -46.29999923706055 10 48.09849166870117
      vertex -45.59169006347656 10 48.961570739746094
      vertex -45.39849090576172 10 49
    endloop
  endfacet
  facet normal 0 1 0
    outer loop
      vertex -46.29999923706055 10 48.09849166870117
      vertex -45.39849090576172 10 49
      vertex -1 10 48.09849166870117
    endloop
  endfacet
  facet normal 0 1 0
    outer loop
      vertex -46.29999923706055 10 48.09849166870117
      vertex -1 10 48.09849166870117
      vertex -1 10 -8.098490715026855
    endloop
  endfacet
  facet normal 0 1 0
    outer loop
      vertex -46.26156997680664 10 -8.291688919067383
      vertex -45.39849090576172 10 -9
      vertex -46.186187744140625 10 -8.473676681518555
    endloop
  endfacet
  facet normal -0.3826853097993421 0 -0.9238787548503221
    outer loop
      vertex -46.247352600097656 -59.70000076293945 -9.77237606048584
      vertex -46.247352600097656 9 -9.77237606048584
      vertex -45.88337707519531 9 -9.923140525817871
    endloop
  endfacet
  facet normal 0 -1 0
    outer loop
      vertex -46.247352600097656 -59.70000076293945 -9.77237606048584
      vertex -45.88337707519531 -59.70000076293945 -9.923140525817871
      vertex -45.49698257446289 -59.70000076293945 -10
    endloop
  endfacet
  facet normal -0.3826853097993421 0 -0.9238787548503221
    outer loop
      vertex -46.247352600097656 -59.70000076293945 -9.77237606048584
      vertex -45.88337707519531 9 -9.923140525817871
      vertex -45.88337707519531 -59.70000076293945 -9.923140525817871
    endloop
  endfacet
  facet normal -0.3826853097993421 0 0.923878754850322
    outer loop
      vertex -46.247352600097656 -6 49.772377014160156
      vertex -45.88337707519531 -6 49.92314147949219
      vertex -46.247352600097656 9 49.772377014160156
    endloop
  endfacet
  facet normal 0 -1 0
    outer loop
      vertex -46.247352600097656 -6 49.772377014160156
      vertex -44.57492446899414 -6 47.55350112915039
      vertex -45.88337707519531 -6 49.92314147949219
    endloop
  endfacet
  facet normal -0.2705996169510824 0.7071061557857328 -0.6532815103428617
    outer loop
      vertex -46.247352600097656 9 -9.77237606048584
      vertex -45.773677825927734 10 -8.886188507080078
      vertex -45.88337707519531 9 -9.923140525817871
    endloop
  endfacet
  facet normal -0.3826853097993421 0 0.923878754850322
    outer loop
      vertex -46.247352600097656 9 49.772377014160156
      vertex -45.88337707519531 -6 49.92314147949219
      vertex -45.88337707519531 9 49.92314147949219
    endloop
  endfacet
  facet normal -0.2705994977412292 0.7071064672949768 0.6532812225464715
    outer loop
      vertex -46.247352600097656 9 49.772377014160156
      vertex -45.88337707519531 9 49.92314147949219
      vertex -45.773677825927734 10 48.88618850708008
    endloop
  endfacet
  facet normal 0 1 0
    outer loop
      vertex -46.186187744140625 10 -8.473676681518555
      vertex -45.39849090576172 10 -9
      vertex -46.076751708984375 10 -8.637462615966797
    endloop
  endfacet
  facet normal 0 1 0
    outer loop
      vertex -46.076751708984375 10 -8.637462615966797
      vertex -45.39849090576172 10 -9
      vertex -45.937461853027344 10 -8.776750564575195
    endloop
  endfacet
  facet normal 0 1 0
    outer loop
      vertex -45.937461853027344 10 -8.776750564575195
      vertex -45.39849090576172 10 -9
      vertex -45.773677825927734 10 -8.886188507080078
    endloop
  endfacet
  facet normal -0.19509234690752625 0 -0.9807848776251159
    outer loop
      vertex -45.88337707519531 -59.70000076293945 -9.923140525817871
      vertex -45.88337707519531 9 -9.923140525817871
      vertex -45.49698257446289 9 -10
    endloop
  endfacet
  facet normal -0.19509234690752625 0 -0.9807848776251159
    outer loop
      vertex -45.88337707519531 -59.70000076293945 -9.923140525817871
      vertex -45.49698257446289 9 -10
      vertex -45.49698257446289 -59.70000076293945 -10
    endloop
  endfacet
  facet normal -0.19509001832979136 0 0.9807853408101497
    outer loop
      vertex -45.88337707519531 -6 49.92314147949219
      vertex -45.49698257446289 -6 50
      vertex -45.88337707519531 9 49.92314147949219
    endloop
  endfacet
  facet normal 0 -1 0
    outer loop
      vertex -45.88337707519531 -6 49.92314147949219
      vertex -44.57492446899414 -6 47.55350112915039
      vertex -45.49698257446289 -6 50
    endloop
  endfacet
  facet normal -0.2705965160747639 0.7071066230531751 -0.653282289001114
    outer loop
      vertex -45.88337707519531 9 -9.923140525817871
      vertex -45.773677825927734 10 -8.886188507080078
      vertex -45.59169006347656 10 -8.961569786071777
    endloop
  endfacet
  facet normal -0.1379514584799302 0.707106778276325 -0.6935195737821223
    outer loop
      vertex -45.88337707519531 9 -9.923140525817871
      vertex -45.59169006347656 10 -8.961569786071777
      vertex -45.39849090576172 10 -9
    endloop
  endfacet
  facet normal -0.13795113191102837 0.7071067275959317 -0.6935196904147991
    outer loop
      vertex -45.88337707519531 9 -9.923140525817871
      vertex -45.39849090576172 10 -9
      vertex -45.49698257446289 9 -10
    endloop
  endfacet
  facet normal -0.2705994977412292 0.7071064672949768 0.6532812225464715
    outer loop
      vertex -45.88337707519531 9 49.92314147949219
      vertex -45.59169006347656 10 48.961570739746094
      vertex -45.773677825927734 10 48.88618850708008
    endloop
  endfacet
  facet normal -0.19509001832979136 0 0.9807853408101497
    outer loop
      vertex -45.88337707519531 9 49.92314147949219
      vertex -45.49698257446289 -6 50
      vertex -45.49698257446289 9 50
    endloop
  endfacet
  facet normal -0.1379494692287765 0.7071068102706938 0.6935199368499106
    outer loop
      vertex -45.88337707519531 9 49.92314147949219
      vertex -45.49698257446289 9 50
      vertex -45.39849090576172 10 49
    endloop
  endfacet
  facet normal -0.13794819766127564 0.7071066129333953 0.6935203909820296
    outer loop
      vertex -45.88337707519531 9 49.92314147949219
      vertex -45.39849090576172 10 49
      vertex -45.59169006347656 10 48.961570739746094
    endloop
  endfacet
  facet normal 0 1 0
    outer loop
      vertex -45.773677825927734 10 -8.886188507080078
      vertex -45.39849090576172 10 -9
      vertex -45.59169006347656 10 -8.961569786071777
    endloop
  endfacet
  facet normal 0 0 -1
    outer loop
      vertex -45.49698257446289 -59.70000076293945 -10
      vertex -45.49698257446289 9 -10
      vertex -1.8030166625976562 9 -10
    endloop
  endfacet
  facet normal 0 -1 0
    outer loop
      vertex -45.49698257446289 -59.70000076293945 -10
      vertex -1.8030166625976562 -59.70000076293945 -10
      vertex 0 -59.70000076293945 -1.9499998092651367
    endloop
  endfacet
  facet normal 0 0 -1
    outer loop
      vertex -45.49698257446289 -59.70000076293945 -10
      vertex -1.8030166625976562 9 -10
      vertex -1.8030166625976562 -59.70000076293945 -10
    endloop
  endfacet
  facet normal 0 -1 0
    outer loop
      vertex -45.49698257446289 -6 50
      vertex -44.57492446899414 -6 47.55350112915039
      vertex -44.24735641479492 -6 47.772377014160156
    endloop
  endfacet
  facet normal 0 -1 0
    outer loop
      vertex -45.49698257446289 -6 50
      vertex -44.24735641479492 -6 47.772377014160156
      vertex -43.88337707519531 -6 47.92314147949219
    endloop
  endfacet
  facet normal 0 -1 0
    outer loop
      vertex -45.49698257446289 -6 50
      vertex -43.88337707519531 -6 47.92314147949219
      vertex -43.49698257446289 -6 48
    endloop
  endfacet
  facet normal 0 -1 0
    outer loop
      vertex -45.49698257446289 -6 50
      vertex -43.49698257446289 -6 48
      vertex -1.8030166625976562 -6 50
    endloop
  endfacet
  facet normal 0 0 1
    outer loop
      vertex -45.49698257446289 -6 50
      vertex -1.8030166625976562 -6 50
      vertex -45.49698257446289 9 50
    endloop
  endfacet
  facet normal 0 0.7071067811865475 -0.7071067811865475
    outer loop
      vertex -45.49698257446289 9 -10
      vertex -45.39849090576172 10 -9
      vertex -1.8030166625976562 9 -10
    endloop
  endfacet
  facet normal 0 0.7071067811865475 0.7071067811865475
    outer loop
      vertex -45.49698257446289 9 50
      vertex -1.9015083312988281 10 49
      vertex -45.39849090576172 10 49
    endloop
  endfacet
  facet normal 0 0 1
    outer loop
      vertex -45.49698257446289 9 50
      vertex -1.8030166625976562 -6 50
      vertex -1.8030166625976562 9 50
    endloop
  endfacet
  facet normal 0 0.7071067811865475 0.7071067811865475
    outer loop
      vertex -45.49698257446289 9 50
      vertex -1.8030166625976562 9 50
      vertex -1.9015083312988281 10 49
    endloop
  endfacet
  facet normal 0 0.7071067811865475 -0.7071067811865475
    outer loop
      vertex -45.39849090576172 10 -9
      vertex -1.9015083312988281 10 -9
      vertex -1.8030166625976562 9 -10
    endloop
  endfacet
  facet normal 0 1 0
    outer loop
      vertex -45.39849090576172 10 49
      vertex -1.9015083312988281 10 49
      vertex -1 10 48.09849166870117
    endloop
  endfacet
  facet normal 1 0 0
    outer loop
      vertex -45.29999923706055 -59.05220031738281 1.1552207469940186
      vertex -45.29999923706055 -51.69999694824219 -6.196982383728027
      vertex -45.29999923706055 -50.95000076293945 -0.12311363220214844
    endloop
  endfacet
  facet normal 1 0 0
    outer loop
      vertex -45.29999923706055 -59.05220031738281 1.1552207469940186
      vertex -45.29999923706055 -50.95000076293945 -0.12311363220214844
      vertex -45.29999923706055 -58.78950881958008 1.7894201278686523
    endloop
  endfacet
  facet normal 0.9626378746241434 0.19147887606888597 0.19147888227819776
    outer loop
      vertex -45.29999923706055 -59.05220031738281 1.1552207469940186
      vertex -45.223140716552734 -59.165374755859375 0.8819978833198547
      vertex -45.29999923706055 -51.69999694824219 -6.196982383728027
    endloop
  endfacet
  facet normal 1 0 0
    outer loop
      vertex -45.29999923706055 -58.78950881958008 1.7894201278686523
      vertex -45.29999923706055 -50.95000076293945 -0.12311363220214844
      vertex -45.29999923706055 -50.95000076293945 0.12311363220214844
    endloop
  endfacet
  facet normal 1 0 0
    outer loop
      vertex -45.29999923706055 -58.78950881958008 1.7894201278686523
      vertex -45.29999923706055 -50.95000076293945 0.12311363220214844
      vertex -45.29999923706055 -57.914005279541016 3.0997018814086914
    endloop
  endfacet
  facet normal 1 0 0
    outer loop
      vertex -45.29999923706055 -57.914005279541016 3.0997018814086914
      vertex -45.29999923706055 -50.95000076293945 0.12311363220214844
      vertex -45.29999923706055 -56.79970169067383 4.214005470275879
    endloop
  endfacet
  facet normal 1 0 0
    outer loop
      vertex -45.29999923706055 -56.79970169067383 4.214005470275879
      vertex -45.29999923706055 -50.95000076293945 0.12311363220214844
      vertex -45.29999923706055 -50.90196228027344 0.3646106719970703
    endloop
  endfacet
  facet normal 1 0 0
    outer loop
      vertex -45.29999923706055 -56.79970169067383 4.214005470275879
      vertex -45.29999923706055 -50.90196228027344 0.3646106719970703
      vertex -45.29999923706055 -55.48942184448242 5.089507102966309
    endloop
  endfacet
  facet normal 1 0 0
    outer loop
      vertex -45.29999923706055 -55.48942184448242 5.089507102966309
      vertex -45.29999923706055 -50.90196228027344 0.3646106719970703
      vertex -45.29999923706055 -50.807735443115234 0.5920963287353516
    endloop
  endfacet
  facet normal 1 0 0
    outer loop
      vertex -45.29999923706055 -55.48942184448242 5.089507102966309
      vertex -45.29999923706055 -50.807735443115234 0.5920963287353516
      vertex -45.29999923706055 -54.033512115478516 5.692564010620117
    endloop
  endfacet
  facet normal 1 0 0
    outer loop
      vertex -45.29999923706055 -54.033512115478516 5.692564010620117
      vertex -45.29999923706055 -50.807735443115234 0.5920963287353516
      vertex -45.29999923706055 -50.670936584472656 0.7968282699584961
    endloop
  endfacet
  facet normal 1 0 0
    outer loop
      vertex -45.29999923706055 -54.033512115478516 5.692564010620117
      vertex -45.29999923706055 -50.670936584472656 0.7968282699584961
      vertex -45.29999923706055 -52.48793029785156 6
    endloop
  endfacet
  facet normal 1 0 0
    outer loop
      vertex -45.29999923706055 -52.48793029785156 6
      vertex -45.29999923706055 -50.670936584472656 0.7968282699584961
      vertex -45.29999923706055 -50.496829986572266 0.9709377288818359
    endloop
  endfacet
  facet normal 1 0 0
    outer loop
      vertex -45.29999923706055 -52.48793029785156 6
      vertex -45.29999923706055 -50.496829986572266 0.9709377288818359
      vertex -45.29999923706055 -50.29209518432617 1.1077346801757812
    endloop
  endfacet
  facet normal 1 0 0
    outer loop
      vertex -45.29999923706055 -52.48793029785156 6
      vertex -45.29999923706055 -50.29209518432617 1.1077346801757812
      vertex -45.29999923706055 -50.06460952758789 1.2019624710083008
    endloop
  endfacet
  facet normal 1 0 0
    outer loop
      vertex -45.29999923706055 -52.48793029785156 6
      vertex -45.29999923706055 -50.06460952758789 1.2019624710083008
      vertex -45.29999923706055 -49.82311248779297 1.25
    endloop
  endfacet
  facet normal 1 0 0
    outer loop
      vertex -45.29999923706055 -52.48793029785156 6
      vertex -45.29999923706055 -49.82311248779297 1.25
      vertex -45.29999923706055 -49.57688522338867 1.25
    endloop
  endfacet
  facet normal 1 0 0
    outer loop
      vertex -45.29999923706055 -52.48793029785156 6
      vertex -45.29999923706055 -49.57688522338867 1.25
      vertex -45.29999923706055 -49.33538818359375 1.2019624710083008
    endloop
  endfacet
  facet normal 1 0 0
    outer loop
      vertex -45.29999923706055 -52.48793029785156 6
      vertex -45.29999923706055 -49.33538818359375 1.2019624710083008
      vertex -45.29999923706055 -49.10790252685547 1.1077346801757812
    endloop
  endfacet
  facet normal 1 0 0
    outer loop
      vertex -45.29999923706055 -52.48793029785156 6
      vertex -45.29999923706055 -49.10790252685547 1.1077346801757812
      vertex -45.29999923706055 -48.90317153930664 0.9709377288818359
    endloop
  endfacet
  facet normal 1 0 0
    outer loop
      vertex -45.29999923706055 -52.48793029785156 6
      vertex -45.29999923706055 -48.90317153930664 0.9709377288818359
      vertex -45.29999923706055 -48.729061126708984 0.7968282699584961
    endloop
  endfacet
  facet normal 1 0 0
    outer loop
      vertex -45.29999923706055 -52.48793029785156 6
      vertex -45.29999923706055 -48.729061126708984 0.7968282699584961
      vertex -45.29999923706055 -6.901508331298828 6
    endloop
  endfacet
  facet normal 1 0 0
    outer loop
      vertex -45.29999923706055 -51.69999694824219 -6.196982383728027
      vertex -45.29999923706055 -50.90196228027344 -0.3646106719970703
      vertex -45.29999923706055 -50.95000076293945 -0.12311363220214844
    endloop
  endfacet
  facet normal 1 0 0
    outer loop
      vertex -45.29999923706055 -51.69999694824219 -6.196982383728027
      vertex -45.29999923706055 -50.807735443115234 -0.5920963287353516
      vertex -45.29999923706055 -50.90196228027344 -0.3646106719970703
    endloop
  endfacet
  facet normal 1 0 0
    outer loop
      vertex -45.29999923706055 -51.69999694824219 -6.196982383728027
      vertex -45.29999923706055 -50.670936584472656 -0.7968282699584961
      vertex -45.29999923706055 -50.807735443115234 -0.5920963287353516
    endloop
  endfacet
  facet normal 1 0 0
    outer loop
      vertex -45.29999923706055 -51.69999694824219 -6.196982383728027
      vertex -45.29999923706055 -50.496829986572266 -0.9709377288818359
      vertex -45.29999923706055 -50.670936584472656 -0.7968282699584961
    endloop
  endfacet
  facet normal 1 0 0
    outer loop
      vertex -45.29999923706055 -51.69999694824219 -6.196982383728027
      vertex -45.29999923706055 -50.29209518432617 -1.1077346801757812
      vertex -45.29999923706055 -50.496829986572266 -0.9709377288818359
    endloop
  endfacet
  facet normal 1 0 0
    outer loop
      vertex -45.29999923706055 -51.69999694824219 -6.196982383728027
      vertex -45.29999923706055 -50.06460952758789 -1.2019624710083008
      vertex -45.29999923706055 -50.29209518432617 -1.1077346801757812
    endloop
  endfacet
  facet normal 1 0 0
    outer loop
      vertex -45.29999923706055 -51.69999694824219 -6.196982383728027
      vertex -45.29999923706055 -49.82311248779297 -1.25
      vertex -45.29999923706055 -50.06460952758789 -1.2019624710083008
    endloop
  endfacet
  facet normal 1 0 0
    outer loop
      vertex -45.29999923706055 -51.69999694824219 -6.196982383728027
      vertex -45.29999923706055 -49.57688522338867 -1.25
      vertex -45.29999923706055 -49.82311248779297 -1.25
    endloop
  endfacet
  facet normal 1 0 0
    outer loop
      vertex -45.29999923706055 -51.69999694824219 -6.196982383728027
      vertex -45.29999923706055 -49.33538818359375 -1.2019624710083008
      vertex -45.29999923706055 -49.57688522338867 -1.25
    endloop
  endfacet
  facet normal 1 0 0
    outer loop
      vertex -45.29999923706055 -51.69999694824219 -6.196982383728027
      vertex -45.29999923706055 -49.10790252685547 -1.1077346801757812
      vertex -45.29999923706055 -49.33538818359375 -1.2019624710083008
    endloop
  endfacet
  facet normal 1 0 0
    outer loop
      vertex -45.29999923706055 -51.69999694824219 -6.196982383728027
      vertex -45.29999923706055 -48.90317153930664 -0.9709377288818359
      vertex -45.29999923706055 -49.10790252685547 -1.1077346801757812
    endloop
  endfacet
  facet normal 1 0 0
    outer loop
      vertex -45.29999923706055 -51.69999694824219 -6.196982383728027
      vertex -45.29999923706055 -48.729061126708984 -0.7968282699584961
      vertex -45.29999923706055 -48.90317153930664 -0.9709377288818359
    endloop
  endfacet
  facet normal 1 0 0
    outer loop
      vertex -45.29999923706055 -51.69999694824219 -6.196982383728027
      vertex -45.29999923706055 -1.670013427734375 -1.37054443359375
      vertex -45.29999923706055 -48.729061126708984 -0.7968282699584961
    endloop
  endfacet
  facet normal 1 0 0
    outer loop
      vertex -45.29999923706055 -51.69999694824219 -6.196982383728027
      vertex -45.29999923706055 -1.37054443359375 -1.670013427734375
      vertex -45.29999923706055 -1.670013427734375 -1.37054443359375
    endloop
  endfacet
  facet normal 1 0 0
    outer loop
      vertex -45.29999923706055 -51.69999694824219 -6.196982383728027
      vertex -45.29999923706055 -1.018406867980957 -1.9053049087524414
      vertex -45.29999923706055 -1.37054443359375 -1.670013427734375
    endloop
  endfacet
  facet normal 1 0 0
    outer loop
      vertex -45.29999923706055 -51.69999694824219 -6.196982383728027
      vertex -45.29999923706055 -0.627131462097168 -2.067376136779785
      vertex -45.29999923706055 -1.018406867980957 -1.9053049087524414
    endloop
  endfacet
  facet normal 1 0 0
    outer loop
      vertex -45.29999923706055 -51.69999694824219 -6.196982383728027
      vertex -45.29999923706055 7.999999523162842 -6.196982383728027
      vertex -45.29999923706055 -0.627131462097168 -2.067376136779785
    endloop
  endfacet
  facet normal 0.9626375464573877 0.19147967732776192 0.19147973083581699
    outer loop
      vertex -45.29999923706055 -51.69999694824219 -6.196982383728027
      vertex -45.223140716552734 -59.165374755859375 0.8819978833198547
      vertex -45.223140716552734 -51.69999694824219 -6.583377838134766
    endloop
  endfacet
  facet normal 0.980785432942398 0 0.1950895551483809
    outer loop
      vertex -45.29999923706055 -51.69999694824219 -6.196982383728027
      vertex -45.223140716552734 -51.69999694824219 -6.583377838134766
      vertex -45.223140716552734 7.999999523162842 -6.583377838134766
    endloop
  endfacet
  facet normal 0.980785432942398 0 0.1950895551483809
    outer loop
      vertex -45.29999923706055 -51.69999694824219 -6.196982383728027
      vertex -45.223140716552734 7.999999523162842 -6.583377838134766
      vertex -45.29999923706055 7.999999523162842 -6.196982383728027
    endloop
  endfacet
  facet normal 1 0 0
    outer loop
      vertex -45.29999923706055 -48.729061126708984 -0.7968282699584961
      vertex -45.29999923706055 -1.9053049087524414 -1.018406867980957
      vertex -45.29999923706055 -48.59226608276367 -0.5920963287353516
    endloop
  endfacet
  facet normal 1 0 0
    outer loop
      vertex -45.29999923706055 -48.729061126708984 -0.7968282699584961
      vertex -45.29999923706055 -1.670013427734375 -1.37054443359375
      vertex -45.29999923706055 -1.9053049087524414 -1.018406867980957
    endloop
  endfacet
  facet normal 1 0 0
    outer loop
      vertex -45.29999923706055 -48.729061126708984 0.7968282699584961
      vertex -45.29999923706055 -48.59226608276367 0.5920963287353516
      vertex -45.29999923706055 -6.901508331298828 6
    endloop
  endfacet
  facet normal 1 0 0
    outer loop
      vertex -45.29999923706055 -48.59226608276367 -0.5920963287353516
      vertex -45.29999923706055 -6.901508331298828 6
      vertex -45.29999923706055 -48.49803924560547 -0.3646106719970703
    endloop
  endfacet
  facet normal 1 0 0
    outer loop
      vertex -45.29999923706055 -48.59226608276367 -0.5920963287353516
      vertex -45.29999923706055 -1.9053049087524414 -1.018406867980957
      vertex -45.29999923706055 -6.901508331298828 6
    endloop
  endfacet
  facet normal 1 0 0
    outer loop
      vertex -45.29999923706055 -48.59226608276367 0.5920963287353516
      vertex -45.29999923706055 -48.49803924560547 0.3646106719970703
      vertex -45.29999923706055 -6.901508331298828 6
    endloop
  endfacet
  facet normal 1 0 0
    outer loop
      vertex -45.29999923706055 -48.49803924560547 -0.3646106719970703
      vertex -45.29999923706055 -6.901508331298828 6
      vertex -45.29999923706055 -48.45000076293945 -0.12311363220214844
    endloop
  endfacet
  facet normal 1 0 0
    outer loop
      vertex -45.29999923706055 -48.49803924560547 0.3646106719970703
      vertex -45.29999923706055 -48.45000076293945 0.12311363220214844
      vertex -45.29999923706055 -6.901508331298828 6
    endloop
  endfacet
  facet normal 1 0 0
    outer loop
      vertex -45.29999923706055 -48.45000076293945 -0.12311363220214844
      vertex -45.29999923706055 -6.901508331298828 6
      vertex -45.29999923706055 -48.45000076293945 0.12311363220214844
    endloop
  endfacet
  facet normal 1 0 0
    outer loop
      vertex -45.29999923706055 -6.901508331298828 6
      vertex -45.29999923706055 -2.1499996185302734 -0.21175575256347656
      vertex -45.29999923706055 -2.1499996185302734 0.21175575256347656
    endloop
  endfacet
  facet normal 1 0 0
    outer loop
      vertex -45.29999923706055 -6.901508331298828 6
      vertex -45.29999923706055 -2.1499996185302734 0.21175575256347656
      vertex -45.29999923706055 -2.067376136779785 0.627131462097168
    endloop
  endfacet
  facet normal 1 0 0
    outer loop
      vertex -45.29999923706055 -6.901508331298828 6
      vertex -45.29999923706055 -2.067376136779785 -0.627131462097168
      vertex -45.29999923706055 -2.1499996185302734 -0.21175575256347656
    endloop
  endfacet
  facet normal 1 0 0
    outer loop
      vertex -45.29999923706055 -6.901508331298828 6
      vertex -45.29999923706055 -2.067376136779785 0.627131462097168
      vertex -45.29999923706055 -6.708310127258301 6.038429260253906
    endloop
  endfacet
  facet normal 1 0 0
    outer loop
      vertex -45.29999923706055 -6.901508331298828 6
      vertex -45.29999923706055 -1.9053049087524414 -1.018406867980957
      vertex -45.29999923706055 -2.067376136779785 -0.627131462097168
    endloop
  endfacet
  facet normal 1 0 0
    outer loop
      vertex -45.29999923706055 -6.708310127258301 6.038429260253906
      vertex -45.29999923706055 -2.067376136779785 0.627131462097168
      vertex -45.29999923706055 -1.9053049087524414 1.018406867980957
    endloop
  endfacet
  facet normal 1 0 0
    outer loop
      vertex -45.29999923706055 -6.708310127258301 6.038429260253906
      vertex -45.29999923706055 -1.9053049087524414 1.018406867980957
      vertex -45.29999923706055 -6.526322364807129 6.113811492919922
    endloop
  endfacet
  facet normal 1 0 0
    outer loop
      vertex -45.29999923706055 -6.526322364807129 6.113811492919922
      vertex -45.29999923706055 -1.9053049087524414 1.018406867980957
      vertex -45.29999923706055 -1.670013427734375 1.37054443359375
    endloop
  endfacet
  facet normal 1 0 0
    outer loop
      vertex -45.29999923706055 -6.526322364807129 6.113811492919922
      vertex -45.29999923706055 -1.670013427734375 1.37054443359375
      vertex -45.29999923706055 -6.362536430358887 6.223248481750488
    endloop
  endfacet
  facet normal 1 0 0
    outer loop
      vertex -45.29999923706055 -6.362536430358887 6.223248481750488
      vertex -45.29999923706055 -1.670013427734375 1.37054443359375
      vertex -45.29999923706055 -6.223248481750488 6.362536430358887
    endloop
  endfacet
  facet normal 1 0 0
    outer loop
      vertex -45.29999923706055 -6.223248481750488 6.362536430358887
      vertex -45.29999923706055 -1.670013427734375 1.37054443359375
      vertex -45.29999923706055 -1.37054443359375 1.670013427734375
    endloop
  endfacet
  facet normal 1 0 0
    outer loop
      vertex -45.29999923706055 -6.223248481750488 6.362536430358887
      vertex -45.29999923706055 -1.37054443359375 1.670013427734375
      vertex -45.29999923706055 -6.113811492919922 6.526322364807129
    endloop
  endfacet
  facet normal 1 0 0
    outer loop
      vertex -45.29999923706055 -6.113811492919922 6.526322364807129
      vertex -45.29999923706055 -1.37054443359375 1.670013427734375
      vertex -45.29999923706055 -6.038429260253906 6.708310127258301
    endloop
  endfacet
  facet normal 1 0 0
    outer loop
      vertex -45.29999923706055 -6.038429260253906 6.708310127258301
      vertex -45.29999923706055 -1.37054443359375 1.670013427734375
      vertex -45.29999923706055 -6 6.901508331298828
    endloop
  endfacet
  facet normal 1 0 0
    outer loop
      vertex -45.29999923706055 -6 6.901508331298828
      vertex -45.29999923706055 -1.37054443359375 1.670013427734375
      vertex -45.29999923706055 -1.25 39.87688446044922
    endloop
  endfacet
  facet normal 1 0 0
    outer loop
      vertex -45.29999923706055 -6 6.901508331298828
      vertex -45.29999923706055 -1.25 39.87688446044922
      vertex -45.29999923706055 -6 46.196983337402344
    endloop
  endfacet
  facet normal 1 0 0
    outer loop
      vertex -45.29999923706055 -6 46.196983337402344
      vertex -45.29999923706055 -1.25 39.87688446044922
      vertex -45.29999923706055 -1.25 40.12311553955078
    endloop
  endfacet
  facet normal 1 0 0
    outer loop
      vertex -45.29999923706055 -6 46.196983337402344
      vertex -45.29999923706055 -1.25 40.12311553955078
      vertex -45.29999923706055 -1.2019624710083008 40.36460876464844
    endloop
  endfacet
  facet normal 1 0 0
    outer loop
      vertex -45.29999923706055 -6 46.196983337402344
      vertex -45.29999923706055 -1.2019624710083008 40.36460876464844
      vertex -45.29999923706055 -1.1077346801757812 40.59209442138672
    endloop
  endfacet
  facet normal 1 0 0
    outer loop
      vertex -45.29999923706055 -6 46.196983337402344
      vertex -45.29999923706055 -1.1077346801757812 40.59209442138672
      vertex -45.29999923706055 -0.9709377288818359 40.79682922363281
    endloop
  endfacet
  facet normal 1 0 0
    outer loop
      vertex -45.29999923706055 -6 46.196983337402344
      vertex -45.29999923706055 -0.9709377288818359 40.79682922363281
      vertex -45.29999923706055 -0.7968282699584961 40.97093963623047
    endloop
  endfacet
  facet normal 1 0 0
    outer loop
      vertex -45.29999923706055 -6 46.196983337402344
      vertex -45.29999923706055 -0.7968282699584961 40.97093963623047
      vertex -45.29999923706055 -0.5920963287353516 41.10773468017578
    endloop
  endfacet
  facet normal 1 0 0
    outer loop
      vertex -45.29999923706055 -6 46.196983337402344
      vertex -45.29999923706055 -0.5920963287353516 41.10773468017578
      vertex -45.29999923706055 -0.3646106719970703 41.201961517333984
    endloop
  endfacet
  facet normal 1 0 0
    outer loop
      vertex -45.29999923706055 -6 46.196983337402344
      vertex -45.29999923706055 -0.3646106719970703 41.201961517333984
      vertex -45.29999923706055 -0.12311363220214844 41.25
    endloop
  endfacet
  facet normal 1 0 0
    outer loop
      vertex -45.29999923706055 -6 46.196983337402344
      vertex -45.29999923706055 -0.12311363220214844 41.25
      vertex -45.29999923706055 0.12311363220214844 41.25
    endloop
  endfacet
  facet normal 1 0 0
    outer loop
      vertex -45.29999923706055 -6 46.196983337402344
      vertex -45.29999923706055 0.12311363220214844 41.25
      vertex -45.29999923706055 7.999999523162842 46.196983337402344
    endloop
  endfacet
  facet normal 0.9807853408101498 0 -0.19509001832979136
    outer loop
      vertex -45.29999923706055 -6 46.196983337402344
      vertex -45.29999923706055 7.999999523162842 46.196983337402344
      vertex -45.223140716552734 -6 46.583377838134766
    endloop
  endfacet
  facet normal 1 0 0
    outer loop
      vertex -45.29999923706055 -1.37054443359375 1.670013427734375
      vertex -45.29999923706055 -1.2019624710083008 39.63539123535156
      vertex -45.29999923706055 -1.25 39.87688446044922
    endloop
  endfacet
  facet normal 1 0 0
    outer loop
      vertex -45.29999923706055 -1.37054443359375 1.670013427734375
      vertex -45.29999923706055 -1.1077346801757812 39.40790557861328
      vertex -45.29999923706055 -1.2019624710083008 39.63539123535156
    endloop
  endfacet
  facet normal 1 0 0
    outer loop
      vertex -45.29999923706055 -1.37054443359375 1.670013427734375
      vertex -45.29999923706055 -1.018406867980957 1.9053049087524414
      vertex -45.29999923706055 -0.7968282699584961 39.02906036376953
    endloop
  endfacet
  facet normal 1 0 0
    outer loop
      vertex -45.29999923706055 -1.37054443359375 1.670013427734375
      vertex -45.29999923706055 -0.9709377288818359 39.20317077636719
      vertex -45.29999923706055 -1.1077346801757812 39.40790557861328
    endloop
  endfacet
  facet normal 1 0 0
    outer loop
      vertex -45.29999923706055 -1.37054443359375 1.670013427734375
      vertex -45.29999923706055 -0.7968282699584961 39.02906036376953
      vertex -45.29999923706055 -0.9709377288818359 39.20317077636719
    endloop
  endfacet
  facet normal 1 0 0
    outer loop
      vertex -45.29999923706055 -1.018406867980957 1.9053049087524414
      vertex -45.29999923706055 -0.627131462097168 2.067376136779785
      vertex -45.29999923706055 -0.5920963287353516 38.89226531982422
    endloop
  endfacet
  facet normal 1 0 0
    outer loop
      vertex -45.29999923706055 -1.018406867980957 1.9053049087524414
      vertex -45.29999923706055 -0.5920963287353516 38.89226531982422
      vertex -45.29999923706055 -0.7968282699584961 39.02906036376953
    endloop
  endfacet
  facet normal 1 0 0
    outer loop
      vertex -45.29999923706055 -0.627131462097168 -2.067376136779785
      vertex -45.29999923706055 7.999999523162842 -6.196982383728027
      vertex -45.29999923706055 -0.21175575256347656 -2.1499996185302734
    endloop
  endfacet
  facet normal 1 0 0
    outer loop
      vertex -45.29999923706055 -0.627131462097168 2.067376136779785
      vertex -45.29999923706055 -0.3646106719970703 38.798038482666016
      vertex -45.29999923706055 -0.5920963287353516 38.89226531982422
    endloop
  endfacet
  facet normal 1 0 0
    outer loop
      vertex -45.29999923706055 -0.627131462097168 2.067376136779785
      vertex -45.29999923706055 -0.21175575256347656 2.1499996185302734
      vertex -45.29999923706055 -0.3646106719970703 38.798038482666016
    endloop
  endfacet
  facet normal 1 0 0
    outer loop
      vertex -45.29999923706055 -0.3646106719970703 38.798038482666016
      vertex -45.29999923706055 -0.21175575256347656 2.1499996185302734
      vertex -45.29999923706055 -0.12311363220214844 38.75
    endloop
  endfacet
  facet normal 1 0 0
    outer loop
      vertex -45.29999923706055 -0.21175575256347656 -2.1499996185302734
      vertex -45.29999923706055 7.999999523162842 -6.196982383728027
      vertex -45.29999923706055 0.21175575256347656 -2.1499996185302734
    endloop
  endfacet
  facet normal 1 0 0
    outer loop
      vertex -45.29999923706055 -0.21175575256347656 2.1499996185302734
      vertex -45.29999923706055 0.21175575256347656 2.1499996185302734
      vertex -45.29999923706055 -0.12311363220214844 38.75
    endloop
  endfacet
  facet normal 1 0 0
    outer loop
      vertex -45.29999923706055 -0.12311363220214844 38.75
      vertex -45.29999923706055 0.21175575256347656 2.1499996185302734
      vertex -45.29999923706055 0.12311363220214844 38.75
    endloop
  endfacet
  facet normal 1 0 0
    outer loop
      vertex -45.29999923706055 0.12311363220214844 38.75
      vertex -45.29999923706055 0.21175575256347656 2.1499996185302734
      vertex -45.29999923706055 0.3646106719970703 38.798038482666016
    endloop
  endfacet
  facet normal 1 0 0
    outer loop
      vertex -45.29999923706055 0.12311363220214844 41.25
      vertex -45.29999923706055 0.3646106719970703 41.201961517333984
      vertex -45.29999923706055 7.999999523162842 46.196983337402344
    endloop
  endfacet
  facet normal 1 0 0
    outer loop
      vertex -45.29999923706055 0.21175575256347656 -2.1499996185302734
      vertex -45.29999923706055 7.999999523162842 -6.196982383728027
      vertex -45.29999923706055 0.627131462097168 -2.067376136779785
    endloop
  endfacet
  facet normal 1 0 0
    outer loop
      vertex -45.29999923706055 0.21175575256347656 2.1499996185302734
      vertex -45.29999923706055 0.627131462097168 2.067376136779785
      vertex -45.29999923706055 0.3646106719970703 38.798038482666016
    endloop
  endfacet
  facet normal 1 0 0
    outer loop
      vertex -45.29999923706055 0.3646106719970703 38.798038482666016
      vertex -45.29999923706055 0.627131462097168 2.067376136779785
      vertex -45.29999923706055 0.5920963287353516 38.89226531982422
    endloop
  endfacet
  facet normal 1 0 0
    outer loop
      vertex -45.29999923706055 0.3646106719970703 41.201961517333984
      vertex -45.29999923706055 0.5920963287353516 41.10773468017578
      vertex -45.29999923706055 7.999999523162842 46.196983337402344
    endloop
  endfacet
  facet normal 1 0 0
    outer loop
      vertex -45.29999923706055 0.5920963287353516 38.89226531982422
      vertex -45.29999923706055 0.627131462097168 2.067376136779785
      vertex -45.29999923706055 1.018406867980957 1.9053049087524414
    endloop
  endfacet
  facet normal 1 0 0
    outer loop
      vertex -45.29999923706055 0.5920963287353516 38.89226531982422
      vertex -45.29999923706055 1.018406867980957 1.9053049087524414
      vertex -45.29999923706055 0.7968282699584961 39.02906036376953
    endloop
  endfacet
  facet normal 1 0 0
    outer loop
      vertex -45.29999923706055 0.5920963287353516 41.10773468017578
      vertex -45.29999923706055 0.7968282699584961 40.97093963623047
      vertex -45.29999923706055 7.999999523162842 46.196983337402344
    endloop
  endfacet
  facet normal 1 0 0
    outer loop
      vertex -45.29999923706055 0.627131462097168 -2.067376136779785
      vertex -45.29999923706055 7.999999523162842 -6.196982383728027
      vertex -45.29999923706055 1.018406867980957 -1.9053049087524414
    endloop
  endfacet
  facet normal 1 0 0
    outer loop
      vertex -45.29999923706055 0.7968282699584961 39.02906036376953
      vertex -45.29999923706055 1.018406867980957 1.9053049087524414
      vertex -45.29999923706055 1.37054443359375 1.670013427734375
    endloop
  endfacet
  facet normal 1 0 0
    outer loop
      vertex -45.29999923706055 0.7968282699584961 39.02906036376953
      vertex -45.29999923706055 1.37054443359375 1.670013427734375
      vertex -45.29999923706055 0.9709377288818359 39.20317077636719
    endloop
  endfacet
  facet normal 1 0 0
    outer loop
      vertex -45.29999923706055 0.7968282699584961 40.97093963623047
      vertex -45.29999923706055 0.9709377288818359 40.79682922363281
      vertex -45.29999923706055 7.999999523162842 46.196983337402344
    endloop
  endfacet
  facet normal 1 0 0
    outer loop
      vertex -45.29999923706055 0.9709377288818359 39.20317077636719
      vertex -45.29999923706055 1.37054443359375 1.670013427734375
      vertex -45.29999923706055 1.670013427734375 1.37054443359375
    endloop
  endfacet
  facet normal 1 0 0
    outer loop
      vertex -45.29999923706055 0.9709377288818359 39.20317077636719
      vertex -45.29999923706055 1.670013427734375 1.37054443359375
      vertex -45.29999923706055 7.999999523162842 46.196983337402344
    endloop
  endfacet
  facet normal 1 0 0
    outer loop
      vertex -45.29999923706055 0.9709377288818359 39.20317077636719
      vertex -45.29999923706055 7.999999523162842 46.196983337402344
      vertex -45.29999923706055 1.1077346801757812 39.40790557861328
    endloop
  endfacet
  facet normal 1 0 0
    outer loop
      vertex -45.29999923706055 0.9709377288818359 40.79682922363281
      vertex -45.29999923706055 1.1077346801757812 40.59209442138672
      vertex -45.29999923706055 7.999999523162842 46.196983337402344
    endloop
  endfacet
  facet normal 1 0 0
    outer loop
      vertex -45.29999923706055 1.018406867980957 -1.9053049087524414
      vertex -45.29999923706055 7.999999523162842 -6.196982383728027
      vertex -45.29999923706055 1.37054443359375 -1.670013427734375
    endloop
  endfacet
  facet normal 1 0 0
    outer loop
      vertex -45.29999923706055 1.1077346801757812 39.40790557861328
      vertex -45.29999923706055 7.999999523162842 46.196983337402344
      vertex -45.29999923706055 1.2019624710083008 39.63539123535156
    endloop
  endfacet
  facet normal 1 0 0
    outer loop
      vertex -45.29999923706055 1.1077346801757812 40.59209442138672
      vertex -45.29999923706055 1.2019624710083008 40.36460876464844
      vertex -45.29999923706055 7.999999523162842 46.196983337402344
    endloop
  endfacet
  facet normal 1 0 0
    outer loop
      vertex -45.29999923706055 1.2019624710083008 39.63539123535156
      vertex -45.29999923706055 7.999999523162842 46.196983337402344
      vertex -45.29999923706055 1.25 39.87688446044922
    endloop
  endfacet
  facet normal 1 0 0
    outer loop
      vertex -45.29999923706055 1.2019624710083008 40.36460876464844
      vertex -45.29999923706055 1.25 40.12311553955078
      vertex -45.29999923706055 7.999999523162842 46.196983337402344
    endloop
  endfacet
  facet normal 1 0 0
    outer loop
      vertex -45.29999923706055 1.25 39.87688446044922
      vertex -45.29999923706055 7.999999523162842 46.196983337402344
      vertex -45.29999923706055 1.25 40.12311553955078
    endloop
  endfacet
  facet normal 1 0 0
    outer loop
      vertex -45.29999923706055 1.37054443359375 -1.670013427734375
      vertex -45.29999923706055 7.999999523162842 -6.196982383728027
      vertex -45.29999923706055 1.670013427734375 -1.37054443359375
    endloop
  endfacet
  facet normal 1 0 0
    outer loop
      vertex -45.29999923706055 1.670013427734375 -1.37054443359375
      vertex -45.29999923706055 7.999999523162842 -6.196982383728027
      vertex -45.29999923706055 1.9053049087524414 -1.018406867980957
    endloop
  endfacet
  facet normal 1 0 0
    outer loop
      vertex -45.29999923706055 1.670013427734375 1.37054443359375
      vertex -45.29999923706055 1.9053049087524414 1.018406867980957
      vertex -45.29999923706055 7.999999523162842 46.196983337402344
    endloop
  endfacet
  facet normal 1 0 0
    outer loop
      vertex -45.29999923706055 1.9053049087524414 -1.018406867980957
      vertex -45.29999923706055 7.999999523162842 -6.196982383728027
      vertex -45.29999923706055 2.067376136779785 -0.627131462097168
    endloop
  endfacet
  facet normal 1 0 0
    outer loop
      vertex -45.29999923706055 1.9053049087524414 1.018406867980957
      vertex -45.29999923706055 2.067376136779785 0.627131462097168
      vertex -45.29999923706055 7.999999523162842 -6.196982383728027
    endloop
  endfacet
  facet normal 1 0 0
    outer loop
      vertex -45.29999923706055 1.9053049087524414 1.018406867980957
      vertex -45.29999923706055 7.999999523162842 -6.196982383728027
      vertex -45.29999923706055 7.999999523162842 46.196983337402344
    endloop
  endfacet
  facet normal 1 0 0
    outer loop
      vertex -45.29999923706055 2.067376136779785 -0.627131462097168
      vertex -45.29999923706055 7.999999523162842 -6.196982383728027
      vertex -45.29999923706055 2.1499996185302734 -0.21175575256347656
    endloop
  endfacet
  facet normal 1 0 0
    outer loop
      vertex -45.29999923706055 2.067376136779785 0.627131462097168
      vertex -45.29999923706055 2.1499996185302734 0.21175575256347656
      vertex -45.29999923706055 7.999999523162842 -6.196982383728027
    endloop
  endfacet
  facet normal 1 0 0
    outer loop
      vertex -45.29999923706055 2.1499996185302734 -0.21175575256347656
      vertex -45.29999923706055 7.999999523162842 -6.196982383728027
      vertex -45.29999923706055 2.1499996185302734 0.21175575256347656
    endloop
  endfacet
  facet normal 0 -1 0
    outer loop
      vertex -45.29999923706055 7.999999523162842 -6.196982383728027
      vertex -45.223140716552734 7.999999523162842 -6.583377838134766
      vertex -43.49698257446289 7.999999523162842 -8
    endloop
  endfacet
  facet normal 0 -1 0
    outer loop
      vertex -45.29999923706055 7.999999523162842 -6.196982383728027
      vertex -43.49698257446289 7.999999523162842 -8
      vertex -2.000000476837158 7.999999523162842 -6.196982383728027
    endloop
  endfacet
  facet normal 0 -1 0
    outer loop
      vertex -45.29999923706055 7.999999523162842 -6.196982383728027
      vertex -2.000000476837158 7.999999523162842 -6.196982383728027
      vertex -2.000000476837158 7.999999523162842 46.196983337402344
    endloop
  endfacet
  facet normal 0 -1 0
    outer loop
      vertex -45.29999923706055 7.999999523162842 -6.196982383728027
      vertex -2.000000476837158 7.999999523162842 46.196983337402344
      vertex -45.29999923706055 7.999999523162842 46.196983337402344
    endloop
  endfacet
  facet normal 0.9807853408101498 0 -0.19509001832979136
    outer loop
      vertex -45.29999923706055 7.999999523162842 46.196983337402344
      vertex -45.223140716552734 7.999999523162842 46.583377838134766
      vertex -45.223140716552734 -6 46.583377838134766
    endloop
  endfacet
  facet normal 0 -1 0
    outer loop
      vertex -45.29999923706055 7.999999523162842 46.196983337402344
      vertex -45.0723762512207 7.999999523162842 46.94735336303711
      vertex -45.223140716552734 7.999999523162842 46.583377838134766
    endloop
  endfacet
  facet normal 0 -1 0
    outer loop
      vertex -45.29999923706055 7.999999523162842 46.196983337402344
      vertex -44.85350036621094 7.999999523162842 47.274925231933594
      vertex -45.0723762512207 7.999999523162842 46.94735336303711
    endloop
  endfacet
  facet normal 0 -1 0
    outer loop
      vertex -45.29999923706055 7.999999523162842 46.196983337402344
      vertex -44.57492446899414 7.999999523162842 47.55350112915039
      vertex -44.85350036621094 7.999999523162842 47.274925231933594
    endloop
  endfacet
  facet normal 0 -1 0
    outer loop
      vertex -45.29999923706055 7.999999523162842 46.196983337402344
      vertex -44.24735641479492 7.999999523162842 47.772377014160156
      vertex -44.57492446899414 7.999999523162842 47.55350112915039
    endloop
  endfacet
  facet normal 0 -1 0
    outer loop
      vertex -45.29999923706055 7.999999523162842 46.196983337402344
      vertex -43.88337707519531 7.999999523162842 47.92314147949219
      vertex -44.24735641479492 7.999999523162842 47.772377014160156
    endloop
  endfacet
  facet normal 0 -1 0
    outer loop
      vertex -45.29999923706055 7.999999523162842 46.196983337402344
      vertex -43.49698257446289 7.999999523162842 48
      vertex -43.88337707519531 7.999999523162842 47.92314147949219
    endloop
  endfacet
  facet normal 0 -1 0
    outer loop
      vertex -45.29999923706055 7.999999523162842 46.196983337402344
      vertex -3.803018093109131 7.999999523162842 48
      vertex -43.49698257446289 7.999999523162842 48
    endloop
  endfacet
  facet normal 0 -1 0
    outer loop
      vertex -45.29999923706055 7.999999523162842 46.196983337402344
      vertex -2.000000476837158 7.999999523162842 46.196983337402344
      vertex -3.803018093109131 7.999999523162842 48
    endloop
  endfacet
  facet normal 0.8628551356815949 0.35740799056190115 0.35740809043780813
    outer loop
      vertex -45.223140716552734 -59.165374755859375 0.8819978833198547
      vertex -45.0723762512207 -59.27198028564453 0.6246275901794434
      vertex -45.223140716552734 -51.69999694824219 -6.583377838134766
    endloop
  endfacet
  facet normal 0.8628555408429446 0.35740751766776385 0.3574075851897893
    outer loop
      vertex -45.223140716552734 -51.69999694824219 -6.583377838134766
      vertex -45.0723762512207 -59.27198028564453 0.6246275901794434
      vertex -45.0723762512207 -51.69999694824219 -6.947354316711426
    endloop
  endfacet
  facet normal 0.9238791093574825 0 0.38268445394714545
    outer loop
      vertex -45.223140716552734 -51.69999694824219 -6.583377838134766
      vertex -45.0723762512207 -51.69999694824219 -6.947354316711426
      vertex -45.0723762512207 7.999999523162842 -6.947354316711426
    endloop
  endfacet
  facet normal 0.9238791093574825 0 0.38268445394714545
    outer loop
      vertex -45.223140716552734 -51.69999694824219 -6.583377838134766
      vertex -45.0723762512207 7.999999523162842 -6.947354316711426
      vertex -45.223140716552734 7.999999523162842 -6.583377838134766
    endloop
  endfacet
  facet normal 0.9238787548503221 0 -0.3826853097993422
    outer loop
      vertex -45.223140716552734 -6 46.583377838134766
      vertex -45.223140716552734 7.999999523162842 46.583377838134766
      vertex -45.0723762512207 -6 46.94735336303711
    endloop
  endfacet
  facet normal 0 -1 0
    outer loop
      vertex -45.223140716552734 7.999999523162842 -6.583377838134766
      vertex -45.0723762512207 7.999999523162842 -6.947354316711426
      vertex -43.49698257446289 7.999999523162842 -8
    endloop
  endfacet
  facet normal 0.9238787548503221 0 -0.3826853097993422
    outer loop
      vertex -45.223140716552734 7.999999523162842 46.583377838134766
      vertex -45.0723762512207 7.999999523162842 46.94735336303711
      vertex -45.0723762512207 -6 46.94735336303711
    endloop
  endfacet
  facet normal 0.726830887729102 0.48565253604063285 0.48565262779092144
    outer loop
      vertex -45.0723762512207 -59.27198028564453 0.6246275901794434
      vertex -44.85350036621094 -59.367923736572266 0.39299994707107544
      vertex -45.0723762512207 -51.69999694824219 -6.947354316711426
    endloop
  endfacet
  facet normal 0.7268307231342434 0.4856526541188313 0.4856527560464242
    outer loop
      vertex -45.0723762512207 -51.69999694824219 -6.947354316711426
      vertex -44.85350036621094 -59.367923736572266 0.39299994707107544
      vertex -44.85350036621094 -51.69999694824219 -7.274925231933594
    endloop
  endfacet
  facet normal 0.8314696157560884 0 0.5555702278510096
    outer loop
      vertex -45.0723762512207 -51.69999694824219 -6.947354316711426
      vertex -44.85350036621094 -51.69999694824219 -7.274925231933594
      vertex -44.85350036621094 7.999999523162842 -7.274925231933594
    endloop
  endfacet
  facet normal 0.8314696157560884 0 0.5555702278510096
    outer loop
      vertex -45.0723762512207 -51.69999694824219 -6.947354316711426
      vertex -44.85350036621094 7.999999523162842 -7.274925231933594
      vertex -45.0723762512207 7.999999523162842 -6.947354316711426
    endloop
  endfacet
  facet normal 0.8314703629232119 0 -0.5555691096347443
    outer loop
      vertex -45.0723762512207 -6 46.94735336303711
      vertex -45.0723762512207 7.999999523162842 46.94735336303711
      vertex -44.85350036621094 -6 47.274925231933594
    endloop
  endfacet
  facet normal 0 -1 0
    outer loop
      vertex -45.0723762512207 7.999999523162842 -6.947354316711426
      vertex -44.85350036621094 7.999999523162842 -7.274925231933594
      vertex -43.49698257446289 7.999999523162842 -8
    endloop
  endfacet
  facet normal 0.8314703629232119 0 -0.5555691096347443
    outer loop
      vertex -45.0723762512207 7.999999523162842 46.94735336303711
      vertex -44.85350036621094 7.999999523162842 47.274925231933594
      vertex -44.85350036621094 -6 47.274925231933594
    endloop
  endfacet
  facet normal 0.5773592451630457 0.5773182129950787 0.5773733479897796
    outer loop
      vertex -44.85350036621094 -59.367923736572266 0.39299994707107544
      vertex -44.76937484741211 -59.39256286621094 0.3335132598876953
      vertex -44.57492446899414 -59.42482376098633 0.1713254451751709
    endloop
  endfacet
  facet normal 0.5773483785563674 0.5773512055942668 0.5773512234135995
    outer loop
      vertex -44.85350036621094 -59.367923736572266 0.39299994707107544
      vertex -44.57492446899414 -59.42482376098633 0.1713254451751709
      vertex -44.57492446899414 -51.69999694824219 -7.553501129150391
    endloop
  endfacet
  facet normal 0.5773503095805721 0.5773501884077247 0.5773503095805721
    outer loop
      vertex -44.85350036621094 -59.367923736572266 0.39299994707107544
      vertex -44.57492446899414 -51.69999694824219 -7.553501129150391
      vertex -44.85350036621094 -51.69999694824219 -7.274925231933594
    endloop
  endfacet
  facet normal 0.7071067811865475 0 0.7071067811865475
    outer loop
      vertex -44.85350036621094 -51.69999694824219 -7.274925231933594
      vertex -44.57492446899414 -51.69999694824219 -7.553501129150391
      vertex -44.57492446899414 7.999999523162842 -7.553501129150391
    endloop
  endfacet
  facet normal 0.7071067811865475 0 0.7071067811865475
    outer loop
      vertex -44.85350036621094 -51.69999694824219 -7.274925231933594
      vertex -44.57492446899414 7.999999523162842 -7.553501129150391
      vertex -44.85350036621094 7.999999523162842 -7.274925231933594
    endloop
  endfacet
  facet normal 0.7071067811865475 0 -0.7071067811865475
    outer loop
      vertex -44.85350036621094 -6 47.274925231933594
      vertex -44.85350036621094 7.999999523162842 47.274925231933594
      vertex -44.57492446899414 -6 47.55350112915039
    endloop
  endfacet
  facet normal 0 -1 0
    outer loop
      vertex -44.85350036621094 7.999999523162842 -7.274925231933594
      vertex -44.57492446899414 7.999999523162842 -7.553501129150391
      vertex -43.49698257446289 7.999999523162842 -8
    endloop
  endfacet
  facet normal 0.7071067811865475 0 -0.7071067811865475
    outer loop
      vertex -44.85350036621094 7.999999523162842 47.274925231933594
      vertex -44.57492446899414 7.999999523162842 47.55350112915039
      vertex -44.57492446899414 -6 47.55350112915039
    endloop
  endfacet
  facet normal 0.4271971861891263 0.639336496344184 0.6393366942030123
    outer loop
      vertex -44.57492446899414 -59.42482376098633 0.1713254451751709
      vertex -44.24735641479492 -59.46113967895508 -0.011235731653869152
      vertex -44.24735641479492 -51.69999694824219 -7.77237606048584
    endloop
  endfacet
  facet normal 0.4271937034958504 0.6393377489488863 0.6393377686813678
    outer loop
      vertex -44.57492446899414 -59.42482376098633 0.1713254451751709
      vertex -44.24735641479492 -51.69999694824219 -7.77237606048584
      vertex -44.57492446899414 -51.69999694824219 -7.553501129150391
    endloop
  endfacet
  facet normal 0.5555719089847811 0 0.8314684924559714
    outer loop
      vertex -44.57492446899414 -51.69999694824219 -7.553501129150391
      vertex -44.24735641479492 -51.69999694824219 -7.77237606048584
      vertex -44.57492446899414 7.999999523162842 -7.553501129150391
    endloop
  endfacet
  facet normal 0.5555735825207849 0 -0.8314673742276487
    outer loop
      vertex -44.57492446899414 -6 47.55350112915039
      vertex -44.57492446899414 7.999999523162842 47.55350112915039
      vertex -44.24735641479492 7.999999523162842 47.772377014160156
    endloop
  endfacet
  facet normal 0.5555735825207849 0 -0.8314673742276487
    outer loop
      vertex -44.57492446899414 -6 47.55350112915039
      vertex -44.24735641479492 7.999999523162842 47.772377014160156
      vertex -44.24735641479492 -6 47.772377014160156
    endloop
  endfacet
  facet normal 0.5555719089847811 0 0.8314684924559714
    outer loop
      vertex -44.57492446899414 7.999999523162842 -7.553501129150391
      vertex -44.24735641479492 -51.69999694824219 -7.77237606048584
      vertex -44.24735641479492 7.999999523162842 -7.77237606048584
    endloop
  endfacet
  facet normal 0 -1 0
    outer loop
      vertex -44.57492446899414 7.999999523162842 -7.553501129150391
      vertex -44.24735641479492 7.999999523162842 -7.77237606048584
      vertex -43.49698257446289 7.999999523162842 -8
    endloop
  endfacet
  facet normal 0.28108255876171706 0.6785986926416995 0.6785988575770978
    outer loop
      vertex -44.24735641479492 -59.46113967895508 -0.011235731653869152
      vertex -43.88337707519531 -59.48615264892578 -0.13698671758174896
      vertex -43.88337707519531 -51.69999694824219 -7.923140525817871
    endloop
  endfacet
  facet normal 0.281083452539921 0.6785984849983143 0.6785986950077568
    outer loop
      vertex -44.24735641479492 -59.46113967895508 -0.011235731653869152
      vertex -43.88337707519531 -51.69999694824219 -7.923140525817871
      vertex -44.24735641479492 -51.69999694824219 -7.77237606048584
    endloop
  endfacet
  facet normal 0.38268188641155365 0 0.9238801728646928
    outer loop
      vertex -44.24735641479492 -51.69999694824219 -7.77237606048584
      vertex -43.88337707519531 -51.69999694824219 -7.923140525817871
      vertex -44.24735641479492 7.999999523162842 -7.77237606048584
    endloop
  endfacet
  facet normal 0.38268188641155365 0 -0.9238801728646929
    outer loop
      vertex -44.24735641479492 -6 47.772377014160156
      vertex -44.24735641479492 7.999999523162842 47.772377014160156
      vertex -43.88337707519531 7.999999523162842 47.92314147949219
    endloop
  endfacet
  facet normal 0.38268188641155365 0 -0.9238801728646929
    outer loop
      vertex -44.24735641479492 -6 47.772377014160156
      vertex -43.88337707519531 7.999999523162842 47.92314147949219
      vertex -43.88337707519531 -6 47.92314147949219
    endloop
  endfacet
  facet normal 0.38268188641155365 0 0.9238801728646928
    outer loop
      vertex -44.24735641479492 7.999999523162842 -7.77237606048584
      vertex -43.88337707519531 -51.69999694824219 -7.923140525817871
      vertex -43.88337707519531 7.999999523162842 -7.923140525817871
    endloop
  endfacet
  facet normal 0 -1 0
    outer loop
      vertex -44.24735641479492 7.999999523162842 -7.77237606048584
      vertex -43.88337707519531 7.999999523162842 -7.923140525817871
      vertex -43.49698257446289 7.999999523162842 -8
    endloop
  endfacet
  facet normal 0.13928405871070482 0.700214119031332 0.7002143518225319
    outer loop
      vertex -43.88337707519531 -59.48615264892578 -0.13698671758174896
      vertex -43.49698257446289 -59.498905181884766 -0.2010943591594696
      vertex -43.49698257446289 -51.69999694824219 -8
    endloop
  endfacet
  facet normal 0.13928281559589598 0.7002142739697387 0.7002144441588674
    outer loop
      vertex -43.88337707519531 -59.48615264892578 -0.13698671758174896
      vertex -43.49698257446289 -51.69999694824219 -8
      vertex -43.88337707519531 -51.69999694824219 -7.923140525817871
    endloop
  endfacet
  facet normal 0.19509234690752622 0 0.9807848776251158
    outer loop
      vertex -43.88337707519531 -51.69999694824219 -7.923140525817871
      vertex -43.49698257446289 -51.69999694824219 -8
      vertex -43.88337707519531 7.999999523162842 -7.923140525817871
    endloop
  endfacet
  facet normal 0.19509001832979136 0 -0.9807853408101498
    outer loop
      vertex -43.88337707519531 -6 47.92314147949219
      vertex -43.88337707519531 7.999999523162842 47.92314147949219
      vertex -43.49698257446289 7.999999523162842 48
    endloop
  endfacet
  facet normal 0.19509001832979136 0 -0.9807853408101498
    outer loop
      vertex -43.88337707519531 -6 47.92314147949219
      vertex -43.49698257446289 7.999999523162842 48
      vertex -43.49698257446289 -6 48
    endloop
  endfacet
  facet normal 0.19509234690752622 0 0.9807848776251158
    outer loop
      vertex -43.88337707519531 7.999999523162842 -7.923140525817871
      vertex -43.49698257446289 -51.69999694824219 -8
      vertex -43.49698257446289 7.999999523162842 -8
    endloop
  endfacet
  facet normal 0 0.7071066636451999 0.7071068987278757
    outer loop
      vertex -43.49698257446289 -59.498905181884766 -0.2010943591594696
      vertex -3.803018093109131 -59.498905181884766 -0.2010943591594696
      vertex -43.49698257446289 -51.69999694824219 -8
    endloop
  endfacet
  facet normal 0 0.7071066636451999 0.7071068987278757
    outer loop
      vertex -43.49698257446289 -51.69999694824219 -8
      vertex -3.803018093109131 -59.498905181884766 -0.2010943591594696
      vertex -3.803018093109131 -51.69999694824219 -8
    endloop
  endfacet
  facet normal 0 0 1
    outer loop
      vertex -43.49698257446289 -51.69999694824219 -8
      vertex -3.803018093109131 -51.69999694824219 -8
      vertex -43.49698257446289 7.999999523162842 -8
    endloop
  endfacet
  facet normal 0 0 -1
    outer loop
      vertex -43.49698257446289 -6 48
      vertex -43.49698257446289 7.999999523162842 48
      vertex -3.803018093109131 7.999999523162842 48
    endloop
  endfacet
  facet normal 0 -1 0
    outer loop
      vertex -43.49698257446289 -6 48
      vertex -3.803018093109131 -6 48
      vertex -1.8030166625976562 -6 50
    endloop
  endfacet
  facet normal 0 0 -1
    outer loop
      vertex -43.49698257446289 -6 48
      vertex -3.803018093109131 7.999999523162842 48
      vertex -3.803018093109131 -6 48
    endloop
  endfacet
  facet normal 0 0 1
    outer loop
      vertex -43.49698257446289 7.999999523162842 -8
      vertex -3.803018093109131 -51.69999694824219 -8
      vertex -3.803018093109131 7.999999523162842 -8
    endloop
  endfacet
  facet normal 0 -1 0
    outer loop
      vertex -43.49698257446289 7.999999523162842 -8
      vertex -3.803018093109131 7.999999523162842 -8
      vertex -2.000000476837158 7.999999523162842 -6.196982383728027
    endloop
  endfacet
  facet normal -0.139283384508226 0.7002141860861029 0.700214418877325
    outer loop
      vertex -3.803018093109131 -59.498905181884766 -0.2010943591594696
      vertex -3.416621685028076 -59.48615264892578 -0.13698671758174896
      vertex -3.803018093109131 -51.69999694824219 -8
    endloop
  endfacet
  facet normal 0.0000011105102216091784 -0.9807844235556146 0.19509462962738724
    outer loop
      vertex -3.803018093109131 -59.498905181884766 -0.2010943591594696
      vertex 0 -59.70000076293945 -1.2120685577392578
      vertex -3.416621685028076 -59.48615264892578 -0.13698671758174896
    endloop
  endfacet
  facet normal -0.13928214139919634 0.7002143410233275 0.7002145112124725
    outer loop
      vertex -3.803018093109131 -51.69999694824219 -8
      vertex -3.416621685028076 -59.48615264892578 -0.13698671758174896
      vertex -3.416621685028076 -51.69999694824219 -7.923140525817871
    endloop
  endfacet
  facet normal -0.1950914205366791 0 0.9807850618932676
    outer loop
      vertex -3.803018093109131 -51.69999694824219 -8
      vertex -3.416621685028076 -51.69999694824219 -7.923140525817871
      vertex -3.803018093109131 7.999999523162842 -8
    endloop
  endfacet
  facet normal -0.1950890919691262 0 -0.9807855250739898
    outer loop
      vertex -3.803018093109131 -6 48
      vertex -3.803018093109131 7.999999523162842 48
      vertex -3.416621685028076 7.999999523162842 47.92314147949219
    endloop
  endfacet
  facet normal 0 -1 0
    outer loop
      vertex -3.803018093109131 -6 48
      vertex -3.416621685028076 -6 47.92314147949219
      vertex -1.8030166625976562 -6 50
    endloop
  endfacet
  facet normal -0.1950890919691262 0 -0.9807855250739898
    outer loop
      vertex -3.803018093109131 -6 48
      vertex -3.416621685028076 7.999999523162842 47.92314147949219
      vertex -3.416621685028076 -6 47.92314147949219
    endloop
  endfacet
  facet normal -0.1950914205366791 0 0.9807850618932676
    outer loop
      vertex -3.803018093109131 7.999999523162842 -8
      vertex -3.416621685028076 -51.69999694824219 -7.923140525817871
      vertex -3.416621685028076 7.999999523162842 -7.923140525817871
    endloop
  endfacet
  facet normal 0 -1 0
    outer loop
      vertex -3.803018093109131 7.999999523162842 -8
      vertex -3.416621685028076 7.999999523162842 -7.923140525817871
      vertex -3.052645206451416 7.999999523162842 -7.77237606048584
    endloop
  endfacet
  facet normal 0 -1 0
    outer loop
      vertex -3.803018093109131 7.999999523162842 -8
      vertex -3.052645206451416 7.999999523162842 -7.77237606048584
      vertex -2.7250752449035645 7.999999523162842 -7.553501129150391
    endloop
  endfacet
  facet normal 0 -1 0
    outer loop
      vertex -3.803018093109131 7.999999523162842 -8
      vertex -2.7250752449035645 7.999999523162842 -7.553501129150391
      vertex -2.4464993476867676 7.999999523162842 -7.274925231933594
    endloop
  endfacet
  facet normal 0 -1 0
    outer loop
      vertex -3.803018093109131 7.999999523162842 -8
      vertex -2.4464993476867676 7.999999523162842 -7.274925231933594
      vertex -2.227623462677002 7.999999523162842 -6.947354316711426
    endloop
  endfacet
  facet normal 0 -1 0
    outer loop
      vertex -3.803018093109131 7.999999523162842 -8
      vertex -2.227623462677002 7.999999523162842 -6.947354316711426
      vertex -2.0768589973449707 7.999999523162842 -6.583377838134766
    endloop
  endfacet
  facet normal 0 -1 0
    outer loop
      vertex -3.803018093109131 7.999999523162842 -8
      vertex -2.0768589973449707 7.999999523162842 -6.583377838134766
      vertex -2.000000476837158 7.999999523162842 -6.196982383728027
    endloop
  endfacet
  facet normal 0 -1 0
    outer loop
      vertex -3.803018093109131 7.999999523162842 48
      vertex -2.000000476837158 7.999999523162842 46.196983337402344
      vertex -3.416621685028076 7.999999523162842 47.92314147949219
    endloop
  endfacet
  facet normal -0.28108459363633553 0.6785982712071462 0.6785984361424422
    outer loop
      vertex -3.416621685028076 -59.48615264892578 -0.13698671758174896
      vertex -3.052645206451416 -59.46113967895508 -0.011235731653869152
      vertex -3.416621685028076 -51.69999694824219 -7.923140525817871
    endloop
  endfacet
  facet normal -7.423763570441506e-7 -0.9807855502787203 0.19508896525410335
    outer loop
      vertex -3.416621685028076 -59.48615264892578 -0.13698671758174896
      vertex 0 -59.70000076293945 -1.2120685577392578
      vertex -3.052645206451416 -59.46113967895508 -0.011235731653869152
    endloop
  endfacet
  facet normal -0.2810854874198998 0.6785980635612101 0.6785982735705222
    outer loop
      vertex -3.416621685028076 -51.69999694824219 -7.923140525817871
      vertex -3.052645206451416 -59.46113967895508 -0.011235731653869152
      vertex -3.052645206451416 -51.69999694824219 -7.77237606048584
    endloop
  endfacet
  facet normal -0.38268445394714545 0 0.9238791093574825
    outer loop
      vertex -3.416621685028076 -51.69999694824219 -7.923140525817871
      vertex -3.052645206451416 -51.69999694824219 -7.77237606048584
      vertex -3.416621685028076 7.999999523162842 -7.923140525817871
    endloop
  endfacet
  facet normal -0.38268445394714545 0 -0.9238791093574825
    outer loop
      vertex -3.416621685028076 -6 47.92314147949219
      vertex -3.416621685028076 7.999999523162842 47.92314147949219
      vertex -3.052645206451416 7.999999523162842 47.772377014160156
    endloop
  endfacet
  facet normal 0 -1 0
    outer loop
      vertex -3.416621685028076 -6 47.92314147949219
      vertex -3.052645206451416 -6 47.772377014160156
      vertex -1.8030166625976562 -6 50
    endloop
  endfacet
  facet normal -0.38268445394714545 0 -0.9238791093574825
    outer loop
      vertex -3.416621685028076 -6 47.92314147949219
      vertex -3.052645206451416 7.999999523162842 47.772377014160156
      vertex -3.052645206451416 -6 47.772377014160156
    endloop
  endfacet
  facet normal -0.38268445394714545 0 0.9238791093574825
    outer loop
      vertex -3.416621685028076 7.999999523162842 -7.923140525817871
      vertex -3.052645206451416 -51.69999694824219 -7.77237606048584
      vertex -3.052645206451416 7.999999523162842 -7.77237606048584
    endloop
  endfacet
  facet normal 0 -1 0
    outer loop
      vertex -3.416621685028076 7.999999523162842 47.92314147949219
      vertex -2.000000476837158 7.999999523162842 46.196983337402344
      vertex -3.052645206451416 7.999999523162842 47.772377014160156
    endloop
  endfacet
  facet normal -0.4271951526889618 0.6393371757225359 0.6393373735815745
    outer loop
      vertex -3.052645206451416 -59.46113967895508 -0.011235731653869152
      vertex -2.7250752449035645 -59.42482376098633 0.1713254451751709
      vertex -3.052645206451416 -51.69999694824219 -7.77237606048584
    endloop
  endfacet
  facet normal 0.0000026677775934741627 -0.9807838915151279 0.19509730428000524
    outer loop
      vertex -3.052645206451416 -59.46113967895508 -0.011235731653869152
      vertex 0 -59.70000076293945 -1.2120685577392578
      vertex -2.7250752449035645 -59.42482376098633 0.1713254451751709
    endloop
  endfacet
  facet normal -0.42719167000486236 0.6393384283174922 0.6393384480499946
    outer loop
      vertex -3.052645206451416 -51.69999694824219 -7.77237606048584
      vertex -2.7250752449035645 -59.42482376098633 0.1713254451751709
      vertex -2.7250752449035645 -51.69999694824219 -7.553501129150391
    endloop
  endfacet
  facet normal -0.5555696725354892 0 0.8314699868057833
    outer loop
      vertex -3.052645206451416 -51.69999694824219 -7.77237606048584
      vertex -2.7250752449035645 -51.69999694824219 -7.553501129150391
      vertex -3.052645206451416 7.999999523162842 -7.77237606048584
    endloop
  endfacet
  facet normal -0.5555713460707715 0 -0.8314688685844535
    outer loop
      vertex -3.052645206451416 -6 47.772377014160156
      vertex -3.052645206451416 7.999999523162842 47.772377014160156
      vertex -2.7250752449035645 7.999999523162842 47.55350112915039
    endloop
  endfacet
  facet normal 0 -1 0
    outer loop
      vertex -3.052645206451416 -6 47.772377014160156
      vertex -2.7250752449035645 -6 47.55350112915039
      vertex -1.8030166625976562 -6 50
    endloop
  endfacet
  facet normal -0.5555713460707715 0 -0.8314688685844535
    outer loop
      vertex -3.052645206451416 -6 47.772377014160156
      vertex -2.7250752449035645 7.999999523162842 47.55350112915039
      vertex -2.7250752449035645 -6 47.55350112915039
    endloop
  endfacet
  facet normal -0.5555696725354892 0 0.8314699868057833
    outer loop
      vertex -3.052645206451416 7.999999523162842 -7.77237606048584
      vertex -2.7250752449035645 -51.69999694824219 -7.553501129150391
      vertex -2.7250752449035645 7.999999523162842 -7.553501129150391
    endloop
  endfacet
  facet normal 0 -1 0
    outer loop
      vertex -3.052645206451416 7.999999523162842 47.772377014160156
      vertex -2.000000476837158 7.999999523162842 46.196983337402344
      vertex -2.7250752449035645 7.999999523162842 47.55350112915039
    endloop
  endfacet
  facet normal -0.5773410456157955 0.5773734672357266 0.5773362940084882
    outer loop
      vertex -2.7250752449035645 -59.42482376098633 0.1713254451751709
      vertex -2.530626058578491 -59.39256286621094 0.3335132598876953
      vertex -2.4464993476867676 -59.367923736572266 0.39299994707107544
    endloop
  endfacet
  facet normal -0.5773483785563674 0.5773512055942668 0.5773512234135995
    outer loop
      vertex -2.7250752449035645 -59.42482376098633 0.1713254451751709
      vertex -2.4464993476867676 -59.367923736572266 0.39299994707107544
      vertex -2.7250752449035645 -51.69999694824219 -7.553501129150391
    endloop
  endfacet
  facet normal -0.0000011425603785370305 -0.9807853277119866 0.19509008417545412
    outer loop
      vertex -2.7250752449035645 -59.42482376098633 0.1713254451751709
      vertex 0 -59.70000076293945 -1.2120685577392578
      vertex -2.530626058578491 -59.39256286621094 0.3335132598876953
    endloop
  endfacet
  facet normal -0.5773503095805721 0.5773501884077247 0.5773503095805721
    outer loop
      vertex -2.7250752449035645 -51.69999694824219 -7.553501129150391
      vertex -2.4464993476867676 -59.367923736572266 0.39299994707107544
      vertex -2.4464993476867676 -51.69999694824219 -7.274925231933594
    endloop
  endfacet
  facet normal -0.7071067811865475 0 0.7071067811865475
    outer loop
      vertex -2.7250752449035645 -51.69999694824219 -7.553501129150391
      vertex -2.4464993476867676 -51.69999694824219 -7.274925231933594
      vertex -2.4464993476867676 7.999999523162842 -7.274925231933594
    endloop
  endfacet
  facet normal -0.7071067811865475 0 0.7071067811865475
    outer loop
      vertex -2.7250752449035645 -51.69999694824219 -7.553501129150391
      vertex -2.4464993476867676 7.999999523162842 -7.274925231933594
      vertex -2.7250752449035645 7.999999523162842 -7.553501129150391
    endloop
  endfacet
  facet normal -0.7071067811865475 0 -0.7071067811865475
    outer loop
      vertex -2.7250752449035645 -6 47.55350112915039
      vertex -2.7250752449035645 7.999999523162842 47.55350112915039
      vertex -2.4464993476867676 -6 47.274925231933594
    endloop
  endfacet
  facet normal 0 -1 0
    outer loop
      vertex -2.7250752449035645 -6 47.55350112915039
      vertex -2.4464993476867676 -6 47.274925231933594
      vertex -0.44649791717529297 -6 49.274925231933594
    endloop
  endfacet
  facet normal 0 -1 0
    outer loop
      vertex -2.7250752449035645 -6 47.55350112915039
      vertex -1.416621208190918 -6 49.92314147949219
      vertex -1.8030166625976562 -6 50
    endloop
  endfacet
  facet normal 0 -1 0
    outer loop
      vertex -2.7250752449035645 -6 47.55350112915039
      vertex -1.0526447296142578 -6 49.772377014160156
      vertex -1.416621208190918 -6 49.92314147949219
    endloop
  endfacet
  facet normal 0 -1 0
    outer loop
      vertex -2.7250752449035645 -6 47.55350112915039
      vertex -0.7250738143920898 -6 49.55350112915039
      vertex -1.0526447296142578 -6 49.772377014160156
    endloop
  endfacet
  facet normal 0 -1 0
    outer loop
      vertex -2.7250752449035645 -6 47.55350112915039
      vertex -0.44649791717529297 -6 49.274925231933594
      vertex -0.7250738143920898 -6 49.55350112915039
    endloop
  endfacet
  facet normal -0.7071067811865475 0 -0.7071067811865475
    outer loop
      vertex -2.7250752449035645 7.999999523162842 47.55350112915039
      vertex -2.4464993476867676 7.999999523162842 47.274925231933594
      vertex -2.4464993476867676 -6 47.274925231933594
    endloop
  endfacet
  facet normal 0 -1 0
    outer loop
      vertex -2.7250752449035645 7.999999523162842 47.55350112915039
      vertex -2.000000476837158 7.999999523162842 46.196983337402344
      vertex -2.4464993476867676 7.999999523162842 47.274925231933594
    endloop
  endfacet
  facet normal 0 -0.9807849697595198 0.1950918837210247
    outer loop
      vertex -2.530626058578491 -59.39256286621094 0.3335132598876953
      vertex 0 -59.70000076293945 -1.2120685577392578
      vertex 0 -59.39256286621094 0.3335132598876953
    endloop
  endfacet
  facet normal 0 -0.9238853692154936 0.382669341010684
    outer loop
      vertex -2.530626058578491 -59.39256286621094 0.3335132598876953
      vertex 0 -59.39256286621094 0.3335132598876953
      vertex -2.4464993476867676 -59.367923736572266 0.39299994707107544
    endloop
  endfacet
  facet normal -0.726830887729102 0.48565253604063285 0.48565262779092144
    outer loop
      vertex -2.4464993476867676 -59.367923736572266 0.39299994707107544
      vertex -2.227623462677002 -59.27198028564453 0.6246275901794434
      vertex -2.227623462677002 -51.69999694824219 -6.947354316711426
    endloop
  endfacet
  facet normal -0.7268307231342434 0.4856526541188313 0.4856527560464242
    outer loop
      vertex -2.4464993476867676 -59.367923736572266 0.39299994707107544
      vertex -2.227623462677002 -51.69999694824219 -6.947354316711426
      vertex -2.4464993476867676 -51.69999694824219 -7.274925231933594
    endloop
  endfacet
  facet normal 4.056455097906472e-7 -0.9238794709836741 0.38268358090563803
    outer loop
      vertex -2.4464993476867676 -59.367923736572266 0.39299994707107544
      vertex 0 -59.39256286621094 0.3335132598876953
      vertex -2.227623462677002 -59.27198028564453 0.6246275901794434
    endloop
  endfacet
  facet normal -0.8314696157560884 0 0.5555702278510096
    outer loop
      vertex -2.4464993476867676 -51.69999694824219 -7.274925231933594
      vertex -2.227623462677002 -51.69999694824219 -6.947354316711426
      vertex -2.227623462677002 7.999999523162842 -6.947354316711426
    endloop
  endfacet
  facet normal -0.8314696157560884 0 0.5555702278510096
    outer loop
      vertex -2.4464993476867676 -51.69999694824219 -7.274925231933594
      vertex -2.227623462677002 7.999999523162842 -6.947354316711426
      vertex -2.4464993476867676 7.999999523162842 -7.274925231933594
    endloop
  endfacet
  facet normal -0.8314703629232119 0 -0.5555691096347443
    outer loop
      vertex -2.4464993476867676 -6 47.274925231933594
      vertex -2.4464993476867676 7.999999523162842 47.274925231933594
      vertex -2.227623462677002 -6 46.94735336303711
    endloop
  endfacet
  facet normal 0 -1 0
    outer loop
      vertex -2.4464993476867676 -6 47.274925231933594
      vertex -2.227623462677002 -6 46.94735336303711
      vertex 0 -6 48.196983337402344
    endloop
  endfacet
  facet normal 0 -1 0
    outer loop
      vertex -2.4464993476867676 -6 47.274925231933594
      vertex -0.22762298583984375 -6 48.94735336303711
      vertex -0.44649791717529297 -6 49.274925231933594
    endloop
  endfacet
  facet normal 0 -1 0
    outer loop
      vertex -2.4464993476867676 -6 47.274925231933594
      vertex -0.0768585205078125 -6 48.583377838134766
      vertex -0.22762298583984375 -6 48.94735336303711
    endloop
  endfacet
  facet normal 0 -1 0
    outer loop
      vertex -2.4464993476867676 -6 47.274925231933594
      vertex 0 -6 48.196983337402344
      vertex -0.0768585205078125 -6 48.583377838134766
    endloop
  endfacet
  facet normal -0.8314703629232119 0 -0.5555691096347443
    outer loop
      vertex -2.4464993476867676 7.999999523162842 47.274925231933594
      vertex -2.227623462677002 7.999999523162842 46.94735336303711
      vertex -2.227623462677002 -6 46.94735336303711
    endloop
  endfacet
  facet normal 0 -1 0
    outer loop
      vertex -2.4464993476867676 7.999999523162842 47.274925231933594
      vertex -2.000000476837158 7.999999523162842 46.196983337402344
      vertex -2.227623462677002 7.999999523162842 46.94735336303711
    endloop
  endfacet
  facet normal -0.8628551356815949 0.35740799056190115 0.35740809043780813
    outer loop
      vertex -2.227623462677002 -59.27198028564453 0.6246275901794434
      vertex -2.0768589973449707 -59.165374755859375 0.8819978833198547
      vertex -2.0768589973449707 -51.69999694824219 -6.583377838134766
    endloop
  endfacet
  facet normal -0.8628555408429446 0.35740751766776385 0.3574075851897893
    outer loop
      vertex -2.227623462677002 -59.27198028564453 0.6246275901794434
      vertex -2.0768589973449707 -51.69999694824219 -6.583377838134766
      vertex -2.227623462677002 -51.69999694824219 -6.947354316711426
    endloop
  endfacet
  facet normal 3.487795266544317e-8 -0.9238804740606112 0.38268115925602997
    outer loop
      vertex -2.227623462677002 -59.27198028564453 0.6246275901794434
      vertex 0 -59.39256286621094 0.3335132598876953
      vertex -2.0768589973449707 -59.165374755859375 0.8819978833198547
    endloop
  endfacet
  facet normal -0.9238791093574825 0 0.38268445394714545
    outer loop
      vertex -2.227623462677002 -51.69999694824219 -6.947354316711426
      vertex -2.0768589973449707 -51.69999694824219 -6.583377838134766
      vertex -2.0768589973449707 7.999999523162842 -6.583377838134766
    endloop
  endfacet
  facet normal -0.9238791093574825 0 0.38268445394714545
    outer loop
      vertex -2.227623462677002 -51.69999694824219 -6.947354316711426
      vertex -2.0768589973449707 7.999999523162842 -6.583377838134766
      vertex -2.227623462677002 7.999999523162842 -6.947354316711426
    endloop
  endfacet
  facet normal -0.9238787548503221 0 -0.3826853097993422
    outer loop
      vertex -2.227623462677002 -6 46.94735336303711
      vertex -2.227623462677002 7.999999523162842 46.94735336303711
      vertex -2.0768589973449707 -6 46.583377838134766
    endloop
  endfacet
  facet normal 0 -1 0
    outer loop
      vertex -2.227623462677002 -6 46.94735336303711
      vertex -2.0768589973449707 -6 46.583377838134766
      vertex 0 -6 48.196983337402344
    endloop
  endfacet
  facet normal -0.9238787548503221 0 -0.3826853097993422
    outer loop
      vertex -2.227623462677002 7.999999523162842 46.94735336303711
      vertex -2.0768589973449707 7.999999523162842 46.583377838134766
      vertex -2.0768589973449707 -6 46.583377838134766
    endloop
  endfacet
  facet normal 0 -1 0
    outer loop
      vertex -2.227623462677002 7.999999523162842 46.94735336303711
      vertex -2.000000476837158 7.999999523162842 46.196983337402344
      vertex -2.0768589973449707 7.999999523162842 46.583377838134766
    endloop
  endfacet
  facet normal -0.9626378746241434 0.19147887606888597 0.19147888227819776
    outer loop
      vertex -2.0768589973449707 -59.165374755859375 0.8819978833198547
      vertex -2.000000476837158 -59.05220031738281 1.1552207469940186
      vertex -2.000000476837158 -51.69999694824219 -6.196982383728027
    endloop
  endfacet
  facet normal -0.9626375464573877 0.19147967732776192 0.19147973083581699
    outer loop
      vertex -2.0768589973449707 -59.165374755859375 0.8819978833198547
      vertex -2.000000476837158 -51.69999694824219 -6.196982383728027
      vertex -2.0768589973449707 -51.69999694824219 -6.583377838134766
    endloop
  endfacet
  facet normal 0.0000022023392579045398 -0.9238775723699626 0.38268816452424304
    outer loop
      vertex -2.0768589973449707 -59.165374755859375 0.8819978833198547
      vertex 0 -59.39256286621094 0.3335132598876953
      vertex -2.000000476837158 -59.05220031738281 1.1552207469940186
    endloop
  endfacet
  facet normal -0.980785432942398 0 0.1950895551483809
    outer loop
      vertex -2.0768589973449707 -51.69999694824219 -6.583377838134766
      vertex -2.000000476837158 -51.69999694824219 -6.196982383728027
      vertex -2.000000476837158 7.999999523162842 -6.196982383728027
    endloop
  endfacet
  facet normal -0.980785432942398 0 0.1950895551483809
    outer loop
      vertex -2.0768589973449707 -51.69999694824219 -6.583377838134766
      vertex -2.000000476837158 7.999999523162842 -6.196982383728027
      vertex -2.0768589973449707 7.999999523162842 -6.583377838134766
    endloop
  endfacet
  facet normal -0.9807853408101498 0 -0.19509001832979136
    outer loop
      vertex -2.0768589973449707 -6 46.583377838134766
      vertex -2.0768589973449707 7.999999523162842 46.583377838134766
      vertex -2.000000476837158 -6 46.196983337402344
    endloop
  endfacet
  facet normal 0 -1 0
    outer loop
      vertex -2.0768589973449707 -6 46.583377838134766
      vertex -2.000000476837158 -6 46.196983337402344
      vertex 0 -6 48.196983337402344
    endloop
  endfacet
  facet normal -0.9807853408101498 0 -0.19509001832979136
    outer loop
      vertex -2.0768589973449707 7.999999523162842 46.583377838134766
      vertex -2.000000476837158 7.999999523162842 46.196983337402344
      vertex -2.000000476837158 -6 46.196983337402344
    endloop
  endfacet
  facet normal -1 0 0
    outer loop
      vertex -2.000000476837158 -59.05220031738281 1.1552207469940186
      vertex -2.000000476837158 -58.78950881958008 1.7894201278686523
      vertex -2.000000476837158 -51.349998474121094 -0.16250991821289062
    endloop
  endfacet
  facet normal -1 0 0
    outer loop
      vertex -2.000000476837158 -59.05220031738281 1.1552207469940186
      vertex -2.000000476837158 -51.349998474121094 -0.16250991821289062
      vertex -2.000000476837158 -51.286590576171875 -0.48128700256347656
    endloop
  endfacet
  facet normal -1 0 0
    outer loop
      vertex -2.000000476837158 -59.05220031738281 1.1552207469940186
      vertex -2.000000476837158 -51.286590576171875 -0.48128700256347656
      vertex -2.000000476837158 -51.16221237182617 -0.7815675735473633
    endloop
  endfacet
  facet normal -1 0 0
    outer loop
      vertex -2.000000476837158 -59.05220031738281 1.1552207469940186
      vertex -2.000000476837158 -51.16221237182617 -0.7815675735473633
      vertex -2.000000476837158 -51.69999694824219 -6.196982383728027
    endloop
  endfacet
  facet normal -6.812767879196589e-7 -0.9238800538317409 0.3826821737831481
    outer loop
      vertex -2.000000476837158 -59.05220031738281 1.1552207469940186
      vertex 0 -59.39256286621094 0.3335132598876953
      vertex 0 -58.78950881958008 1.7894201278686523
    endloop
  endfacet
  facet normal 0 -0.9238808134250662 0.38268033995103257
    outer loop
      vertex -2.000000476837158 -59.05220031738281 1.1552207469940186
      vertex 0 -58.78950881958008 1.7894201278686523
      vertex -2.000000476837158 -58.78950881958008 1.7894201278686523
    endloop
  endfacet
  facet normal -1 0 0
    outer loop
      vertex -2.000000476837158 -58.78950881958008 1.7894201278686523
      vertex -2.000000476837158 -57.914005279541016 3.0997018814086914
      vertex -2.000000476837158 -51.349998474121094 -0.16250991821289062
    endloop
  endfacet
  facet normal 0 -0.831469242170835 0.5555707869604536
    outer loop
      vertex -2.000000476837158 -58.78950881958008 1.7894201278686523
      vertex 0 -58.78950881958008 1.7894201278686523
      vertex 0 -57.914005279541016 3.0997018814086914
    endloop
  endfacet
  facet normal 0 -0.831469242170835 0.5555707869604536
    outer loop
      vertex -2.000000476837158 -58.78950881958008 1.7894201278686523
      vertex 0 -57.914005279541016 3.0997018814086914
      vertex -2.000000476837158 -57.914005279541016 3.0997018814086914
    endloop
  endfacet
  facet normal -1 0 0
    outer loop
      vertex -2.000000476837158 -57.914005279541016 3.0997018814086914
      vertex -2.000000476837158 -56.79970169067383 4.214005470275879
      vertex -2.000000476837158 -51.349998474121094 -0.16250991821289062
    endloop
  endfacet
  facet normal 0 -0.7071067811865476 0.7071067811865476
    outer loop
      vertex -2.000000476837158 -57.914005279541016 3.0997018814086914
      vertex 0 -57.914005279541016 3.0997018814086914
      vertex 0 -56.79970169067383 4.214005470275879
    endloop
  endfacet
  facet normal 0 -0.7071067811865476 0.7071067811865476
    outer loop
      vertex -2.000000476837158 -57.914005279541016 3.0997018814086914
      vertex 0 -56.79970169067383 4.214005470275879
      vertex -2.000000476837158 -56.79970169067383 4.214005470275879
    endloop
  endfacet
  facet normal -1 0 0
    outer loop
      vertex -2.000000476837158 -56.79970169067383 4.214005470275879
      vertex -2.000000476837158 -55.48942184448242 5.089507102966309
      vertex -2.000000476837158 -51.349998474121094 -0.16250991821289062
    endloop
  endfacet
  facet normal 0 -0.5555705093039743 0.8314694276951634
    outer loop
      vertex -2.000000476837158 -56.79970169067383 4.214005470275879
      vertex 0 -56.79970169067383 4.214005470275879
      vertex -2.000000476837158 -55.48942184448242 5.089507102966309
    endloop
  endfacet
  facet normal -1 0 0
    outer loop
      vertex -2.000000476837158 -55.48942184448242 5.089507102966309
      vertex -2.000000476837158 -54.033512115478516 5.692564010620117
      vertex -2.000000476837158 -51.349998474121094 -0.16250991821289062
    endloop
  endfacet
  facet normal 0 -0.5555705093039743 0.8314694276951634
    outer loop
      vertex -2.000000476837158 -55.48942184448242 5.089507102966309
      vertex 0 -56.79970169067383 4.214005470275879
      vertex 0 -55.48942184448242 5.089507102966309
    endloop
  endfacet
  facet normal 0 -0.3826830815492044 0.9238796778239063
    outer loop
      vertex -2.000000476837158 -55.48942184448242 5.089507102966309
      vertex 0 -55.48942184448242 5.089507102966309
      vertex -2.000000476837158 -54.033512115478516 5.692564010620117
    endloop
  endfacet
  facet normal -1 0 0
    outer loop
      vertex -2.000000476837158 -54.033512115478516 5.692564010620117
      vertex -2.000000476837158 -52.48793029785156 6
      vertex -2.000000476837158 -51.349998474121094 -0.16250991821289062
    endloop
  endfacet
  facet normal 0 -0.3826830815492044 0.9238796778239063
    outer loop
      vertex -2.000000476837158 -54.033512115478516 5.692564010620117
      vertex 0 -55.48942184448242 5.089507102966309
      vertex 0 -54.033512115478516 5.692564010620117
    endloop
  endfacet
  facet normal 0 -0.1950907194351152 0.9807852013515953
    outer loop
      vertex -2.000000476837158 -54.033512115478516 5.692564010620117
      vertex 0 -54.033512115478516 5.692564010620117
      vertex -2.000000476837158 -52.48793029785156 6
    endloop
  endfacet
  facet normal -1 0 0
    outer loop
      vertex -2.000000476837158 -52.48793029785156 6
      vertex -2.000000476837158 -51.349998474121094 0.16250991821289062
      vertex -2.000000476837158 -51.349998474121094 -0.16250991821289062
    endloop
  endfacet
  facet normal -1 0 0
    outer loop
      vertex -2.000000476837158 -52.48793029785156 6
      vertex -2.000000476837158 -51.286590576171875 0.48128700256347656
      vertex -2.000000476837158 -51.349998474121094 0.16250991821289062
    endloop
  endfacet
  facet normal -1 0 0
    outer loop
      vertex -2.000000476837158 -52.48793029785156 6
      vertex -2.000000476837158 -51.16221237182617 0.7815675735473633
      vertex -2.000000476837158 -51.286590576171875 0.48128700256347656
    endloop
  endfacet
  facet normal -1 0 0
    outer loop
      vertex -2.000000476837158 -52.48793029785156 6
      vertex -2.000000476837158 -50.98163986206055 1.0518131256103516
      vertex -2.000000476837158 -51.16221237182617 0.7815675735473633
    endloop
  endfacet
  facet normal -1 0 0
    outer loop
      vertex -2.000000476837158 -52.48793029785156 6
      vertex -2.000000476837158 -50.75181198120117 1.2816381454467773
      vertex -2.000000476837158 -50.98163986206055 1.0518131256103516
    endloop
  endfacet
  facet normal -1 0 0
    outer loop
      vertex -2.000000476837158 -52.48793029785156 6
      vertex -2.000000476837158 -50.4815673828125 1.4622106552124023
      vertex -2.000000476837158 -50.75181198120117 1.2816381454467773
    endloop
  endfacet
  facet normal -1 0 0
    outer loop
      vertex -2.000000476837158 -52.48793029785156 6
      vertex -2.000000476837158 -50.1812858581543 1.5865907669067383
      vertex -2.000000476837158 -50.4815673828125 1.4622106552124023
    endloop
  endfacet
  facet normal -1 0 0
    outer loop
      vertex -2.000000476837158 -52.48793029785156 6
      vertex -2.000000476837158 -49.862510681152344 1.6499996185302734
      vertex -2.000000476837158 -50.1812858581543 1.5865907669067383
    endloop
  endfacet
  facet normal -1 0 0
    outer loop
      vertex -2.000000476837158 -52.48793029785156 6
      vertex -2.000000476837158 -49.53749084472656 1.6499996185302734
      vertex -2.000000476837158 -49.862510681152344 1.6499996185302734
    endloop
  endfacet
  facet normal -1 0 0
    outer loop
      vertex -2.000000476837158 -52.48793029785156 6
      vertex -2.000000476837158 -49.218711853027344 1.5865907669067383
      vertex -2.000000476837158 -49.53749084472656 1.6499996185302734
    endloop
  endfacet
  facet normal -1 0 0
    outer loop
      vertex -2.000000476837158 -52.48793029785156 6
      vertex -2.000000476837158 -48.918434143066406 1.4622106552124023
      vertex -2.000000476837158 -49.218711853027344 1.5865907669067383
    endloop
  endfacet
  facet normal -1 0 0
    outer loop
      vertex -2.000000476837158 -52.48793029785156 6
      vertex -2.000000476837158 -48.64818572998047 1.2816381454467773
      vertex -2.000000476837158 -48.918434143066406 1.4622106552124023
    endloop
  endfacet
  facet normal -1 0 0
    outer loop
      vertex -2.000000476837158 -52.48793029785156 6
      vertex -2.000000476837158 -6.901508331298828 6
      vertex -2.000000476837158 -48.64818572998047 1.2816381454467773
    endloop
  endfacet
  facet normal 0 -0.1950907194351152 0.9807852013515953
    outer loop
      vertex -2.000000476837158 -52.48793029785156 6
      vertex 0 -54.033512115478516 5.692564010620117
      vertex 0 -52.48793029785156 6
    endloop
  endfacet
  facet normal 0 0 1
    outer loop
      vertex -2.000000476837158 -52.48793029785156 6
      vertex 0 -52.48793029785156 6
      vertex -2.000000476837158 -6.901508331298828 6
    endloop
  endfacet
  facet normal -1 0 0
    outer loop
      vertex -2.000000476837158 -51.69999694824219 -6.196982383728027
      vertex -2.000000476837158 -51.16221237182617 -0.7815675735473633
      vertex -2.000000476837158 -50.98163986206055 -1.0518131256103516
    endloop
  endfacet
  facet normal -1 0 0
    outer loop
      vertex -2.000000476837158 -51.69999694824219 -6.196982383728027
      vertex -2.000000476837158 -50.98163986206055 -1.0518131256103516
      vertex -2.000000476837158 -50.75181198120117 -1.2816381454467773
    endloop
  endfacet
  facet normal -1 0 0
    outer loop
      vertex -2.000000476837158 -51.69999694824219 -6.196982383728027
      vertex -2.000000476837158 -50.75181198120117 -1.2816381454467773
      vertex -2.000000476837158 -50.4815673828125 -1.4622106552124023
    endloop
  endfacet
  facet normal -1 0 0
    outer loop
      vertex -2.000000476837158 -51.69999694824219 -6.196982383728027
      vertex -2.000000476837158 -50.4815673828125 -1.4622106552124023
      vertex -2.000000476837158 -50.1812858581543 -1.5865907669067383
    endloop
  endfacet
  facet normal -1 0 0
    outer loop
      vertex -2.000000476837158 -51.69999694824219 -6.196982383728027
      vertex -2.000000476837158 -50.1812858581543 -1.5865907669067383
      vertex -2.000000476837158 -49.862510681152344 -1.6499996185302734
    endloop
  endfacet
  facet normal -1 0 0
    outer loop
      vertex -2.000000476837158 -51.69999694824219 -6.196982383728027
      vertex -2.000000476837158 -49.862510681152344 -1.6499996185302734
      vertex -2.000000476837158 -49.53749084472656 -1.6499996185302734
    endloop
  endfacet
  facet normal -1 0 0
    outer loop
      vertex -2.000000476837158 -51.69999694824219 -6.196982383728027
      vertex -2.000000476837158 -49.53749084472656 -1.6499996185302734
      vertex -2.000000476837158 -49.218711853027344 -1.5865907669067383
    endloop
  endfacet
  facet normal -1 0 0
    outer loop
      vertex -2.000000476837158 -51.69999694824219 -6.196982383728027
      vertex -2.000000476837158 -49.218711853027344 -1.5865907669067383
      vertex -2.000000476837158 -48.918434143066406 -1.4622106552124023
    endloop
  endfacet
  facet normal -1 0 0
    outer loop
      vertex -2.000000476837158 -51.69999694824219 -6.196982383728027
      vertex -2.000000476837158 -48.918434143066406 -1.4622106552124023
      vertex -2.000000476837158 -48.64818572998047 -1.2816381454467773
    endloop
  endfacet
  facet normal -1 0 0
    outer loop
      vertex -2.000000476837158 -51.69999694824219 -6.196982383728027
      vertex -2.000000476837158 -48.64818572998047 -1.2816381454467773
      vertex -2.000000476837158 -48.41836166381836 -1.0518131256103516
    endloop
  endfacet
  facet normal -1 0 0
    outer loop
      vertex -2.000000476837158 -51.69999694824219 -6.196982383728027
      vertex -2.000000476837158 -48.41836166381836 -1.0518131256103516
      vertex -2.000000476837158 -2.4467639923095703 -2.008007049560547
    endloop
  endfacet
  facet normal -1 0 0
    outer loop
      vertex -2.000000476837158 -51.69999694824219 -6.196982383728027
      vertex -2.000000476837158 -2.4467639923095703 -2.008007049560547
      vertex -2.000000476837158 -2.008007049560547 -2.4467639923095703
    endloop
  endfacet
  facet normal -1 0 0
    outer loop
      vertex -2.000000476837158 -51.69999694824219 -6.196982383728027
      vertex -2.000000476837158 -2.008007049560547 -2.4467639923095703
      vertex -2.000000476837158 -1.4920845031738281 -2.7914934158325195
    endloop
  endfacet
  facet normal -1 0 0
    outer loop
      vertex -2.000000476837158 -51.69999694824219 -6.196982383728027
      vertex -2.000000476837158 -1.4920845031738281 -2.7914934158325195
      vertex -2.000000476837158 -0.9188203811645508 -3.028946876525879
    endloop
  endfacet
  facet normal -1 0 0
    outer loop
      vertex -2.000000476837158 -51.69999694824219 -6.196982383728027
      vertex -2.000000476837158 -0.9188203811645508 -3.028946876525879
      vertex -2.000000476837158 7.999999523162842 -6.196982383728027
    endloop
  endfacet
  facet normal 0 1 0
    outer loop
      vertex -2.000000476837158 -51.349998474121094 -0.16250991821289062
      vertex -2.000000476837158 -51.349998474121094 0.16250991821289062
      vertex 0 -51.349998474121094 -0.16250991821289062
    endloop
  endfacet
  facet normal 0 0.980785755228277 0.1950879348942377
    outer loop
      vertex -2.000000476837158 -51.349998474121094 -0.16250991821289062
      vertex 0 -51.349998474121094 -0.16250991821289062
      vertex 0 -51.286590576171875 -0.48128700256347656
    endloop
  endfacet
  facet normal 0 0.980785755228277 0.1950879348942377
    outer loop
      vertex -2.000000476837158 -51.349998474121094 -0.16250991821289062
      vertex 0 -51.286590576171875 -0.48128700256347656
      vertex -2.000000476837158 -51.286590576171875 -0.48128700256347656
    endloop
  endfacet
  facet normal 0 0.980785755228277 -0.1950879348942377
    outer loop
      vertex -2.000000476837158 -51.349998474121094 0.16250991821289062
      vertex -2.000000476837158 -51.286590576171875 0.48128700256347656
      vertex 0 -51.349998474121094 0.16250991821289062
    endloop
  endfacet
  facet normal 0 1 0
    outer loop
      vertex -2.000000476837158 -51.349998474121094 0.16250991821289062
      vertex 0 -51.349998474121094 0.16250991821289062
      vertex 0 -51.349998474121094 -0.16250991821289062
    endloop
  endfacet
  facet normal 0 0.9238817958257876 0.38267796819482264
    outer loop
      vertex -2.000000476837158 -51.286590576171875 -0.48128700256347656
      vertex 0 -51.286590576171875 -0.48128700256347656
      vertex 0 -51.16221237182617 -0.7815675735473633
    endloop
  endfacet
  facet normal 0 0.9238817958257876 0.38267796819482264
    outer loop
      vertex -2.000000476837158 -51.286590576171875 -0.48128700256347656
      vertex 0 -51.16221237182617 -0.7815675735473633
      vertex -2.000000476837158 -51.16221237182617 -0.7815675735473633
    endloop
  endfacet
  facet normal 0 0.9238817958257876 -0.38267796819482264
    outer loop
      vertex -2.000000476837158 -51.286590576171875 0.48128700256347656
      vertex -2.000000476837158 -51.16221237182617 0.7815675735473633
      vertex 0 -51.286590576171875 0.48128700256347656
    endloop
  endfacet
  facet normal 0 0.980785755228277 -0.1950879348942377
    outer loop
      vertex -2.000000476837158 -51.286590576171875 0.48128700256347656
      vertex 0 -51.286590576171875 0.48128700256347656
      vertex 0 -51.349998474121094 0.16250991821289062
    endloop
  endfacet
  facet normal 0 0.831469321108729 0.5555706688216986
    outer loop
      vertex -2.000000476837158 -51.16221237182617 -0.7815675735473633
      vertex 0 -51.16221237182617 -0.7815675735473633
      vertex 0 -50.98163986206055 -1.0518131256103516
    endloop
  endfacet
  facet normal 0 0.831469321108729 0.5555706688216986
    outer loop
      vertex -2.000000476837158 -51.16221237182617 -0.7815675735473633
      vertex 0 -50.98163986206055 -1.0518131256103516
      vertex -2.000000476837158 -50.98163986206055 -1.0518131256103516
    endloop
  endfacet
  facet normal 0 0.831469321108729 -0.5555706688216986
    outer loop
      vertex -2.000000476837158 -51.16221237182617 0.7815675735473633
      vertex -2.000000476837158 -50.98163986206055 1.0518131256103516
      vertex 0 -51.16221237182617 0.7815675735473633
    endloop
  endfacet
  facet normal 0 0.9238817958257876 -0.38267796819482264
    outer loop
      vertex -2.000000476837158 -51.16221237182617 0.7815675735473633
      vertex 0 -51.16221237182617 0.7815675735473633
      vertex 0 -51.286590576171875 0.48128700256347656
    endloop
  endfacet
  facet normal 0 0.707102379919806 0.7071111824258944
    outer loop
      vertex -2.000000476837158 -50.98163986206055 -1.0518131256103516
      vertex 0 -50.98163986206055 -1.0518131256103516
      vertex -2.000000476837158 -50.75181198120117 -1.2816381454467773
    endloop
  endfacet
  facet normal 0 0.707102379919806 -0.7071111824258944
    outer loop
      vertex -2.000000476837158 -50.98163986206055 1.0518131256103516
      vertex -2.000000476837158 -50.75181198120117 1.2816381454467773
      vertex 0 -50.75181198120117 1.2816381454467773
    endloop
  endfacet
  facet normal 0 0.831469321108729 -0.5555706688216986
    outer loop
      vertex -2.000000476837158 -50.98163986206055 1.0518131256103516
      vertex 0 -50.98163986206055 1.0518131256103516
      vertex 0 -51.16221237182617 0.7815675735473633
    endloop
  endfacet
  facet normal 0 0.707102379919806 -0.7071111824258944
    outer loop
      vertex -2.000000476837158 -50.98163986206055 1.0518131256103516
      vertex 0 -50.75181198120117 1.2816381454467773
      vertex 0 -50.98163986206055 1.0518131256103516
    endloop
  endfacet
  facet normal 0 0.707102379919806 0.7071111824258944
    outer loop
      vertex -2.000000476837158 -50.75181198120117 -1.2816381454467773
      vertex 0 -50.98163986206055 -1.0518131256103516
      vertex 0 -50.75181198120117 -1.2816381454467773
    endloop
  endfacet
  facet normal 0 0.5555720242424284 0.8314684154429263
    outer loop
      vertex -2.000000476837158 -50.75181198120117 -1.2816381454467773
      vertex 0 -50.75181198120117 -1.2816381454467773
      vertex -2.000000476837158 -50.4815673828125 -1.4622106552124023
    endloop
  endfacet
  facet normal 0 0.5555720242424284 -0.8314684154429263
    outer loop
      vertex -2.000000476837158 -50.75181198120117 1.2816381454467773
      vertex -2.000000476837158 -50.4815673828125 1.4622106552124023
      vertex 0 -50.4815673828125 1.4622106552124023
    endloop
  endfacet
  facet normal 0 0.5555720242424284 -0.8314684154429263
    outer loop
      vertex -2.000000476837158 -50.75181198120117 1.2816381454467773
      vertex 0 -50.4815673828125 1.4622106552124023
      vertex 0 -50.75181198120117 1.2816381454467773
    endloop
  endfacet
  facet normal 0 0.5555720242424284 0.8314684154429263
    outer loop
      vertex -2.000000476837158 -50.4815673828125 -1.4622106552124023
      vertex 0 -50.75181198120117 -1.2816381454467773
      vertex 0 -50.4815673828125 -1.4622106552124023
    endloop
  endfacet
  facet normal 0 0.38268193980066517 0.9238801507503016
    outer loop
      vertex -2.000000476837158 -50.4815673828125 -1.4622106552124023
      vertex 0 -50.4815673828125 -1.4622106552124023
      vertex -2.000000476837158 -50.1812858581543 -1.5865907669067383
    endloop
  endfacet
  facet normal 0 0.38268193980066517 -0.9238801507503016
    outer loop
      vertex -2.000000476837158 -50.4815673828125 1.4622106552124023
      vertex -2.000000476837158 -50.1812858581543 1.5865907669067383
      vertex 0 -50.1812858581543 1.5865907669067383
    endloop
  endfacet
  facet normal 0 0.38268193980066517 -0.9238801507503016
    outer loop
      vertex -2.000000476837158 -50.4815673828125 1.4622106552124023
      vertex 0 -50.1812858581543 1.5865907669067383
      vertex 0 -50.4815673828125 1.4622106552124023
    endloop
  endfacet
  facet normal 0 0.38268193980066517 0.9238801507503016
    outer loop
      vertex -2.000000476837158 -50.1812858581543 -1.5865907669067383
      vertex 0 -50.4815673828125 -1.4622106552124023
      vertex 0 -50.1812858581543 -1.5865907669067383
    endloop
  endfacet
  facet normal 0 0.19509188027268318 0.9807849704454433
    outer loop
      vertex -2.000000476837158 -50.1812858581543 -1.5865907669067383
      vertex 0 -50.1812858581543 -1.5865907669067383
      vertex -2.000000476837158 -49.862510681152344 -1.6499996185302734
    endloop
  endfacet
  facet normal 0 0.19509188027268318 -0.9807849704454433
    outer loop
      vertex -2.000000476837158 -50.1812858581543 1.5865907669067383
      vertex -2.000000476837158 -49.862510681152344 1.6499996185302734
      vertex 0 -49.862510681152344 1.6499996185302734
    endloop
  endfacet
  facet normal 0 0.19509188027268318 -0.9807849704454433
    outer loop
      vertex -2.000000476837158 -50.1812858581543 1.5865907669067383
      vertex 0 -49.862510681152344 1.6499996185302734
      vertex 0 -50.1812858581543 1.5865907669067383
    endloop
  endfacet
  facet normal 0 0.19509188027268318 0.9807849704454433
    outer loop
      vertex -2.000000476837158 -49.862510681152344 -1.6499996185302734
      vertex 0 -50.1812858581543 -1.5865907669067383
      vertex 0 -49.862510681152344 -1.6499996185302734
    endloop
  endfacet
  facet normal 0 0 1
    outer loop
      vertex -2.000000476837158 -49.862510681152344 -1.6499996185302734
      vertex 0 -49.862510681152344 -1.6499996185302734
      vertex -2.000000476837158 -49.53749084472656 -1.6499996185302734
    endloop
  endfacet
  facet normal 0 0 -1
    outer loop
      vertex -2.000000476837158 -49.862510681152344 1.6499996185302734
      vertex -2.000000476837158 -49.53749084472656 1.6499996185302734
      vertex 0 -49.53749084472656 1.6499996185302734
    endloop
  endfacet
  facet normal 0 0 -1
    outer loop
      vertex -2.000000476837158 -49.862510681152344 1.6499996185302734
      vertex 0 -49.53749084472656 1.6499996185302734
      vertex 0 -49.862510681152344 1.6499996185302734
    endloop
  endfacet
  facet normal 0 0 1
    outer loop
      vertex -2.000000476837158 -49.53749084472656 -1.6499996185302734
      vertex 0 -49.862510681152344 -1.6499996185302734
      vertex 0 -49.53749084472656 -1.6499996185302734
    endloop
  endfacet
  facet normal 0 -0.19508963454299286 0.980785417149889
    outer loop
      vertex -2.000000476837158 -49.53749084472656 -1.6499996185302734
      vertex 0 -49.53749084472656 -1.6499996185302734
      vertex -2.000000476837158 -49.218711853027344 -1.5865907669067383
    endloop
  endfacet
  facet normal 0 -0.19508963454299286 -0.980785417149889
    outer loop
      vertex -2.000000476837158 -49.53749084472656 1.6499996185302734
      vertex -2.000000476837158 -49.218711853027344 1.5865907669067383
      vertex 0 -49.218711853027344 1.5865907669067383
    endloop
  endfacet
  facet normal 0 -0.19508963454299286 -0.980785417149889
    outer loop
      vertex -2.000000476837158 -49.53749084472656 1.6499996185302734
      vertex 0 -49.218711853027344 1.5865907669067383
      vertex 0 -49.53749084472656 1.6499996185302734
    endloop
  endfacet
  facet normal 0 -0.19508963454299286 0.980785417149889
    outer loop
      vertex -2.000000476837158 -49.218711853027344 -1.5865907669067383
      vertex 0 -49.53749084472656 -1.6499996185302734
      vertex 0 -49.218711853027344 -1.5865907669067383
    endloop
  endfacet
  facet normal 0 -0.38268608938896814 0.9238784319314844
    outer loop
      vertex -2.000000476837158 -49.218711853027344 -1.5865907669067383
      vertex 0 -49.218711853027344 -1.5865907669067383
      vertex -2.000000476837158 -48.918434143066406 -1.4622106552124023
    endloop
  endfacet
  facet normal 0 -0.38268608938896814 -0.9238784319314844
    outer loop
      vertex -2.000000476837158 -49.218711853027344 1.5865907669067383
      vertex -2.000000476837158 -48.918434143066406 1.4622106552124023
      vertex 0 -48.918434143066406 1.4622106552124023
    endloop
  endfacet
  facet normal 0 -0.38268608938896814 -0.9238784319314844
    outer loop
      vertex -2.000000476837158 -49.218711853027344 1.5865907669067383
      vertex 0 -48.918434143066406 1.4622106552124023
      vertex 0 -49.218711853027344 1.5865907669067383
    endloop
  endfacet
  facet normal 0 -0.38268608938896814 0.9238784319314844
    outer loop
      vertex -2.000000476837158 -48.918434143066406 -1.4622106552124023
      vertex 0 -49.218711853027344 -1.5865907669067383
      vertex 0 -48.918434143066406 -1.4622106552124023
    endloop
  endfacet
  facet normal 0 -0.5555666025903322 0.8314720380663658
    outer loop
      vertex -2.000000476837158 -48.918434143066406 -1.4622106552124023
      vertex 0 -48.918434143066406 -1.4622106552124023
      vertex -2.000000476837158 -48.64818572998047 -1.2816381454467773
    endloop
  endfacet
  facet normal 0 -0.5555666025903322 -0.8314720380663658
    outer loop
      vertex -2.000000476837158 -48.918434143066406 1.4622106552124023
      vertex -2.000000476837158 -48.64818572998047 1.2816381454467773
      vertex 0 -48.64818572998047 1.2816381454467773
    endloop
  endfacet
  facet normal 0 -0.5555666025903322 -0.8314720380663658
    outer loop
      vertex -2.000000476837158 -48.918434143066406 1.4622106552124023
      vertex 0 -48.64818572998047 1.2816381454467773
      vertex 0 -48.918434143066406 1.4622106552124023
    endloop
  endfacet
  facet normal 0 -0.5555666025903322 0.8314720380663658
    outer loop
      vertex -2.000000476837158 -48.64818572998047 -1.2816381454467773
      vertex 0 -48.918434143066406 -1.4622106552124023
      vertex 0 -48.64818572998047 -1.2816381454467773
    endloop
  endfacet
  facet normal 0 -0.7071082482815493 0.707105314088502
    outer loop
      vertex -2.000000476837158 -48.64818572998047 -1.2816381454467773
      vertex 0 -48.64818572998047 -1.2816381454467773
      vertex 0 -48.41836166381836 -1.0518131256103516
    endloop
  endfacet
  facet normal 0 -0.7071082482815493 0.707105314088502
    outer loop
      vertex -2.000000476837158 -48.64818572998047 -1.2816381454467773
      vertex 0 -48.41836166381836 -1.0518131256103516
      vertex -2.000000476837158 -48.41836166381836 -1.0518131256103516
    endloop
  endfacet
  facet normal 0 -0.7071082482815493 -0.707105314088502
    outer loop
      vertex -2.000000476837158 -48.64818572998047 1.2816381454467773
      vertex -2.000000476837158 -48.41836166381836 1.0518131256103516
      vertex 0 -48.64818572998047 1.2816381454467773
    endloop
  endfacet
  facet normal -1 0 0
    outer loop
      vertex -2.000000476837158 -48.64818572998047 1.2816381454467773
      vertex -2.000000476837158 -6.901508331298828 6
      vertex -2.000000476837158 -48.41836166381836 1.0518131256103516
    endloop
  endfacet
  facet normal -1 0 0
    outer loop
      vertex -2.000000476837158 -48.41836166381836 -1.0518131256103516
      vertex -2.000000476837158 -48.237789154052734 -0.7815675735473633
      vertex -2.000000476837158 -2.7914934158325195 -1.4920845031738281
    endloop
  endfacet
  facet normal -1 0 0
    outer loop
      vertex -2.000000476837158 -48.41836166381836 -1.0518131256103516
      vertex -2.000000476837158 -2.7914934158325195 -1.4920845031738281
      vertex -2.000000476837158 -2.4467639923095703 -2.008007049560547
    endloop
  endfacet
  facet normal 0 -0.831469321108729 0.5555706688216986
    outer loop
      vertex -2.000000476837158 -48.41836166381836 -1.0518131256103516
      vertex 0 -48.41836166381836 -1.0518131256103516
      vertex 0 -48.237789154052734 -0.7815675735473633
    endloop
  endfacet
  facet normal 0 -0.831469321108729 0.5555706688216986
    outer loop
      vertex -2.000000476837158 -48.41836166381836 -1.0518131256103516
      vertex 0 -48.237789154052734 -0.7815675735473633
      vertex -2.000000476837158 -48.237789154052734 -0.7815675735473633
    endloop
  endfacet
  facet normal 0 -0.831469321108729 -0.5555706688216986
    outer loop
      vertex -2.000000476837158 -48.41836166381836 1.0518131256103516
      vertex -2.000000476837158 -48.237789154052734 0.7815675735473633
      vertex 0 -48.41836166381836 1.0518131256103516
    endloop
  endfacet
  facet normal -1 0 0
    outer loop
      vertex -2.000000476837158 -48.41836166381836 1.0518131256103516
      vertex -2.000000476837158 -6.901508331298828 6
      vertex -2.000000476837158 -48.237789154052734 0.7815675735473633
    endloop
  endfacet
  facet normal 0 -0.7071082482815493 -0.707105314088502
    outer loop
      vertex -2.000000476837158 -48.41836166381836 1.0518131256103516
      vertex 0 -48.41836166381836 1.0518131256103516
      vertex 0 -48.64818572998047 1.2816381454467773
    endloop
  endfacet
  facet normal -1 0 0
    outer loop
      vertex -2.000000476837158 -48.237789154052734 -0.7815675735473633
      vertex -2.000000476837158 -48.11341094970703 -0.48128700256347656
      vertex -2.000000476837158 -3.028946876525879 -0.9188203811645508
    endloop
  endfacet
  facet normal -1 0 0
    outer loop
      vertex -2.000000476837158 -48.237789154052734 -0.7815675735473633
      vertex -2.000000476837158 -3.028946876525879 -0.9188203811645508
      vertex -2.000000476837158 -2.7914934158325195 -1.4920845031738281
    endloop
  endfacet
  facet normal 0 -0.9238817958257876 0.38267796819482264
    outer loop
      vertex -2.000000476837158 -48.237789154052734 -0.7815675735473633
      vertex 0 -48.237789154052734 -0.7815675735473633
      vertex 0 -48.11341094970703 -0.48128700256347656
    endloop
  endfacet
  facet normal 0 -0.9238817958257876 0.38267796819482264
    outer loop
      vertex -2.000000476837158 -48.237789154052734 -0.7815675735473633
      vertex 0 -48.11341094970703 -0.48128700256347656
      vertex -2.000000476837158 -48.11341094970703 -0.48128700256347656
    endloop
  endfacet
  facet normal 0 -0.9238817958257876 -0.38267796819482264
    outer loop
      vertex -2.000000476837158 -48.237789154052734 0.7815675735473633
      vertex -2.000000476837158 -48.11341094970703 0.48128700256347656
      vertex 0 -48.237789154052734 0.7815675735473633
    endloop
  endfacet
  facet normal -1 0 0
    outer loop
      vertex -2.000000476837158 -48.237789154052734 0.7815675735473633
      vertex -2.000000476837158 -6.901508331298828 6
      vertex -2.000000476837158 -48.11341094970703 0.48128700256347656
    endloop
  endfacet
  facet normal 0 -0.831469321108729 -0.5555706688216986
    outer loop
      vertex -2.000000476837158 -48.237789154052734 0.7815675735473633
      vertex 0 -48.237789154052734 0.7815675735473633
      vertex 0 -48.41836166381836 1.0518131256103516
    endloop
  endfacet
  facet normal -1 0 0
    outer loop
      vertex -2.000000476837158 -48.11341094970703 -0.48128700256347656
      vertex -2.000000476837158 -48.04999923706055 -0.16250991821289062
      vertex -2.000000476837158 -6.901508331298828 6
    endloop
  endfacet
  facet normal -1 0 0
    outer loop
      vertex -2.000000476837158 -48.11341094970703 -0.48128700256347656
      vertex -2.000000476837158 -6.901508331298828 6
      vertex -2.000000476837158 -3.028946876525879 -0.9188203811645508
    endloop
  endfacet
  facet normal 0 -0.9807835094686675 0.19509922489421666
    outer loop
      vertex -2.000000476837158 -48.11341094970703 -0.48128700256347656
      vertex 0 -48.11341094970703 -0.48128700256347656
      vertex 0 -48.04999923706055 -0.16250991821289062
    endloop
  endfacet
  facet normal 0 -0.9807835094686675 0.19509922489421666
    outer loop
      vertex -2.000000476837158 -48.11341094970703 -0.48128700256347656
      vertex 0 -48.04999923706055 -0.16250991821289062
      vertex -2.000000476837158 -48.04999923706055 -0.16250991821289062
    endloop
  endfacet
  facet normal 0 -0.9807835094686675 -0.19509922489421666
    outer loop
      vertex -2.000000476837158 -48.11341094970703 0.48128700256347656
      vertex -2.000000476837158 -48.04999923706055 0.16250991821289062
      vertex 0 -48.11341094970703 0.48128700256347656
    endloop
  endfacet
  facet normal -1 0 0
    outer loop
      vertex -2.000000476837158 -48.11341094970703 0.48128700256347656
      vertex -2.000000476837158 -6.901508331298828 6
      vertex -2.000000476837158 -48.04999923706055 0.16250991821289062
    endloop
  endfacet
  facet normal 0 -0.9238817958257876 -0.38267796819482264
    outer loop
      vertex -2.000000476837158 -48.11341094970703 0.48128700256347656
      vertex 0 -48.11341094970703 0.48128700256347656
      vertex 0 -48.237789154052734 0.7815675735473633
    endloop
  endfacet
  facet normal -1 0 0
    outer loop
      vertex -2.000000476837158 -48.04999923706055 -0.16250991821289062
      vertex -2.000000476837158 -48.04999923706055 0.16250991821289062
      vertex -2.000000476837158 -6.901508331298828 6
    endloop
  endfacet
  facet normal 0 -1 0
    outer loop
      vertex -2.000000476837158 -48.04999923706055 -0.16250991821289062
      vertex 0 -48.04999923706055 -0.16250991821289062
      vertex 0 -48.04999923706055 0.16250991821289062
    endloop
  endfacet
  facet normal 0 -1 0
    outer loop
      vertex -2.000000476837158 -48.04999923706055 -0.16250991821289062
      vertex 0 -48.04999923706055 0.16250991821289062
      vertex -2.000000476837158 -48.04999923706055 0.16250991821289062
    endloop
  endfacet
  facet normal 0 -0.9807835094686675 -0.19509922489421666
    outer loop
      vertex -2.000000476837158 -48.04999923706055 0.16250991821289062
      vertex 0 -48.04999923706055 0.16250991821289062
      vertex 0 -48.11341094970703 0.48128700256347656
    endloop
  endfacet
  facet normal -1 0 0
    outer loop
      vertex -2.000000476837158 -6.901508331298828 6
      vertex -2.000000476837158 -6.708310127258301 6.038429260253906
      vertex -2.000000476837158 -3.1499996185302734 0.31024742126464844
    endloop
  endfacet
  facet normal -1 0 0
    outer loop
      vertex -2.000000476837158 -6.901508331298828 6
      vertex -2.000000476837158 -3.1499996185302734 -0.31024742126464844
      vertex -2.000000476837158 -3.028946876525879 -0.9188203811645508
    endloop
  endfacet
  facet normal -1 0 0
    outer loop
      vertex -2.000000476837158 -6.901508331298828 6
      vertex -2.000000476837158 -3.1499996185302734 0.31024742126464844
      vertex -2.000000476837158 -3.1499996185302734 -0.31024742126464844
    endloop
  endfacet
  facet normal 0 0 1
    outer loop
      vertex -2.000000476837158 -6.901508331298828 6
      vertex 0 -52.48793029785156 6
      vertex 0 -6.901508331298828 6
    endloop
  endfacet
  facet normal 0 -0.1950890919691262 0.9807855250739898
    outer loop
      vertex -2.000000476837158 -6.901508331298828 6
      vertex 0 -6.901508331298828 6
      vertex -2.000000476837158 -6.708310127258301 6.038429260253906
    endloop
  endfacet
  facet normal -1 0 0
    outer loop
      vertex -2.000000476837158 -6.708310127258301 6.038429260253906
      vertex -2.000000476837158 -6.526322364807129 6.113811492919922
      vertex -2.000000476837158 -3.1499996185302734 0.31024742126464844
    endloop
  endfacet
  facet normal 0 -0.1950890919691262 0.9807855250739898
    outer loop
      vertex -2.000000476837158 -6.708310127258301 6.038429260253906
      vertex 0 -6.901508331298828 6
      vertex 0 -6.708310127258301 6.038429260253906
    endloop
  endfacet
  facet normal 0 -0.3826853097993421 0.9238787548503221
    outer loop
      vertex -2.000000476837158 -6.708310127258301 6.038429260253906
      vertex 0 -6.708310127258301 6.038429260253906
      vertex -2.000000476837158 -6.526322364807129 6.113811492919922
    endloop
  endfacet
  facet normal -1 0 0
    outer loop
      vertex -2.000000476837158 -6.526322364807129 6.113811492919922
      vertex -2.000000476837158 -6.362536430358887 6.223248481750488
      vertex -2.000000476837158 -3.1499996185302734 0.31024742126464844
    endloop
  endfacet
  facet normal 0 -0.3826853097993421 0.9238787548503221
    outer loop
      vertex -2.000000476837158 -6.526322364807129 6.113811492919922
      vertex 0 -6.708310127258301 6.038429260253906
      vertex 0 -6.526322364807129 6.113811492919922
    endloop
  endfacet
  facet normal 0 -0.5555657625588704 0.8314725993515246
    outer loop
      vertex -2.000000476837158 -6.526322364807129 6.113811492919922
      vertex 0 -6.526322364807129 6.113811492919922
      vertex -2.000000476837158 -6.362536430358887 6.223248481750488
    endloop
  endfacet
  facet normal -1 0 0
    outer loop
      vertex -2.000000476837158 -6.362536430358887 6.223248481750488
      vertex -2.000000476837158 -6.223248481750488 6.362536430358887
      vertex -2.000000476837158 -3.1499996185302734 0.31024742126464844
    endloop
  endfacet
  facet normal 0 -0.5555657625588704 0.8314725993515246
    outer loop
      vertex -2.000000476837158 -6.362536430358887 6.223248481750488
      vertex 0 -6.526322364807129 6.113811492919922
      vertex 0 -6.362536430358887 6.223248481750488
    endloop
  endfacet
  facet normal 0 -0.7071067811865476 0.7071067811865476
    outer loop
      vertex -2.000000476837158 -6.362536430358887 6.223248481750488
      vertex 0 -6.362536430358887 6.223248481750488
      vertex 0 -6.223248481750488 6.362536430358887
    endloop
  endfacet
  facet normal 0 -0.7071067811865476 0.7071067811865476
    outer loop
      vertex -2.000000476837158 -6.362536430358887 6.223248481750488
      vertex 0 -6.223248481750488 6.362536430358887
      vertex -2.000000476837158 -6.223248481750488 6.362536430358887
    endloop
  endfacet
  facet normal -1 0 0
    outer loop
      vertex -2.000000476837158 -6.223248481750488 6.362536430358887
      vertex -2.000000476837158 -6.113811492919922 6.526322364807129
      vertex -2.000000476837158 -3.1499996185302734 0.31024742126464844
    endloop
  endfacet
  facet normal 0 -0.8314725993515246 0.5555657625588704
    outer loop
      vertex -2.000000476837158 -6.223248481750488 6.362536430358887
      vertex 0 -6.223248481750488 6.362536430358887
      vertex 0 -6.113811492919922 6.526322364807129
    endloop
  endfacet
  facet normal 0 -0.8314725993515246 0.5555657625588704
    outer loop
      vertex -2.000000476837158 -6.223248481750488 6.362536430358887
      vertex 0 -6.113811492919922 6.526322364807129
      vertex -2.000000476837158 -6.113811492919922 6.526322364807129
    endloop
  endfacet
  facet normal -1 0 0
    outer loop
      vertex -2.000000476837158 -6.113811492919922 6.526322364807129
      vertex -2.000000476837158 -6.038429260253906 6.708310127258301
      vertex -2.000000476837158 -3.1499996185302734 0.31024742126464844
    endloop
  endfacet
  facet normal 0 -0.9238787548503221 0.3826853097993421
    outer loop
      vertex -2.000000476837158 -6.113811492919922 6.526322364807129
      vertex 0 -6.113811492919922 6.526322364807129
      vertex 0 -6.038429260253906 6.708310127258301
    endloop
  endfacet
  facet normal 0 -0.9238787548503221 0.3826853097993421
    outer loop
      vertex -2.000000476837158 -6.113811492919922 6.526322364807129
      vertex 0 -6.038429260253906 6.708310127258301
      vertex -2.000000476837158 -6.038429260253906 6.708310127258301
    endloop
  endfacet
  facet normal -1 0 0
    outer loop
      vertex -2.000000476837158 -6.038429260253906 6.708310127258301
      vertex -2.000000476837158 -6 6.901508331298828
      vertex -2.000000476837158 -3.1499996185302734 0.31024742126464844
    endloop
  endfacet
  facet normal 0 -0.9807855250739898 0.1950890919691262
    outer loop
      vertex -2.000000476837158 -6.038429260253906 6.708310127258301
      vertex 0 -6.038429260253906 6.708310127258301
      vertex 0 -6 6.901508331298828
    endloop
  endfacet
  facet normal 0 -0.9807855250739898 0.1950890919691262
    outer loop
      vertex -2.000000476837158 -6.038429260253906 6.708310127258301
      vertex 0 -6 6.901508331298828
      vertex -2.000000476837158 -6 6.901508331298828
    endloop
  endfacet
  facet normal -1 0 0
    outer loop
      vertex -2.000000476837158 -6 6.901508331298828
      vertex -2.000000476837158 -6 46.196983337402344
      vertex -2.000000476837158 -1.4622106552124023 39.21843338012695
    endloop
  endfacet
  facet normal -1 0 0
    outer loop
      vertex -2.000000476837158 -6 6.901508331298828
      vertex -2.000000476837158 -3.028946876525879 0.9188203811645508
      vertex -2.000000476837158 -3.1499996185302734 0.31024742126464844
    endloop
  endfacet
  facet normal -1 0 0
    outer loop
      vertex -2.000000476837158 -6 6.901508331298828
      vertex -2.000000476837158 -2.7914934158325195 1.4920845031738281
      vertex -2.000000476837158 -3.028946876525879 0.9188203811645508
    endloop
  endfacet
  facet normal -1 0 0
    outer loop
      vertex -2.000000476837158 -6 6.901508331298828
      vertex -2.000000476837158 -2.4467639923095703 2.008007049560547
      vertex -2.000000476837158 -2.7914934158325195 1.4920845031738281
    endloop
  endfacet
  facet normal -1 0 0
    outer loop
      vertex -2.000000476837158 -6 6.901508331298828
      vertex -2.000000476837158 -2.008007049560547 2.4467639923095703
      vertex -2.000000476837158 -2.4467639923095703 2.008007049560547
    endloop
  endfacet
  facet normal -1 0 0
    outer loop
      vertex -2.000000476837158 -6 6.901508331298828
      vertex -2.000000476837158 -1.4920845031738281 2.7914934158325195
      vertex -2.000000476837158 -2.008007049560547 2.4467639923095703
    endloop
  endfacet
  facet normal -1 0 0
    outer loop
      vertex -2.000000476837158 -6 6.901508331298828
      vertex -2.000000476837158 -1.4622106552124023 39.21843338012695
      vertex -2.000000476837158 -1.2816381454467773 38.94818878173828
    endloop
  endfacet
  facet normal -1 0 0
    outer loop
      vertex -2.000000476837158 -6 6.901508331298828
      vertex -2.000000476837158 -1.2816381454467773 38.94818878173828
      vertex -2.000000476837158 -1.0518131256103516 38.718360900878906
    endloop
  endfacet
  facet normal -1 0 0
    outer loop
      vertex -2.000000476837158 -6 6.901508331298828
      vertex -2.000000476837158 -1.0518131256103516 38.718360900878906
      vertex -2.000000476837158 -0.7815675735473633 38.53778839111328
    endloop
  endfacet
  facet normal -1 0 0
    outer loop
      vertex -2.000000476837158 -6 6.901508331298828
      vertex -2.000000476837158 -0.9188203811645508 3.028946876525879
      vertex -2.000000476837158 -1.4920845031738281 2.7914934158325195
    endloop
  endfacet
  facet normal -1 0 0
    outer loop
      vertex -2.000000476837158 -6 6.901508331298828
      vertex -2.000000476837158 -0.7815675735473633 38.53778839111328
      vertex -2.000000476837158 -0.48128700256347656 38.41341018676758
    endloop
  endfacet
  facet normal -1 0 0
    outer loop
      vertex -2.000000476837158 -6 6.901508331298828
      vertex -2.000000476837158 -0.48128700256347656 38.41341018676758
      vertex -2.000000476837158 -0.16250991821289062 38.349998474121094
    endloop
  endfacet
  facet normal -1 0 0
    outer loop
      vertex -2.000000476837158 -6 6.901508331298828
      vertex -2.000000476837158 -0.31024742126464844 3.1499996185302734
      vertex -2.000000476837158 -0.9188203811645508 3.028946876525879
    endloop
  endfacet
  facet normal -1 0 0
    outer loop
      vertex -2.000000476837158 -6 6.901508331298828
      vertex -2.000000476837158 -0.16250991821289062 38.349998474121094
      vertex -2.000000476837158 0.16250991821289062 38.349998474121094
    endloop
  endfacet
  facet normal -1 0 0
    outer loop
      vertex -2.000000476837158 -6 6.901508331298828
      vertex -2.000000476837158 0.16250991821289062 38.349998474121094
      vertex -2.000000476837158 0.48128700256347656 38.41341018676758
    endloop
  endfacet
  facet normal -1 0 0
    outer loop
      vertex -2.000000476837158 -6 6.901508331298828
      vertex -2.000000476837158 0.31024742126464844 3.1499996185302734
      vertex -2.000000476837158 -0.31024742126464844 3.1499996185302734
    endloop
  endfacet
  facet normal -1 0 0
    outer loop
      vertex -2.000000476837158 -6 6.901508331298828
      vertex -2.000000476837158 0.48128700256347656 38.41341018676758
      vertex -2.000000476837158 0.9188203811645508 3.028946876525879
    endloop
  endfacet
  facet normal -1 0 0
    outer loop
      vertex -2.000000476837158 -6 6.901508331298828
      vertex -2.000000476837158 0.9188203811645508 3.028946876525879
      vertex -2.000000476837158 0.31024742126464844 3.1499996185302734
    endloop
  endfacet
  facet normal 0 -1 0
    outer loop
      vertex -2.000000476837158 -6 6.901508331298828
      vertex 0 -6 6.901508331298828
      vertex -2.000000476837158 -6 46.196983337402344
    endloop
  endfacet
  facet normal -1 0 0
    outer loop
      vertex -2.000000476837158 -6 46.196983337402344
      vertex -2.000000476837158 -1.6499996185302734 39.83749008178711
      vertex -2.000000476837158 -1.5865907669067383 39.518714904785156
    endloop
  endfacet
  facet normal -1 0 0
    outer loop
      vertex -2.000000476837158 -6 46.196983337402344
      vertex -2.000000476837158 -1.6499996185302734 40.16250991821289
      vertex -2.000000476837158 -1.6499996185302734 39.83749008178711
    endloop
  endfacet
  facet normal -1 0 0
    outer loop
      vertex -2.000000476837158 -6 46.196983337402344
      vertex -2.000000476837158 -1.5865907669067383 39.518714904785156
      vertex -2.000000476837158 -1.4622106552124023 39.21843338012695
    endloop
  endfacet
  facet normal -1 0 0
    outer loop
      vertex -2.000000476837158 -6 46.196983337402344
      vertex -2.000000476837158 -1.5865907669067383 40.481285095214844
      vertex -2.000000476837158 -1.6499996185302734 40.16250991821289
    endloop
  endfacet
  facet normal -1 0 0
    outer loop
      vertex -2.000000476837158 -6 46.196983337402344
      vertex -2.000000476837158 -1.4622106552124023 40.78156661987305
      vertex -2.000000476837158 -1.5865907669067383 40.481285095214844
    endloop
  endfacet
  facet normal -1 0 0
    outer loop
      vertex -2.000000476837158 -6 46.196983337402344
      vertex -2.000000476837158 -1.2816381454467773 41.05181121826172
      vertex -2.000000476837158 -1.4622106552124023 40.78156661987305
    endloop
  endfacet
  facet normal -1 0 0
    outer loop
      vertex -2.000000476837158 -6 46.196983337402344
      vertex -2.000000476837158 -1.0518131256103516 41.281639099121094
      vertex -2.000000476837158 -1.2816381454467773 41.05181121826172
    endloop
  endfacet
  facet normal -1 0 0
    outer loop
      vertex -2.000000476837158 -6 46.196983337402344
      vertex -2.000000476837158 -0.7815675735473633 41.46221160888672
      vertex -2.000000476837158 -1.0518131256103516 41.281639099121094
    endloop
  endfacet
  facet normal -1 0 0
    outer loop
      vertex -2.000000476837158 -6 46.196983337402344
      vertex -2.000000476837158 -0.48128700256347656 41.58658981323242
      vertex -2.000000476837158 -0.7815675735473633 41.46221160888672
    endloop
  endfacet
  facet normal -1 0 0
    outer loop
      vertex -2.000000476837158 -6 46.196983337402344
      vertex -2.000000476837158 -0.16250991821289062 41.650001525878906
      vertex -2.000000476837158 -0.48128700256347656 41.58658981323242
    endloop
  endfacet
  facet normal -1 0 0
    outer loop
      vertex -2.000000476837158 -6 46.196983337402344
      vertex -2.000000476837158 0.16250991821289062 41.650001525878906
      vertex -2.000000476837158 -0.16250991821289062 41.650001525878906
    endloop
  endfacet
  facet normal -1 0 0
    outer loop
      vertex -2.000000476837158 -6 46.196983337402344
      vertex -2.000000476837158 7.999999523162842 46.196983337402344
      vertex -2.000000476837158 0.16250991821289062 41.650001525878906
    endloop
  endfacet
  facet normal 0 -1 0
    outer loop
      vertex -2.000000476837158 -6 46.196983337402344
      vertex 0 -6 6.901508331298828
      vertex 0 -6 48.196983337402344
    endloop
  endfacet
  facet normal 0 1 0
    outer loop
      vertex -2.000000476837158 -3.1499996185302734 -0.31024742126464844
      vertex -2.000000476837158 -3.1499996185302734 0.31024742126464844
      vertex 0 -3.1499996185302734 -0.31024742126464844
    endloop
  endfacet
  facet normal 0 0.9807852638044983 0.1950904054635718
    outer loop
      vertex -2.000000476837158 -3.1499996185302734 -0.31024742126464844
      vertex 0 -3.1499996185302734 -0.31024742126464844
      vertex 0 -3.028946876525879 -0.9188203811645508
    endloop
  endfacet
  facet normal 0 0.9807852638044983 0.1950904054635718
    outer loop
      vertex -2.000000476837158 -3.1499996185302734 -0.31024742126464844
      vertex 0 -3.028946876525879 -0.9188203811645508
      vertex -2.000000476837158 -3.028946876525879 -0.9188203811645508
    endloop
  endfacet
  facet normal 0 0.9807852638044983 -0.1950904054635718
    outer loop
      vertex -2.000000476837158 -3.1499996185302734 0.31024742126464844
      vertex -2.000000476837158 -3.028946876525879 0.9188203811645508
      vertex 0 -3.1499996185302734 0.31024742126464844
    endloop
  endfacet
  facet normal 0 1 0
    outer loop
      vertex -2.000000476837158 -3.1499996185302734 0.31024742126464844
      vertex 0 -3.1499996185302734 0.31024742126464844
      vertex 0 -3.1499996185302734 -0.31024742126464844
    endloop
  endfacet
  facet normal 0 0.9238797111206377 0.3826830011636875
    outer loop
      vertex -2.000000476837158 -3.028946876525879 -0.9188203811645508
      vertex 0 -3.028946876525879 -0.9188203811645508
      vertex 0 -2.7914934158325195 -1.4920845031738281
    endloop
  endfacet
  facet normal 0 0.9238797111206377 0.3826830011636875
    outer loop
      vertex -2.000000476837158 -3.028946876525879 -0.9188203811645508
      vertex 0 -2.7914934158325195 -1.4920845031738281
      vertex -2.000000476837158 -2.7914934158325195 -1.4920845031738281
    endloop
  endfacet
  facet normal 0 0.9238797111206377 -0.3826830011636875
    outer loop
      vertex -2.000000476837158 -3.028946876525879 0.9188203811645508
      vertex -2.000000476837158 -2.7914934158325195 1.4920845031738281
      vertex 0 -3.028946876525879 0.9188203811645508
    endloop
  endfacet
  facet normal 0 0.9807852638044983 -0.1950904054635718
    outer loop
      vertex -2.000000476837158 -3.028946876525879 0.9188203811645508
      vertex 0 -3.028946876525879 0.9188203811645508
      vertex 0 -3.1499996185302734 0.31024742126464844
    endloop
  endfacet
  facet normal 0 0.8314688684232263 0.5555713463120642
    outer loop
      vertex -2.000000476837158 -2.7914934158325195 -1.4920845031738281
      vertex 0 -2.7914934158325195 -1.4920845031738281
      vertex 0 -2.4467639923095703 -2.008007049560547
    endloop
  endfacet
  facet normal 0 0.8314688684232263 0.5555713463120642
    outer loop
      vertex -2.000000476837158 -2.7914934158325195 -1.4920845031738281
      vertex 0 -2.4467639923095703 -2.008007049560547
      vertex -2.000000476837158 -2.4467639923095703 -2.008007049560547
    endloop
  endfacet
  facet normal 0 0.8314688684232263 -0.5555713463120642
    outer loop
      vertex -2.000000476837158 -2.7914934158325195 1.4920845031738281
      vertex -2.000000476837158 -2.4467639923095703 2.008007049560547
      vertex 0 -2.7914934158325195 1.4920845031738281
    endloop
  endfacet
  facet normal 0 0.9238797111206377 -0.3826830011636875
    outer loop
      vertex -2.000000476837158 -2.7914934158325195 1.4920845031738281
      vertex 0 -2.7914934158325195 1.4920845031738281
      vertex 0 -3.028946876525879 0.9188203811645508
    endloop
  endfacet
  facet normal 0 0.7071067811865476 0.7071067811865476
    outer loop
      vertex -2.000000476837158 -2.4467639923095703 -2.008007049560547
      vertex 0 -2.4467639923095703 -2.008007049560547
      vertex 0 -2.008007049560547 -2.4467639923095703
    endloop
  endfacet
  facet normal 0 0.7071067811865476 0.7071067811865476
    outer loop
      vertex -2.000000476837158 -2.4467639923095703 -2.008007049560547
      vertex 0 -2.008007049560547 -2.4467639923095703
      vertex -2.000000476837158 -2.008007049560547 -2.4467639923095703
    endloop
  endfacet
  facet normal 0 0.7071067811865476 -0.7071067811865476
    outer loop
      vertex -2.000000476837158 -2.4467639923095703 2.008007049560547
      vertex -2.000000476837158 -2.008007049560547 2.4467639923095703
      vertex 0 -2.4467639923095703 2.008007049560547
    endloop
  endfacet
  facet normal 0 0.8314688684232263 -0.5555713463120642
    outer loop
      vertex -2.000000476837158 -2.4467639923095703 2.008007049560547
      vertex 0 -2.4467639923095703 2.008007049560547
      vertex 0 -2.7914934158325195 1.4920845031738281
    endloop
  endfacet
  facet normal 0 0.5555713463120642 0.8314688684232263
    outer loop
      vertex -2.000000476837158 -2.008007049560547 -2.4467639923095703
      vertex 0 -2.008007049560547 -2.4467639923095703
      vertex -2.000000476837158 -1.4920845031738281 -2.7914934158325195
    endloop
  endfacet
  facet normal 0 0.5555713463120642 -0.8314688684232263
    outer loop
      vertex -2.000000476837158 -2.008007049560547 2.4467639923095703
      vertex -2.000000476837158 -1.4920845031738281 2.7914934158325195
      vertex 0 -1.4920845031738281 2.7914934158325195
    endloop
  endfacet
  facet normal 0 0.7071067811865476 -0.7071067811865476
    outer loop
      vertex -2.000000476837158 -2.008007049560547 2.4467639923095703
      vertex 0 -2.008007049560547 2.4467639923095703
      vertex 0 -2.4467639923095703 2.008007049560547
    endloop
  endfacet
  facet normal 0 0.5555713463120642 -0.8314688684232263
    outer loop
      vertex -2.000000476837158 -2.008007049560547 2.4467639923095703
      vertex 0 -1.4920845031738281 2.7914934158325195
      vertex 0 -2.008007049560547 2.4467639923095703
    endloop
  endfacet
  facet normal 0 1 0
    outer loop
      vertex -2.000000476837158 -1.6499996185302734 39.83749008178711
      vertex -2.000000476837158 -1.6499996185302734 40.16250991821289
      vertex 0 -1.6499996185302734 39.83749008178711
    endloop
  endfacet
  facet normal 0 0.9807849704454433 0.19509188027268318
    outer loop
      vertex -2.000000476837158 -1.6499996185302734 39.83749008178711
      vertex 0 -1.6499996185302734 39.83749008178711
      vertex 0 -1.5865907669067383 39.518714904785156
    endloop
  endfacet
  facet normal 0 0.9807849704454433 0.19509188027268318
    outer loop
      vertex -2.000000476837158 -1.6499996185302734 39.83749008178711
      vertex 0 -1.5865907669067383 39.518714904785156
      vertex -2.000000476837158 -1.5865907669067383 39.518714904785156
    endloop
  endfacet
  facet normal 0 0.9807849704454433 -0.19509188027268318
    outer loop
      vertex -2.000000476837158 -1.6499996185302734 40.16250991821289
      vertex -2.000000476837158 -1.5865907669067383 40.481285095214844
      vertex 0 -1.6499996185302734 40.16250991821289
    endloop
  endfacet
  facet normal 0 1 0
    outer loop
      vertex -2.000000476837158 -1.6499996185302734 40.16250991821289
      vertex 0 -1.6499996185302734 40.16250991821289
      vertex 0 -1.6499996185302734 39.83749008178711
    endloop
  endfacet
  facet normal 0 0.9238801507503016 0.38268193980066517
    outer loop
      vertex -2.000000476837158 -1.5865907669067383 39.518714904785156
      vertex 0 -1.5865907669067383 39.518714904785156
      vertex 0 -1.4622106552124023 39.21843338012695
    endloop
  endfacet
  facet normal 0 0.9238801507503016 0.38268193980066517
    outer loop
      vertex -2.000000476837158 -1.5865907669067383 39.518714904785156
      vertex 0 -1.4622106552124023 39.21843338012695
      vertex -2.000000476837158 -1.4622106552124023 39.21843338012695
    endloop
  endfacet
  facet normal 0 0.9238801507503016 -0.38268193980066517
    outer loop
      vertex -2.000000476837158 -1.5865907669067383 40.481285095214844
      vertex -2.000000476837158 -1.4622106552124023 40.78156661987305
      vertex 0 -1.5865907669067383 40.481285095214844
    endloop
  endfacet
  facet normal 0 0.9807849704454433 -0.19509188027268318
    outer loop
      vertex -2.000000476837158 -1.5865907669067383 40.481285095214844
      vertex 0 -1.5865907669067383 40.481285095214844
      vertex 0 -1.6499996185302734 40.16250991821289
    endloop
  endfacet
  facet normal 0 0.5555713463120642 0.8314688684232263
    outer loop
      vertex -2.000000476837158 -1.4920845031738281 -2.7914934158325195
      vertex 0 -2.008007049560547 -2.4467639923095703
      vertex 0 -1.4920845031738281 -2.7914934158325195
    endloop
  endfacet
  facet normal 0 0.3826830011636875 0.9238797111206377
    outer loop
      vertex -2.000000476837158 -1.4920845031738281 -2.7914934158325195
      vertex 0 -1.4920845031738281 -2.7914934158325195
      vertex -2.000000476837158 -0.9188203811645508 -3.028946876525879
    endloop
  endfacet
  facet normal 0 0.3826830011636875 -0.9238797111206377
    outer loop
      vertex -2.000000476837158 -1.4920845031738281 2.7914934158325195
      vertex -2.000000476837158 -0.9188203811645508 3.028946876525879
      vertex 0 -0.9188203811645508 3.028946876525879
    endloop
  endfacet
  facet normal 0 0.3826830011636875 -0.9238797111206377
    outer loop
      vertex -2.000000476837158 -1.4920845031738281 2.7914934158325195
      vertex 0 -0.9188203811645508 3.028946876525879
      vertex 0 -1.4920845031738281 2.7914934158325195
    endloop
  endfacet
  facet normal 0 0.8314684154429263 0.5555720242424284
    outer loop
      vertex -2.000000476837158 -1.4622106552124023 39.21843338012695
      vertex 0 -1.4622106552124023 39.21843338012695
      vertex 0 -1.2816381454467773 38.94818878173828
    endloop
  endfacet
  facet normal 0 0.8314684154429263 0.5555720242424284
    outer loop
      vertex -2.000000476837158 -1.4622106552124023 39.21843338012695
      vertex 0 -1.2816381454467773 38.94818878173828
      vertex -2.000000476837158 -1.2816381454467773 38.94818878173828
    endloop
  endfacet
  facet normal 0 0.8314684154429263 -0.5555720242424284
    outer loop
      vertex -2.000000476837158 -1.4622106552124023 40.78156661987305
      vertex -2.000000476837158 -1.2816381454467773 41.05181121826172
      vertex 0 -1.4622106552124023 40.78156661987305
    endloop
  endfacet
  facet normal 0 0.9238801507503016 -0.38268193980066517
    outer loop
      vertex -2.000000476837158 -1.4622106552124023 40.78156661987305
      vertex 0 -1.4622106552124023 40.78156661987305
      vertex 0 -1.5865907669067383 40.481285095214844
    endloop
  endfacet
  facet normal 0 0.7071111824258944 0.707102379919806
    outer loop
      vertex -2.000000476837158 -1.2816381454467773 38.94818878173828
      vertex 0 -1.2816381454467773 38.94818878173828
      vertex 0 -1.0518131256103516 38.718360900878906
    endloop
  endfacet
  facet normal 0 0.7071111824258944 0.707102379919806
    outer loop
      vertex -2.000000476837158 -1.2816381454467773 38.94818878173828
      vertex 0 -1.0518131256103516 38.718360900878906
      vertex -2.000000476837158 -1.0518131256103516 38.718360900878906
    endloop
  endfacet
  facet normal 0 0.7071111824258944 -0.707102379919806
    outer loop
      vertex -2.000000476837158 -1.2816381454467773 41.05181121826172
      vertex -2.000000476837158 -1.0518131256103516 41.281639099121094
      vertex 0 -1.2816381454467773 41.05181121826172
    endloop
  endfacet
  facet normal 0 0.8314684154429263 -0.5555720242424284
    outer loop
      vertex -2.000000476837158 -1.2816381454467773 41.05181121826172
      vertex 0 -1.2816381454467773 41.05181121826172
      vertex 0 -1.4622106552124023 40.78156661987305
    endloop
  endfacet
  facet normal 0 0.5555706688216986 0.831469321108729
    outer loop
      vertex -2.000000476837158 -1.0518131256103516 38.718360900878906
      vertex 0 -1.0518131256103516 38.718360900878906
      vertex -2.000000476837158 -0.7815675735473633 38.53778839111328
    endloop
  endfacet
  facet normal 0 0.5555706688216986 -0.831469321108729
    outer loop
      vertex -2.000000476837158 -1.0518131256103516 41.281639099121094
      vertex -2.000000476837158 -0.7815675735473633 41.46221160888672
      vertex 0 -0.7815675735473633 41.46221160888672
    endloop
  endfacet
  facet normal 0 0.7071111824258944 -0.707102379919806
    outer loop
      vertex -2.000000476837158 -1.0518131256103516 41.281639099121094
      vertex 0 -1.0518131256103516 41.281639099121094
      vertex 0 -1.2816381454467773 41.05181121826172
    endloop
  endfacet
  facet normal 0 0.5555706688216986 -0.831469321108729
    outer loop
      vertex -2.000000476837158 -1.0518131256103516 41.281639099121094
      vertex 0 -0.7815675735473633 41.46221160888672
      vertex 0 -1.0518131256103516 41.281639099121094
    endloop
  endfacet
  facet normal -1 0 0
    outer loop
      vertex -2.000000476837158 -0.9188203811645508 -3.028946876525879
      vertex -2.000000476837158 -0.31024742126464844 -3.1499996185302734
      vertex -2.000000476837158 7.999999523162842 -6.196982383728027
    endloop
  endfacet
  facet normal 0 0.3826830011636875 0.9238797111206377
    outer loop
      vertex -2.000000476837158 -0.9188203811645508 -3.028946876525879
      vertex 0 -1.4920845031738281 -2.7914934158325195
      vertex 0 -0.9188203811645508 -3.028946876525879
    endloop
  endfacet
  facet normal 0 0.1950904054635718 0.9807852638044983
    outer loop
      vertex -2.000000476837158 -0.9188203811645508 -3.028946876525879
      vertex 0 -0.9188203811645508 -3.028946876525879
      vertex -2.000000476837158 -0.31024742126464844 -3.1499996185302734
    endloop
  endfacet
  facet normal 0 0.1950904054635718 -0.9807852638044983
    outer loop
      vertex -2.000000476837158 -0.9188203811645508 3.028946876525879
      vertex -2.000000476837158 -0.31024742126464844 3.1499996185302734
      vertex 0 -0.31024742126464844 3.1499996185302734
    endloop
  endfacet
  facet normal 0 0.1950904054635718 -0.9807852638044983
    outer loop
      vertex -2.000000476837158 -0.9188203811645508 3.028946876525879
      vertex 0 -0.31024742126464844 3.1499996185302734
      vertex 0 -0.9188203811645508 3.028946876525879
    endloop
  endfacet
  facet normal 0 0.5555706688216986 0.831469321108729
    outer loop
      vertex -2.000000476837158 -0.7815675735473633 38.53778839111328
      vertex 0 -1.0518131256103516 38.718360900878906
      vertex 0 -0.7815675735473633 38.53778839111328
    endloop
  endfacet
  facet normal 0 0.38267796819482264 0.9238817958257876
    outer loop
      vertex -2.000000476837158 -0.7815675735473633 38.53778839111328
      vertex 0 -0.7815675735473633 38.53778839111328
      vertex -2.000000476837158 -0.48128700256347656 38.41341018676758
    endloop
  endfacet
  facet normal 0 0.38267796819482264 -0.9238817958257876
    outer loop
      vertex -2.000000476837158 -0.7815675735473633 41.46221160888672
      vertex -2.000000476837158 -0.48128700256347656 41.58658981323242
      vertex 0 -0.48128700256347656 41.58658981323242
    endloop
  endfacet
  facet normal 0 0.38267796819482264 -0.9238817958257876
    outer loop
      vertex -2.000000476837158 -0.7815675735473633 41.46221160888672
      vertex 0 -0.48128700256347656 41.58658981323242
      vertex 0 -0.7815675735473633 41.46221160888672
    endloop
  endfacet
  facet normal 0 0.38267796819482264 0.9238817958257876
    outer loop
      vertex -2.000000476837158 -0.48128700256347656 38.41341018676758
      vertex 0 -0.7815675735473633 38.53778839111328
      vertex 0 -0.48128700256347656 38.41341018676758
    endloop
  endfacet
  facet normal 0 0.19509922489421666 0.9807835094686675
    outer loop
      vertex -2.000000476837158 -0.48128700256347656 38.41341018676758
      vertex 0 -0.48128700256347656 38.41341018676758
      vertex -2.000000476837158 -0.16250991821289062 38.349998474121094
    endloop
  endfacet
  facet normal 0 0.19509922489421666 -0.9807835094686675
    outer loop
      vertex -2.000000476837158 -0.48128700256347656 41.58658981323242
      vertex -2.000000476837158 -0.16250991821289062 41.650001525878906
      vertex 0 -0.16250991821289062 41.650001525878906
    endloop
  endfacet
  facet normal 0 0.19509922489421666 -0.9807835094686675
    outer loop
      vertex -2.000000476837158 -0.48128700256347656 41.58658981323242
      vertex 0 -0.16250991821289062 41.650001525878906
      vertex 0 -0.48128700256347656 41.58658981323242
    endloop
  endfacet
  facet normal -1 0 0
    outer loop
      vertex -2.000000476837158 -0.31024742126464844 -3.1499996185302734
      vertex -2.000000476837158 0.31024742126464844 -3.1499996185302734
      vertex -2.000000476837158 7.999999523162842 -6.196982383728027
    endloop
  endfacet
  facet normal 0 0.1950904054635718 0.9807852638044983
    outer loop
      vertex -2.000000476837158 -0.31024742126464844 -3.1499996185302734
      vertex 0 -0.9188203811645508 -3.028946876525879
      vertex 0 -0.31024742126464844 -3.1499996185302734
    endloop
  endfacet
  facet normal 0 0 1
    outer loop
      vertex -2.000000476837158 -0.31024742126464844 -3.1499996185302734
      vertex 0 -0.31024742126464844 -3.1499996185302734
      vertex -2.000000476837158 0.31024742126464844 -3.1499996185302734
    endloop
  endfacet
  facet normal 0 0 -1
    outer loop
      vertex -2.000000476837158 -0.31024742126464844 3.1499996185302734
      vertex -2.000000476837158 0.31024742126464844 3.1499996185302734
      vertex 0 0.31024742126464844 3.1499996185302734
    endloop
  endfacet
  facet normal 0 0 -1
    outer loop
      vertex -2.000000476837158 -0.31024742126464844 3.1499996185302734
      vertex 0 0.31024742126464844 3.1499996185302734
      vertex 0 -0.31024742126464844 3.1499996185302734
    endloop
  endfacet
  facet normal 0 0.19509922489421666 0.9807835094686675
    outer loop
      vertex -2.000000476837158 -0.16250991821289062 38.349998474121094
      vertex 0 -0.48128700256347656 38.41341018676758
      vertex 0 -0.16250991821289062 38.349998474121094
    endloop
  endfacet
  facet normal 0 0 1
    outer loop
      vertex -2.000000476837158 -0.16250991821289062 38.349998474121094
      vertex 0 -0.16250991821289062 38.349998474121094
      vertex -2.000000476837158 0.16250991821289062 38.349998474121094
    endloop
  endfacet
  facet normal 0 0 -1
    outer loop
      vertex -2.000000476837158 -0.16250991821289062 41.650001525878906
      vertex -2.000000476837158 0.16250991821289062 41.650001525878906
      vertex 0 0.16250991821289062 41.650001525878906
    endloop
  endfacet
  facet normal 0 0 -1
    outer loop
      vertex -2.000000476837158 -0.16250991821289062 41.650001525878906
      vertex 0 0.16250991821289062 41.650001525878906
      vertex 0 -0.16250991821289062 41.650001525878906
    endloop
  endfacet
  facet normal 0 0 1
    outer loop
      vertex -2.000000476837158 0.16250991821289062 38.349998474121094
      vertex 0 -0.16250991821289062 38.349998474121094
      vertex 0 0.16250991821289062 38.349998474121094
    endloop
  endfacet
  facet normal 0 -0.19509922489421666 0.9807835094686675
    outer loop
      vertex -2.000000476837158 0.16250991821289062 38.349998474121094
      vertex 0 0.16250991821289062 38.349998474121094
      vertex -2.000000476837158 0.48128700256347656 38.41341018676758
    endloop
  endfacet
  facet normal 0 -0.19509922489421666 -0.9807835094686675
    outer loop
      vertex -2.000000476837158 0.16250991821289062 41.650001525878906
      vertex -2.000000476837158 0.48128700256347656 41.58658981323242
      vertex 0 0.48128700256347656 41.58658981323242
    endloop
  endfacet
  facet normal -1 0 0
    outer loop
      vertex -2.000000476837158 0.16250991821289062 41.650001525878906
      vertex -2.000000476837158 7.999999523162842 46.196983337402344
      vertex -2.000000476837158 0.48128700256347656 41.58658981323242
    endloop
  endfacet
  facet normal 0 -0.19509922489421666 -0.9807835094686675
    outer loop
      vertex -2.000000476837158 0.16250991821289062 41.650001525878906
      vertex 0 0.48128700256347656 41.58658981323242
      vertex 0 0.16250991821289062 41.650001525878906
    endloop
  endfacet
  facet normal -1 0 0
    outer loop
      vertex -2.000000476837158 0.31024742126464844 -3.1499996185302734
      vertex -2.000000476837158 0.9188203811645508 -3.028946876525879
      vertex -2.000000476837158 7.999999523162842 -6.196982383728027
    endloop
  endfacet
  facet normal 0 0 1
    outer loop
      vertex -2.000000476837158 0.31024742126464844 -3.1499996185302734
      vertex 0 -0.31024742126464844 -3.1499996185302734
      vertex 0 0.31024742126464844 -3.1499996185302734
    endloop
  endfacet
  facet normal 0 -0.1950904054635718 0.9807852638044983
    outer loop
      vertex -2.000000476837158 0.31024742126464844 -3.1499996185302734
      vertex 0 0.31024742126464844 -3.1499996185302734
      vertex -2.000000476837158 0.9188203811645508 -3.028946876525879
    endloop
  endfacet
  facet normal 0 -0.1950904054635718 -0.9807852638044983
    outer loop
      vertex -2.000000476837158 0.31024742126464844 3.1499996185302734
      vertex -2.000000476837158 0.9188203811645508 3.028946876525879
      vertex 0 0.9188203811645508 3.028946876525879
    endloop
  endfacet
  facet normal 0 -0.1950904054635718 -0.9807852638044983
    outer loop
      vertex -2.000000476837158 0.31024742126464844 3.1499996185302734
      vertex 0 0.9188203811645508 3.028946876525879
      vertex 0 0.31024742126464844 3.1499996185302734
    endloop
  endfacet
  facet normal -1 0 0
    outer loop
      vertex -2.000000476837158 0.48128700256347656 38.41341018676758
      vertex -2.000000476837158 0.7815675735473633 38.53778839111328
      vertex -2.000000476837158 0.9188203811645508 3.028946876525879
    endloop
  endfacet
  facet normal 0 -0.19509922489421666 0.9807835094686675
    outer loop
      vertex -2.000000476837158 0.48128700256347656 38.41341018676758
      vertex 0 0.16250991821289062 38.349998474121094
      vertex 0 0.48128700256347656 38.41341018676758
    endloop
  endfacet
  facet normal 0 -0.38267796819482264 0.9238817958257876
    outer loop
      vertex -2.000000476837158 0.48128700256347656 38.41341018676758
      vertex 0 0.48128700256347656 38.41341018676758
      vertex -2.000000476837158 0.7815675735473633 38.53778839111328
    endloop
  endfacet
  facet normal 0 -0.38267796819482264 -0.9238817958257876
    outer loop
      vertex -2.000000476837158 0.48128700256347656 41.58658981323242
      vertex -2.000000476837158 0.7815675735473633 41.46221160888672
      vertex 0 0.7815675735473633 41.46221160888672
    endloop
  endfacet
  facet normal -1 0 0
    outer loop
      vertex -2.000000476837158 0.48128700256347656 41.58658981323242
      vertex -2.000000476837158 7.999999523162842 46.196983337402344
      vertex -2.000000476837158 0.7815675735473633 41.46221160888672
    endloop
  endfacet
  facet normal 0 -0.38267796819482264 -0.9238817958257876
    outer loop
      vertex -2.000000476837158 0.48128700256347656 41.58658981323242
      vertex 0 0.7815675735473633 41.46221160888672
      vertex 0 0.48128700256347656 41.58658981323242
    endloop
  endfacet
  facet normal -1 0 0
    outer loop
      vertex -2.000000476837158 0.7815675735473633 38.53778839111328
      vertex -2.000000476837158 1.0518131256103516 38.718360900878906
      vertex -2.000000476837158 1.4920845031738281 2.7914934158325195
    endloop
  endfacet
  facet normal -1 0 0
    outer loop
      vertex -2.000000476837158 0.7815675735473633 38.53778839111328
      vertex -2.000000476837158 1.4920845031738281 2.7914934158325195
      vertex -2.000000476837158 0.9188203811645508 3.028946876525879
    endloop
  endfacet
  facet normal 0 -0.38267796819482264 0.9238817958257876
    outer loop
      vertex -2.000000476837158 0.7815675735473633 38.53778839111328
      vertex 0 0.48128700256347656 38.41341018676758
      vertex 0 0.7815675735473633 38.53778839111328
    endloop
  endfacet
  facet normal 0 -0.5555706688216986 0.831469321108729
    outer loop
      vertex -2.000000476837158 0.7815675735473633 38.53778839111328
      vertex 0 0.7815675735473633 38.53778839111328
      vertex -2.000000476837158 1.0518131256103516 38.718360900878906
    endloop
  endfacet
  facet normal 0 -0.5555706688216986 -0.831469321108729
    outer loop
      vertex -2.000000476837158 0.7815675735473633 41.46221160888672
      vertex -2.000000476837158 1.0518131256103516 41.281639099121094
      vertex 0 1.0518131256103516 41.281639099121094
    endloop
  endfacet
  facet normal -1 0 0
    outer loop
      vertex -2.000000476837158 0.7815675735473633 41.46221160888672
      vertex -2.000000476837158 7.999999523162842 46.196983337402344
      vertex -2.000000476837158 1.0518131256103516 41.281639099121094
    endloop
  endfacet
  facet normal 0 -0.5555706688216986 -0.831469321108729
    outer loop
      vertex -2.000000476837158 0.7815675735473633 41.46221160888672
      vertex 0 1.0518131256103516 41.281639099121094
      vertex 0 0.7815675735473633 41.46221160888672
    endloop
  endfacet
  facet normal -1 0 0
    outer loop
      vertex -2.000000476837158 0.9188203811645508 -3.028946876525879
      vertex -2.000000476837158 1.4920845031738281 -2.7914934158325195
      vertex -2.000000476837158 7.999999523162842 -6.196982383728027
    endloop
  endfacet
  facet normal 0 -0.1950904054635718 0.9807852638044983
    outer loop
      vertex -2.000000476837158 0.9188203811645508 -3.028946876525879
      vertex 0 0.31024742126464844 -3.1499996185302734
      vertex 0 0.9188203811645508 -3.028946876525879
    endloop
  endfacet
  facet normal 0 -0.3826830011636875 0.9238797111206377
    outer loop
      vertex -2.000000476837158 0.9188203811645508 -3.028946876525879
      vertex 0 0.9188203811645508 -3.028946876525879
      vertex -2.000000476837158 1.4920845031738281 -2.7914934158325195
    endloop
  endfacet
  facet normal 0 -0.3826830011636875 -0.9238797111206377
    outer loop
      vertex -2.000000476837158 0.9188203811645508 3.028946876525879
      vertex -2.000000476837158 1.4920845031738281 2.7914934158325195
      vertex 0 1.4920845031738281 2.7914934158325195
    endloop
  endfacet
  facet normal 0 -0.3826830011636875 -0.9238797111206377
    outer loop
      vertex -2.000000476837158 0.9188203811645508 3.028946876525879
      vertex 0 1.4920845031738281 2.7914934158325195
      vertex 0 0.9188203811645508 3.028946876525879
    endloop
  endfacet
  facet normal -1 0 0
    outer loop
      vertex -2.000000476837158 1.0518131256103516 38.718360900878906
      vertex -2.000000476837158 1.2816381454467773 38.94818878173828
      vertex -2.000000476837158 2.008007049560547 2.4467639923095703
    endloop
  endfacet
  facet normal -1 0 0
    outer loop
      vertex -2.000000476837158 1.0518131256103516 38.718360900878906
      vertex -2.000000476837158 2.008007049560547 2.4467639923095703
      vertex -2.000000476837158 1.4920845031738281 2.7914934158325195
    endloop
  endfacet
  facet normal 0 -0.5555706688216986 0.831469321108729
    outer loop
      vertex -2.000000476837158 1.0518131256103516 38.718360900878906
      vertex 0 0.7815675735473633 38.53778839111328
      vertex 0 1.0518131256103516 38.718360900878906
    endloop
  endfacet
  facet normal 0 -0.7071111824258944 0.707102379919806
    outer loop
      vertex -2.000000476837158 1.0518131256103516 38.718360900878906
      vertex 0 1.0518131256103516 38.718360900878906
      vertex 0 1.2816381454467773 38.94818878173828
    endloop
  endfacet
  facet normal 0 -0.7071111824258944 0.707102379919806
    outer loop
      vertex -2.000000476837158 1.0518131256103516 38.718360900878906
      vertex 0 1.2816381454467773 38.94818878173828
      vertex -2.000000476837158 1.2816381454467773 38.94818878173828
    endloop
  endfacet
  facet normal 0 -0.7071111824258944 -0.707102379919806
    outer loop
      vertex -2.000000476837158 1.0518131256103516 41.281639099121094
      vertex -2.000000476837158 1.2816381454467773 41.05181121826172
      vertex 0 1.0518131256103516 41.281639099121094
    endloop
  endfacet
  facet normal -1 0 0
    outer loop
      vertex -2.000000476837158 1.0518131256103516 41.281639099121094
      vertex -2.000000476837158 7.999999523162842 46.196983337402344
      vertex -2.000000476837158 1.2816381454467773 41.05181121826172
    endloop
  endfacet
  facet normal -1 0 0
    outer loop
      vertex -2.000000476837158 1.2816381454467773 38.94818878173828
      vertex -2.000000476837158 1.4622106552124023 39.21843338012695
      vertex -2.000000476837158 2.4467639923095703 2.008007049560547
    endloop
  endfacet
  facet normal -1 0 0
    outer loop
      vertex -2.000000476837158 1.2816381454467773 38.94818878173828
      vertex -2.000000476837158 2.4467639923095703 2.008007049560547
      vertex -2.000000476837158 2.008007049560547 2.4467639923095703
    endloop
  endfacet
  facet normal 0 -0.8314684154429263 0.5555720242424284
    outer loop
      vertex -2.000000476837158 1.2816381454467773 38.94818878173828
      vertex 0 1.2816381454467773 38.94818878173828
      vertex 0 1.4622106552124023 39.21843338012695
    endloop
  endfacet
  facet normal 0 -0.8314684154429263 0.5555720242424284
    outer loop
      vertex -2.000000476837158 1.2816381454467773 38.94818878173828
      vertex 0 1.4622106552124023 39.21843338012695
      vertex -2.000000476837158 1.4622106552124023 39.21843338012695
    endloop
  endfacet
  facet normal 0 -0.8314684154429263 -0.5555720242424284
    outer loop
      vertex -2.000000476837158 1.2816381454467773 41.05181121826172
      vertex -2.000000476837158 1.4622106552124023 40.78156661987305
      vertex 0 1.2816381454467773 41.05181121826172
    endloop
  endfacet
  facet normal -1 0 0
    outer loop
      vertex -2.000000476837158 1.2816381454467773 41.05181121826172
      vertex -2.000000476837158 7.999999523162842 46.196983337402344
      vertex -2.000000476837158 1.4622106552124023 40.78156661987305
    endloop
  endfacet
  facet normal 0 -0.7071111824258944 -0.707102379919806
    outer loop
      vertex -2.000000476837158 1.2816381454467773 41.05181121826172
      vertex 0 1.2816381454467773 41.05181121826172
      vertex 0 1.0518131256103516 41.281639099121094
    endloop
  endfacet
  facet normal -1 0 0
    outer loop
      vertex -2.000000476837158 1.4622106552124023 39.21843338012695
      vertex -2.000000476837158 1.5865907669067383 39.518714904785156
      vertex -2.000000476837158 2.4467639923095703 2.008007049560547
    endloop
  endfacet
  facet normal 0 -0.9238801507503016 0.38268193980066517
    outer loop
      vertex -2.000000476837158 1.4622106552124023 39.21843338012695
      vertex 0 1.4622106552124023 39.21843338012695
      vertex 0 1.5865907669067383 39.518714904785156
    endloop
  endfacet
  facet normal 0 -0.9238801507503016 0.38268193980066517
    outer loop
      vertex -2.000000476837158 1.4622106552124023 39.21843338012695
      vertex 0 1.5865907669067383 39.518714904785156
      vertex -2.000000476837158 1.5865907669067383 39.518714904785156
    endloop
  endfacet
  facet normal 0 -0.9238801507503016 -0.38268193980066517
    outer loop
      vertex -2.000000476837158 1.4622106552124023 40.78156661987305
      vertex -2.000000476837158 1.5865907669067383 40.481285095214844
      vertex 0 1.4622106552124023 40.78156661987305
    endloop
  endfacet
  facet normal -1 0 0
    outer loop
      vertex -2.000000476837158 1.4622106552124023 40.78156661987305
      vertex -2.000000476837158 7.999999523162842 46.196983337402344
      vertex -2.000000476837158 1.5865907669067383 40.481285095214844
    endloop
  endfacet
  facet normal 0 -0.8314684154429263 -0.5555720242424284
    outer loop
      vertex -2.000000476837158 1.4622106552124023 40.78156661987305
      vertex 0 1.4622106552124023 40.78156661987305
      vertex 0 1.2816381454467773 41.05181121826172
    endloop
  endfacet
  facet normal -1 0 0
    outer loop
      vertex -2.000000476837158 1.4920845031738281 -2.7914934158325195
      vertex -2.000000476837158 2.008007049560547 -2.4467639923095703
      vertex -2.000000476837158 7.999999523162842 -6.196982383728027
    endloop
  endfacet
  facet normal 0 -0.3826830011636875 0.9238797111206377
    outer loop
      vertex -2.000000476837158 1.4920845031738281 -2.7914934158325195
      vertex 0 0.9188203811645508 -3.028946876525879
      vertex 0 1.4920845031738281 -2.7914934158325195
    endloop
  endfacet
  facet normal 0 -0.5555713463120642 0.8314688684232263
    outer loop
      vertex -2.000000476837158 1.4920845031738281 -2.7914934158325195
      vertex 0 1.4920845031738281 -2.7914934158325195
      vertex -2.000000476837158 2.008007049560547 -2.4467639923095703
    endloop
  endfacet
  facet normal 0 -0.5555713463120642 -0.8314688684232263
    outer loop
      vertex -2.000000476837158 1.4920845031738281 2.7914934158325195
      vertex -2.000000476837158 2.008007049560547 2.4467639923095703
      vertex 0 2.008007049560547 2.4467639923095703
    endloop
  endfacet
  facet normal 0 -0.5555713463120642 -0.8314688684232263
    outer loop
      vertex -2.000000476837158 1.4920845031738281 2.7914934158325195
      vertex 0 2.008007049560547 2.4467639923095703
      vertex 0 1.4920845031738281 2.7914934158325195
    endloop
  endfacet
  facet normal -1 0 0
    outer loop
      vertex -2.000000476837158 1.5865907669067383 39.518714904785156
      vertex -2.000000476837158 1.6499996185302734 39.83749008178711
      vertex -2.000000476837158 7.999999523162842 46.196983337402344
    endloop
  endfacet
  facet normal -1 0 0
    outer loop
      vertex -2.000000476837158 1.5865907669067383 39.518714904785156
      vertex -2.000000476837158 7.999999523162842 46.196983337402344
      vertex -2.000000476837158 2.4467639923095703 2.008007049560547
    endloop
  endfacet
  facet normal 0 -0.9807849704454433 0.19509188027268318
    outer loop
      vertex -2.000000476837158 1.5865907669067383 39.518714904785156
      vertex 0 1.5865907669067383 39.518714904785156
      vertex 0 1.6499996185302734 39.83749008178711
    endloop
  endfacet
  facet normal 0 -0.9807849704454433 0.19509188027268318
    outer loop
      vertex -2.000000476837158 1.5865907669067383 39.518714904785156
      vertex 0 1.6499996185302734 39.83749008178711
      vertex -2.000000476837158 1.6499996185302734 39.83749008178711
    endloop
  endfacet
  facet normal 0 -0.9807849704454433 -0.19509188027268318
    outer loop
      vertex -2.000000476837158 1.5865907669067383 40.481285095214844
      vertex -2.000000476837158 1.6499996185302734 40.16250991821289
      vertex 0 1.5865907669067383 40.481285095214844
    endloop
  endfacet
  facet normal -1 0 0
    outer loop
      vertex -2.000000476837158 1.5865907669067383 40.481285095214844
      vertex -2.000000476837158 7.999999523162842 46.196983337402344
      vertex -2.000000476837158 1.6499996185302734 40.16250991821289
    endloop
  endfacet
  facet normal 0 -0.9238801507503016 -0.38268193980066517
    outer loop
      vertex -2.000000476837158 1.5865907669067383 40.481285095214844
      vertex 0 1.5865907669067383 40.481285095214844
      vertex 0 1.4622106552124023 40.78156661987305
    endloop
  endfacet
  facet normal -1 0 0
    outer loop
      vertex -2.000000476837158 1.6499996185302734 39.83749008178711
      vertex -2.000000476837158 1.6499996185302734 40.16250991821289
      vertex -2.000000476837158 7.999999523162842 46.196983337402344
    endloop
  endfacet
  facet normal 0 -1 0
    outer loop
      vertex -2.000000476837158 1.6499996185302734 39.83749008178711
      vertex 0 1.6499996185302734 39.83749008178711
      vertex 0 1.6499996185302734 40.16250991821289
    endloop
  endfacet
  facet normal 0 -1 0
    outer loop
      vertex -2.000000476837158 1.6499996185302734 39.83749008178711
      vertex 0 1.6499996185302734 40.16250991821289
      vertex -2.000000476837158 1.6499996185302734 40.16250991821289
    endloop
  endfacet
  facet normal 0 -0.9807849704454433 -0.19509188027268318
    outer loop
      vertex -2.000000476837158 1.6499996185302734 40.16250991821289
      vertex 0 1.6499996185302734 40.16250991821289
      vertex 0 1.5865907669067383 40.481285095214844
    endloop
  endfacet
  facet normal -1 0 0
    outer loop
      vertex -2.000000476837158 2.008007049560547 -2.4467639923095703
      vertex -2.000000476837158 2.4467639923095703 -2.008007049560547
      vertex -2.000000476837158 7.999999523162842 -6.196982383728027
    endloop
  endfacet
  facet normal 0 -0.5555713463120642 0.8314688684232263
    outer loop
      vertex -2.000000476837158 2.008007049560547 -2.4467639923095703
      vertex 0 1.4920845031738281 -2.7914934158325195
      vertex 0 2.008007049560547 -2.4467639923095703
    endloop
  endfacet
  facet normal 0 -0.7071067811865476 0.7071067811865476
    outer loop
      vertex -2.000000476837158 2.008007049560547 -2.4467639923095703
      vertex 0 2.008007049560547 -2.4467639923095703
      vertex 0 2.4467639923095703 -2.008007049560547
    endloop
  endfacet
  facet normal 0 -0.7071067811865476 0.7071067811865476
    outer loop
      vertex -2.000000476837158 2.008007049560547 -2.4467639923095703
      vertex 0 2.4467639923095703 -2.008007049560547
      vertex -2.000000476837158 2.4467639923095703 -2.008007049560547
    endloop
  endfacet
  facet normal 0 -0.7071067811865476 -0.7071067811865476
    outer loop
      vertex -2.000000476837158 2.008007049560547 2.4467639923095703
      vertex -2.000000476837158 2.4467639923095703 2.008007049560547
      vertex 0 2.008007049560547 2.4467639923095703
    endloop
  endfacet
  facet normal -1 0 0
    outer loop
      vertex -2.000000476837158 2.4467639923095703 -2.008007049560547
      vertex -2.000000476837158 2.7914934158325195 -1.4920845031738281
      vertex -2.000000476837158 7.999999523162842 -6.196982383728027
    endloop
  endfacet
  facet normal 0 -0.8314688684232263 0.5555713463120642
    outer loop
      vertex -2.000000476837158 2.4467639923095703 -2.008007049560547
      vertex 0 2.4467639923095703 -2.008007049560547
      vertex 0 2.7914934158325195 -1.4920845031738281
    endloop
  endfacet
  facet normal 0 -0.8314688684232263 0.5555713463120642
    outer loop
      vertex -2.000000476837158 2.4467639923095703 -2.008007049560547
      vertex 0 2.7914934158325195 -1.4920845031738281
      vertex -2.000000476837158 2.7914934158325195 -1.4920845031738281
    endloop
  endfacet
  facet normal 0 -0.8314688684232263 -0.5555713463120642
    outer loop
      vertex -2.000000476837158 2.4467639923095703 2.008007049560547
      vertex -2.000000476837158 2.7914934158325195 1.4920845031738281
      vertex 0 2.4467639923095703 2.008007049560547
    endloop
  endfacet
  facet normal -1 0 0
    outer loop
      vertex -2.000000476837158 2.4467639923095703 2.008007049560547
      vertex -2.000000476837158 7.999999523162842 46.196983337402344
      vertex -2.000000476837158 2.7914934158325195 1.4920845031738281
    endloop
  endfacet
  facet normal 0 -0.7071067811865476 -0.7071067811865476
    outer loop
      vertex -2.000000476837158 2.4467639923095703 2.008007049560547
      vertex 0 2.4467639923095703 2.008007049560547
      vertex 0 2.008007049560547 2.4467639923095703
    endloop
  endfacet
  facet normal -1 0 0
    outer loop
      vertex -2.000000476837158 2.7914934158325195 -1.4920845031738281
      vertex -2.000000476837158 3.028946876525879 -0.9188203811645508
      vertex -2.000000476837158 7.999999523162842 -6.196982383728027
    endloop
  endfacet
  facet normal 0 -0.9238797111206377 0.3826830011636875
    outer loop
      vertex -2.000000476837158 2.7914934158325195 -1.4920845031738281
      vertex 0 2.7914934158325195 -1.4920845031738281
      vertex 0 3.028946876525879 -0.9188203811645508
    endloop
  endfacet
  facet normal 0 -0.9238797111206377 0.3826830011636875
    outer loop
      vertex -2.000000476837158 2.7914934158325195 -1.4920845031738281
      vertex 0 3.028946876525879 -0.9188203811645508
      vertex -2.000000476837158 3.028946876525879 -0.9188203811645508
    endloop
  endfacet
  facet normal 0 -0.9238797111206377 -0.3826830011636875
    outer loop
      vertex -2.000000476837158 2.7914934158325195 1.4920845031738281
      vertex -2.000000476837158 3.028946876525879 0.9188203811645508
      vertex 0 2.7914934158325195 1.4920845031738281
    endloop
  endfacet
  facet normal -1 0 0
    outer loop
      vertex -2.000000476837158 2.7914934158325195 1.4920845031738281
      vertex -2.000000476837158 7.999999523162842 -6.196982383728027
      vertex -2.000000476837158 3.028946876525879 0.9188203811645508
    endloop
  endfacet
  facet normal -1 0 0
    outer loop
      vertex -2.000000476837158 2.7914934158325195 1.4920845031738281
      vertex -2.000000476837158 7.999999523162842 46.196983337402344
      vertex -2.000000476837158 7.999999523162842 -6.196982383728027
    endloop
  endfacet
  facet normal 0 -0.8314688684232263 -0.5555713463120642
    outer loop
      vertex -2.000000476837158 2.7914934158325195 1.4920845031738281
      vertex 0 2.7914934158325195 1.4920845031738281
      vertex 0 2.4467639923095703 2.008007049560547
    endloop
  endfacet
  facet normal -1 0 0
    outer loop
      vertex -2.000000476837158 3.028946876525879 -0.9188203811645508
      vertex -2.000000476837158 3.1499996185302734 -0.31024742126464844
      vertex -2.000000476837158 7.999999523162842 -6.196982383728027
    endloop
  endfacet
  facet normal 0 -0.9807852638044983 0.1950904054635718
    outer loop
      vertex -2.000000476837158 3.028946876525879 -0.9188203811645508
      vertex 0 3.028946876525879 -0.9188203811645508
      vertex 0 3.1499996185302734 -0.31024742126464844
    endloop
  endfacet
  facet normal 0 -0.9807852638044983 0.1950904054635718
    outer loop
      vertex -2.000000476837158 3.028946876525879 -0.9188203811645508
      vertex 0 3.1499996185302734 -0.31024742126464844
      vertex -2.000000476837158 3.1499996185302734 -0.31024742126464844
    endloop
  endfacet
  facet normal 0 -0.9807852638044983 -0.1950904054635718
    outer loop
      vertex -2.000000476837158 3.028946876525879 0.9188203811645508
      vertex -2.000000476837158 3.1499996185302734 0.31024742126464844
      vertex 0 3.028946876525879 0.9188203811645508
    endloop
  endfacet
  facet normal -1 0 0
    outer loop
      vertex -2.000000476837158 3.028946876525879 0.9188203811645508
      vertex -2.000000476837158 7.999999523162842 -6.196982383728027
      vertex -2.000000476837158 3.1499996185302734 0.31024742126464844
    endloop
  endfacet
  facet normal 0 -0.9238797111206377 -0.3826830011636875
    outer loop
      vertex -2.000000476837158 3.028946876525879 0.9188203811645508
      vertex 0 3.028946876525879 0.9188203811645508
      vertex 0 2.7914934158325195 1.4920845031738281
    endloop
  endfacet
  facet normal -1 0 0
    outer loop
      vertex -2.000000476837158 3.1499996185302734 -0.31024742126464844
      vertex -2.000000476837158 3.1499996185302734 0.31024742126464844
      vertex -2.000000476837158 7.999999523162842 -6.196982383728027
    endloop
  endfacet
  facet normal 0 -1 0
    outer loop
      vertex -2.000000476837158 3.1499996185302734 -0.31024742126464844
      vertex 0 3.1499996185302734 -0.31024742126464844
      vertex 0 3.1499996185302734 0.31024742126464844
    endloop
  endfacet
  facet normal 0 -1 0
    outer loop
      vertex -2.000000476837158 3.1499996185302734 -0.31024742126464844
      vertex 0 3.1499996185302734 0.31024742126464844
      vertex -2.000000476837158 3.1499996185302734 0.31024742126464844
    endloop
  endfacet
  facet normal 0 -0.9807852638044983 -0.1950904054635718
    outer loop
      vertex -2.000000476837158 3.1499996185302734 0.31024742126464844
      vertex 0 3.1499996185302734 0.31024742126464844
      vertex 0 3.028946876525879 0.9188203811645508
    endloop
  endfacet
  facet normal 0.1379520814410298 0.707106942726011 -0.6935192821939137
    outer loop
      vertex -1.9015083312988281 10 -9
      vertex -1.7083101272583008 10 -8.961569786071777
      vertex -1.416621208190918 9 -9.923140525817871
    endloop
  endfacet
  facet normal 0 1 0
    outer loop
      vertex -1.9015083312988281 10 -9
      vertex -1.526322364807129 10 -8.886188507080078
      vertex -1.7083101272583008 10 -8.961569786071777
    endloop
  endfacet
  facet normal 0.13795080118033848 0.7071067440412561 -0.693519739434341
    outer loop
      vertex -1.9015083312988281 10 -9
      vertex -1.416621208190918 9 -9.923140525817871
      vertex -1.8030166625976562 9 -10
    endloop
  endfacet
  facet normal 0 1 0
    outer loop
      vertex -1.9015083312988281 10 -9
      vertex -1.3625364303588867 10 -8.776750564575195
      vertex -1.526322364807129 10 -8.886188507080078
    endloop
  endfacet
  facet normal 0 1 0
    outer loop
      vertex -1.9015083312988281 10 -9
      vertex -1.2232484817504883 10 -8.637462615966797
      vertex -1.3625364303588867 10 -8.776750564575195
    endloop
  endfacet
  facet normal 0 1 0
    outer loop
      vertex -1.9015083312988281 10 -9
      vertex -1.1138114929199219 10 -8.473676681518555
      vertex -1.2232484817504883 10 -8.637462615966797
    endloop
  endfacet
  facet normal 0 1 0
    outer loop
      vertex -1.9015083312988281 10 -9
      vertex -1.0384292602539062 10 -8.291688919067383
      vertex -1.1138114929199219 10 -8.473676681518555
    endloop
  endfacet
  facet normal 0 1 0
    outer loop
      vertex -1.9015083312988281 10 -9
      vertex -1 10 -8.098490715026855
      vertex -1.0384292602539062 10 -8.291688919067383
    endloop
  endfacet
  facet normal 0.13794913850187754 0.7071068267154274 0.6935199858684884
    outer loop
      vertex -1.9015083312988281 10 49
      vertex -1.8030166625976562 9 50
      vertex -1.416621208190918 9 49.92314147949219
    endloop
  endfacet
  facet normal 0 1 0
    outer loop
      vertex -1.9015083312988281 10 49
      vertex -1.7083101272583008 10 48.961570739746094
      vertex -1 10 48.09849166870117
    endloop
  endfacet
  facet normal 0.13794882060933786 0.7071067773808879 0.6935200994019628
    outer loop
      vertex -1.9015083312988281 10 49
      vertex -1.416621208190918 9 49.92314147949219
      vertex -1.7083101272583008 10 48.961570739746094
    endloop
  endfacet
  facet normal 0.1950918837210247 0 -0.9807849697595198
    outer loop
      vertex -1.8030166625976562 -59.70000076293945 -10
      vertex -1.8030166625976562 9 -10
      vertex -1.416621208190918 9 -9.923140525817871
    endloop
  endfacet
  facet normal 0 -1 0
    outer loop
      vertex -1.8030166625976562 -59.70000076293945 -10
      vertex -1.416621208190918 -59.70000076293945 -9.923140525817871
      vertex -1.0526447296142578 -59.70000076293945 -9.77237606048584
    endloop
  endfacet
  facet normal 0.1950918837210247 0 -0.9807849697595198
    outer loop
      vertex -1.8030166625976562 -59.70000076293945 -10
      vertex -1.416621208190918 9 -9.923140525817871
      vertex -1.416621208190918 -59.70000076293945 -9.923140525817871
    endloop
  endfacet
  facet normal 0 -1 0
    outer loop
      vertex -1.8030166625976562 -59.70000076293945 -10
      vertex -1.0526447296142578 -59.70000076293945 -9.77237606048584
      vertex -0.7250738143920898 -59.70000076293945 -9.55350112915039
    endloop
  endfacet
  facet normal 0 -1 0
    outer loop
      vertex -1.8030166625976562 -59.70000076293945 -10
      vertex -0.7250738143920898 -59.70000076293945 -9.55350112915039
      vertex -0.44649791717529297 -59.70000076293945 -9.274925231933594
    endloop
  endfacet
  facet normal 0 -1 0
    outer loop
      vertex -1.8030166625976562 -59.70000076293945 -10
      vertex -0.44649791717529297 -59.70000076293945 -9.274925231933594
      vertex -0.22762298583984375 -59.70000076293945 -8.947354316711426
    endloop
  endfacet
  facet normal 0 -1 0
    outer loop
      vertex -1.8030166625976562 -59.70000076293945 -10
      vertex -0.22762298583984375 -59.70000076293945 -8.947354316711426
      vertex -0.0768585205078125 -59.70000076293945 -8.583377838134766
    endloop
  endfacet
  facet normal 0 -1 0
    outer loop
      vertex -1.8030166625976562 -59.70000076293945 -10
      vertex -0.0768585205078125 -59.70000076293945 -8.583377838134766
      vertex 0 -59.70000076293945 -8.196982383728027
    endloop
  endfacet
  facet normal 0 -1 0
    outer loop
      vertex -1.8030166625976562 -59.70000076293945 -10
      vertex 0 -59.70000076293945 -8.196982383728027
      vertex 0 -59.70000076293945 -1.9499998092651367
    endloop
  endfacet
  facet normal 0.19508955514838086 0 0.980785432942398
    outer loop
      vertex -1.8030166625976562 -6 50
      vertex -1.416621208190918 -6 49.92314147949219
      vertex -1.8030166625976562 9 50
    endloop
  endfacet
  facet normal 0.19508955514838086 0 0.980785432942398
    outer loop
      vertex -1.8030166625976562 9 50
      vertex -1.416621208190918 -6 49.92314147949219
      vertex -1.416621208190918 9 49.92314147949219
    endloop
  endfacet
  facet normal 0.27059641731971473 0.7071068811140968 -0.6532820505836889
    outer loop
      vertex -1.7083101272583008 10 -8.961569786071777
      vertex -1.526322364807129 10 -8.886188507080078
      vertex -1.416621208190918 9 -9.923140525817871
    endloop
  endfacet
  facet normal 0 1 0
    outer loop
      vertex -1.7083101272583008 10 48.961570739746094
      vertex -1.526322364807129 10 48.88618850708008
      vertex -1 10 48.09849166870117
    endloop
  endfacet
  facet normal 0.2705993989840254 0.7071067253588557 0.653280984126861
    outer loop
      vertex -1.7083101272583008 10 48.961570739746094
      vertex -1.416621208190918 9 49.92314147949219
      vertex -1.526322364807129 10 48.88618850708008
    endloop
  endfacet
  facet normal 0.39284676109082034 0.7071066439392931 -0.5879384460956452
    outer loop
      vertex -1.526322364807129 10 -8.886188507080078
      vertex -1.3625364303588867 10 -8.776750564575195
      vertex -0.7250738143920898 9 -9.55350112915039
    endloop
  endfacet
  facet normal 0.27059887598060756 0.7071065106243429 -0.6532814331899368
    outer loop
      vertex -1.526322364807129 10 -8.886188507080078
      vertex -1.0526447296142578 9 -9.77237606048584
      vertex -1.416621208190918 9 -9.923140525817871
    endloop
  endfacet
  facet normal 0.3928464071835937 0.7071065741685046 -0.5879387664805096
    outer loop
      vertex -1.526322364807129 10 -8.886188507080078
      vertex -0.7250738143920898 9 -9.55350112915039
      vertex -1.0526447296142578 9 -9.77237606048584
    endloop
  endfacet
  facet normal 0.270598756771035 0.7071068221332375 0.6532811453934702
    outer loop
      vertex -1.526322364807129 10 48.88618850708008
      vertex -1.416621208190918 9 49.92314147949219
      vertex -1.0526447296142578 9 49.772377014160156
    endloop
  endfacet
  facet normal 0 1 0
    outer loop
      vertex -1.526322364807129 10 48.88618850708008
      vertex -1.3625364303588867 10 48.77674865722656
      vertex -1 10 48.09849166870117
    endloop
  endfacet
  facet normal 0.39284747373536616 0.7071067844326502 0.5879378009526673
    outer loop
      vertex -1.526322364807129 10 48.88618850708008
      vertex -1.0526447296142578 9 49.772377014160156
      vertex -0.7250738143920898 9 49.55350112915039
    endloop
  endfacet
  facet normal 0.3928510272537374 0.7071074849774138 0.5879345840096497
    outer loop
      vertex -1.526322364807129 10 48.88618850708008
      vertex -0.7250738143920898 9 49.55350112915039
      vertex -1.3625364303588867 10 48.77674865722656
    endloop
  endfacet
  facet normal 0.38268445394714545 0 -0.9238791093574825
    outer loop
      vertex -1.416621208190918 -59.70000076293945 -9.923140525817871
      vertex -1.416621208190918 9 -9.923140525817871
      vertex -1.0526447296142578 9 -9.77237606048584
    endloop
  endfacet
  facet normal 0.38268445394714545 0 -0.9238791093574825
    outer loop
      vertex -1.416621208190918 -59.70000076293945 -9.923140525817871
      vertex -1.0526447296142578 9 -9.77237606048584
      vertex -1.0526447296142578 -59.70000076293945 -9.77237606048584
    endloop
  endfacet
  facet normal 0.38268445394714545 0 0.9238791093574825
    outer loop
      vertex -1.416621208190918 -6 49.92314147949219
      vertex -1.0526447296142578 -6 49.772377014160156
      vertex -1.416621208190918 9 49.92314147949219
    endloop
  endfacet
  facet normal 0.38268445394714545 0 0.9238791093574825
    outer loop
      vertex -1.416621208190918 9 49.92314147949219
      vertex -1.0526447296142578 -6 49.772377014160156
      vertex -1.0526447296142578 9 49.772377014160156
    endloop
  endfacet
  facet normal 0.5000000674988451 0.7071066857287526 -0.5000000674988451
    outer loop
      vertex -1.3625364303588867 10 -8.776750564575195
      vertex -1.2232484817504883 10 -8.637462615966797
      vertex -0.44649791717529297 9 -9.274925231933594
    endloop
  endfacet
  facet normal 0.5000000674988451 0.7071066857287526 -0.5000000674988451
    outer loop
      vertex -1.3625364303588867 10 -8.776750564575195
      vertex -0.44649791717529297 9 -9.274925231933594
      vertex -0.7250738143920898 9 -9.55350112915039
    endloop
  endfacet
  facet normal 0 1 0
    outer loop
      vertex -1.3625364303588867 10 48.77674865722656
      vertex -1.2232484817504883 10 48.6374626159668
      vertex -1 10 48.09849166870117
    endloop
  endfacet
  facet normal 0.49999973032412515 0.7071071625656214 0.49999973032412515
    outer loop
      vertex -1.3625364303588867 10 48.77674865722656
      vertex -0.7250738143920898 9 49.55350112915039
      vertex -0.44649791717529297 9 49.274925231933594
    endloop
  endfacet
  facet normal 0.49999681266518053 0.7071064473000367 0.5000036594979889
    outer loop
      vertex -1.3625364303588867 10 48.77674865722656
      vertex -0.44649791717529297 9 49.274925231933594
      vertex -1.2232484817504883 10 48.6374626159668
    endloop
  endfacet
  facet normal 0.5879397551869592 0.7071069714336666 -0.3928442124056382
    outer loop
      vertex -1.2232484817504883 10 -8.637462615966797
      vertex -1.1138114929199219 10 -8.473676681518555
      vertex -0.22762298583984375 9 -8.947354316711426
    endloop
  endfacet
  facet normal 0.5879387278057778 0.7071066206821703 -0.39284638134207706
    outer loop
      vertex -1.2232484817504883 10 -8.637462615966797
      vertex -0.22762298583984375 9 -8.947354316711426
      vertex -0.44649791717529297 9 -9.274925231933594
    endloop
  endfacet
  facet normal 0 1 0
    outer loop
      vertex -1.2232484817504883 10 48.6374626159668
      vertex -1.1138114929199219 10 48.47367858886719
      vertex -1 10 48.09849166870117
    endloop
  endfacet
  facet normal 0.5879392950698968 0.7071065738500746 0.39284561666222245
    outer loop
      vertex -1.2232484817504883 10 48.6374626159668
      vertex -0.44649791717529297 9 49.274925231933594
      vertex -0.22762298583984375 9 48.94735336303711
    endloop
  endfacet
  facet normal 0.5879382648939598 0.7071062221412461 0.39284779149514715
    outer loop
      vertex -1.2232484817504883 10 48.6374626159668
      vertex -0.22762298583984375 9 48.94735336303711
      vertex -1.1138114929199219 10 48.47367858886719
    endloop
  endfacet
  facet normal 0.6532808649170885 0.7071068543906892 -0.270599349605437
    outer loop
      vertex -1.1138114929199219 10 -8.473676681518555
      vertex -1.0384292602539062 10 -8.291688919067383
      vertex -0.22762298583984375 9 -8.947354316711426
    endloop
  endfacet
  facet normal 0 1 0
    outer loop
      vertex -1.1138114929199219 10 48.47367858886719
      vertex -1.0384292602539062 10 48.29168701171875
      vertex -1 10 48.09849166870117
    endloop
  endfacet
  facet normal 0.6532834663100582 0.7071062092372865 0.270594755130231
    outer loop
      vertex -1.1138114929199219 10 48.47367858886719
      vertex -0.22762298583984375 9 48.94735336303711
      vertex -1.0384292602539062 10 48.29168701171875
    endloop
  endfacet
  facet normal 0.5555685543160879 0 -0.8314707339739216
    outer loop
      vertex -1.0526447296142578 -59.70000076293945 -9.77237606048584
      vertex -1.0526447296142578 9 -9.77237606048584
      vertex -0.7250738143920898 9 -9.55350112915039
    endloop
  endfacet
  facet normal 0.5555685543160879 0 -0.8314707339739216
    outer loop
      vertex -1.0526447296142578 -59.70000076293945 -9.77237606048584
      vertex -0.7250738143920898 9 -9.55350112915039
      vertex -0.7250738143920898 -59.70000076293945 -9.55350112915039
    endloop
  endfacet
  facet normal 0.5555702278510096 0 0.8314696157560884
    outer loop
      vertex -1.0526447296142578 -6 49.772377014160156
      vertex -0.7250738143920898 -6 49.55350112915039
      vertex -1.0526447296142578 9 49.772377014160156
    endloop
  endfacet
  facet normal 0.5555702278510096 0 0.8314696157560884
    outer loop
      vertex -1.0526447296142578 9 49.772377014160156
      vertex -0.7250738143920898 -6 49.55350112915039
      vertex -0.7250738143920898 9 49.55350112915039
    endloop
  endfacet
  facet normal 0.6935200348867535 0.7071068431600029 -0.13794880777654897
    outer loop
      vertex -1.0384292602539062 10 -8.291688919067383
      vertex -1 10 -8.098490715026855
      vertex 0 9 -8.196982383728027
    endloop
  endfacet
  facet normal 0.6532812049982459 0.707106757617465 -0.27059878146021876
    outer loop
      vertex -1.0384292602539062 10 -8.291688919067383
      vertex -0.0768585205078125 9 -8.583377838134766
      vertex -0.22762298583984375 9 -8.947354316711426
    endloop
  endfacet
  facet normal 0.6935200181261666 0.7071067938257918 -0.13794914491830246
    outer loop
      vertex -1.0384292602539062 10 -8.291688919067383
      vertex 0 9 -8.196982383728027
      vertex -0.0768585205078125 9 -8.583377838134766
    endloop
  endfacet
  facet normal 0.6532807457073376 0.707106983422452 0.2705993002268577
    outer loop
      vertex -1.0384292602539062 10 48.29168701171875
      vertex -0.22762298583984375 9 48.94735336303711
      vertex -0.0768585205078125 9 48.583377838134766
    endloop
  endfacet
  facet normal 0.6935198078189155 0.7071069418295118 0.13794944356295732
    outer loop
      vertex -1.0384292602539062 10 48.29168701171875
      vertex -0.0768585205078125 9 48.583377838134766
      vertex 0 9 48.196983337402344
    endloop
  endfacet
  facet normal 0.6935197407724719 0.7071067444901784 0.13795079215207587
    outer loop
      vertex -1.0384292602539062 10 48.29168701171875
      vertex 0 9 48.196983337402344
      vertex -1 10 48.09849166870117
    endloop
  endfacet
  facet normal 0.7071067811865475 0.7071067811865475 0
    outer loop
      vertex -1 10 -8.098490715026855
      vertex -1 10 48.09849166870117
      vertex 0 9 48.196983337402344
    endloop
  endfacet
  facet normal 0.7071067811865476 0.7071067811865476 0
    outer loop
      vertex -1 10 -8.098490715026855
      vertex 0 9 48.196983337402344
      vertex 0 9 -8.196982383728027
    endloop
  endfacet
  facet normal 0.7071067811865476 0 -0.7071067811865476
    outer loop
      vertex -0.7250738143920898 -59.70000076293945 -9.55350112915039
      vertex -0.7250738143920898 9 -9.55350112915039
      vertex -0.44649791717529297 -59.70000076293945 -9.274925231933594
    endloop
  endfacet
  facet normal 0.7071067811865476 0 0.7071067811865476
    outer loop
      vertex -0.7250738143920898 -6 49.55350112915039
      vertex -0.44649791717529297 -6 49.274925231933594
      vertex -0.44649791717529297 9 49.274925231933594
    endloop
  endfacet
  facet normal 0.7071067811865476 0 0.7071067811865476
    outer loop
      vertex -0.7250738143920898 -6 49.55350112915039
      vertex -0.44649791717529297 9 49.274925231933594
      vertex -0.7250738143920898 9 49.55350112915039
    endloop
  endfacet
  facet normal 0.7071067811865476 0 -0.7071067811865476
    outer loop
      vertex -0.7250738143920898 9 -9.55350112915039
      vertex -0.44649791717529297 9 -9.274925231933594
      vertex -0.44649791717529297 -59.70000076293945 -9.274925231933594
    endloop
  endfacet
  facet normal 0.8314707339739216 0 -0.5555685543160879
    outer loop
      vertex -0.44649791717529297 -59.70000076293945 -9.274925231933594
      vertex -0.44649791717529297 9 -9.274925231933594
      vertex -0.22762298583984375 -59.70000076293945 -8.947354316711426
    endloop
  endfacet
  facet normal 0.8314714811375485 0 0.5555674361001833
    outer loop
      vertex -0.44649791717529297 -6 49.274925231933594
      vertex -0.22762298583984375 -6 48.94735336303711
      vertex -0.22762298583984375 9 48.94735336303711
    endloop
  endfacet
  facet normal 0.8314714811375485 0 0.5555674361001833
    outer loop
      vertex -0.44649791717529297 -6 49.274925231933594
      vertex -0.22762298583984375 9 48.94735336303711
      vertex -0.44649791717529297 9 49.274925231933594
    endloop
  endfacet
  facet normal 0.8314707339739216 0 -0.5555685543160879
    outer loop
      vertex -0.44649791717529297 9 -9.274925231933594
      vertex -0.22762298583984375 9 -8.947354316711426
      vertex -0.22762298583984375 -59.70000076293945 -8.947354316711426
    endloop
  endfacet
  facet normal 0.9238791093574825 0 -0.38268445394714545
    outer loop
      vertex -0.22762298583984375 -59.70000076293945 -8.947354316711426
      vertex -0.22762298583984375 9 -8.947354316711426
      vertex -0.0768585205078125 -59.70000076293945 -8.583377838134766
    endloop
  endfacet
  facet normal 0.923878754850322 0 0.3826853097993421
    outer loop
      vertex -0.22762298583984375 -6 48.94735336303711
      vertex -0.0768585205078125 -6 48.583377838134766
      vertex -0.0768585205078125 9 48.583377838134766
    endloop
  endfacet
  facet normal 0.923878754850322 0 0.3826853097993421
    outer loop
      vertex -0.22762298583984375 -6 48.94735336303711
      vertex -0.0768585205078125 9 48.583377838134766
      vertex -0.22762298583984375 9 48.94735336303711
    endloop
  endfacet
  facet normal 0.9238791093574825 0 -0.38268445394714545
    outer loop
      vertex -0.22762298583984375 9 -8.947354316711426
      vertex -0.0768585205078125 9 -8.583377838134766
      vertex -0.0768585205078125 -59.70000076293945 -8.583377838134766
    endloop
  endfacet
  facet normal 0.9807854329423978 0 -0.19508955514838086
    outer loop
      vertex -0.0768585205078125 -59.70000076293945 -8.583377838134766
      vertex -0.0768585205078125 9 -8.583377838134766
      vertex 0 -59.70000076293945 -8.196982383728027
    endloop
  endfacet
  facet normal 0.9807853408101497 0 0.19509001832979136
    outer loop
      vertex -0.0768585205078125 -6 48.583377838134766
      vertex 0 -6 48.196983337402344
      vertex 0 9 48.196983337402344
    endloop
  endfacet
  facet normal 0.9807853408101497 0 0.19509001832979136
    outer loop
      vertex -0.0768585205078125 -6 48.583377838134766
      vertex 0 9 48.196983337402344
      vertex -0.0768585205078125 9 48.583377838134766
    endloop
  endfacet
  facet normal 0.9807854329423978 0 -0.19508955514838086
    outer loop
      vertex -0.0768585205078125 9 -8.583377838134766
      vertex 0 9 -8.196982383728027
      vertex 0 -59.70000076293945 -8.196982383728027
    endloop
  endfacet
  facet normal 1 0 0
    outer loop
      vertex 0 -59.70000076293945 -8.196982383728027
      vertex 0 -50.98163986206055 -1.0518131256103516
      vertex 0 -59.70000076293945 -1.9499998092651367
    endloop
  endfacet
  facet normal 1 0 0
    outer loop
      vertex 0 -59.70000076293945 -8.196982383728027
      vertex 0 -50.75181198120117 -1.2816381454467773
      vertex 0 -50.98163986206055 -1.0518131256103516
    endloop
  endfacet
  facet normal 1 0 0
    outer loop
      vertex 0 -59.70000076293945 -8.196982383728027
      vertex 0 -50.4815673828125 -1.4622106552124023
      vertex 0 -50.75181198120117 -1.2816381454467773
    endloop
  endfacet
  facet normal 1 0 0
    outer loop
      vertex 0 -59.70000076293945 -8.196982383728027
      vertex 0 -50.1812858581543 -1.5865907669067383
      vertex 0 -50.4815673828125 -1.4622106552124023
    endloop
  endfacet
  facet normal 1 0 0
    outer loop
      vertex 0 -59.70000076293945 -8.196982383728027
      vertex 0 -49.862510681152344 -1.6499996185302734
      vertex 0 -50.1812858581543 -1.5865907669067383
    endloop
  endfacet
  facet normal 1 0 0
    outer loop
      vertex 0 -59.70000076293945 -8.196982383728027
      vertex 0 -49.53749084472656 -1.6499996185302734
      vertex 0 -49.862510681152344 -1.6499996185302734
    endloop
  endfacet
  facet normal 1 0 0
    outer loop
      vertex 0 -59.70000076293945 -8.196982383728027
      vertex 0 -49.218711853027344 -1.5865907669067383
      vertex 0 -49.53749084472656 -1.6499996185302734
    endloop
  endfacet
  facet normal 1 0 0
    outer loop
      vertex 0 -59.70000076293945 -8.196982383728027
      vertex 0 -48.918434143066406 -1.4622106552124023
      vertex 0 -49.218711853027344 -1.5865907669067383
    endloop
  endfacet
  facet normal 1 0 0
    outer loop
      vertex 0 -59.70000076293945 -8.196982383728027
      vertex 0 -1.4920845031738281 -2.7914934158325195
      vertex 0 -48.918434143066406 -1.4622106552124023
    endloop
  endfacet
  facet normal 1 0 0
    outer loop
      vertex 0 -59.70000076293945 -8.196982383728027
      vertex 0 9 -8.196982383728027
      vertex 0 -1.4920845031738281 -2.7914934158325195
    endloop
  endfacet
  facet normal 1 0 0
    outer loop
      vertex 0 -59.70000076293945 -1.9499998092651367
      vertex 0 -51.286590576171875 -0.48128700256347656
      vertex 0 -59.70000076293945 -1.2120685577392578
    endloop
  endfacet
  facet normal 1 0 0
    outer loop
      vertex 0 -59.70000076293945 -1.9499998092651367
      vertex 0 -51.16221237182617 -0.7815675735473633
      vertex 0 -51.286590576171875 -0.48128700256347656
    endloop
  endfacet
  facet normal 1 0 0
    outer loop
      vertex 0 -59.70000076293945 -1.9499998092651367
      vertex 0 -50.98163986206055 -1.0518131256103516
      vertex 0 -51.16221237182617 -0.7815675735473633
    endloop
  endfacet
  facet normal 1 0 0
    outer loop
      vertex 0 -59.70000076293945 -1.2120685577392578
      vertex 0 -51.286590576171875 -0.48128700256347656
      vertex 0 -59.39256286621094 0.3335132598876953
    endloop
  endfacet
  facet normal 1 0 0
    outer loop
      vertex 0 -59.39256286621094 0.3335132598876953
      vertex 0 -51.349998474121094 -0.16250991821289062
      vertex 0 -58.78950881958008 1.7894201278686523
    endloop
  endfacet
  facet normal 1 0 0
    outer loop
      vertex 0 -59.39256286621094 0.3335132598876953
      vertex 0 -51.286590576171875 -0.48128700256347656
      vertex 0 -51.349998474121094 -0.16250991821289062
    endloop
  endfacet
  facet normal 1 0 0
    outer loop
      vertex 0 -58.78950881958008 1.7894201278686523
      vertex 0 -51.349998474121094 -0.16250991821289062
      vertex 0 -51.349998474121094 0.16250991821289062
    endloop
  endfacet
  facet normal 1 0 0
    outer loop
      vertex 0 -58.78950881958008 1.7894201278686523
      vertex 0 -51.349998474121094 0.16250991821289062
      vertex 0 -57.914005279541016 3.0997018814086914
    endloop
  endfacet
  facet normal 1 0 0
    outer loop
      vertex 0 -57.914005279541016 3.0997018814086914
      vertex 0 -51.349998474121094 0.16250991821289062
      vertex 0 -51.286590576171875 0.48128700256347656
    endloop
  endfacet
  facet normal 1 0 0
    outer loop
      vertex 0 -57.914005279541016 3.0997018814086914
      vertex 0 -51.286590576171875 0.48128700256347656
      vertex 0 -56.79970169067383 4.214005470275879
    endloop
  endfacet
  facet normal 1 0 0
    outer loop
      vertex 0 -56.79970169067383 4.214005470275879
      vertex 0 -51.286590576171875 0.48128700256347656
      vertex 0 -55.48942184448242 5.089507102966309
    endloop
  endfacet
  facet normal 1 0 0
    outer loop
      vertex 0 -55.48942184448242 5.089507102966309
      vertex 0 -51.286590576171875 0.48128700256347656
      vertex 0 -51.16221237182617 0.7815675735473633
    endloop
  endfacet
  facet normal 1 0 0
    outer loop
      vertex 0 -55.48942184448242 5.089507102966309
      vertex 0 -51.16221237182617 0.7815675735473633
      vertex 0 -54.033512115478516 5.692564010620117
    endloop
  endfacet
  facet normal 1 0 0
    outer loop
      vertex 0 -54.033512115478516 5.692564010620117
      vertex 0 -51.16221237182617 0.7815675735473633
      vertex 0 -50.98163986206055 1.0518131256103516
    endloop
  endfacet
  facet normal 1 0 0
    outer loop
      vertex 0 -54.033512115478516 5.692564010620117
      vertex 0 -50.98163986206055 1.0518131256103516
      vertex 0 -50.75181198120117 1.2816381454467773
    endloop
  endfacet
  facet normal 1 0 0
    outer loop
      vertex 0 -54.033512115478516 5.692564010620117
      vertex 0 -50.75181198120117 1.2816381454467773
      vertex 0 -52.48793029785156 6
    endloop
  endfacet
  facet normal 1 0 0
    outer loop
      vertex 0 -52.48793029785156 6
      vertex 0 -50.75181198120117 1.2816381454467773
      vertex 0 -50.4815673828125 1.4622106552124023
    endloop
  endfacet
  facet normal 1 0 0
    outer loop
      vertex 0 -52.48793029785156 6
      vertex 0 -50.4815673828125 1.4622106552124023
      vertex 0 -50.1812858581543 1.5865907669067383
    endloop
  endfacet
  facet normal 1 0 0
    outer loop
      vertex 0 -52.48793029785156 6
      vertex 0 -50.1812858581543 1.5865907669067383
      vertex 0 -49.862510681152344 1.6499996185302734
    endloop
  endfacet
  facet normal 1 0 0
    outer loop
      vertex 0 -52.48793029785156 6
      vertex 0 -49.862510681152344 1.6499996185302734
      vertex 0 -49.53749084472656 1.6499996185302734
    endloop
  endfacet
  facet normal 1 0 0
    outer loop
      vertex 0 -52.48793029785156 6
      vertex 0 -49.53749084472656 1.6499996185302734
      vertex 0 -49.218711853027344 1.5865907669067383
    endloop
  endfacet
  facet normal 1 0 0
    outer loop
      vertex 0 -52.48793029785156 6
      vertex 0 -49.218711853027344 1.5865907669067383
      vertex 0 -48.918434143066406 1.4622106552124023
    endloop
  endfacet
  facet normal 1 0 0
    outer loop
      vertex 0 -52.48793029785156 6
      vertex 0 -48.918434143066406 1.4622106552124023
      vertex 0 -48.64818572998047 1.2816381454467773
    endloop
  endfacet
  facet normal 1 0 0
    outer loop
      vertex 0 -52.48793029785156 6
      vertex 0 -48.64818572998047 1.2816381454467773
      vertex 0 -6.901508331298828 6
    endloop
  endfacet
  facet normal 1 0 0
    outer loop
      vertex 0 -48.918434143066406 -1.4622106552124023
      vertex 0 -2.008007049560547 -2.4467639923095703
      vertex 0 -48.64818572998047 -1.2816381454467773
    endloop
  endfacet
  facet normal 1 0 0
    outer loop
      vertex 0 -48.918434143066406 -1.4622106552124023
      vertex 0 -1.4920845031738281 -2.7914934158325195
      vertex 0 -2.008007049560547 -2.4467639923095703
    endloop
  endfacet
  facet normal 1 0 0
    outer loop
      vertex 0 -48.64818572998047 -1.2816381454467773
      vertex 0 -2.4467639923095703 -2.008007049560547
      vertex 0 -48.41836166381836 -1.0518131256103516
    endloop
  endfacet
  facet normal 1 0 0
    outer loop
      vertex 0 -48.64818572998047 -1.2816381454467773
      vertex 0 -2.008007049560547 -2.4467639923095703
      vertex 0 -2.4467639923095703 -2.008007049560547
    endloop
  endfacet
  facet normal 1 0 0
    outer loop
      vertex 0 -48.64818572998047 1.2816381454467773
      vertex 0 -48.41836166381836 1.0518131256103516
      vertex 0 -6.901508331298828 6
    endloop
  endfacet
  facet normal 1 0 0
    outer loop
      vertex 0 -48.41836166381836 -1.0518131256103516
      vertex 0 -2.7914934158325195 -1.4920845031738281
      vertex 0 -48.237789154052734 -0.7815675735473633
    endloop
  endfacet
  facet normal 1 0 0
    outer loop
      vertex 0 -48.41836166381836 -1.0518131256103516
      vertex 0 -2.4467639923095703 -2.008007049560547
      vertex 0 -2.7914934158325195 -1.4920845031738281
    endloop
  endfacet
  facet normal 1 0 0
    outer loop
      vertex 0 -48.41836166381836 1.0518131256103516
      vertex 0 -48.237789154052734 0.7815675735473633
      vertex 0 -6.901508331298828 6
    endloop
  endfacet
  facet normal 1 0 0
    outer loop
      vertex 0 -48.237789154052734 -0.7815675735473633
      vertex 0 -3.028946876525879 -0.9188203811645508
      vertex 0 -48.11341094970703 -0.48128700256347656
    endloop
  endfacet
  facet normal 1 0 0
    outer loop
      vertex 0 -48.237789154052734 -0.7815675735473633
      vertex 0 -2.7914934158325195 -1.4920845031738281
      vertex 0 -3.028946876525879 -0.9188203811645508
    endloop
  endfacet
  facet normal 1 0 0
    outer loop
      vertex 0 -48.237789154052734 0.7815675735473633
      vertex 0 -48.11341094970703 0.48128700256347656
      vertex 0 -6.901508331298828 6
    endloop
  endfacet
  facet normal 1 0 0
    outer loop
      vertex 0 -48.11341094970703 -0.48128700256347656
      vertex 0 -6.901508331298828 6
      vertex 0 -48.04999923706055 -0.16250991821289062
    endloop
  endfacet
  facet normal 1 0 0
    outer loop
      vertex 0 -48.11341094970703 -0.48128700256347656
      vertex 0 -3.028946876525879 -0.9188203811645508
      vertex 0 -6.901508331298828 6
    endloop
  endfacet
  facet normal 1 0 0
    outer loop
      vertex 0 -48.11341094970703 0.48128700256347656
      vertex 0 -48.04999923706055 0.16250991821289062
      vertex 0 -6.901508331298828 6
    endloop
  endfacet
  facet normal 1 0 0
    outer loop
      vertex 0 -48.04999923706055 -0.16250991821289062
      vertex 0 -6.901508331298828 6
      vertex 0 -48.04999923706055 0.16250991821289062
    endloop
  endfacet
  facet normal 1 0 0
    outer loop
      vertex 0 -6.901508331298828 6
      vertex 0 -3.1499996185302734 -0.31024742126464844
      vertex 0 -3.1499996185302734 0.31024742126464844
    endloop
  endfacet
  facet normal 1 0 0
    outer loop
      vertex 0 -6.901508331298828 6
      vertex 0 -3.1499996185302734 0.31024742126464844
      vertex 0 -3.028946876525879 0.9188203811645508
    endloop
  endfacet
  facet normal 1 0 0
    outer loop
      vertex 0 -6.901508331298828 6
      vertex 0 -3.028946876525879 -0.9188203811645508
      vertex 0 -3.1499996185302734 -0.31024742126464844
    endloop
  endfacet
  facet normal 1 0 0
    outer loop
      vertex 0 -6.901508331298828 6
      vertex 0 -3.028946876525879 0.9188203811645508
      vertex 0 -2.7914934158325195 1.4920845031738281
    endloop
  endfacet
  facet normal 1 0 0
    outer loop
      vertex 0 -6.901508331298828 6
      vertex 0 -2.7914934158325195 1.4920845031738281
      vertex 0 -6.708310127258301 6.038429260253906
    endloop
  endfacet
  facet normal 1 0 0
    outer loop
      vertex 0 -6.708310127258301 6.038429260253906
      vertex 0 -2.7914934158325195 1.4920845031738281
      vertex 0 -6.526322364807129 6.113811492919922
    endloop
  endfacet
  facet normal 1 0 0
    outer loop
      vertex 0 -6.526322364807129 6.113811492919922
      vertex 0 -2.7914934158325195 1.4920845031738281
      vertex 0 -2.4467639923095703 2.008007049560547
    endloop
  endfacet
  facet normal 1 0 0
    outer loop
      vertex 0 -6.526322364807129 6.113811492919922
      vertex 0 -2.4467639923095703 2.008007049560547
      vertex 0 -6.362536430358887 6.223248481750488
    endloop
  endfacet
  facet normal 1 0 0
    outer loop
      vertex 0 -6.362536430358887 6.223248481750488
      vertex 0 -2.4467639923095703 2.008007049560547
      vertex 0 -6.223248481750488 6.362536430358887
    endloop
  endfacet
  facet normal 1 0 0
    outer loop
      vertex 0 -6.223248481750488 6.362536430358887
      vertex 0 -2.4467639923095703 2.008007049560547
      vertex 0 -2.008007049560547 2.4467639923095703
    endloop
  endfacet
  facet normal 1 0 0
    outer loop
      vertex 0 -6.223248481750488 6.362536430358887
      vertex 0 -2.008007049560547 2.4467639923095703
      vertex 0 -6.113811492919922 6.526322364807129
    endloop
  endfacet
  facet normal 1 0 0
    outer loop
      vertex 0 -6.113811492919922 6.526322364807129
      vertex 0 -2.008007049560547 2.4467639923095703
      vertex 0 -6.038429260253906 6.708310127258301
    endloop
  endfacet
  facet normal 1 0 0
    outer loop
      vertex 0 -6.038429260253906 6.708310127258301
      vertex 0 -2.008007049560547 2.4467639923095703
      vertex 0 -6 6.901508331298828
    endloop
  endfacet
  facet normal 1 0 0
    outer loop
      vertex 0 -6 6.901508331298828
      vertex 0 -2.008007049560547 2.4467639923095703
      vertex 0 -1.6499996185302734 39.83749008178711
    endloop
  endfacet
  facet normal 1 0 0
    outer loop
      vertex 0 -6 6.901508331298828
      vertex 0 -1.6499996185302734 39.83749008178711
      vertex 0 -6 48.196983337402344
    endloop
  endfacet
  facet normal 1 0 0
    outer loop
      vertex 0 -6 48.196983337402344
      vertex 0 -1.6499996185302734 39.83749008178711
      vertex 0 -1.6499996185302734 40.16250991821289
    endloop
  endfacet
  facet normal 1 0 0
    outer loop
      vertex 0 -6 48.196983337402344
      vertex 0 -1.6499996185302734 40.16250991821289
      vertex 0 -1.5865907669067383 40.481285095214844
    endloop
  endfacet
  facet normal 1 0 0
    outer loop
      vertex 0 -6 48.196983337402344
      vertex 0 -1.5865907669067383 40.481285095214844
      vertex 0 -1.4622106552124023 40.78156661987305
    endloop
  endfacet
  facet normal 1 0 0
    outer loop
      vertex 0 -6 48.196983337402344
      vertex 0 -1.4622106552124023 40.78156661987305
      vertex 0 -1.2816381454467773 41.05181121826172
    endloop
  endfacet
  facet normal 1 0 0
    outer loop
      vertex 0 -6 48.196983337402344
      vertex 0 -1.2816381454467773 41.05181121826172
      vertex 0 -1.0518131256103516 41.281639099121094
    endloop
  endfacet
  facet normal 1 0 0
    outer loop
      vertex 0 -6 48.196983337402344
      vertex 0 -1.0518131256103516 41.281639099121094
      vertex 0 -0.7815675735473633 41.46221160888672
    endloop
  endfacet
  facet normal 1 0 0
    outer loop
      vertex 0 -6 48.196983337402344
      vertex 0 -0.7815675735473633 41.46221160888672
      vertex 0 -0.48128700256347656 41.58658981323242
    endloop
  endfacet
  facet normal 1 0 0
    outer loop
      vertex 0 -6 48.196983337402344
      vertex 0 -0.48128700256347656 41.58658981323242
      vertex 0 -0.16250991821289062 41.650001525878906
    endloop
  endfacet
  facet normal 1 0 0
    outer loop
      vertex 0 -6 48.196983337402344
      vertex 0 -0.16250991821289062 41.650001525878906
      vertex 0 0.16250991821289062 41.650001525878906
    endloop
  endfacet
  facet normal 1 0 0
    outer loop
      vertex 0 -6 48.196983337402344
      vertex 0 0.16250991821289062 41.650001525878906
      vertex 0 9 48.196983337402344
    endloop
  endfacet
  facet normal 1 0 0
    outer loop
      vertex 0 -2.008007049560547 2.4467639923095703
      vertex 0 -1.5865907669067383 39.518714904785156
      vertex 0 -1.6499996185302734 39.83749008178711
    endloop
  endfacet
  facet normal 1 0 0
    outer loop
      vertex 0 -2.008007049560547 2.4467639923095703
      vertex 0 -1.4920845031738281 2.7914934158325195
      vertex 0 -1.0518131256103516 38.718360900878906
    endloop
  endfacet
  facet normal 1 0 0
    outer loop
      vertex 0 -2.008007049560547 2.4467639923095703
      vertex 0 -1.4622106552124023 39.21843338012695
      vertex 0 -1.5865907669067383 39.518714904785156
    endloop
  endfacet
  facet normal 1 0 0
    outer loop
      vertex 0 -2.008007049560547 2.4467639923095703
      vertex 0 -1.2816381454467773 38.94818878173828
      vertex 0 -1.4622106552124023 39.21843338012695
    endloop
  endfacet
  facet normal 1 0 0
    outer loop
      vertex 0 -2.008007049560547 2.4467639923095703
      vertex 0 -1.0518131256103516 38.718360900878906
      vertex 0 -1.2816381454467773 38.94818878173828
    endloop
  endfacet
  facet normal 1 0 0
    outer loop
      vertex 0 -1.4920845031738281 -2.7914934158325195
      vertex 0 9 -8.196982383728027
      vertex 0 -0.9188203811645508 -3.028946876525879
    endloop
  endfacet
  facet normal 1 0 0
    outer loop
      vertex 0 -1.4920845031738281 2.7914934158325195
      vertex 0 -0.9188203811645508 3.028946876525879
      vertex 0 -0.7815675735473633 38.53778839111328
    endloop
  endfacet
  facet normal 1 0 0
    outer loop
      vertex 0 -1.4920845031738281 2.7914934158325195
      vertex 0 -0.7815675735473633 38.53778839111328
      vertex 0 -1.0518131256103516 38.718360900878906
    endloop
  endfacet
  facet normal 1 0 0
    outer loop
      vertex 0 -0.9188203811645508 -3.028946876525879
      vertex 0 9 -8.196982383728027
      vertex 0 -0.31024742126464844 -3.1499996185302734
    endloop
  endfacet
  facet normal 1 0 0
    outer loop
      vertex 0 -0.9188203811645508 3.028946876525879
      vertex 0 -0.48128700256347656 38.41341018676758
      vertex 0 -0.7815675735473633 38.53778839111328
    endloop
  endfacet
  facet normal 1 0 0
    outer loop
      vertex 0 -0.9188203811645508 3.028946876525879
      vertex 0 -0.31024742126464844 3.1499996185302734
      vertex 0 -0.48128700256347656 38.41341018676758
    endloop
  endfacet
  facet normal 1 0 0
    outer loop
      vertex 0 -0.48128700256347656 38.41341018676758
      vertex 0 -0.31024742126464844 3.1499996185302734
      vertex 0 -0.16250991821289062 38.349998474121094
    endloop
  endfacet
  facet normal 1 0 0
    outer loop
      vertex 0 -0.31024742126464844 -3.1499996185302734
      vertex 0 9 -8.196982383728027
      vertex 0 0.31024742126464844 -3.1499996185302734
    endloop
  endfacet
  facet normal 1 0 0
    outer loop
      vertex 0 -0.31024742126464844 3.1499996185302734
      vertex 0 0.31024742126464844 3.1499996185302734
      vertex 0 -0.16250991821289062 38.349998474121094
    endloop
  endfacet
  facet normal 1 0 0
    outer loop
      vertex 0 -0.16250991821289062 38.349998474121094
      vertex 0 0.31024742126464844 3.1499996185302734
      vertex 0 0.16250991821289062 38.349998474121094
    endloop
  endfacet
  facet normal 1 0 0
    outer loop
      vertex 0 0.16250991821289062 38.349998474121094
      vertex 0 0.31024742126464844 3.1499996185302734
      vertex 0 0.48128700256347656 38.41341018676758
    endloop
  endfacet
  facet normal 1 0 0
    outer loop
      vertex 0 0.16250991821289062 41.650001525878906
      vertex 0 0.48128700256347656 41.58658981323242
      vertex 0 9 48.196983337402344
    endloop
  endfacet
  facet normal 1 0 0
    outer loop
      vertex 0 0.31024742126464844 -3.1499996185302734
      vertex 0 9 -8.196982383728027
      vertex 0 0.9188203811645508 -3.028946876525879
    endloop
  endfacet
  facet normal 1 0 0
    outer loop
      vertex 0 0.31024742126464844 3.1499996185302734
      vertex 0 0.9188203811645508 3.028946876525879
      vertex 0 0.48128700256347656 38.41341018676758
    endloop
  endfacet
  facet normal 1 0 0
    outer loop
      vertex 0 0.48128700256347656 38.41341018676758
      vertex 0 0.9188203811645508 3.028946876525879
      vertex 0 0.7815675735473633 38.53778839111328
    endloop
  endfacet
  facet normal 1 0 0
    outer loop
      vertex 0 0.48128700256347656 41.58658981323242
      vertex 0 0.7815675735473633 41.46221160888672
      vertex 0 9 48.196983337402344
    endloop
  endfacet
  facet normal 1 0 0
    outer loop
      vertex 0 0.7815675735473633 38.53778839111328
      vertex 0 0.9188203811645508 3.028946876525879
      vertex 0 1.4920845031738281 2.7914934158325195
    endloop
  endfacet
  facet normal 1 0 0
    outer loop
      vertex 0 0.7815675735473633 38.53778839111328
      vertex 0 1.4920845031738281 2.7914934158325195
      vertex 0 1.0518131256103516 38.718360900878906
    endloop
  endfacet
  facet normal 1 0 0
    outer loop
      vertex 0 0.7815675735473633 41.46221160888672
      vertex 0 1.0518131256103516 41.281639099121094
      vertex 0 9 48.196983337402344
    endloop
  endfacet
  facet normal 1 0 0
    outer loop
      vertex 0 0.9188203811645508 -3.028946876525879
      vertex 0 9 -8.196982383728027
      vertex 0 1.4920845031738281 -2.7914934158325195
    endloop
  endfacet
  facet normal 1 0 0
    outer loop
      vertex 0 1.0518131256103516 38.718360900878906
      vertex 0 1.4920845031738281 2.7914934158325195
      vertex 0 2.008007049560547 2.4467639923095703
    endloop
  endfacet
  facet normal 1 0 0
    outer loop
      vertex 0 1.0518131256103516 38.718360900878906
      vertex 0 2.008007049560547 2.4467639923095703
      vertex 0 1.2816381454467773 38.94818878173828
    endloop
  endfacet
  facet normal 1 0 0
    outer loop
      vertex 0 1.0518131256103516 41.281639099121094
      vertex 0 1.2816381454467773 41.05181121826172
      vertex 0 9 48.196983337402344
    endloop
  endfacet
  facet normal 1 0 0
    outer loop
      vertex 0 1.2816381454467773 38.94818878173828
      vertex 0 2.008007049560547 2.4467639923095703
      vertex 0 2.4467639923095703 2.008007049560547
    endloop
  endfacet
  facet normal 1 0 0
    outer loop
      vertex 0 1.2816381454467773 38.94818878173828
      vertex 0 2.4467639923095703 2.008007049560547
      vertex 0 1.4622106552124023 39.21843338012695
    endloop
  endfacet
  facet normal 1 0 0
    outer loop
      vertex 0 1.2816381454467773 41.05181121826172
      vertex 0 1.4622106552124023 40.78156661987305
      vertex 0 9 48.196983337402344
    endloop
  endfacet
  facet normal 1 0 0
    outer loop
      vertex 0 1.4622106552124023 39.21843338012695
      vertex 0 2.4467639923095703 2.008007049560547
      vertex 0 9 48.196983337402344
    endloop
  endfacet
  facet normal 1 0 0
    outer loop
      vertex 0 1.4622106552124023 39.21843338012695
      vertex 0 9 48.196983337402344
      vertex 0 1.5865907669067383 39.518714904785156
    endloop
  endfacet
  facet normal 1 0 0
    outer loop
      vertex 0 1.4622106552124023 40.78156661987305
      vertex 0 1.5865907669067383 40.481285095214844
      vertex 0 9 48.196983337402344
    endloop
  endfacet
  facet normal 1 0 0
    outer loop
      vertex 0 1.4920845031738281 -2.7914934158325195
      vertex 0 9 -8.196982383728027
      vertex 0 2.008007049560547 -2.4467639923095703
    endloop
  endfacet
  facet normal 1 0 0
    outer loop
      vertex 0 1.5865907669067383 39.518714904785156
      vertex 0 9 48.196983337402344
      vertex 0 1.6499996185302734 39.83749008178711
    endloop
  endfacet
  facet normal 1 0 0
    outer loop
      vertex 0 1.5865907669067383 40.481285095214844
      vertex 0 1.6499996185302734 40.16250991821289
      vertex 0 9 48.196983337402344
    endloop
  endfacet
  facet normal 1 0 0
    outer loop
      vertex 0 1.6499996185302734 39.83749008178711
      vertex 0 9 48.196983337402344
      vertex 0 1.6499996185302734 40.16250991821289
    endloop
  endfacet
  facet normal 1 0 0
    outer loop
      vertex 0 2.008007049560547 -2.4467639923095703
      vertex 0 9 -8.196982383728027
      vertex 0 2.4467639923095703 -2.008007049560547
    endloop
  endfacet
  facet normal 1 0 0
    outer loop
      vertex 0 2.4467639923095703 -2.008007049560547
      vertex 0 9 -8.196982383728027
      vertex 0 2.7914934158325195 -1.4920845031738281
    endloop
  endfacet
  facet normal 1 0 0
    outer loop
      vertex 0 2.4467639923095703 2.008007049560547
      vertex 0 2.7914934158325195 1.4920845031738281
      vertex 0 9 48.196983337402344
    endloop
  endfacet
  facet normal 1 0 0
    outer loop
      vertex 0 2.7914934158325195 -1.4920845031738281
      vertex 0 9 -8.196982383728027
      vertex 0 3.028946876525879 -0.9188203811645508
    endloop
  endfacet
  facet normal 1 0 0
    outer loop
      vertex 0 2.7914934158325195 1.4920845031738281
      vertex 0 3.028946876525879 0.9188203811645508
      vertex 0 9 -8.196982383728027
    endloop
  endfacet
  facet normal 1 0 0
    outer loop
      vertex 0 2.7914934158325195 1.4920845031738281
      vertex 0 9 -8.196982383728027
      vertex 0 9 48.196983337402344
    endloop
  endfacet
  facet normal 1 0 0
    outer loop
      vertex 0 3.028946876525879 -0.9188203811645508
      vertex 0 9 -8.196982383728027
      vertex 0 3.1499996185302734 -0.31024742126464844
    endloop
  endfacet
  facet normal 1 0 0
    outer loop
      vertex 0 3.028946876525879 0.9188203811645508
      vertex 0 3.1499996185302734 0.31024742126464844
      vertex 0 9 -8.196982383728027
    endloop
  endfacet
  facet normal 1 0 0
    outer loop
      vertex 0 3.1499996185302734 -0.31024742126464844
      vertex 0 9 -8.196982383728027
      vertex 0 3.1499996185302734 0.31024742126464844
    endloop
  endfacet
endsolid OpenSCAD_Model
