solid OpenSCAD_Model
  facet normal -1 0 0
    outer loop
      vertex 2 -2.635624885559082 -3.399998664855957
      vertex 2 -2.635624885559082 -1.7999992370605469
      vertex 2 -0.28562450408935547 -1.7999992370605469
    endloop
  endfacet
  facet normal -0.9654683880093873 -0.19204355879145005 -0.1760399479699715
    outer loop
      vertex 2 -2.635624885559082 -3.399998664855957
      vertex 2 -0.4356241226196289 -5.799999237060547
      vertex 2.111445426940918 -0.9958982467651367 -5.799999237060547
    endloop
  endfacet
  facet normal -1 0 0
    outer loop
      vertex 2 -2.635624885559082 -3.399998664855957
      vertex 2 -0.28562450408935547 -1.7999992370605469
      vertex 2 -0.4356241226196289 -5.799999237060547
    endloop
  endfacet
  facet normal -0.9807852253961574 -0.19509059855515518 0
    outer loop
      vertex 2 -2.635624885559082 -3.399998664855957
      vertex 2.111445426940918 -3.1958980560302734 -3.399998664855957
      vertex 2.111445426940918 -3.1958980560302734 -1.7999992370605469
    endloop
  endfacet
  facet normal -0.9807852253961574 -0.19509059855515518 0
    outer loop
      vertex 2 -2.635624885559082 -3.399998664855957
      vertex 2.111445426940918 -3.1958980560302734 -1.7999992370605469
      vertex 2 -2.635624885559082 -1.7999992370605469
    endloop
  endfacet
  facet normal -0.9654682894416986 -0.1920438660738626 -0.17604015333418893
    outer loop
      vertex 2 -2.635624885559082 -3.399998664855957
      vertex 2.111445426940918 -0.9958982467651367 -5.799999237060547
      vertex 2.111445426940918 -3.1958980560302734 -3.399998664855957
    endloop
  endfacet
  facet normal 0 0 1
    outer loop
      vertex 2 -2.635624885559082 -1.7999992370605469
      vertex 2.111445426940918 -3.1958980560302734 -1.7999992370605469
      vertex 3.051358222961426 -2.2525768280029297 -1.7999992370605469
    endloop
  endfacet
  facet normal 0 0 1
    outer loop
      vertex 2 -2.635624885559082 -1.7999992370605469
      vertex 2.111445426940918 -0.8458986282348633 -1.7999992370605469
      vertex 2 -0.28562450408935547 -1.7999992370605469
    endloop
  endfacet
  facet normal 0 0 1
    outer loop
      vertex 2 -2.635624885559082 -1.7999992370605469
      vertex 2.33005428314209 -1.3736648559570312 -1.7999992370605469
      vertex 2.111445426940918 -0.8458986282348633 -1.7999992370605469
    endloop
  endfacet
  facet normal 0 0 1
    outer loop
      vertex 2 -2.635624885559082 -1.7999992370605469
      vertex 2.64742374420166 -1.8486413955688477 -1.7999992370605469
      vertex 2.33005428314209 -1.3736648559570312 -1.7999992370605469
    endloop
  endfacet
  facet normal 0 0 1
    outer loop
      vertex 2 -2.635624885559082 -1.7999992370605469
      vertex 3.051358222961426 -2.2525768280029297 -1.7999992370605469
      vertex 2.64742374420166 -1.8486413955688477 -1.7999992370605469
    endloop
  endfacet
  facet normal -1 0 0
    outer loop
      vertex 2 -0.4356241226196289 -5.799999237060547
      vertex 2 -0.28562450408935547 -1.7999992370605469
      vertex 2 0.4356241226196289 -5.799999237060547
    endloop
  endfacet
  facet normal 0 0 -1
    outer loop
      vertex 2 -0.4356241226196289 -5.799999237060547
      vertex 2 0.4356241226196289 -5.799999237060547
      vertex 2.33005428314209 1.5236644744873047 -5.799999237060547
    endloop
  endfacet
  facet normal 0 0 -1
    outer loop
      vertex 2 -0.4356241226196289 -5.799999237060547
      vertex 2.33005428314209 1.5236644744873047 -5.799999237060547
      vertex 2.111445426940918 -0.9958982467651367 -5.799999237060547
    endloop
  endfacet
  facet normal -1 0 0
    outer loop
      vertex 2 -0.28562450408935547 -1.7999992370605469
      vertex 2 -0.28562450408935547 -0.9999990463256836
      vertex 2 0.28562450408935547 -1.7999992370605469
    endloop
  endfacet
  facet normal -1 0 0
    outer loop
      vertex 2 -0.28562450408935547 -1.7999992370605469
      vertex 2 0.28562450408935547 -1.7999992370605469
      vertex 2 0.4356241226196289 -5.799999237060547
    endloop
  endfacet
  facet normal -0.9807852889359499 -0.19509027911924656 0
    outer loop
      vertex 2 -0.28562450408935547 -1.7999992370605469
      vertex 2.111445426940918 -0.8458986282348633 -1.7999992370605469
      vertex 2.111445426940918 -0.8458986282348633 -0.9999990463256836
    endloop
  endfacet
  facet normal -0.9807852889359499 -0.19509027911924656 0
    outer loop
      vertex 2 -0.28562450408935547 -1.7999992370605469
      vertex 2.111445426940918 -0.8458986282348633 -0.9999990463256836
      vertex 2 -0.28562450408935547 -0.9999990463256836
    endloop
  endfacet
  facet normal -1 0 0
    outer loop
      vertex 2 -0.28562450408935547 -0.9999990463256836
      vertex 2 0.28562450408935547 -0.9999990463256836
      vertex 2 0.28562450408935547 -1.7999992370605469
    endloop
  endfacet
  facet normal 0 0 1
    outer loop
      vertex 2 -0.28562450408935547 -0.9999990463256836
      vertex 2.111445426940918 -0.8458986282348633 -0.9999990463256836
      vertex 6.5 -0.09849071502685547 -0.9999990463256836
    endloop
  endfacet
  facet normal 0 0 1
    outer loop
      vertex 2 -0.28562450408935547 -0.9999990463256836
      vertex 6.5 -0.09849071502685547 -0.9999990463256836
      vertex 6.5 -0.0875472818080433 -0.9999990463256836
    endloop
  endfacet
  facet normal 0 0 1
    outer loop
      vertex 2 -0.28562450408935547 -0.9999990463256836
      vertex 6.5 -0.0875472818080433 -0.9999990463256836
      vertex 6.5 -0.08497726443324308 -0.9999990463256836
    endloop
  endfacet
  facet normal 0 0 1
    outer loop
      vertex 2 -0.28562450408935547 -0.9999990463256836
      vertex 6.5 -0.08497726443324308 -0.9999990463256836
      vertex 2 0.28562450408935547 -0.9999990463256836
    endloop
  endfacet
  facet normal -0.9807852889359499 0.19509027911924656 0
    outer loop
      vertex 2 0.28562450408935547 -1.7999992370605469
      vertex 2 0.28562450408935547 -0.9999990463256836
      vertex 2.111445426940918 0.8458986282348633 -0.9999990463256836
    endloop
  endfacet
  facet normal -1 0 0
    outer loop
      vertex 2 0.28562450408935547 -1.7999992370605469
      vertex 2 2.635624885559082 -3.399998664855957
      vertex 2 0.4356241226196289 -5.799999237060547
    endloop
  endfacet
  facet normal -1 0 0
    outer loop
      vertex 2 0.28562450408935547 -1.7999992370605469
      vertex 2 2.635624885559082 -1.7999992370605469
      vertex 2 2.635624885559082 -3.399998664855957
    endloop
  endfacet
  facet normal 0 0 1
    outer loop
      vertex 2 0.28562450408935547 -1.7999992370605469
      vertex 2.111445426940918 0.8458986282348633 -1.7999992370605469
      vertex 2 2.635624885559082 -1.7999992370605469
    endloop
  endfacet
  facet normal -0.9807852889359499 0.19509027911924656 0
    outer loop
      vertex 2 0.28562450408935547 -1.7999992370605469
      vertex 2.111445426940918 0.8458986282348633 -0.9999990463256836
      vertex 2.111445426940918 0.8458986282348633 -1.7999992370605469
    endloop
  endfacet
  facet normal 0 0 1
    outer loop
      vertex 2 0.28562450408935547 -0.9999990463256836
      vertex 6.5 -0.08497726443324308 -0.9999990463256836
      vertex 6.5 0.09849071502685547 -0.9999990463256836
    endloop
  endfacet
  facet normal 0 0 1
    outer loop
      vertex 2 0.28562450408935547 -0.9999990463256836
      vertex 6.5 0.09849071502685547 -0.9999990463256836
      vertex 6.502135015872275 0.10922396863017972 -0.9999990463256836
    endloop
  endfacet
  facet normal 0 0 1
    outer loop
      vertex 2 0.28562450408935547 -0.9999990463256836
      vertex 6.502135015872275 0.10922396863017972 -0.9999990463256836
      vertex 6.538430213928223 0.2916889190673828 -0.9999990463256836
    endloop
  endfacet
  facet normal 0 0 1
    outer loop
      vertex 2 0.28562450408935547 -0.9999990463256836
      vertex 6.538430213928223 0.2916889190673828 -0.9999990463256836
      vertex 6.542618123564377 0.3017993691970342 -0.9999990463256836
    endloop
  endfacet
  facet normal 0 0 1
    outer loop
      vertex 2 0.28562450408935547 -0.9999990463256836
      vertex 6.542618123564377 0.3017993691970342 -0.9999990463256836
      vertex 6.605167062926393 0.4528049989801245 -0.9999990463256836
    endloop
  endfacet
  facet normal 0 0 1
    outer loop
      vertex 2 0.28562450408935547 -0.9999990463256836
      vertex 6.605167062926393 0.4528049989801245 -0.9999990463256836
      vertex 2.111445426940918 0.8458986282348633 -0.9999990463256836
    endloop
  endfacet
  facet normal -0.9654683880093873 0.19204355879145005 -0.1760399479699715
    outer loop
      vertex 2 0.4356241226196289 -5.799999237060547
      vertex 2 2.635624885559082 -3.399998664855957
      vertex 2.111445426940918 0.9958982467651367 -5.799999237060547
    endloop
  endfacet
  facet normal 0 0 -1
    outer loop
      vertex 2 0.4356241226196289 -5.799999237060547
      vertex 2.111445426940918 0.9958982467651367 -5.799999237060547
      vertex 2.33005428314209 1.5236644744873047 -5.799999237060547
    endloop
  endfacet
  facet normal -0.9807852253961574 0.19509059855515518 0
    outer loop
      vertex 2 2.635624885559082 -3.399998664855957
      vertex 2 2.635624885559082 -1.7999992370605469
      vertex 2.111445426940918 3.1958980560302734 -1.7999992370605469
    endloop
  endfacet
  facet normal -0.9654682894416986 0.1920438660738626 -0.17604015333418893
    outer loop
      vertex 2 2.635624885559082 -3.399998664855957
      vertex 2.111445426940918 3.1958980560302734 -3.399998664855957
      vertex 2.111445426940918 0.9958982467651367 -5.799999237060547
    endloop
  endfacet
  facet normal -0.9807852253961574 0.19509059855515518 0
    outer loop
      vertex 2 2.635624885559082 -3.399998664855957
      vertex 2.111445426940918 3.1958980560302734 -1.7999992370605469
      vertex 2.111445426940918 3.1958980560302734 -3.399998664855957
    endloop
  endfacet
  facet normal 0 0 1
    outer loop
      vertex 2 2.635624885559082 -1.7999992370605469
      vertex 2.111445426940918 0.8458986282348633 -1.7999992370605469
      vertex 2.33005428314209 1.3736648559570312 -1.7999992370605469
    endloop
  endfacet
  facet normal 0 0 1
    outer loop
      vertex 2 2.635624885559082 -1.7999992370605469
      vertex 2.33005428314209 1.3736648559570312 -1.7999992370605469
      vertex 2.64742374420166 1.8486413955688477 -1.7999992370605469
    endloop
  endfacet
  facet normal 0 0 1
    outer loop
      vertex 2 2.635624885559082 -1.7999992370605469
      vertex 2.64742374420166 1.8486413955688477 -1.7999992370605469
      vertex 3.051358222961426 2.2525768280029297 -1.7999992370605469
    endloop
  endfacet
  facet normal 0 0 1
    outer loop
      vertex 2 2.635624885559082 -1.7999992370605469
      vertex 3.051358222961426 2.2525768280029297 -1.7999992370605469
      vertex 2.111445426940918 3.1958980560302734 -1.7999992370605469
    endloop
  endfacet
  facet normal -0.8717947429987225 -0.3611107372893012 -0.3310180682291657
    outer loop
      vertex 2.111445426940918 -3.1958980560302734 -3.399998664855957
      vertex 2.111445426940918 -0.9958982467651367 -5.799999237060547
      vertex 2.33005428314209 -1.5236644744873047 -5.799999237060547
    endloop
  endfacet
  facet normal -0.9238789588312626 -0.38268481734824833 0
    outer loop
      vertex 2.111445426940918 -3.1958980560302734 -3.399998664855957
      vertex 2.33005428314209 -3.7236642837524414 -3.399998664855957
      vertex 2.33005428314209 -3.7236642837524414 -1.7999992370605469
    endloop
  endfacet
  facet normal -0.9238789588312626 -0.38268481734824833 0
    outer loop
      vertex 2.111445426940918 -3.1958980560302734 -3.399998664855957
      vertex 2.33005428314209 -3.7236642837524414 -1.7999992370605469
      vertex 2.111445426940918 -3.1958980560302734 -1.7999992370605469
    endloop
  endfacet
  facet normal -0.8717947429987225 -0.3611107372893012 -0.3310180682291657
    outer loop
      vertex 2.111445426940918 -3.1958980560302734 -3.399998664855957
      vertex 2.33005428314209 -1.5236644744873047 -5.799999237060547
      vertex 2.33005428314209 -3.7236642837524414 -3.399998664855957
    endloop
  endfacet
  facet normal 0 0 1
    outer loop
      vertex 2.111445426940918 -3.1958980560302734 -1.7999992370605469
      vertex 2.33005428314209 -3.7236642837524414 -1.7999992370605469
      vertex 3.5263357162475586 -2.5699462890625 -1.7999992370605469
    endloop
  endfacet
  facet normal 0 0 1
    outer loop
      vertex 2.111445426940918 -3.1958980560302734 -1.7999992370605469
      vertex 3.5263357162475586 -2.5699462890625 -1.7999992370605469
      vertex 3.051358222961426 -2.2525768280029297 -1.7999992370605469
    endloop
  endfacet
  facet normal 0 0 -1
    outer loop
      vertex 2.111445426940918 -0.9958982467651367 -5.799999237060547
      vertex 2.33005428314209 1.5236644744873047 -5.799999237060547
      vertex 2.33005428314209 -1.5236644744873047 -5.799999237060547
    endloop
  endfacet
  facet normal -0.9238789588312626 -0.38268481734824833 0
    outer loop
      vertex 2.111445426940918 -0.8458986282348633 -1.7999992370605469
      vertex 2.33005428314209 -1.3736648559570312 -1.7999992370605469
      vertex 2.33005428314209 -1.3736648559570312 -0.9999990463256836
    endloop
  endfacet
  facet normal -0.9238789588312626 -0.38268481734824833 0
    outer loop
      vertex 2.111445426940918 -0.8458986282348633 -1.7999992370605469
      vertex 2.33005428314209 -1.3736648559570312 -0.9999990463256836
      vertex 2.111445426940918 -0.8458986282348633 -0.9999990463256836
    endloop
  endfacet
  facet normal 0 0 1
    outer loop
      vertex 2.111445426940918 -0.8458986282348633 -0.9999990463256836
      vertex 2.33005428314209 -1.3736648559570312 -0.9999990463256836
      vertex 6.700617257741129 -0.6035907741870616 -0.9999990463256836
    endloop
  endfacet
  facet normal 0 0 1
    outer loop
      vertex 2.111445426940918 -0.8458986282348633 -0.9999990463256836
      vertex 6.536295198055948 -0.2809556654640586 -0.9999990463256836
      vertex 6.5 -0.09849071502685547 -0.9999990463256836
    endloop
  endfacet
  facet normal 0 0 1
    outer loop
      vertex 2.111445426940918 -0.8458986282348633 -0.9999990463256836
      vertex 6.538430213928223 -0.2916889190673828 -0.9999990463256836
      vertex 6.536295198055948 -0.2809556654640586 -0.9999990463256836
    endloop
  endfacet
  facet normal 0 0 1
    outer loop
      vertex 2.111445426940918 -0.8458986282348633 -0.9999990463256836
      vertex 6.6096245369580835 -0.4635662313889033 -0.9999990463256836
      vertex 6.538430213928223 -0.2916889190673828 -0.9999990463256836
    endloop
  endfacet
  facet normal 0 0 1
    outer loop
      vertex 2.111445426940918 -0.8458986282348633 -0.9999990463256836
      vertex 6.613812446594238 -0.4736766815185547 -0.9999990463256836
      vertex 6.6096245369580835 -0.4635662313889033 -0.9999990463256836
    endloop
  endfacet
  facet normal 0 0 1
    outer loop
      vertex 2.111445426940918 -0.8458986282348633 -0.9999990463256836
      vertex 6.700617257741129 -0.6035907741870616 -0.9999990463256836
      vertex 6.613812446594238 -0.4736766815185547 -0.9999990463256836
    endloop
  endfacet
  facet normal -0.9238789588312626 0.38268481734824833 0
    outer loop
      vertex 2.111445426940918 0.8458986282348633 -1.7999992370605469
      vertex 2.111445426940918 0.8458986282348633 -0.9999990463256836
      vertex 2.33005428314209 1.3736648559570312 -0.9999990463256836
    endloop
  endfacet
  facet normal -0.9238789588312626 0.38268481734824833 0
    outer loop
      vertex 2.111445426940918 0.8458986282348633 -1.7999992370605469
      vertex 2.33005428314209 1.3736648559570312 -0.9999990463256836
      vertex 2.33005428314209 1.3736648559570312 -1.7999992370605469
    endloop
  endfacet
  facet normal 0 0 1
    outer loop
      vertex 2.111445426940918 0.8458986282348633 -0.9999990463256836
      vertex 6.605167062926393 0.4528049989801245 -0.9999990463256836
      vertex 6.613812446594238 0.4736766815185547 -0.9999990463256836
    endloop
  endfacet
  facet normal 0 0 1
    outer loop
      vertex 2.111445426940918 0.8458986282348633 -0.9999990463256836
      vertex 6.613812446594238 0.4736766815185547 -0.9999990463256836
      vertex 6.6198922906618165 0.4827759170928235 -0.9999990463256836
    endloop
  endfacet
  facet normal 0 0 1
    outer loop
      vertex 2.111445426940918 0.8458986282348633 -0.9999990463256836
      vertex 6.6198922906618165 0.4827759170928235 -0.9999990463256836
      vertex 6.723249435424805 0.6374626159667969 -0.9999990463256836
    endloop
  endfacet
  facet normal 0 0 1
    outer loop
      vertex 2.111445426940918 0.8458986282348633 -0.9999990463256836
      vertex 6.723249435424805 0.6374626159667969 -0.9999990463256836
      vertex 6.73098766924393 0.6452008497859225 -0.9999990463256836
    endloop
  endfacet
  facet normal 0 0 1
    outer loop
      vertex 2.111445426940918 0.8458986282348633 -0.9999990463256836
      vertex 6.73098766924393 0.6452008497859225 -0.9999990463256836
      vertex 6.862537384033203 0.7767505645751953 -0.9999990463256836
    endloop
  endfacet
  facet normal 0 0 1
    outer loop
      vertex 2.111445426940918 0.8458986282348633 -0.9999990463256836
      vertex 6.862537384033203 0.7767505645751953 -0.9999990463256836
      vertex 6.871636619607472 0.782830408642774 -0.9999990463256836
    endloop
  endfacet
  facet normal 0 0 1
    outer loop
      vertex 2.111445426940918 0.8458986282348633 -0.9999990463256836
      vertex 6.871636619607472 0.782830408642774 -0.9999990463256836
      vertex 7.026323318481445 0.8861875534057617 -0.9999990463256836
    endloop
  endfacet
  facet normal 0 0 1
    outer loop
      vertex 2.111445426940918 0.8458986282348633 -0.9999990463256836
      vertex 7.026323318481445 0.8861875534057617 -0.9999990463256836
      vertex 7.036433768611097 0.8903754630419165 -0.9999990463256836
    endloop
  endfacet
  facet normal 0 0 1
    outer loop
      vertex 2.111445426940918 0.8458986282348633 -0.9999990463256836
      vertex 7.036433768611097 0.8903754630419165 -0.9999990463256836
      vertex 7.208311080932617 0.9615697860717773 -0.9999990463256836
    endloop
  endfacet
  facet normal 0 0 1
    outer loop
      vertex 2.111445426940918 0.8458986282348633 -0.9999990463256836
      vertex 7.208311080932617 0.9615697860717773 -0.9999990463256836
      vertex 7.219044334535942 0.9637048019440526 -0.9999990463256836
    endloop
  endfacet
  facet normal 0 0 1
    outer loop
      vertex 2.111445426940918 0.8458986282348633 -0.9999990463256836
      vertex 7.219044334535942 0.9637048019440526 -0.9999990463256836
      vertex 7.373362703603247 0.9944011946241156 -0.9999990463256836
    endloop
  endfacet
  facet normal 0 0 1
    outer loop
      vertex 2.111445426940918 0.8458986282348633 -0.9999990463256836
      vertex 7.373362703603247 0.9944011946241156 -0.9999990463256836
      vertex 2.33005428314209 1.3736648559570312 -0.9999990463256836
    endloop
  endfacet
  facet normal -0.8717947429987225 0.3611107372893012 -0.3310180682291657
    outer loop
      vertex 2.111445426940918 0.9958982467651367 -5.799999237060547
      vertex 2.111445426940918 3.1958980560302734 -3.399998664855957
      vertex 2.33005428314209 1.5236644744873047 -5.799999237060547
    endloop
  endfacet
  facet normal -0.9238789588312626 0.38268481734824833 0
    outer loop
      vertex 2.111445426940918 3.1958980560302734 -3.399998664855957
      vertex 2.111445426940918 3.1958980560302734 -1.7999992370605469
      vertex 2.33005428314209 3.7236642837524414 -1.7999992370605469
    endloop
  endfacet
  facet normal -0.8717947429987225 0.3611107372893012 -0.3310180682291657
    outer loop
      vertex 2.111445426940918 3.1958980560302734 -3.399998664855957
      vertex 2.33005428314209 3.7236642837524414 -3.399998664855957
      vertex 2.33005428314209 1.5236644744873047 -5.799999237060547
    endloop
  endfacet
  facet normal -0.9238789588312626 0.38268481734824833 0
    outer loop
      vertex 2.111445426940918 3.1958980560302734 -3.399998664855957
      vertex 2.33005428314209 3.7236642837524414 -1.7999992370605469
      vertex 2.33005428314209 3.7236642837524414 -3.399998664855957
    endloop
  endfacet
  facet normal 0 0 1
    outer loop
      vertex 2.111445426940918 3.1958980560302734 -1.7999992370605469
      vertex 3.051358222961426 2.2525768280029297 -1.7999992370605469
      vertex 3.5263357162475586 2.5699462890625 -1.7999992370605469
    endloop
  endfacet
  facet normal 0 0 1
    outer loop
      vertex 2.111445426940918 3.1958980560302734 -1.7999992370605469
      vertex 3.5263357162475586 2.5699462890625 -1.7999992370605469
      vertex 2.33005428314209 3.7236642837524414 -1.7999992370605469
    endloop
  endfacet
  facet normal -0.7409210032284306 -0.4950670353988083 -0.4538113015741356
    outer loop
      vertex 2.33005428314209 -3.7236642837524414 -3.399998664855957
      vertex 2.33005428314209 -1.5236644744873047 -5.799999237060547
      vertex 2.64742374420166 -4.198641777038574 -3.399998664855957
    endloop
  endfacet
  facet normal -0.8314698981159481 -0.5555698052693784 0
    outer loop
      vertex 2.33005428314209 -3.7236642837524414 -3.399998664855957
      vertex 2.64742374420166 -4.198641777038574 -3.399998664855957
      vertex 2.33005428314209 -3.7236642837524414 -1.7999992370605469
    endloop
  endfacet
  facet normal -0.8314698981159481 -0.5555698052693784 0
    outer loop
      vertex 2.33005428314209 -3.7236642837524414 -1.7999992370605469
      vertex 2.64742374420166 -4.198641777038574 -3.399998664855957
      vertex 2.64742374420166 -4.198641777038574 -1.7999992370605469
    endloop
  endfacet
  facet normal 0 0 1
    outer loop
      vertex 2.33005428314209 -3.7236642837524414 -1.7999992370605469
      vertex 2.64742374420166 -4.198641777038574 -1.7999992370605469
      vertex 3.5263357162475586 -2.5699462890625 -1.7999992370605469
    endloop
  endfacet
  facet normal 0 0 -1
    outer loop
      vertex 2.33005428314209 -1.5236644744873047 -5.799999237060547
      vertex 2.33005428314209 1.5236644744873047 -5.799999237060547
      vertex 2.64742374420166 -1.9986419677734375 -5.799999237060547
    endloop
  endfacet
  facet normal -0.7409210032284306 -0.4950670353988083 -0.4538113015741356
    outer loop
      vertex 2.33005428314209 -1.5236644744873047 -5.799999237060547
      vertex 2.64742374420166 -1.9986419677734375 -5.799999237060547
      vertex 2.64742374420166 -4.198641777038574 -3.399998664855957
    endloop
  endfacet
  facet normal -0.8314693828258949 -0.555570576455526 0
    outer loop
      vertex 2.33005428314209 -1.3736648559570312 -1.7999992370605469
      vertex 2.64742374420166 -1.8486413955688477 -1.7999992370605469
      vertex 2.64742374420166 -1.8486413955688477 -0.9999990463256836
    endloop
  endfacet
  facet normal -0.8314693828258949 -0.555570576455526 0
    outer loop
      vertex 2.33005428314209 -1.3736648559570312 -1.7999992370605469
      vertex 2.64742374420166 -1.8486413955688477 -0.9999990463256836
      vertex 2.33005428314209 -1.3736648559570312 -0.9999990463256836
    endloop
  endfacet
  facet normal 0 0 1
    outer loop
      vertex 2.33005428314209 -1.3736648559570312 -0.9999990463256836
      vertex 2.64742374420166 -1.8486413955688477 -0.9999990463256836
      vertex 21.522077892390115 -0.20948174845533185 -0.9999990463256836
    endloop
  endfacet
  facet normal 0 0 1
    outer loop
      vertex 2.33005428314209 -1.3736648559570312 -0.9999990463256836
      vertex 6.7171695913572265 -0.6283633803925279 -0.9999990463256836
      vertex 6.700617257741129 -0.6035907741870616 -0.9999990463256836
    endloop
  endfacet
  facet normal 0 0 1
    outer loop
      vertex 2.33005428314209 -1.3736648559570312 -0.9999990463256836
      vertex 6.723249435424805 -0.6374626159667969 -0.9999990463256836
      vertex 6.7171695913572265 -0.6283633803925279 -0.9999990463256836
    endloop
  endfacet
  facet normal 0 0 1
    outer loop
      vertex 2.33005428314209 -1.3736648559570312 -0.9999990463256836
      vertex 6.8547991502140775 -0.7690123307560697 -0.9999990463256836
      vertex 6.723249435424805 -0.6374626159667969 -0.9999990463256836
    endloop
  endfacet
  facet normal 0 0 1
    outer loop
      vertex 2.33005428314209 -1.3736648559570312 -0.9999990463256836
      vertex 6.862537384033203 -0.7767505645751953 -0.9999990463256836
      vertex 6.8547991502140775 -0.7690123307560697 -0.9999990463256836
    endloop
  endfacet
  facet normal 0 0 1
    outer loop
      vertex 2.33005428314209 -1.3736648559570312 -0.9999990463256836
      vertex 7.017224082907177 -0.880107709338183 -0.9999990463256836
      vertex 6.862537384033203 -0.7767505645751953 -0.9999990463256836
    endloop
  endfacet
  facet normal 0 0 1
    outer loop
      vertex 2.33005428314209 -1.3736648559570312 -0.9999990463256836
      vertex 7.026323318481445 -0.8861875534057617 -0.9999990463256836
      vertex 7.017224082907177 -0.880107709338183 -0.9999990463256836
    endloop
  endfacet
  facet normal 0 0 1
    outer loop
      vertex 2.33005428314209 -1.3736648559570312 -0.9999990463256836
      vertex 7.198200630802965 -0.9573818764356226 -0.9999990463256836
      vertex 7.026323318481445 -0.8861875534057617 -0.9999990463256836
    endloop
  endfacet
  facet normal 0 0 1
    outer loop
      vertex 2.33005428314209 -1.3736648559570312 -0.9999990463256836
      vertex 7.208311080932617 -0.9615697860717773 -0.9999990463256836
      vertex 7.198200630802965 -0.9573818764356226 -0.9999990463256836
    endloop
  endfacet
  facet normal 0 0 1
    outer loop
      vertex 2.33005428314209 -1.3736648559570312 -0.9999990463256836
      vertex 7.390776031369819 -0.9978649841277247 -0.9999990463256836
      vertex 7.208311080932617 -0.9615697860717773 -0.9999990463256836
    endloop
  endfacet
  facet normal 0 0 1
    outer loop
      vertex 2.33005428314209 -1.3736648559570312 -0.9999990463256836
      vertex 7.4015092849731445 -1 -0.9999990463256836
      vertex 7.390776031369819 -0.9978649841277247 -0.9999990463256836
    endloop
  endfacet
  facet normal 0 0 1
    outer loop
      vertex 2.33005428314209 -1.3736648559570312 -0.9999990463256836
      vertex 7.4124527181919575 -1 -0.9999990463256836
      vertex 7.4015092849731445 -1 -0.9999990463256836
    endloop
  endfacet
  facet normal 0 0 1
    outer loop
      vertex 2.33005428314209 -1.3736648559570312 -0.9999990463256836
      vertex 7.5984907150268555 -1 -0.9999990463256836
      vertex 7.4124527181919575 -1 -0.9999990463256836
    endloop
  endfacet
  facet normal 0 0 1
    outer loop
      vertex 2.33005428314209 -1.3736648559570312 -0.9999990463256836
      vertex 21.522077892390115 -0.20948174845533185 -0.9999990463256836
      vertex 7.5984907150268555 -1 -0.9999990463256836
    endloop
  endfacet
  facet normal -0.8314693828258949 0.555570576455526 0
    outer loop
      vertex 2.33005428314209 1.3736648559570312 -1.7999992370605469
      vertex 2.33005428314209 1.3736648559570312 -0.9999990463256836
      vertex 2.64742374420166 1.8486413955688477 -0.9999990463256836
    endloop
  endfacet
  facet normal -0.8314693828258949 0.555570576455526 0
    outer loop
      vertex 2.33005428314209 1.3736648559570312 -1.7999992370605469
      vertex 2.64742374420166 1.8486413955688477 -0.9999990463256836
      vertex 2.64742374420166 1.8486413955688477 -1.7999992370605469
    endloop
  endfacet
  facet normal 0 0 1
    outer loop
      vertex 2.33005428314209 1.3736648559570312 -0.9999990463256836
      vertex 7.373362703603247 0.9944011946241156 -0.9999990463256836
      vertex 7.4015092849731445 1 -0.9999990463256836
    endloop
  endfacet
  facet normal 0 0 1
    outer loop
      vertex 2.33005428314209 1.3736648559570312 -0.9999990463256836
      vertex 7.4015092849731445 1 -0.9999990463256836
      vertex 7.571746148767517 1 -0.9999990463256836
    endloop
  endfacet
  facet normal 0 0 1
    outer loop
      vertex 2.33005428314209 1.3736648559570312 -0.9999990463256836
      vertex 7.571746148767517 1 -0.9999990463256836
      vertex 70.94589805603027 2.7885541915893555 -0.9999990463256836
    endloop
  endfacet
  facet normal 0 0 1
    outer loop
      vertex 2.33005428314209 1.3736648559570312 -0.9999990463256836
      vertex 70.94589805603027 2.7885541915893555 -0.9999990463256836
      vertex 2.64742374420166 1.8486413955688477 -0.9999990463256836
    endloop
  endfacet
  facet normal -0.7409210032284306 0.4950670353988083 -0.4538113015741356
    outer loop
      vertex 2.33005428314209 1.5236644744873047 -5.799999237060547
      vertex 2.33005428314209 3.7236642837524414 -3.399998664855957
      vertex 2.64742374420166 4.198641777038574 -3.399998664855957
    endloop
  endfacet
  facet normal 0 0 -1
    outer loop
      vertex 2.33005428314209 1.5236644744873047 -5.799999237060547
      vertex 2.64742374420166 1.9986419677734375 -5.799999237060547
      vertex 3.051358222961426 2.402576446533203 -5.799999237060547
    endloop
  endfacet
  facet normal -0.7409210032284306 0.4950670353988083 -0.4538113015741356
    outer loop
      vertex 2.33005428314209 1.5236644744873047 -5.799999237060547
      vertex 2.64742374420166 4.198641777038574 -3.399998664855957
      vertex 2.64742374420166 1.9986419677734375 -5.799999237060547
    endloop
  endfacet
  facet normal 0 0 -1
    outer loop
      vertex 2.33005428314209 1.5236644744873047 -5.799999237060547
      vertex 3.051358222961426 -2.402576446533203 -5.799999237060547
      vertex 2.64742374420166 -1.9986419677734375 -5.799999237060547
    endloop
  endfacet
  facet normal 0 0 -1
    outer loop
      vertex 2.33005428314209 1.5236644744873047 -5.799999237060547
      vertex 3.051358222961426 2.402576446533203 -5.799999237060547
      vertex 3.5263357162475586 2.7199459075927734 -5.799999237060547
    endloop
  endfacet
  facet normal 0 0 -1
    outer loop
      vertex 2.33005428314209 1.5236644744873047 -5.799999237060547
      vertex 3.5263357162475586 -2.7199459075927734 -5.799999237060547
      vertex 3.051358222961426 -2.402576446533203 -5.799999237060547
    endloop
  endfacet
  facet normal 0 0 -1
    outer loop
      vertex 2.33005428314209 1.5236644744873047 -5.799999237060547
      vertex 3.5263357162475586 2.7199459075927734 -5.799999237060547
      vertex 4.054101943969727 2.938553810119629 -5.799999237060547
    endloop
  endfacet
  facet normal 0 0 -1
    outer loop
      vertex 2.33005428314209 1.5236644744873047 -5.799999237060547
      vertex 4.054101943969727 -2.938553810119629 -5.799999237060547
      vertex 3.5263357162475586 -2.7199459075927734 -5.799999237060547
    endloop
  endfacet
  facet normal 0 0 -1
    outer loop
      vertex 2.33005428314209 1.5236644744873047 -5.799999237060547
      vertex 4.054101943969727 2.938553810119629 -5.799999237060547
      vertex 4.614375114440918 3.049999237060547 -5.799999237060547
    endloop
  endfacet
  facet normal 0 0 -1
    outer loop
      vertex 2.33005428314209 1.5236644744873047 -5.799999237060547
      vertex 4.614375114440918 -3.049999237060547 -5.799999237060547
      vertex 4.054101943969727 -2.938553810119629 -5.799999237060547
    endloop
  endfacet
  facet normal 0 0 -1
    outer loop
      vertex 2.33005428314209 1.5236644744873047 -5.799999237060547
      vertex 4.614375114440918 3.049999237060547 -5.799999237060547
      vertex 5.976910953551638 1.605455341287715 -5.799999237060547
    endloop
  endfacet
  facet normal 0 0 -1
    outer loop
      vertex 2.33005428314209 1.5236644744873047 -5.799999237060547
      vertex 5.050000190734863 0 -5.799999237060547
      vertex 4.614375114440918 -3.049999237060547 -5.799999237060547
    endloop
  endfacet
  facet normal 0 0 -1
    outer loop
      vertex 2.33005428314209 1.5236644744873047 -5.799999237060547
      vertex 5.32766688156126 0.48093245840650833 -5.799999237060547
      vertex 5.050000190734863 0 -5.799999237060547
    endloop
  endfacet
  facet normal 0 0 -1
    outer loop
      vertex 2.33005428314209 1.5236644744873047 -5.799999237060547
      vertex 5.795237204639571 1.290787411792226 -5.799999237060547
      vertex 5.32766688156126 0.48093245840650833 -5.799999237060547
    endloop
  endfacet
  facet normal 0 0 -1
    outer loop
      vertex 2.33005428314209 1.5236644744873047 -5.799999237060547
      vertex 5.799427139448211 1.2980445863639565 -5.799999237060547
      vertex 5.795237204639571 1.290787411792226 -5.799999237060547
    endloop
  endfacet
  facet normal 0 0 -1
    outer loop
      vertex 2.33005428314209 1.5236644744873047 -5.799999237060547
      vertex 5.806503592871442 1.3103013541149036 -5.799999237060547
      vertex 5.799427139448211 1.2980445863639565 -5.799999237060547
    endloop
  endfacet
  facet normal 0 0 -1
    outer loop
      vertex 2.33005428314209 1.5236644744873047 -5.799999237060547
      vertex 5.816178883261523 1.3270594361853547 -5.799999237060547
      vertex 5.806503592871442 1.3103013541149036 -5.799999237060547
    endloop
  endfacet
  facet normal 0 0 -1
    outer loop
      vertex 2.33005428314209 1.5236644744873047 -5.799999237060547
      vertex 5.828098149922466 1.347704196277351 -5.799999237060547
      vertex 5.816178883261523 1.3270594361853547 -5.799999237060547
    endloop
  endfacet
  facet normal 0 0 -1
    outer loop
      vertex 2.33005428314209 1.5236644744873047 -5.799999237060547
      vertex 5.841850098556824 1.3715232523006629 -5.799999237060547
      vertex 5.828098149922466 1.347704196277351 -5.799999237060547
    endloop
  endfacet
  facet normal 0 0 -1
    outer loop
      vertex 2.33005428314209 1.5236644744873047 -5.799999237060547
      vertex 5.856976057926893 1.3977221629584533 -5.799999237060547
      vertex 5.841850098556824 1.3715232523006629 -5.799999237060547
    endloop
  endfacet
  facet normal 0 0 -1
    outer loop
      vertex 2.33005428314209 1.5236644744873047 -5.799999237060547
      vertex 5.872978217386413 1.4254386955600928 -5.799999237060547
      vertex 5.856976057926893 1.3977221629584533 -5.799999237060547
    endloop
  endfacet
  facet normal 0 0 -1
    outer loop
      vertex 2.33005428314209 1.5236644744873047 -5.799999237060547
      vertex 5.897973918431989 1.4687324875438028 -5.799999237060547
      vertex 5.872978217386413 1.4254386955600928 -5.799999237060547
    endloop
  endfacet
  facet normal 0 0 -1
    outer loop
      vertex 2.33005428314209 1.5236644744873047 -5.799999237060547
      vertex 5.914210794281088 1.4968555605552156 -5.799999237060547
      vertex 5.897973918431989 1.4687324875438028 -5.799999237060547
    endloop
  endfacet
  facet normal 0 0 -1
    outer loop
      vertex 2.33005428314209 1.5236644744873047 -5.799999237060547
      vertex 5.929688939467704 1.5236644744873047 -5.799999237060547
      vertex 5.914210794281088 1.4968555605552156 -5.799999237060547
    endloop
  endfacet
  facet normal 0 0 -1
    outer loop
      vertex 2.33005428314209 1.5236644744873047 -5.799999237060547
      vertex 5.94384158291756 1.5481775537732365 -5.799999237060547
      vertex 5.929688939467704 1.5236644744873047 -5.799999237060547
    endloop
  endfacet
  facet normal 0 0 -1
    outer loop
      vertex 2.33005428314209 1.5236644744873047 -5.799999237060547
      vertex 5.956118832118779 1.5694423573520817 -5.799999237060547
      vertex 5.94384158291756 1.5481775537732365 -5.799999237060547
    endloop
  endfacet
  facet normal 0 0 -1
    outer loop
      vertex 2.33005428314209 1.5236644744873047 -5.799999237060547
      vertex 5.966008401056476 1.5865715804779517 -5.799999237060547
      vertex 5.956118832118779 1.5694423573520817 -5.799999237060547
    endloop
  endfacet
  facet normal 0 0 -1
    outer loop
      vertex 2.33005428314209 1.5236644744873047 -5.799999237060547
      vertex 5.973059754553043 1.598784873912987 -5.799999237060547
      vertex 5.966008401056476 1.5865715804779517 -5.799999237060547
    endloop
  endfacet
  facet normal 0 0 -1
    outer loop
      vertex 2.33005428314209 1.5236644744873047 -5.799999237060547
      vertex 5.976910953551638 1.605455341287715 -5.799999237060547
      vertex 5.973059754553043 1.598784873912987 -5.799999237060547
    endloop
  endfacet
  facet normal -0.8314698981159481 0.5555698052693784 0
    outer loop
      vertex 2.33005428314209 3.7236642837524414 -3.399998664855957
      vertex 2.33005428314209 3.7236642837524414 -1.7999992370605469
      vertex 2.64742374420166 4.198641777038574 -3.399998664855957
    endloop
  endfacet
  facet normal -0.8314698981159481 0.5555698052693784 0
    outer loop
      vertex 2.33005428314209 3.7236642837524414 -1.7999992370605469
      vertex 2.64742374420166 4.198641777038574 -1.7999992370605469
      vertex 2.64742374420166 4.198641777038574 -3.399998664855957
    endloop
  endfacet
  facet normal 0 0 1
    outer loop
      vertex 2.33005428314209 3.7236642837524414 -1.7999992370605469
      vertex 3.5263357162475586 2.5699462890625 -1.7999992370605469
      vertex 2.64742374420166 4.198641777038574 -1.7999992370605469
    endloop
  endfacet
  facet normal -0.5933618687926001 -0.5933618687926001 -0.5439148695576418
    outer loop
      vertex 2.64742374420166 -4.198641777038574 -3.399998664855957
      vertex 2.64742374420166 -1.9986419677734375 -5.799999237060547
      vertex 3.051358222961426 -4.60257625579834 -3.399998664855957
    endloop
  endfacet
  facet normal -0.7071067811865476 -0.7071067811865476 0
    outer loop
      vertex 2.64742374420166 -4.198641777038574 -3.399998664855957
      vertex 3.051358222961426 -4.60257625579834 -3.399998664855957
      vertex 3.051358222961426 -4.60257625579834 -1.7999992370605469
    endloop
  endfacet
  facet normal -0.7071067811865476 -0.7071067811865476 0
    outer loop
      vertex 2.64742374420166 -4.198641777038574 -3.399998664855957
      vertex 3.051358222961426 -4.60257625579834 -1.7999992370605469
      vertex 2.64742374420166 -4.198641777038574 -1.7999992370605469
    endloop
  endfacet
  facet normal 0 0 1
    outer loop
      vertex 2.64742374420166 -4.198641777038574 -1.7999992370605469
      vertex 3.051358222961426 -4.60257625579834 -1.7999992370605469
      vertex 4.054101943969727 -2.7885541915893555 -1.7999992370605469
    endloop
  endfacet
  facet normal 0 0 1
    outer loop
      vertex 2.64742374420166 -4.198641777038574 -1.7999992370605469
      vertex 4.054101943969727 -2.7885541915893555 -1.7999992370605469
      vertex 3.5263357162475586 -2.5699462890625 -1.7999992370605469
    endloop
  endfacet
  facet normal -0.5933618687926001 -0.5933618687926001 -0.5439148695576418
    outer loop
      vertex 2.64742374420166 -1.9986419677734375 -5.799999237060547
      vertex 3.051358222961426 -2.402576446533203 -5.799999237060547
      vertex 3.051358222961426 -4.60257625579834 -3.399998664855957
    endloop
  endfacet
  facet normal -0.7071076159115061 -0.7071059464606035 0
    outer loop
      vertex 2.64742374420166 -1.8486413955688477 -1.7999992370605469
      vertex 3.051358222961426 -2.2525768280029297 -1.7999992370605469
      vertex 3.051358222961426 -2.2525768280029297 -0.9999990463256836
    endloop
  endfacet
  facet normal -0.7071076159115061 -0.7071059464606035 0
    outer loop
      vertex 2.64742374420166 -1.8486413955688477 -1.7999992370605469
      vertex 3.051358222961426 -2.2525768280029297 -0.9999990463256836
      vertex 2.64742374420166 -1.8486413955688477 -0.9999990463256836
    endloop
  endfacet
  facet normal 0 0 1
    outer loop
      vertex 2.64742374420166 -1.8486413955688477 -0.9999990463256836
      vertex 3.051358222961426 -2.2525768280029297 -0.9999990463256836
      vertex 21.66956256213564 -0.5571135968350298 -0.9999990463256836
    endloop
  endfacet
  facet normal 0 0 1
    outer loop
      vertex 2.64742374420166 -1.8486413955688477 -0.9999990463256836
      vertex 21.536295198055946 -0.2809556654640586 -0.9999990463256836
      vertex 21.522077892390115 -0.20948174845533185 -0.9999990463256836
    endloop
  endfacet
  facet normal 0 0 1
    outer loop
      vertex 2.64742374420166 -1.8486413955688477 -0.9999990463256836
      vertex 21.538430213928223 -0.2916889190673828 -0.9999990463256836
      vertex 21.536295198055946 -0.2809556654640586 -0.9999990463256836
    endloop
  endfacet
  facet normal 0 0 1
    outer loop
      vertex 2.64742374420166 -1.8486413955688477 -0.9999990463256836
      vertex 21.60962453695808 -0.4635662313889033 -0.9999990463256836
      vertex 21.538430213928223 -0.2916889190673828 -0.9999990463256836
    endloop
  endfacet
  facet normal 0 0 1
    outer loop
      vertex 2.64742374420166 -1.8486413955688477 -0.9999990463256836
      vertex 21.61381244659424 -0.4736766815185547 -0.9999990463256836
      vertex 21.60962453695808 -0.4635662313889033 -0.9999990463256836
    endloop
  endfacet
  facet normal 0 0 1
    outer loop
      vertex 2.64742374420166 -1.8486413955688477 -0.9999990463256836
      vertex 21.66956256213564 -0.5571135968350298 -0.9999990463256836
      vertex 21.61381244659424 -0.4736766815185547 -0.9999990463256836
    endloop
  endfacet
  facet normal -0.7071076159115061 0.7071059464606035 0
    outer loop
      vertex 2.64742374420166 1.8486413955688477 -1.7999992370605469
      vertex 2.64742374420166 1.8486413955688477 -0.9999990463256836
      vertex 3.051358222961426 2.2525768280029297 -0.9999990463256836
    endloop
  endfacet
  facet normal -0.7071076159115061 0.7071059464606035 0
    outer loop
      vertex 2.64742374420166 1.8486413955688477 -1.7999992370605469
      vertex 3.051358222961426 2.2525768280029297 -0.9999990463256836
      vertex 3.051358222961426 2.2525768280029297 -1.7999992370605469
    endloop
  endfacet
  facet normal 0 0 1
    outer loop
      vertex 2.64742374420166 1.8486413955688477 -0.9999990463256836
      vertex 70.94589805603027 2.7885541915893555 -0.9999990463256836
      vertex 3.051358222961426 2.2525768280029297 -0.9999990463256836
    endloop
  endfacet
  facet normal -0.5933618687926001 0.5933618687926001 -0.5439148695576418
    outer loop
      vertex 2.64742374420166 1.9986419677734375 -5.799999237060547
      vertex 2.64742374420166 4.198641777038574 -3.399998664855957
      vertex 3.051358222961426 2.402576446533203 -5.799999237060547
    endloop
  endfacet
  facet normal -0.7071067811865476 0.7071067811865476 0
    outer loop
      vertex 2.64742374420166 4.198641777038574 -3.399998664855957
      vertex 2.64742374420166 4.198641777038574 -1.7999992370605469
      vertex 3.051358222961426 4.60257625579834 -1.7999992370605469
    endloop
  endfacet
  facet normal -0.5933618687926001 0.5933618687926001 -0.5439148695576418
    outer loop
      vertex 2.64742374420166 4.198641777038574 -3.399998664855957
      vertex 3.051358222961426 4.60257625579834 -3.399998664855957
      vertex 3.051358222961426 2.402576446533203 -5.799999237060547
    endloop
  endfacet
  facet normal -0.7071067811865476 0.7071067811865476 0
    outer loop
      vertex 2.64742374420166 4.198641777038574 -3.399998664855957
      vertex 3.051358222961426 4.60257625579834 -1.7999992370605469
      vertex 3.051358222961426 4.60257625579834 -3.399998664855957
    endloop
  endfacet
  facet normal 0 0 1
    outer loop
      vertex 2.64742374420166 4.198641777038574 -1.7999992370605469
      vertex 3.5263357162475586 2.5699462890625 -1.7999992370605469
      vertex 4.054101943969727 2.7885541915893555 -1.7999992370605469
    endloop
  endfacet
  facet normal 0 0 1
    outer loop
      vertex 2.64742374420166 4.198641777038574 -1.7999992370605469
      vertex 4.054101943969727 2.7885541915893555 -1.7999992370605469
      vertex 3.051358222961426 4.60257625579834 -1.7999992370605469
    endloop
  endfacet
  facet normal -0.4418591070918572 -0.6612896224213143 -0.6061819568065865
    outer loop
      vertex 3.051358222961426 -4.60257625579834 -3.399998664855957
      vertex 3.051358222961426 -2.402576446533203 -5.799999237060547
      vertex 3.5263357162475586 -2.7199459075927734 -5.799999237060547
    endloop
  endfacet
  facet normal -0.5555698052693784 -0.8314698981159481 0
    outer loop
      vertex 3.051358222961426 -4.60257625579834 -3.399998664855957
      vertex 3.5263357162475586 -4.91994571685791 -3.399998664855957
      vertex 3.051358222961426 -4.60257625579834 -1.7999992370605469
    endloop
  endfacet
  facet normal -0.4418591070918572 -0.6612896224213143 -0.6061819568065865
    outer loop
      vertex 3.051358222961426 -4.60257625579834 -3.399998664855957
      vertex 3.5263357162475586 -2.7199459075927734 -5.799999237060547
      vertex 3.5263357162475586 -4.91994571685791 -3.399998664855957
    endloop
  endfacet
  facet normal -0.5555698052693784 -0.8314698981159481 0
    outer loop
      vertex 3.051358222961426 -4.60257625579834 -1.7999992370605469
      vertex 3.5263357162475586 -4.91994571685791 -3.399998664855957
      vertex 3.5263357162475586 -4.91994571685791 -1.7999992370605469
    endloop
  endfacet
  facet normal 0 0 1
    outer loop
      vertex 3.051358222961426 -4.60257625579834 -1.7999992370605469
      vertex 3.5263357162475586 -4.91994571685791 -1.7999992370605469
      vertex 4.054101943969727 -2.7885541915893555 -1.7999992370605469
    endloop
  endfacet
  facet normal -0.5555698052693783 -0.831469898115948 0
    outer loop
      vertex 3.051358222961426 -2.2525768280029297 -1.7999992370605469
      vertex 3.5263357162475586 -2.5699462890625 -1.7999992370605469
      vertex 3.5263357162475586 -2.5699462890625 -0.9999990463256836
    endloop
  endfacet
  facet normal -0.5555698052693783 -0.831469898115948 0
    outer loop
      vertex 3.051358222961426 -2.2525768280029297 -1.7999992370605469
      vertex 3.5263357162475586 -2.5699462890625 -0.9999990463256836
      vertex 3.051358222961426 -2.2525768280029297 -0.9999990463256836
    endloop
  endfacet
  facet normal 0 0 1
    outer loop
      vertex 3.051358222961426 -2.2525768280029297 -0.9999990463256836
      vertex 3.5263357162475586 -2.5699462890625 -0.9999990463256836
      vertex 21.969090095371293 -0.8479459814457302 -0.9999990463256836
    endloop
  endfacet
  facet normal 0 0 1
    outer loop
      vertex 3.051358222961426 -2.2525768280029297 -0.9999990463256836
      vertex 21.717169591357226 -0.6283633803925279 -0.9999990463256836
      vertex 21.66956256213564 -0.5571135968350298 -0.9999990463256836
    endloop
  endfacet
  facet normal 0 0 1
    outer loop
      vertex 3.051358222961426 -2.2525768280029297 -0.9999990463256836
      vertex 21.723249435424805 -0.6374626159667969 -0.9999990463256836
      vertex 21.717169591357226 -0.6283633803925279 -0.9999990463256836
    endloop
  endfacet
  facet normal 0 0 1
    outer loop
      vertex 3.051358222961426 -2.2525768280029297 -0.9999990463256836
      vertex 21.854799150214077 -0.7690123307560697 -0.9999990463256836
      vertex 21.723249435424805 -0.6374626159667969 -0.9999990463256836
    endloop
  endfacet
  facet normal 0 0 1
    outer loop
      vertex 3.051358222961426 -2.2525768280029297 -0.9999990463256836
      vertex 21.862537384033203 -0.7767505645751953 -0.9999990463256836
      vertex 21.854799150214077 -0.7690123307560697 -0.9999990463256836
    endloop
  endfacet
  facet normal 0 0 1
    outer loop
      vertex 3.051358222961426 -2.2525768280029297 -0.9999990463256836
      vertex 21.969090095371293 -0.8479459814457302 -0.9999990463256836
      vertex 21.862537384033203 -0.7767505645751953 -0.9999990463256836
    endloop
  endfacet
  facet normal -0.5555698052693783 0.831469898115948 0
    outer loop
      vertex 3.051358222961426 2.2525768280029297 -1.7999992370605469
      vertex 3.051358222961426 2.2525768280029297 -0.9999990463256836
      vertex 3.5263357162475586 2.5699462890625 -0.9999990463256836
    endloop
  endfacet
  facet normal -0.5555698052693783 0.831469898115948 0
    outer loop
      vertex 3.051358222961426 2.2525768280029297 -1.7999992370605469
      vertex 3.5263357162475586 2.5699462890625 -0.9999990463256836
      vertex 3.5263357162475586 2.5699462890625 -1.7999992370605469
    endloop
  endfacet
  facet normal 0 0 1
    outer loop
      vertex 3.051358222961426 2.2525768280029297 -0.9999990463256836
      vertex 70.94589805603027 2.7885541915893555 -0.9999990463256836
      vertex 3.5263357162475586 2.5699462890625 -0.9999990463256836
    endloop
  endfacet
  facet normal -0.4418591070918572 0.6612896224213143 -0.6061819568065865
    outer loop
      vertex 3.051358222961426 2.402576446533203 -5.799999237060547
      vertex 3.051358222961426 4.60257625579834 -3.399998664855957
      vertex 3.5263357162475586 4.91994571685791 -3.399998664855957
    endloop
  endfacet
  facet normal -0.4418591070918572 0.6612896224213143 -0.6061819568065865
    outer loop
      vertex 3.051358222961426 2.402576446533203 -5.799999237060547
      vertex 3.5263357162475586 4.91994571685791 -3.399998664855957
      vertex 3.5263357162475586 2.7199459075927734 -5.799999237060547
    endloop
  endfacet
  facet normal -0.5555698052693784 0.8314698981159481 0
    outer loop
      vertex 3.051358222961426 4.60257625579834 -3.399998664855957
      vertex 3.051358222961426 4.60257625579834 -1.7999992370605469
      vertex 3.5263357162475586 4.91994571685791 -1.7999992370605469
    endloop
  endfacet
  facet normal -0.5555698052693784 0.8314698981159481 0
    outer loop
      vertex 3.051358222961426 4.60257625579834 -3.399998664855957
      vertex 3.5263357162475586 4.91994571685791 -1.7999992370605469
      vertex 3.5263357162475586 4.91994571685791 -3.399998664855957
    endloop
  endfacet
  facet normal 0 0 1
    outer loop
      vertex 3.051358222961426 4.60257625579834 -1.7999992370605469
      vertex 4.054101943969727 2.7885541915893555 -1.7999992370605469
      vertex 3.5263357162475586 4.91994571685791 -1.7999992370605469
    endloop
  endfacet
  facet normal -0.29203048442778035 -0.705020966783233 -0.6462690094387256
    outer loop
      vertex 3.5263357162475586 -4.91994571685791 -3.399998664855957
      vertex 3.5263357162475586 -2.7199459075927734 -5.799999237060547
      vertex 4.054101943969727 -5.138554573059082 -3.399998664855957
    endloop
  endfacet
  facet normal -0.38268481734824833 -0.9238789588312626 0
    outer loop
      vertex 3.5263357162475586 -4.91994571685791 -3.399998664855957
      vertex 4.054101943969727 -5.138554573059082 -3.399998664855957
      vertex 4.054101943969727 -5.138554573059082 -1.7999992370605469
    endloop
  endfacet
  facet normal -0.38268481734824833 -0.9238789588312626 0
    outer loop
      vertex 3.5263357162475586 -4.91994571685791 -3.399998664855957
      vertex 4.054101943969727 -5.138554573059082 -1.7999992370605469
      vertex 3.5263357162475586 -4.91994571685791 -1.7999992370605469
    endloop
  endfacet
  facet normal 0 0 1
    outer loop
      vertex 3.5263357162475586 -4.91994571685791 -1.7999992370605469
      vertex 4.054101943969727 -5.138554573059082 -1.7999992370605469
      vertex 4.614375114440918 -2.8999996185302734 -1.7999992370605469
    endloop
  endfacet
  facet normal 0 0 1
    outer loop
      vertex 3.5263357162475586 -4.91994571685791 -1.7999992370605469
      vertex 4.614375114440918 -2.8999996185302734 -1.7999992370605469
      vertex 4.054101943969727 -2.7885541915893555 -1.7999992370605469
    endloop
  endfacet
  facet normal -0.2920292662274176 -0.7050211014324298 -0.6462694130172645
    outer loop
      vertex 3.5263357162475586 -2.7199459075927734 -5.799999237060547
      vertex 4.054101943969727 -2.938553810119629 -5.799999237060547
      vertex 4.054101943969727 -5.138554573059082 -3.399998664855957
    endloop
  endfacet
  facet normal -0.38268339238345017 -0.923879549072223 0
    outer loop
      vertex 3.5263357162475586 -2.5699462890625 -1.7999992370605469
      vertex 4.054101943969727 -2.7885541915893555 -1.7999992370605469
      vertex 4.054101943969727 -2.7885541915893555 -0.9999990463256836
    endloop
  endfacet
  facet normal -0.38268339238345017 -0.923879549072223 0
    outer loop
      vertex 3.5263357162475586 -2.5699462890625 -1.7999992370605469
      vertex 4.054101943969727 -2.7885541915893555 -0.9999990463256836
      vertex 3.5263357162475586 -2.5699462890625 -0.9999990463256836
    endloop
  endfacet
  facet normal 0 0 1
    outer loop
      vertex 3.5263357162475586 -2.5699462890625 -0.9999990463256836
      vertex 4.054101943969727 -2.7885541915893555 -0.9999990463256836
      vertex 36.5 0.0507974503117925 -0.9999990463256836
    endloop
  endfacet
  facet normal 0 0 1
    outer loop
      vertex 3.5263357162475586 -2.5699462890625 -0.9999990463256836
      vertex 22.017224082907177 -0.880107709338183 -0.9999990463256836
      vertex 21.969090095371293 -0.8479459814457302 -0.9999990463256836
    endloop
  endfacet
  facet normal 0 0 1
    outer loop
      vertex 3.5263357162475586 -2.5699462890625 -0.9999990463256836
      vertex 22.026323318481445 -0.8861875534057617 -0.9999990463256836
      vertex 22.017224082907177 -0.880107709338183 -0.9999990463256836
    endloop
  endfacet
  facet normal 0 0 1
    outer loop
      vertex 3.5263357162475586 -2.5699462890625 -0.9999990463256836
      vertex 22.198200630802965 -0.9573818764356226 -0.9999990463256836
      vertex 22.026323318481445 -0.8861875534057617 -0.9999990463256836
    endloop
  endfacet
  facet normal 0 0 1
    outer loop
      vertex 3.5263357162475586 -2.5699462890625 -0.9999990463256836
      vertex 22.208311080932617 -0.9615697860717773 -0.9999990463256836
      vertex 22.198200630802965 -0.9573818764356226 -0.9999990463256836
    endloop
  endfacet
  facet normal 0 0 1
    outer loop
      vertex 3.5263357162475586 -2.5699462890625 -0.9999990463256836
      vertex 22.390776031369818 -0.9978649841277247 -0.9999990463256836
      vertex 22.208311080932617 -0.9615697860717773 -0.9999990463256836
    endloop
  endfacet
  facet normal 0 0 1
    outer loop
      vertex 3.5263357162475586 -2.5699462890625 -0.9999990463256836
      vertex 22.401509284973145 -1 -0.9999990463256836
      vertex 22.390776031369818 -0.9978649841277247 -0.9999990463256836
    endloop
  endfacet
  facet normal 0 0 1
    outer loop
      vertex 3.5263357162475586 -2.5699462890625 -0.9999990463256836
      vertex 22.412452718191958 -1 -0.9999990463256836
      vertex 22.401509284973145 -1 -0.9999990463256836
    endloop
  endfacet
  facet normal 0 0 1
    outer loop
      vertex 3.5263357162475586 -2.5699462890625 -0.9999990463256836
      vertex 22.598490715026855 -1 -0.9999990463256836
      vertex 22.412452718191958 -1 -0.9999990463256836
    endloop
  endfacet
  facet normal 0 0 1
    outer loop
      vertex 3.5263357162475586 -2.5699462890625 -0.9999990463256836
      vertex 36.5 0.0507974503117925 -0.9999990463256836
      vertex 22.598490715026855 -1 -0.9999990463256836
    endloop
  endfacet
  facet normal -0.38268339238345017 0.923879549072223 0
    outer loop
      vertex 3.5263357162475586 2.5699462890625 -1.7999992370605469
      vertex 3.5263357162475586 2.5699462890625 -0.9999990463256836
      vertex 4.054101943969727 2.7885541915893555 -0.9999990463256836
    endloop
  endfacet
  facet normal -0.38268339238345017 0.923879549072223 0
    outer loop
      vertex 3.5263357162475586 2.5699462890625 -1.7999992370605469
      vertex 4.054101943969727 2.7885541915893555 -0.9999990463256836
      vertex 4.054101943969727 2.7885541915893555 -1.7999992370605469
    endloop
  endfacet
  facet normal 0 0 1
    outer loop
      vertex 3.5263357162475586 2.5699462890625 -0.9999990463256836
      vertex 70.94589805603027 2.7885541915893555 -0.9999990463256836
      vertex 4.054101943969727 2.7885541915893555 -0.9999990463256836
    endloop
  endfacet
  facet normal -0.29203048442778035 0.705020966783233 -0.6462690094387256
    outer loop
      vertex 3.5263357162475586 2.7199459075927734 -5.799999237060547
      vertex 3.5263357162475586 4.91994571685791 -3.399998664855957
      vertex 4.054101943969727 5.138554573059082 -3.399998664855957
    endloop
  endfacet
  facet normal -0.2920292662274176 0.7050211014324298 -0.6462694130172645
    outer loop
      vertex 3.5263357162475586 2.7199459075927734 -5.799999237060547
      vertex 4.054101943969727 5.138554573059082 -3.399998664855957
      vertex 4.054101943969727 2.938553810119629 -5.799999237060547
    endloop
  endfacet
  facet normal -0.38268481734824833 0.9238789588312626 0
    outer loop
      vertex 3.5263357162475586 4.91994571685791 -3.399998664855957
      vertex 3.5263357162475586 4.91994571685791 -1.7999992370605469
      vertex 4.054101943969727 5.138554573059082 -3.399998664855957
    endloop
  endfacet
  facet normal 0 0 1
    outer loop
      vertex 3.5263357162475586 4.91994571685791 -1.7999992370605469
      vertex 4.054101943969727 2.7885541915893555 -1.7999992370605469
      vertex 4.614375114440918 2.8999996185302734 -1.7999992370605469
    endloop
  endfacet
  facet normal -0.38268481734824833 0.9238789588312626 0
    outer loop
      vertex 3.5263357162475586 4.91994571685791 -1.7999992370605469
      vertex 4.054101943969727 5.138554573059082 -1.7999992370605469
      vertex 4.054101943969727 5.138554573059082 -3.399998664855957
    endloop
  endfacet
  facet normal 0 0 1
    outer loop
      vertex 3.5263357162475586 4.91994571685791 -1.7999992370605469
      vertex 4.614375114440918 2.8999996185302734 -1.7999992370605469
      vertex 4.054101943969727 5.138554573059082 -1.7999992370605469
    endloop
  endfacet
  facet normal -0.14507797901086783 -0.7293551785580549 -0.6685756527997936
    outer loop
      vertex 4.054101943969727 -5.138554573059082 -3.399998664855957
      vertex 4.054101943969727 -2.938553810119629 -5.799999237060547
      vertex 4.614375114440918 -3.049999237060547 -5.799999237060547
    endloop
  endfacet
  facet normal -0.19509059855515518 -0.9807852253961574 0
    outer loop
      vertex 4.054101943969727 -5.138554573059082 -3.399998664855957
      vertex 4.614375114440918 -5.25 -3.399998664855957
      vertex 4.054101943969727 -5.138554573059082 -1.7999992370605469
    endloop
  endfacet
  facet normal -0.14507797901086783 -0.7293551785580549 -0.6685756527997936
    outer loop
      vertex 4.054101943969727 -5.138554573059082 -3.399998664855957
      vertex 4.614375114440918 -3.049999237060547 -5.799999237060547
      vertex 4.614375114440918 -5.25 -3.399998664855957
    endloop
  endfacet
  facet normal -0.19509059855515518 -0.9807852253961574 0
    outer loop
      vertex 4.054101943969727 -5.138554573059082 -1.7999992370605469
      vertex 4.614375114440918 -5.25 -3.399998664855957
      vertex 4.614375114440918 -5.25 -1.7999992370605469
    endloop
  endfacet
  facet normal 0 0 1
    outer loop
      vertex 4.054101943969727 -5.138554573059082 -1.7999992370605469
      vertex 4.614375114440918 -5.25 -1.7999992370605469
      vertex 4.614375114440918 -2.8999996185302734 -1.7999992370605469
    endloop
  endfacet
  facet normal -0.19509059855515518 -0.9807852253961574 0
    outer loop
      vertex 4.054101943969727 -2.7885541915893555 -1.7999992370605469
      vertex 4.614375114440918 -2.8999996185302734 -1.7999992370605469
      vertex 4.614375114440918 -2.8999996185302734 -0.9999990463256836
    endloop
  endfacet
  facet normal -0.19509059855515518 -0.9807852253961574 0
    outer loop
      vertex 4.054101943969727 -2.7885541915893555 -1.7999992370605469
      vertex 4.614375114440918 -2.8999996185302734 -0.9999990463256836
      vertex 4.054101943969727 -2.7885541915893555 -0.9999990463256836
    endloop
  endfacet
  facet normal 0 0 1
    outer loop
      vertex 4.054101943969727 -2.7885541915893555 -0.9999990463256836
      vertex 4.614375114440918 -2.8999996185302734 -0.9999990463256836
      vertex 36.5 -0.08337507298855684 -0.9999990463256836
    endloop
  endfacet
  facet normal 0 0 1
    outer loop
      vertex 4.054101943969727 -2.7885541915893555 -0.9999990463256836
      vertex 36.5 -0.08337507298855684 -0.9999990463256836
      vertex 36.5 0.0507974503117925 -0.9999990463256836
    endloop
  endfacet
  facet normal -0.19509059855515518 0.9807852253961574 0
    outer loop
      vertex 4.054101943969727 2.7885541915893555 -1.7999992370605469
      vertex 4.054101943969727 2.7885541915893555 -0.9999990463256836
      vertex 4.614375114440918 2.8999996185302734 -0.9999990463256836
    endloop
  endfacet
  facet normal -0.19509059855515518 0.9807852253961574 0
    outer loop
      vertex 4.054101943969727 2.7885541915893555 -1.7999992370605469
      vertex 4.614375114440918 2.8999996185302734 -0.9999990463256836
      vertex 4.614375114440918 2.8999996185302734 -1.7999992370605469
    endloop
  endfacet
  facet normal 0 0 1
    outer loop
      vertex 4.054101943969727 2.7885541915893555 -0.9999990463256836
      vertex 70.94589805603027 2.7885541915893555 -0.9999990463256836
      vertex 4.614375114440918 2.8999996185302734 -0.9999990463256836
    endloop
  endfacet
  facet normal -0.14507797901086783 0.7293551785580549 -0.6685756527997936
    outer loop
      vertex 4.054101943969727 2.938553810119629 -5.799999237060547
      vertex 4.054101943969727 5.138554573059082 -3.399998664855957
      vertex 4.614375114440918 3.049999237060547 -5.799999237060547
    endloop
  endfacet
  facet normal -0.19509059855515518 0.9807852253961574 0
    outer loop
      vertex 4.054101943969727 5.138554573059082 -3.399998664855957
      vertex 4.054101943969727 5.138554573059082 -1.7999992370605469
      vertex 4.614375114440918 5.25 -1.7999992370605469
    endloop
  endfacet
  facet normal -0.14507797901086783 0.7293551785580549 -0.6685756527997936
    outer loop
      vertex 4.054101943969727 5.138554573059082 -3.399998664855957
      vertex 4.614375114440918 5.25 -3.399998664855957
      vertex 4.614375114440918 3.049999237060547 -5.799999237060547
    endloop
  endfacet
  facet normal -0.19509059855515518 0.9807852253961574 0
    outer loop
      vertex 4.054101943969727 5.138554573059082 -3.399998664855957
      vertex 4.614375114440918 5.25 -1.7999992370605469
      vertex 4.614375114440918 5.25 -3.399998664855957
    endloop
  endfacet
  facet normal 0 0 1
    outer loop
      vertex 4.054101943969727 5.138554573059082 -1.7999992370605469
      vertex 4.614375114440918 2.8999996185302734 -1.7999992370605469
      vertex 4.614375114440918 5.25 -1.7999992370605469
    endloop
  endfacet
  facet normal 0 -0.7371541037240779 -0.675724668310068
    outer loop
      vertex 4.614375114440918 -5.25 -3.399998664855957
      vertex 4.614375114440918 -3.049999237060547 -5.799999237060547
      vertex 70.38562488555908 -5.25 -3.399998664855957
    endloop
  endfacet
  facet normal 0 -1 0
    outer loop
      vertex 4.614375114440918 -5.25 -3.399998664855957
      vertex 70.38562488555908 -5.25 -3.399998664855957
      vertex 4.614375114440918 -5.25 -1.7999992370605469
    endloop
  endfacet
  facet normal 0 -1 0
    outer loop
      vertex 4.614375114440918 -5.25 -1.7999992370605469
      vertex 70.38562488555908 -5.25 -3.399998664855957
      vertex 70.38562488555908 -5.25 -1.7999992370605469
    endloop
  endfacet
  facet normal 0 0 1
    outer loop
      vertex 4.614375114440918 -5.25 -1.7999992370605469
      vertex 70.38562488555908 -5.25 -1.7999992370605469
      vertex 4.614375114440918 -2.8999996185302734 -1.7999992370605469
    endloop
  endfacet
  facet normal 0 0 -1
    outer loop
      vertex 4.614375114440918 -3.049999237060547 -5.799999237060547
      vertex 5.050000190734863 0 -5.799999237060547
      vertex 5.32766688156126 -0.48093245840650833 -5.799999237060547
    endloop
  endfacet
  facet normal 0 0 -1
    outer loop
      vertex 4.614375114440918 -3.049999237060547 -5.799999237060547
      vertex 5.32766688156126 -0.48093245840650833 -5.799999237060547
      vertex 6.27500057220459 -2.1217613220214844 -5.799999237060547
    endloop
  endfacet
  facet normal 0 0 -1
    outer loop
      vertex 4.614375114440918 -3.049999237060547 -5.799999237060547
      vertex 6.27500057220459 -2.1217613220214844 -5.799999237060547
      vertex 6.44900014114377 -2.1217613220214844 -5.799999237060547
    endloop
  endfacet
  facet normal 0 0 -1
    outer loop
      vertex 4.614375114440918 -3.049999237060547 -5.799999237060547
      vertex 6.44900014114377 -2.1217613220214844 -5.799999237060547
      vertex 7.9956669095356965 -2.1217613220214844 -5.799999237060547
    endloop
  endfacet
  facet normal 0 0 -1
    outer loop
      vertex 4.614375114440918 -3.049999237060547 -5.799999237060547
      vertex 7.9956669095356965 -2.1217613220214844 -5.799999237060547
      vertex 8.55099985885623 -2.1217613220214844 -5.799999237060547
    endloop
  endfacet
  facet normal 0 0 -1
    outer loop
      vertex 4.614375114440918 -3.049999237060547 -5.799999237060547
      vertex 8.55099985885623 -2.1217613220214844 -5.799999237060547
      vertex 8.72499942779541 -2.1217613220214844 -5.799999237060547
    endloop
  endfacet
  facet normal 0 0 -1
    outer loop
      vertex 4.614375114440918 -3.049999237060547 -5.799999237060547
      vertex 8.72499942779541 -2.1217613220214844 -5.799999237060547
      vertex 21.27500057220459 -2.1217613220214844 -5.799999237060547
    endloop
  endfacet
  facet normal 0 0 -1
    outer loop
      vertex 4.614375114440918 -3.049999237060547 -5.799999237060547
      vertex 21.27500057220459 -2.1217613220214844 -5.799999237060547
      vertex 21.44900014114377 -2.1217613220214844 -5.799999237060547
    endloop
  endfacet
  facet normal 0 0 -1
    outer loop
      vertex 4.614375114440918 -3.049999237060547 -5.799999237060547
      vertex 21.44900014114377 -2.1217613220214844 -5.799999237060547
      vertex 22.9956669095357 -2.1217613220214844 -5.799999237060547
    endloop
  endfacet
  facet normal 0 0 -1
    outer loop
      vertex 4.614375114440918 -3.049999237060547 -5.799999237060547
      vertex 22.9956669095357 -2.1217613220214844 -5.799999237060547
      vertex 23.55099985885623 -2.1217613220214844 -5.799999237060547
    endloop
  endfacet
  facet normal 0 0 -1
    outer loop
      vertex 4.614375114440918 -3.049999237060547 -5.799999237060547
      vertex 23.55099985885623 -2.1217613220214844 -5.799999237060547
      vertex 23.72499942779541 -2.1217613220214844 -5.799999237060547
    endloop
  endfacet
  facet normal 0 0 -1
    outer loop
      vertex 4.614375114440918 -3.049999237060547 -5.799999237060547
      vertex 23.72499942779541 -2.1217613220214844 -5.799999237060547
      vertex 36.27500057220459 -2.1217613220214844 -5.799999237060547
    endloop
  endfacet
  facet normal 0 0 -1
    outer loop
      vertex 4.614375114440918 -3.049999237060547 -5.799999237060547
      vertex 36.27500057220459 -2.1217613220214844 -5.799999237060547
      vertex 36.44900014114377 -2.1217613220214844 -5.799999237060547
    endloop
  endfacet
  facet normal 0 0 -1
    outer loop
      vertex 4.614375114440918 -3.049999237060547 -5.799999237060547
      vertex 36.44900014114377 -2.1217613220214844 -5.799999237060547
      vertex 37.9956669095357 -2.1217613220214844 -5.799999237060547
    endloop
  endfacet
  facet normal 0 0 -1
    outer loop
      vertex 4.614375114440918 -3.049999237060547 -5.799999237060547
      vertex 37.9956669095357 -2.1217613220214844 -5.799999237060547
      vertex 70.38562488555908 -3.049999237060547 -5.799999237060547
    endloop
  endfacet
  facet normal 0 -0.7371541037240779 -0.675724668310068
    outer loop
      vertex 4.614375114440918 -3.049999237060547 -5.799999237060547
      vertex 70.38562488555908 -3.049999237060547 -5.799999237060547
      vertex 70.38562488555908 -5.25 -3.399998664855957
    endloop
  endfacet
  facet normal 0 0 1
    outer loop
      vertex 4.614375114440918 -2.8999996185302734 -1.7999992370605469
      vertex 70.38562488555908 -5.25 -1.7999992370605469
      vertex 70.38562488555908 -2.8999996185302734 -1.7999992370605469
    endloop
  endfacet
  facet normal 0 -1 0
    outer loop
      vertex 4.614375114440918 -2.8999996185302734 -1.7999992370605469
      vertex 70.38562488555908 -2.8999996185302734 -1.7999992370605469
      vertex 70.38562488555908 -2.8999996185302734 -0.9999990463256836
    endloop
  endfacet
  facet normal 0 -1 0
    outer loop
      vertex 4.614375114440918 -2.8999996185302734 -1.7999992370605469
      vertex 70.38562488555908 -2.8999996185302734 -0.9999990463256836
      vertex 4.614375114440918 -2.8999996185302734 -0.9999990463256836
    endloop
  endfacet
  facet normal 0 0 1
    outer loop
      vertex 4.614375114440918 -2.8999996185302734 -0.9999990463256836
      vertex 36.5 -0.09849071502685547 -0.9999990463256836
      vertex 36.5 -0.0875472818080433 -0.9999990463256836
    endloop
  endfacet
  facet normal 0 0 1
    outer loop
      vertex 4.614375114440918 -2.8999996185302734 -0.9999990463256836
      vertex 36.5 -0.0875472818080433 -0.9999990463256836
      vertex 36.5 -0.08337507298855684 -0.9999990463256836
    endloop
  endfacet
  facet normal 0 0 1
    outer loop
      vertex 4.614375114440918 -2.8999996185302734 -0.9999990463256836
      vertex 36.51310692217676 -0.16438245920967265 -0.9999990463256836
      vertex 36.5 -0.09849071502685547 -0.9999990463256836
    endloop
  endfacet
  facet normal 0 0 1
    outer loop
      vertex 4.614375114440918 -2.8999996185302734 -0.9999990463256836
      vertex 36.53629519805595 -0.2809556654640586 -0.9999990463256836
      vertex 36.51310692217676 -0.16438245920967265 -0.9999990463256836
    endloop
  endfacet
  facet normal 0 0 1
    outer loop
      vertex 4.614375114440918 -2.8999996185302734 -0.9999990463256836
      vertex 36.53843021392822 -0.2916889190673828 -0.9999990463256836
      vertex 36.53629519805595 -0.2809556654640586 -0.9999990463256836
    endloop
  endfacet
  facet normal 0 0 1
    outer loop
      vertex 4.614375114440918 -2.8999996185302734 -0.9999990463256836
      vertex 36.60962453695808 -0.4635662313889033 -0.9999990463256836
      vertex 36.53843021392822 -0.2916889190673828 -0.9999990463256836
    endloop
  endfacet
  facet normal 0 0 1
    outer loop
      vertex 4.614375114440918 -2.8999996185302734 -0.9999990463256836
      vertex 36.61381244659424 -0.4736766815185547 -0.9999990463256836
      vertex 36.60962453695808 -0.4635662313889033 -0.9999990463256836
    endloop
  endfacet
  facet normal 0 0 1
    outer loop
      vertex 4.614375114440918 -2.8999996185302734 -0.9999990463256836
      vertex 36.71716959135722 -0.6283633803925279 -0.9999990463256836
      vertex 36.61381244659424 -0.4736766815185547 -0.9999990463256836
    endloop
  endfacet
  facet normal 0 0 1
    outer loop
      vertex 4.614375114440918 -2.8999996185302734 -0.9999990463256836
      vertex 36.723249435424805 -0.6374626159667969 -0.9999990463256836
      vertex 36.71716959135722 -0.6283633803925279 -0.9999990463256836
    endloop
  endfacet
  facet normal 0 0 1
    outer loop
      vertex 4.614375114440918 -2.8999996185302734 -0.9999990463256836
      vertex 36.85479915021408 -0.7690123307560697 -0.9999990463256836
      vertex 36.723249435424805 -0.6374626159667969 -0.9999990463256836
    endloop
  endfacet
  facet normal 0 0 1
    outer loop
      vertex 4.614375114440918 -2.8999996185302734 -0.9999990463256836
      vertex 36.8625373840332 -0.7767505645751953 -0.9999990463256836
      vertex 36.85479915021408 -0.7690123307560697 -0.9999990463256836
    endloop
  endfacet
  facet normal 0 0 1
    outer loop
      vertex 4.614375114440918 -2.8999996185302734 -0.9999990463256836
      vertex 37.01722408290718 -0.880107709338183 -0.9999990463256836
      vertex 36.8625373840332 -0.7767505645751953 -0.9999990463256836
    endloop
  endfacet
  facet normal 0 0 1
    outer loop
      vertex 4.614375114440918 -2.8999996185302734 -0.9999990463256836
      vertex 37.026323318481445 -0.8861875534057617 -0.9999990463256836
      vertex 37.01722408290718 -0.880107709338183 -0.9999990463256836
    endloop
  endfacet
  facet normal 0 0 1
    outer loop
      vertex 4.614375114440918 -2.8999996185302734 -0.9999990463256836
      vertex 37.19820063080297 -0.9573818764356226 -0.9999990463256836
      vertex 37.026323318481445 -0.8861875534057617 -0.9999990463256836
    endloop
  endfacet
  facet normal 0 0 1
    outer loop
      vertex 4.614375114440918 -2.8999996185302734 -0.9999990463256836
      vertex 37.20831108093262 -0.9615697860717773 -0.9999990463256836
      vertex 37.19820063080297 -0.9573818764356226 -0.9999990463256836
    endloop
  endfacet
  facet normal 0 0 1
    outer loop
      vertex 4.614375114440918 -2.8999996185302734 -0.9999990463256836
      vertex 37.390776031369825 -0.9978649841277247 -0.9999990463256836
      vertex 37.20831108093262 -0.9615697860717773 -0.9999990463256836
    endloop
  endfacet
  facet normal 0 0 1
    outer loop
      vertex 4.614375114440918 -2.8999996185302734 -0.9999990463256836
      vertex 37.401509284973145 -1 -0.9999990463256836
      vertex 37.390776031369825 -0.9978649841277247 -0.9999990463256836
    endloop
  endfacet
  facet normal 0 0 1
    outer loop
      vertex 4.614375114440918 -2.8999996185302734 -0.9999990463256836
      vertex 37.41245271819196 -1 -0.9999990463256836
      vertex 37.401509284973145 -1 -0.9999990463256836
    endloop
  endfacet
  facet normal 0 0 1
    outer loop
      vertex 4.614375114440918 -2.8999996185302734 -0.9999990463256836
      vertex 70.38562488555908 -2.8999996185302734 -0.9999990463256836
      vertex 37.41245271819196 -1 -0.9999990463256836
    endloop
  endfacet
  facet normal 0 1 0
    outer loop
      vertex 4.614375114440918 2.8999996185302734 -1.7999992370605469
      vertex 4.614375114440918 2.8999996185302734 -0.9999990463256836
      vertex 70.38562488555908 2.8999996185302734 -0.9999990463256836
    endloop
  endfacet
  facet normal 0 0 1
    outer loop
      vertex 4.614375114440918 2.8999996185302734 -1.7999992370605469
      vertex 70.38562488555908 2.8999996185302734 -1.7999992370605469
      vertex 4.614375114440918 5.25 -1.7999992370605469
    endloop
  endfacet
  facet normal 0 1 0
    outer loop
      vertex 4.614375114440918 2.8999996185302734 -1.7999992370605469
      vertex 70.38562488555908 2.8999996185302734 -0.9999990463256836
      vertex 70.38562488555908 2.8999996185302734 -1.7999992370605469
    endloop
  endfacet
  facet normal 0 0 1
    outer loop
      vertex 4.614375114440918 2.8999996185302734 -0.9999990463256836
      vertex 70.94589805603027 2.7885541915893555 -0.9999990463256836
      vertex 70.38562488555908 2.8999996185302734 -0.9999990463256836
    endloop
  endfacet
  facet normal 0 0.7371541037240779 -0.675724668310068
    outer loop
      vertex 4.614375114440918 3.049999237060547 -5.799999237060547
      vertex 4.614375114440918 5.25 -3.399998664855957
      vertex 70.38562488555908 5.25 -3.399998664855957
    endloop
  endfacet
  facet normal 0 0 -1
    outer loop
      vertex 4.614375114440918 3.049999237060547 -5.799999237060547
      vertex 6.27500057220459 2.1217613220214844 -5.799999237060547
      vertex 5.976910953551638 1.605455341287715 -5.799999237060547
    endloop
  endfacet
  facet normal 0 0 -1
    outer loop
      vertex 4.614375114440918 3.049999237060547 -5.799999237060547
      vertex 6.44900014114377 2.1217613220214844 -5.799999237060547
      vertex 6.27500057220459 2.1217613220214844 -5.799999237060547
    endloop
  endfacet
  facet normal 0 0 -1
    outer loop
      vertex 4.614375114440918 3.049999237060547 -5.799999237060547
      vertex 7.0043330904643035 2.1217613220214844 -5.799999237060547
      vertex 6.44900014114377 2.1217613220214844 -5.799999237060547
    endloop
  endfacet
  facet normal 0 0 -1
    outer loop
      vertex 4.614375114440918 3.049999237060547 -5.799999237060547
      vertex 8.55099985885623 2.1217613220214844 -5.799999237060547
      vertex 7.0043330904643035 2.1217613220214844 -5.799999237060547
    endloop
  endfacet
  facet normal 0 0 -1
    outer loop
      vertex 4.614375114440918 3.049999237060547 -5.799999237060547
      vertex 8.72499942779541 2.1217613220214844 -5.799999237060547
      vertex 8.55099985885623 2.1217613220214844 -5.799999237060547
    endloop
  endfacet
  facet normal 0 0 -1
    outer loop
      vertex 4.614375114440918 3.049999237060547 -5.799999237060547
      vertex 21.27500057220459 2.1217613220214844 -5.799999237060547
      vertex 8.72499942779541 2.1217613220214844 -5.799999237060547
    endloop
  endfacet
  facet normal 0 0 -1
    outer loop
      vertex 4.614375114440918 3.049999237060547 -5.799999237060547
      vertex 21.44900014114377 2.1217613220214844 -5.799999237060547
      vertex 21.27500057220459 2.1217613220214844 -5.799999237060547
    endloop
  endfacet
  facet normal 0 0 -1
    outer loop
      vertex 4.614375114440918 3.049999237060547 -5.799999237060547
      vertex 22.0043330904643 2.1217613220214844 -5.799999237060547
      vertex 21.44900014114377 2.1217613220214844 -5.799999237060547
    endloop
  endfacet
  facet normal 0 0 -1
    outer loop
      vertex 4.614375114440918 3.049999237060547 -5.799999237060547
      vertex 23.55099985885623 2.1217613220214844 -5.799999237060547
      vertex 22.0043330904643 2.1217613220214844 -5.799999237060547
    endloop
  endfacet
  facet normal 0 0 -1
    outer loop
      vertex 4.614375114440918 3.049999237060547 -5.799999237060547
      vertex 23.72499942779541 2.1217613220214844 -5.799999237060547
      vertex 23.55099985885623 2.1217613220214844 -5.799999237060547
    endloop
  endfacet
  facet normal 0 0 -1
    outer loop
      vertex 4.614375114440918 3.049999237060547 -5.799999237060547
      vertex 70.38562488555908 3.049999237060547 -5.799999237060547
      vertex 23.72499942779541 2.1217613220214844 -5.799999237060547
    endloop
  endfacet
  facet normal 0 0.7371541037240779 -0.675724668310068
    outer loop
      vertex 4.614375114440918 3.049999237060547 -5.799999237060547
      vertex 70.38562488555908 5.25 -3.399998664855957
      vertex 70.38562488555908 3.049999237060547 -5.799999237060547
    endloop
  endfacet
  facet normal 0 1 0
    outer loop
      vertex 4.614375114440918 5.25 -3.399998664855957
      vertex 4.614375114440918 5.25 -1.7999992370605469
      vertex 70.38562488555908 5.25 -1.7999992370605469
    endloop
  endfacet
  facet normal 0 1 0
    outer loop
      vertex 4.614375114440918 5.25 -3.399998664855957
      vertex 70.38562488555908 5.25 -1.7999992370605469
      vertex 70.38562488555908 5.25 -3.399998664855957
    endloop
  endfacet
  facet normal 0 0 1
    outer loop
      vertex 4.614375114440918 5.25 -1.7999992370605469
      vertex 70.38562488555908 2.8999996185302734 -1.7999992370605469
      vertex 70.38562488555908 5.25 -1.7999992370605469
    endloop
  endfacet
  facet normal 0.8660252427664622 0.5000002788912125 0
    outer loop
      vertex 5.050000190734863 0 -5.799999237060547
      vertex 5.050000190734863 0 -2.4
      vertex 5.32766688156126 -0.48093245840650833 -5.799999237060547
    endloop
  endfacet
  facet normal 0.8660252427664622 -0.5000002788912125 0
    outer loop
      vertex 5.050000190734863 0 -5.799999237060547
      vertex 5.32766688156126 0.48093245840650833 -5.799999237060547
      vertex 5.050000190734863 0 -2.4
    endloop
  endfacet
  facet normal 0.866025242766463 -0.5000002788912113 2.095105846148015e-16
    outer loop
      vertex 5.050000190734863 0 -2.4
      vertex 5.32766688156126 0.48093245840650833 -5.799999237060547
      vertex 5.795237204639571 1.290787411792226 -5.799999237060547
    endloop
  endfacet
  facet normal 0.8660252427664623 -0.5000002788912121 -1.5993616527553648e-16
    outer loop
      vertex 5.050000190734863 0 -2.4
      vertex 5.795237204639571 1.290787411792226 -5.799999237060547
      vertex 6.27500057220459 2.1217613220214844 -2.4
    endloop
  endfacet
  facet normal 0.8660252427664623 0.5000002788912121 6.664006886480687e-17
    outer loop
      vertex 5.050000190734863 0 -2.4
      vertex 6.27500057220459 -2.1217613220214844 -2.4
      vertex 5.32766688156126 -0.48093245840650833 -5.799999237060547
    endloop
  endfacet
  facet normal 0 0 -1
    outer loop
      vertex 5.050000190734863 0 -2.4
      vertex 6.27500057220459 2.1217613220214844 -2.4
      vertex 6.5 2.1217613220214844 -2.4
    endloop
  endfacet
  facet normal 0 0 -1
    outer loop
      vertex 5.050000190734863 0 -2.4
      vertex 6.5 -2.1217613220214844 -2.4
      vertex 6.27500057220459 -2.1217613220214844 -2.4
    endloop
  endfacet
  facet normal 0 0 -1
    outer loop
      vertex 5.050000190734863 0 -2.4
      vertex 6.5 2.1217613220214844 -2.4
      vertex 6.5 -2.1217613220214844 -2.4
    endloop
  endfacet
  facet normal 0.8660252427664625 0.500000278891212 0
    outer loop
      vertex 5.32766688156126 -0.48093245840650833 -5.799999237060547
      vertex 6.27500057220459 -2.1217613220214844 -2.4
      vertex 6.27500057220459 -2.1217613220214844 -5.799999237060547
    endloop
  endfacet
  facet normal 0.8660252427664435 -0.5000002788912448 1.0502761812151542e-14
    outer loop
      vertex 5.795237204639571 1.290787411792226 -5.799999237060547
      vertex 5.799427139448211 1.2980445863639565 -5.799999237060547
      vertex 6.27500057220459 2.1217613220214844 -2.4
    endloop
  endfacet
  facet normal 0.8660252427664314 -0.5000002788912654 1.71778551097453e-14
    outer loop
      vertex 5.799427139448211 1.2980445863639565 -5.799999237060547
      vertex 5.806503592871442 1.3103013541149036 -5.799999237060547
      vertex 6.27500057220459 2.1217613220214844 -2.4
    endloop
  endfacet
  facet normal 0.8660252427664913 -0.5000002788911619 -1.5740988633836276e-14
    outer loop
      vertex 5.806503592871442 1.3103013541149036 -5.799999237060547
      vertex 5.816178883261523 1.3270594361853547 -5.799999237060547
      vertex 6.27500057220459 2.1217613220214844 -2.4
    endloop
  endfacet
  facet normal 0.8660252427664427 -0.5000002788912461 1.0466006639250255e-14
    outer loop
      vertex 5.816178883261523 1.3270594361853547 -5.799999237060547
      vertex 5.828098149922466 1.347704196277351 -5.799999237060547
      vertex 6.27500057220459 2.1217613220214844 -2.4
    endloop
  endfacet
  facet normal 0.8660252427664564 -0.5000002788912226 3.3020028486716686e-15
    outer loop
      vertex 5.828098149922466 1.347704196277351 -5.799999237060547
      vertex 5.841850098556824 1.3715232523006629 -5.799999237060547
      vertex 6.27500057220459 2.1217613220214844 -2.4
    endloop
  endfacet
  facet normal 0.8660252427664876 -0.5000002788911685 -1.261538041610947e-14
    outer loop
      vertex 5.841850098556824 1.3715232523006629 -5.799999237060547
      vertex 5.856976057926893 1.3977221629584533 -5.799999237060547
      vertex 6.27500057220459 2.1217613220214844 -2.4
    endloop
  endfacet
  facet normal 0.8660252427664464 -0.5000002788912395 7.604338976840975e-15
    outer loop
      vertex 5.856976057926893 1.3977221629584533 -5.799999237060547
      vertex 5.872978217386413 1.4254386955600928 -5.799999237060547
      vertex 6.27500057220459 2.1217613220214844 -2.4
    endloop
  endfacet
  facet normal 0.8660252427664655 -0.5000002788912068 -1.3676065099465734e-15
    outer loop
      vertex 5.872978217386413 1.4254386955600928 -5.799999237060547
      vertex 5.897973918431989 1.4687324875438028 -5.799999237060547
      vertex 6.27500057220459 2.1217613220214844 -2.4
    endloop
  endfacet
  facet normal 0.8660252427664518 -0.5000002788912303 4.697755407820212e-15
    outer loop
      vertex 5.897973918431989 1.4687324875438028 -5.799999237060547
      vertex 5.914210794281088 1.4968555605552156 -5.799999237060547
      vertex 6.27500057220459 2.1217613220214844 -2.4
    endloop
  endfacet
  facet normal 0.866025242766479 -0.5000002788911835 -6.823435770580065e-15
    outer loop
      vertex 5.914210794281088 1.4968555605552156 -5.799999237060547
      vertex 5.929688939467704 1.5236644744873047 -5.799999237060547
      vertex 6.27500057220459 2.1217613220214844 -2.4
    endloop
  endfacet
  facet normal 0.8660252427664515 -0.5000002788912309 4.308062727530622e-15
    outer loop
      vertex 5.929688939467704 1.5236644744873047 -5.799999237060547
      vertex 5.94384158291756 1.5481775537732365 -5.799999237060547
      vertex 6.27500057220459 2.1217613220214844 -2.4
    endloop
  endfacet
  facet normal 0.8660252427664525 -0.5000002788912291 3.906415737762954e-15
    outer loop
      vertex 5.94384158291756 1.5481775537732365 -5.799999237060547
      vertex 5.956118832118779 1.5694423573520817 -5.799999237060547
      vertex 6.27500057220459 2.1217613220214844 -2.4
    endloop
  endfacet
  facet normal 0.8660252427664789 -0.5000002788911836 -5.945867820099514e-15
    outer loop
      vertex 5.956118832118779 1.5694423573520817 -5.799999237060547
      vertex 5.966008401056476 1.5865715804779517 -5.799999237060547
      vertex 6.27500057220459 2.1217613220214844 -2.4
    endloop
  endfacet
  facet normal 0.8660252427664878 -0.500000278891168 -9.20739939735629e-15
    outer loop
      vertex 5.966008401056476 1.5865715804779517 -5.799999237060547
      vertex 5.973059754553043 1.598784873912987 -5.799999237060547
      vertex 6.27500057220459 2.1217613220214844 -2.4
    endloop
  endfacet
  facet normal 0.8660252427663929 -0.5000002788913325 2.4492544482886828e-14
    outer loop
      vertex 5.973059754553043 1.598784873912987 -5.799999237060547
      vertex 5.976910953551638 1.605455341287715 -5.799999237060547
      vertex 6.27500057220459 2.1217613220214844 -2.4
    endloop
  endfacet
  facet normal 0.8660252427664626 -0.5000002788912115 0
    outer loop
      vertex 5.976910953551638 1.605455341287715 -5.799999237060547
      vertex 6.27500057220459 2.1217613220214844 -5.799999237060547
      vertex 6.27500057220459 2.1217613220214844 -2.4
    endloop
  endfacet
  facet normal 0 1 0
    outer loop
      vertex 6.27500057220459 -2.1217613220214844 -5.799999237060547
      vertex 6.27500057220459 -2.1217613220214844 -2.4
      vertex 6.44900014114377 -2.1217613220214844 -5.799999237060547
    endloop
  endfacet
  facet normal 0 1 0
    outer loop
      vertex 6.27500057220459 -2.1217613220214844 -2.4
      vertex 6.5 -2.1217613220214844 -2.4
      vertex 6.44900014114377 -2.1217613220214844 -5.799999237060547
    endloop
  endfacet
  facet normal 0 -1 0
    outer loop
      vertex 6.27500057220459 2.1217613220214844 -5.799999237060547
      vertex 6.44900014114377 2.1217613220214844 -5.799999237060547
      vertex 6.27500057220459 2.1217613220214844 -2.4
    endloop
  endfacet
  facet normal 0 -1 0
    outer loop
      vertex 6.27500057220459 2.1217613220214844 -2.4
      vertex 6.44900014114377 2.1217613220214844 -5.799999237060547
      vertex 6.5 2.1217613220214844 -2.4
    endloop
  endfacet
  facet normal 0 1 0
    outer loop
      vertex 6.44900014114377 -2.1217613220214844 -5.799999237060547
      vertex 6.5 -2.1217613220214844 -2.4
      vertex 7.9956669095356965 -2.1217613220214844 -5.799999237060547
    endloop
  endfacet
  facet normal 0 -1 0
    outer loop
      vertex 6.44900014114377 2.1217613220214844 -5.799999237060547
      vertex 7.0043330904643035 2.1217613220214844 -5.799999237060547
      vertex 6.5 2.1217613220214844 -2.4
    endloop
  endfacet
  facet normal 0 1 0
    outer loop
      vertex 6.5 -2.1217613220214844 -2.4
      vertex 6.5 -2.1217613220214844 -2.200000190734863
      vertex 8.5 -2.1217613220214844 -2.200000190734863
    endloop
  endfacet
  facet normal 1 0 0
    outer loop
      vertex 6.5 -2.1217613220214844 -2.4
      vertex 6.5 -1 -2.200000190734863
      vertex 6.5 -2.1217613220214844 -2.200000190734863
    endloop
  endfacet
  facet normal 1 0 0
    outer loop
      vertex 6.5 -2.1217613220214844 -2.4
      vertex 6.5 1 -2.200000190734863
      vertex 6.5 -1 -2.200000190734863
    endloop
  endfacet
  facet normal 1 0 0
    outer loop
      vertex 6.5 -2.1217613220214844 -2.4
      vertex 6.5 2.1217613220214844 -2.4
      vertex 6.5 1 -2.200000190734863
    endloop
  endfacet
  facet normal 0 1 0
    outer loop
      vertex 6.5 -2.1217613220214844 -2.4
      vertex 8.5 -2.1217613220214844 -2.4
      vertex 7.9956669095356965 -2.1217613220214844 -5.799999237060547
    endloop
  endfacet
  facet normal 0 1 0
    outer loop
      vertex 6.5 -2.1217613220214844 -2.4
      vertex 8.5 -2.1217613220214844 -2.200000190734863
      vertex 8.5 -2.1217613220214844 -2.4
    endloop
  endfacet
  facet normal 0 0 -1
    outer loop
      vertex 6.5 -2.1217613220214844 -2.200000190734863
      vertex 6.5 -1 -2.200000190734863
      vertex 8.5 -1 -2.200000190734863
    endloop
  endfacet
  facet normal 0 0 -1
    outer loop
      vertex 6.5 -2.1217613220214844 -2.200000190734863
      vertex 8.5 -1 -2.200000190734863
      vertex 8.5 -2.1217613220214844 -2.200000190734863
    endloop
  endfacet
  facet normal 0 1 0
    outer loop
      vertex 6.5 -1 -2.200000190734863
      vertex 6.5 -1 -2.0000003814697265
      vertex 7.085786819458008 -1 -2.0000003814697265
    endloop
  endfacet
  facet normal 1 0 0
    outer loop
      vertex 6.5 -1 -2.200000190734863
      vertex 6.5 -0.4142131805419922 -2.0000003814697265
      vertex 6.5 -1 -2.0000003814697265
    endloop
  endfacet
  facet normal 1 0 0
    outer loop
      vertex 6.5 -1 -2.200000190734863
      vertex 6.5 0.4142131805419922 -2.0000003814697265
      vertex 6.5 -0.4142131805419922 -2.0000003814697265
    endloop
  endfacet
  facet normal 1 0 0
    outer loop
      vertex 6.5 -1 -2.200000190734863
      vertex 6.5 1 -2.200000190734863
      vertex 6.5 0.4142131805419922 -2.0000003814697265
    endloop
  endfacet
  facet normal 0 1 0
    outer loop
      vertex 6.5 -1 -2.200000190734863
      vertex 7.085786819458008 -1 -2.0000003814697265
      vertex 7.914213180541992 -1 -2.0000003814697265
    endloop
  endfacet
  facet normal 0 1 0
    outer loop
      vertex 6.5 -1 -2.200000190734863
      vertex 7.914213180541992 -1 -2.0000003814697265
      vertex 8.5 -1 -2.200000190734863
    endloop
  endfacet
  facet normal 0 0 -1
    outer loop
      vertex 6.5 -1 -2.0000003814697265
      vertex 6.5 -0.4142131805419922 -2.0000003814697265
      vertex 7.085786819458008 -1 -2.0000003814697265
    endloop
  endfacet
  facet normal 0.7071067811865475 0.7071067811865475 0
    outer loop
      vertex 6.5 -0.4142131805419922 -2.0000003814697265
      vertex 6.5 -0.4142131805419922 -1.8000005722045898
      vertex 6.723249435424805 -0.6374626159667969 -1.8000005722045898
    endloop
  endfacet
  facet normal 1 0 0
    outer loop
      vertex 6.5 -0.4142131805419922 -2.0000003814697265
      vertex 6.5 -0.09849071502685547 -1.8000005722045898
      vertex 6.5 -0.4142131805419922 -1.8000005722045898
    endloop
  endfacet
  facet normal 1 0 0
    outer loop
      vertex 6.5 -0.4142131805419922 -2.0000003814697265
      vertex 6.5 0.09849071502685547 -1.8000005722045898
      vertex 6.5 -0.09849071502685547 -1.8000005722045898
    endloop
  endfacet
  facet normal 1 0 0
    outer loop
      vertex 6.5 -0.4142131805419922 -2.0000003814697265
      vertex 6.5 0.4142131805419922 -2.0000003814697265
      vertex 6.5 0.09849071502685547 -1.8000005722045898
    endloop
  endfacet
  facet normal 0.7071067811865475 0.7071067811865475 0
    outer loop
      vertex 6.5 -0.4142131805419922 -2.0000003814697265
      vertex 6.723249435424805 -0.6374626159667969 -1.8000005722045898
      vertex 6.862537384033203 -0.7767505645751953 -1.8000005722045898
    endloop
  endfacet
  facet normal 0.7071067811865476 0.7071067811865476 0
    outer loop
      vertex 6.5 -0.4142131805419922 -2.0000003814697265
      vertex 6.862537384033203 -0.7767505645751953 -1.8000005722045898
      vertex 7.085786819458008 -1 -2.0000003814697265
    endloop
  endfacet
  facet normal 0 0 -1
    outer loop
      vertex 6.5 -0.4142131805419922 -1.8000005722045898
      vertex 6.5 -0.09849071502685547 -1.8000005722045898
      vertex 6.538430213928223 -0.2916889190673828 -1.8000005722045898
    endloop
  endfacet
  facet normal 0 0 -1
    outer loop
      vertex 6.5 -0.4142131805419922 -1.8000005722045898
      vertex 6.538430213928223 -0.2916889190673828 -1.8000005722045898
      vertex 6.613812446594238 -0.4736766815185547 -1.8000005722045898
    endloop
  endfacet
  facet normal 0 0 -1
    outer loop
      vertex 6.5 -0.4142131805419922 -1.8000005722045898
      vertex 6.613812446594238 -0.4736766815185547 -1.8000005722045898
      vertex 6.723249435424805 -0.6374626159667969 -1.8000005722045898
    endloop
  endfacet
  facet normal 0.9807845987074542 0.19509374910093447 0
    outer loop
      vertex 6.5 -0.09849071502685547 -1.8000005722045898
      vertex 6.5 -0.09849071502685547 -0.9999990463256836
      vertex 6.536295198055948 -0.2809556654640586 -0.9999990463256836
    endloop
  endfacet
  facet normal 1 0 0
    outer loop
      vertex 6.5 -0.09849071502685547 -1.8000005722045898
      vertex 6.5 -0.0875472818080433 -0.9999990463256836
      vertex 6.5 -0.09849071502685547 -0.9999990463256836
    endloop
  endfacet
  facet normal 1 0 0
    outer loop
      vertex 6.5 -0.09849071502685547 -1.8000005722045898
      vertex 6.5 -0.08497726443324308 -0.9999990463256836
      vertex 6.5 -0.0875472818080433 -0.9999990463256836
    endloop
  endfacet
  facet normal 1 0 0
    outer loop
      vertex 6.5 -0.09849071502685547 -1.8000005722045898
      vertex 6.5 0.09849071502685547 -1.8000005722045898
      vertex 6.5 -0.08497726443324308 -0.9999990463256836
    endloop
  endfacet
  facet normal 0.9807845987074544 0.1950937491009329 -3.6326531502763206e-16
    outer loop
      vertex 6.5 -0.09849071502685547 -1.8000005722045898
      vertex 6.536295198055948 -0.2809556654640586 -0.9999990463256836
      vertex 6.538430213928223 -0.2916889190673828 -1.8000005722045898
    endloop
  endfacet
  facet normal 1 0 0
    outer loop
      vertex 6.5 -0.08497726443324308 -0.9999990463256836
      vertex 6.5 0.09849071502685547 -1.8000005722045898
      vertex 6.5 0.09849071502685547 -0.9999990463256836
    endloop
  endfacet
  facet normal 1 0 0
    outer loop
      vertex 6.5 0.09849071502685547 -1.8000005722045898
      vertex 6.5 0.4142131805419922 -2.0000003814697265
      vertex 6.5 0.4142131805419922 -1.8000005722045898
    endloop
  endfacet
  facet normal 0 0 -1
    outer loop
      vertex 6.5 0.09849071502685547 -1.8000005722045898
      vertex 6.5 0.4142131805419922 -1.8000005722045898
      vertex 6.538430213928223 0.2916889190673828 -1.8000005722045898
    endloop
  endfacet
  facet normal 0.9807845987074595 -0.1950937491009063 0
    outer loop
      vertex 6.5 0.09849071502685547 -1.8000005722045898
      vertex 6.502135015872275 0.10922396863017972 -0.9999990463256836
      vertex 6.5 0.09849071502685547 -0.9999990463256836
    endloop
  endfacet
  facet normal 0.9807845987074544 -0.1950937491009329 3.7083334242404107e-16
    outer loop
      vertex 6.5 0.09849071502685547 -1.8000005722045898
      vertex 6.538430213928223 0.2916889190673828 -1.8000005722045898
      vertex 6.502135015872275 0.10922396863017972 -0.9999990463256836
    endloop
  endfacet
  facet normal 1 0 0
    outer loop
      vertex 6.5 0.4142131805419922 -2.0000003814697265
      vertex 6.5 1 -2.200000190734863
      vertex 6.5 1 -2.0000003814697265
    endloop
  endfacet
  facet normal 0 0 -1
    outer loop
      vertex 6.5 0.4142131805419922 -2.0000003814697265
      vertex 6.5 1 -2.0000003814697265
      vertex 7.085786819458008 1 -2.0000003814697265
    endloop
  endfacet
  facet normal 0.7071067811865475 -0.7071067811865475 0
    outer loop
      vertex 6.5 0.4142131805419922 -2.0000003814697265
      vertex 6.723249435424805 0.6374626159667969 -1.8000005722045898
      vertex 6.5 0.4142131805419922 -1.8000005722045898
    endloop
  endfacet
  facet normal 0.7071067811865476 -0.7071067811865476 0
    outer loop
      vertex 6.5 0.4142131805419922 -2.0000003814697265
      vertex 7.085786819458008 1 -2.0000003814697265
      vertex 6.723249435424805 0.6374626159667969 -1.8000005722045898
    endloop
  endfacet
  facet normal 0 0 -1
    outer loop
      vertex 6.5 0.4142131805419922 -1.8000005722045898
      vertex 6.613812446594238 0.4736766815185547 -1.8000005722045898
      vertex 6.538430213928223 0.2916889190673828 -1.8000005722045898
    endloop
  endfacet
  facet normal 0 0 -1
    outer loop
      vertex 6.5 0.4142131805419922 -1.8000005722045898
      vertex 6.723249435424805 0.6374626159667969 -1.8000005722045898
      vertex 6.613812446594238 0.4736766815185547 -1.8000005722045898
    endloop
  endfacet
  facet normal 1 0 0
    outer loop
      vertex 6.5 1 -2.200000190734863
      vertex 6.5 2.1217613220214844 -2.4
      vertex 6.5 2.1217613220214844 -2.200000190734863
    endloop
  endfacet
  facet normal 0 0 -1
    outer loop
      vertex 6.5 1 -2.200000190734863
      vertex 6.5 2.1217613220214844 -2.200000190734863
      vertex 8.5 2.1217613220214844 -2.200000190734863
    endloop
  endfacet
  facet normal 0 -1 0
    outer loop
      vertex 6.5 1 -2.200000190734863
      vertex 7.085786819458008 1 -2.0000003814697265
      vertex 6.5 1 -2.0000003814697265
    endloop
  endfacet
  facet normal 0 -1 0
    outer loop
      vertex 6.5 1 -2.200000190734863
      vertex 8.5 1 -2.200000190734863
      vertex 7.085786819458008 1 -2.0000003814697265
    endloop
  endfacet
  facet normal 0 0 -1
    outer loop
      vertex 6.5 1 -2.200000190734863
      vertex 8.5 2.1217613220214844 -2.200000190734863
      vertex 8.5 1 -2.200000190734863
    endloop
  endfacet
  facet normal 0 -1 0
    outer loop
      vertex 6.5 2.1217613220214844 -2.4
      vertex 7.0043330904643035 2.1217613220214844 -5.799999237060547
      vertex 8.5 2.1217613220214844 -2.4
    endloop
  endfacet
  facet normal 0 -1 0
    outer loop
      vertex 6.5 2.1217613220214844 -2.4
      vertex 8.5 2.1217613220214844 -2.4
      vertex 6.5 2.1217613220214844 -2.200000190734863
    endloop
  endfacet
  facet normal 0 -1 0
    outer loop
      vertex 6.5 2.1217613220214844 -2.200000190734863
      vertex 8.5 2.1217613220214844 -2.4
      vertex 8.5 2.1217613220214844 -2.200000190734863
    endloop
  endfacet
  facet normal 0.9807845987074542 -0.19509374910093447 0
    outer loop
      vertex 6.502135015872275 0.10922396863017972 -0.9999990463256836
      vertex 6.538430213928223 0.2916889190673828 -1.8000005722045898
      vertex 6.538430213928223 0.2916889190673828 -0.9999990463256836
    endloop
  endfacet
  facet normal 0.9807845987074595 0.19509374910090677 0
    outer loop
      vertex 6.536295198055948 -0.2809556654640586 -0.9999990463256836
      vertex 6.538430213928223 -0.2916889190673828 -0.9999990463256836
      vertex 6.538430213928223 -0.2916889190673828 -1.8000005722045898
    endloop
  endfacet
  facet normal 0.923878754850322 0.38268530979934257 0
    outer loop
      vertex 6.538430213928223 -0.2916889190673828 -1.8000005722045898
      vertex 6.538430213928223 -0.2916889190673828 -0.9999990463256836
      vertex 6.6096245369580835 -0.4635662313889033 -0.9999990463256836
    endloop
  endfacet
  facet normal 0.9238787548503221 0.3826853097993421 -1.2108906357300984e-16
    outer loop
      vertex 6.538430213928223 -0.2916889190673828 -1.8000005722045898
      vertex 6.6096245369580835 -0.4635662313889033 -0.9999990463256836
      vertex 6.613812446594238 -0.4736766815185547 -1.8000005722045898
    endloop
  endfacet
  facet normal 0.9238787548503253 -0.38268530979933413 0
    outer loop
      vertex 6.538430213928223 0.2916889190673828 -1.8000005722045898
      vertex 6.542618123564377 0.3017993691970342 -0.9999990463256836
      vertex 6.538430213928223 0.2916889190673828 -0.9999990463256836
    endloop
  endfacet
  facet normal 0.9238787548503212 -0.3826853097993441 1.4676231905471044e-16
    outer loop
      vertex 6.538430213928223 0.2916889190673828 -1.8000005722045898
      vertex 6.605167062926393 0.4528049989801245 -0.9999990463256836
      vertex 6.542618123564377 0.3017993691970342 -0.9999990463256836
    endloop
  endfacet
  facet normal 0.9238787548503221 -0.3826853097993421 -3.302429006536632e-16
    outer loop
      vertex 6.538430213928223 0.2916889190673828 -1.8000005722045898
      vertex 6.613812446594238 0.4736766815185547 -1.8000005722045898
      vertex 6.605167062926393 0.4528049989801245 -0.9999990463256836
    endloop
  endfacet
  facet normal 0.9238787548503264 -0.38268530979933146 0
    outer loop
      vertex 6.605167062926393 0.4528049989801245 -0.9999990463256836
      vertex 6.613812446594238 0.4736766815185547 -1.8000005722045898
      vertex 6.613812446594238 0.4736766815185547 -0.9999990463256836
    endloop
  endfacet
  facet normal 0.9238787548503253 0.38268530979933413 0
    outer loop
      vertex 6.6096245369580835 -0.4635662313889033 -0.9999990463256836
      vertex 6.613812446594238 -0.4736766815185547 -0.9999990463256836
      vertex 6.613812446594238 -0.4736766815185547 -1.8000005722045898
    endloop
  endfacet
  facet normal 0.831472599351522 0.5555657625588742 0
    outer loop
      vertex 6.613812446594238 -0.4736766815185547 -1.8000005722045898
      vertex 6.613812446594238 -0.4736766815185547 -0.9999990463256836
      vertex 6.700617257741129 -0.6035907741870616 -0.9999990463256836
    endloop
  endfacet
  facet normal 0.8314725993515247 0.5555657625588704 -9.356850816867691e-16
    outer loop
      vertex 6.613812446594238 -0.4736766815185547 -1.8000005722045898
      vertex 6.700617257741129 -0.6035907741870616 -0.9999990463256836
      vertex 6.723249435424805 -0.6374626159667969 -1.8000005722045898
    endloop
  endfacet
  facet normal 0.8314725993515377 -0.5555657625588508 0
    outer loop
      vertex 6.613812446594238 0.4736766815185547 -1.8000005722045898
      vertex 6.6198922906618165 0.4827759170928235 -0.9999990463256836
      vertex 6.613812446594238 0.4736766815185547 -0.9999990463256836
    endloop
  endfacet
  facet normal 0.8314725993515247 -0.5555657625588704 3.206097412250253e-16
    outer loop
      vertex 6.613812446594238 0.4736766815185547 -1.8000005722045898
      vertex 6.723249435424805 0.6374626159667969 -1.8000005722045898
      vertex 6.6198922906618165 0.4827759170928235 -0.9999990463256836
    endloop
  endfacet
  facet normal 0.8314725993515238 -0.5555657625588715 0
    outer loop
      vertex 6.6198922906618165 0.4827759170928235 -0.9999990463256836
      vertex 6.723249435424805 0.6374626159667969 -1.8000005722045898
      vertex 6.723249435424805 0.6374626159667969 -0.9999990463256836
    endloop
  endfacet
  facet normal 0.8314725993515325 0.5555657625588585 -2.0014667387565146e-16
    outer loop
      vertex 6.700617257741129 -0.6035907741870616 -0.9999990463256836
      vertex 6.7171695913572265 -0.6283633803925279 -0.9999990463256836
      vertex 6.723249435424805 -0.6374626159667969 -1.8000005722045898
    endloop
  endfacet
  facet normal 0.8314725993515408 0.5555657625588462 0
    outer loop
      vertex 6.7171695913572265 -0.6283633803925279 -0.9999990463256836
      vertex 6.723249435424805 -0.6374626159667969 -0.9999990463256836
      vertex 6.723249435424805 -0.6374626159667969 -1.8000005722045898
    endloop
  endfacet
  facet normal 0.7071067811865476 0.7071067811865476 0
    outer loop
      vertex 6.723249435424805 -0.6374626159667969 -1.8000005722045898
      vertex 6.723249435424805 -0.6374626159667969 -0.9999990463256836
      vertex 6.8547991502140775 -0.7690123307560697 -0.9999990463256836
    endloop
  endfacet
  facet normal 0.7071067811865476 0.7071067811865476 0
    outer loop
      vertex 6.723249435424805 -0.6374626159667969 -1.8000005722045898
      vertex 6.8547991502140775 -0.7690123307560697 -0.9999990463256836
      vertex 6.862537384033203 -0.7767505645751953 -1.8000005722045898
    endloop
  endfacet
  facet normal 0.7071067811865475 -0.7071067811865475 0
    outer loop
      vertex 6.723249435424805 0.6374626159667969 -1.8000005722045898
      vertex 6.73098766924393 0.6452008497859225 -0.9999990463256836
      vertex 6.723249435424805 0.6374626159667969 -0.9999990463256836
    endloop
  endfacet
  facet normal 0.7071067811865476 -0.7071067811865476 0
    outer loop
      vertex 6.723249435424805 0.6374626159667969 -1.8000005722045898
      vertex 6.862537384033203 0.7767505645751953 -1.8000005722045898
      vertex 6.73098766924393 0.6452008497859225 -0.9999990463256836
    endloop
  endfacet
  facet normal 0.7071067811865475 -0.7071067811865475 0
    outer loop
      vertex 6.723249435424805 0.6374626159667969 -1.8000005722045898
      vertex 7.085786819458008 1 -2.0000003814697265
      vertex 6.862537384033203 0.7767505645751953 -1.8000005722045898
    endloop
  endfacet
  facet normal 0.7071067811865476 -0.7071067811865476 0
    outer loop
      vertex 6.73098766924393 0.6452008497859225 -0.9999990463256836
      vertex 6.862537384033203 0.7767505645751953 -1.8000005722045898
      vertex 6.862537384033203 0.7767505645751953 -0.9999990463256836
    endloop
  endfacet
  facet normal 0.7071067811865475 0.7071067811865475 0
    outer loop
      vertex 6.8547991502140775 -0.7690123307560697 -0.9999990463256836
      vertex 6.862537384033203 -0.7767505645751953 -0.9999990463256836
      vertex 6.862537384033203 -0.7767505645751953 -1.8000005722045898
    endloop
  endfacet
  facet normal 0.5555657625588689 0.8314725993515255 0
    outer loop
      vertex 6.862537384033203 -0.7767505645751953 -1.8000005722045898
      vertex 6.862537384033203 -0.7767505645751953 -0.9999990463256836
      vertex 7.017224082907177 -0.880107709338183 -0.9999990463256836
    endloop
  endfacet
  facet normal 0.5555657625588704 0.8314725993515247 -3.742740326747076e-16
    outer loop
      vertex 6.862537384033203 -0.7767505645751953 -1.8000005722045898
      vertex 7.017224082907177 -0.880107709338183 -0.9999990463256836
      vertex 7.026323318481445 -0.8861875534057617 -1.8000005722045898
    endloop
  endfacet
  facet normal 0 0 -1
    outer loop
      vertex 6.862537384033203 -0.7767505645751953 -1.8000005722045898
      vertex 7.026323318481445 -0.8861875534057617 -1.8000005722045898
      vertex 7.085786819458008 -1 -1.8000005722045898
    endloop
  endfacet
  facet normal 0.7071067811865475 0.7071067811865475 0
    outer loop
      vertex 6.862537384033203 -0.7767505645751953 -1.8000005722045898
      vertex 7.085786819458008 -1 -1.8000005722045898
      vertex 7.085786819458008 -1 -2.0000003814697265
    endloop
  endfacet
  facet normal 0.555565762558893 -0.8314725993515095 0
    outer loop
      vertex 6.862537384033203 0.7767505645751953 -1.8000005722045898
      vertex 6.871636619607472 0.782830408642774 -0.9999990463256836
      vertex 6.862537384033203 0.7767505645751953 -0.9999990463256836
    endloop
  endfacet
  facet normal 0.5555657625588704 -0.8314725993515247 3.715220177285701e-16
    outer loop
      vertex 6.862537384033203 0.7767505645751953 -1.8000005722045898
      vertex 7.026323318481445 0.8861875534057617 -1.8000005722045898
      vertex 6.871636619607472 0.782830408642774 -0.9999990463256836
    endloop
  endfacet
  facet normal 0.7071067811865475 -0.7071067811865475 0
    outer loop
      vertex 6.862537384033203 0.7767505645751953 -1.8000005722045898
      vertex 7.085786819458008 1 -2.0000003814697265
      vertex 7.085786819458008 1 -1.8000005722045898
    endloop
  endfacet
  facet normal 0 0 -1
    outer loop
      vertex 6.862537384033203 0.7767505645751953 -1.8000005722045898
      vertex 7.085786819458008 1 -1.8000005722045898
      vertex 7.026323318481445 0.8861875534057617 -1.8000005722045898
    endloop
  endfacet
  facet normal 0.5555657625588689 -0.8314725993515255 0
    outer loop
      vertex 6.871636619607472 0.782830408642774 -0.9999990463256836
      vertex 7.026323318481445 0.8861875534057617 -1.8000005722045898
      vertex 7.026323318481445 0.8861875534057617 -0.9999990463256836
    endloop
  endfacet
  facet normal 0 -1 0
    outer loop
      vertex 7.0043330904643035 2.1217613220214844 -5.799999237060547
      vertex 8.55099985885623 2.1217613220214844 -5.799999237060547
      vertex 8.5 2.1217613220214844 -2.4
    endloop
  endfacet
  facet normal 0.555565762558893 0.8314725993515095 0
    outer loop
      vertex 7.017224082907177 -0.880107709338183 -0.9999990463256836
      vertex 7.026323318481445 -0.8861875534057617 -0.9999990463256836
      vertex 7.026323318481445 -0.8861875534057617 -1.8000005722045898
    endloop
  endfacet
  facet normal 0.38268530979934345 0.9238787548503216 0
    outer loop
      vertex 7.026323318481445 -0.8861875534057617 -1.8000005722045898
      vertex 7.026323318481445 -0.8861875534057617 -0.9999990463256836
      vertex 7.198200630802965 -0.9573818764356226 -0.9999990463256836
    endloop
  endfacet
  facet normal 0.3826853097993421 0.9238787548503221 3.302429006536632e-16
    outer loop
      vertex 7.026323318481445 -0.8861875534057617 -1.8000005722045898
      vertex 7.198200630802965 -0.9573818764356226 -0.9999990463256836
      vertex 7.208311080932617 -0.9615697860717773 -1.8000005722045898
    endloop
  endfacet
  facet normal 0 0 -1
    outer loop
      vertex 7.026323318481445 -0.8861875534057617 -1.8000005722045898
      vertex 7.208311080932617 -0.9615697860717773 -1.8000005722045898
      vertex 7.085786819458008 -1 -1.8000005722045898
    endloop
  endfacet
  facet normal 0.38268530979931986 -0.9238787548503313 0
    outer loop
      vertex 7.026323318481445 0.8861875534057617 -1.8000005722045898
      vertex 7.036433768611097 0.8903754630419165 -0.9999990463256836
      vertex 7.026323318481445 0.8861875534057617 -0.9999990463256836
    endloop
  endfacet
  facet normal 0 0 -1
    outer loop
      vertex 7.026323318481445 0.8861875534057617 -1.8000005722045898
      vertex 7.085786819458008 1 -1.8000005722045898
      vertex 7.208311080932617 0.9615697860717773 -1.8000005722045898
    endloop
  endfacet
  facet normal 0.3826853097993421 -0.9238787548503221 -3.2955489461063473e-16
    outer loop
      vertex 7.026323318481445 0.8861875534057617 -1.8000005722045898
      vertex 7.208311080932617 0.9615697860717773 -1.8000005722045898
      vertex 7.036433768611097 0.8903754630419165 -0.9999990463256836
    endloop
  endfacet
  facet normal 0.38268530979934345 -0.9238787548503216 0
    outer loop
      vertex 7.036433768611097 0.8903754630419165 -0.9999990463256836
      vertex 7.208311080932617 0.9615697860717773 -1.8000005722045898
      vertex 7.208311080932617 0.9615697860717773 -0.9999990463256836
    endloop
  endfacet
  facet normal 0 1 0
    outer loop
      vertex 7.085786819458008 -1 -2.0000003814697265
      vertex 7.085786819458008 -1 -1.8000005722045898
      vertex 7.4015092849731445 -1 -1.8000005722045898
    endloop
  endfacet
  facet normal 0 1 0
    outer loop
      vertex 7.085786819458008 -1 -2.0000003814697265
      vertex 7.4015092849731445 -1 -1.8000005722045898
      vertex 7.5984907150268555 -1 -1.8000005722045898
    endloop
  endfacet
  facet normal 0 1 0
    outer loop
      vertex 7.085786819458008 -1 -2.0000003814697265
      vertex 7.5984907150268555 -1 -1.8000005722045898
      vertex 7.914213180541992 -1 -2.0000003814697265
    endloop
  endfacet
  facet normal 0 0 -1
    outer loop
      vertex 7.085786819458008 -1 -1.8000005722045898
      vertex 7.208311080932617 -0.9615697860717773 -1.8000005722045898
      vertex 7.4015092849731445 -1 -1.8000005722045898
    endloop
  endfacet
  facet normal 0 -1 0
    outer loop
      vertex 7.085786819458008 1 -2.0000003814697265
      vertex 7.4015092849731445 1 -1.8000005722045898
      vertex 7.085786819458008 1 -1.8000005722045898
    endloop
  endfacet
  facet normal 0 -1 0
    outer loop
      vertex 7.085786819458008 1 -2.0000003814697265
      vertex 7.914213180541992 1 -2.0000003814697265
      vertex 7.4015092849731445 1 -1.8000005722045898
    endloop
  endfacet
  facet normal 0 -1 0
    outer loop
      vertex 7.085786819458008 1 -2.0000003814697265
      vertex 8.5 1 -2.200000190734863
      vertex 7.914213180541992 1 -2.0000003814697265
    endloop
  endfacet
  facet normal 0 0 -1
    outer loop
      vertex 7.085786819458008 1 -1.8000005722045898
      vertex 7.4015092849731445 1 -1.8000005722045898
      vertex 7.208311080932617 0.9615697860717773 -1.8000005722045898
    endloop
  endfacet
  facet normal 0.38268530979931986 0.9238787548503313 0
    outer loop
      vertex 7.198200630802965 -0.9573818764356226 -0.9999990463256836
      vertex 7.208311080932617 -0.9615697860717773 -0.9999990463256836
      vertex 7.208311080932617 -0.9615697860717773 -1.8000005722045898
    endloop
  endfacet
  facet normal 0.1950937491009342 0.980784598707454 0
    outer loop
      vertex 7.208311080932617 -0.9615697860717773 -1.8000005722045898
      vertex 7.208311080932617 -0.9615697860717773 -0.9999990463256836
      vertex 7.390776031369819 -0.9978649841277247 -0.9999990463256836
    endloop
  endfacet
  facet normal 0.1950937491009329 0.9807845987074544 3.0822511578102113e-16
    outer loop
      vertex 7.208311080932617 -0.9615697860717773 -1.8000005722045898
      vertex 7.390776031369819 -0.9978649841277247 -0.9999990463256836
      vertex 7.4015092849731445 -1 -1.8000005722045898
    endloop
  endfacet
  facet normal 0.1950937491009108 -0.9807845987074587 0
    outer loop
      vertex 7.208311080932617 0.9615697860717773 -1.8000005722045898
      vertex 7.219044334535942 0.9637048019440526 -0.9999990463256836
      vertex 7.208311080932617 0.9615697860717773 -0.9999990463256836
    endloop
  endfacet
  facet normal 0.19509374910093344 -0.9807845987074542 -3.165430728503619e-16
    outer loop
      vertex 7.208311080932617 0.9615697860717773 -1.8000005722045898
      vertex 7.373362703603247 0.9944011946241156 -0.9999990463256836
      vertex 7.219044334535942 0.9637048019440526 -0.9999990463256836
    endloop
  endfacet
  facet normal 0.1950937491009329 -0.9807845987074544 -1.871366774384771e-16
    outer loop
      vertex 7.208311080932617 0.9615697860717773 -1.8000005722045898
      vertex 7.4015092849731445 1 -1.8000005722045898
      vertex 7.373362703603247 0.9944011946241156 -0.9999990463256836
    endloop
  endfacet
  facet normal 0.19509374910093807 -0.9807845987074533 0
    outer loop
      vertex 7.373362703603247 0.9944011946241156 -0.9999990463256836
      vertex 7.4015092849731445 1 -1.8000005722045898
      vertex 7.4015092849731445 1 -0.9999990463256836
    endloop
  endfacet
  facet normal 0.1950937491009108 0.9807845987074587 0
    outer loop
      vertex 7.390776031369819 -0.9978649841277247 -0.9999990463256836
      vertex 7.4015092849731445 -1 -0.9999990463256836
      vertex 7.4015092849731445 -1 -1.8000005722045898
    endloop
  endfacet
  facet normal 0 1 0
    outer loop
      vertex 7.4015092849731445 -1 -1.8000005722045898
      vertex 7.4015092849731445 -1 -0.9999990463256836
      vertex 7.4124527181919575 -1 -0.9999990463256836
    endloop
  endfacet
  facet normal 0 1 0
    outer loop
      vertex 7.4015092849731445 -1 -1.8000005722045898
      vertex 7.4124527181919575 -1 -0.9999990463256836
      vertex 7.5984907150268555 -1 -1.8000005722045898
    endloop
  endfacet
  facet normal 0 -1 0
    outer loop
      vertex 7.4015092849731445 1 -1.8000005722045898
      vertex 7.571746148767517 1 -0.9999990463256836
      vertex 7.4015092849731445 1 -0.9999990463256836
    endloop
  endfacet
  facet normal 0 -1 0
    outer loop
      vertex 7.4015092849731445 1 -1.8000005722045898
      vertex 7.5984907150268555 1 -1.8000005722045898
      vertex 7.571746148767517 1 -0.9999990463256836
    endloop
  endfacet
  facet normal 0 -1 0
    outer loop
      vertex 7.4015092849731445 1 -1.8000005722045898
      vertex 7.914213180541992 1 -2.0000003814697265
      vertex 7.5984907150268555 1 -1.8000005722045898
    endloop
  endfacet
  facet normal 0 1 0
    outer loop
      vertex 7.4124527181919575 -1 -0.9999990463256836
      vertex 7.5984907150268555 -1 -0.9999990463256836
      vertex 7.5984907150268555 -1 -1.8000005722045898
    endloop
  endfacet
  facet normal 0 0 1
    outer loop
      vertex 7.571746148767517 1 -0.9999990463256836
      vertex 7.5875472818080425 1 -0.9999990463256836
      vertex 70.94589805603027 2.7885541915893555 -0.9999990463256836
    endloop
  endfacet
  facet normal 0 -1 0
    outer loop
      vertex 7.571746148767517 1 -0.9999990463256836
      vertex 7.5984907150268555 1 -1.8000005722045898
      vertex 7.5875472818080425 1 -0.9999990463256836
    endloop
  endfacet
  facet normal 0 -1 0
    outer loop
      vertex 7.5875472818080425 1 -0.9999990463256836
      vertex 7.5984907150268555 1 -1.8000005722045898
      vertex 7.5984907150268555 1 -0.9999990463256836
    endloop
  endfacet
  facet normal 0 0 1
    outer loop
      vertex 7.5875472818080425 1 -0.9999990463256836
      vertex 7.5984907150268555 1 -0.9999990463256836
      vertex 70.94589805603027 2.7885541915893555 -0.9999990463256836
    endloop
  endfacet
  facet normal -0.1950937491009108 0.9807845987074587 0
    outer loop
      vertex 7.5984907150268555 -1 -1.8000005722045898
      vertex 7.5984907150268555 -1 -0.9999990463256836
      vertex 7.609223968630181 -0.9978649841277247 -0.9999990463256836
    endloop
  endfacet
  facet normal -0.1950937491009329 0.9807845987074544 3.0822511578102113e-16
    outer loop
      vertex 7.5984907150268555 -1 -1.8000005722045898
      vertex 7.609223968630181 -0.9978649841277247 -0.9999990463256836
      vertex 7.791688919067383 -0.9615697860717773 -1.8000005722045898
    endloop
  endfacet
  facet normal 0 0 -1
    outer loop
      vertex 7.5984907150268555 -1 -1.8000005722045898
      vertex 7.791688919067383 -0.9615697860717773 -1.8000005722045898
      vertex 7.914213180541992 -1 -1.8000005722045898
    endloop
  endfacet
  facet normal 0 1 0
    outer loop
      vertex 7.5984907150268555 -1 -1.8000005722045898
      vertex 7.914213180541992 -1 -1.8000005722045898
      vertex 7.914213180541992 -1 -2.0000003814697265
    endloop
  endfacet
  facet normal 0 0 1
    outer loop
      vertex 7.5984907150268555 -1 -0.9999990463256836
      vertex 21.522077892390115 -0.20948174845533185 -0.9999990463256836
      vertex 7.609223968630181 -0.9978649841277247 -0.9999990463256836
    endloop
  endfacet
  facet normal -0.1950937491009342 -0.980784598707454 0
    outer loop
      vertex 7.5984907150268555 1 -1.8000005722045898
      vertex 7.780955665464058 0.9637048019440526 -0.9999990463256836
      vertex 7.5984907150268555 1 -0.9999990463256836
    endloop
  endfacet
  facet normal -0.1950937491009329 -0.9807845987074544 -3.0822511578102113e-16
    outer loop
      vertex 7.5984907150268555 1 -1.8000005722045898
      vertex 7.791688919067383 0.9615697860717773 -1.8000005722045898
      vertex 7.780955665464058 0.9637048019440526 -0.9999990463256836
    endloop
  endfacet
  facet normal 0 -1 0
    outer loop
      vertex 7.5984907150268555 1 -1.8000005722045898
      vertex 7.914213180541992 1 -2.0000003814697265
      vertex 7.914213180541992 1 -1.8000005722045898
    endloop
  endfacet
  facet normal 0 0 -1
    outer loop
      vertex 7.5984907150268555 1 -1.8000005722045898
      vertex 7.914213180541992 1 -1.8000005722045898
      vertex 7.791688919067383 0.9615697860717773 -1.8000005722045898
    endloop
  endfacet
  facet normal 0 0 1
    outer loop
      vertex 7.5984907150268555 1 -0.9999990463256836
      vertex 7.780955665464058 0.9637048019440526 -0.9999990463256836
      vertex 70.94589805603027 2.7885541915893555 -0.9999990463256836
    endloop
  endfacet
  facet normal -0.1950937491009342 0.980784598707454 0
    outer loop
      vertex 7.609223968630181 -0.9978649841277247 -0.9999990463256836
      vertex 7.791688919067383 -0.9615697860717773 -0.9999990463256836
      vertex 7.791688919067383 -0.9615697860717773 -1.8000005722045898
    endloop
  endfacet
  facet normal 0 0 1
    outer loop
      vertex 7.609223968630181 -0.9978649841277247 -0.9999990463256836
      vertex 21.522077892390115 -0.20948174845533185 -0.9999990463256836
      vertex 7.791688919067383 -0.9615697860717773 -0.9999990463256836
    endloop
  endfacet
  facet normal -0.1950937491009108 -0.9807845987074587 0
    outer loop
      vertex 7.780955665464058 0.9637048019440526 -0.9999990463256836
      vertex 7.791688919067383 0.9615697860717773 -1.8000005722045898
      vertex 7.791688919067383 0.9615697860717773 -0.9999990463256836
    endloop
  endfacet
  facet normal 0 0 1
    outer loop
      vertex 7.780955665464058 0.9637048019440526 -0.9999990463256836
      vertex 7.791688919067383 0.9615697860717773 -0.9999990463256836
      vertex 70.94589805603027 2.7885541915893555 -0.9999990463256836
    endloop
  endfacet
  facet normal -0.38268530979931986 0.9238787548503313 0
    outer loop
      vertex 7.791688919067383 -0.9615697860717773 -1.8000005722045898
      vertex 7.791688919067383 -0.9615697860717773 -0.9999990463256836
      vertex 7.801799369197035 -0.9573818764356226 -0.9999990463256836
    endloop
  endfacet
  facet normal -0.3826853097993421 0.9238787548503221 3.2955489461063473e-16
    outer loop
      vertex 7.791688919067383 -0.9615697860717773 -1.8000005722045898
      vertex 7.801799369197035 -0.9573818764356226 -0.9999990463256836
      vertex 7.973676681518555 -0.8861875534057617 -1.8000005722045898
    endloop
  endfacet
  facet normal 0 0 -1
    outer loop
      vertex 7.791688919067383 -0.9615697860717773 -1.8000005722045898
      vertex 7.973676681518555 -0.8861875534057617 -1.8000005722045898
      vertex 7.914213180541992 -1 -1.8000005722045898
    endloop
  endfacet
  facet normal 0 0 1
    outer loop
      vertex 7.791688919067383 -0.9615697860717773 -0.9999990463256836
      vertex 21.522077892390115 -0.20948174845533185 -0.9999990463256836
      vertex 7.801799369197035 -0.9573818764356226 -0.9999990463256836
    endloop
  endfacet
  facet normal 0 0 -1
    outer loop
      vertex 7.791688919067383 0.9615697860717773 -1.8000005722045898
      vertex 7.914213180541992 1 -1.8000005722045898
      vertex 7.973676681518555 0.8861875534057617 -1.8000005722045898
    endloop
  endfacet
  facet normal -0.38268530979934345 -0.9238787548503216 0
    outer loop
      vertex 7.791688919067383 0.9615697860717773 -1.8000005722045898
      vertex 7.963566231388903 0.8903754630419165 -0.9999990463256836
      vertex 7.791688919067383 0.9615697860717773 -0.9999990463256836
    endloop
  endfacet
  facet normal -0.3826853097993421 -0.9238787548503221 -3.302429006536632e-16
    outer loop
      vertex 7.791688919067383 0.9615697860717773 -1.8000005722045898
      vertex 7.973676681518555 0.8861875534057617 -1.8000005722045898
      vertex 7.963566231388903 0.8903754630419165 -0.9999990463256836
    endloop
  endfacet
  facet normal 0 0 1
    outer loop
      vertex 7.791688919067383 0.9615697860717773 -0.9999990463256836
      vertex 7.963566231388903 0.8903754630419165 -0.9999990463256836
      vertex 70.94589805603027 2.7885541915893555 -0.9999990463256836
    endloop
  endfacet
  facet normal -0.38268530979934345 0.9238787548503216 0
    outer loop
      vertex 7.801799369197035 -0.9573818764356226 -0.9999990463256836
      vertex 7.973676681518555 -0.8861875534057617 -0.9999990463256836
      vertex 7.973676681518555 -0.8861875534057617 -1.8000005722045898
    endloop
  endfacet
  facet normal 0 0 1
    outer loop
      vertex 7.801799369197035 -0.9573818764356226 -0.9999990463256836
      vertex 21.522077892390115 -0.20948174845533185 -0.9999990463256836
      vertex 7.973676681518555 -0.8861875534057617 -0.9999990463256836
    endloop
  endfacet
  facet normal -0.7071067811865475 0.7071067811865475 0
    outer loop
      vertex 7.914213180541992 -1 -2.0000003814697265
      vertex 7.914213180541992 -1 -1.8000005722045898
      vertex 8.137462615966797 -0.7767505645751953 -1.8000005722045898
    endloop
  endfacet
  facet normal -0.7071067811865475 0.7071067811865475 0
    outer loop
      vertex 7.914213180541992 -1 -2.0000003814697265
      vertex 8.137462615966797 -0.7767505645751953 -1.8000005722045898
      vertex 8.276750564575195 -0.6374626159667969 -1.8000005722045898
    endloop
  endfacet
  facet normal -0.7071067811865476 0.7071067811865476 0
    outer loop
      vertex 7.914213180541992 -1 -2.0000003814697265
      vertex 8.276750564575195 -0.6374626159667969 -1.8000005722045898
      vertex 8.5 -0.4142131805419922 -2.0000003814697265
    endloop
  endfacet
  facet normal 0 1 0
    outer loop
      vertex 7.914213180541992 -1 -2.0000003814697265
      vertex 8.5 -1 -2.0000003814697265
      vertex 8.5 -1 -2.200000190734863
    endloop
  endfacet
  facet normal 0 0 -1
    outer loop
      vertex 7.914213180541992 -1 -2.0000003814697265
      vertex 8.5 -0.4142131805419922 -2.0000003814697265
      vertex 8.5 -1 -2.0000003814697265
    endloop
  endfacet
  facet normal 0 0 -1
    outer loop
      vertex 7.914213180541992 -1 -1.8000005722045898
      vertex 7.973676681518555 -0.8861875534057617 -1.8000005722045898
      vertex 8.137462615966797 -0.7767505645751953 -1.8000005722045898
    endloop
  endfacet
  facet normal -0.7071067811865475 -0.7071067811865475 0
    outer loop
      vertex 7.914213180541992 1 -2.0000003814697265
      vertex 8.137462615966797 0.7767505645751953 -1.8000005722045898
      vertex 7.914213180541992 1 -1.8000005722045898
    endloop
  endfacet
  facet normal -0.7071067811865476 -0.7071067811865476 0
    outer loop
      vertex 7.914213180541992 1 -2.0000003814697265
      vertex 8.5 0.4142131805419922 -2.0000003814697265
      vertex 8.137462615966797 0.7767505645751953 -1.8000005722045898
    endloop
  endfacet
  facet normal 0 -1 0
    outer loop
      vertex 7.914213180541992 1 -2.0000003814697265
      vertex 8.5 1 -2.200000190734863
      vertex 8.5 1 -2.0000003814697265
    endloop
  endfacet
  facet normal 0 0 -1
    outer loop
      vertex 7.914213180541992 1 -2.0000003814697265
      vertex 8.5 1 -2.0000003814697265
      vertex 8.5 0.4142131805419922 -2.0000003814697265
    endloop
  endfacet
  facet normal 0 0 -1
    outer loop
      vertex 7.914213180541992 1 -1.8000005722045898
      vertex 8.137462615966797 0.7767505645751953 -1.8000005722045898
      vertex 7.973676681518555 0.8861875534057617 -1.8000005722045898
    endloop
  endfacet
  facet normal -0.38268530979931986 -0.9238787548503313 0
    outer loop
      vertex 7.963566231388903 0.8903754630419165 -0.9999990463256836
      vertex 7.973676681518555 0.8861875534057617 -1.8000005722045898
      vertex 7.973676681518555 0.8861875534057617 -0.9999990463256836
    endloop
  endfacet
  facet normal 0 0 1
    outer loop
      vertex 7.963566231388903 0.8903754630419165 -0.9999990463256836
      vertex 7.973676681518555 0.8861875534057617 -0.9999990463256836
      vertex 70.94589805603027 2.7885541915893555 -0.9999990463256836
    endloop
  endfacet
  facet normal -0.555565762558893 0.8314725993515095 0
    outer loop
      vertex 7.973676681518555 -0.8861875534057617 -1.8000005722045898
      vertex 7.973676681518555 -0.8861875534057617 -0.9999990463256836
      vertex 7.982775917092823 -0.880107709338183 -0.9999990463256836
    endloop
  endfacet
  facet normal -0.5555657625588704 0.8314725993515247 -3.715220177285701e-16
    outer loop
      vertex 7.973676681518555 -0.8861875534057617 -1.8000005722045898
      vertex 7.982775917092823 -0.880107709338183 -0.9999990463256836
      vertex 8.137462615966797 -0.7767505645751953 -1.8000005722045898
    endloop
  endfacet
  facet normal 0 0 1
    outer loop
      vertex 7.973676681518555 -0.8861875534057617 -0.9999990463256836
      vertex 21.522077892390115 -0.20948174845533185 -0.9999990463256836
      vertex 7.982775917092823 -0.880107709338183 -0.9999990463256836
    endloop
  endfacet
  facet normal -0.5555657625588689 -0.8314725993515255 0
    outer loop
      vertex 7.973676681518555 0.8861875534057617 -1.8000005722045898
      vertex 8.128363380392528 0.782830408642774 -0.9999990463256836
      vertex 7.973676681518555 0.8861875534057617 -0.9999990463256836
    endloop
  endfacet
  facet normal -0.5555657625588704 -0.8314725993515247 3.742740326747076e-16
    outer loop
      vertex 7.973676681518555 0.8861875534057617 -1.8000005722045898
      vertex 8.137462615966797 0.7767505645751953 -1.8000005722045898
      vertex 8.128363380392528 0.782830408642774 -0.9999990463256836
    endloop
  endfacet
  facet normal 0 0 1
    outer loop
      vertex 7.973676681518555 0.8861875534057617 -0.9999990463256836
      vertex 8.128363380392528 0.782830408642774 -0.9999990463256836
      vertex 70.94589805603027 2.7885541915893555 -0.9999990463256836
    endloop
  endfacet
  facet normal -0.5555657625588689 0.8314725993515255 0
    outer loop
      vertex 7.982775917092823 -0.880107709338183 -0.9999990463256836
      vertex 8.137462615966797 -0.7767505645751953 -0.9999990463256836
      vertex 8.137462615966797 -0.7767505645751953 -1.8000005722045898
    endloop
  endfacet
  facet normal 0 0 1
    outer loop
      vertex 7.982775917092823 -0.880107709338183 -0.9999990463256836
      vertex 21.522077892390115 -0.20948174845533185 -0.9999990463256836
      vertex 8.137462615966797 -0.7767505645751953 -0.9999990463256836
    endloop
  endfacet
  facet normal 0 1 0
    outer loop
      vertex 7.9956669095356965 -2.1217613220214844 -5.799999237060547
      vertex 8.5 -2.1217613220214844 -2.4
      vertex 8.55099985885623 -2.1217613220214844 -5.799999237060547
    endloop
  endfacet
  facet normal -0.555565762558893 -0.8314725993515095 0
    outer loop
      vertex 8.128363380392528 0.782830408642774 -0.9999990463256836
      vertex 8.137462615966797 0.7767505645751953 -1.8000005722045898
      vertex 8.137462615966797 0.7767505645751953 -0.9999990463256836
    endloop
  endfacet
  facet normal 0 0 1
    outer loop
      vertex 8.128363380392528 0.782830408642774 -0.9999990463256836
      vertex 8.137462615966797 0.7767505645751953 -0.9999990463256836
      vertex 70.94589805603027 2.7885541915893555 -0.9999990463256836
    endloop
  endfacet
  facet normal -0.7071067811865476 0.7071067811865476 0
    outer loop
      vertex 8.137462615966797 -0.7767505645751953 -1.8000005722045898
      vertex 8.137462615966797 -0.7767505645751953 -0.9999990463256836
      vertex 8.26901233075607 -0.6452008497859225 -0.9999990463256836
    endloop
  endfacet
  facet normal -0.7071067811865476 0.7071067811865476 0
    outer loop
      vertex 8.137462615966797 -0.7767505645751953 -1.8000005722045898
      vertex 8.26901233075607 -0.6452008497859225 -0.9999990463256836
      vertex 8.276750564575195 -0.6374626159667969 -1.8000005722045898
    endloop
  endfacet
  facet normal 0 0 1
    outer loop
      vertex 8.137462615966797 -0.7767505645751953 -0.9999990463256836
      vertex 21.522077892390115 -0.20948174845533185 -0.9999990463256836
      vertex 8.26901233075607 -0.6452008497859225 -0.9999990463256836
    endloop
  endfacet
  facet normal -0.7071067811865475 -0.7071067811865475 0
    outer loop
      vertex 8.137462615966797 0.7767505645751953 -1.8000005722045898
      vertex 8.145200849785923 0.7690123307560697 -0.9999990463256836
      vertex 8.137462615966797 0.7767505645751953 -0.9999990463256836
    endloop
  endfacet
  facet normal -0.7071067811865476 -0.7071067811865476 0
    outer loop
      vertex 8.137462615966797 0.7767505645751953 -1.8000005722045898
      vertex 8.276750564575195 0.6374626159667969 -1.8000005722045898
      vertex 8.145200849785923 0.7690123307560697 -0.9999990463256836
    endloop
  endfacet
  facet normal -0.7071067811865475 -0.7071067811865475 0
    outer loop
      vertex 8.137462615966797 0.7767505645751953 -1.8000005722045898
      vertex 8.5 0.4142131805419922 -2.0000003814697265
      vertex 8.276750564575195 0.6374626159667969 -1.8000005722045898
    endloop
  endfacet
  facet normal 0 0 1
    outer loop
      vertex 8.137462615966797 0.7767505645751953 -0.9999990463256836
      vertex 8.145200849785923 0.7690123307560697 -0.9999990463256836
      vertex 70.94589805603027 2.7885541915893555 -0.9999990463256836
    endloop
  endfacet
  facet normal -0.7071067811865476 -0.7071067811865476 0
    outer loop
      vertex 8.145200849785923 0.7690123307560697 -0.9999990463256836
      vertex 8.276750564575195 0.6374626159667969 -1.8000005722045898
      vertex 8.276750564575195 0.6374626159667969 -0.9999990463256836
    endloop
  endfacet
  facet normal 0 0 1
    outer loop
      vertex 8.145200849785923 0.7690123307560697 -0.9999990463256836
      vertex 8.276750564575195 0.6374626159667969 -0.9999990463256836
      vertex 70.94589805603027 2.7885541915893555 -0.9999990463256836
    endloop
  endfacet
  facet normal -0.7071067811865475 0.7071067811865475 0
    outer loop
      vertex 8.26901233075607 -0.6452008497859225 -0.9999990463256836
      vertex 8.276750564575195 -0.6374626159667969 -0.9999990463256836
      vertex 8.276750564575195 -0.6374626159667969 -1.8000005722045898
    endloop
  endfacet
  facet normal 0 0 1
    outer loop
      vertex 8.26901233075607 -0.6452008497859225 -0.9999990463256836
      vertex 21.522077892390115 -0.20948174845533185 -0.9999990463256836
      vertex 8.276750564575195 -0.6374626159667969 -0.9999990463256836
    endloop
  endfacet
  facet normal -0.8314725993515408 0.5555657625588462 0
    outer loop
      vertex 8.276750564575195 -0.6374626159667969 -1.8000005722045898
      vertex 8.276750564575195 -0.6374626159667969 -0.9999990463256836
      vertex 8.282830408642774 -0.6283633803925279 -0.9999990463256836
    endloop
  endfacet
  facet normal -0.8314725993515236 0.5555657625588717 -4.2153768608338446e-16
    outer loop
      vertex 8.276750564575195 -0.6374626159667969 -1.8000005722045898
      vertex 8.282830408642774 -0.6283633803925279 -0.9999990463256836
      vertex 8.357848811696197 -0.5160890993088001 -0.9999990463256836
    endloop
  endfacet
  facet normal -0.8314725993515247 0.5555657625588704 -1.1008059784550224e-16
    outer loop
      vertex 8.276750564575195 -0.6374626159667969 -1.8000005722045898
      vertex 8.357848811696197 -0.5160890993088001 -0.9999990463256836
      vertex 8.386187553405762 -0.4736766815185547 -1.8000005722045898
    endloop
  endfacet
  facet normal 0 0 -1
    outer loop
      vertex 8.276750564575195 -0.6374626159667969 -1.8000005722045898
      vertex 8.386187553405762 -0.4736766815185547 -1.8000005722045898
      vertex 8.5 -0.4142131805419922 -1.8000005722045898
    endloop
  endfacet
  facet normal -0.7071067811865475 0.7071067811865475 0
    outer loop
      vertex 8.276750564575195 -0.6374626159667969 -1.8000005722045898
      vertex 8.5 -0.4142131805419922 -1.8000005722045898
      vertex 8.5 -0.4142131805419922 -2.0000003814697265
    endloop
  endfacet
  facet normal 0 0 1
    outer loop
      vertex 8.276750564575195 -0.6374626159667969 -0.9999990463256836
      vertex 21.522077892390115 -0.20948174845533185 -0.9999990463256836
      vertex 8.282830408642774 -0.6283633803925279 -0.9999990463256836
    endloop
  endfacet
  facet normal -0.8314725993515215 -0.555565762558875 0
    outer loop
      vertex 8.276750564575195 0.6374626159667969 -1.8000005722045898
      vertex 8.357624946761522 0.5164241407596655 -0.9999990463256836
      vertex 8.276750564575195 0.6374626159667969 -0.9999990463256836
    endloop
  endfacet
  facet normal -0.8314725993515247 -0.5555657625588704 1.0237495599631708e-15
    outer loop
      vertex 8.276750564575195 0.6374626159667969 -1.8000005722045898
      vertex 8.386187553405762 0.4736766815185547 -1.8000005722045898
      vertex 8.357624946761522 0.5164241407596655 -0.9999990463256836
    endloop
  endfacet
  facet normal -0.7071067811865475 -0.7071067811865475 0
    outer loop
      vertex 8.276750564575195 0.6374626159667969 -1.8000005722045898
      vertex 8.5 0.4142131805419922 -2.0000003814697265
      vertex 8.5 0.4142131805419922 -1.8000005722045898
    endloop
  endfacet
  facet normal 0 0 -1
    outer loop
      vertex 8.276750564575195 0.6374626159667969 -1.8000005722045898
      vertex 8.5 0.4142131805419922 -1.8000005722045898
      vertex 8.386187553405762 0.4736766815185547 -1.8000005722045898
    endloop
  endfacet
  facet normal 0 0 1
    outer loop
      vertex 8.276750564575195 0.6374626159667969 -0.9999990463256836
      vertex 8.357624946761522 0.5164241407596655 -0.9999990463256836
      vertex 70.94589805603027 2.7885541915893555 -0.9999990463256836
    endloop
  endfacet
  facet normal 0 0 1
    outer loop
      vertex 8.282830408642774 -0.6283633803925279 -0.9999990463256836
      vertex 21.522077892390115 -0.20948174845533185 -0.9999990463256836
      vertex 8.357848811696197 -0.5160890993088001 -0.9999990463256836
    endloop
  endfacet
  facet normal 0 0 1
    outer loop
      vertex 8.357624946761522 0.5164241407596655 -0.9999990463256836
      vertex 8.380107709338183 0.4827759170928235 -0.9999990463256836
      vertex 21.69318029542638 0.5924604439834105 -0.9999990463256836
    endloop
  endfacet
  facet normal -0.8314725993515325 -0.5555657625588587 1.3060802568087024e-16
    outer loop
      vertex 8.357624946761522 0.5164241407596655 -0.9999990463256836
      vertex 8.386187553405762 0.4736766815185547 -1.8000005722045898
      vertex 8.380107709338183 0.4827759170928235 -0.9999990463256836
    endloop
  endfacet
  facet normal 0 0 1
    outer loop
      vertex 8.357624946761522 0.5164241407596655 -0.9999990463256836
      vertex 21.69318029542638 0.5924604439834105 -0.9999990463256836
      vertex 21.723249435424805 0.6374626159667969 -0.9999990463256836
    endloop
  endfacet
  facet normal 0 0 1
    outer loop
      vertex 8.357624946761522 0.5164241407596655 -0.9999990463256836
      vertex 21.723249435424805 0.6374626159667969 -0.9999990463256836
      vertex 21.73098766924393 0.6452008497859225 -0.9999990463256836
    endloop
  endfacet
  facet normal 0 0 1
    outer loop
      vertex 8.357624946761522 0.5164241407596655 -0.9999990463256836
      vertex 21.73098766924393 0.6452008497859225 -0.9999990463256836
      vertex 21.862537384033203 0.7767505645751953 -0.9999990463256836
    endloop
  endfacet
  facet normal 0 0 1
    outer loop
      vertex 8.357624946761522 0.5164241407596655 -0.9999990463256836
      vertex 21.862537384033203 0.7767505645751953 -0.9999990463256836
      vertex 21.87163661960747 0.782830408642774 -0.9999990463256836
    endloop
  endfacet
  facet normal 0 0 1
    outer loop
      vertex 8.357624946761522 0.5164241407596655 -0.9999990463256836
      vertex 21.87163661960747 0.782830408642774 -0.9999990463256836
      vertex 22.026323318481445 0.8861875534057617 -0.9999990463256836
    endloop
  endfacet
  facet normal 0 0 1
    outer loop
      vertex 8.357624946761522 0.5164241407596655 -0.9999990463256836
      vertex 22.026323318481445 0.8861875534057617 -0.9999990463256836
      vertex 22.036433768611097 0.8903754630419165 -0.9999990463256836
    endloop
  endfacet
  facet normal 0 0 1
    outer loop
      vertex 8.357624946761522 0.5164241407596655 -0.9999990463256836
      vertex 22.036433768611097 0.8903754630419165 -0.9999990463256836
      vertex 22.208311080932617 0.9615697860717773 -0.9999990463256836
    endloop
  endfacet
  facet normal 0 0 1
    outer loop
      vertex 8.357624946761522 0.5164241407596655 -0.9999990463256836
      vertex 22.208311080932617 0.9615697860717773 -0.9999990463256836
      vertex 22.219044334535944 0.9637048019440526 -0.9999990463256836
    endloop
  endfacet
  facet normal 0 0 1
    outer loop
      vertex 8.357624946761522 0.5164241407596655 -0.9999990463256836
      vertex 22.219044334535944 0.9637048019440526 -0.9999990463256836
      vertex 22.401509284973145 1 -0.9999990463256836
    endloop
  endfacet
  facet normal 0 0 1
    outer loop
      vertex 8.357624946761522 0.5164241407596655 -0.9999990463256836
      vertex 22.401509284973145 1 -0.9999990463256836
      vertex 70.94589805603027 2.7885541915893555 -0.9999990463256836
    endloop
  endfacet
  facet normal -0.8314725993515236 0.5555657625588717 0
    outer loop
      vertex 8.357848811696197 -0.5160890993088001 -0.9999990463256836
      vertex 8.386187553405762 -0.4736766815185547 -0.9999990463256836
      vertex 8.386187553405762 -0.4736766815185547 -1.8000005722045898
    endloop
  endfacet
  facet normal 0 0 1
    outer loop
      vertex 8.357848811696197 -0.5160890993088001 -0.9999990463256836
      vertex 21.5 -0.09849071502685547 -0.9999990463256836
      vertex 21.5 -0.0875472818080433 -0.9999990463256836
    endloop
  endfacet
  facet normal 0 0 1
    outer loop
      vertex 8.357848811696197 -0.5160890993088001 -0.9999990463256836
      vertex 21.5 -0.0875472818080433 -0.9999990463256836
      vertex 21.5 0.09849071502685547 -0.9999990463256836
    endloop
  endfacet
  facet normal 0 0 1
    outer loop
      vertex 8.357848811696197 -0.5160890993088001 -0.9999990463256836
      vertex 21.5 0.09849071502685547 -0.9999990463256836
      vertex 21.502135015872277 0.10922396863017972 -0.9999990463256836
    endloop
  endfacet
  facet normal 0 0 1
    outer loop
      vertex 8.357848811696197 -0.5160890993088001 -0.9999990463256836
      vertex 21.502135015872277 0.10922396863017972 -0.9999990463256836
      vertex 21.5159464071491 0.1786572534660943 -0.9999990463256836
    endloop
  endfacet
  facet normal 0 0 1
    outer loop
      vertex 8.357848811696197 -0.5160890993088001 -0.9999990463256836
      vertex 21.5159464071491 0.1786572534660943 -0.9999990463256836
      vertex 8.386187553405762 -0.4736766815185547 -0.9999990463256836
    endloop
  endfacet
  facet normal 0 0 1
    outer loop
      vertex 8.357848811696197 -0.5160890993088001 -0.9999990463256836
      vertex 21.522077892390115 -0.20948174845533185 -0.9999990463256836
      vertex 21.5 -0.09849071502685547 -0.9999990463256836
    endloop
  endfacet
  facet normal -0.8314725993515377 -0.5555657625588508 0
    outer loop
      vertex 8.380107709338183 0.4827759170928235 -0.9999990463256836
      vertex 8.386187553405762 0.4736766815185547 -1.8000005722045898
      vertex 8.386187553405762 0.4736766815185547 -0.9999990463256836
    endloop
  endfacet
  facet normal 0 0 1
    outer loop
      vertex 8.380107709338183 0.4827759170928235 -0.9999990463256836
      vertex 8.386187553405762 0.4736766815185547 -0.9999990463256836
      vertex 21.69318029542638 0.5924604439834105 -0.9999990463256836
    endloop
  endfacet
  facet normal -0.9238787548503253 0.38268530979933413 0
    outer loop
      vertex 8.386187553405762 -0.4736766815185547 -1.8000005722045898
      vertex 8.386187553405762 -0.4736766815185547 -0.9999990463256836
      vertex 8.390375463041917 -0.4635662313889033 -0.9999990463256836
    endloop
  endfacet
  facet normal -0.9238787548503221 0.3826853097993421 -1.1696102731483906e-16
    outer loop
      vertex 8.386187553405762 -0.4736766815185547 -1.8000005722045898
      vertex 8.390375463041917 -0.4635662313889033 -0.9999990463256836
      vertex 8.461569786071777 -0.2916889190673828 -1.8000005722045898
    endloop
  endfacet
  facet normal 0 0 -1
    outer loop
      vertex 8.386187553405762 -0.4736766815185547 -1.8000005722045898
      vertex 8.461569786071777 -0.2916889190673828 -1.8000005722045898
      vertex 8.5 -0.4142131805419922 -1.8000005722045898
    endloop
  endfacet
  facet normal 0 0 1
    outer loop
      vertex 8.386187553405762 -0.4736766815185547 -0.9999990463256836
      vertex 21.5159464071491 0.1786572534660943 -0.9999990463256836
      vertex 8.390375463041917 -0.4635662313889033 -0.9999990463256836
    endloop
  endfacet
  facet normal -0.923878754850322 -0.38268530979934257 0
    outer loop
      vertex 8.386187553405762 0.4736766815185547 -1.8000005722045898
      vertex 8.457381876435623 0.3017993691970342 -0.9999990463256836
      vertex 8.386187553405762 0.4736766815185547 -0.9999990463256836
    endloop
  endfacet
  facet normal -0.9238787548503221 -0.3826853097993421 1.2108906357300984e-16
    outer loop
      vertex 8.386187553405762 0.4736766815185547 -1.8000005722045898
      vertex 8.461569786071777 0.2916889190673828 -1.8000005722045898
      vertex 8.457381876435623 0.3017993691970342 -0.9999990463256836
    endloop
  endfacet
  facet normal 0 0 -1
    outer loop
      vertex 8.386187553405762 0.4736766815185547 -1.8000005722045898
      vertex 8.5 0.4142131805419922 -1.8000005722045898
      vertex 8.461569786071777 0.2916889190673828 -1.8000005722045898
    endloop
  endfacet
  facet normal 0 0 1
    outer loop
      vertex 8.386187553405762 0.4736766815185547 -0.9999990463256836
      vertex 8.457381876435623 0.3017993691970342 -0.9999990463256836
      vertex 21.69318029542638 0.5924604439834105 -0.9999990463256836
    endloop
  endfacet
  facet normal -0.923878754850322 0.38268530979934257 0
    outer loop
      vertex 8.390375463041917 -0.4635662313889033 -0.9999990463256836
      vertex 8.461569786071777 -0.2916889190673828 -0.9999990463256836
      vertex 8.461569786071777 -0.2916889190673828 -1.8000005722045898
    endloop
  endfacet
  facet normal 0 0 1
    outer loop
      vertex 8.390375463041917 -0.4635662313889033 -0.9999990463256836
      vertex 21.5159464071491 0.1786572534660943 -0.9999990463256836
      vertex 8.461569786071777 -0.2916889190673828 -0.9999990463256836
    endloop
  endfacet
  facet normal -0.9238787548503253 -0.38268530979933413 0
    outer loop
      vertex 8.457381876435623 0.3017993691970342 -0.9999990463256836
      vertex 8.461569786071777 0.2916889190673828 -1.8000005722045898
      vertex 8.461569786071777 0.2916889190673828 -0.9999990463256836
    endloop
  endfacet
  facet normal 0 0 1
    outer loop
      vertex 8.457381876435623 0.3017993691970342 -0.9999990463256836
      vertex 8.461569786071777 0.2916889190673828 -0.9999990463256836
      vertex 21.69318029542638 0.5924604439834105 -0.9999990463256836
    endloop
  endfacet
  facet normal -0.9807845987074284 0.1950937491010629 0
    outer loop
      vertex 8.461569786071777 -0.2916889190673828 -1.8000005722045898
      vertex 8.461569786071777 -0.2916889190673828 -0.9999990463256836
      vertex 8.463704801944054 -0.2809556654640586 -0.9999990463256836
    endloop
  endfacet
  facet normal -0.9807845987074544 0.1950937491009329 1.8135745651758296e-15
    outer loop
      vertex 8.461569786071777 -0.2916889190673828 -1.8000005722045898
      vertex 8.463704801944054 -0.2809556654640586 -0.9999990463256836
      vertex 8.5 -0.09849071502685547 -1.8000005722045898
    endloop
  endfacet
  facet normal 0 0 -1
    outer loop
      vertex 8.461569786071777 -0.2916889190673828 -1.8000005722045898
      vertex 8.5 -0.09849071502685547 -1.8000005722045898
      vertex 8.5 -0.4142131805419922 -1.8000005722045898
    endloop
  endfacet
  facet normal 0 0 1
    outer loop
      vertex 8.461569786071777 -0.2916889190673828 -0.9999990463256836
      vertex 21.5159464071491 0.1786572534660943 -0.9999990463256836
      vertex 8.463704801944054 -0.2809556654640586 -0.9999990463256836
    endloop
  endfacet
  facet normal -0.9807845987074558 -0.19509374910092525 0
    outer loop
      vertex 8.461569786071777 0.2916889190673828 -1.8000005722045898
      vertex 8.497864984127723 0.10922396863017972 -0.9999990463256836
      vertex 8.461569786071777 0.2916889190673828 -0.9999990463256836
    endloop
  endfacet
  facet normal -0.9807845987074544 -0.1950937491009329 -1.810822555213499e-15
    outer loop
      vertex 8.461569786071777 0.2916889190673828 -1.8000005722045898
      vertex 8.5 0.09849071502685547 -1.8000005722045898
      vertex 8.497864984127723 0.10922396863017972 -0.9999990463256836
    endloop
  endfacet
  facet normal 0 0 -1
    outer loop
      vertex 8.461569786071777 0.2916889190673828 -1.8000005722045898
      vertex 8.5 0.4142131805419922 -1.8000005722045898
      vertex 8.5 0.09849071502685547 -1.8000005722045898
    endloop
  endfacet
  facet normal 0 0 1
    outer loop
      vertex 8.461569786071777 0.2916889190673828 -0.9999990463256836
      vertex 8.497864984127723 0.10922396863017972 -0.9999990463256836
      vertex 21.69318029542638 0.5924604439834105 -0.9999990463256836
    endloop
  endfacet
  facet normal -0.9807845987074558 0.19509374910092525 0
    outer loop
      vertex 8.463704801944054 -0.2809556654640586 -0.9999990463256836
      vertex 8.5 -0.09849071502685547 -0.9999990463256836
      vertex 8.5 -0.09849071502685547 -1.8000005722045898
    endloop
  endfacet
  facet normal 0 0 1
    outer loop
      vertex 8.463704801944054 -0.2809556654640586 -0.9999990463256836
      vertex 21.5159464071491 0.1786572534660943 -0.9999990463256836
      vertex 8.5 -0.09849071502685547 -0.9999990463256836
    endloop
  endfacet
  facet normal -0.9807845987074286 -0.19509374910106247 0
    outer loop
      vertex 8.497864984127723 0.10922396863017972 -0.9999990463256836
      vertex 8.5 0.09849071502685547 -1.8000005722045898
      vertex 8.5 0.09849071502685547 -0.9999990463256836
    endloop
  endfacet
  facet normal 0 0 1
    outer loop
      vertex 8.497864984127723 0.10922396863017972 -0.9999990463256836
      vertex 8.5 0.09849071502685547 -0.9999990463256836
      vertex 21.69318029542638 0.5924604439834105 -0.9999990463256836
    endloop
  endfacet
  facet normal -1 0 0
    outer loop
      vertex 8.5 -2.1217613220214844 -2.4
      vertex 8.5 -2.1217613220214844 -2.200000190734863
      vertex 8.5 -1 -2.200000190734863
    endloop
  endfacet
  facet normal -1 0 0
    outer loop
      vertex 8.5 -2.1217613220214844 -2.4
      vertex 8.5 -1 -2.200000190734863
      vertex 8.5 2.1217613220214844 -2.4
    endloop
  endfacet
  facet normal 0 0 -1
    outer loop
      vertex 8.5 -2.1217613220214844 -2.4
      vertex 8.5 2.1217613220214844 -2.4
      vertex 9.949999809265137 0 -2.4
    endloop
  endfacet
  facet normal 0 1 0
    outer loop
      vertex 8.5 -2.1217613220214844 -2.4
      vertex 8.72499942779541 -2.1217613220214844 -2.4
      vertex 8.55099985885623 -2.1217613220214844 -5.799999237060547
    endloop
  endfacet
  facet normal 0 0 -1
    outer loop
      vertex 8.5 -2.1217613220214844 -2.4
      vertex 9.949999809265137 0 -2.4
      vertex 8.72499942779541 -2.1217613220214844 -2.4
    endloop
  endfacet
  facet normal -1 0 0
    outer loop
      vertex 8.5 -1 -2.200000190734863
      vertex 8.5 -1 -2.0000003814697265
      vertex 8.5 -0.4142131805419922 -2.0000003814697265
    endloop
  endfacet
  facet normal -1 0 0
    outer loop
      vertex 8.5 -1 -2.200000190734863
      vertex 8.5 -0.4142131805419922 -2.0000003814697265
      vertex 8.5 1 -2.200000190734863
    endloop
  endfacet
  facet normal -1 0 0
    outer loop
      vertex 8.5 -1 -2.200000190734863
      vertex 8.5 1 -2.200000190734863
      vertex 8.5 2.1217613220214844 -2.4
    endloop
  endfacet
  facet normal -1 0 0
    outer loop
      vertex 8.5 -0.4142131805419922 -2.0000003814697265
      vertex 8.5 -0.4142131805419922 -1.8000005722045898
      vertex 8.5 -0.09849071502685547 -1.8000005722045898
    endloop
  endfacet
  facet normal -1 0 0
    outer loop
      vertex 8.5 -0.4142131805419922 -2.0000003814697265
      vertex 8.5 -0.09849071502685547 -1.8000005722045898
      vertex 8.5 0.4142131805419922 -2.0000003814697265
    endloop
  endfacet
  facet normal -1 0 0
    outer loop
      vertex 8.5 -0.4142131805419922 -2.0000003814697265
      vertex 8.5 0.4142131805419922 -2.0000003814697265
      vertex 8.5 1 -2.200000190734863
    endloop
  endfacet
  facet normal -1 0 0
    outer loop
      vertex 8.5 -0.09849071502685547 -1.8000005722045898
      vertex 8.5 -0.09849071502685547 -0.9999990463256836
      vertex 8.5 0.004199286525029086 -0.9999990463256836
    endloop
  endfacet
  facet normal -1 0 0
    outer loop
      vertex 8.5 -0.09849071502685547 -1.8000005722045898
      vertex 8.5 0.004199286525029086 -0.9999990463256836
      vertex 8.5 0.09849071502685547 -1.8000005722045898
    endloop
  endfacet
  facet normal -1 0 0
    outer loop
      vertex 8.5 -0.09849071502685547 -1.8000005722045898
      vertex 8.5 0.09849071502685547 -1.8000005722045898
      vertex 8.5 0.4142131805419922 -2.0000003814697265
    endloop
  endfacet
  facet normal 0 0 1
    outer loop
      vertex 8.5 -0.09849071502685547 -0.9999990463256836
      vertex 21.5159464071491 0.1786572534660943 -0.9999990463256836
      vertex 8.5 0.004199286525029086 -0.9999990463256836
    endloop
  endfacet
  facet normal -1 0 0
    outer loop
      vertex 8.5 0.004199286525029086 -0.9999990463256836
      vertex 8.5 0.0875472818080433 -0.9999990463256836
      vertex 8.5 0.09849071502685547 -1.8000005722045898
    endloop
  endfacet
  facet normal 0 0 1
    outer loop
      vertex 8.5 0.004199286525029086 -0.9999990463256836
      vertex 21.5159464071491 0.1786572534660943 -0.9999990463256836
      vertex 21.538430213928223 0.2916889190673828 -0.9999990463256836
    endloop
  endfacet
  facet normal 0 0 1
    outer loop
      vertex 8.5 0.004199286525029086 -0.9999990463256836
      vertex 21.538430213928223 0.2916889190673828 -0.9999990463256836
      vertex 21.54261812356438 0.3017993691970342 -0.9999990463256836
    endloop
  endfacet
  facet normal 0 0 1
    outer loop
      vertex 8.5 0.004199286525029086 -0.9999990463256836
      vertex 21.54261812356438 0.3017993691970342 -0.9999990463256836
      vertex 21.61381244659424 0.4736766815185547 -0.9999990463256836
    endloop
  endfacet
  facet normal 0 0 1
    outer loop
      vertex 8.5 0.004199286525029086 -0.9999990463256836
      vertex 21.61381244659424 0.4736766815185547 -0.9999990463256836
      vertex 21.619892290661817 0.4827759170928235 -0.9999990463256836
    endloop
  endfacet
  facet normal 0 0 1
    outer loop
      vertex 8.5 0.004199286525029086 -0.9999990463256836
      vertex 21.619892290661817 0.4827759170928235 -0.9999990463256836
      vertex 21.69318029542638 0.5924604439834105 -0.9999990463256836
    endloop
  endfacet
  facet normal 0 0 1
    outer loop
      vertex 8.5 0.004199286525029086 -0.9999990463256836
      vertex 21.69318029542638 0.5924604439834105 -0.9999990463256836
      vertex 8.5 0.0875472818080433 -0.9999990463256836
    endloop
  endfacet
  facet normal -1 0 0
    outer loop
      vertex 8.5 0.0875472818080433 -0.9999990463256836
      vertex 8.5 0.09849071502685547 -0.9999990463256836
      vertex 8.5 0.09849071502685547 -1.8000005722045898
    endloop
  endfacet
  facet normal 0 0 1
    outer loop
      vertex 8.5 0.0875472818080433 -0.9999990463256836
      vertex 21.69318029542638 0.5924604439834105 -0.9999990463256836
      vertex 8.5 0.09849071502685547 -0.9999990463256836
    endloop
  endfacet
  facet normal -1 0 0
    outer loop
      vertex 8.5 0.09849071502685547 -1.8000005722045898
      vertex 8.5 0.4142131805419922 -1.8000005722045898
      vertex 8.5 0.4142131805419922 -2.0000003814697265
    endloop
  endfacet
  facet normal -1 0 0
    outer loop
      vertex 8.5 0.4142131805419922 -2.0000003814697265
      vertex 8.5 1 -2.0000003814697265
      vertex 8.5 1 -2.200000190734863
    endloop
  endfacet
  facet normal -1 0 0
    outer loop
      vertex 8.5 1 -2.200000190734863
      vertex 8.5 2.1217613220214844 -2.200000190734863
      vertex 8.5 2.1217613220214844 -2.4
    endloop
  endfacet
  facet normal 0 -1 0
    outer loop
      vertex 8.5 2.1217613220214844 -2.4
      vertex 8.55099985885623 2.1217613220214844 -5.799999237060547
      vertex 8.72499942779541 2.1217613220214844 -2.4
    endloop
  endfacet
  facet normal 0 0 -1
    outer loop
      vertex 8.5 2.1217613220214844 -2.4
      vertex 8.72499942779541 2.1217613220214844 -2.4
      vertex 9.949999809265137 0 -2.4
    endloop
  endfacet
  facet normal 0 1 0
    outer loop
      vertex 8.55099985885623 -2.1217613220214844 -5.799999237060547
      vertex 8.72499942779541 -2.1217613220214844 -2.4
      vertex 8.72499942779541 -2.1217613220214844 -5.799999237060547
    endloop
  endfacet
  facet normal 0 -1 0
    outer loop
      vertex 8.55099985885623 2.1217613220214844 -5.799999237060547
      vertex 8.72499942779541 2.1217613220214844 -5.799999237060547
      vertex 8.72499942779541 2.1217613220214844 -2.4
    endloop
  endfacet
  facet normal -0.8660252427664625 0.500000278891212 0
    outer loop
      vertex 8.72499942779541 -2.1217613220214844 -5.799999237060547
      vertex 8.72499942779541 -2.1217613220214844 -2.4
      vertex 9.67233311843874 -0.48093245840650833 -5.799999237060547
    endloop
  endfacet
  facet normal 0 0 -1
    outer loop
      vertex 8.72499942779541 -2.1217613220214844 -5.799999237060547
      vertex 9.67233311843874 -0.48093245840650833 -5.799999237060547
      vertex 21.27500057220459 -2.1217613220214844 -5.799999237060547
    endloop
  endfacet
  facet normal -0.8660252427664623 0.5000002788912121 5.3312055091845495e-17
    outer loop
      vertex 8.72499942779541 -2.1217613220214844 -2.4
      vertex 9.949999809265137 0 -2.4
      vertex 9.67233311843874 -0.48093245840650833 -5.799999237060547
    endloop
  endfacet
  facet normal -0.8660252427664635 -0.5000002788912101 0
    outer loop
      vertex 8.72499942779541 2.1217613220214844 -5.799999237060547
      vertex 8.984149251958126 1.6729009936210804 -5.799999237060547
      vertex 8.72499942779541 2.1217613220214844 -2.4
    endloop
  endfacet
  facet normal 0 0 -1
    outer loop
      vertex 8.72499942779541 2.1217613220214844 -5.799999237060547
      vertex 21.173689315492965 1.946285208521656 -5.799999237060547
      vertex 8.984149251958126 1.6729009936210804 -5.799999237060547
    endloop
  endfacet
  facet normal 0 0 -1
    outer loop
      vertex 8.72499942779541 2.1217613220214844 -5.799999237060547
      vertex 21.27500057220459 2.1217613220214844 -5.799999237060547
      vertex 21.173689315492965 1.946285208521656 -5.799999237060547
    endloop
  endfacet
  facet normal -0.8660252427664109 -0.5000002788913013 1.546642687894183e-14
    outer loop
      vertex 8.72499942779541 2.1217613220214844 -2.4
      vertex 8.984149251958126 1.6729009936210804 -5.799999237060547
      vertex 8.991010846012486 1.6610163729367313 -5.799999237060547
    endloop
  endfacet
  facet normal -0.8660252427664925 -0.5000002788911599 -9.366277092157522e-15
    outer loop
      vertex 8.72499942779541 2.1217613220214844 -2.4
      vertex 8.991010846012486 1.6610163729367313 -5.799999237060547
      vertex 9.00364868044949 1.6391270178735273 -5.799999237060547
    endloop
  endfacet
  facet normal -0.8660252427664648 -0.5000002788912079 -6.845028861007344e-16
    outer loop
      vertex 8.72499942779541 2.1217613220214844 -2.4
      vertex 9.00364868044949 1.6391270178735273 -5.799999237060547
      vertex 9.021537745222961 1.6081422718296543 -5.799999237060547
    endloop
  endfacet
  facet normal -0.866025242766448 -0.5000002788912372 5.628816291925845e-15
    outer loop
      vertex 8.72499942779541 2.1217613220214844 -2.4
      vertex 9.021537745222961 1.6081422718296543 -5.799999237060547
      vertex 9.044017226449125 1.5692066971749314 -5.799999237060547
    endloop
  endfacet
  facet normal -0.8660252427664724 -0.5000002788911949 -3.88085803321508e-15
    outer loop
      vertex 8.72499942779541 2.1217613220214844 -2.4
      vertex 9.044017226449125 1.5692066971749314 -5.799999237060547
      vertex 9.070311060532294 1.5236644744873047 -5.799999237060547
    endloop
  endfacet
  facet normal -0.8660252427664601 -0.5000002788912161 1.6754634637498996e-15
    outer loop
      vertex 8.72499942779541 2.1217613220214844 -2.4
      vertex 9.070311060532294 1.5236644744873047 -5.799999237060547
      vertex 9.099545040817791 1.4730297729828972 -5.799999237060547
    endloop
  endfacet
  facet normal -0.8660252427664458 -0.5000002788912411 7.583629677349071e-15
    outer loop
      vertex 8.72499942779541 2.1217613220214844 -2.4
      vertex 9.099545040817791 1.4730297729828972 -5.799999237060547
      vertex 9.130762139810734 1.4189602116742952 -5.799999237060547
    endloop
  endfacet
  facet normal -0.86602524276647 -0.5000002788911989 -3.982667461114739e-15
    outer loop
      vertex 8.72499942779541 2.1217613220214844 -2.4
      vertex 9.130762139810734 1.4189602116742952 -5.799999237060547
      vertex 9.179955768298736 1.3337544110928201 -5.799999237060547
    endloop
  endfacet
  facet normal -0.8660252427664541 -0.5000002788912264 4.557568960557556e-15
    outer loop
      vertex 8.72499942779541 2.1217613220214844 -2.4
      vertex 9.179955768298736 1.3337544110928201 -5.799999237060547
      vertex 9.212196947505607 1.2779110921418297 -5.799999237060547
    endloop
  endfacet
  facet normal -0.866025242766465 -0.5000002788912077 -1.5784906453998466e-15
    outer loop
      vertex 8.72499942779541 2.1217613220214844 -2.4
      vertex 9.212196947505607 1.2779110921418297 -5.799999237060547
      vertex 9.243226884877156 1.2241657040296134 -5.799999237060547
    endloop
  endfacet
  facet normal -0.8660252427664754 -0.5000002788911894 -7.682281826765929e-15
    outer loop
      vertex 8.72499942779541 2.1217613220214844 -2.4
      vertex 9.243226884877156 1.2241657040296134 -5.799999237060547
      vertex 9.271917852141538 1.1744715279674671 -5.799999237060547
    endloop
  endfacet
  facet normal -0.86602524276644 -0.5000002788912509 1.4874330195935445e-14
    outer loop
      vertex 8.72499942779541 2.1217613220214844 -2.4
      vertex 9.271917852141538 1.1744715279674671 -5.799999237060547
      vertex 9.29716382288738 1.1307442564696881 -5.799999237060547
    endloop
  endfacet
  facet normal -0.8660252427664822 -0.5000002788911779 -1.415825523688337e-14
    outer loop
      vertex 8.72499942779541 2.1217613220214844 -2.4
      vertex 9.29716382288738 1.1307442564696881 -5.799999237060547
      vertex 9.317920815206914 1.0947921178979043 -5.799999237060547
    endloop
  endfacet
  facet normal -0.8660252427664483 -0.5000002788912363 1.0647551353258499e-14
    outer loop
      vertex 8.72499942779541 2.1217613220214844 -2.4
      vertex 9.317920815206914 1.0947921178979043 -5.799999237060547
      vertex 9.333254690024166 1.068233087389745 -5.799999237060547
    endloop
  endfacet
  facet normal -0.8660252427664623 -0.5000002788912121 -1.3328013772961374e-16
    outer loop
      vertex 8.72499942779541 2.1217613220214844 -2.4
      vertex 9.333254690024166 1.068233087389745 -5.799999237060547
      vertex 9.949999809265137 0 -2.4
    endloop
  endfacet
  facet normal 0 0 -1
    outer loop
      vertex 8.984149251958126 1.6729009936210804 -5.799999237060547
      vertex 21.153789825349776 1.9118183061823157 -5.799999237060547
      vertex 8.991010846012486 1.6610163729367313 -5.799999237060547
    endloop
  endfacet
  facet normal 0 0 -1
    outer loop
      vertex 8.984149251958126 1.6729009936210804 -5.799999237060547
      vertex 21.173689315492965 1.946285208521656 -5.799999237060547
      vertex 21.153789825349776 1.9118183061823157 -5.799999237060547
    endloop
  endfacet
  facet normal 0 0 -1
    outer loop
      vertex 8.991010846012486 1.6610163729367313 -5.799999237060547
      vertex 21.11735485030632 1.848711125167997 -5.799999237060547
      vertex 9.00364868044949 1.6391270178735273 -5.799999237060547
    endloop
  endfacet
  facet normal 0 0 -1
    outer loop
      vertex 8.991010846012486 1.6610163729367313 -5.799999237060547
      vertex 21.153789825349776 1.9118183061823157 -5.799999237060547
      vertex 21.11735485030632 1.848711125167997 -5.799999237060547
    endloop
  endfacet
  facet normal 0 0 -1
    outer loop
      vertex 9.00364868044949 1.6391270178735273 -5.799999237060547
      vertex 21.066254561884975 1.7602028951652673 -5.799999237060547
      vertex 9.021537745222961 1.6081422718296543 -5.799999237060547
    endloop
  endfacet
  facet normal 0 0 -1
    outer loop
      vertex 9.00364868044949 1.6391270178735273 -5.799999237060547
      vertex 21.11735485030632 1.848711125167997 -5.799999237060547
      vertex 21.066254561884975 1.7602028951652673 -5.799999237060547
    endloop
  endfacet
  facet normal 0 0 -1
    outer loop
      vertex 9.021537745222961 1.6081422718296543 -5.799999237060547
      vertex 21.002816915698837 1.6503257505750493 -5.799999237060547
      vertex 9.044017226449125 1.5692066971749314 -5.799999237060547
    endloop
  endfacet
  facet normal 0 0 -1
    outer loop
      vertex 9.021537745222961 1.6081422718296543 -5.799999237060547
      vertex 21.066254561884975 1.7602028951652673 -5.799999237060547
      vertex 21.002816915698837 1.6503257505750493 -5.799999237060547
    endloop
  endfacet
  facet normal 0 0 -1
    outer loop
      vertex 9.044017226449125 1.5692066971749314 -5.799999237060547
      vertex 20.929688939467702 1.5236644744873047 -5.799999237060547
      vertex 9.070311060532294 1.5236644744873047 -5.799999237060547
    endloop
  endfacet
  facet normal 0 0 -1
    outer loop
      vertex 9.044017226449125 1.5692066971749314 -5.799999237060547
      vertex 21.002816915698837 1.6503257505750493 -5.799999237060547
      vertex 20.929688939467702 1.5236644744873047 -5.799999237060547
    endloop
  endfacet
  facet normal 0 0 -1
    outer loop
      vertex 9.070311060532294 1.5236644744873047 -5.799999237060547
      vertex 20.929688939467702 1.5236644744873047 -5.799999237060547
      vertex 9.099545040817791 1.4730297729828972 -5.799999237060547
    endloop
  endfacet
  facet normal 0 0 -1
    outer loop
      vertex 9.099545040817791 1.4730297729828972 -5.799999237060547
      vertex 20.84971197704938 1.3851404151654823 -5.799999237060547
      vertex 9.130762139810734 1.4189602116742952 -5.799999237060547
    endloop
  endfacet
  facet normal 0 0 -1
    outer loop
      vertex 9.099545040817791 1.4730297729828972 -5.799999237060547
      vertex 20.929688939467702 1.5236644744873047 -5.799999237060547
      vertex 20.84971197704938 1.3851404151654823 -5.799999237060547
    endloop
  endfacet
  facet normal 0 0 -1
    outer loop
      vertex 9.130762139810734 1.4189602116742952 -5.799999237060547
      vertex 20.765814585345296 1.239825978183318 -5.799999237060547
      vertex 9.179955768298736 1.3337544110928201 -5.799999237060547
    endloop
  endfacet
  facet normal 0 0 -1
    outer loop
      vertex 9.130762139810734 1.4189602116742952 -5.799999237060547
      vertex 20.84971197704938 1.3851404151654823 -5.799999237060547
      vertex 20.765814585345296 1.239825978183318 -5.799999237060547
    endloop
  endfacet
  facet normal 0 0 -1
    outer loop
      vertex 9.179955768298736 1.3337544110928201 -5.799999237060547
      vertex 20.63665955940135 1.0161230775656382 -5.799999237060547
      vertex 9.212196947505607 1.2779110921418297 -5.799999237060547
    endloop
  endfacet
  facet normal 0 0 -1
    outer loop
      vertex 9.179955768298736 1.3337544110928201 -5.799999237060547
      vertex 20.765814585345296 1.239825978183318 -5.799999237060547
      vertex 20.63665955940135 1.0161230775656382 -5.799999237060547
    endloop
  endfacet
  facet normal 0 0 -1
    outer loop
      vertex 9.212196947505607 1.2779110921418297 -5.799999237060547
      vertex 20.553974968303677 0.8729092712909585 -5.799999237060547
      vertex 9.243226884877156 1.2241657040296134 -5.799999237060547
    endloop
  endfacet
  facet normal 0 0 -1
    outer loop
      vertex 9.212196947505607 1.2779110921418297 -5.799999237060547
      vertex 20.63665955940135 1.0161230775656382 -5.799999237060547
      vertex 20.553974968303677 0.8729092712909585 -5.799999237060547
    endloop
  endfacet
  facet normal 0 0 -1
    outer loop
      vertex 9.243226884877156 1.2241657040296134 -5.799999237060547
      vertex 20.475817781541586 0.7375371535199791 -5.799999237060547
      vertex 9.271917852141538 1.1744715279674671 -5.799999237060547
    endloop
  endfacet
  facet normal 0 0 -1
    outer loop
      vertex 9.243226884877156 1.2241657040296134 -5.799999237060547
      vertex 20.553974968303677 0.8729092712909585 -5.799999237060547
      vertex 20.475817781541586 0.7375371535199791 -5.799999237060547
    endloop
  endfacet
  facet normal 0 0 -1
    outer loop
      vertex 9.271917852141538 1.1744715279674671 -5.799999237060547
      vertex 20.404760231308778 0.6144619577876478 -5.799999237060547
      vertex 9.29716382288738 1.1307442564696881 -5.799999237060547
    endloop
  endfacet
  facet normal 0 0 -1
    outer loop
      vertex 9.271917852141538 1.1744715279674671 -5.799999237060547
      vertex 20.475817781541586 0.7375371535199791 -5.799999237060547
      vertex 20.404760231308778 0.6144619577876478 -5.799999237060547
    endloop
  endfacet
  facet normal 0 0 -1
    outer loop
      vertex 9.29716382288738 1.1307442564696881 -5.799999237060547
      vertex 20.34317231296955 0.5077886334257304 -5.799999237060547
      vertex 9.317920815206914 1.0947921178979043 -5.799999237060547
    endloop
  endfacet
  facet normal 0 0 -1
    outer loop
      vertex 9.29716382288738 1.1307442564696881 -5.799999237060547
      vertex 20.404760231308778 0.6144619577876478 -5.799999237060547
      vertex 20.34317231296955 0.5077886334257304 -5.799999237060547
    endloop
  endfacet
  facet normal 0 0 -1
    outer loop
      vertex 9.317920815206914 1.0947921178979043 -5.799999237060547
      vertex 20.293179220994737 0.42119812249613486 -5.799999237060547
      vertex 9.333254690024166 1.068233087389745 -5.799999237060547
    endloop
  endfacet
  facet normal 0 0 -1
    outer loop
      vertex 9.317920815206914 1.0947921178979043 -5.799999237060547
      vertex 20.327666881561257 0.48093245840650833 -5.799999237060547
      vertex 20.293179220994737 0.42119812249613486 -5.799999237060547
    endloop
  endfacet
  facet normal 0 0 -1
    outer loop
      vertex 9.317920815206914 1.0947921178979043 -5.799999237060547
      vertex 20.34317231296955 0.5077886334257304 -5.799999237060547
      vertex 20.327666881561257 0.48093245840650833 -5.799999237060547
    endloop
  endfacet
  facet normal -0.8660252427664766 -0.5000002788911876 1.0131100485357837e-14
    outer loop
      vertex 9.333254690024166 1.068233087389745 -5.799999237060547
      vertex 9.342395226475873 1.0524012256212685 -5.799999237060547
      vertex 9.949999809265137 0 -2.4
    endloop
  endfacet
  facet normal 0 0 -1
    outer loop
      vertex 9.333254690024166 1.068233087389745 -5.799999237060547
      vertex 20.256614552382253 0.3578663057978957 -5.799999237060547
      vertex 9.342395226475873 1.0524012256212685 -5.799999237060547
    endloop
  endfacet
  facet normal 0 0 -1
    outer loop
      vertex 9.333254690024166 1.068233087389745 -5.799999237060547
      vertex 20.293179220994737 0.42119812249613486 -5.799999237060547
      vertex 20.256614552382253 0.3578663057978957 -5.799999237060547
    endloop
  endfacet
  facet normal -0.8660252427664625 -0.5000002788912117 1.2371132835773936e-16
    outer loop
      vertex 9.342395226475873 1.0524012256212685 -5.799999237060547
      vertex 9.67233311843874 0.48093245840650833 -5.799999237060547
      vertex 9.949999809265137 0 -2.4
    endloop
  endfacet
  facet normal 0 0 -1
    outer loop
      vertex 9.342395226475873 1.0524012256212685 -5.799999237060547
      vertex 20.234964783971016 0.3203678348255258 -5.799999237060547
      vertex 9.67233311843874 0.48093245840650833 -5.799999237060547
    endloop
  endfacet
  facet normal 0 0 -1
    outer loop
      vertex 9.342395226475873 1.0524012256212685 -5.799999237060547
      vertex 20.256614552382253 0.3578663057978957 -5.799999237060547
      vertex 20.234964783971016 0.3203678348255258 -5.799999237060547
    endloop
  endfacet
  facet normal 0 0 -1
    outer loop
      vertex 9.67233311843874 -0.48093245840650833 -5.799999237060547
      vertex 9.949999809265137 0 -5.799999237060547
      vertex 20.327666881561257 -0.48093245840650833 -5.799999237060547
    endloop
  endfacet
  facet normal -0.8660252427664622 0.5000002788912125 0
    outer loop
      vertex 9.67233311843874 -0.48093245840650833 -5.799999237060547
      vertex 9.949999809265137 0 -2.4
      vertex 9.949999809265137 0 -5.799999237060547
    endloop
  endfacet
  facet normal 0 0 -1
    outer loop
      vertex 9.67233311843874 -0.48093245840650833 -5.799999237060547
      vertex 20.327666881561257 -0.48093245840650833 -5.799999237060547
      vertex 21.27500057220459 -2.1217613220214844 -5.799999237060547
    endloop
  endfacet
  facet normal -0.8660252427664622 -0.5000002788912125 0
    outer loop
      vertex 9.67233311843874 0.48093245840650833 -5.799999237060547
      vertex 9.949999809265137 0 -5.799999237060547
      vertex 9.949999809265137 0 -2.4
    endloop
  endfacet
  facet normal 0 0 -1
    outer loop
      vertex 9.67233311843874 0.48093245840650833 -5.799999237060547
      vertex 20.234964783971016 0.3203678348255258 -5.799999237060547
      vertex 9.949999809265137 0 -5.799999237060547
    endloop
  endfacet
  facet normal 0 0 -1
    outer loop
      vertex 9.949999809265137 0 -5.799999237060547
      vertex 20.050000190734863 0 -5.799999237060547
      vertex 20.327666881561257 -0.48093245840650833 -5.799999237060547
    endloop
  endfacet
  facet normal 0 0 -1
    outer loop
      vertex 9.949999809265137 0 -5.799999237060547
      vertex 20.234964783971016 0.3203678348255258 -5.799999237060547
      vertex 20.050000190734863 0 -5.799999237060547
    endloop
  endfacet
  facet normal 0.866025242766465 0.5000002788912077 0
    outer loop
      vertex 20.050000190734863 0 -5.799999237060547
      vertex 20.050000190734863 0 -2.4
      vertex 20.327666881561257 -0.48093245840650833 -5.799999237060547
    endloop
  endfacet
  facet normal 0.8660252427664591 -0.5000002788912176 0
    outer loop
      vertex 20.050000190734863 0 -5.799999237060547
      vertex 20.234964783971016 0.3203678348255258 -5.799999237060547
      vertex 20.050000190734863 0 -2.4
    endloop
  endfacet
  facet normal 0.866025242766461 -0.5000002788912143 3.7706689618992464e-16
    outer loop
      vertex 20.050000190734863 0 -2.4
      vertex 20.234964783971016 0.3203678348255258 -5.799999237060547
      vertex 20.256614552382253 0.3578663057978957 -5.799999237060547
    endloop
  endfacet
  facet normal 0.8660252427664922 -0.5000002788911604 7.981528440977439e-15
    outer loop
      vertex 20.050000190734863 0 -2.4
      vertex 20.256614552382253 0.3578663057978957 -5.799999237060547
      vertex 20.293179220994737 0.42119812249613486 -5.799999237060547
    endloop
  endfacet
  facet normal 0.8660252427664691 -0.5000002788912005 1.4202316151268237e-15
    outer loop
      vertex 20.050000190734863 0 -2.4
      vertex 20.293179220994737 0.42119812249613486 -5.799999237060547
      vertex 20.327666881561257 0.48093245840650833 -5.799999237060547
    endloop
  endfacet
  facet normal 0.8660252427664047 -0.5000002788913122 -1.9743269543175457e-14
    outer loop
      vertex 20.050000190734863 0 -2.4
      vertex 20.327666881561257 0.48093245840650833 -5.799999237060547
      vertex 20.34317231296955 0.5077886334257304 -5.799999237060547
    endloop
  endfacet
  facet normal 0.8660252427664638 -0.5000002788912096 7.29018963297356e-16
    outer loop
      vertex 20.050000190734863 0 -2.4
      vertex 20.34317231296955 0.5077886334257304 -5.799999237060547
      vertex 20.404760231308778 0.6144619577876478 -5.799999237060547
    endloop
  endfacet
  facet normal 0.866025242766456 -0.5000002788912232 -2.5274589530432223e-15
    outer loop
      vertex 20.050000190734863 0 -2.4
      vertex 20.404760231308778 0.6144619577876478 -5.799999237060547
      vertex 20.475817781541586 0.7375371535199791 -5.799999237060547
    endloop
  endfacet
  facet normal 0.8660252427664626 -0.5000002788912117 7.311404006944982e-16
    outer loop
      vertex 20.050000190734863 0 -2.4
      vertex 20.475817781541586 0.7375371535199791 -5.799999237060547
      vertex 20.553974968303677 0.8729092712909585 -5.799999237060547
    endloop
  endfacet
  facet normal 0.8660252427664705 -0.5000002788911979 5.726312852752755e-15
    outer loop
      vertex 20.050000190734863 0 -2.4
      vertex 20.553974968303677 0.8729092712909585 -5.799999237060547
      vertex 20.63665955940135 1.0161230775656382 -5.799999237060547
    endloop
  endfacet
  facet normal 0.8660252427664623 -0.5000002788912121 -1.5993616527553648e-16
    outer loop
      vertex 20.050000190734863 0 -2.4
      vertex 20.63665955940135 1.0161230775656382 -5.799999237060547
      vertex 21.27500057220459 2.1217613220214844 -2.4
    endloop
  endfacet
  facet normal 0.8660252427664623 0.5000002788912121 -8.263368539236052e-16
    outer loop
      vertex 20.050000190734863 0 -2.4
      vertex 21.27500057220459 -2.1217613220214844 -2.4
      vertex 20.327666881561257 -0.48093245840650833 -5.799999237060547
    endloop
  endfacet
  facet normal 0 0 -1
    outer loop
      vertex 20.050000190734863 0 -2.4
      vertex 21.27500057220459 2.1217613220214844 -2.4
      vertex 21.5 2.1217613220214844 -2.4
    endloop
  endfacet
  facet normal 0 0 -1
    outer loop
      vertex 20.050000190734863 0 -2.4
      vertex 21.5 -2.1217613220214844 -2.4
      vertex 21.27500057220459 -2.1217613220214844 -2.4
    endloop
  endfacet
  facet normal 0 0 -1
    outer loop
      vertex 20.050000190734863 0 -2.4
      vertex 21.5 2.1217613220214844 -2.4
      vertex 21.5 -2.1217613220214844 -2.4
    endloop
  endfacet
  facet normal 0.8660252427664616 0.5000002788912133 0
    outer loop
      vertex 20.327666881561257 -0.48093245840650833 -5.799999237060547
      vertex 21.27500057220459 -2.1217613220214844 -2.4
      vertex 21.27500057220459 -2.1217613220214844 -5.799999237060547
    endloop
  endfacet
  facet normal 0.8660252427664615 -0.5000002788912136 4.424440816665671e-16
    outer loop
      vertex 20.63665955940135 1.0161230775656382 -5.799999237060547
      vertex 20.765814585345296 1.239825978183318 -5.799999237060547
      vertex 21.27500057220459 2.1217613220214844 -2.4
    endloop
  endfacet
  facet normal 0.8660252427664585 -0.5000002788912189 2.310930134904145e-15
    outer loop
      vertex 20.765814585345296 1.239825978183318 -5.799999237060547
      vertex 20.84971197704938 1.3851404151654823 -5.799999237060547
      vertex 21.27500057220459 2.1217613220214844 -2.4
    endloop
  endfacet
  facet normal 0.8660252427664721 -0.5000002788911955 -4.45289234736035e-15
    outer loop
      vertex 20.84971197704938 1.3851404151654823 -5.799999237060547
      vertex 20.929688939467702 1.5236644744873047 -5.799999237060547
      vertex 21.27500057220459 2.1217613220214844 -2.4
    endloop
  endfacet
  facet normal 0.8660252427664649 -0.5000002788912078 -1.5628458434505495e-15
    outer loop
      vertex 20.929688939467702 1.5236644744873047 -5.799999237060547
      vertex 21.002816915698837 1.6503257505750493 -5.799999237060547
      vertex 21.27500057220459 2.1217613220214844 -2.4
    endloop
  endfacet
  facet normal 0.8660252427664468 -0.5000002788912392 4.2465724766238254e-15
    outer loop
      vertex 21.002816915698837 1.6503257505750493 -5.799999237060547
      vertex 21.066254561884975 1.7602028951652673 -5.799999237060547
      vertex 21.27500057220459 2.1217613220214844 -2.4
    endloop
  endfacet
  facet normal 0.866025242766465 -0.5000002788912075 -2.496136528239996e-16
    outer loop
      vertex 21.066254561884975 1.7602028951652673 -5.799999237060547
      vertex 21.11735485030632 1.848711125167997 -5.799999237060547
      vertex 21.27500057220459 2.1217613220214844 -2.4
    endloop
  endfacet
  facet normal 0.8660252427664549 -0.5000002788912252 1.6453983925773663e-15
    outer loop
      vertex 21.11735485030632 1.848711125167997 -5.799999237060547
      vertex 21.153789825349776 1.9118183061823157 -5.799999237060547
      vertex 21.27500057220459 2.1217613220214844 -2.4
    endloop
  endfacet
  facet normal 0.8660252427664922 -0.5000002788911604 -3.685679631900805e-15
    outer loop
      vertex 21.153789825349776 1.9118183061823157 -5.799999237060547
      vertex 21.173689315492965 1.946285208521656 -5.799999237060547
      vertex 21.27500057220459 2.1217613220214844 -2.4
    endloop
  endfacet
  facet normal 0.8660252427664613 -0.500000278891214 0
    outer loop
      vertex 21.173689315492965 1.946285208521656 -5.799999237060547
      vertex 21.27500057220459 2.1217613220214844 -5.799999237060547
      vertex 21.27500057220459 2.1217613220214844 -2.4
    endloop
  endfacet
  facet normal 0 1 0
    outer loop
      vertex 21.27500057220459 -2.1217613220214844 -5.799999237060547
      vertex 21.27500057220459 -2.1217613220214844 -2.4
      vertex 21.44900014114377 -2.1217613220214844 -5.799999237060547
    endloop
  endfacet
  facet normal 0 1 0
    outer loop
      vertex 21.27500057220459 -2.1217613220214844 -2.4
      vertex 21.5 -2.1217613220214844 -2.4
      vertex 21.44900014114377 -2.1217613220214844 -5.799999237060547
    endloop
  endfacet
  facet normal 0 -1 0
    outer loop
      vertex 21.27500057220459 2.1217613220214844 -5.799999237060547
      vertex 21.44900014114377 2.1217613220214844 -5.799999237060547
      vertex 21.27500057220459 2.1217613220214844 -2.4
    endloop
  endfacet
  facet normal 0 -1 0
    outer loop
      vertex 21.27500057220459 2.1217613220214844 -2.4
      vertex 21.44900014114377 2.1217613220214844 -5.799999237060547
      vertex 21.5 2.1217613220214844 -2.4
    endloop
  endfacet
  facet normal 0 1 0
    outer loop
      vertex 21.44900014114377 -2.1217613220214844 -5.799999237060547
      vertex 21.5 -2.1217613220214844 -2.4
      vertex 22.9956669095357 -2.1217613220214844 -5.799999237060547
    endloop
  endfacet
  facet normal 0 -1 0
    outer loop
      vertex 21.44900014114377 2.1217613220214844 -5.799999237060547
      vertex 22.0043330904643 2.1217613220214844 -5.799999237060547
      vertex 21.5 2.1217613220214844 -2.4
    endloop
  endfacet
  facet normal 0 1 0
    outer loop
      vertex 21.5 -2.1217613220214844 -2.4
      vertex 21.5 -2.1217613220214844 -2.200000190734863
      vertex 23.5 -2.1217613220214844 -2.200000190734863
    endloop
  endfacet
  facet normal 1 0 0
    outer loop
      vertex 21.5 -2.1217613220214844 -2.4
      vertex 21.5 -1 -2.200000190734863
      vertex 21.5 -2.1217613220214844 -2.200000190734863
    endloop
  endfacet
  facet normal 1 0 0
    outer loop
      vertex 21.5 -2.1217613220214844 -2.4
      vertex 21.5 1 -2.200000190734863
      vertex 21.5 -1 -2.200000190734863
    endloop
  endfacet
  facet normal 1 0 0
    outer loop
      vertex 21.5 -2.1217613220214844 -2.4
      vertex 21.5 2.1217613220214844 -2.4
      vertex 21.5 1 -2.200000190734863
    endloop
  endfacet
  facet normal 0 1 0
    outer loop
      vertex 21.5 -2.1217613220214844 -2.4
      vertex 23.5 -2.1217613220214844 -2.4
      vertex 22.9956669095357 -2.1217613220214844 -5.799999237060547
    endloop
  endfacet
  facet normal 0 1 0
    outer loop
      vertex 21.5 -2.1217613220214844 -2.4
      vertex 23.5 -2.1217613220214844 -2.200000190734863
      vertex 23.5 -2.1217613220214844 -2.4
    endloop
  endfacet
  facet normal 0 0 -1
    outer loop
      vertex 21.5 -2.1217613220214844 -2.200000190734863
      vertex 21.5 -1 -2.200000190734863
      vertex 23.5 -1 -2.200000190734863
    endloop
  endfacet
  facet normal 0 0 -1
    outer loop
      vertex 21.5 -2.1217613220214844 -2.200000190734863
      vertex 23.5 -1 -2.200000190734863
      vertex 23.5 -2.1217613220214844 -2.200000190734863
    endloop
  endfacet
  facet normal 0 1 0
    outer loop
      vertex 21.5 -1 -2.200000190734863
      vertex 21.5 -1 -2.0000003814697265
      vertex 22.085786819458008 -1 -2.0000003814697265
    endloop
  endfacet
  facet normal 1 0 0
    outer loop
      vertex 21.5 -1 -2.200000190734863
      vertex 21.5 -0.4142131805419922 -2.0000003814697265
      vertex 21.5 -1 -2.0000003814697265
    endloop
  endfacet
  facet normal 1 0 0
    outer loop
      vertex 21.5 -1 -2.200000190734863
      vertex 21.5 0.4142131805419922 -2.0000003814697265
      vertex 21.5 -0.4142131805419922 -2.0000003814697265
    endloop
  endfacet
  facet normal 1 0 0
    outer loop
      vertex 21.5 -1 -2.200000190734863
      vertex 21.5 1 -2.200000190734863
      vertex 21.5 0.4142131805419922 -2.0000003814697265
    endloop
  endfacet
  facet normal 0 1 0
    outer loop
      vertex 21.5 -1 -2.200000190734863
      vertex 22.085786819458008 -1 -2.0000003814697265
      vertex 22.914213180541992 -1 -2.0000003814697265
    endloop
  endfacet
  facet normal 0 1 0
    outer loop
      vertex 21.5 -1 -2.200000190734863
      vertex 22.914213180541992 -1 -2.0000003814697265
      vertex 23.5 -1 -2.200000190734863
    endloop
  endfacet
  facet normal 0 0 -1
    outer loop
      vertex 21.5 -1 -2.0000003814697265
      vertex 21.5 -0.4142131805419922 -2.0000003814697265
      vertex 22.085786819458008 -1 -2.0000003814697265
    endloop
  endfacet
  facet normal 0.7071067811865475 0.7071067811865475 0
    outer loop
      vertex 21.5 -0.4142131805419922 -2.0000003814697265
      vertex 21.5 -0.4142131805419922 -1.8000005722045898
      vertex 21.723249435424805 -0.6374626159667969 -1.8000005722045898
    endloop
  endfacet
  facet normal 1 0 0
    outer loop
      vertex 21.5 -0.4142131805419922 -2.0000003814697265
      vertex 21.5 -0.09849071502685547 -1.8000005722045898
      vertex 21.5 -0.4142131805419922 -1.8000005722045898
    endloop
  endfacet
  facet normal 1 0 0
    outer loop
      vertex 21.5 -0.4142131805419922 -2.0000003814697265
      vertex 21.5 0.09849071502685547 -1.8000005722045898
      vertex 21.5 -0.09849071502685547 -1.8000005722045898
    endloop
  endfacet
  facet normal 1 0 0
    outer loop
      vertex 21.5 -0.4142131805419922 -2.0000003814697265
      vertex 21.5 0.4142131805419922 -2.0000003814697265
      vertex 21.5 0.09849071502685547 -1.8000005722045898
    endloop
  endfacet
  facet normal 0.7071067811865475 0.7071067811865475 0
    outer loop
      vertex 21.5 -0.4142131805419922 -2.0000003814697265
      vertex 21.723249435424805 -0.6374626159667969 -1.8000005722045898
      vertex 21.862537384033203 -0.7767505645751953 -1.8000005722045898
    endloop
  endfacet
  facet normal 0.7071067811865476 0.7071067811865476 0
    outer loop
      vertex 21.5 -0.4142131805419922 -2.0000003814697265
      vertex 21.862537384033203 -0.7767505645751953 -1.8000005722045898
      vertex 22.085786819458008 -1 -2.0000003814697265
    endloop
  endfacet
  facet normal 0 0 -1
    outer loop
      vertex 21.5 -0.4142131805419922 -1.8000005722045898
      vertex 21.5 -0.09849071502685547 -1.8000005722045898
      vertex 21.538430213928223 -0.2916889190673828 -1.8000005722045898
    endloop
  endfacet
  facet normal 0 0 -1
    outer loop
      vertex 21.5 -0.4142131805419922 -1.8000005722045898
      vertex 21.538430213928223 -0.2916889190673828 -1.8000005722045898
      vertex 21.61381244659424 -0.4736766815185547 -1.8000005722045898
    endloop
  endfacet
  facet normal 0 0 -1
    outer loop
      vertex 21.5 -0.4142131805419922 -1.8000005722045898
      vertex 21.61381244659424 -0.4736766815185547 -1.8000005722045898
      vertex 21.723249435424805 -0.6374626159667969 -1.8000005722045898
    endloop
  endfacet
  facet normal 0.9807845987074597 0.19509374910090613 0
    outer loop
      vertex 21.5 -0.09849071502685547 -1.8000005722045898
      vertex 21.5 -0.09849071502685547 -0.9999990463256836
      vertex 21.522077892390115 -0.20948174845533185 -0.9999990463256836
    endloop
  endfacet
  facet normal 1 0 0
    outer loop
      vertex 21.5 -0.09849071502685547 -1.8000005722045898
      vertex 21.5 -0.0875472818080433 -0.9999990463256836
      vertex 21.5 -0.09849071502685547 -0.9999990463256836
    endloop
  endfacet
  facet normal 1 0 0
    outer loop
      vertex 21.5 -0.09849071502685547 -1.8000005722045898
      vertex 21.5 0.09849071502685547 -1.8000005722045898
      vertex 21.5 -0.0875472818080433 -0.9999990463256836
    endloop
  endfacet
  facet normal 0.9807845987074544 0.1950937491009329 3.858317967187425e-15
    outer loop
      vertex 21.5 -0.09849071502685547 -1.8000005722045898
      vertex 21.522077892390115 -0.20948174845533185 -0.9999990463256836
      vertex 21.538430213928223 -0.2916889190673828 -1.8000005722045898
    endloop
  endfacet
  facet normal 1 0 0
    outer loop
      vertex 21.5 -0.0875472818080433 -0.9999990463256836
      vertex 21.5 0.09849071502685547 -1.8000005722045898
      vertex 21.5 0.09849071502685547 -0.9999990463256836
    endloop
  endfacet
  facet normal 1 0 0
    outer loop
      vertex 21.5 0.09849071502685547 -1.8000005722045898
      vertex 21.5 0.4142131805419922 -2.0000003814697265
      vertex 21.5 0.4142131805419922 -1.8000005722045898
    endloop
  endfacet
  facet normal 0 0 -1
    outer loop
      vertex 21.5 0.09849071502685547 -1.8000005722045898
      vertex 21.5 0.4142131805419922 -1.8000005722045898
      vertex 21.538430213928223 0.2916889190673828 -1.8000005722045898
    endloop
  endfacet
  facet normal 0.9807845987074286 -0.19509374910106247 0
    outer loop
      vertex 21.5 0.09849071502685547 -1.8000005722045898
      vertex 21.502135015872277 0.10922396863017972 -0.9999990463256836
      vertex 21.5 0.09849071502685547 -0.9999990463256836
    endloop
  endfacet
  facet normal 0.9807845987074525 -0.195093749100942 -1.679857754836289e-15
    outer loop
      vertex 21.5 0.09849071502685547 -1.8000005722045898
      vertex 21.5159464071491 0.1786572534660943 -0.9999990463256836
      vertex 21.502135015872277 0.10922396863017972 -0.9999990463256836
    endloop
  endfacet
  facet normal 0.9807845987074544 -0.1950937491009329 -2.6309215239880018e-15
    outer loop
      vertex 21.5 0.09849071502685547 -1.8000005722045898
      vertex 21.538430213928223 0.2916889190673828 -1.8000005722045898
      vertex 21.5159464071491 0.1786572534660943 -0.9999990463256836
    endloop
  endfacet
  facet normal 1 0 0
    outer loop
      vertex 21.5 0.4142131805419922 -2.0000003814697265
      vertex 21.5 1 -2.200000190734863
      vertex 21.5 1 -2.0000003814697265
    endloop
  endfacet
  facet normal 0 0 -1
    outer loop
      vertex 21.5 0.4142131805419922 -2.0000003814697265
      vertex 21.5 1 -2.0000003814697265
      vertex 22.085786819458008 1 -2.0000003814697265
    endloop
  endfacet
  facet normal 0.7071067811865475 -0.7071067811865475 0
    outer loop
      vertex 21.5 0.4142131805419922 -2.0000003814697265
      vertex 21.723249435424805 0.6374626159667969 -1.8000005722045898
      vertex 21.5 0.4142131805419922 -1.8000005722045898
    endloop
  endfacet
  facet normal 0.7071067811865476 -0.7071067811865476 0
    outer loop
      vertex 21.5 0.4142131805419922 -2.0000003814697265
      vertex 22.085786819458008 1 -2.0000003814697265
      vertex 21.723249435424805 0.6374626159667969 -1.8000005722045898
    endloop
  endfacet
  facet normal 0 0 -1
    outer loop
      vertex 21.5 0.4142131805419922 -1.8000005722045898
      vertex 21.61381244659424 0.4736766815185547 -1.8000005722045898
      vertex 21.538430213928223 0.2916889190673828 -1.8000005722045898
    endloop
  endfacet
  facet normal 0 0 -1
    outer loop
      vertex 21.5 0.4142131805419922 -1.8000005722045898
      vertex 21.723249435424805 0.6374626159667969 -1.8000005722045898
      vertex 21.61381244659424 0.4736766815185547 -1.8000005722045898
    endloop
  endfacet
  facet normal 1 0 0
    outer loop
      vertex 21.5 1 -2.200000190734863
      vertex 21.5 2.1217613220214844 -2.4
      vertex 21.5 2.1217613220214844 -2.200000190734863
    endloop
  endfacet
  facet normal 0 0 -1
    outer loop
      vertex 21.5 1 -2.200000190734863
      vertex 21.5 2.1217613220214844 -2.200000190734863
      vertex 23.5 2.1217613220214844 -2.200000190734863
    endloop
  endfacet
  facet normal 0 -1 0
    outer loop
      vertex 21.5 1 -2.200000190734863
      vertex 22.085786819458008 1 -2.0000003814697265
      vertex 21.5 1 -2.0000003814697265
    endloop
  endfacet
  facet normal 0 -1 0
    outer loop
      vertex 21.5 1 -2.200000190734863
      vertex 23.5 1 -2.200000190734863
      vertex 22.085786819458008 1 -2.0000003814697265
    endloop
  endfacet
  facet normal 0 0 -1
    outer loop
      vertex 21.5 1 -2.200000190734863
      vertex 23.5 2.1217613220214844 -2.200000190734863
      vertex 23.5 1 -2.200000190734863
    endloop
  endfacet
  facet normal 0 -1 0
    outer loop
      vertex 21.5 2.1217613220214844 -2.4
      vertex 22.0043330904643 2.1217613220214844 -5.799999237060547
      vertex 23.5 2.1217613220214844 -2.4
    endloop
  endfacet
  facet normal 0 -1 0
    outer loop
      vertex 21.5 2.1217613220214844 -2.4
      vertex 23.5 2.1217613220214844 -2.4
      vertex 21.5 2.1217613220214844 -2.200000190734863
    endloop
  endfacet
  facet normal 0 -1 0
    outer loop
      vertex 21.5 2.1217613220214844 -2.200000190734863
      vertex 23.5 2.1217613220214844 -2.4
      vertex 23.5 2.1217613220214844 -2.200000190734863
    endloop
  endfacet
  facet normal 0.9807845987074578 -0.195093749100915 0
    outer loop
      vertex 21.5159464071491 0.1786572534660943 -0.9999990463256836
      vertex 21.538430213928223 0.2916889190673828 -1.8000005722045898
      vertex 21.538430213928223 0.2916889190673828 -0.9999990463256836
    endloop
  endfacet
  facet normal 0.98078459870745 0.19509374910095495 1.5063660899848787e-15
    outer loop
      vertex 21.522077892390115 -0.20948174845533185 -0.9999990463256836
      vertex 21.536295198055946 -0.2809556654640586 -0.9999990463256836
      vertex 21.538430213928223 -0.2916889190673828 -1.8000005722045898
    endloop
  endfacet
  facet normal 0.9807845987074284 0.1950937491010629 0
    outer loop
      vertex 21.536295198055946 -0.2809556654640586 -0.9999990463256836
      vertex 21.538430213928223 -0.2916889190673828 -0.9999990463256836
      vertex 21.538430213928223 -0.2916889190673828 -1.8000005722045898
    endloop
  endfacet
  facet normal 0.9238787548503287 0.3826853097993263 0
    outer loop
      vertex 21.538430213928223 -0.2916889190673828 -1.8000005722045898
      vertex 21.538430213928223 -0.2916889190673828 -0.9999990463256836
      vertex 21.60962453695808 -0.4635662313889033 -0.9999990463256836
    endloop
  endfacet
  facet normal 0.9238787548503221 0.3826853097993421 3.984931001220869e-15
    outer loop
      vertex 21.538430213928223 -0.2916889190673828 -1.8000005722045898
      vertex 21.60962453695808 -0.4635662313889033 -0.9999990463256836
      vertex 21.61381244659424 -0.4736766815185547 -1.8000005722045898
    endloop
  endfacet
  facet normal 0.9238787548502105 -0.38268530979961124 0
    outer loop
      vertex 21.538430213928223 0.2916889190673828 -1.8000005722045898
      vertex 21.54261812356438 0.3017993691970342 -0.9999990463256836
      vertex 21.538430213928223 0.2916889190673828 -0.9999990463256836
    endloop
  endfacet
  facet normal 0.9238787548503221 -0.3826853097993421 -3.985619007263898e-15
    outer loop
      vertex 21.538430213928223 0.2916889190673828 -1.8000005722045898
      vertex 21.61381244659424 0.4736766815185547 -1.8000005722045898
      vertex 21.54261812356438 0.3017993691970342 -0.9999990463256836
    endloop
  endfacet
  facet normal 0.9238787548503287 -0.3826853097993263 0
    outer loop
      vertex 21.54261812356438 0.3017993691970342 -0.9999990463256836
      vertex 21.61381244659424 0.4736766815185547 -1.8000005722045898
      vertex 21.61381244659424 0.4736766815185547 -0.9999990463256836
    endloop
  endfacet
  facet normal 0.9238787548502105 0.38268530979961124 0
    outer loop
      vertex 21.60962453695808 -0.4635662313889033 -0.9999990463256836
      vertex 21.61381244659424 -0.4736766815185547 -0.9999990463256836
      vertex 21.61381244659424 -0.4736766815185547 -1.8000005722045898
    endloop
  endfacet
  facet normal 0.8314725993515332 0.5555657625588576 0
    outer loop
      vertex 21.61381244659424 -0.4736766815185547 -1.8000005722045898
      vertex 21.61381244659424 -0.4736766815185547 -0.9999990463256836
      vertex 21.66956256213564 -0.5571135968350298 -0.9999990463256836
    endloop
  endfacet
  facet normal 0.8314725993515247 0.5555657625588704 1.9264104622962893e-15
    outer loop
      vertex 21.61381244659424 -0.4736766815185547 -1.8000005722045898
      vertex 21.66956256213564 -0.5571135968350298 -0.9999990463256836
      vertex 21.723249435424805 -0.6374626159667969 -1.8000005722045898
    endloop
  endfacet
  facet normal 0.8314725993515377 -0.5555657625588508 0
    outer loop
      vertex 21.61381244659424 0.4736766815185547 -1.8000005722045898
      vertex 21.619892290661817 0.4827759170928235 -0.9999990463256836
      vertex 21.61381244659424 0.4736766815185547 -0.9999990463256836
    endloop
  endfacet
  facet normal 0.8314725993515212 -0.5555657625588755 4.0477926291100114e-16
    outer loop
      vertex 21.61381244659424 0.4736766815185547 -1.8000005722045898
      vertex 21.69318029542638 0.5924604439834105 -0.9999990463256836
      vertex 21.619892290661817 0.4827759170928235 -0.9999990463256836
    endloop
  endfacet
  facet normal 0.8314725993515247 -0.5555657625588704 -6.935077664266641e-16
    outer loop
      vertex 21.61381244659424 0.4736766815185547 -1.8000005722045898
      vertex 21.723249435424805 0.6374626159667969 -1.8000005722045898
      vertex 21.69318029542638 0.5924604439834105 -0.9999990463256836
    endloop
  endfacet
  facet normal 0.8314725993515125 0.5555657625588883 -6.958834802991482e-16
    outer loop
      vertex 21.66956256213564 -0.5571135968350298 -0.9999990463256836
      vertex 21.717169591357226 -0.6283633803925279 -0.9999990463256836
      vertex 21.723249435424805 -0.6374626159667969 -1.8000005722045898
    endloop
  endfacet
  facet normal 0.8314725993515303 -0.5555657625588618 0
    outer loop
      vertex 21.69318029542638 0.5924604439834105 -0.9999990463256836
      vertex 21.723249435424805 0.6374626159667969 -1.8000005722045898
      vertex 21.723249435424805 0.6374626159667969 -0.9999990463256836
    endloop
  endfacet
  facet normal 0.8314725993515408 0.5555657625588462 0
    outer loop
      vertex 21.717169591357226 -0.6283633803925279 -0.9999990463256836
      vertex 21.723249435424805 -0.6374626159667969 -0.9999990463256836
      vertex 21.723249435424805 -0.6374626159667969 -1.8000005722045898
    endloop
  endfacet
  facet normal 0.7071067811865476 0.7071067811865476 0
    outer loop
      vertex 21.723249435424805 -0.6374626159667969 -1.8000005722045898
      vertex 21.723249435424805 -0.6374626159667969 -0.9999990463256836
      vertex 21.854799150214077 -0.7690123307560697 -0.9999990463256836
    endloop
  endfacet
  facet normal 0.7071067811865476 0.7071067811865476 0
    outer loop
      vertex 21.723249435424805 -0.6374626159667969 -1.8000005722045898
      vertex 21.854799150214077 -0.7690123307560697 -0.9999990463256836
      vertex 21.862537384033203 -0.7767505645751953 -1.8000005722045898
    endloop
  endfacet
  facet normal 0.7071067811865475 -0.7071067811865475 0
    outer loop
      vertex 21.723249435424805 0.6374626159667969 -1.8000005722045898
      vertex 21.73098766924393 0.6452008497859225 -0.9999990463256836
      vertex 21.723249435424805 0.6374626159667969 -0.9999990463256836
    endloop
  endfacet
  facet normal 0.7071067811865476 -0.7071067811865476 0
    outer loop
      vertex 21.723249435424805 0.6374626159667969 -1.8000005722045898
      vertex 21.862537384033203 0.7767505645751953 -1.8000005722045898
      vertex 21.73098766924393 0.6452008497859225 -0.9999990463256836
    endloop
  endfacet
  facet normal 0.7071067811865475 -0.7071067811865475 0
    outer loop
      vertex 21.723249435424805 0.6374626159667969 -1.8000005722045898
      vertex 22.085786819458008 1 -2.0000003814697265
      vertex 21.862537384033203 0.7767505645751953 -1.8000005722045898
    endloop
  endfacet
  facet normal 0.7071067811865476 -0.7071067811865476 0
    outer loop
      vertex 21.73098766924393 0.6452008497859225 -0.9999990463256836
      vertex 21.862537384033203 0.7767505645751953 -1.8000005722045898
      vertex 21.862537384033203 0.7767505645751953 -0.9999990463256836
    endloop
  endfacet
  facet normal 0.7071067811865475 0.7071067811865475 0
    outer loop
      vertex 21.854799150214077 -0.7690123307560697 -0.9999990463256836
      vertex 21.862537384033203 -0.7767505645751953 -0.9999990463256836
      vertex 21.862537384033203 -0.7767505645751953 -1.8000005722045898
    endloop
  endfacet
  facet normal 0.5555657625588581 0.8314725993515327 0
    outer loop
      vertex 21.862537384033203 -0.7767505645751953 -1.8000005722045898
      vertex 21.862537384033203 -0.7767505645751953 -0.9999990463256836
      vertex 21.969090095371293 -0.8479459814457302 -0.9999990463256836
    endloop
  endfacet
  facet normal 0.5555657625588704 0.8314725993515247 -2.3337086743246476e-15
    outer loop
      vertex 21.862537384033203 -0.7767505645751953 -1.8000005722045898
      vertex 21.969090095371293 -0.8479459814457302 -0.9999990463256836
      vertex 22.026323318481445 -0.8861875534057617 -1.8000005722045898
    endloop
  endfacet
  facet normal 0 0 -1
    outer loop
      vertex 21.862537384033203 -0.7767505645751953 -1.8000005722045898
      vertex 22.026323318481445 -0.8861875534057617 -1.8000005722045898
      vertex 22.085786819458008 -1 -1.8000005722045898
    endloop
  endfacet
  facet normal 0.7071067811865475 0.7071067811865475 0
    outer loop
      vertex 21.862537384033203 -0.7767505645751953 -1.8000005722045898
      vertex 22.085786819458008 -1 -1.8000005722045898
      vertex 22.085786819458008 -1 -2.0000003814697265
    endloop
  endfacet
  facet normal 0.555565762558893 -0.8314725993515095 0
    outer loop
      vertex 21.862537384033203 0.7767505645751953 -1.8000005722045898
      vertex 21.87163661960747 0.782830408642774 -0.9999990463256836
      vertex 21.862537384033203 0.7767505645751953 -0.9999990463256836
    endloop
  endfacet
  facet normal 0.5555657625588704 -0.8314725993515247 3.715220177285701e-16
    outer loop
      vertex 21.862537384033203 0.7767505645751953 -1.8000005722045898
      vertex 22.026323318481445 0.8861875534057617 -1.8000005722045898
      vertex 21.87163661960747 0.782830408642774 -0.9999990463256836
    endloop
  endfacet
  facet normal 0.7071067811865475 -0.7071067811865475 0
    outer loop
      vertex 21.862537384033203 0.7767505645751953 -1.8000005722045898
      vertex 22.085786819458008 1 -2.0000003814697265
      vertex 22.085786819458008 1 -1.8000005722045898
    endloop
  endfacet
  facet normal 0 0 -1
    outer loop
      vertex 21.862537384033203 0.7767505645751953 -1.8000005722045898
      vertex 22.085786819458008 1 -1.8000005722045898
      vertex 22.026323318481445 0.8861875534057617 -1.8000005722045898
    endloop
  endfacet
  facet normal 0.5555657625588689 -0.8314725993515255 0
    outer loop
      vertex 21.87163661960747 0.782830408642774 -0.9999990463256836
      vertex 22.026323318481445 0.8861875534057617 -1.8000005722045898
      vertex 22.026323318481445 0.8861875534057617 -0.9999990463256836
    endloop
  endfacet
  facet normal 0.5555657625588928 0.8314725993515095 -4.6821524939381976e-18
    outer loop
      vertex 21.969090095371293 -0.8479459814457302 -0.9999990463256836
      vertex 22.017224082907177 -0.880107709338183 -0.9999990463256836
      vertex 22.026323318481445 -0.8861875534057617 -1.8000005722045898
    endloop
  endfacet
  facet normal 0 -1 0
    outer loop
      vertex 22.0043330904643 2.1217613220214844 -5.799999237060547
      vertex 23.55099985885623 2.1217613220214844 -5.799999237060547
      vertex 23.5 2.1217613220214844 -2.4
    endloop
  endfacet
  facet normal 0.555565762558893 0.8314725993515095 0
    outer loop
      vertex 22.017224082907177 -0.880107709338183 -0.9999990463256836
      vertex 22.026323318481445 -0.8861875534057617 -0.9999990463256836
      vertex 22.026323318481445 -0.8861875534057617 -1.8000005722045898
    endloop
  endfacet
  facet normal 0.38268530979934345 0.9238787548503216 0
    outer loop
      vertex 22.026323318481445 -0.8861875534057617 -1.8000005722045898
      vertex 22.026323318481445 -0.8861875534057617 -0.9999990463256836
      vertex 22.198200630802965 -0.9573818764356226 -0.9999990463256836
    endloop
  endfacet
  facet normal 0.3826853097993421 0.9238787548503221 3.302429006536632e-16
    outer loop
      vertex 22.026323318481445 -0.8861875534057617 -1.8000005722045898
      vertex 22.198200630802965 -0.9573818764356226 -0.9999990463256836
      vertex 22.208311080932617 -0.9615697860717773 -1.8000005722045898
    endloop
  endfacet
  facet normal 0 0 -1
    outer loop
      vertex 22.026323318481445 -0.8861875534057617 -1.8000005722045898
      vertex 22.208311080932617 -0.9615697860717773 -1.8000005722045898
      vertex 22.085786819458008 -1 -1.8000005722045898
    endloop
  endfacet
  facet normal 0.38268530979931986 -0.9238787548503313 0
    outer loop
      vertex 22.026323318481445 0.8861875534057617 -1.8000005722045898
      vertex 22.036433768611097 0.8903754630419165 -0.9999990463256836
      vertex 22.026323318481445 0.8861875534057617 -0.9999990463256836
    endloop
  endfacet
  facet normal 0 0 -1
    outer loop
      vertex 22.026323318481445 0.8861875534057617 -1.8000005722045898
      vertex 22.085786819458008 1 -1.8000005722045898
      vertex 22.208311080932617 0.9615697860717773 -1.8000005722045898
    endloop
  endfacet
  facet normal 0.3826853097993421 -0.9238787548503221 -3.2955489461063473e-16
    outer loop
      vertex 22.026323318481445 0.8861875534057617 -1.8000005722045898
      vertex 22.208311080932617 0.9615697860717773 -1.8000005722045898
      vertex 22.036433768611097 0.8903754630419165 -0.9999990463256836
    endloop
  endfacet
  facet normal 0.38268530979934345 -0.9238787548503216 0
    outer loop
      vertex 22.036433768611097 0.8903754630419165 -0.9999990463256836
      vertex 22.208311080932617 0.9615697860717773 -1.8000005722045898
      vertex 22.208311080932617 0.9615697860717773 -0.9999990463256836
    endloop
  endfacet
  facet normal 0 1 0
    outer loop
      vertex 22.085786819458008 -1 -2.0000003814697265
      vertex 22.085786819458008 -1 -1.8000005722045898
      vertex 22.401509284973145 -1 -1.8000005722045898
    endloop
  endfacet
  facet normal 0 1 0
    outer loop
      vertex 22.085786819458008 -1 -2.0000003814697265
      vertex 22.401509284973145 -1 -1.8000005722045898
      vertex 22.598490715026855 -1 -1.8000005722045898
    endloop
  endfacet
  facet normal 0 1 0
    outer loop
      vertex 22.085786819458008 -1 -2.0000003814697265
      vertex 22.598490715026855 -1 -1.8000005722045898
      vertex 22.914213180541992 -1 -2.0000003814697265
    endloop
  endfacet
  facet normal 0 0 -1
    outer loop
      vertex 22.085786819458008 -1 -1.8000005722045898
      vertex 22.208311080932617 -0.9615697860717773 -1.8000005722045898
      vertex 22.401509284973145 -1 -1.8000005722045898
    endloop
  endfacet
  facet normal 0 -1 0
    outer loop
      vertex 22.085786819458008 1 -2.0000003814697265
      vertex 22.401509284973145 1 -1.8000005722045898
      vertex 22.085786819458008 1 -1.8000005722045898
    endloop
  endfacet
  facet normal 0 -1 0
    outer loop
      vertex 22.085786819458008 1 -2.0000003814697265
      vertex 22.914213180541992 1 -2.0000003814697265
      vertex 22.401509284973145 1 -1.8000005722045898
    endloop
  endfacet
  facet normal 0 -1 0
    outer loop
      vertex 22.085786819458008 1 -2.0000003814697265
      vertex 23.5 1 -2.200000190734863
      vertex 22.914213180541992 1 -2.0000003814697265
    endloop
  endfacet
  facet normal 0 0 -1
    outer loop
      vertex 22.085786819458008 1 -1.8000005722045898
      vertex 22.401509284973145 1 -1.8000005722045898
      vertex 22.208311080932617 0.9615697860717773 -1.8000005722045898
    endloop
  endfacet
  facet normal 0.38268530979931986 0.9238787548503313 0
    outer loop
      vertex 22.198200630802965 -0.9573818764356226 -0.9999990463256836
      vertex 22.208311080932617 -0.9615697860717773 -0.9999990463256836
      vertex 22.208311080932617 -0.9615697860717773 -1.8000005722045898
    endloop
  endfacet
  facet normal 0.19509374910093602 0.9807845987074537 0
    outer loop
      vertex 22.208311080932617 -0.9615697860717773 -1.8000005722045898
      vertex 22.208311080932617 -0.9615697860717773 -0.9999990463256836
      vertex 22.390776031369818 -0.9978649841277247 -0.9999990463256836
    endloop
  endfacet
  facet normal 0.1950937491009329 0.9807845987074544 7.375386699045863e-16
    outer loop
      vertex 22.208311080932617 -0.9615697860717773 -1.8000005722045898
      vertex 22.390776031369818 -0.9978649841277247 -0.9999990463256836
      vertex 22.401509284973145 -1 -1.8000005722045898
    endloop
  endfacet
  facet normal 0.19509374910087973 -0.9807845987074649 0
    outer loop
      vertex 22.208311080932617 0.9615697860717773 -1.8000005722045898
      vertex 22.219044334535944 0.9637048019440526 -0.9999990463256836
      vertex 22.208311080932617 0.9615697860717773 -0.9999990463256836
    endloop
  endfacet
  facet normal 0.1950937491009329 -0.9807845987074544 -7.416666848480821e-16
    outer loop
      vertex 22.208311080932617 0.9615697860717773 -1.8000005722045898
      vertex 22.401509284973145 1 -1.8000005722045898
      vertex 22.219044334535944 0.9637048019440526 -0.9999990463256836
    endloop
  endfacet
  facet normal 0.19509374910093602 -0.9807845987074537 0
    outer loop
      vertex 22.219044334535944 0.9637048019440526 -0.9999990463256836
      vertex 22.401509284973145 1 -1.8000005722045898
      vertex 22.401509284973145 1 -0.9999990463256836
    endloop
  endfacet
  facet normal 0.19509374910087973 0.9807845987074649 0
    outer loop
      vertex 22.390776031369818 -0.9978649841277247 -0.9999990463256836
      vertex 22.401509284973145 -1 -0.9999990463256836
      vertex 22.401509284973145 -1 -1.8000005722045898
    endloop
  endfacet
  facet normal 0 1 0
    outer loop
      vertex 22.401509284973145 -1 -1.8000005722045898
      vertex 22.401509284973145 -1 -0.9999990463256836
      vertex 22.412452718191958 -1 -0.9999990463256836
    endloop
  endfacet
  facet normal 0 1 0
    outer loop
      vertex 22.401509284973145 -1 -1.8000005722045898
      vertex 22.412452718191958 -1 -0.9999990463256836
      vertex 22.598490715026855 -1 -1.8000005722045898
    endloop
  endfacet
  facet normal 0 -1 0
    outer loop
      vertex 22.401509284973145 1 -1.8000005722045898
      vertex 22.587547281808042 1 -0.9999990463256836
      vertex 22.401509284973145 1 -0.9999990463256836
    endloop
  endfacet
  facet normal 0 -1 0
    outer loop
      vertex 22.401509284973145 1 -1.8000005722045898
      vertex 22.598490715026855 1 -1.8000005722045898
      vertex 22.587547281808042 1 -0.9999990463256836
    endloop
  endfacet
  facet normal 0 -1 0
    outer loop
      vertex 22.401509284973145 1 -1.8000005722045898
      vertex 22.914213180541992 1 -2.0000003814697265
      vertex 22.598490715026855 1 -1.8000005722045898
    endloop
  endfacet
  facet normal 0 0 1
    outer loop
      vertex 22.401509284973145 1 -0.9999990463256836
      vertex 22.587547281808042 1 -0.9999990463256836
      vertex 70.94589805603027 2.7885541915893555 -0.9999990463256836
    endloop
  endfacet
  facet normal 0 1 0
    outer loop
      vertex 22.412452718191958 -1 -0.9999990463256836
      vertex 22.598490715026855 -1 -0.9999990463256836
      vertex 22.598490715026855 -1 -1.8000005722045898
    endloop
  endfacet
  facet normal 0 -1 0
    outer loop
      vertex 22.587547281808042 1 -0.9999990463256836
      vertex 22.598490715026855 1 -1.8000005722045898
      vertex 22.598490715026855 1 -0.9999990463256836
    endloop
  endfacet
  facet normal 0 0 1
    outer loop
      vertex 22.587547281808042 1 -0.9999990463256836
      vertex 22.598490715026855 1 -0.9999990463256836
      vertex 70.94589805603027 2.7885541915893555 -0.9999990463256836
    endloop
  endfacet
  facet normal -0.19509374910087973 0.9807845987074649 0
    outer loop
      vertex 22.598490715026855 -1 -1.8000005722045898
      vertex 22.598490715026855 -1 -0.9999990463256836
      vertex 22.609223968630182 -0.9978649841277247 -0.9999990463256836
    endloop
  endfacet
  facet normal -0.1950937491009329 0.9807845987074544 7.416666848480821e-16
    outer loop
      vertex 22.598490715026855 -1 -1.8000005722045898
      vertex 22.609223968630182 -0.9978649841277247 -0.9999990463256836
      vertex 22.791688919067383 -0.9615697860717773 -1.8000005722045898
    endloop
  endfacet
  facet normal 0 0 -1
    outer loop
      vertex 22.598490715026855 -1 -1.8000005722045898
      vertex 22.791688919067383 -0.9615697860717773 -1.8000005722045898
      vertex 22.914213180541992 -1 -1.8000005722045898
    endloop
  endfacet
  facet normal 0 1 0
    outer loop
      vertex 22.598490715026855 -1 -1.8000005722045898
      vertex 22.914213180541992 -1 -1.8000005722045898
      vertex 22.914213180541992 -1 -2.0000003814697265
    endloop
  endfacet
  facet normal 0 0 1
    outer loop
      vertex 22.598490715026855 -1 -0.9999990463256836
      vertex 36.5 0.0507974503117925 -0.9999990463256836
      vertex 22.609223968630182 -0.9978649841277247 -0.9999990463256836
    endloop
  endfacet
  facet normal -0.19509374910093602 -0.9807845987074537 0
    outer loop
      vertex 22.598490715026855 1 -1.8000005722045898
      vertex 22.780955665464056 0.9637048019440526 -0.9999990463256836
      vertex 22.598490715026855 1 -0.9999990463256836
    endloop
  endfacet
  facet normal -0.1950937491009329 -0.9807845987074544 -7.375386699045863e-16
    outer loop
      vertex 22.598490715026855 1 -1.8000005722045898
      vertex 22.791688919067383 0.9615697860717773 -1.8000005722045898
      vertex 22.780955665464056 0.9637048019440526 -0.9999990463256836
    endloop
  endfacet
  facet normal 0 -1 0
    outer loop
      vertex 22.598490715026855 1 -1.8000005722045898
      vertex 22.914213180541992 1 -2.0000003814697265
      vertex 22.914213180541992 1 -1.8000005722045898
    endloop
  endfacet
  facet normal 0 0 -1
    outer loop
      vertex 22.598490715026855 1 -1.8000005722045898
      vertex 22.914213180541992 1 -1.8000005722045898
      vertex 22.791688919067383 0.9615697860717773 -1.8000005722045898
    endloop
  endfacet
  facet normal 0 0 1
    outer loop
      vertex 22.598490715026855 1 -0.9999990463256836
      vertex 22.780955665464056 0.9637048019440526 -0.9999990463256836
      vertex 70.94589805603027 2.7885541915893555 -0.9999990463256836
    endloop
  endfacet
  facet normal -0.19509374910093602 0.9807845987074537 0
    outer loop
      vertex 22.609223968630182 -0.9978649841277247 -0.9999990463256836
      vertex 22.791688919067383 -0.9615697860717773 -0.9999990463256836
      vertex 22.791688919067383 -0.9615697860717773 -1.8000005722045898
    endloop
  endfacet
  facet normal 0 0 1
    outer loop
      vertex 22.609223968630182 -0.9978649841277247 -0.9999990463256836
      vertex 36.5 0.0507974503117925 -0.9999990463256836
      vertex 22.791688919067383 -0.9615697860717773 -0.9999990463256836
    endloop
  endfacet
  facet normal -0.19509374910087973 -0.9807845987074649 0
    outer loop
      vertex 22.780955665464056 0.9637048019440526 -0.9999990463256836
      vertex 22.791688919067383 0.9615697860717773 -1.8000005722045898
      vertex 22.791688919067383 0.9615697860717773 -0.9999990463256836
    endloop
  endfacet
  facet normal 0 0 1
    outer loop
      vertex 22.780955665464056 0.9637048019440526 -0.9999990463256836
      vertex 22.791688919067383 0.9615697860717773 -0.9999990463256836
      vertex 70.94589805603027 2.7885541915893555 -0.9999990463256836
    endloop
  endfacet
  facet normal -0.38268530979931986 0.9238787548503313 0
    outer loop
      vertex 22.791688919067383 -0.9615697860717773 -1.8000005722045898
      vertex 22.791688919067383 -0.9615697860717773 -0.9999990463256836
      vertex 22.801799369197035 -0.9573818764356226 -0.9999990463256836
    endloop
  endfacet
  facet normal -0.3826853097993421 0.9238787548503221 3.2955489461063473e-16
    outer loop
      vertex 22.791688919067383 -0.9615697860717773 -1.8000005722045898
      vertex 22.801799369197035 -0.9573818764356226 -0.9999990463256836
      vertex 22.973676681518555 -0.8861875534057617 -1.8000005722045898
    endloop
  endfacet
  facet normal 0 0 -1
    outer loop
      vertex 22.791688919067383 -0.9615697860717773 -1.8000005722045898
      vertex 22.973676681518555 -0.8861875534057617 -1.8000005722045898
      vertex 22.914213180541992 -1 -1.8000005722045898
    endloop
  endfacet
  facet normal 0 0 1
    outer loop
      vertex 22.791688919067383 -0.9615697860717773 -0.9999990463256836
      vertex 36.5 0.0507974503117925 -0.9999990463256836
      vertex 22.801799369197035 -0.9573818764356226 -0.9999990463256836
    endloop
  endfacet
  facet normal 0 0 -1
    outer loop
      vertex 22.791688919067383 0.9615697860717773 -1.8000005722045898
      vertex 22.914213180541992 1 -1.8000005722045898
      vertex 22.973676681518555 0.8861875534057617 -1.8000005722045898
    endloop
  endfacet
  facet normal -0.38268530979934345 -0.9238787548503216 0
    outer loop
      vertex 22.791688919067383 0.9615697860717773 -1.8000005722045898
      vertex 22.963566231388903 0.8903754630419165 -0.9999990463256836
      vertex 22.791688919067383 0.9615697860717773 -0.9999990463256836
    endloop
  endfacet
  facet normal -0.3826853097993421 -0.9238787548503221 -3.302429006536632e-16
    outer loop
      vertex 22.791688919067383 0.9615697860717773 -1.8000005722045898
      vertex 22.973676681518555 0.8861875534057617 -1.8000005722045898
      vertex 22.963566231388903 0.8903754630419165 -0.9999990463256836
    endloop
  endfacet
  facet normal 0 0 1
    outer loop
      vertex 22.791688919067383 0.9615697860717773 -0.9999990463256836
      vertex 22.963566231388903 0.8903754630419165 -0.9999990463256836
      vertex 70.94589805603027 2.7885541915893555 -0.9999990463256836
    endloop
  endfacet
  facet normal -0.38268530979934345 0.9238787548503216 0
    outer loop
      vertex 22.801799369197035 -0.9573818764356226 -0.9999990463256836
      vertex 22.973676681518555 -0.8861875534057617 -0.9999990463256836
      vertex 22.973676681518555 -0.8861875534057617 -1.8000005722045898
    endloop
  endfacet
  facet normal 0 0 1
    outer loop
      vertex 22.801799369197035 -0.9573818764356226 -0.9999990463256836
      vertex 36.5 0.0507974503117925 -0.9999990463256836
      vertex 22.973676681518555 -0.8861875534057617 -0.9999990463256836
    endloop
  endfacet
  facet normal -0.7071067811865475 0.7071067811865475 0
    outer loop
      vertex 22.914213180541992 -1 -2.0000003814697265
      vertex 22.914213180541992 -1 -1.8000005722045898
      vertex 23.137462615966797 -0.7767505645751953 -1.8000005722045898
    endloop
  endfacet
  facet normal -0.7071067811865475 0.7071067811865475 0
    outer loop
      vertex 22.914213180541992 -1 -2.0000003814697265
      vertex 23.137462615966797 -0.7767505645751953 -1.8000005722045898
      vertex 23.276750564575195 -0.6374626159667969 -1.8000005722045898
    endloop
  endfacet
  facet normal -0.7071067811865476 0.7071067811865476 0
    outer loop
      vertex 22.914213180541992 -1 -2.0000003814697265
      vertex 23.276750564575195 -0.6374626159667969 -1.8000005722045898
      vertex 23.5 -0.4142131805419922 -2.0000003814697265
    endloop
  endfacet
  facet normal 0 1 0
    outer loop
      vertex 22.914213180541992 -1 -2.0000003814697265
      vertex 23.5 -1 -2.0000003814697265
      vertex 23.5 -1 -2.200000190734863
    endloop
  endfacet
  facet normal 0 0 -1
    outer loop
      vertex 22.914213180541992 -1 -2.0000003814697265
      vertex 23.5 -0.4142131805419922 -2.0000003814697265
      vertex 23.5 -1 -2.0000003814697265
    endloop
  endfacet
  facet normal 0 0 -1
    outer loop
      vertex 22.914213180541992 -1 -1.8000005722045898
      vertex 22.973676681518555 -0.8861875534057617 -1.8000005722045898
      vertex 23.137462615966797 -0.7767505645751953 -1.8000005722045898
    endloop
  endfacet
  facet normal -0.7071067811865475 -0.7071067811865475 0
    outer loop
      vertex 22.914213180541992 1 -2.0000003814697265
      vertex 23.137462615966797 0.7767505645751953 -1.8000005722045898
      vertex 22.914213180541992 1 -1.8000005722045898
    endloop
  endfacet
  facet normal -0.7071067811865476 -0.7071067811865476 0
    outer loop
      vertex 22.914213180541992 1 -2.0000003814697265
      vertex 23.5 0.4142131805419922 -2.0000003814697265
      vertex 23.137462615966797 0.7767505645751953 -1.8000005722045898
    endloop
  endfacet
  facet normal 0 -1 0
    outer loop
      vertex 22.914213180541992 1 -2.0000003814697265
      vertex 23.5 1 -2.200000190734863
      vertex 23.5 1 -2.0000003814697265
    endloop
  endfacet
  facet normal 0 0 -1
    outer loop
      vertex 22.914213180541992 1 -2.0000003814697265
      vertex 23.5 1 -2.0000003814697265
      vertex 23.5 0.4142131805419922 -2.0000003814697265
    endloop
  endfacet
  facet normal 0 0 -1
    outer loop
      vertex 22.914213180541992 1 -1.8000005722045898
      vertex 23.137462615966797 0.7767505645751953 -1.8000005722045898
      vertex 22.973676681518555 0.8861875534057617 -1.8000005722045898
    endloop
  endfacet
  facet normal -0.38268530979931986 -0.9238787548503313 0
    outer loop
      vertex 22.963566231388903 0.8903754630419165 -0.9999990463256836
      vertex 22.973676681518555 0.8861875534057617 -1.8000005722045898
      vertex 22.973676681518555 0.8861875534057617 -0.9999990463256836
    endloop
  endfacet
  facet normal 0 0 1
    outer loop
      vertex 22.963566231388903 0.8903754630419165 -0.9999990463256836
      vertex 22.973676681518555 0.8861875534057617 -0.9999990463256836
      vertex 70.94589805603027 2.7885541915893555 -0.9999990463256836
    endloop
  endfacet
  facet normal -0.555565762558893 0.8314725993515095 0
    outer loop
      vertex 22.973676681518555 -0.8861875534057617 -1.8000005722045898
      vertex 22.973676681518555 -0.8861875534057617 -0.9999990463256836
      vertex 22.982775917092823 -0.880107709338183 -0.9999990463256836
    endloop
  endfacet
  facet normal -0.5555657625588704 0.8314725993515247 -3.715220177285701e-16
    outer loop
      vertex 22.973676681518555 -0.8861875534057617 -1.8000005722045898
      vertex 22.982775917092823 -0.880107709338183 -0.9999990463256836
      vertex 23.137462615966797 -0.7767505645751953 -1.8000005722045898
    endloop
  endfacet
  facet normal 0 0 1
    outer loop
      vertex 22.973676681518555 -0.8861875534057617 -0.9999990463256836
      vertex 36.5 0.0507974503117925 -0.9999990463256836
      vertex 22.982775917092823 -0.880107709338183 -0.9999990463256836
    endloop
  endfacet
  facet normal -0.5555657625588689 -0.8314725993515255 0
    outer loop
      vertex 22.973676681518555 0.8861875534057617 -1.8000005722045898
      vertex 23.12836338039253 0.782830408642774 -0.9999990463256836
      vertex 22.973676681518555 0.8861875534057617 -0.9999990463256836
    endloop
  endfacet
  facet normal -0.5555657625588704 -0.8314725993515247 3.742740326747076e-16
    outer loop
      vertex 22.973676681518555 0.8861875534057617 -1.8000005722045898
      vertex 23.137462615966797 0.7767505645751953 -1.8000005722045898
      vertex 23.12836338039253 0.782830408642774 -0.9999990463256836
    endloop
  endfacet
  facet normal 0 0 1
    outer loop
      vertex 22.973676681518555 0.8861875534057617 -0.9999990463256836
      vertex 23.12836338039253 0.782830408642774 -0.9999990463256836
      vertex 70.94589805603027 2.7885541915893555 -0.9999990463256836
    endloop
  endfacet
  facet normal -0.5555657625588689 0.8314725993515255 0
    outer loop
      vertex 22.982775917092823 -0.880107709338183 -0.9999990463256836
      vertex 23.137462615966797 -0.7767505645751953 -0.9999990463256836
      vertex 23.137462615966797 -0.7767505645751953 -1.8000005722045898
    endloop
  endfacet
  facet normal 0 0 1
    outer loop
      vertex 22.982775917092823 -0.880107709338183 -0.9999990463256836
      vertex 36.5 0.0507974503117925 -0.9999990463256836
      vertex 23.137462615966797 -0.7767505645751953 -0.9999990463256836
    endloop
  endfacet
  facet normal 0 1 0
    outer loop
      vertex 22.9956669095357 -2.1217613220214844 -5.799999237060547
      vertex 23.5 -2.1217613220214844 -2.4
      vertex 23.55099985885623 -2.1217613220214844 -5.799999237060547
    endloop
  endfacet
  facet normal -0.555565762558893 -0.8314725993515095 0
    outer loop
      vertex 23.12836338039253 0.782830408642774 -0.9999990463256836
      vertex 23.137462615966797 0.7767505645751953 -1.8000005722045898
      vertex 23.137462615966797 0.7767505645751953 -0.9999990463256836
    endloop
  endfacet
  facet normal 0 0 1
    outer loop
      vertex 23.12836338039253 0.782830408642774 -0.9999990463256836
      vertex 23.137462615966797 0.7767505645751953 -0.9999990463256836
      vertex 70.94589805603027 2.7885541915893555 -0.9999990463256836
    endloop
  endfacet
  facet normal -0.7071067811865102 0.7071067811865849 0
    outer loop
      vertex 23.137462615966797 -0.7767505645751953 -1.8000005722045898
      vertex 23.137462615966797 -0.7767505645751953 -0.9999990463256836
      vertex 23.154265823768924 -0.7599473567730701 -0.9999990463256836
    endloop
  endfacet
  facet normal -0.7071067811865476 0.7071067811865476 1.568648955751614e-15
    outer loop
      vertex 23.137462615966797 -0.7767505645751953 -1.8000005722045898
      vertex 23.154265823768924 -0.7599473567730701 -0.9999990463256836
      vertex 23.276750564575195 -0.6374626159667969 -1.8000005722045898
    endloop
  endfacet
  facet normal 0 0 1
    outer loop
      vertex 23.137462615966797 -0.7767505645751953 -0.9999990463256836
      vertex 36.5 0.0507974503117925 -0.9999990463256836
      vertex 23.154265823768924 -0.7599473567730701 -0.9999990463256836
    endloop
  endfacet
  facet normal -0.7071067811865475 -0.7071067811865475 0
    outer loop
      vertex 23.137462615966797 0.7767505645751953 -1.8000005722045898
      vertex 23.145200849785923 0.7690123307560697 -0.9999990463256836
      vertex 23.137462615966797 0.7767505645751953 -0.9999990463256836
    endloop
  endfacet
  facet normal -0.7071067811865372 -0.7071067811865578 -1.9786360451988364e-16
    outer loop
      vertex 23.137462615966797 0.7767505645751953 -1.8000005722045898
      vertex 23.2522370830255 0.6619760975164968 -0.9999990463256836
      vertex 23.145200849785923 0.7690123307560697 -0.9999990463256836
    endloop
  endfacet
  facet normal -0.7071067811865476 -0.7071067811865476 2.7520157118449367e-15
    outer loop
      vertex 23.137462615966797 0.7767505645751953 -1.8000005722045898
      vertex 23.276750564575195 0.6374626159667969 -1.8000005722045898
      vertex 23.2522370830255 0.6619760975164968 -0.9999990463256836
    endloop
  endfacet
  facet normal -0.7071067811865475 -0.7071067811865475 0
    outer loop
      vertex 23.137462615966797 0.7767505645751953 -1.8000005722045898
      vertex 23.5 0.4142131805419922 -2.0000003814697265
      vertex 23.276750564575195 0.6374626159667969 -1.8000005722045898
    endloop
  endfacet
  facet normal 0 0 1
    outer loop
      vertex 23.137462615966797 0.7767505645751953 -0.9999990463256836
      vertex 23.145200849785923 0.7690123307560697 -0.9999990463256836
      vertex 70.94589805603027 2.7885541915893555 -0.9999990463256836
    endloop
  endfacet
  facet normal 0 0 1
    outer loop
      vertex 23.145200849785923 0.7690123307560697 -0.9999990463256836
      vertex 23.2522370830255 0.6619760975164968 -0.9999990463256836
      vertex 70.94589805603027 2.7885541915893555 -0.9999990463256836
    endloop
  endfacet
  facet normal -0.707106781186553 0.7071067811865421 -1.0689932320715271e-16
    outer loop
      vertex 23.154265823768924 -0.7599473567730701 -0.9999990463256836
      vertex 23.26901233075607 -0.6452008497859225 -0.9999990463256836
      vertex 23.276750564575195 -0.6374626159667969 -1.8000005722045898
    endloop
  endfacet
  facet normal 0 0 1
    outer loop
      vertex 23.154265823768924 -0.7599473567730701 -0.9999990463256836
      vertex 36.5 0.0507974503117925 -0.9999990463256836
      vertex 36.5 0.09849071502685547 -0.9999990463256836
    endloop
  endfacet
  facet normal 0 0 1
    outer loop
      vertex 23.154265823768924 -0.7599473567730701 -0.9999990463256836
      vertex 36.5 0.09849071502685547 -0.9999990463256836
      vertex 36.50213501587227 0.10922396863017972 -0.9999990463256836
    endloop
  endfacet
  facet normal 0 0 1
    outer loop
      vertex 23.154265823768924 -0.7599473567730701 -0.9999990463256836
      vertex 36.50213501587227 0.10922396863017972 -0.9999990463256836
      vertex 36.52674644807655 0.23295173422658577 -0.9999990463256836
    endloop
  endfacet
  facet normal 0 0 1
    outer loop
      vertex 23.154265823768924 -0.7599473567730701 -0.9999990463256836
      vertex 36.52674644807655 0.23295173422658577 -0.9999990463256836
      vertex 23.26901233075607 -0.6452008497859225 -0.9999990463256836
    endloop
  endfacet
  facet normal -0.7071067811865923 -0.7071067811865026 0
    outer loop
      vertex 23.2522370830255 0.6619760975164968 -0.9999990463256836
      vertex 23.276750564575195 0.6374626159667969 -1.8000005722045898
      vertex 23.276750564575195 0.6374626159667969 -0.9999990463256836
    endloop
  endfacet
  facet normal 0 0 1
    outer loop
      vertex 23.2522370830255 0.6619760975164968 -0.9999990463256836
      vertex 23.276750564575195 0.6374626159667969 -0.9999990463256836
      vertex 70.94589805603027 2.7885541915893555 -0.9999990463256836
    endloop
  endfacet
  facet normal -0.7071067811865475 0.7071067811865475 0
    outer loop
      vertex 23.26901233075607 -0.6452008497859225 -0.9999990463256836
      vertex 23.276750564575195 -0.6374626159667969 -0.9999990463256836
      vertex 23.276750564575195 -0.6374626159667969 -1.8000005722045898
    endloop
  endfacet
  facet normal 0 0 1
    outer loop
      vertex 23.26901233075607 -0.6452008497859225 -0.9999990463256836
      vertex 36.52674644807655 0.23295173422658577 -0.9999990463256836
      vertex 23.276750564575195 -0.6374626159667969 -0.9999990463256836
    endloop
  endfacet
  facet normal -0.8314725993515408 0.5555657625588462 0
    outer loop
      vertex 23.276750564575195 -0.6374626159667969 -1.8000005722045898
      vertex 23.276750564575195 -0.6374626159667969 -0.9999990463256836
      vertex 23.282830408642774 -0.6283633803925279 -0.9999990463256836
    endloop
  endfacet
  facet normal -0.8314725993515247 0.5555657625588704 -3.9766615971687685e-16
    outer loop
      vertex 23.276750564575195 -0.6374626159667969 -1.8000005722045898
      vertex 23.282830408642774 -0.6283633803925279 -0.9999990463256836
      vertex 23.38618755340576 -0.4736766815185547 -1.8000005722045898
    endloop
  endfacet
  facet normal 0 0 -1
    outer loop
      vertex 23.276750564575195 -0.6374626159667969 -1.8000005722045898
      vertex 23.38618755340576 -0.4736766815185547 -1.8000005722045898
      vertex 23.5 -0.4142131805419922 -1.8000005722045898
    endloop
  endfacet
  facet normal -0.7071067811865475 0.7071067811865475 0
    outer loop
      vertex 23.276750564575195 -0.6374626159667969 -1.8000005722045898
      vertex 23.5 -0.4142131805419922 -1.8000005722045898
      vertex 23.5 -0.4142131805419922 -2.0000003814697265
    endloop
  endfacet
  facet normal 0 0 1
    outer loop
      vertex 23.276750564575195 -0.6374626159667969 -0.9999990463256836
      vertex 36.52674644807655 0.23295173422658577 -0.9999990463256836
      vertex 23.282830408642774 -0.6283633803925279 -0.9999990463256836
    endloop
  endfacet
  facet normal -0.8314725993515238 -0.5555657625588715 0
    outer loop
      vertex 23.276750564575195 0.6374626159667969 -1.8000005722045898
      vertex 23.380107709338183 0.4827759170928235 -0.9999990463256836
      vertex 23.276750564575195 0.6374626159667969 -0.9999990463256836
    endloop
  endfacet
  facet normal -0.8314725993515247 -0.5555657625588704 3.082256739674063e-16
    outer loop
      vertex 23.276750564575195 0.6374626159667969 -1.8000005722045898
      vertex 23.38618755340576 0.4736766815185547 -1.8000005722045898
      vertex 23.380107709338183 0.4827759170928235 -0.9999990463256836
    endloop
  endfacet
  facet normal -0.7071067811865475 -0.7071067811865475 0
    outer loop
      vertex 23.276750564575195 0.6374626159667969 -1.8000005722045898
      vertex 23.5 0.4142131805419922 -2.0000003814697265
      vertex 23.5 0.4142131805419922 -1.8000005722045898
    endloop
  endfacet
  facet normal 0 0 -1
    outer loop
      vertex 23.276750564575195 0.6374626159667969 -1.8000005722045898
      vertex 23.5 0.4142131805419922 -1.8000005722045898
      vertex 23.38618755340576 0.4736766815185547 -1.8000005722045898
    endloop
  endfacet
  facet normal 0 0 1
    outer loop
      vertex 23.276750564575195 0.6374626159667969 -0.9999990463256836
      vertex 23.380107709338183 0.4827759170928235 -0.9999990463256836
      vertex 70.94589805603027 2.7885541915893555 -0.9999990463256836
    endloop
  endfacet
  facet normal -0.8314725993515236 0.5555657625588717 0
    outer loop
      vertex 23.282830408642774 -0.6283633803925279 -0.9999990463256836
      vertex 23.38618755340576 -0.4736766815185547 -0.9999990463256836
      vertex 23.38618755340576 -0.4736766815185547 -1.8000005722045898
    endloop
  endfacet
  facet normal 0 0 1
    outer loop
      vertex 23.282830408642774 -0.6283633803925279 -0.9999990463256836
      vertex 36.52674644807655 0.23295173422658577 -0.9999990463256836
      vertex 23.38618755340576 -0.4736766815185547 -0.9999990463256836
    endloop
  endfacet
  facet normal -0.8314725993515377 -0.5555657625588508 0
    outer loop
      vertex 23.380107709338183 0.4827759170928235 -0.9999990463256836
      vertex 23.38618755340576 0.4736766815185547 -1.8000005722045898
      vertex 23.38618755340576 0.4736766815185547 -0.9999990463256836
    endloop
  endfacet
  facet normal 0 0 1
    outer loop
      vertex 23.380107709338183 0.4827759170928235 -0.9999990463256836
      vertex 23.38618755340576 0.4736766815185547 -0.9999990463256836
      vertex 70.94589805603027 2.7885541915893555 -0.9999990463256836
    endloop
  endfacet
  facet normal -0.9238787548502105 0.38268530979961124 0
    outer loop
      vertex 23.38618755340576 -0.4736766815185547 -1.8000005722045898
      vertex 23.38618755340576 -0.4736766815185547 -0.9999990463256836
      vertex 23.39037546304192 -0.4635662313889033 -0.9999990463256836
    endloop
  endfacet
  facet normal -0.9238787548503788 0.382685309799205 6.016701061049324e-15
    outer loop
      vertex 23.38618755340576 -0.4736766815185547 -1.8000005722045898
      vertex 23.39037546304192 -0.4635662313889033 -0.9999990463256836
      vertex 23.40030129131464 -0.4396032998871129 -0.9999990463256836
    endloop
  endfacet
  facet normal -0.9238787548503221 0.3826853097993421 -8.283592758062719e-16
    outer loop
      vertex 23.38618755340576 -0.4736766815185547 -1.8000005722045898
      vertex 23.40030129131464 -0.4396032998871129 -0.9999990463256836
      vertex 23.461569786071777 -0.2916889190673828 -1.8000005722045898
    endloop
  endfacet
  facet normal 0 0 -1
    outer loop
      vertex 23.38618755340576 -0.4736766815185547 -1.8000005722045898
      vertex 23.461569786071777 -0.2916889190673828 -1.8000005722045898
      vertex 23.5 -0.4142131805419922 -1.8000005722045898
    endloop
  endfacet
  facet normal 0 0 1
    outer loop
      vertex 23.38618755340576 -0.4736766815185547 -0.9999990463256836
      vertex 36.52674644807655 0.23295173422658577 -0.9999990463256836
      vertex 23.39037546304192 -0.4635662313889033 -0.9999990463256836
    endloop
  endfacet
  facet normal -0.9238787548503287 -0.3826853097993263 0
    outer loop
      vertex 23.38618755340576 0.4736766815185547 -1.8000005722045898
      vertex 23.45738187643562 0.3017993691970342 -0.9999990463256836
      vertex 23.38618755340576 0.4736766815185547 -0.9999990463256836
    endloop
  endfacet
  facet normal -0.9238787548503221 -0.3826853097993421 -3.984931001220869e-15
    outer loop
      vertex 23.38618755340576 0.4736766815185547 -1.8000005722045898
      vertex 23.461569786071777 0.2916889190673828 -1.8000005722045898
      vertex 23.45738187643562 0.3017993691970342 -0.9999990463256836
    endloop
  endfacet
  facet normal 0 0 -1
    outer loop
      vertex 23.38618755340576 0.4736766815185547 -1.8000005722045898
      vertex 23.5 0.4142131805419922 -1.8000005722045898
      vertex 23.461569786071777 0.2916889190673828 -1.8000005722045898
    endloop
  endfacet
  facet normal 0 0 1
    outer loop
      vertex 23.38618755340576 0.4736766815185547 -0.9999990463256836
      vertex 23.45738187643562 0.3017993691970342 -0.9999990463256836
      vertex 70.94589805603027 2.7885541915893555 -0.9999990463256836
    endloop
  endfacet
  facet normal 0 0 1
    outer loop
      vertex 23.39037546304192 -0.4635662313889033 -0.9999990463256836
      vertex 36.52674644807655 0.23295173422658577 -0.9999990463256836
      vertex 23.40030129131464 -0.4396032998871129 -0.9999990463256836
    endloop
  endfacet
  facet normal -0.9238787548503206 0.382685309799346 0
    outer loop
      vertex 23.40030129131464 -0.4396032998871129 -0.9999990463256836
      vertex 23.461569786071777 -0.2916889190673828 -0.9999990463256836
      vertex 23.461569786071777 -0.2916889190673828 -1.8000005722045898
    endloop
  endfacet
  facet normal 0 0 1
    outer loop
      vertex 23.40030129131464 -0.4396032998871129 -0.9999990463256836
      vertex 36.52674644807655 0.23295173422658577 -0.9999990463256836
      vertex 36.53843021392822 0.2916889190673828 -0.9999990463256836
    endloop
  endfacet
  facet normal 0 0 1
    outer loop
      vertex 23.40030129131464 -0.4396032998871129 -0.9999990463256836
      vertex 36.53843021392822 0.2916889190673828 -0.9999990463256836
      vertex 36.54261812356438 0.3017993691970342 -0.9999990463256836
    endloop
  endfacet
  facet normal 0 0 1
    outer loop
      vertex 23.40030129131464 -0.4396032998871129 -0.9999990463256836
      vertex 36.54261812356438 0.3017993691970342 -0.9999990463256836
      vertex 36.60693568601059 0.4570748082750977 -0.9999990463256836
    endloop
  endfacet
  facet normal 0 0 1
    outer loop
      vertex 23.40030129131464 -0.4396032998871129 -0.9999990463256836
      vertex 36.60693568601059 0.4570748082750977 -0.9999990463256836
      vertex 23.461569786071777 -0.2916889190673828 -0.9999990463256836
    endloop
  endfacet
  facet normal -0.9238787548502105 -0.38268530979961124 0
    outer loop
      vertex 23.45738187643562 0.3017993691970342 -0.9999990463256836
      vertex 23.461569786071777 0.2916889190673828 -1.8000005722045898
      vertex 23.461569786071777 0.2916889190673828 -0.9999990463256836
    endloop
  endfacet
  facet normal 0 0 1
    outer loop
      vertex 23.45738187643562 0.3017993691970342 -0.9999990463256836
      vertex 23.461569786071777 0.2916889190673828 -0.9999990463256836
      vertex 70.94589805603027 2.7885541915893555 -0.9999990463256836
    endloop
  endfacet
  facet normal -0.9807845987074284 0.1950937491010629 0
    outer loop
      vertex 23.461569786071777 -0.2916889190673828 -1.8000005722045898
      vertex 23.461569786071777 -0.2916889190673828 -0.9999990463256836
      vertex 23.463704801944054 -0.2809556654640586 -0.9999990463256836
    endloop
  endfacet
  facet normal -0.9807845987074544 0.1950937491009329 1.8135745651758296e-15
    outer loop
      vertex 23.461569786071777 -0.2916889190673828 -1.8000005722045898
      vertex 23.463704801944054 -0.2809556654640586 -0.9999990463256836
      vertex 23.5 -0.09849071502685547 -1.8000005722045898
    endloop
  endfacet
  facet normal 0 0 -1
    outer loop
      vertex 23.461569786071777 -0.2916889190673828 -1.8000005722045898
      vertex 23.5 -0.09849071502685547 -1.8000005722045898
      vertex 23.5 -0.4142131805419922 -1.8000005722045898
    endloop
  endfacet
  facet normal 0 0 1
    outer loop
      vertex 23.461569786071777 -0.2916889190673828 -0.9999990463256836
      vertex 36.60693568601059 0.4570748082750977 -0.9999990463256836
      vertex 23.463704801944054 -0.2809556654640586 -0.9999990463256836
    endloop
  endfacet
  facet normal -0.9807845987074504 -0.19509374910095276 0
    outer loop
      vertex 23.461569786071777 0.2916889190673828 -1.8000005722045898
      vertex 23.463597902635527 0.2814930747654719 -0.9999990463256836
      vertex 23.461569786071777 0.2916889190673828 -0.9999990463256836
    endloop
  endfacet
  facet normal -0.9807845987074562 -0.19509374910092364 3.8617999880093743e-16
    outer loop
      vertex 23.461569786071777 0.2916889190673828 -1.8000005722045898
      vertex 23.497864984127723 0.10922396863017972 -0.9999990463256836
      vertex 23.463597902635527 0.2814930747654719 -0.9999990463256836
    endloop
  endfacet
  facet normal -0.9807845987074544 -0.1950937491009329 -1.810822555213499e-15
    outer loop
      vertex 23.461569786071777 0.2916889190673828 -1.8000005722045898
      vertex 23.5 0.09849071502685547 -1.8000005722045898
      vertex 23.497864984127723 0.10922396863017972 -0.9999990463256836
    endloop
  endfacet
  facet normal 0 0 -1
    outer loop
      vertex 23.461569786071777 0.2916889190673828 -1.8000005722045898
      vertex 23.5 0.4142131805419922 -1.8000005722045898
      vertex 23.5 0.09849071502685547 -1.8000005722045898
    endloop
  endfacet
  facet normal 0 0 1
    outer loop
      vertex 23.461569786071777 0.2916889190673828 -0.9999990463256836
      vertex 23.463597902635527 0.2814930747654719 -0.9999990463256836
      vertex 70.94589805603027 2.7885541915893555 -0.9999990463256836
    endloop
  endfacet
  facet normal 0 0 1
    outer loop
      vertex 23.463597902635527 0.2814930747654719 -0.9999990463256836
      vertex 23.497864984127723 0.10922396863017972 -0.9999990463256836
      vertex 36.80325740347776 0.7174705840197506 -0.9999990463256836
    endloop
  endfacet
  facet normal 0 0 1
    outer loop
      vertex 23.463597902635527 0.2814930747654719 -0.9999990463256836
      vertex 36.80325740347776 0.7174705840197506 -0.9999990463256836
      vertex 36.8625373840332 0.7767505645751953 -0.9999990463256836
    endloop
  endfacet
  facet normal 0 0 1
    outer loop
      vertex 23.463597902635527 0.2814930747654719 -0.9999990463256836
      vertex 36.8625373840332 0.7767505645751953 -0.9999990463256836
      vertex 36.87163661960747 0.782830408642774 -0.9999990463256836
    endloop
  endfacet
  facet normal 0 0 1
    outer loop
      vertex 23.463597902635527 0.2814930747654719 -0.9999990463256836
      vertex 36.87163661960747 0.782830408642774 -0.9999990463256836
      vertex 37.026323318481445 0.8861875534057617 -0.9999990463256836
    endloop
  endfacet
  facet normal 0 0 1
    outer loop
      vertex 23.463597902635527 0.2814930747654719 -0.9999990463256836
      vertex 37.026323318481445 0.8861875534057617 -0.9999990463256836
      vertex 37.03643376861109 0.8903754630419165 -0.9999990463256836
    endloop
  endfacet
  facet normal 0 0 1
    outer loop
      vertex 23.463597902635527 0.2814930747654719 -0.9999990463256836
      vertex 37.03643376861109 0.8903754630419165 -0.9999990463256836
      vertex 37.20831108093262 0.9615697860717773 -0.9999990463256836
    endloop
  endfacet
  facet normal 0 0 1
    outer loop
      vertex 23.463597902635527 0.2814930747654719 -0.9999990463256836
      vertex 37.20831108093262 0.9615697860717773 -0.9999990463256836
      vertex 37.21904433453594 0.9637048019440526 -0.9999990463256836
    endloop
  endfacet
  facet normal 0 0 1
    outer loop
      vertex 23.463597902635527 0.2814930747654719 -0.9999990463256836
      vertex 37.21904433453594 0.9637048019440526 -0.9999990463256836
      vertex 37.401509284973145 1 -0.9999990463256836
    endloop
  endfacet
  facet normal 0 0 1
    outer loop
      vertex 23.463597902635527 0.2814930747654719 -0.9999990463256836
      vertex 37.401509284973145 1 -0.9999990463256836
      vertex 70.94589805603027 2.7885541915893555 -0.9999990463256836
    endloop
  endfacet
  facet normal -0.9807845987074558 0.19509374910092525 0
    outer loop
      vertex 23.463704801944054 -0.2809556654640586 -0.9999990463256836
      vertex 23.5 -0.09849071502685547 -0.9999990463256836
      vertex 23.5 -0.09849071502685547 -1.8000005722045898
    endloop
  endfacet
  facet normal 0 0 1
    outer loop
      vertex 23.463704801944054 -0.2809556654640586 -0.9999990463256836
      vertex 36.60693568601059 0.4570748082750977 -0.9999990463256836
      vertex 23.5 -0.09849071502685547 -0.9999990463256836
    endloop
  endfacet
  facet normal -0.9807845987074286 -0.19509374910106247 0
    outer loop
      vertex 23.497864984127723 0.10922396863017972 -0.9999990463256836
      vertex 23.5 0.09849071502685547 -1.8000005722045898
      vertex 23.5 0.09849071502685547 -0.9999990463256836
    endloop
  endfacet
  facet normal 0 0 1
    outer loop
      vertex 23.497864984127723 0.10922396863017972 -0.9999990463256836
      vertex 23.5 0.09849071502685547 -0.9999990463256836
      vertex 36.80325740347776 0.7174705840197506 -0.9999990463256836
    endloop
  endfacet
  facet normal -1 0 0
    outer loop
      vertex 23.5 -2.1217613220214844 -2.4
      vertex 23.5 -2.1217613220214844 -2.200000190734863
      vertex 23.5 -1 -2.200000190734863
    endloop
  endfacet
  facet normal -1 0 0
    outer loop
      vertex 23.5 -2.1217613220214844 -2.4
      vertex 23.5 -1 -2.200000190734863
      vertex 23.5 2.1217613220214844 -2.4
    endloop
  endfacet
  facet normal 0 0 -1
    outer loop
      vertex 23.5 -2.1217613220214844 -2.4
      vertex 23.5 2.1217613220214844 -2.4
      vertex 24.949999809265137 0 -2.4
    endloop
  endfacet
  facet normal 0 1 0
    outer loop
      vertex 23.5 -2.1217613220214844 -2.4
      vertex 23.72499942779541 -2.1217613220214844 -2.4
      vertex 23.55099985885623 -2.1217613220214844 -5.799999237060547
    endloop
  endfacet
  facet normal 0 0 -1
    outer loop
      vertex 23.5 -2.1217613220214844 -2.4
      vertex 24.949999809265137 0 -2.4
      vertex 23.72499942779541 -2.1217613220214844 -2.4
    endloop
  endfacet
  facet normal -1 0 0
    outer loop
      vertex 23.5 -1 -2.200000190734863
      vertex 23.5 -1 -2.0000003814697265
      vertex 23.5 -0.4142131805419922 -2.0000003814697265
    endloop
  endfacet
  facet normal -1 0 0
    outer loop
      vertex 23.5 -1 -2.200000190734863
      vertex 23.5 -0.4142131805419922 -2.0000003814697265
      vertex 23.5 1 -2.200000190734863
    endloop
  endfacet
  facet normal -1 0 0
    outer loop
      vertex 23.5 -1 -2.200000190734863
      vertex 23.5 1 -2.200000190734863
      vertex 23.5 2.1217613220214844 -2.4
    endloop
  endfacet
  facet normal -1 0 0
    outer loop
      vertex 23.5 -0.4142131805419922 -2.0000003814697265
      vertex 23.5 -0.4142131805419922 -1.8000005722045898
      vertex 23.5 -0.09849071502685547 -1.8000005722045898
    endloop
  endfacet
  facet normal -1 0 0
    outer loop
      vertex 23.5 -0.4142131805419922 -2.0000003814697265
      vertex 23.5 -0.09849071502685547 -1.8000005722045898
      vertex 23.5 0.4142131805419922 -2.0000003814697265
    endloop
  endfacet
  facet normal -1 0 0
    outer loop
      vertex 23.5 -0.4142131805419922 -2.0000003814697265
      vertex 23.5 0.4142131805419922 -2.0000003814697265
      vertex 23.5 1 -2.200000190734863
    endloop
  endfacet
  facet normal -1 0 0
    outer loop
      vertex 23.5 -0.09849071502685547 -1.8000005722045898
      vertex 23.5 -0.09849071502685547 -0.9999990463256836
      vertex 23.5 -0.08950151330576678 -0.9999990463256836
    endloop
  endfacet
  facet normal -1 0 0
    outer loop
      vertex 23.5 -0.09849071502685547 -1.8000005722045898
      vertex 23.5 -0.08950151330576678 -0.9999990463256836
      vertex 23.5 0.0875472818080433 -0.9999990463256836
    endloop
  endfacet
  facet normal -1 0 0
    outer loop
      vertex 23.5 -0.09849071502685547 -1.8000005722045898
      vertex 23.5 0.0875472818080433 -0.9999990463256836
      vertex 23.5 0.09849071502685547 -1.8000005722045898
    endloop
  endfacet
  facet normal -1 0 0
    outer loop
      vertex 23.5 -0.09849071502685547 -1.8000005722045898
      vertex 23.5 0.09849071502685547 -1.8000005722045898
      vertex 23.5 0.4142131805419922 -2.0000003814697265
    endloop
  endfacet
  facet normal 0 0 1
    outer loop
      vertex 23.5 -0.09849071502685547 -0.9999990463256836
      vertex 36.60693568601059 0.4570748082750977 -0.9999990463256836
      vertex 23.5 -0.08950151330576678 -0.9999990463256836
    endloop
  endfacet
  facet normal 0 0 1
    outer loop
      vertex 23.5 -0.08950151330576678 -0.9999990463256836
      vertex 36.60693568601059 0.4570748082750977 -0.9999990463256836
      vertex 36.61381244659424 0.4736766815185547 -0.9999990463256836
    endloop
  endfacet
  facet normal 0 0 1
    outer loop
      vertex 23.5 -0.08950151330576678 -0.9999990463256836
      vertex 36.61381244659424 0.4736766815185547 -0.9999990463256836
      vertex 36.619892290661824 0.4827759170928235 -0.9999990463256836
    endloop
  endfacet
  facet normal 0 0 1
    outer loop
      vertex 23.5 -0.08950151330576678 -0.9999990463256836
      vertex 36.619892290661824 0.4827759170928235 -0.9999990463256836
      vertex 36.723249435424805 0.6374626159667969 -0.9999990463256836
    endloop
  endfacet
  facet normal 0 0 1
    outer loop
      vertex 23.5 -0.08950151330576678 -0.9999990463256836
      vertex 36.723249435424805 0.6374626159667969 -0.9999990463256836
      vertex 36.73098766924393 0.6452008497859225 -0.9999990463256836
    endloop
  endfacet
  facet normal 0 0 1
    outer loop
      vertex 23.5 -0.08950151330576678 -0.9999990463256836
      vertex 36.73098766924393 0.6452008497859225 -0.9999990463256836
      vertex 36.80325740347776 0.7174705840197506 -0.9999990463256836
    endloop
  endfacet
  facet normal 0 0 1
    outer loop
      vertex 23.5 -0.08950151330576678 -0.9999990463256836
      vertex 36.80325740347776 0.7174705840197506 -0.9999990463256836
      vertex 23.5 0.0875472818080433 -0.9999990463256836
    endloop
  endfacet
  facet normal -1 0 0
    outer loop
      vertex 23.5 0.0875472818080433 -0.9999990463256836
      vertex 23.5 0.09849071502685547 -0.9999990463256836
      vertex 23.5 0.09849071502685547 -1.8000005722045898
    endloop
  endfacet
  facet normal 0 0 1
    outer loop
      vertex 23.5 0.0875472818080433 -0.9999990463256836
      vertex 36.80325740347776 0.7174705840197506 -0.9999990463256836
      vertex 23.5 0.09849071502685547 -0.9999990463256836
    endloop
  endfacet
  facet normal -1 0 0
    outer loop
      vertex 23.5 0.09849071502685547 -1.8000005722045898
      vertex 23.5 0.4142131805419922 -1.8000005722045898
      vertex 23.5 0.4142131805419922 -2.0000003814697265
    endloop
  endfacet
  facet normal -1 0 0
    outer loop
      vertex 23.5 0.4142131805419922 -2.0000003814697265
      vertex 23.5 1 -2.0000003814697265
      vertex 23.5 1 -2.200000190734863
    endloop
  endfacet
  facet normal -1 0 0
    outer loop
      vertex 23.5 1 -2.200000190734863
      vertex 23.5 2.1217613220214844 -2.200000190734863
      vertex 23.5 2.1217613220214844 -2.4
    endloop
  endfacet
  facet normal 0 -1 0
    outer loop
      vertex 23.5 2.1217613220214844 -2.4
      vertex 23.55099985885623 2.1217613220214844 -5.799999237060547
      vertex 23.72499942779541 2.1217613220214844 -2.4
    endloop
  endfacet
  facet normal 0 0 -1
    outer loop
      vertex 23.5 2.1217613220214844 -2.4
      vertex 23.72499942779541 2.1217613220214844 -2.4
      vertex 24.949999809265137 0 -2.4
    endloop
  endfacet
  facet normal 0 1 0
    outer loop
      vertex 23.55099985885623 -2.1217613220214844 -5.799999237060547
      vertex 23.72499942779541 -2.1217613220214844 -2.4
      vertex 23.72499942779541 -2.1217613220214844 -5.799999237060547
    endloop
  endfacet
  facet normal 0 -1 0
    outer loop
      vertex 23.55099985885623 2.1217613220214844 -5.799999237060547
      vertex 23.72499942779541 2.1217613220214844 -5.799999237060547
      vertex 23.72499942779541 2.1217613220214844 -2.4
    endloop
  endfacet
  facet normal -0.8660252427664616 0.5000002788912133 0
    outer loop
      vertex 23.72499942779541 -2.1217613220214844 -5.799999237060547
      vertex 23.72499942779541 -2.1217613220214844 -2.4
      vertex 24.672333118438743 -0.48093245840650833 -5.799999237060547
    endloop
  endfacet
  facet normal 0 0 -1
    outer loop
      vertex 23.72499942779541 -2.1217613220214844 -5.799999237060547
      vertex 24.672333118438743 -0.48093245840650833 -5.799999237060547
      vertex 35.455608144875086 -0.7025330620439851 -5.799999237060547
    endloop
  endfacet
  facet normal 0 0 -1
    outer loop
      vertex 23.72499942779541 -2.1217613220214844 -5.799999237060547
      vertex 35.455608144875086 -0.7025330620439851 -5.799999237060547
      vertex 36.27500057220459 -2.1217613220214844 -5.799999237060547
    endloop
  endfacet
  facet normal -0.8660252427664623 0.5000002788912121 -8.529928814695279e-16
    outer loop
      vertex 23.72499942779541 -2.1217613220214844 -2.4
      vertex 24.949999809265137 0 -2.4
      vertex 24.672333118438743 -0.48093245840650833 -5.799999237060547
    endloop
  endfacet
  facet normal -0.866025242766458 -0.5000002788912198 0
    outer loop
      vertex 23.72499942779541 2.1217613220214844 -5.799999237060547
      vertex 23.79240179020743 2.005017092597564 -5.799999237060547
      vertex 23.72499942779541 2.1217613220214844 -2.4
    endloop
  endfacet
  facet normal 0 0 -1
    outer loop
      vertex 23.72499942779541 2.1217613220214844 -5.799999237060547
      vertex 70.38562488555908 3.049999237060547 -5.799999237060547
      vertex 23.79240179020743 2.005017092597564 -5.799999237060547
    endloop
  endfacet
  facet normal -0.866025242766501 -0.5000002788911453 -3.411930260060645e-15
    outer loop
      vertex 23.72499942779541 2.1217613220214844 -2.4
      vertex 23.79240179020743 2.005017092597564 -5.799999237060547
      vertex 23.814533412424602 1.9666840269721804 -5.799999237060547
    endloop
  endfacet
  facet normal -0.866025242766466 -0.5000002788912058 2.75367999945493e-16
    outer loop
      vertex 23.72499942779541 2.1217613220214844 -2.4
      vertex 23.814533412424602 1.9666840269721804 -5.799999237060547
      vertex 23.85529591967689 1.8960813458752472 -5.799999237060547
    endloop
  endfacet
  facet normal -0.8660252427664542 -0.5000002788912262 2.0868335840519897e-15
    outer loop
      vertex 23.72499942779541 2.1217613220214844 -2.4
      vertex 23.85529591967689 1.8960813458752472 -5.799999237060547
      vertex 23.91299592644625 1.7961420768794976 -5.799999237060547
    endloop
  endfacet
  facet normal -0.8660252427664606 -0.500000278891215 6.755358467990864e-16
    outer loop
      vertex 23.72499942779541 2.1217613220214844 -2.4
      vertex 23.91299592644625 1.7961420768794976 -5.799999237060547
      vertex 23.985502020831056 1.670557930944828 -5.799999237060547
    endloop
  endfacet
  facet normal -0.8660252427664556 -0.5000002788912239 2.2138966925779025e-15
    outer loop
      vertex 23.72499942779541 2.1217613220214844 -2.4
      vertex 23.985502020831056 1.670557930944828 -5.799999237060547
      vertex 24.070311060532298 1.5236644744873047 -5.799999237060547
    endloop
  endfacet
  facet normal -0.8660252427664704 -0.5000002788911982 -3.80932617024418e-15
    outer loop
      vertex 23.72499942779541 2.1217613220214844 -2.4
      vertex 24.070311060532298 1.5236644744873047 -5.799999237060547
      vertex 24.164603349242093 1.3603455611419069 -5.799999237060547
    endloop
  endfacet
  facet normal -0.8660252427664518 -0.5000002788912304 5.837452886632299e-15
    outer loop
      vertex 23.72499942779541 2.1217613220214844 -2.4
      vertex 24.164603349242093 1.3603455611419069 -5.799999237060547
      vertex 24.26529205745694 1.185947732466751 -5.799999237060547
    endloop
  endfacet
  facet normal -0.8660252427664623 -0.5000002788912121 -9.329609641072961e-16
    outer loop
      vertex 23.72499942779541 2.1217613220214844 -2.4
      vertex 24.26529205745694 1.185947732466751 -5.799999237060547
      vertex 24.949999809265137 0 -2.4
    endloop
  endfacet
  facet normal 0 0 -1
    outer loop
      vertex 23.79240179020743 2.005017092597564 -5.799999237060547
      vertex 70.38562488555908 3.049999237060547 -5.799999237060547
      vertex 23.814533412424602 1.9666840269721804 -5.799999237060547
    endloop
  endfacet
  facet normal 0 0 -1
    outer loop
      vertex 23.814533412424602 1.9666840269721804 -5.799999237060547
      vertex 36.268701299556156 2.110850669858042 -5.799999237060547
      vertex 23.85529591967689 1.8960813458752472 -5.799999237060547
    endloop
  endfacet
  facet normal 0 0 -1
    outer loop
      vertex 23.814533412424602 1.9666840269721804 -5.799999237060547
      vertex 36.27500057220459 2.1217613220214844 -5.799999237060547
      vertex 36.268701299556156 2.110850669858042 -5.799999237060547
    endloop
  endfacet
  facet normal 0 0 -1
    outer loop
      vertex 23.814533412424602 1.9666840269721804 -5.799999237060547
      vertex 70.38562488555908 3.049999237060547 -5.799999237060547
      vertex 70.94589805603027 2.938553810119629 -5.799999237060547
    endloop
  endfacet
  facet normal 0 0 -1
    outer loop
      vertex 23.814533412424602 1.9666840269721804 -5.799999237060547
      vertex 70.94589805603027 2.938553810119629 -5.799999237060547
      vertex 36.27500057220459 2.1217613220214844 -5.799999237060547
    endloop
  endfacet
  facet normal 0 0 -1
    outer loop
      vertex 23.85529591967689 1.8960813458752472 -5.799999237060547
      vertex 36.176390291651174 1.9509634329784524 -5.799999237060547
      vertex 23.91299592644625 1.7961420768794976 -5.799999237060547
    endloop
  endfacet
  facet normal 0 0 -1
    outer loop
      vertex 23.85529591967689 1.8960813458752472 -5.799999237060547
      vertex 36.268701299556156 2.110850669858042 -5.799999237060547
      vertex 36.176390291651174 1.9509634329784524 -5.799999237060547
    endloop
  endfacet
  facet normal 0 0 -1
    outer loop
      vertex 23.91299592644625 1.7961420768794976 -5.799999237060547
      vertex 36.06179224848012 1.752473947376862 -5.799999237060547
      vertex 23.985502020831056 1.670557930944828 -5.799999237060547
    endloop
  endfacet
  facet normal 0 0 -1
    outer loop
      vertex 23.91299592644625 1.7961420768794976 -5.799999237060547
      vertex 36.176390291651174 1.9509634329784524 -5.799999237060547
      vertex 36.06179224848012 1.752473947376862 -5.799999237060547
    endloop
  endfacet
  facet normal 0 0 -1
    outer loop
      vertex 23.985502020831056 1.670557930944828 -5.799999237060547
      vertex 35.92968893946771 1.5236644744873047 -5.799999237060547
      vertex 24.070311060532298 1.5236644744873047 -5.799999237060547
    endloop
  endfacet
  facet normal 0 0 -1
    outer loop
      vertex 23.985502020831056 1.670557930944828 -5.799999237060547
      vertex 36.06179224848012 1.752473947376862 -5.799999237060547
      vertex 35.92968893946771 1.5236644744873047 -5.799999237060547
    endloop
  endfacet
  facet normal 0 0 -1
    outer loop
      vertex 24.070311060532298 1.5236644744873047 -5.799999237060547
      vertex 35.92968893946771 1.5236644744873047 -5.799999237060547
      vertex 24.164603349242093 1.3603455611419069 -5.799999237060547
    endloop
  endfacet
  facet normal 0 0 -1
    outer loop
      vertex 24.164603349242093 1.3603455611419069 -5.799999237060547
      vertex 35.78521315981767 1.2734252697757493 -5.799999237060547
      vertex 24.26529205745694 1.185947732466751 -5.799999237060547
    endloop
  endfacet
  facet normal 0 0 -1
    outer loop
      vertex 24.164603349242093 1.3603455611419069 -5.799999237060547
      vertex 35.92968893946771 1.5236644744873047 -5.799999237060547
      vertex 35.78521315981767 1.2734252697757493 -5.799999237060547
    endloop
  endfacet
  facet normal -0.8660252427664656 -0.5000002788912066 1.6720834086479235e-15
    outer loop
      vertex 24.26529205745694 1.185947732466751 -5.799999237060547
      vertex 24.423962884172063 0.9111220033078675 -5.799999237060547
      vertex 24.949999809265137 0 -2.4
    endloop
  endfacet
  facet normal 0 0 -1
    outer loop
      vertex 24.26529205745694 1.185947732466751 -5.799999237060547
      vertex 35.633655252258606 1.0109194688228333 -5.799999237060547
      vertex 24.423962884172063 0.9111220033078675 -5.799999237060547
    endloop
  endfacet
  facet normal 0 0 -1
    outer loop
      vertex 24.26529205745694 1.185947732466751 -5.799999237060547
      vertex 35.78521315981767 1.2734252697757493 -5.799999237060547
      vertex 35.633655252258606 1.0109194688228333 -5.799999237060547
    endloop
  endfacet
  facet normal -0.866025242766464 -0.5000002788912093 6.476292638488692e-16
    outer loop
      vertex 24.423962884172063 0.9111220033078675 -5.799999237060547
      vertex 24.52795469604404 0.7310030355307522 -5.799999237060547
      vertex 24.949999809265137 0 -2.4
    endloop
  endfacet
  facet normal 0 0 -1
    outer loop
      vertex 24.423962884172063 0.9111220033078675 -5.799999237060547
      vertex 35.400340901416286 0.6068074595711836 -5.799999237060547
      vertex 24.52795469604404 0.7310030355307522 -5.799999237060547
    endloop
  endfacet
  facet normal 0 0 -1
    outer loop
      vertex 24.423962884172063 0.9111220033078675 -5.799999237060547
      vertex 35.633655252258606 1.0109194688228333 -5.799999237060547
      vertex 35.400340901416286 0.6068074595711836 -5.799999237060547
    endloop
  endfacet
  facet normal -0.8660252427664684 -0.5000002788912018 2.8343752268176927e-15
    outer loop
      vertex 24.52795469604404 0.7310030355307522 -5.799999237060547
      vertex 24.62803972670737 0.5576508062685763 -5.799999237060547
      vertex 24.949999809265137 0 -2.4
    endloop
  endfacet
  facet normal 0 0 -1
    outer loop
      vertex 24.52795469604404 0.7310030355307522 -5.799999237060547
      vertex 35.250973878680455 0.34809637962346396 -5.799999237060547
      vertex 24.62803972670737 0.5576508062685763 -5.799999237060547
    endloop
  endfacet
  facet normal 0 0 -1
    outer loop
      vertex 24.52795469604404 0.7310030355307522 -5.799999237060547
      vertex 35.32766688156126 0.48093245840650833 -5.799999237060547
      vertex 35.250973878680455 0.34809637962346396 -5.799999237060547
    endloop
  endfacet
  facet normal 0 0 -1
    outer loop
      vertex 24.52795469604404 0.7310030355307522 -5.799999237060547
      vertex 35.400340901416286 0.6068074595711836 -5.799999237060547
      vertex 35.32766688156126 0.48093245840650833 -5.799999237060547
    endloop
  endfacet
  facet normal -0.8660252427664357 -0.5000002788912586 -9.595281992009636e-15
    outer loop
      vertex 24.62803972670737 0.5576508062685763 -5.799999237060547
      vertex 24.672333118438743 0.48093245840650833 -5.799999237060547
      vertex 24.949999809265137 0 -2.4
    endloop
  endfacet
  facet normal 0 0 -1
    outer loop
      vertex 24.62803972670737 0.5576508062685763 -5.799999237060547
      vertex 35.10978546452634 0.10355105473929493 -5.799999237060547
      vertex 24.672333118438743 0.48093245840650833 -5.799999237060547
    endloop
  endfacet
  facet normal 0 0 -1
    outer loop
      vertex 24.62803972670737 0.5576508062685763 -5.799999237060547
      vertex 35.250973878680455 0.34809637962346396 -5.799999237060547
      vertex 35.10978546452634 0.10355105473929493 -5.799999237060547
    endloop
  endfacet
  facet normal 0 0 -1
    outer loop
      vertex 24.672333118438743 -0.48093245840650833 -5.799999237060547
      vertex 24.949999809265137 0 -5.799999237060547
      vertex 35.455608144875086 -0.7025330620439851 -5.799999237060547
    endloop
  endfacet
  facet normal -0.866025242766465 0.5000002788912077 0
    outer loop
      vertex 24.672333118438743 -0.48093245840650833 -5.799999237060547
      vertex 24.949999809265137 0 -2.4
      vertex 24.949999809265137 0 -5.799999237060547
    endloop
  endfacet
  facet normal -0.8660252427664746 -0.500000278891191 3.1407532416096322e-15
    outer loop
      vertex 24.672333118438743 0.48093245840650833 -5.799999237060547
      vertex 24.72058056248261 0.39736549613678485 -5.799999237060547
      vertex 24.949999809265137 0 -2.4
    endloop
  endfacet
  facet normal 0 0 -1
    outer loop
      vertex 24.672333118438743 0.48093245840650833 -5.799999237060547
      vertex 35.10978546452634 0.10355105473929493 -5.799999237060547
      vertex 24.72058056248261 0.39736549613678485 -5.799999237060547
    endloop
  endfacet
  facet normal -0.8660252427664701 -0.5000002788911989 1.904780603298281e-15
    outer loop
      vertex 24.72058056248261 0.39736549613678485 -5.799999237060547
      vertex 24.802009787619866 0.25632604587055163 -5.799999237060547
      vertex 24.949999809265137 0 -2.4
    endloop
  endfacet
  facet normal 0 0 -1
    outer loop
      vertex 24.72058056248261 0.39736549613678485 -5.799999237060547
      vertex 35.05000019073486 0 -5.799999237060547
      vertex 35.122680513658736 -0.1258859183920361 -5.799999237060547
    endloop
  endfacet
  facet normal 0 0 -1
    outer loop
      vertex 24.72058056248261 0.39736549613678485 -5.799999237060547
      vertex 35.10978546452634 0.10355105473929493 -5.799999237060547
      vertex 35.05000019073486 0 -5.799999237060547
    endloop
  endfacet
  facet normal 0 0 -1
    outer loop
      vertex 24.72058056248261 0.39736549613678485 -5.799999237060547
      vertex 35.122680513658736 -0.1258859183920361 -5.799999237060547
      vertex 24.802009787619866 0.25632604587055163 -5.799999237060547
    endloop
  endfacet
  facet normal -0.8660252427664629 -0.5000002788912115 6.477657062475522e-16
    outer loop
      vertex 24.802009787619866 0.25632604587055163 -5.799999237060547
      vertex 24.86896010685203 0.1403647776190569 -5.799999237060547
      vertex 24.949999809265137 0 -2.4
    endloop
  endfacet
  facet normal 0 0 -1
    outer loop
      vertex 24.802009787619866 0.25632604587055163 -5.799999237060547
      vertex 35.122680513658736 -0.1258859183920361 -5.799999237060547
      vertex 35.241939798181704 -0.3324489048371386 -5.799999237060547
    endloop
  endfacet
  facet normal 0 0 -1
    outer loop
      vertex 24.802009787619866 0.25632604587055163 -5.799999237060547
      vertex 35.241939798181704 -0.3324489048371386 -5.799999237060547
      vertex 24.86896010685203 0.1403647776190569 -5.799999237060547
    endloop
  endfacet
  facet normal -0.866025242766448 -0.5000002788912371 -7.582263562378641e-16
    outer loop
      vertex 24.86896010685203 0.1403647776190569 -5.799999237060547
      vertex 24.91841851577165 0.0547003642182539 -5.799999237060547
      vertex 24.949999809265137 0 -2.4
    endloop
  endfacet
  facet normal 0 0 -1
    outer loop
      vertex 24.86896010685203 0.1403647776190569 -5.799999237060547
      vertex 35.241939798181704 -0.3324489048371386 -5.799999237060547
      vertex 35.32766688156126 -0.48093245840650833 -5.799999237060547
    endloop
  endfacet
  facet normal 0 0 -1
    outer loop
      vertex 24.86896010685203 0.1403647776190569 -5.799999237060547
      vertex 35.32766688156126 -0.48093245840650833 -5.799999237060547
      vertex 35.33999362537645 -0.5022829891077092 -5.799999237060547
    endloop
  endfacet
  facet normal 0 0 -1
    outer loop
      vertex 24.86896010685203 0.1403647776190569 -5.799999237060547
      vertex 35.33999362537645 -0.5022829891077092 -5.799999237060547
      vertex 24.91841851577165 0.0547003642182539 -5.799999237060547
    endloop
  endfacet
  facet normal -0.866025242766457 -0.5000002788912215 -4.239921836505822e-16
    outer loop
      vertex 24.91841851577165 0.0547003642182539 -5.799999237060547
      vertex 24.947900717430464 0.0036357310034788237 -5.799999237060547
      vertex 24.949999809265137 0 -2.4
    endloop
  endfacet
  facet normal 0 0 -1
    outer loop
      vertex 24.91841851577165 0.0547003642182539 -5.799999237060547
      vertex 35.33999362537645 -0.5022829891077092 -5.799999237060547
      vertex 35.412429221459504 -0.6277450284926869 -5.799999237060547
    endloop
  endfacet
  facet normal 0 0 -1
    outer loop
      vertex 24.91841851577165 0.0547003642182539 -5.799999237060547
      vertex 35.412429221459504 -0.6277450284926869 -5.799999237060547
      vertex 24.947900717430464 0.0036357310034788237 -5.799999237060547
    endloop
  endfacet
  facet normal -0.8660252427666286 -0.5000002788909241 0
    outer loop
      vertex 24.947900717430464 0.0036357310034788237 -5.799999237060547
      vertex 24.949999809265137 0 -5.799999237060547
      vertex 24.949999809265137 0 -2.4
    endloop
  endfacet
  facet normal 0 0 -1
    outer loop
      vertex 24.947900717430464 0.0036357310034788237 -5.799999237060547
      vertex 35.412429221459504 -0.6277450284926869 -5.799999237060547
      vertex 35.455608144875086 -0.7025330620439851 -5.799999237060547
    endloop
  endfacet
  facet normal 0 0 -1
    outer loop
      vertex 24.947900717430464 0.0036357310034788237 -5.799999237060547
      vertex 35.455608144875086 -0.7025330620439851 -5.799999237060547
      vertex 24.949999809265137 0 -5.799999237060547
    endloop
  endfacet
  facet normal 0.8660252427664719 0.5000002788911956 0
    outer loop
      vertex 35.05000019073486 0 -5.799999237060547
      vertex 35.05000019073486 0 -2.4
      vertex 35.122680513658736 -0.1258859183920361 -5.799999237060547
    endloop
  endfacet
  facet normal 0.8660252427664787 -0.5000002788911838 0
    outer loop
      vertex 35.05000019073486 0 -5.799999237060547
      vertex 35.10978546452634 0.10355105473929493 -5.799999237060547
      vertex 35.05000019073486 0 -2.4
    endloop
  endfacet
  facet normal 0.8660252427664575 -0.5000002788912207 -1.4924598957606854e-15
    outer loop
      vertex 35.05000019073486 0 -2.4
      vertex 35.10978546452634 0.10355105473929493 -5.799999237060547
      vertex 35.250973878680455 0.34809637962346396 -5.799999237060547
    endloop
  endfacet
  facet normal 0.8660252427664513 0.5000002788912313 -1.7668900724495719e-15
    outer loop
      vertex 35.05000019073486 0 -2.4
      vertex 35.241939798181704 -0.3324489048371386 -5.799999237060547
      vertex 35.122680513658736 -0.1258859183920361 -5.799999237060547
    endloop
  endfacet
  facet normal 0.866025242766468 -0.5000002788912024 9.84595057053325e-16
    outer loop
      vertex 35.05000019073486 0 -2.4
      vertex 35.250973878680455 0.34809637962346396 -5.799999237060547
      vertex 35.32766688156126 0.48093245840650833 -5.799999237060547
    endloop
  endfacet
  facet normal 0.866025242766478 0.5000002788911849 4.285150964323003e-15
    outer loop
      vertex 35.05000019073486 0 -2.4
      vertex 35.32766688156126 -0.48093245840650833 -5.799999237060547
      vertex 35.241939798181704 -0.3324489048371386 -5.799999237060547
    endloop
  endfacet
  facet normal 0.8660252427664736 -0.5000002788911925 2.8082287846261617e-15
    outer loop
      vertex 35.05000019073486 0 -2.4
      vertex 35.32766688156126 0.48093245840650833 -5.799999237060547
      vertex 35.400340901416286 0.6068074595711836 -5.799999237060547
    endloop
  endfacet
  facet normal 0.8660252427665089 0.5000002788911316 1.4569544415762483e-14
    outer loop
      vertex 35.05000019073486 0 -2.4
      vertex 35.33999362537645 -0.5022829891077092 -5.799999237060547
      vertex 35.32766688156126 -0.48093245840650833 -5.799999237060547
    endloop
  endfacet
  facet normal 0.8660252427664545 -0.5000002788912257 -5.038400666723277e-15
    outer loop
      vertex 35.05000019073486 0 -2.4
      vertex 35.400340901416286 0.6068074595711836 -5.799999237060547
      vertex 35.633655252258606 1.0109194688228333 -5.799999237060547
    endloop
  endfacet
  facet normal 0.8660252427664251 0.5000002788912767 -1.4256409066339943e-14
    outer loop
      vertex 35.05000019073486 0 -2.4
      vertex 35.412429221459504 -0.6277450284926869 -5.799999237060547
      vertex 35.33999362537645 -0.5022829891077092 -5.799999237060547
    endloop
  endfacet
  facet normal 0.8660252427664682 0.5000002788912022 4.159321893894509e-15
    outer loop
      vertex 35.05000019073486 0 -2.4
      vertex 35.455608144875086 -0.7025330620439851 -5.799999237060547
      vertex 35.412429221459504 -0.6277450284926869 -5.799999237060547
    endloop
  endfacet
  facet normal 0.8660252427664623 -0.5000002788912121 3.7318438564291846e-16
    outer loop
      vertex 35.05000019073486 0 -2.4
      vertex 35.633655252258606 1.0109194688228333 -5.799999237060547
      vertex 36.27500057220459 2.1217613220214844 -2.4
    endloop
  endfacet
  facet normal 0.8660252427664623 0.5000002788912121 1.3861134323879829e-15
    outer loop
      vertex 35.05000019073486 0 -2.4
      vertex 36.27500057220459 -2.1217613220214844 -2.4
      vertex 35.455608144875086 -0.7025330620439851 -5.799999237060547
    endloop
  endfacet
  facet normal 0 0 -1
    outer loop
      vertex 35.05000019073486 0 -2.4
      vertex 36.27500057220459 2.1217613220214844 -2.4
      vertex 36.5 2.1217613220214844 -2.4
    endloop
  endfacet
  facet normal 0 0 -1
    outer loop
      vertex 35.05000019073486 0 -2.4
      vertex 36.5 -2.1217613220214844 -2.4
      vertex 36.27500057220459 -2.1217613220214844 -2.4
    endloop
  endfacet
  facet normal 0 0 -1
    outer loop
      vertex 35.05000019073486 0 -2.4
      vertex 36.5 2.1217613220214844 -2.4
      vertex 36.5 -2.1217613220214844 -2.4
    endloop
  endfacet
  facet normal 0.8660252427664639 0.5000002788912096 0
    outer loop
      vertex 35.455608144875086 -0.7025330620439851 -5.799999237060547
      vertex 36.27500057220459 -2.1217613220214844 -2.4
      vertex 36.27500057220459 -2.1217613220214844 -5.799999237060547
    endloop
  endfacet
  facet normal 0.8660252427664646 -0.5000002788912082 -1.2927195065488715e-15
    outer loop
      vertex 35.633655252258606 1.0109194688228333 -5.799999237060547
      vertex 35.78521315981767 1.2734252697757493 -5.799999237060547
      vertex 36.27500057220459 2.1217613220214844 -2.4
    endloop
  endfacet
  facet normal 0.866025242766455 -0.500000278891225 4.29427850007171e-15
    outer loop
      vertex 35.78521315981767 1.2734252697757493 -5.799999237060547
      vertex 35.92968893946771 1.5236644744873047 -5.799999237060547
      vertex 36.27500057220459 2.1217613220214844 -2.4
    endloop
  endfacet
  facet normal 0.866025242766475 -0.5000002788911903 -3.877677574487268e-15
    outer loop
      vertex 35.92968893946771 1.5236644744873047 -5.799999237060547
      vertex 36.06179224848012 1.752473947376862 -5.799999237060547
      vertex 36.27500057220459 2.1217613220214844 -2.4
    endloop
  endfacet
  facet normal 0.8660252427664457 -0.5000002788912411 3.499427679567002e-15
    outer loop
      vertex 36.06179224848012 1.752473947376862 -5.799999237060547
      vertex 36.176390291651174 1.9509634329784524 -5.799999237060547
      vertex 36.27500057220459 2.1217613220214844 -2.4
    endloop
  endfacet
  facet normal 0.8660252427664927 -0.5000002788911595 -1.9621244008301748e-15
    outer loop
      vertex 36.176390291651174 1.9509634329784524 -5.799999237060547
      vertex 36.268701299556156 2.110850669858042 -5.799999237060547
      vertex 36.27500057220459 2.1217613220214844 -2.4
    endloop
  endfacet
  facet normal 0.8660252427662276 -0.5000002788916188 0
    outer loop
      vertex 36.268701299556156 2.110850669858042 -5.799999237060547
      vertex 36.27500057220459 2.1217613220214844 -5.799999237060547
      vertex 36.27500057220459 2.1217613220214844 -2.4
    endloop
  endfacet
  facet normal 0 1 0
    outer loop
      vertex 36.27500057220459 -2.1217613220214844 -5.799999237060547
      vertex 36.27500057220459 -2.1217613220214844 -2.4
      vertex 36.44900014114377 -2.1217613220214844 -5.799999237060547
    endloop
  endfacet
  facet normal 0 1 0
    outer loop
      vertex 36.27500057220459 -2.1217613220214844 -2.4
      vertex 36.5 -2.1217613220214844 -2.4
      vertex 36.44900014114377 -2.1217613220214844 -5.799999237060547
    endloop
  endfacet
  facet normal 0 -1 0
    outer loop
      vertex 36.27500057220459 2.1217613220214844 -5.799999237060547
      vertex 36.44900014114377 2.1217613220214844 -5.799999237060547
      vertex 36.27500057220459 2.1217613220214844 -2.4
    endloop
  endfacet
  facet normal 0 0 -1
    outer loop
      vertex 36.27500057220459 2.1217613220214844 -5.799999237060547
      vertex 70.94589805603027 2.938553810119629 -5.799999237060547
      vertex 36.44900014114377 2.1217613220214844 -5.799999237060547
    endloop
  endfacet
  facet normal 0 -1 0
    outer loop
      vertex 36.27500057220459 2.1217613220214844 -2.4
      vertex 36.44900014114377 2.1217613220214844 -5.799999237060547
      vertex 36.5 2.1217613220214844 -2.4
    endloop
  endfacet
  facet normal 0 1 0
    outer loop
      vertex 36.44900014114377 -2.1217613220214844 -5.799999237060547
      vertex 36.5 -2.1217613220214844 -2.4
      vertex 37.9956669095357 -2.1217613220214844 -5.799999237060547
    endloop
  endfacet
  facet normal 0 -1 0
    outer loop
      vertex 36.44900014114377 2.1217613220214844 -5.799999237060547
      vertex 36.89932370759854 2.1217613220214844 -5.799999237060547
      vertex 36.5 2.1217613220214844 -2.4
    endloop
  endfacet
  facet normal 0 0 -1
    outer loop
      vertex 36.44900014114377 2.1217613220214844 -5.799999237060547
      vertex 70.94589805603027 2.938553810119629 -5.799999237060547
      vertex 36.89932370759854 2.1217613220214844 -5.799999237060547
    endloop
  endfacet
  facet normal 0 1 0
    outer loop
      vertex 36.5 -2.1217613220214844 -2.4
      vertex 36.5 -2.1217613220214844 -2.200000190734863
      vertex 38.5 -2.1217613220214844 -2.200000190734863
    endloop
  endfacet
  facet normal 1 0 0
    outer loop
      vertex 36.5 -2.1217613220214844 -2.4
      vertex 36.5 -1 -2.200000190734863
      vertex 36.5 -2.1217613220214844 -2.200000190734863
    endloop
  endfacet
  facet normal 1 0 0
    outer loop
      vertex 36.5 -2.1217613220214844 -2.4
      vertex 36.5 1 -2.200000190734863
      vertex 36.5 -1 -2.200000190734863
    endloop
  endfacet
  facet normal 1 0 0
    outer loop
      vertex 36.5 -2.1217613220214844 -2.4
      vertex 36.5 2.1217613220214844 -2.4
      vertex 36.5 1 -2.200000190734863
    endloop
  endfacet
  facet normal 0 1 0
    outer loop
      vertex 36.5 -2.1217613220214844 -2.4
      vertex 38.5 -2.1217613220214844 -2.4
      vertex 37.9956669095357 -2.1217613220214844 -5.799999237060547
    endloop
  endfacet
  facet normal 0 1 0
    outer loop
      vertex 36.5 -2.1217613220214844 -2.4
      vertex 38.5 -2.1217613220214844 -2.200000190734863
      vertex 38.5 -2.1217613220214844 -2.4
    endloop
  endfacet
  facet normal 0 0 -1
    outer loop
      vertex 36.5 -2.1217613220214844 -2.200000190734863
      vertex 36.5 -1 -2.200000190734863
      vertex 38.5 -1 -2.200000190734863
    endloop
  endfacet
  facet normal 0 0 -1
    outer loop
      vertex 36.5 -2.1217613220214844 -2.200000190734863
      vertex 38.5 -1 -2.200000190734863
      vertex 38.5 -2.1217613220214844 -2.200000190734863
    endloop
  endfacet
  facet normal 0 1 0
    outer loop
      vertex 36.5 -1 -2.200000190734863
      vertex 36.5 -1 -2.0000003814697265
      vertex 37.08578681945801 -1 -2.0000003814697265
    endloop
  endfacet
  facet normal 1 0 0
    outer loop
      vertex 36.5 -1 -2.200000190734863
      vertex 36.5 -0.4142131805419922 -2.0000003814697265
      vertex 36.5 -1 -2.0000003814697265
    endloop
  endfacet
  facet normal 1 0 0
    outer loop
      vertex 36.5 -1 -2.200000190734863
      vertex 36.5 0.4142131805419922 -2.0000003814697265
      vertex 36.5 -0.4142131805419922 -2.0000003814697265
    endloop
  endfacet
  facet normal 1 0 0
    outer loop
      vertex 36.5 -1 -2.200000190734863
      vertex 36.5 1 -2.200000190734863
      vertex 36.5 0.4142131805419922 -2.0000003814697265
    endloop
  endfacet
  facet normal 0 1 0
    outer loop
      vertex 36.5 -1 -2.200000190734863
      vertex 37.08578681945801 -1 -2.0000003814697265
      vertex 37.91421318054199 -1 -2.0000003814697265
    endloop
  endfacet
  facet normal 0 1 0
    outer loop
      vertex 36.5 -1 -2.200000190734863
      vertex 37.91421318054199 -1 -2.0000003814697265
      vertex 38.5 -1 -2.200000190734863
    endloop
  endfacet
  facet normal 0 0 -1
    outer loop
      vertex 36.5 -1 -2.0000003814697265
      vertex 36.5 -0.4142131805419922 -2.0000003814697265
      vertex 37.08578681945801 -1 -2.0000003814697265
    endloop
  endfacet
  facet normal 0.7071067811865475 0.7071067811865475 0
    outer loop
      vertex 36.5 -0.4142131805419922 -2.0000003814697265
      vertex 36.5 -0.4142131805419922 -1.8000005722045898
      vertex 36.723249435424805 -0.6374626159667969 -1.8000005722045898
    endloop
  endfacet
  facet normal 1 0 0
    outer loop
      vertex 36.5 -0.4142131805419922 -2.0000003814697265
      vertex 36.5 -0.09849071502685547 -1.8000005722045898
      vertex 36.5 -0.4142131805419922 -1.8000005722045898
    endloop
  endfacet
  facet normal 1 0 0
    outer loop
      vertex 36.5 -0.4142131805419922 -2.0000003814697265
      vertex 36.5 0.09849071502685547 -1.8000005722045898
      vertex 36.5 -0.09849071502685547 -1.8000005722045898
    endloop
  endfacet
  facet normal 1 0 0
    outer loop
      vertex 36.5 -0.4142131805419922 -2.0000003814697265
      vertex 36.5 0.4142131805419922 -2.0000003814697265
      vertex 36.5 0.09849071502685547 -1.8000005722045898
    endloop
  endfacet
  facet normal 0.7071067811865475 0.7071067811865475 0
    outer loop
      vertex 36.5 -0.4142131805419922 -2.0000003814697265
      vertex 36.723249435424805 -0.6374626159667969 -1.8000005722045898
      vertex 36.8625373840332 -0.7767505645751953 -1.8000005722045898
    endloop
  endfacet
  facet normal 0.7071067811865476 0.7071067811865476 0
    outer loop
      vertex 36.5 -0.4142131805419922 -2.0000003814697265
      vertex 36.8625373840332 -0.7767505645751953 -1.8000005722045898
      vertex 37.08578681945801 -1 -2.0000003814697265
    endloop
  endfacet
  facet normal 0 0 -1
    outer loop
      vertex 36.5 -0.4142131805419922 -1.8000005722045898
      vertex 36.5 -0.09849071502685547 -1.8000005722045898
      vertex 36.53843021392822 -0.2916889190673828 -1.8000005722045898
    endloop
  endfacet
  facet normal 0 0 -1
    outer loop
      vertex 36.5 -0.4142131805419922 -1.8000005722045898
      vertex 36.53843021392822 -0.2916889190673828 -1.8000005722045898
      vertex 36.61381244659424 -0.4736766815185547 -1.8000005722045898
    endloop
  endfacet
  facet normal 0 0 -1
    outer loop
      vertex 36.5 -0.4142131805419922 -1.8000005722045898
      vertex 36.61381244659424 -0.4736766815185547 -1.8000005722045898
      vertex 36.723249435424805 -0.6374626159667969 -1.8000005722045898
    endloop
  endfacet
  facet normal 0.9807845987074592 0.1950937491009087 0
    outer loop
      vertex 36.5 -0.09849071502685547 -1.8000005722045898
      vertex 36.5 -0.09849071502685547 -0.9999990463256836
      vertex 36.51310692217676 -0.16438245920967265 -0.9999990463256836
    endloop
  endfacet
  facet normal 1 0 0
    outer loop
      vertex 36.5 -0.09849071502685547 -1.8000005722045898
      vertex 36.5 -0.0875472818080433 -0.9999990463256836
      vertex 36.5 -0.09849071502685547 -0.9999990463256836
    endloop
  endfacet
  facet normal 1 0 0
    outer loop
      vertex 36.5 -0.09849071502685547 -1.8000005722045898
      vertex 36.5 -0.08337507298855684 -0.9999990463256836
      vertex 36.5 -0.0875472818080433 -0.9999990463256836
    endloop
  endfacet
  facet normal 1 0 0
    outer loop
      vertex 36.5 -0.09849071502685547 -1.8000005722045898
      vertex 36.5 0.0507974503117925 -0.9999990463256836
      vertex 36.5 -0.08337507298855684 -0.9999990463256836
    endloop
  endfacet
  facet normal 1 0 0
    outer loop
      vertex 36.5 -0.09849071502685547 -1.8000005722045898
      vertex 36.5 0.09849071502685547 -1.8000005722045898
      vertex 36.5 0.0507974503117925 -0.9999990463256836
    endloop
  endfacet
  facet normal 0.9807845987074544 0.1950937491009329 2.0695114916725706e-15
    outer loop
      vertex 36.5 -0.09849071502685547 -1.8000005722045898
      vertex 36.51310692217676 -0.16438245920967265 -0.9999990463256836
      vertex 36.53843021392822 -0.2916889190673828 -1.8000005722045898
    endloop
  endfacet
  facet normal 1 0 0
    outer loop
      vertex 36.5 0.0507974503117925 -0.9999990463256836
      vertex 36.5 0.09849071502685547 -1.8000005722045898
      vertex 36.5 0.09849071502685547 -0.9999990463256836
    endloop
  endfacet
  facet normal 1 0 0
    outer loop
      vertex 36.5 0.09849071502685547 -1.8000005722045898
      vertex 36.5 0.4142131805419922 -2.0000003814697265
      vertex 36.5 0.4142131805419922 -1.8000005722045898
    endloop
  endfacet
  facet normal 0 0 -1
    outer loop
      vertex 36.5 0.09849071502685547 -1.8000005722045898
      vertex 36.5 0.4142131805419922 -1.8000005722045898
      vertex 36.53843021392822 0.2916889190673828 -1.8000005722045898
    endloop
  endfacet
  facet normal 0.9807845987075529 -0.1950937491004379 0
    outer loop
      vertex 36.5 0.09849071502685547 -1.8000005722045898
      vertex 36.50213501587227 0.10922396863017972 -0.9999990463256836
      vertex 36.5 0.09849071502685547 -0.9999990463256836
    endloop
  endfacet
  facet normal 0.9807845987074425 -0.19509374910099184 7.726908968677844e-15
    outer loop
      vertex 36.5 0.09849071502685547 -1.8000005722045898
      vertex 36.52674644807655 0.23295173422658577 -0.9999990463256836
      vertex 36.50213501587227 0.10922396863017972 -0.9999990463256836
    endloop
  endfacet
  facet normal 0.9807845987074544 -0.1950937491009329 -2.575881324741391e-15
    outer loop
      vertex 36.5 0.09849071502685547 -1.8000005722045898
      vertex 36.53843021392822 0.2916889190673828 -1.8000005722045898
      vertex 36.52674644807655 0.23295173422658577 -0.9999990463256836
    endloop
  endfacet
  facet normal 1 0 0
    outer loop
      vertex 36.5 0.4142131805419922 -2.0000003814697265
      vertex 36.5 1 -2.200000190734863
      vertex 36.5 1 -2.0000003814697265
    endloop
  endfacet
  facet normal 0 0 -1
    outer loop
      vertex 36.5 0.4142131805419922 -2.0000003814697265
      vertex 36.5 1 -2.0000003814697265
      vertex 37.08578681945801 1 -2.0000003814697265
    endloop
  endfacet
  facet normal 0.7071067811865475 -0.7071067811865475 0
    outer loop
      vertex 36.5 0.4142131805419922 -2.0000003814697265
      vertex 36.723249435424805 0.6374626159667969 -1.8000005722045898
      vertex 36.5 0.4142131805419922 -1.8000005722045898
    endloop
  endfacet
  facet normal 0.7071067811865476 -0.7071067811865476 0
    outer loop
      vertex 36.5 0.4142131805419922 -2.0000003814697265
      vertex 37.08578681945801 1 -2.0000003814697265
      vertex 36.723249435424805 0.6374626159667969 -1.8000005722045898
    endloop
  endfacet
  facet normal 0 0 -1
    outer loop
      vertex 36.5 0.4142131805419922 -1.8000005722045898
      vertex 36.61381244659424 0.4736766815185547 -1.8000005722045898
      vertex 36.53843021392822 0.2916889190673828 -1.8000005722045898
    endloop
  endfacet
  facet normal 0 0 -1
    outer loop
      vertex 36.5 0.4142131805419922 -1.8000005722045898
      vertex 36.723249435424805 0.6374626159667969 -1.8000005722045898
      vertex 36.61381244659424 0.4736766815185547 -1.8000005722045898
    endloop
  endfacet
  facet normal 1 0 0
    outer loop
      vertex 36.5 1 -2.200000190734863
      vertex 36.5 2.1217613220214844 -2.4
      vertex 36.5 2.1217613220214844 -2.200000190734863
    endloop
  endfacet
  facet normal 0 0 -1
    outer loop
      vertex 36.5 1 -2.200000190734863
      vertex 36.5 2.1217613220214844 -2.200000190734863
      vertex 38.5 2.1217613220214844 -2.200000190734863
    endloop
  endfacet
  facet normal 0 -1 0
    outer loop
      vertex 36.5 1 -2.200000190734863
      vertex 37.08578681945801 1 -2.0000003814697265
      vertex 36.5 1 -2.0000003814697265
    endloop
  endfacet
  facet normal 0 -1 0
    outer loop
      vertex 36.5 1 -2.200000190734863
      vertex 38.5 1 -2.200000190734863
      vertex 37.08578681945801 1 -2.0000003814697265
    endloop
  endfacet
  facet normal 0 0 -1
    outer loop
      vertex 36.5 1 -2.200000190734863
      vertex 38.5 2.1217613220214844 -2.200000190734863
      vertex 38.5 1 -2.200000190734863
    endloop
  endfacet
  facet normal 0 -1 0
    outer loop
      vertex 36.5 2.1217613220214844 -2.4
      vertex 36.89932370759854 2.1217613220214844 -5.799999237060547
      vertex 37.0043330904643 2.1217613220214844 -5.799999237060547
    endloop
  endfacet
  facet normal 0 -1 0
    outer loop
      vertex 36.5 2.1217613220214844 -2.4
      vertex 37.0043330904643 2.1217613220214844 -5.799999237060547
      vertex 38.5 2.1217613220214844 -2.4
    endloop
  endfacet
  facet normal 0 -1 0
    outer loop
      vertex 36.5 2.1217613220214844 -2.4
      vertex 38.5 2.1217613220214844 -2.4
      vertex 36.5 2.1217613220214844 -2.200000190734863
    endloop
  endfacet
  facet normal 0 -1 0
    outer loop
      vertex 36.5 2.1217613220214844 -2.200000190734863
      vertex 38.5 2.1217613220214844 -2.4
      vertex 38.5 2.1217613220214844 -2.200000190734863
    endloop
  endfacet
  facet normal 0.9807845987074426 0.19509374910099211 -7.726232111363843e-15
    outer loop
      vertex 36.51310692217676 -0.16438245920967265 -0.9999990463256836
      vertex 36.53629519805595 -0.2809556654640586 -0.9999990463256836
      vertex 36.53843021392822 -0.2916889190673828 -1.8000005722045898
    endloop
  endfacet
  facet normal 0.9807845987074609 -0.19509374910089908 0
    outer loop
      vertex 36.52674644807655 0.23295173422658577 -0.9999990463256836
      vertex 36.53843021392822 0.2916889190673828 -1.8000005722045898
      vertex 36.53843021392822 0.2916889190673828 -0.9999990463256836
    endloop
  endfacet
  facet normal 0.9807845987075527 0.19509374910043836 0
    outer loop
      vertex 36.53629519805595 -0.2809556654640586 -0.9999990463256836
      vertex 36.53843021392822 -0.2916889190673828 -0.9999990463256836
      vertex 36.53843021392822 -0.2916889190673828 -1.8000005722045898
    endloop
  endfacet
  facet normal 0.9238787548503287 0.3826853097993263 0
    outer loop
      vertex 36.53843021392822 -0.2916889190673828 -1.8000005722045898
      vertex 36.53843021392822 -0.2916889190673828 -0.9999990463256836
      vertex 36.60962453695808 -0.4635662313889033 -0.9999990463256836
    endloop
  endfacet
  facet normal 0.9238787548503221 0.3826853097993421 3.984931001220869e-15
    outer loop
      vertex 36.53843021392822 -0.2916889190673828 -1.8000005722045898
      vertex 36.60962453695808 -0.4635662313889033 -0.9999990463256836
      vertex 36.61381244659424 -0.4736766815185547 -1.8000005722045898
    endloop
  endfacet
  facet normal 0.9238787548502105 -0.38268530979961124 0
    outer loop
      vertex 36.53843021392822 0.2916889190673828 -1.8000005722045898
      vertex 36.54261812356438 0.3017993691970342 -0.9999990463256836
      vertex 36.53843021392822 0.2916889190673828 -0.9999990463256836
    endloop
  endfacet
  facet normal 0.9238787548503424 -0.3826853097992928 -4.714816188568335e-15
    outer loop
      vertex 36.53843021392822 0.2916889190673828 -1.8000005722045898
      vertex 36.60693568601059 0.4570748082750977 -0.9999990463256836
      vertex 36.54261812356438 0.3017993691970342 -0.9999990463256836
    endloop
  endfacet
  facet normal 0.9238787548503221 -0.3826853097993421 7.221311427626769e-15
    outer loop
      vertex 36.53843021392822 0.2916889190673828 -1.8000005722045898
      vertex 36.61381244659424 0.4736766815185547 -1.8000005722045898
      vertex 36.60693568601059 0.4570748082750977 -0.9999990463256836
    endloop
  endfacet
  facet normal 0.923878754850199 -0.38268530979963916 0
    outer loop
      vertex 36.60693568601059 0.4570748082750977 -0.9999990463256836
      vertex 36.61381244659424 0.4736766815185547 -1.8000005722045898
      vertex 36.61381244659424 0.4736766815185547 -0.9999990463256836
    endloop
  endfacet
  facet normal 0.9238787548502105 0.38268530979961124 0
    outer loop
      vertex 36.60962453695808 -0.4635662313889033 -0.9999990463256836
      vertex 36.61381244659424 -0.4736766815185547 -0.9999990463256836
      vertex 36.61381244659424 -0.4736766815185547 -1.8000005722045898
    endloop
  endfacet
  facet normal 0.8314725993515413 0.5555657625588453 0
    outer loop
      vertex 36.61381244659424 -0.4736766815185547 -1.8000005722045898
      vertex 36.61381244659424 -0.4736766815185547 -0.9999990463256836
      vertex 36.71716959135722 -0.6283633803925279 -0.9999990463256836
    endloop
  endfacet
  facet normal 0.8314725993515247 0.5555657625588704 6.979109903404842e-15
    outer loop
      vertex 36.61381244659424 -0.4736766815185547 -1.8000005722045898
      vertex 36.71716959135722 -0.6283633803925279 -0.9999990463256836
      vertex 36.723249435424805 -0.6374626159667969 -1.8000005722045898
    endloop
  endfacet
  facet normal 0.8314725993512376 -0.5555657625592997 0
    outer loop
      vertex 36.61381244659424 0.4736766815185547 -1.8000005722045898
      vertex 36.619892290661824 0.4827759170928235 -0.9999990463256836
      vertex 36.61381244659424 0.4736766815185547 -0.9999990463256836
    endloop
  endfacet
  facet normal 0.8314725993515247 -0.5555657625588704 -7.064422366735107e-15
    outer loop
      vertex 36.61381244659424 0.4736766815185547 -1.8000005722045898
      vertex 36.723249435424805 0.6374626159667969 -1.8000005722045898
      vertex 36.619892290661824 0.4827759170928235 -0.9999990463256836
    endloop
  endfacet
  facet normal 0.8314725993515415 -0.555565762558845 0
    outer loop
      vertex 36.619892290661824 0.4827759170928235 -0.9999990463256836
      vertex 36.723249435424805 0.6374626159667969 -1.8000005722045898
      vertex 36.723249435424805 0.6374626159667969 -0.9999990463256836
    endloop
  endfacet
  facet normal 0.8314725993512407 0.555565762559295 0
    outer loop
      vertex 36.71716959135722 -0.6283633803925279 -0.9999990463256836
      vertex 36.723249435424805 -0.6374626159667969 -0.9999990463256836
      vertex 36.723249435424805 -0.6374626159667969 -1.8000005722045898
    endloop
  endfacet
  facet normal 0.7071067811865476 0.7071067811865476 0
    outer loop
      vertex 36.723249435424805 -0.6374626159667969 -1.8000005722045898
      vertex 36.723249435424805 -0.6374626159667969 -0.9999990463256836
      vertex 36.85479915021408 -0.7690123307560697 -0.9999990463256836
    endloop
  endfacet
  facet normal 0.7071067811865476 0.7071067811865476 0
    outer loop
      vertex 36.723249435424805 -0.6374626159667969 -1.8000005722045898
      vertex 36.85479915021408 -0.7690123307560697 -0.9999990463256836
      vertex 36.8625373840332 -0.7767505645751953 -1.8000005722045898
    endloop
  endfacet
  facet normal 0.7071067811865475 -0.7071067811865475 0
    outer loop
      vertex 36.723249435424805 0.6374626159667969 -1.8000005722045898
      vertex 36.73098766924393 0.6452008497859225 -0.9999990463256836
      vertex 36.723249435424805 0.6374626159667969 -0.9999990463256836
    endloop
  endfacet
  facet normal 0.7071067811865486 -0.7071067811865464 -1.9890205099588754e-17
    outer loop
      vertex 36.723249435424805 0.6374626159667969 -1.8000005722045898
      vertex 36.80325740347776 0.7174705840197506 -0.9999990463256836
      vertex 36.73098766924393 0.6452008497859225 -0.9999990463256836
    endloop
  endfacet
  facet normal 0.7071067811865476 -0.7071067811865476 1.9814513125283545e-16
    outer loop
      vertex 36.723249435424805 0.6374626159667969 -1.8000005722045898
      vertex 36.8625373840332 0.7767505645751953 -1.8000005722045898
      vertex 36.80325740347776 0.7174705840197506 -0.9999990463256836
    endloop
  endfacet
  facet normal 0.7071067811865475 -0.7071067811865475 0
    outer loop
      vertex 36.723249435424805 0.6374626159667969 -1.8000005722045898
      vertex 37.08578681945801 1 -2.0000003814697265
      vertex 36.8625373840332 0.7767505645751953 -1.8000005722045898
    endloop
  endfacet
  facet normal 0.7071067811865462 -0.7071067811865488 0
    outer loop
      vertex 36.80325740347776 0.7174705840197506 -0.9999990463256836
      vertex 36.8625373840332 0.7767505645751953 -1.8000005722045898
      vertex 36.8625373840332 0.7767505645751953 -0.9999990463256836
    endloop
  endfacet
  facet normal 0.7071067811865475 0.7071067811865475 0
    outer loop
      vertex 36.85479915021408 -0.7690123307560697 -0.9999990463256836
      vertex 36.8625373840332 -0.7767505645751953 -0.9999990463256836
      vertex 36.8625373840332 -0.7767505645751953 -1.8000005722045898
    endloop
  endfacet
  facet normal 0.5555657625588689 0.8314725993515255 0
    outer loop
      vertex 36.8625373840332 -0.7767505645751953 -1.8000005722045898
      vertex 36.8625373840332 -0.7767505645751953 -0.9999990463256836
      vertex 37.01722408290718 -0.880107709338183 -0.9999990463256836
    endloop
  endfacet
  facet normal 0.5555657625588704 0.8314725993515247 -3.742740326747076e-16
    outer loop
      vertex 36.8625373840332 -0.7767505645751953 -1.8000005722045898
      vertex 37.01722408290718 -0.880107709338183 -0.9999990463256836
      vertex 37.026323318481445 -0.8861875534057617 -1.8000005722045898
    endloop
  endfacet
  facet normal 0 0 -1
    outer loop
      vertex 36.8625373840332 -0.7767505645751953 -1.8000005722045898
      vertex 37.026323318481445 -0.8861875534057617 -1.8000005722045898
      vertex 37.08578681945801 -1 -1.8000005722045898
    endloop
  endfacet
  facet normal 0.7071067811865475 0.7071067811865475 0
    outer loop
      vertex 36.8625373840332 -0.7767505645751953 -1.8000005722045898
      vertex 37.08578681945801 -1 -1.8000005722045898
      vertex 37.08578681945801 -1 -2.0000003814697265
    endloop
  endfacet
  facet normal 0.555565762558893 -0.8314725993515095 0
    outer loop
      vertex 36.8625373840332 0.7767505645751953 -1.8000005722045898
      vertex 36.87163661960747 0.782830408642774 -0.9999990463256836
      vertex 36.8625373840332 0.7767505645751953 -0.9999990463256836
    endloop
  endfacet
  facet normal 0.5555657625588704 -0.8314725993515247 3.715220177285701e-16
    outer loop
      vertex 36.8625373840332 0.7767505645751953 -1.8000005722045898
      vertex 37.026323318481445 0.8861875534057617 -1.8000005722045898
      vertex 36.87163661960747 0.782830408642774 -0.9999990463256836
    endloop
  endfacet
  facet normal 0.7071067811865475 -0.7071067811865475 0
    outer loop
      vertex 36.8625373840332 0.7767505645751953 -1.8000005722045898
      vertex 37.08578681945801 1 -2.0000003814697265
      vertex 37.08578681945801 1 -1.8000005722045898
    endloop
  endfacet
  facet normal 0 0 -1
    outer loop
      vertex 36.8625373840332 0.7767505645751953 -1.8000005722045898
      vertex 37.08578681945801 1 -1.8000005722045898
      vertex 37.026323318481445 0.8861875534057617 -1.8000005722045898
    endloop
  endfacet
  facet normal 0.5555657625588689 -0.8314725993515255 0
    outer loop
      vertex 36.87163661960747 0.782830408642774 -0.9999990463256836
      vertex 37.026323318481445 0.8861875534057617 -1.8000005722045898
      vertex 37.026323318481445 0.8861875534057617 -0.9999990463256836
    endloop
  endfacet
  facet normal 0 0 -1
    outer loop
      vertex 36.89932370759854 2.1217613220214844 -5.799999237060547
      vertex 70.94589805603027 2.938553810119629 -5.799999237060547
      vertex 71.47366428375244 2.7199459075927734 -5.799999237060547
    endloop
  endfacet
  facet normal 0 0 -1
    outer loop
      vertex 36.89932370759854 2.1217613220214844 -5.799999237060547
      vertex 71.47366428375244 2.7199459075927734 -5.799999237060547
      vertex 37.0043330904643 2.1217613220214844 -5.799999237060547
    endloop
  endfacet
  facet normal 0 -1 0
    outer loop
      vertex 37.0043330904643 2.1217613220214844 -5.799999237060547
      vertex 38.55099985885623 2.1217613220214844 -5.799999237060547
      vertex 38.5 2.1217613220214844 -2.4
    endloop
  endfacet
  facet normal 0 0 -1
    outer loop
      vertex 37.0043330904643 2.1217613220214844 -5.799999237060547
      vertex 71.47366428375244 2.7199459075927734 -5.799999237060547
      vertex 38.55099985885623 2.1217613220214844 -5.799999237060547
    endloop
  endfacet
  facet normal 0.555565762558893 0.8314725993515095 0
    outer loop
      vertex 37.01722408290718 -0.880107709338183 -0.9999990463256836
      vertex 37.026323318481445 -0.8861875534057617 -0.9999990463256836
      vertex 37.026323318481445 -0.8861875534057617 -1.8000005722045898
    endloop
  endfacet
  facet normal 0.38268530979932985 0.9238787548503271 0
    outer loop
      vertex 37.026323318481445 -0.8861875534057617 -1.8000005722045898
      vertex 37.026323318481445 -0.8861875534057617 -0.9999990463256836
      vertex 37.19820063080297 -0.9573818764356226 -0.9999990463256836
    endloop
  endfacet
  facet normal 0.3826853097993421 0.9238787548503221 -3.0712589760790678e-15
    outer loop
      vertex 37.026323318481445 -0.8861875534057617 -1.8000005722045898
      vertex 37.19820063080297 -0.9573818764356226 -0.9999990463256836
      vertex 37.20831108093262 -0.9615697860717773 -1.8000005722045898
    endloop
  endfacet
  facet normal 0 0 -1
    outer loop
      vertex 37.026323318481445 -0.8861875534057617 -1.8000005722045898
      vertex 37.20831108093262 -0.9615697860717773 -1.8000005722045898
      vertex 37.08578681945801 -1 -1.8000005722045898
    endloop
  endfacet
  facet normal 0.3826853097995494 -0.9238787548502363 0
    outer loop
      vertex 37.026323318481445 0.8861875534057617 -1.8000005722045898
      vertex 37.03643376861109 0.8903754630419165 -0.9999990463256836
      vertex 37.026323318481445 0.8861875534057617 -0.9999990463256836
    endloop
  endfacet
  facet normal 0 0 -1
    outer loop
      vertex 37.026323318481445 0.8861875534057617 -1.8000005722045898
      vertex 37.08578681945801 1 -1.8000005722045898
      vertex 37.20831108093262 0.9615697860717773 -1.8000005722045898
    endloop
  endfacet
  facet normal 0.3826853097993421 -0.9238787548503221 3.0691949579499824e-15
    outer loop
      vertex 37.026323318481445 0.8861875534057617 -1.8000005722045898
      vertex 37.20831108093262 0.9615697860717773 -1.8000005722045898
      vertex 37.03643376861109 0.8903754630419165 -0.9999990463256836
    endloop
  endfacet
  facet normal 0.38268530979932985 -0.9238787548503271 0
    outer loop
      vertex 37.03643376861109 0.8903754630419165 -0.9999990463256836
      vertex 37.20831108093262 0.9615697860717773 -1.8000005722045898
      vertex 37.20831108093262 0.9615697860717773 -0.9999990463256836
    endloop
  endfacet
  facet normal 0 1 0
    outer loop
      vertex 37.08578681945801 -1 -2.0000003814697265
      vertex 37.08578681945801 -1 -1.8000005722045898
      vertex 37.401509284973145 -1 -1.8000005722045898
    endloop
  endfacet
  facet normal 0 1 0
    outer loop
      vertex 37.08578681945801 -1 -2.0000003814697265
      vertex 37.401509284973145 -1 -1.8000005722045898
      vertex 37.598490715026855 -1 -1.8000005722045898
    endloop
  endfacet
  facet normal 0 1 0
    outer loop
      vertex 37.08578681945801 -1 -2.0000003814697265
      vertex 37.598490715026855 -1 -1.8000005722045898
      vertex 37.91421318054199 -1 -2.0000003814697265
    endloop
  endfacet
  facet normal 0 0 -1
    outer loop
      vertex 37.08578681945801 -1 -1.8000005722045898
      vertex 37.20831108093262 -0.9615697860717773 -1.8000005722045898
      vertex 37.401509284973145 -1 -1.8000005722045898
    endloop
  endfacet
  facet normal 0 -1 0
    outer loop
      vertex 37.08578681945801 1 -2.0000003814697265
      vertex 37.401509284973145 1 -1.8000005722045898
      vertex 37.08578681945801 1 -1.8000005722045898
    endloop
  endfacet
  facet normal 0 -1 0
    outer loop
      vertex 37.08578681945801 1 -2.0000003814697265
      vertex 37.91421318054199 1 -2.0000003814697265
      vertex 37.401509284973145 1 -1.8000005722045898
    endloop
  endfacet
  facet normal 0 -1 0
    outer loop
      vertex 37.08578681945801 1 -2.0000003814697265
      vertex 38.5 1 -2.200000190734863
      vertex 37.91421318054199 1 -2.0000003814697265
    endloop
  endfacet
  facet normal 0 0 -1
    outer loop
      vertex 37.08578681945801 1 -1.8000005722045898
      vertex 37.401509284973145 1 -1.8000005722045898
      vertex 37.20831108093262 0.9615697860717773 -1.8000005722045898
    endloop
  endfacet
  facet normal 0.3826853097995494 0.9238787548502363 0
    outer loop
      vertex 37.19820063080297 -0.9573818764356226 -0.9999990463256836
      vertex 37.20831108093262 -0.9615697860717773 -0.9999990463256836
      vertex 37.20831108093262 -0.9615697860717773 -1.8000005722045898
    endloop
  endfacet
  facet normal 0.19509374910092875 0.9807845987074552 0
    outer loop
      vertex 37.20831108093262 -0.9615697860717773 -1.8000005722045898
      vertex 37.20831108093262 -0.9615697860717773 -0.9999990463256836
      vertex 37.390776031369825 -0.9978649841277247 -0.9999990463256836
    endloop
  endfacet
  facet normal 0.1950937491009329 0.9807845987074544 -9.962276063636576e-16
    outer loop
      vertex 37.20831108093262 -0.9615697860717773 -1.8000005722045898
      vertex 37.390776031369825 -0.9978649841277247 -0.9999990463256836
      vertex 37.401509284973145 -1 -1.8000005722045898
    endloop
  endfacet
  facet normal 0.19509374910100394 -0.9807845987074402 0
    outer loop
      vertex 37.20831108093262 0.9615697860717773 -1.8000005722045898
      vertex 37.21904433453594 0.9637048019440526 -0.9999990463256836
      vertex 37.20831108093262 0.9615697860717773 -0.9999990463256836
    endloop
  endfacet
  facet normal 0.1950937491009329 -0.9807845987074544 9.910675876842878e-16
    outer loop
      vertex 37.20831108093262 0.9615697860717773 -1.8000005722045898
      vertex 37.401509284973145 1 -1.8000005722045898
      vertex 37.21904433453594 0.9637048019440526 -0.9999990463256836
    endloop
  endfacet
  facet normal 0.19509374910092875 -0.9807845987074552 0
    outer loop
      vertex 37.21904433453594 0.9637048019440526 -0.9999990463256836
      vertex 37.401509284973145 1 -1.8000005722045898
      vertex 37.401509284973145 1 -0.9999990463256836
    endloop
  endfacet
  facet normal 0.19509374910100394 0.9807845987074402 0
    outer loop
      vertex 37.390776031369825 -0.9978649841277247 -0.9999990463256836
      vertex 37.401509284973145 -1 -0.9999990463256836
      vertex 37.401509284973145 -1 -1.8000005722045898
    endloop
  endfacet
  facet normal 0 1 0
    outer loop
      vertex 37.401509284973145 -1 -1.8000005722045898
      vertex 37.401509284973145 -1 -0.9999990463256836
      vertex 37.41245271819196 -1 -0.9999990463256836
    endloop
  endfacet
  facet normal 0 1 0
    outer loop
      vertex 37.401509284973145 -1 -1.8000005722045898
      vertex 37.41245271819196 -1 -0.9999990463256836
      vertex 37.598490715026855 -1 -1.8000005722045898
    endloop
  endfacet
  facet normal 0 -1 0
    outer loop
      vertex 37.401509284973145 1 -1.8000005722045898
      vertex 37.58754728180804 1 -0.9999990463256836
      vertex 37.401509284973145 1 -0.9999990463256836
    endloop
  endfacet
  facet normal 0 -1 0
    outer loop
      vertex 37.401509284973145 1 -1.8000005722045898
      vertex 37.598490715026855 1 -1.8000005722045898
      vertex 37.58754728180804 1 -0.9999990463256836
    endloop
  endfacet
  facet normal 0 -1 0
    outer loop
      vertex 37.401509284973145 1 -1.8000005722045898
      vertex 37.91421318054199 1 -2.0000003814697265
      vertex 37.598490715026855 1 -1.8000005722045898
    endloop
  endfacet
  facet normal 0 0 1
    outer loop
      vertex 37.401509284973145 1 -0.9999990463256836
      vertex 37.58754728180804 1 -0.9999990463256836
      vertex 70.94589805603027 2.7885541915893555 -0.9999990463256836
    endloop
  endfacet
  facet normal 0 1 0
    outer loop
      vertex 37.41245271819196 -1 -0.9999990463256836
      vertex 37.598490715026855 -1 -0.9999990463256836
      vertex 37.598490715026855 -1 -1.8000005722045898
    endloop
  endfacet
  facet normal 0 0 1
    outer loop
      vertex 37.41245271819196 -1 -0.9999990463256836
      vertex 70.38562488555908 -2.8999996185302734 -0.9999990463256836
      vertex 37.598490715026855 -1 -0.9999990463256836
    endloop
  endfacet
  facet normal 0 -1 0
    outer loop
      vertex 37.58754728180804 1 -0.9999990463256836
      vertex 37.598490715026855 1 -1.8000005722045898
      vertex 37.598490715026855 1 -0.9999990463256836
    endloop
  endfacet
  facet normal 0 0 1
    outer loop
      vertex 37.58754728180804 1 -0.9999990463256836
      vertex 37.598490715026855 1 -0.9999990463256836
      vertex 70.94589805603027 2.7885541915893555 -0.9999990463256836
    endloop
  endfacet
  facet normal -0.19509374910100394 0.9807845987074402 0
    outer loop
      vertex 37.598490715026855 -1 -1.8000005722045898
      vertex 37.598490715026855 -1 -0.9999990463256836
      vertex 37.609223968630175 -0.9978649841277247 -0.9999990463256836
    endloop
  endfacet
  facet normal -0.1950937491009329 0.9807845987074544 -9.910675876842878e-16
    outer loop
      vertex 37.598490715026855 -1 -1.8000005722045898
      vertex 37.609223968630175 -0.9978649841277247 -0.9999990463256836
      vertex 37.79168891906738 -0.9615697860717773 -1.8000005722045898
    endloop
  endfacet
  facet normal 0 0 -1
    outer loop
      vertex 37.598490715026855 -1 -1.8000005722045898
      vertex 37.79168891906738 -0.9615697860717773 -1.8000005722045898
      vertex 37.91421318054199 -1 -1.8000005722045898
    endloop
  endfacet
  facet normal 0 1 0
    outer loop
      vertex 37.598490715026855 -1 -1.8000005722045898
      vertex 37.91421318054199 -1 -1.8000005722045898
      vertex 37.91421318054199 -1 -2.0000003814697265
    endloop
  endfacet
  facet normal 0 0 1
    outer loop
      vertex 37.598490715026855 -1 -0.9999990463256836
      vertex 52.390776031369825 -0.9978649841277247 -0.9999990463256836
      vertex 37.609223968630175 -0.9978649841277247 -0.9999990463256836
    endloop
  endfacet
  facet normal 0 0 1
    outer loop
      vertex 37.598490715026855 -1 -0.9999990463256836
      vertex 52.401509284973145 -1 -0.9999990463256836
      vertex 52.390776031369825 -0.9978649841277247 -0.9999990463256836
    endloop
  endfacet
  facet normal 0 0 1
    outer loop
      vertex 37.598490715026855 -1 -0.9999990463256836
      vertex 70.38562488555908 -2.8999996185302734 -0.9999990463256836
      vertex 52.401509284973145 -1 -0.9999990463256836
    endloop
  endfacet
  facet normal -0.19509374910092875 -0.9807845987074552 0
    outer loop
      vertex 37.598490715026855 1 -1.8000005722045898
      vertex 37.78095566546406 0.9637048019440526 -0.9999990463256836
      vertex 37.598490715026855 1 -0.9999990463256836
    endloop
  endfacet
  facet normal -0.1950937491009329 -0.9807845987074544 9.962276063636576e-16
    outer loop
      vertex 37.598490715026855 1 -1.8000005722045898
      vertex 37.79168891906738 0.9615697860717773 -1.8000005722045898
      vertex 37.78095566546406 0.9637048019440526 -0.9999990463256836
    endloop
  endfacet
  facet normal 0 -1 0
    outer loop
      vertex 37.598490715026855 1 -1.8000005722045898
      vertex 37.91421318054199 1 -2.0000003814697265
      vertex 37.91421318054199 1 -1.8000005722045898
    endloop
  endfacet
  facet normal 0 0 -1
    outer loop
      vertex 37.598490715026855 1 -1.8000005722045898
      vertex 37.91421318054199 1 -1.8000005722045898
      vertex 37.79168891906738 0.9615697860717773 -1.8000005722045898
    endloop
  endfacet
  facet normal 0 0 1
    outer loop
      vertex 37.598490715026855 1 -0.9999990463256836
      vertex 37.78095566546406 0.9637048019440526 -0.9999990463256836
      vertex 70.94589805603027 2.7885541915893555 -0.9999990463256836
    endloop
  endfacet
  facet normal -0.19509374910092875 0.9807845987074552 0
    outer loop
      vertex 37.609223968630175 -0.9978649841277247 -0.9999990463256836
      vertex 37.79168891906738 -0.9615697860717773 -0.9999990463256836
      vertex 37.79168891906738 -0.9615697860717773 -1.8000005722045898
    endloop
  endfacet
  facet normal 0 0 1
    outer loop
      vertex 37.609223968630175 -0.9978649841277247 -0.9999990463256836
      vertex 52.20831108093262 -0.9615697860717773 -0.9999990463256836
      vertex 37.79168891906738 -0.9615697860717773 -0.9999990463256836
    endloop
  endfacet
  facet normal 0 0 1
    outer loop
      vertex 37.609223968630175 -0.9978649841277247 -0.9999990463256836
      vertex 52.390776031369825 -0.9978649841277247 -0.9999990463256836
      vertex 52.20831108093262 -0.9615697860717773 -0.9999990463256836
    endloop
  endfacet
  facet normal -0.19509374910100394 -0.9807845987074402 0
    outer loop
      vertex 37.78095566546406 0.9637048019440526 -0.9999990463256836
      vertex 37.79168891906738 0.9615697860717773 -1.8000005722045898
      vertex 37.79168891906738 0.9615697860717773 -0.9999990463256836
    endloop
  endfacet
  facet normal 0 0 1
    outer loop
      vertex 37.78095566546406 0.9637048019440526 -0.9999990463256836
      vertex 37.79168891906738 0.9615697860717773 -0.9999990463256836
      vertex 70.94589805603027 2.7885541915893555 -0.9999990463256836
    endloop
  endfacet
  facet normal -0.3826853097995494 0.9238787548502363 0
    outer loop
      vertex 37.79168891906738 -0.9615697860717773 -1.8000005722045898
      vertex 37.79168891906738 -0.9615697860717773 -0.9999990463256836
      vertex 37.80179936919703 -0.9573818764356226 -0.9999990463256836
    endloop
  endfacet
  facet normal -0.3826853097993421 0.9238787548503221 -3.0691949579499824e-15
    outer loop
      vertex 37.79168891906738 -0.9615697860717773 -1.8000005722045898
      vertex 37.80179936919703 -0.9573818764356226 -0.9999990463256836
      vertex 37.973676681518555 -0.8861875534057617 -1.8000005722045898
    endloop
  endfacet
  facet normal 0 0 -1
    outer loop
      vertex 37.79168891906738 -0.9615697860717773 -1.8000005722045898
      vertex 37.973676681518555 -0.8861875534057617 -1.8000005722045898
      vertex 37.91421318054199 -1 -1.8000005722045898
    endloop
  endfacet
  facet normal 0 0 1
    outer loop
      vertex 37.79168891906738 -0.9615697860717773 -0.9999990463256836
      vertex 52.19820063080297 -0.9573818764356226 -0.9999990463256836
      vertex 37.80179936919703 -0.9573818764356226 -0.9999990463256836
    endloop
  endfacet
  facet normal 0 0 1
    outer loop
      vertex 37.79168891906738 -0.9615697860717773 -0.9999990463256836
      vertex 52.20831108093262 -0.9615697860717773 -0.9999990463256836
      vertex 52.19820063080297 -0.9573818764356226 -0.9999990463256836
    endloop
  endfacet
  facet normal 0 0 -1
    outer loop
      vertex 37.79168891906738 0.9615697860717773 -1.8000005722045898
      vertex 37.91421318054199 1 -1.8000005722045898
      vertex 37.973676681518555 0.8861875534057617 -1.8000005722045898
    endloop
  endfacet
  facet normal -0.38268530979932985 -0.9238787548503271 0
    outer loop
      vertex 37.79168891906738 0.9615697860717773 -1.8000005722045898
      vertex 37.96356623138891 0.8903754630419165 -0.9999990463256836
      vertex 37.79168891906738 0.9615697860717773 -0.9999990463256836
    endloop
  endfacet
  facet normal -0.3826853097993421 -0.9238787548503221 3.0712589760790678e-15
    outer loop
      vertex 37.79168891906738 0.9615697860717773 -1.8000005722045898
      vertex 37.973676681518555 0.8861875534057617 -1.8000005722045898
      vertex 37.96356623138891 0.8903754630419165 -0.9999990463256836
    endloop
  endfacet
  facet normal 0 0 1
    outer loop
      vertex 37.79168891906738 0.9615697860717773 -0.9999990463256836
      vertex 37.96356623138891 0.8903754630419165 -0.9999990463256836
      vertex 70.94589805603027 2.7885541915893555 -0.9999990463256836
    endloop
  endfacet
  facet normal -0.38268530979932985 0.9238787548503271 0
    outer loop
      vertex 37.80179936919703 -0.9573818764356226 -0.9999990463256836
      vertex 37.973676681518555 -0.8861875534057617 -0.9999990463256836
      vertex 37.973676681518555 -0.8861875534057617 -1.8000005722045898
    endloop
  endfacet
  facet normal 0 0 1
    outer loop
      vertex 37.80179936919703 -0.9573818764356226 -0.9999990463256836
      vertex 52.026323318481445 -0.8861875534057617 -0.9999990463256836
      vertex 37.973676681518555 -0.8861875534057617 -0.9999990463256836
    endloop
  endfacet
  facet normal 0 0 1
    outer loop
      vertex 37.80179936919703 -0.9573818764356226 -0.9999990463256836
      vertex 52.19820063080297 -0.9573818764356226 -0.9999990463256836
      vertex 52.026323318481445 -0.8861875534057617 -0.9999990463256836
    endloop
  endfacet
  facet normal -0.7071067811865475 0.7071067811865475 0
    outer loop
      vertex 37.91421318054199 -1 -2.0000003814697265
      vertex 37.91421318054199 -1 -1.8000005722045898
      vertex 38.1374626159668 -0.7767505645751953 -1.8000005722045898
    endloop
  endfacet
  facet normal -0.7071067811865475 0.7071067811865475 0
    outer loop
      vertex 37.91421318054199 -1 -2.0000003814697265
      vertex 38.1374626159668 -0.7767505645751953 -1.8000005722045898
      vertex 38.276750564575195 -0.6374626159667969 -1.8000005722045898
    endloop
  endfacet
  facet normal -0.7071067811865476 0.7071067811865476 0
    outer loop
      vertex 37.91421318054199 -1 -2.0000003814697265
      vertex 38.276750564575195 -0.6374626159667969 -1.8000005722045898
      vertex 38.5 -0.4142131805419922 -2.0000003814697265
    endloop
  endfacet
  facet normal 0 1 0
    outer loop
      vertex 37.91421318054199 -1 -2.0000003814697265
      vertex 38.5 -1 -2.0000003814697265
      vertex 38.5 -1 -2.200000190734863
    endloop
  endfacet
  facet normal 0 0 -1
    outer loop
      vertex 37.91421318054199 -1 -2.0000003814697265
      vertex 38.5 -0.4142131805419922 -2.0000003814697265
      vertex 38.5 -1 -2.0000003814697265
    endloop
  endfacet
  facet normal 0 0 -1
    outer loop
      vertex 37.91421318054199 -1 -1.8000005722045898
      vertex 37.973676681518555 -0.8861875534057617 -1.8000005722045898
      vertex 38.1374626159668 -0.7767505645751953 -1.8000005722045898
    endloop
  endfacet
  facet normal -0.7071067811865475 -0.7071067811865475 0
    outer loop
      vertex 37.91421318054199 1 -2.0000003814697265
      vertex 38.1374626159668 0.7767505645751953 -1.8000005722045898
      vertex 37.91421318054199 1 -1.8000005722045898
    endloop
  endfacet
  facet normal -0.7071067811865476 -0.7071067811865476 0
    outer loop
      vertex 37.91421318054199 1 -2.0000003814697265
      vertex 38.5 0.4142131805419922 -2.0000003814697265
      vertex 38.1374626159668 0.7767505645751953 -1.8000005722045898
    endloop
  endfacet
  facet normal 0 -1 0
    outer loop
      vertex 37.91421318054199 1 -2.0000003814697265
      vertex 38.5 1 -2.200000190734863
      vertex 38.5 1 -2.0000003814697265
    endloop
  endfacet
  facet normal 0 0 -1
    outer loop
      vertex 37.91421318054199 1 -2.0000003814697265
      vertex 38.5 1 -2.0000003814697265
      vertex 38.5 0.4142131805419922 -2.0000003814697265
    endloop
  endfacet
  facet normal 0 0 -1
    outer loop
      vertex 37.91421318054199 1 -1.8000005722045898
      vertex 38.1374626159668 0.7767505645751953 -1.8000005722045898
      vertex 37.973676681518555 0.8861875534057617 -1.8000005722045898
    endloop
  endfacet
  facet normal -0.3826853097995494 -0.9238787548502363 0
    outer loop
      vertex 37.96356623138891 0.8903754630419165 -0.9999990463256836
      vertex 37.973676681518555 0.8861875534057617 -1.8000005722045898
      vertex 37.973676681518555 0.8861875534057617 -0.9999990463256836
    endloop
  endfacet
  facet normal 0 0 1
    outer loop
      vertex 37.96356623138891 0.8903754630419165 -0.9999990463256836
      vertex 37.973676681518555 0.8861875534057617 -0.9999990463256836
      vertex 70.94589805603027 2.7885541915893555 -0.9999990463256836
    endloop
  endfacet
  facet normal -0.555565762558893 0.8314725993515095 0
    outer loop
      vertex 37.973676681518555 -0.8861875534057617 -1.8000005722045898
      vertex 37.973676681518555 -0.8861875534057617 -0.9999990463256836
      vertex 37.98277591709282 -0.880107709338183 -0.9999990463256836
    endloop
  endfacet
  facet normal -0.5555657625588704 0.8314725993515247 -3.715220177285701e-16
    outer loop
      vertex 37.973676681518555 -0.8861875534057617 -1.8000005722045898
      vertex 37.98277591709282 -0.880107709338183 -0.9999990463256836
      vertex 38.1374626159668 -0.7767505645751953 -1.8000005722045898
    endloop
  endfacet
  facet normal 0 0 1
    outer loop
      vertex 37.973676681518555 -0.8861875534057617 -0.9999990463256836
      vertex 52.01722408290718 -0.880107709338183 -0.9999990463256836
      vertex 37.98277591709282 -0.880107709338183 -0.9999990463256836
    endloop
  endfacet
  facet normal 0 0 1
    outer loop
      vertex 37.973676681518555 -0.8861875534057617 -0.9999990463256836
      vertex 52.026323318481445 -0.8861875534057617 -0.9999990463256836
      vertex 52.01722408290718 -0.880107709338183 -0.9999990463256836
    endloop
  endfacet
  facet normal -0.5555657625588817 -0.831472599351517 0
    outer loop
      vertex 37.973676681518555 0.8861875534057617 -1.8000005722045898
      vertex 38.10775398820863 0.7966010039617906 -0.9999990463256836
      vertex 37.973676681518555 0.8861875534057617 -0.9999990463256836
    endloop
  endfacet
  facet normal -0.5555657625588704 -0.8314725993515247 -2.7740310657066565e-15
    outer loop
      vertex 37.973676681518555 0.8861875534057617 -1.8000005722045898
      vertex 38.1374626159668 0.7767505645751953 -1.8000005722045898
      vertex 38.10775398820863 0.7966010039617906 -0.9999990463256836
    endloop
  endfacet
  facet normal 0 0 1
    outer loop
      vertex 37.973676681518555 0.8861875534057617 -0.9999990463256836
      vertex 38.10775398820863 0.7966010039617906 -0.9999990463256836
      vertex 70.94589805603027 2.7885541915893555 -0.9999990463256836
    endloop
  endfacet
  facet normal -0.5555657625588689 0.8314725993515255 0
    outer loop
      vertex 37.98277591709282 -0.880107709338183 -0.9999990463256836
      vertex 38.1374626159668 -0.7767505645751953 -0.9999990463256836
      vertex 38.1374626159668 -0.7767505645751953 -1.8000005722045898
    endloop
  endfacet
  facet normal 0 0 1
    outer loop
      vertex 37.98277591709282 -0.880107709338183 -0.9999990463256836
      vertex 51.8625373840332 -0.7767505645751953 -0.9999990463256836
      vertex 38.1374626159668 -0.7767505645751953 -0.9999990463256836
    endloop
  endfacet
  facet normal 0 0 1
    outer loop
      vertex 37.98277591709282 -0.880107709338183 -0.9999990463256836
      vertex 52.01722408290718 -0.880107709338183 -0.9999990463256836
      vertex 51.8625373840332 -0.7767505645751953 -0.9999990463256836
    endloop
  endfacet
  facet normal 0 1 0
    outer loop
      vertex 37.9956669095357 -2.1217613220214844 -5.799999237060547
      vertex 38.5 -2.1217613220214844 -2.4
      vertex 38.55099985885623 -2.1217613220214844 -5.799999237060547
    endloop
  endfacet
  facet normal 0 0 -1
    outer loop
      vertex 37.9956669095357 -2.1217613220214844 -5.799999237060547
      vertex 38.55099985885623 -2.1217613220214844 -5.799999237060547
      vertex 70.38562488555908 -3.049999237060547 -5.799999237060547
    endloop
  endfacet
  facet normal 0 0 1
    outer loop
      vertex 38.10775398820863 0.7966010039617906 -0.9999990463256836
      vertex 38.12836338039253 0.782830408642774 -0.9999990463256836
      vertex 70.94589805603027 2.7885541915893555 -0.9999990463256836
    endloop
  endfacet
  facet normal -0.5555657625587861 -0.8314725993515809 1.7578555856749543e-15
    outer loop
      vertex 38.10775398820863 0.7966010039617906 -0.9999990463256836
      vertex 38.1374626159668 0.7767505645751953 -1.8000005722045898
      vertex 38.12836338039253 0.782830408642774 -0.9999990463256836
    endloop
  endfacet
  facet normal -0.555565762558893 -0.8314725993515095 0
    outer loop
      vertex 38.12836338039253 0.782830408642774 -0.9999990463256836
      vertex 38.1374626159668 0.7767505645751953 -1.8000005722045898
      vertex 38.1374626159668 0.7767505645751953 -0.9999990463256836
    endloop
  endfacet
  facet normal 0 0 1
    outer loop
      vertex 38.12836338039253 0.782830408642774 -0.9999990463256836
      vertex 38.1374626159668 0.7767505645751953 -0.9999990463256836
      vertex 70.94589805603027 2.7885541915893555 -0.9999990463256836
    endloop
  endfacet
  facet normal -0.7071067811865476 0.7071067811865476 0
    outer loop
      vertex 38.1374626159668 -0.7767505645751953 -1.8000005722045898
      vertex 38.1374626159668 -0.7767505645751953 -0.9999990463256836
      vertex 38.26901233075607 -0.6452008497859225 -0.9999990463256836
    endloop
  endfacet
  facet normal -0.7071067811865476 0.7071067811865476 0
    outer loop
      vertex 38.1374626159668 -0.7767505645751953 -1.8000005722045898
      vertex 38.26901233075607 -0.6452008497859225 -0.9999990463256836
      vertex 38.276750564575195 -0.6374626159667969 -1.8000005722045898
    endloop
  endfacet
  facet normal 0 0 1
    outer loop
      vertex 38.1374626159668 -0.7767505645751953 -0.9999990463256836
      vertex 51.85479915021408 -0.7690123307560697 -0.9999990463256836
      vertex 38.26901233075607 -0.6452008497859225 -0.9999990463256836
    endloop
  endfacet
  facet normal 0 0 1
    outer loop
      vertex 38.1374626159668 -0.7767505645751953 -0.9999990463256836
      vertex 51.8625373840332 -0.7767505645751953 -0.9999990463256836
      vertex 51.85479915021408 -0.7690123307560697 -0.9999990463256836
    endloop
  endfacet
  facet normal -0.7071067811865475 -0.7071067811865475 0
    outer loop
      vertex 38.1374626159668 0.7767505645751953 -1.8000005722045898
      vertex 38.14520084978592 0.7690123307560697 -0.9999990463256836
      vertex 38.1374626159668 0.7767505645751953 -0.9999990463256836
    endloop
  endfacet
  facet normal -0.7071067811865476 -0.7071067811865476 0
    outer loop
      vertex 38.1374626159668 0.7767505645751953 -1.8000005722045898
      vertex 38.276750564575195 0.6374626159667969 -1.8000005722045898
      vertex 38.14520084978592 0.7690123307560697 -0.9999990463256836
    endloop
  endfacet
  facet normal -0.7071067811865475 -0.7071067811865475 0
    outer loop
      vertex 38.1374626159668 0.7767505645751953 -1.8000005722045898
      vertex 38.5 0.4142131805419922 -2.0000003814697265
      vertex 38.276750564575195 0.6374626159667969 -1.8000005722045898
    endloop
  endfacet
  facet normal 0 0 1
    outer loop
      vertex 38.1374626159668 0.7767505645751953 -0.9999990463256836
      vertex 38.14520084978592 0.7690123307560697 -0.9999990463256836
      vertex 70.94589805603027 2.7885541915893555 -0.9999990463256836
    endloop
  endfacet
  facet normal -0.7071067811865476 -0.7071067811865476 0
    outer loop
      vertex 38.14520084978592 0.7690123307560697 -0.9999990463256836
      vertex 38.276750564575195 0.6374626159667969 -1.8000005722045898
      vertex 38.276750564575195 0.6374626159667969 -0.9999990463256836
    endloop
  endfacet
  facet normal 0 0 1
    outer loop
      vertex 38.14520084978592 0.7690123307560697 -0.9999990463256836
      vertex 38.276750564575195 0.6374626159667969 -0.9999990463256836
      vertex 70.94589805603027 2.7885541915893555 -0.9999990463256836
    endloop
  endfacet
  facet normal -0.7071067811865475 0.7071067811865475 0
    outer loop
      vertex 38.26901233075607 -0.6452008497859225 -0.9999990463256836
      vertex 38.276750564575195 -0.6374626159667969 -0.9999990463256836
      vertex 38.276750564575195 -0.6374626159667969 -1.8000005722045898
    endloop
  endfacet
  facet normal 0 0 1
    outer loop
      vertex 38.26901233075607 -0.6452008497859225 -0.9999990463256836
      vertex 51.723249435424805 -0.6374626159667969 -0.9999990463256836
      vertex 38.276750564575195 -0.6374626159667969 -0.9999990463256836
    endloop
  endfacet
  facet normal 0 0 1
    outer loop
      vertex 38.26901233075607 -0.6452008497859225 -0.9999990463256836
      vertex 51.85479915021408 -0.7690123307560697 -0.9999990463256836
      vertex 51.723249435424805 -0.6374626159667969 -0.9999990463256836
    endloop
  endfacet
  facet normal -0.8314725993512407 0.555565762559295 0
    outer loop
      vertex 38.276750564575195 -0.6374626159667969 -1.8000005722045898
      vertex 38.276750564575195 -0.6374626159667969 -0.9999990463256836
      vertex 38.28283040864278 -0.6283633803925279 -0.9999990463256836
    endloop
  endfacet
  facet normal -0.8314725993515247 0.5555657625588704 6.987365948243255e-15
    outer loop
      vertex 38.276750564575195 -0.6374626159667969 -1.8000005722045898
      vertex 38.28283040864278 -0.6283633803925279 -0.9999990463256836
      vertex 38.38618755340576 -0.4736766815185547 -1.8000005722045898
    endloop
  endfacet
  facet normal 0 0 -1
    outer loop
      vertex 38.276750564575195 -0.6374626159667969 -1.8000005722045898
      vertex 38.38618755340576 -0.4736766815185547 -1.8000005722045898
      vertex 38.5 -0.4142131805419922 -1.8000005722045898
    endloop
  endfacet
  facet normal -0.7071067811865475 0.7071067811865475 0
    outer loop
      vertex 38.276750564575195 -0.6374626159667969 -1.8000005722045898
      vertex 38.5 -0.4142131805419922 -1.8000005722045898
      vertex 38.5 -0.4142131805419922 -2.0000003814697265
    endloop
  endfacet
  facet normal 0 0 1
    outer loop
      vertex 38.276750564575195 -0.6374626159667969 -0.9999990463256836
      vertex 51.71716959135722 -0.6283633803925279 -0.9999990463256836
      vertex 38.28283040864278 -0.6283633803925279 -0.9999990463256836
    endloop
  endfacet
  facet normal 0 0 1
    outer loop
      vertex 38.276750564575195 -0.6374626159667969 -0.9999990463256836
      vertex 51.723249435424805 -0.6374626159667969 -0.9999990463256836
      vertex 51.71716959135722 -0.6283633803925279 -0.9999990463256836
    endloop
  endfacet
  facet normal -0.8314725993515455 -0.555565762558839 0
    outer loop
      vertex 38.276750564575195 0.6374626159667969 -1.8000005722045898
      vertex 38.31958416988138 0.5733568492984265 -0.9999990463256836
      vertex 38.276750564575195 0.6374626159667969 -0.9999990463256836
    endloop
  endfacet
  facet normal -0.8314725993515247 -0.5555657625588704 -3.616147639224748e-15
    outer loop
      vertex 38.276750564575195 0.6374626159667969 -1.8000005722045898
      vertex 38.38618755340576 0.4736766815185547 -1.8000005722045898
      vertex 38.31958416988138 0.5733568492984265 -0.9999990463256836
    endloop
  endfacet
  facet normal -0.7071067811865475 -0.7071067811865475 0
    outer loop
      vertex 38.276750564575195 0.6374626159667969 -1.8000005722045898
      vertex 38.5 0.4142131805419922 -2.0000003814697265
      vertex 38.5 0.4142131805419922 -1.8000005722045898
    endloop
  endfacet
  facet normal 0 0 -1
    outer loop
      vertex 38.276750564575195 0.6374626159667969 -1.8000005722045898
      vertex 38.5 0.4142131805419922 -1.8000005722045898
      vertex 38.38618755340576 0.4736766815185547 -1.8000005722045898
    endloop
  endfacet
  facet normal 0 0 1
    outer loop
      vertex 38.276750564575195 0.6374626159667969 -0.9999990463256836
      vertex 38.31958416988138 0.5733568492984265 -0.9999990463256836
      vertex 70.94589805603027 2.7885541915893555 -0.9999990463256836
    endloop
  endfacet
  facet normal -0.8314725993515413 0.5555657625588453 0
    outer loop
      vertex 38.28283040864278 -0.6283633803925279 -0.9999990463256836
      vertex 38.38618755340576 -0.4736766815185547 -0.9999990463256836
      vertex 38.38618755340576 -0.4736766815185547 -1.8000005722045898
    endloop
  endfacet
  facet normal 0 0 1
    outer loop
      vertex 38.28283040864278 -0.6283633803925279 -0.9999990463256836
      vertex 51.61381244659424 -0.4736766815185547 -0.9999990463256836
      vertex 38.38618755340576 -0.4736766815185547 -0.9999990463256836
    endloop
  endfacet
  facet normal 0 0 1
    outer loop
      vertex 38.28283040864278 -0.6283633803925279 -0.9999990463256836
      vertex 51.71716959135722 -0.6283633803925279 -0.9999990463256836
      vertex 51.61381244659424 -0.4736766815185547 -0.9999990463256836
    endloop
  endfacet
  facet normal 0 0 1
    outer loop
      vertex 38.31958416988138 0.5733568492984265 -0.9999990463256836
      vertex 38.380107709338176 0.4827759170928235 -0.9999990463256836
      vertex 70.94589805603027 2.7885541915893555 -0.9999990463256836
    endloop
  endfacet
  facet normal -0.8314725993515386 -0.5555657625588493 -7.404462472916605e-15
    outer loop
      vertex 38.31958416988138 0.5733568492984265 -0.9999990463256836
      vertex 38.38618755340576 0.4736766815185547 -1.8000005722045898
      vertex 38.380107709338176 0.4827759170928235 -0.9999990463256836
    endloop
  endfacet
  facet normal -0.8314725993512376 -0.5555657625592997 0
    outer loop
      vertex 38.380107709338176 0.4827759170928235 -0.9999990463256836
      vertex 38.38618755340576 0.4736766815185547 -1.8000005722045898
      vertex 38.38618755340576 0.4736766815185547 -0.9999990463256836
    endloop
  endfacet
  facet normal 0 0 1
    outer loop
      vertex 38.380107709338176 0.4827759170928235 -0.9999990463256836
      vertex 38.38618755340576 0.4736766815185547 -0.9999990463256836
      vertex 70.94589805603027 2.7885541915893555 -0.9999990463256836
    endloop
  endfacet
  facet normal -0.9238787548502105 0.38268530979961124 0
    outer loop
      vertex 38.38618755340576 -0.4736766815185547 -1.8000005722045898
      vertex 38.38618755340576 -0.4736766815185547 -0.9999990463256836
      vertex 38.39037546304192 -0.4635662313889033 -0.9999990463256836
    endloop
  endfacet
  facet normal -0.9238787548503221 0.3826853097993421 3.985619007263898e-15
    outer loop
      vertex 38.38618755340576 -0.4736766815185547 -1.8000005722045898
      vertex 38.39037546304192 -0.4635662313889033 -0.9999990463256836
      vertex 38.46156978607178 -0.2916889190673828 -1.8000005722045898
    endloop
  endfacet
  facet normal 0 0 -1
    outer loop
      vertex 38.38618755340576 -0.4736766815185547 -1.8000005722045898
      vertex 38.46156978607178 -0.2916889190673828 -1.8000005722045898
      vertex 38.5 -0.4142131805419922 -1.8000005722045898
    endloop
  endfacet
  facet normal 0 0 1
    outer loop
      vertex 38.38618755340576 -0.4736766815185547 -0.9999990463256836
      vertex 51.60962453695808 -0.4635662313889033 -0.9999990463256836
      vertex 38.39037546304192 -0.4635662313889033 -0.9999990463256836
    endloop
  endfacet
  facet normal 0 0 1
    outer loop
      vertex 38.38618755340576 -0.4736766815185547 -0.9999990463256836
      vertex 51.61381244659424 -0.4736766815185547 -0.9999990463256836
      vertex 51.60962453695808 -0.4635662313889033 -0.9999990463256836
    endloop
  endfacet
  facet normal -0.923878754850326 -0.3826853097993325 0
    outer loop
      vertex 38.38618755340576 0.4736766815185547 -1.8000005722045898
      vertex 38.427443169444075 0.37407738622277664 -0.9999990463256836
      vertex 38.38618755340576 0.4736766815185547 -0.9999990463256836
    endloop
  endfacet
  facet normal -0.9238787548503221 -0.3826853097993421 -1.398028279433841e-15
    outer loop
      vertex 38.38618755340576 0.4736766815185547 -1.8000005722045898
      vertex 38.46156978607178 0.2916889190673828 -1.8000005722045898
      vertex 38.427443169444075 0.37407738622277664 -0.9999990463256836
    endloop
  endfacet
  facet normal 0 0 -1
    outer loop
      vertex 38.38618755340576 0.4736766815185547 -1.8000005722045898
      vertex 38.5 0.4142131805419922 -1.8000005722045898
      vertex 38.46156978607178 0.2916889190673828 -1.8000005722045898
    endloop
  endfacet
  facet normal 0 0 1
    outer loop
      vertex 38.38618755340576 0.4736766815185547 -0.9999990463256836
      vertex 38.427443169444075 0.37407738622277664 -0.9999990463256836
      vertex 70.94589805603027 2.7885541915893555 -0.9999990463256836
    endloop
  endfacet
  facet normal -0.9238787548503287 0.3826853097993263 0
    outer loop
      vertex 38.39037546304192 -0.4635662313889033 -0.9999990463256836
      vertex 38.46156978607178 -0.2916889190673828 -0.9999990463256836
      vertex 38.46156978607178 -0.2916889190673828 -1.8000005722045898
    endloop
  endfacet
  facet normal 0 0 1
    outer loop
      vertex 38.39037546304192 -0.4635662313889033 -0.9999990463256836
      vertex 51.53843021392822 -0.2916889190673828 -0.9999990463256836
      vertex 38.46156978607178 -0.2916889190673828 -0.9999990463256836
    endloop
  endfacet
  facet normal 0 0 1
    outer loop
      vertex 38.39037546304192 -0.4635662313889033 -0.9999990463256836
      vertex 51.60962453695808 -0.4635662313889033 -0.9999990463256836
      vertex 51.53843021392822 -0.2916889190673828 -0.9999990463256836
    endloop
  endfacet
  facet normal 0 0 1
    outer loop
      vertex 38.427443169444075 0.37407738622277664 -0.9999990463256836
      vertex 38.45738187643562 0.3017993691970342 -0.9999990463256836
      vertex 70.94589805603027 2.7885541915893555 -0.9999990463256836
    endloop
  endfacet
  facet normal -0.9238787548503322 -0.3826853097993177 -4.344659457658308e-15
    outer loop
      vertex 38.427443169444075 0.37407738622277664 -0.9999990463256836
      vertex 38.46156978607178 0.2916889190673828 -1.8000005722045898
      vertex 38.45738187643562 0.3017993691970342 -0.9999990463256836
    endloop
  endfacet
  facet normal -0.9238787548502105 -0.38268530979961124 0
    outer loop
      vertex 38.45738187643562 0.3017993691970342 -0.9999990463256836
      vertex 38.46156978607178 0.2916889190673828 -1.8000005722045898
      vertex 38.46156978607178 0.2916889190673828 -0.9999990463256836
    endloop
  endfacet
  facet normal 0 0 1
    outer loop
      vertex 38.45738187643562 0.3017993691970342 -0.9999990463256836
      vertex 38.46156978607178 0.2916889190673828 -0.9999990463256836
      vertex 70.94589805603027 2.7885541915893555 -0.9999990463256836
    endloop
  endfacet
  facet normal -0.9807845987075527 0.19509374910043836 0
    outer loop
      vertex 38.46156978607178 -0.2916889190673828 -1.8000005722045898
      vertex 38.46156978607178 -0.2916889190673828 -0.9999990463256836
      vertex 38.46370480194405 -0.2809556654640586 -0.9999990463256836
    endloop
  endfacet
  facet normal -0.9807845987074544 0.1950937491009329 -6.897568969336222e-15
    outer loop
      vertex 38.46156978607178 -0.2916889190673828 -1.8000005722045898
      vertex 38.46370480194405 -0.2809556654640586 -0.9999990463256836
      vertex 38.5 -0.09849071502685547 -1.8000005722045898
    endloop
  endfacet
  facet normal 0 0 -1
    outer loop
      vertex 38.46156978607178 -0.2916889190673828 -1.8000005722045898
      vertex 38.5 -0.09849071502685547 -1.8000005722045898
      vertex 38.5 -0.4142131805419922 -1.8000005722045898
    endloop
  endfacet
  facet normal 0 0 1
    outer loop
      vertex 38.46156978607178 -0.2916889190673828 -0.9999990463256836
      vertex 51.53629519805595 -0.2809556654640586 -0.9999990463256836
      vertex 38.46370480194405 -0.2809556654640586 -0.9999990463256836
    endloop
  endfacet
  facet normal 0 0 1
    outer loop
      vertex 38.46156978607178 -0.2916889190673828 -0.9999990463256836
      vertex 51.53843021392822 -0.2916889190673828 -0.9999990463256836
      vertex 51.53629519805595 -0.2809556654640586 -0.9999990463256836
    endloop
  endfacet
  facet normal -0.9807845987074434 -0.19509374910098767 0
    outer loop
      vertex 38.46156978607178 0.2916889190673828 -1.8000005722045898
      vertex 38.4782117715544 0.20802553606058444 -0.9999990463256836
      vertex 38.46156978607178 0.2916889190673828 -0.9999990463256836
    endloop
  endfacet
  facet normal -0.9807845987074544 -0.1950937491009329 5.958101568445632e-15
    outer loop
      vertex 38.46156978607178 0.2916889190673828 -1.8000005722045898
      vertex 38.5 0.09849071502685547 -1.8000005722045898
      vertex 38.4782117715544 0.20802553606058444 -0.9999990463256836
    endloop
  endfacet
  facet normal 0 0 -1
    outer loop
      vertex 38.46156978607178 0.2916889190673828 -1.8000005722045898
      vertex 38.5 0.4142131805419922 -1.8000005722045898
      vertex 38.5 0.09849071502685547 -1.8000005722045898
    endloop
  endfacet
  facet normal 0 0 1
    outer loop
      vertex 38.46156978607178 0.2916889190673828 -0.9999990463256836
      vertex 38.4782117715544 0.20802553606058444 -0.9999990463256836
      vertex 70.94589805603027 2.7885541915893555 -0.9999990463256836
    endloop
  endfacet
  facet normal -0.9807845987074485 0.195093749100962 0
    outer loop
      vertex 38.46370480194405 -0.2809556654640586 -0.9999990463256836
      vertex 38.5 -0.09849071502685547 -0.9999990463256836
      vertex 38.5 -0.09849071502685547 -1.8000005722045898
    endloop
  endfacet
  facet normal 0 0 1
    outer loop
      vertex 38.46370480194405 -0.2809556654640586 -0.9999990463256836
      vertex 51.5 -0.09849071502685547 -0.9999990463256836
      vertex 38.5 -0.09849071502685547 -0.9999990463256836
    endloop
  endfacet
  facet normal 0 0 1
    outer loop
      vertex 38.46370480194405 -0.2809556654640586 -0.9999990463256836
      vertex 51.53629519805595 -0.2809556654640586 -0.9999990463256836
      vertex 51.5 -0.09849071502685547 -0.9999990463256836
    endloop
  endfacet
  facet normal 0 0 1
    outer loop
      vertex 38.4782117715544 0.20802553606058444 -0.9999990463256836
      vertex 38.49786498412773 0.10922396863017972 -0.9999990463256836
      vertex 70.94589805603027 2.7885541915893555 -0.9999990463256836
    endloop
  endfacet
  facet normal -0.9807845987074529 -0.1950937491009403 7.006485642478659e-15
    outer loop
      vertex 38.4782117715544 0.20802553606058444 -0.9999990463256836
      vertex 38.5 0.09849071502685547 -1.8000005722045898
      vertex 38.49786498412773 0.10922396863017972 -0.9999990463256836
    endloop
  endfacet
  facet normal -0.9807845987075529 -0.1950937491004379 0
    outer loop
      vertex 38.49786498412773 0.10922396863017972 -0.9999990463256836
      vertex 38.5 0.09849071502685547 -1.8000005722045898
      vertex 38.5 0.09849071502685547 -0.9999990463256836
    endloop
  endfacet
  facet normal 0 0 1
    outer loop
      vertex 38.49786498412773 0.10922396863017972 -0.9999990463256836
      vertex 38.5 0.09849071502685547 -0.9999990463256836
      vertex 70.94589805603027 2.7885541915893555 -0.9999990463256836
    endloop
  endfacet
  facet normal -1 0 0
    outer loop
      vertex 38.5 -2.1217613220214844 -2.4
      vertex 38.5 -2.1217613220214844 -2.200000190734863
      vertex 38.5 -1 -2.200000190734863
    endloop
  endfacet
  facet normal -1 0 0
    outer loop
      vertex 38.5 -2.1217613220214844 -2.4
      vertex 38.5 -1 -2.200000190734863
      vertex 38.5 2.1217613220214844 -2.4
    endloop
  endfacet
  facet normal 0 0 -1
    outer loop
      vertex 38.5 -2.1217613220214844 -2.4
      vertex 38.5 2.1217613220214844 -2.4
      vertex 39.94999980926514 0 -2.4
    endloop
  endfacet
  facet normal 0 1 0
    outer loop
      vertex 38.5 -2.1217613220214844 -2.4
      vertex 38.72499942779541 -2.1217613220214844 -2.4
      vertex 38.55099985885623 -2.1217613220214844 -5.799999237060547
    endloop
  endfacet
  facet normal 0 0 -1
    outer loop
      vertex 38.5 -2.1217613220214844 -2.4
      vertex 39.94999980926514 0 -2.4
      vertex 38.72499942779541 -2.1217613220214844 -2.4
    endloop
  endfacet
  facet normal -1 0 0
    outer loop
      vertex 38.5 -1 -2.200000190734863
      vertex 38.5 -1 -2.0000003814697265
      vertex 38.5 -0.4142131805419922 -2.0000003814697265
    endloop
  endfacet
  facet normal -1 0 0
    outer loop
      vertex 38.5 -1 -2.200000190734863
      vertex 38.5 -0.4142131805419922 -2.0000003814697265
      vertex 38.5 1 -2.200000190734863
    endloop
  endfacet
  facet normal -1 0 0
    outer loop
      vertex 38.5 -1 -2.200000190734863
      vertex 38.5 1 -2.200000190734863
      vertex 38.5 2.1217613220214844 -2.4
    endloop
  endfacet
  facet normal -1 0 0
    outer loop
      vertex 38.5 -0.4142131805419922 -2.0000003814697265
      vertex 38.5 -0.4142131805419922 -1.8000005722045898
      vertex 38.5 -0.09849071502685547 -1.8000005722045898
    endloop
  endfacet
  facet normal -1 0 0
    outer loop
      vertex 38.5 -0.4142131805419922 -2.0000003814697265
      vertex 38.5 -0.09849071502685547 -1.8000005722045898
      vertex 38.5 0.4142131805419922 -2.0000003814697265
    endloop
  endfacet
  facet normal -1 0 0
    outer loop
      vertex 38.5 -0.4142131805419922 -2.0000003814697265
      vertex 38.5 0.4142131805419922 -2.0000003814697265
      vertex 38.5 1 -2.200000190734863
    endloop
  endfacet
  facet normal -1 0 0
    outer loop
      vertex 38.5 -0.09849071502685547 -1.8000005722045898
      vertex 38.5 -0.09849071502685547 -0.9999990463256836
      vertex 38.5 0.006012364954165225 -0.9999990463256836
    endloop
  endfacet
  facet normal -1 0 0
    outer loop
      vertex 38.5 -0.09849071502685547 -1.8000005722045898
      vertex 38.5 0.006012364954165225 -0.9999990463256836
      vertex 38.5 0.09849071502685547 -1.8000005722045898
    endloop
  endfacet
  facet normal -1 0 0
    outer loop
      vertex 38.5 -0.09849071502685547 -1.8000005722045898
      vertex 38.5 0.09849071502685547 -1.8000005722045898
      vertex 38.5 0.4142131805419922 -2.0000003814697265
    endloop
  endfacet
  facet normal 0 0 1
    outer loop
      vertex 38.5 -0.09849071502685547 -0.9999990463256836
      vertex 51.5 -0.09849071502685547 -0.9999990463256836
      vertex 51.5 -0.0875472818080433 -0.9999990463256836
    endloop
  endfacet
  facet normal 0 0 1
    outer loop
      vertex 38.5 -0.09849071502685547 -0.9999990463256836
      vertex 51.5 -0.0875472818080433 -0.9999990463256836
      vertex 38.5 0.006012364954165225 -0.9999990463256836
    endloop
  endfacet
  facet normal -1 0 0
    outer loop
      vertex 38.5 0.006012364954165225 -0.9999990463256836
      vertex 38.5 0.08337507298855684 -0.9999990463256836
      vertex 38.5 0.09849071502685547 -1.8000005722045898
    endloop
  endfacet
  facet normal 0 0 1
    outer loop
      vertex 38.5 0.006012364954165225 -0.9999990463256836
      vertex 51.5 -0.0875472818080433 -0.9999990463256836
      vertex 51.5 0.09849071502685547 -0.9999990463256836
    endloop
  endfacet
  facet normal 0 0 1
    outer loop
      vertex 38.5 0.006012364954165225 -0.9999990463256836
      vertex 51.5 0.09849071502685547 -0.9999990463256836
      vertex 51.50213501587227 0.10922396863017972 -0.9999990463256836
    endloop
  endfacet
  facet normal 0 0 1
    outer loop
      vertex 38.5 0.006012364954165225 -0.9999990463256836
      vertex 51.50213501587227 0.10922396863017972 -0.9999990463256836
      vertex 51.53843021392822 0.2916889190673828 -0.9999990463256836
    endloop
  endfacet
  facet normal 0 0 1
    outer loop
      vertex 38.5 0.006012364954165225 -0.9999990463256836
      vertex 51.53843021392822 0.2916889190673828 -0.9999990463256836
      vertex 51.54261812356438 0.3017993691970342 -0.9999990463256836
    endloop
  endfacet
  facet normal 0 0 1
    outer loop
      vertex 38.5 0.006012364954165225 -0.9999990463256836
      vertex 51.54261812356438 0.3017993691970342 -0.9999990463256836
      vertex 51.61381244659424 0.4736766815185547 -0.9999990463256836
    endloop
  endfacet
  facet normal 0 0 1
    outer loop
      vertex 38.5 0.006012364954165225 -0.9999990463256836
      vertex 51.61381244659424 0.4736766815185547 -0.9999990463256836
      vertex 51.619892290661824 0.4827759170928235 -0.9999990463256836
    endloop
  endfacet
  facet normal 0 0 1
    outer loop
      vertex 38.5 0.006012364954165225 -0.9999990463256836
      vertex 51.619892290661824 0.4827759170928235 -0.9999990463256836
      vertex 51.723249435424805 0.6374626159667969 -0.9999990463256836
    endloop
  endfacet
  facet normal 0 0 1
    outer loop
      vertex 38.5 0.006012364954165225 -0.9999990463256836
      vertex 51.723249435424805 0.6374626159667969 -0.9999990463256836
      vertex 51.73098766924393 0.6452008497859225 -0.9999990463256836
    endloop
  endfacet
  facet normal 0 0 1
    outer loop
      vertex 38.5 0.006012364954165225 -0.9999990463256836
      vertex 51.73098766924393 0.6452008497859225 -0.9999990463256836
      vertex 51.8625373840332 0.7767505645751953 -0.9999990463256836
    endloop
  endfacet
  facet normal 0 0 1
    outer loop
      vertex 38.5 0.006012364954165225 -0.9999990463256836
      vertex 51.8625373840332 0.7767505645751953 -0.9999990463256836
      vertex 51.87163661960747 0.782830408642774 -0.9999990463256836
    endloop
  endfacet
  facet normal 0 0 1
    outer loop
      vertex 38.5 0.006012364954165225 -0.9999990463256836
      vertex 51.87163661960747 0.782830408642774 -0.9999990463256836
      vertex 52.026323318481445 0.8861875534057617 -0.9999990463256836
    endloop
  endfacet
  facet normal 0 0 1
    outer loop
      vertex 38.5 0.006012364954165225 -0.9999990463256836
      vertex 52.026323318481445 0.8861875534057617 -0.9999990463256836
      vertex 52.03643376861109 0.8903754630419165 -0.9999990463256836
    endloop
  endfacet
  facet normal 0 0 1
    outer loop
      vertex 38.5 0.006012364954165225 -0.9999990463256836
      vertex 52.03643376861109 0.8903754630419165 -0.9999990463256836
      vertex 52.20831108093262 0.9615697860717773 -0.9999990463256836
    endloop
  endfacet
  facet normal 0 0 1
    outer loop
      vertex 38.5 0.006012364954165225 -0.9999990463256836
      vertex 52.20831108093262 0.9615697860717773 -0.9999990463256836
      vertex 52.21904433453594 0.9637048019440526 -0.9999990463256836
    endloop
  endfacet
  facet normal 0 0 1
    outer loop
      vertex 38.5 0.006012364954165225 -0.9999990463256836
      vertex 52.21904433453594 0.9637048019440526 -0.9999990463256836
      vertex 52.401509284973145 1 -0.9999990463256836
    endloop
  endfacet
  facet normal 0 0 1
    outer loop
      vertex 38.5 0.006012364954165225 -0.9999990463256836
      vertex 52.401509284973145 1 -0.9999990463256836
      vertex 70.94589805603027 2.7885541915893555 -0.9999990463256836
    endloop
  endfacet
  facet normal 0 0 1
    outer loop
      vertex 38.5 0.006012364954165225 -0.9999990463256836
      vertex 70.94589805603027 2.7885541915893555 -0.9999990463256836
      vertex 38.5 0.08337507298855684 -0.9999990463256836
    endloop
  endfacet
  facet normal -1 0 0
    outer loop
      vertex 38.5 0.08337507298855684 -0.9999990463256836
      vertex 38.5 0.0875472818080433 -0.9999990463256836
      vertex 38.5 0.09849071502685547 -1.8000005722045898
    endloop
  endfacet
  facet normal 0 0 1
    outer loop
      vertex 38.5 0.08337507298855684 -0.9999990463256836
      vertex 70.94589805603027 2.7885541915893555 -0.9999990463256836
      vertex 38.5 0.0875472818080433 -0.9999990463256836
    endloop
  endfacet
  facet normal -1 0 0
    outer loop
      vertex 38.5 0.0875472818080433 -0.9999990463256836
      vertex 38.5 0.09849071502685547 -0.9999990463256836
      vertex 38.5 0.09849071502685547 -1.8000005722045898
    endloop
  endfacet
  facet normal 0 0 1
    outer loop
      vertex 38.5 0.0875472818080433 -0.9999990463256836
      vertex 70.94589805603027 2.7885541915893555 -0.9999990463256836
      vertex 38.5 0.09849071502685547 -0.9999990463256836
    endloop
  endfacet
  facet normal -1 0 0
    outer loop
      vertex 38.5 0.09849071502685547 -1.8000005722045898
      vertex 38.5 0.4142131805419922 -1.8000005722045898
      vertex 38.5 0.4142131805419922 -2.0000003814697265
    endloop
  endfacet
  facet normal -1 0 0
    outer loop
      vertex 38.5 0.4142131805419922 -2.0000003814697265
      vertex 38.5 1 -2.0000003814697265
      vertex 38.5 1 -2.200000190734863
    endloop
  endfacet
  facet normal -1 0 0
    outer loop
      vertex 38.5 1 -2.200000190734863
      vertex 38.5 2.1217613220214844 -2.200000190734863
      vertex 38.5 2.1217613220214844 -2.4
    endloop
  endfacet
  facet normal 0 -1 0
    outer loop
      vertex 38.5 2.1217613220214844 -2.4
      vertex 38.55099985885623 2.1217613220214844 -5.799999237060547
      vertex 38.72499942779541 2.1217613220214844 -2.4
    endloop
  endfacet
  facet normal 0 0 -1
    outer loop
      vertex 38.5 2.1217613220214844 -2.4
      vertex 38.72499942779541 2.1217613220214844 -2.4
      vertex 39.94999980926514 0 -2.4
    endloop
  endfacet
  facet normal 0 0 -1
    outer loop
      vertex 38.55099985885623 -2.1217613220214844 -5.799999237060547
      vertex 38.72499942779541 -2.1217613220214844 -5.799999237060547
      vertex 70.38562488555908 -3.049999237060547 -5.799999237060547
    endloop
  endfacet
  facet normal 0 1 0
    outer loop
      vertex 38.55099985885623 -2.1217613220214844 -5.799999237060547
      vertex 38.72499942779541 -2.1217613220214844 -2.4
      vertex 38.72499942779541 -2.1217613220214844 -5.799999237060547
    endloop
  endfacet
  facet normal 0 -1 0
    outer loop
      vertex 38.55099985885623 2.1217613220214844 -5.799999237060547
      vertex 38.72499942779541 2.1217613220214844 -5.799999237060547
      vertex 38.72499942779541 2.1217613220214844 -2.4
    endloop
  endfacet
  facet normal 0 0 -1
    outer loop
      vertex 38.55099985885623 2.1217613220214844 -5.799999237060547
      vertex 71.47366428375244 2.7199459075927734 -5.799999237060547
      vertex 38.72499942779541 2.1217613220214844 -5.799999237060547
    endloop
  endfacet
  facet normal -0.8660252427664634 0.5000002788912105 0
    outer loop
      vertex 38.72499942779541 -2.1217613220214844 -5.799999237060547
      vertex 38.72499942779541 -2.1217613220214844 -2.4
      vertex 39.39166967199613 -0.9670554459379175 -5.799999237060547
    endloop
  endfacet
  facet normal 0 0 -1
    outer loop
      vertex 38.72499942779541 -2.1217613220214844 -5.799999237060547
      vertex 39.39166967199613 -0.9670554459379175 -5.799999237060547
      vertex 51.06111363582967 -1.7512985566617747 -5.799999237060547
    endloop
  endfacet
  facet normal 0 0 -1
    outer loop
      vertex 38.72499942779541 -2.1217613220214844 -5.799999237060547
      vertex 51.06111363582967 -1.7512985566617747 -5.799999237060547
      vertex 51.27500057220459 -2.1217613220214844 -5.799999237060547
    endloop
  endfacet
  facet normal 0 0 -1
    outer loop
      vertex 38.72499942779541 -2.1217613220214844 -5.799999237060547
      vertex 51.27500057220459 -2.1217613220214844 -5.799999237060547
      vertex 70.38562488555908 -3.049999237060547 -5.799999237060547
    endloop
  endfacet
  facet normal -0.8660252427664623 0.5000002788912121 7.463687712858369e-16
    outer loop
      vertex 38.72499942779541 -2.1217613220214844 -2.4
      vertex 39.94999980926514 0 -2.4
      vertex 39.39166967199613 -0.9670554459379175 -5.799999237060547
    endloop
  endfacet
  facet normal -0.8660252427664545 -0.5000002788912256 0
    outer loop
      vertex 38.72499942779541 2.1217613220214844 -5.799999237060547
      vertex 38.80445410766954 1.9841418819293404 -5.799999237060547
      vertex 38.72499942779541 2.1217613220214844 -2.4
    endloop
  endfacet
  facet normal 0 0 -1
    outer loop
      vertex 38.72499942779541 2.1217613220214844 -5.799999237060547
      vertex 71.47366428375244 2.7199459075927734 -5.799999237060547
      vertex 38.80445410766954 1.9841418819293404 -5.799999237060547
    endloop
  endfacet
  facet normal -0.8660252427664752 -0.50000027889119 -1.9237189540415417e-15
    outer loop
      vertex 38.72499942779541 2.1217613220214844 -2.4
      vertex 38.80445410766954 1.9841418819293404 -5.799999237060547
      vertex 38.926986815212985 1.7719091647147245 -5.799999237060547
    endloop
  endfacet
  facet normal -0.8660252427664632 -0.5000002788912106 9.113222634307308e-16
    outer loop
      vertex 38.72499942779541 2.1217613220214844 -2.4
      vertex 38.926986815212985 1.7719091647147245 -5.799999237060547
      vertex 39.07031106053229 1.5236644744873047 -5.799999237060547
    endloop
  endfacet
  facet normal -0.8660252427664534 -0.5000002788912276 4.866778392192951e-15
    outer loop
      vertex 38.72499942779541 2.1217613220214844 -2.4
      vertex 39.07031106053229 1.5236644744873047 -5.799999237060547
      vertex 39.2296616576664 1.247661349300916 -5.799999237060547
    endloop
  endfacet
  facet normal -0.8660252427664663 -0.5000002788912052 -2.686590044362549e-15
    outer loop
      vertex 38.72499942779541 2.1217613220214844 -2.4
      vertex 39.2296616576664 1.247661349300916 -5.799999237060547
      vertex 39.39982197510314 0.9529352532592064 -5.799999237060547
    endloop
  endfacet
  facet normal -0.8660252427664623 -0.5000002788912121 3.465283580969957e-16
    outer loop
      vertex 38.72499942779541 2.1217613220214844 -2.4
      vertex 39.39982197510314 0.9529352532592064 -5.799999237060547
      vertex 39.94999980926514 0 -2.4
    endloop
  endfacet
  facet normal 0 0 -1
    outer loop
      vertex 38.80445410766954 1.9841418819293404 -5.799999237060547
      vertex 51.120767581261404 1.8546221441786752 -5.799999237060547
      vertex 38.926986815212985 1.7719091647147245 -5.799999237060547
    endloop
  endfacet
  facet normal 0 0 -1
    outer loop
      vertex 38.80445410766954 1.9841418819293404 -5.799999237060547
      vertex 51.27500057220459 2.1217613220214844 -5.799999237060547
      vertex 51.120767581261404 1.8546221441786752 -5.799999237060547
    endloop
  endfacet
  facet normal 0 0 -1
    outer loop
      vertex 38.80445410766954 1.9841418819293404 -5.799999237060547
      vertex 71.47366428375244 2.7199459075927734 -5.799999237060547
      vertex 71.94864177703857 2.402576446533203 -5.799999237060547
    endloop
  endfacet
  facet normal 0 0 -1
    outer loop
      vertex 38.80445410766954 1.9841418819293404 -5.799999237060547
      vertex 71.94864177703857 2.402576446533203 -5.799999237060547
      vertex 51.27500057220459 2.1217613220214844 -5.799999237060547
    endloop
  endfacet
  facet normal 0 0 -1
    outer loop
      vertex 38.926986815212985 1.7719091647147245 -5.799999237060547
      vertex 50.92968893946771 1.5236644744873047 -5.799999237060547
      vertex 39.07031106053229 1.5236644744873047 -5.799999237060547
    endloop
  endfacet
  facet normal 0 0 -1
    outer loop
      vertex 38.926986815212985 1.7719091647147245 -5.799999237060547
      vertex 51.120767581261404 1.8546221441786752 -5.799999237060547
      vertex 50.92968893946771 1.5236644744873047 -5.799999237060547
    endloop
  endfacet
  facet normal 0 0 -1
    outer loop
      vertex 39.07031106053229 1.5236644744873047 -5.799999237060547
      vertex 50.92968893946771 1.5236644744873047 -5.799999237060547
      vertex 39.2296616576664 1.247661349300916 -5.799999237060547
    endloop
  endfacet
  facet normal 0 0 -1
    outer loop
      vertex 39.2296616576664 1.247661349300916 -5.799999237060547
      vertex 50.720714342585964 1.1617101243860164 -5.799999237060547
      vertex 39.39982197510314 0.9529352532592064 -5.799999237060547
    endloop
  endfacet
  facet normal 0 0 -1
    outer loop
      vertex 39.2296616576664 1.247661349300916 -5.799999237060547
      vertex 50.92968893946771 1.5236644744873047 -5.799999237060547
      vertex 50.720714342585964 1.1617101243860164 -5.799999237060547
    endloop
  endfacet
  facet normal 0 0 -1
    outer loop
      vertex 39.39166967199613 -0.9670554459379175 -5.799999237060547
      vertex 39.43648281920946 -0.8894368558431085 -5.799999237060547
      vertex 50.997593047206976 -1.641277751664178 -5.799999237060547
    endloop
  endfacet
  facet normal -0.8660252427664153 0.5000002788912937 -3.0171166885561643e-14
    outer loop
      vertex 39.39166967199613 -0.9670554459379175 -5.799999237060547
      vertex 39.94999980926514 0 -2.4
      vertex 39.43648281920946 -0.8894368558431085 -5.799999237060547
    endloop
  endfacet
  facet normal 0 0 -1
    outer loop
      vertex 39.39166967199613 -0.9670554459379175 -5.799999237060547
      vertex 50.997593047206976 -1.641277751664178 -5.799999237060547
      vertex 51.06111363582967 -1.7512985566617747 -5.799999237060547
    endloop
  endfacet
  facet normal -0.8660252427664619 -0.500000278891213 0
    outer loop
      vertex 39.39982197510314 0.9529352532592064 -5.799999237060547
      vertex 39.667970000045386 0.4884895955229148 -5.799999237060547
      vertex 39.94999980926514 0 -2.4
    endloop
  endfacet
  facet normal 0 0 -1
    outer loop
      vertex 39.39982197510314 0.9529352532592064 -5.799999237060547
      vertex 50.501495919171916 0.7820129594623484 -5.799999237060547
      vertex 39.667970000045386 0.4884895955229148 -5.799999237060547
    endloop
  endfacet
  facet normal 0 0 -1
    outer loop
      vertex 39.39982197510314 0.9529352532592064 -5.799999237060547
      vertex 50.720714342585964 1.1617101243860164 -5.799999237060547
      vertex 50.501495919171916 0.7820129594623484 -5.799999237060547
    endloop
  endfacet
  facet normal 0 0 -1
    outer loop
      vertex 39.43648281920946 -0.8894368558431085 -5.799999237060547
      vertex 39.51216851922311 -0.7583454755070336 -5.799999237060547
      vertex 50.891032917021576 -1.4567103293865564 -5.799999237060547
    endloop
  endfacet
  facet normal -0.8660252427664624 0.500000278891212 -1.7257497205592877e-15
    outer loop
      vertex 39.43648281920946 -0.8894368558431085 -5.799999237060547
      vertex 39.94999980926514 0 -2.4
      vertex 39.51216851922311 -0.7583454755070336 -5.799999237060547
    endloop
  endfacet
  facet normal 0 0 -1
    outer loop
      vertex 39.43648281920946 -0.8894368558431085 -5.799999237060547
      vertex 50.891032917021576 -1.4567103293865564 -5.799999237060547
      vertex 50.997593047206976 -1.641277751664178 -5.799999237060547
    endloop
  endfacet
  facet normal 0 0 -1
    outer loop
      vertex 39.51216851922311 -0.7583454755070336 -5.799999237060547
      vertex 39.61564989360832 -0.5791106107335702 -5.799999237060547
      vertex 50.746785762914186 -1.2068671154362751 -5.799999237060547
    endloop
  endfacet
  facet normal -0.866025242766464 0.5000002788912093 -9.072089233969128e-16
    outer loop
      vertex 39.51216851922311 -0.7583454755070336 -5.799999237060547
      vertex 39.94999980926514 0 -2.4
      vertex 39.61564989360832 -0.5791106107335702 -5.799999237060547
    endloop
  endfacet
  facet normal 0 0 -1
    outer loop
      vertex 39.51216851922311 -0.7583454755070336 -5.799999237060547
      vertex 50.746785762914186 -1.2068671154362751 -5.799999237060547
      vertex 50.891032917021576 -1.4567103293865564 -5.799999237060547
    endloop
  endfacet
  facet normal 0 0 -1
    outer loop
      vertex 39.61564989360832 -0.5791106107335702 -5.799999237060547
      vertex 39.67233311843874 -0.48093245840650833 -5.799999237060547
      vertex 50.571343223999804 -0.9029919502227184 -5.799999237060547
    endloop
  endfacet
  facet normal -0.8660252427664729 0.500000278891194 2.5743237380951542e-15
    outer loop
      vertex 39.61564989360832 -0.5791106107335702 -5.799999237060547
      vertex 39.94999980926514 0 -2.4
      vertex 39.67233311843874 -0.48093245840650833 -5.799999237060547
    endloop
  endfacet
  facet normal 0 0 -1
    outer loop
      vertex 39.61564989360832 -0.5791106107335702 -5.799999237060547
      vertex 50.571343223999804 -0.9029919502227184 -5.799999237060547
      vertex 50.746785762914186 -1.2068671154362751 -5.799999237060547
    endloop
  endfacet
  facet normal -0.8660252427662647 -0.5000002788915545 -6.541204598650061e-14
    outer loop
      vertex 39.667970000045386 0.4884895955229148 -5.799999237060547
      vertex 39.67233311843874 0.48093245840650833 -5.799999237060547
      vertex 39.94999980926514 0 -2.4
    endloop
  endfacet
  facet normal 0 0 -1
    outer loop
      vertex 39.667970000045386 0.4884895955229148 -5.799999237060547
      vertex 50.16402224343123 0.1974918415767289 -5.799999237060547
      vertex 39.67233311843874 0.48093245840650833 -5.799999237060547
    endloop
  endfacet
  facet normal 0 0 -1
    outer loop
      vertex 39.667970000045386 0.4884895955229148 -5.799999237060547
      vertex 50.32766688156126 0.48093245840650833 -5.799999237060547
      vertex 50.16402224343123 0.1974918415767289 -5.799999237060547
    endloop
  endfacet
  facet normal 0 0 -1
    outer loop
      vertex 39.667970000045386 0.4884895955229148 -5.799999237060547
      vertex 50.501495919171916 0.7820129594623484 -5.799999237060547
      vertex 50.32766688156126 0.48093245840650833 -5.799999237060547
    endloop
  endfacet
  facet normal 0 0 -1
    outer loop
      vertex 39.67233311843874 -0.48093245840650833 -5.799999237060547
      vertex 39.74313155524426 -0.3583060599613771 -5.799999237060547
      vertex 50.571343223999804 -0.9029919502227184 -5.799999237060547
    endloop
  endfacet
  facet normal -0.866025242766483 0.5000002788911764 5.894966119090096e-15
    outer loop
      vertex 39.67233311843874 -0.48093245840650833 -5.799999237060547
      vertex 39.94999980926514 0 -2.4
      vertex 39.74313155524426 -0.3583060599613771 -5.799999237060547
    endloop
  endfacet
  facet normal -0.866025242766462 -0.5000002788912129 -9.764884062491071e-16
    outer loop
      vertex 39.67233311843874 0.48093245840650833 -5.799999237060547
      vertex 39.84371244458248 0.18409497891967447 -5.799999237060547
      vertex 39.94999980926514 0 -2.4
    endloop
  endfacet
  facet normal 0 0 -1
    outer loop
      vertex 39.67233311843874 0.48093245840650833 -5.799999237060547
      vertex 50.16402224343123 0.1974918415767289 -5.799999237060547
      vertex 39.84371244458248 0.18409497891967447 -5.799999237060547
    endloop
  endfacet
  facet normal 0 0 -1
    outer loop
      vertex 39.74313155524426 -0.3583060599613771 -5.799999237060547
      vertex 39.89021453547366 -0.10355105473929493 -5.799999237060547
      vertex 50.37196027329263 -0.5576508062685763 -5.799999237060547
    endloop
  endfacet
  facet normal -0.8660252427664507 0.5000002788912324 -1.970323753768108e-15
    outer loop
      vertex 39.74313155524426 -0.3583060599613771 -5.799999237060547
      vertex 39.94999980926514 0 -2.4
      vertex 39.89021453547366 -0.10355105473929493 -5.799999237060547
    endloop
  endfacet
  facet normal 0 0 -1
    outer loop
      vertex 39.74313155524426 -0.3583060599613771 -5.799999237060547
      vertex 50.37196027329263 -0.5576508062685763 -5.799999237060547
      vertex 50.571343223999804 -0.9029919502227184 -5.799999237060547
    endloop
  endfacet
  facet normal -0.8660252427664696 -0.5000002788911992 0
    outer loop
      vertex 39.84371244458248 0.18409497891967447 -5.799999237060547
      vertex 39.94999980926514 0 -5.799999237060547
      vertex 39.94999980926514 0 -2.4
    endloop
  endfacet
  facet normal 0 0 -1
    outer loop
      vertex 39.84371244458248 0.18409497891967447 -5.799999237060547
      vertex 50.05000019073486 0 -5.799999237060547
      vertex 50.156323051431556 -0.18415645977370898 -5.799999237060547
    endloop
  endfacet
  facet normal 0 0 -1
    outer loop
      vertex 39.84371244458248 0.18409497891967447 -5.799999237060547
      vertex 50.156323051431556 -0.18415645977370898 -5.799999237060547
      vertex 39.94999980926514 0 -5.799999237060547
    endloop
  endfacet
  facet normal 0 0 -1
    outer loop
      vertex 39.84371244458248 0.18409497891967447 -5.799999237060547
      vertex 50.16402224343123 0.1974918415767289 -5.799999237060547
      vertex 50.05000019073486 0 -5.799999237060547
    endloop
  endfacet
  facet normal 0 0 -1
    outer loop
      vertex 39.89021453547366 -0.10355105473929493 -5.799999237060547
      vertex 39.94999980926514 0 -5.799999237060547
      vertex 50.156323051431556 -0.18415645977370898 -5.799999237060547
    endloop
  endfacet
  facet normal -0.8660252427664787 0.5000002788911838 0
    outer loop
      vertex 39.89021453547366 -0.10355105473929493 -5.799999237060547
      vertex 39.94999980926514 0 -2.4
      vertex 39.94999980926514 0 -5.799999237060547
    endloop
  endfacet
  facet normal 0 0 -1
    outer loop
      vertex 39.89021453547366 -0.10355105473929493 -5.799999237060547
      vertex 50.156323051431556 -0.18415645977370898 -5.799999237060547
      vertex 50.32766688156126 -0.48093245840650833 -5.799999237060547
    endloop
  endfacet
  facet normal 0 0 -1
    outer loop
      vertex 39.89021453547366 -0.10355105473929493 -5.799999237060547
      vertex 50.32766688156126 -0.48093245840650833 -5.799999237060547
      vertex 50.37196027329263 -0.5576508062685763 -5.799999237060547
    endloop
  endfacet
  facet normal 0.8660252427664491 0.5000002788912348 0
    outer loop
      vertex 50.05000019073486 0 -5.799999237060547
      vertex 50.05000019073486 0 -2.4
      vertex 50.156323051431556 -0.18415645977370898 -5.799999237060547
    endloop
  endfacet
  facet normal 0.8660252427664605 -0.5000002788912155 0
    outer loop
      vertex 50.05000019073486 0 -5.799999237060547
      vertex 50.16402224343123 0.1974918415767289 -5.799999237060547
      vertex 50.05000019073486 0 -2.4
    endloop
  endfacet
  facet normal 0.8660252427664681 -0.5000002788912024 1.0164066515013207e-15
    outer loop
      vertex 50.05000019073486 0 -2.4
      vertex 50.16402224343123 0.1974918415767289 -5.799999237060547
      vertex 50.32766688156126 0.48093245840650833 -5.799999237060547
    endloop
  endfacet
  facet normal 0.8660252427664747 0.5000002788911908 3.1861556307233713e-15
    outer loop
      vertex 50.05000019073486 0 -2.4
      vertex 50.32766688156126 -0.48093245840650833 -5.799999237060547
      vertex 50.156323051431556 -0.18415645977370898 -5.799999237060547
    endloop
  endfacet
  facet normal 0.8660252427664543 -0.5000002788912262 -3.475210014849086e-15
    outer loop
      vertex 50.05000019073486 0 -2.4
      vertex 50.32766688156126 0.48093245840650833 -5.799999237060547
      vertex 50.501495919171916 0.7820129594623484 -5.799999237060547
    endloop
  endfacet
  facet normal 0.8660252427664358 0.5000002788912583 -9.583763046040833e-15
    outer loop
      vertex 50.05000019073486 0 -2.4
      vertex 50.37196027329263 -0.5576508062685763 -5.799999237060547
      vertex 50.32766688156126 -0.48093245840650833 -5.799999237060547
    endloop
  endfacet
  facet normal 0.8660252427664673 -0.5000002788912037 3.3514837693970952e-15
    outer loop
      vertex 50.05000019073486 0 -2.4
      vertex 50.501495919171916 0.7820129594623484 -5.799999237060547
      vertex 50.720714342585964 1.1617101243860164 -5.799999237060547
    endloop
  endfacet
  facet normal 0.8660252427664702 0.5000002788911985 3.562073650589576e-15
    outer loop
      vertex 50.05000019073486 0 -2.4
      vertex 50.571343223999804 -0.9029919502227184 -5.799999237060547
      vertex 50.37196027329263 -0.5576508062685763 -5.799999237060547
    endloop
  endfacet
  facet normal 0.8660252427664623 -0.5000002788912121 -3.998404131888412e-16
    outer loop
      vertex 50.05000019073486 0 -2.4
      vertex 50.720714342585964 1.1617101243860164 -5.799999237060547
      vertex 51.27500057220459 2.1217613220214844 -2.4
    endloop
  endfacet
  facet normal 0.8660252427664615 0.5000002788912132 -1.7681550841982775e-15
    outer loop
      vertex 50.05000019073486 0 -2.4
      vertex 50.746785762914186 -1.2068671154362751 -5.799999237060547
      vertex 50.571343223999804 -0.9029919502227184 -5.799999237060547
    endloop
  endfacet
  facet normal 0.8660252427664623 0.5000002788912121 -1.0928971293828327e-15
    outer loop
      vertex 50.05000019073486 0 -2.4
      vertex 51.27500057220459 -2.1217613220214844 -2.4
      vertex 50.746785762914186 -1.2068671154362751 -5.799999237060547
    endloop
  endfacet
  facet normal 0 0 -1
    outer loop
      vertex 50.05000019073486 0 -2.4
      vertex 51.27500057220459 2.1217613220214844 -2.4
      vertex 51.5 2.1217613220214844 -2.4
    endloop
  endfacet
  facet normal 0 0 -1
    outer loop
      vertex 50.05000019073486 0 -2.4
      vertex 51.5 -2.1217613220214844 -2.4
      vertex 51.27500057220459 -2.1217613220214844 -2.4
    endloop
  endfacet
  facet normal 0 0 -1
    outer loop
      vertex 50.05000019073486 0 -2.4
      vertex 51.5 2.1217613220214844 -2.4
      vertex 51.5 -2.1217613220214844 -2.4
    endloop
  endfacet
  facet normal 0.8660252427664556 -0.5000002788912236 3.96500927211529e-15
    outer loop
      vertex 50.720714342585964 1.1617101243860164 -5.799999237060547
      vertex 50.92968893946771 1.5236644744873047 -5.799999237060547
      vertex 51.27500057220459 2.1217613220214844 -2.4
    endloop
  endfacet
  facet normal 0.8660252427664515 0.500000278891231 5.687618645729664e-15
    outer loop
      vertex 50.746785762914186 -1.2068671154362751 -5.799999237060547
      vertex 51.27500057220459 -2.1217613220214844 -2.4
      vertex 50.891032917021576 -1.4567103293865564 -5.799999237060547
    endloop
  endfacet
  facet normal 0.8660252427664763 0.5000002788911883 -5.4775072432384e-15
    outer loop
      vertex 50.891032917021576 -1.4567103293865564 -5.799999237060547
      vertex 51.27500057220459 -2.1217613220214844 -2.4
      vertex 50.997593047206976 -1.641277751664178 -5.799999237060547
    endloop
  endfacet
  facet normal 0.8660252427664632 -0.5000002788912108 9.719432690508883e-16
    outer loop
      vertex 50.92968893946771 1.5236644744873047 -5.799999237060547
      vertex 51.120767581261404 1.8546221441786752 -5.799999237060547
      vertex 51.27500057220459 2.1217613220214844 -2.4
    endloop
  endfacet
  facet normal 0.8660252427664492 0.5000002788912349 3.3173188479520684e-15
    outer loop
      vertex 50.997593047206976 -1.641277751664178 -5.799999237060547
      vertex 51.27500057220459 -2.1217613220214844 -2.4
      vertex 51.06111363582967 -1.7512985566617747 -5.799999237060547
    endloop
  endfacet
  facet normal 0.8660252427664624 0.500000278891212 0
    outer loop
      vertex 51.06111363582967 -1.7512985566617747 -5.799999237060547
      vertex 51.27500057220459 -2.1217613220214844 -2.4
      vertex 51.27500057220459 -2.1217613220214844 -5.799999237060547
    endloop
  endfacet
  facet normal 0.8660252427664684 -0.5000002788912016 0
    outer loop
      vertex 51.120767581261404 1.8546221441786752 -5.799999237060547
      vertex 51.27500057220459 2.1217613220214844 -5.799999237060547
      vertex 51.27500057220459 2.1217613220214844 -2.4
    endloop
  endfacet
  facet normal 0 1 0
    outer loop
      vertex 51.27500057220459 -2.1217613220214844 -5.799999237060547
      vertex 51.27500057220459 -2.1217613220214844 -2.4
      vertex 51.44900014114377 -2.1217613220214844 -5.799999237060547
    endloop
  endfacet
  facet normal 0 0 -1
    outer loop
      vertex 51.27500057220459 -2.1217613220214844 -5.799999237060547
      vertex 51.44900014114377 -2.1217613220214844 -5.799999237060547
      vertex 70.38562488555908 -3.049999237060547 -5.799999237060547
    endloop
  endfacet
  facet normal 0 1 0
    outer loop
      vertex 51.27500057220459 -2.1217613220214844 -2.4
      vertex 51.5 -2.1217613220214844 -2.4
      vertex 51.44900014114377 -2.1217613220214844 -5.799999237060547
    endloop
  endfacet
  facet normal 0 -1 0
    outer loop
      vertex 51.27500057220459 2.1217613220214844 -5.799999237060547
      vertex 51.44900014114377 2.1217613220214844 -5.799999237060547
      vertex 51.27500057220459 2.1217613220214844 -2.4
    endloop
  endfacet
  facet normal 0 0 -1
    outer loop
      vertex 51.27500057220459 2.1217613220214844 -5.799999237060547
      vertex 71.94864177703857 2.402576446533203 -5.799999237060547
      vertex 51.44900014114377 2.1217613220214844 -5.799999237060547
    endloop
  endfacet
  facet normal 0 -1 0
    outer loop
      vertex 51.27500057220459 2.1217613220214844 -2.4
      vertex 51.44900014114377 2.1217613220214844 -5.799999237060547
      vertex 51.5 2.1217613220214844 -2.4
    endloop
  endfacet
  facet normal 0 1 0
    outer loop
      vertex 51.44900014114377 -2.1217613220214844 -5.799999237060547
      vertex 51.5 -2.1217613220214844 -2.4
      vertex 52.9956669095357 -2.1217613220214844 -5.799999237060547
    endloop
  endfacet
  facet normal 0 0 -1
    outer loop
      vertex 51.44900014114377 -2.1217613220214844 -5.799999237060547
      vertex 52.9956669095357 -2.1217613220214844 -5.799999237060547
      vertex 70.38562488555908 -3.049999237060547 -5.799999237060547
    endloop
  endfacet
  facet normal 0 -1 0
    outer loop
      vertex 51.44900014114377 2.1217613220214844 -5.799999237060547
      vertex 52.0043330904643 2.1217613220214844 -5.799999237060547
      vertex 51.5 2.1217613220214844 -2.4
    endloop
  endfacet
  facet normal 0 0 -1
    outer loop
      vertex 51.44900014114377 2.1217613220214844 -5.799999237060547
      vertex 71.94864177703857 2.402576446533203 -5.799999237060547
      vertex 52.0043330904643 2.1217613220214844 -5.799999237060547
    endloop
  endfacet
  facet normal 0 1 0
    outer loop
      vertex 51.5 -2.1217613220214844 -2.4
      vertex 51.5 -2.1217613220214844 -2.200000190734863
      vertex 53.5 -2.1217613220214844 -2.200000190734863
    endloop
  endfacet
  facet normal 1 0 0
    outer loop
      vertex 51.5 -2.1217613220214844 -2.4
      vertex 51.5 -1 -2.200000190734863
      vertex 51.5 -2.1217613220214844 -2.200000190734863
    endloop
  endfacet
  facet normal 1 0 0
    outer loop
      vertex 51.5 -2.1217613220214844 -2.4
      vertex 51.5 1 -2.200000190734863
      vertex 51.5 -1 -2.200000190734863
    endloop
  endfacet
  facet normal 1 0 0
    outer loop
      vertex 51.5 -2.1217613220214844 -2.4
      vertex 51.5 2.1217613220214844 -2.4
      vertex 51.5 1 -2.200000190734863
    endloop
  endfacet
  facet normal 0 1 0
    outer loop
      vertex 51.5 -2.1217613220214844 -2.4
      vertex 53.5 -2.1217613220214844 -2.4
      vertex 52.9956669095357 -2.1217613220214844 -5.799999237060547
    endloop
  endfacet
  facet normal 0 1 0
    outer loop
      vertex 51.5 -2.1217613220214844 -2.4
      vertex 53.5 -2.1217613220214844 -2.200000190734863
      vertex 53.5 -2.1217613220214844 -2.4
    endloop
  endfacet
  facet normal 0 0 -1
    outer loop
      vertex 51.5 -2.1217613220214844 -2.200000190734863
      vertex 51.5 -1 -2.200000190734863
      vertex 53.5 -1 -2.200000190734863
    endloop
  endfacet
  facet normal 0 0 -1
    outer loop
      vertex 51.5 -2.1217613220214844 -2.200000190734863
      vertex 53.5 -1 -2.200000190734863
      vertex 53.5 -2.1217613220214844 -2.200000190734863
    endloop
  endfacet
  facet normal 0 1 0
    outer loop
      vertex 51.5 -1 -2.200000190734863
      vertex 51.5 -1 -2.0000003814697265
      vertex 52.08578681945801 -1 -2.0000003814697265
    endloop
  endfacet
  facet normal 1 0 0
    outer loop
      vertex 51.5 -1 -2.200000190734863
      vertex 51.5 -0.4142131805419922 -2.0000003814697265
      vertex 51.5 -1 -2.0000003814697265
    endloop
  endfacet
  facet normal 1 0 0
    outer loop
      vertex 51.5 -1 -2.200000190734863
      vertex 51.5 0.4142131805419922 -2.0000003814697265
      vertex 51.5 -0.4142131805419922 -2.0000003814697265
    endloop
  endfacet
  facet normal 1 0 0
    outer loop
      vertex 51.5 -1 -2.200000190734863
      vertex 51.5 1 -2.200000190734863
      vertex 51.5 0.4142131805419922 -2.0000003814697265
    endloop
  endfacet
  facet normal 0 1 0
    outer loop
      vertex 51.5 -1 -2.200000190734863
      vertex 52.08578681945801 -1 -2.0000003814697265
      vertex 52.91421318054199 -1 -2.0000003814697265
    endloop
  endfacet
  facet normal 0 1 0
    outer loop
      vertex 51.5 -1 -2.200000190734863
      vertex 52.91421318054199 -1 -2.0000003814697265
      vertex 53.5 -1 -2.200000190734863
    endloop
  endfacet
  facet normal 0 0 -1
    outer loop
      vertex 51.5 -1 -2.0000003814697265
      vertex 51.5 -0.4142131805419922 -2.0000003814697265
      vertex 52.08578681945801 -1 -2.0000003814697265
    endloop
  endfacet
  facet normal 0.7071067811865475 0.7071067811865475 0
    outer loop
      vertex 51.5 -0.4142131805419922 -2.0000003814697265
      vertex 51.5 -0.4142131805419922 -1.8000005722045898
      vertex 51.723249435424805 -0.6374626159667969 -1.8000005722045898
    endloop
  endfacet
  facet normal 1 0 0
    outer loop
      vertex 51.5 -0.4142131805419922 -2.0000003814697265
      vertex 51.5 -0.09849071502685547 -1.8000005722045898
      vertex 51.5 -0.4142131805419922 -1.8000005722045898
    endloop
  endfacet
  facet normal 1 0 0
    outer loop
      vertex 51.5 -0.4142131805419922 -2.0000003814697265
      vertex 51.5 0.09849071502685547 -1.8000005722045898
      vertex 51.5 -0.09849071502685547 -1.8000005722045898
    endloop
  endfacet
  facet normal 1 0 0
    outer loop
      vertex 51.5 -0.4142131805419922 -2.0000003814697265
      vertex 51.5 0.4142131805419922 -2.0000003814697265
      vertex 51.5 0.09849071502685547 -1.8000005722045898
    endloop
  endfacet
  facet normal 0.7071067811865475 0.7071067811865475 0
    outer loop
      vertex 51.5 -0.4142131805419922 -2.0000003814697265
      vertex 51.723249435424805 -0.6374626159667969 -1.8000005722045898
      vertex 51.8625373840332 -0.7767505645751953 -1.8000005722045898
    endloop
  endfacet
  facet normal 0.7071067811865476 0.7071067811865476 0
    outer loop
      vertex 51.5 -0.4142131805419922 -2.0000003814697265
      vertex 51.8625373840332 -0.7767505645751953 -1.8000005722045898
      vertex 52.08578681945801 -1 -2.0000003814697265
    endloop
  endfacet
  facet normal 0 0 -1
    outer loop
      vertex 51.5 -0.4142131805419922 -1.8000005722045898
      vertex 51.5 -0.09849071502685547 -1.8000005722045898
      vertex 51.53843021392822 -0.2916889190673828 -1.8000005722045898
    endloop
  endfacet
  facet normal 0 0 -1
    outer loop
      vertex 51.5 -0.4142131805419922 -1.8000005722045898
      vertex 51.53843021392822 -0.2916889190673828 -1.8000005722045898
      vertex 51.61381244659424 -0.4736766815185547 -1.8000005722045898
    endloop
  endfacet
  facet normal 0 0 -1
    outer loop
      vertex 51.5 -0.4142131805419922 -1.8000005722045898
      vertex 51.61381244659424 -0.4736766815185547 -1.8000005722045898
      vertex 51.723249435424805 -0.6374626159667969 -1.8000005722045898
    endloop
  endfacet
  facet normal 0.9807845987074485 0.195093749100962 0
    outer loop
      vertex 51.5 -0.09849071502685547 -1.8000005722045898
      vertex 51.5 -0.09849071502685547 -0.9999990463256836
      vertex 51.53629519805595 -0.2809556654640586 -0.9999990463256836
    endloop
  endfacet
  facet normal 1 0 0
    outer loop
      vertex 51.5 -0.09849071502685547 -1.8000005722045898
      vertex 51.5 -0.0875472818080433 -0.9999990463256836
      vertex 51.5 -0.09849071502685547 -0.9999990463256836
    endloop
  endfacet
  facet normal 1 0 0
    outer loop
      vertex 51.5 -0.09849071502685547 -1.8000005722045898
      vertex 51.5 0.09849071502685547 -1.8000005722045898
      vertex 51.5 -0.0875472818080433 -0.9999990463256836
    endloop
  endfacet
  facet normal 0.9807845987074544 0.1950937491009329 -6.896536965600348e-15
    outer loop
      vertex 51.5 -0.09849071502685547 -1.8000005722045898
      vertex 51.53629519805595 -0.2809556654640586 -0.9999990463256836
      vertex 51.53843021392822 -0.2916889190673828 -1.8000005722045898
    endloop
  endfacet
  facet normal 1 0 0
    outer loop
      vertex 51.5 -0.0875472818080433 -0.9999990463256836
      vertex 51.5 0.09849071502685547 -1.8000005722045898
      vertex 51.5 0.09849071502685547 -0.9999990463256836
    endloop
  endfacet
  facet normal 1 0 0
    outer loop
      vertex 51.5 0.09849071502685547 -1.8000005722045898
      vertex 51.5 0.4142131805419922 -2.0000003814697265
      vertex 51.5 0.4142131805419922 -1.8000005722045898
    endloop
  endfacet
  facet normal 0 0 -1
    outer loop
      vertex 51.5 0.09849071502685547 -1.8000005722045898
      vertex 51.5 0.4142131805419922 -1.8000005722045898
      vertex 51.53843021392822 0.2916889190673828 -1.8000005722045898
    endloop
  endfacet
  facet normal 0.9807845987075529 -0.1950937491004379 0
    outer loop
      vertex 51.5 0.09849071502685547 -1.8000005722045898
      vertex 51.50213501587227 0.10922396863017972 -0.9999990463256836
      vertex 51.5 0.09849071502685547 -0.9999990463256836
    endloop
  endfacet
  facet normal 0.9807845987074544 -0.1950937491009329 6.9041049929967566e-15
    outer loop
      vertex 51.5 0.09849071502685547 -1.8000005722045898
      vertex 51.53843021392822 0.2916889190673828 -1.8000005722045898
      vertex 51.50213501587227 0.10922396863017972 -0.9999990463256836
    endloop
  endfacet
  facet normal 1 0 0
    outer loop
      vertex 51.5 0.4142131805419922 -2.0000003814697265
      vertex 51.5 1 -2.200000190734863
      vertex 51.5 1 -2.0000003814697265
    endloop
  endfacet
  facet normal 0 0 -1
    outer loop
      vertex 51.5 0.4142131805419922 -2.0000003814697265
      vertex 51.5 1 -2.0000003814697265
      vertex 52.08578681945801 1 -2.0000003814697265
    endloop
  endfacet
  facet normal 0.7071067811865475 -0.7071067811865475 0
    outer loop
      vertex 51.5 0.4142131805419922 -2.0000003814697265
      vertex 51.723249435424805 0.6374626159667969 -1.8000005722045898
      vertex 51.5 0.4142131805419922 -1.8000005722045898
    endloop
  endfacet
  facet normal 0.7071067811865476 -0.7071067811865476 0
    outer loop
      vertex 51.5 0.4142131805419922 -2.0000003814697265
      vertex 52.08578681945801 1 -2.0000003814697265
      vertex 51.723249435424805 0.6374626159667969 -1.8000005722045898
    endloop
  endfacet
  facet normal 0 0 -1
    outer loop
      vertex 51.5 0.4142131805419922 -1.8000005722045898
      vertex 51.61381244659424 0.4736766815185547 -1.8000005722045898
      vertex 51.53843021392822 0.2916889190673828 -1.8000005722045898
    endloop
  endfacet
  facet normal 0 0 -1
    outer loop
      vertex 51.5 0.4142131805419922 -1.8000005722045898
      vertex 51.723249435424805 0.6374626159667969 -1.8000005722045898
      vertex 51.61381244659424 0.4736766815185547 -1.8000005722045898
    endloop
  endfacet
  facet normal 1 0 0
    outer loop
      vertex 51.5 1 -2.200000190734863
      vertex 51.5 2.1217613220214844 -2.4
      vertex 51.5 2.1217613220214844 -2.200000190734863
    endloop
  endfacet
  facet normal 0 0 -1
    outer loop
      vertex 51.5 1 -2.200000190734863
      vertex 51.5 2.1217613220214844 -2.200000190734863
      vertex 53.5 2.1217613220214844 -2.200000190734863
    endloop
  endfacet
  facet normal 0 -1 0
    outer loop
      vertex 51.5 1 -2.200000190734863
      vertex 52.08578681945801 1 -2.0000003814697265
      vertex 51.5 1 -2.0000003814697265
    endloop
  endfacet
  facet normal 0 -1 0
    outer loop
      vertex 51.5 1 -2.200000190734863
      vertex 53.5 1 -2.200000190734863
      vertex 52.08578681945801 1 -2.0000003814697265
    endloop
  endfacet
  facet normal 0 0 -1
    outer loop
      vertex 51.5 1 -2.200000190734863
      vertex 53.5 2.1217613220214844 -2.200000190734863
      vertex 53.5 1 -2.200000190734863
    endloop
  endfacet
  facet normal 0 -1 0
    outer loop
      vertex 51.5 2.1217613220214844 -2.4
      vertex 52.0043330904643 2.1217613220214844 -5.799999237060547
      vertex 53.5 2.1217613220214844 -2.4
    endloop
  endfacet
  facet normal 0 -1 0
    outer loop
      vertex 51.5 2.1217613220214844 -2.4
      vertex 53.5 2.1217613220214844 -2.4
      vertex 51.5 2.1217613220214844 -2.200000190734863
    endloop
  endfacet
  facet normal 0 -1 0
    outer loop
      vertex 51.5 2.1217613220214844 -2.200000190734863
      vertex 53.5 2.1217613220214844 -2.4
      vertex 53.5 2.1217613220214844 -2.200000190734863
    endloop
  endfacet
  facet normal 0.9807845987074485 -0.195093749100962 0
    outer loop
      vertex 51.50213501587227 0.10922396863017972 -0.9999990463256836
      vertex 51.53843021392822 0.2916889190673828 -1.8000005722045898
      vertex 51.53843021392822 0.2916889190673828 -0.9999990463256836
    endloop
  endfacet
  facet normal 0.9807845987075527 0.19509374910043836 0
    outer loop
      vertex 51.53629519805595 -0.2809556654640586 -0.9999990463256836
      vertex 51.53843021392822 -0.2916889190673828 -0.9999990463256836
      vertex 51.53843021392822 -0.2916889190673828 -1.8000005722045898
    endloop
  endfacet
  facet normal 0.9238787548503287 0.3826853097993263 0
    outer loop
      vertex 51.53843021392822 -0.2916889190673828 -1.8000005722045898
      vertex 51.53843021392822 -0.2916889190673828 -0.9999990463256836
      vertex 51.60962453695808 -0.4635662313889033 -0.9999990463256836
    endloop
  endfacet
  facet normal 0.9238787548503221 0.3826853097993421 3.984931001220869e-15
    outer loop
      vertex 51.53843021392822 -0.2916889190673828 -1.8000005722045898
      vertex 51.60962453695808 -0.4635662313889033 -0.9999990463256836
      vertex 51.61381244659424 -0.4736766815185547 -1.8000005722045898
    endloop
  endfacet
  facet normal 0.9238787548502105 -0.38268530979961124 0
    outer loop
      vertex 51.53843021392822 0.2916889190673828 -1.8000005722045898
      vertex 51.54261812356438 0.3017993691970342 -0.9999990463256836
      vertex 51.53843021392822 0.2916889190673828 -0.9999990463256836
    endloop
  endfacet
  facet normal 0.9238787548503221 -0.3826853097993421 -3.985619007263898e-15
    outer loop
      vertex 51.53843021392822 0.2916889190673828 -1.8000005722045898
      vertex 51.61381244659424 0.4736766815185547 -1.8000005722045898
      vertex 51.54261812356438 0.3017993691970342 -0.9999990463256836
    endloop
  endfacet
  facet normal 0.9238787548503287 -0.3826853097993263 0
    outer loop
      vertex 51.54261812356438 0.3017993691970342 -0.9999990463256836
      vertex 51.61381244659424 0.4736766815185547 -1.8000005722045898
      vertex 51.61381244659424 0.4736766815185547 -0.9999990463256836
    endloop
  endfacet
  facet normal 0.9238787548502105 0.38268530979961124 0
    outer loop
      vertex 51.60962453695808 -0.4635662313889033 -0.9999990463256836
      vertex 51.61381244659424 -0.4736766815185547 -0.9999990463256836
      vertex 51.61381244659424 -0.4736766815185547 -1.8000005722045898
    endloop
  endfacet
  facet normal 0.8314725993515413 0.5555657625588453 0
    outer loop
      vertex 51.61381244659424 -0.4736766815185547 -1.8000005722045898
      vertex 51.61381244659424 -0.4736766815185547 -0.9999990463256836
      vertex 51.71716959135722 -0.6283633803925279 -0.9999990463256836
    endloop
  endfacet
  facet normal 0.8314725993515247 0.5555657625588704 6.979109903404842e-15
    outer loop
      vertex 51.61381244659424 -0.4736766815185547 -1.8000005722045898
      vertex 51.71716959135722 -0.6283633803925279 -0.9999990463256836
      vertex 51.723249435424805 -0.6374626159667969 -1.8000005722045898
    endloop
  endfacet
  facet normal 0.8314725993512376 -0.5555657625592997 0
    outer loop
      vertex 51.61381244659424 0.4736766815185547 -1.8000005722045898
      vertex 51.619892290661824 0.4827759170928235 -0.9999990463256836
      vertex 51.61381244659424 0.4736766815185547 -0.9999990463256836
    endloop
  endfacet
  facet normal 0.8314725993515247 -0.5555657625588704 -7.064422366735107e-15
    outer loop
      vertex 51.61381244659424 0.4736766815185547 -1.8000005722045898
      vertex 51.723249435424805 0.6374626159667969 -1.8000005722045898
      vertex 51.619892290661824 0.4827759170928235 -0.9999990463256836
    endloop
  endfacet
  facet normal 0.8314725993515415 -0.555565762558845 0
    outer loop
      vertex 51.619892290661824 0.4827759170928235 -0.9999990463256836
      vertex 51.723249435424805 0.6374626159667969 -1.8000005722045898
      vertex 51.723249435424805 0.6374626159667969 -0.9999990463256836
    endloop
  endfacet
  facet normal 0.8314725993512407 0.555565762559295 0
    outer loop
      vertex 51.71716959135722 -0.6283633803925279 -0.9999990463256836
      vertex 51.723249435424805 -0.6374626159667969 -0.9999990463256836
      vertex 51.723249435424805 -0.6374626159667969 -1.8000005722045898
    endloop
  endfacet
  facet normal 0.7071067811865476 0.7071067811865476 0
    outer loop
      vertex 51.723249435424805 -0.6374626159667969 -1.8000005722045898
      vertex 51.723249435424805 -0.6374626159667969 -0.9999990463256836
      vertex 51.85479915021408 -0.7690123307560697 -0.9999990463256836
    endloop
  endfacet
  facet normal 0.7071067811865476 0.7071067811865476 0
    outer loop
      vertex 51.723249435424805 -0.6374626159667969 -1.8000005722045898
      vertex 51.85479915021408 -0.7690123307560697 -0.9999990463256836
      vertex 51.8625373840332 -0.7767505645751953 -1.8000005722045898
    endloop
  endfacet
  facet normal 0.7071067811865475 -0.7071067811865475 0
    outer loop
      vertex 51.723249435424805 0.6374626159667969 -1.8000005722045898
      vertex 51.73098766924393 0.6452008497859225 -0.9999990463256836
      vertex 51.723249435424805 0.6374626159667969 -0.9999990463256836
    endloop
  endfacet
  facet normal 0.7071067811865476 -0.7071067811865476 0
    outer loop
      vertex 51.723249435424805 0.6374626159667969 -1.8000005722045898
      vertex 51.8625373840332 0.7767505645751953 -1.8000005722045898
      vertex 51.73098766924393 0.6452008497859225 -0.9999990463256836
    endloop
  endfacet
  facet normal 0.7071067811865475 -0.7071067811865475 0
    outer loop
      vertex 51.723249435424805 0.6374626159667969 -1.8000005722045898
      vertex 52.08578681945801 1 -2.0000003814697265
      vertex 51.8625373840332 0.7767505645751953 -1.8000005722045898
    endloop
  endfacet
  facet normal 0.7071067811865476 -0.7071067811865476 0
    outer loop
      vertex 51.73098766924393 0.6452008497859225 -0.9999990463256836
      vertex 51.8625373840332 0.7767505645751953 -1.8000005722045898
      vertex 51.8625373840332 0.7767505645751953 -0.9999990463256836
    endloop
  endfacet
  facet normal 0.7071067811865475 0.7071067811865475 0
    outer loop
      vertex 51.85479915021408 -0.7690123307560697 -0.9999990463256836
      vertex 51.8625373840332 -0.7767505645751953 -0.9999990463256836
      vertex 51.8625373840332 -0.7767505645751953 -1.8000005722045898
    endloop
  endfacet
  facet normal 0.5555657625588689 0.8314725993515255 0
    outer loop
      vertex 51.8625373840332 -0.7767505645751953 -1.8000005722045898
      vertex 51.8625373840332 -0.7767505645751953 -0.9999990463256836
      vertex 52.01722408290718 -0.880107709338183 -0.9999990463256836
    endloop
  endfacet
  facet normal 0.5555657625588704 0.8314725993515247 -3.742740326747076e-16
    outer loop
      vertex 51.8625373840332 -0.7767505645751953 -1.8000005722045898
      vertex 52.01722408290718 -0.880107709338183 -0.9999990463256836
      vertex 52.026323318481445 -0.8861875534057617 -1.8000005722045898
    endloop
  endfacet
  facet normal 0 0 -1
    outer loop
      vertex 51.8625373840332 -0.7767505645751953 -1.8000005722045898
      vertex 52.026323318481445 -0.8861875534057617 -1.8000005722045898
      vertex 52.08578681945801 -1 -1.8000005722045898
    endloop
  endfacet
  facet normal 0.7071067811865475 0.7071067811865475 0
    outer loop
      vertex 51.8625373840332 -0.7767505645751953 -1.8000005722045898
      vertex 52.08578681945801 -1 -1.8000005722045898
      vertex 52.08578681945801 -1 -2.0000003814697265
    endloop
  endfacet
  facet normal 0.555565762558893 -0.8314725993515095 0
    outer loop
      vertex 51.8625373840332 0.7767505645751953 -1.8000005722045898
      vertex 51.87163661960747 0.782830408642774 -0.9999990463256836
      vertex 51.8625373840332 0.7767505645751953 -0.9999990463256836
    endloop
  endfacet
  facet normal 0.5555657625588704 -0.8314725993515247 3.715220177285701e-16
    outer loop
      vertex 51.8625373840332 0.7767505645751953 -1.8000005722045898
      vertex 52.026323318481445 0.8861875534057617 -1.8000005722045898
      vertex 51.87163661960747 0.782830408642774 -0.9999990463256836
    endloop
  endfacet
  facet normal 0.7071067811865475 -0.7071067811865475 0
    outer loop
      vertex 51.8625373840332 0.7767505645751953 -1.8000005722045898
      vertex 52.08578681945801 1 -2.0000003814697265
      vertex 52.08578681945801 1 -1.8000005722045898
    endloop
  endfacet
  facet normal 0 0 -1
    outer loop
      vertex 51.8625373840332 0.7767505645751953 -1.8000005722045898
      vertex 52.08578681945801 1 -1.8000005722045898
      vertex 52.026323318481445 0.8861875534057617 -1.8000005722045898
    endloop
  endfacet
  facet normal 0.5555657625588689 -0.8314725993515255 0
    outer loop
      vertex 51.87163661960747 0.782830408642774 -0.9999990463256836
      vertex 52.026323318481445 0.8861875534057617 -1.8000005722045898
      vertex 52.026323318481445 0.8861875534057617 -0.9999990463256836
    endloop
  endfacet
  facet normal 0 -1 0
    outer loop
      vertex 52.0043330904643 2.1217613220214844 -5.799999237060547
      vertex 53.55099985885623 2.1217613220214844 -5.799999237060547
      vertex 53.5 2.1217613220214844 -2.4
    endloop
  endfacet
  facet normal 0 0 -1
    outer loop
      vertex 52.0043330904643 2.1217613220214844 -5.799999237060547
      vertex 71.94864177703857 2.402576446533203 -5.799999237060547
      vertex 53.55099985885623 2.1217613220214844 -5.799999237060547
    endloop
  endfacet
  facet normal 0.555565762558893 0.8314725993515095 0
    outer loop
      vertex 52.01722408290718 -0.880107709338183 -0.9999990463256836
      vertex 52.026323318481445 -0.8861875534057617 -0.9999990463256836
      vertex 52.026323318481445 -0.8861875534057617 -1.8000005722045898
    endloop
  endfacet
  facet normal 0.38268530979932985 0.9238787548503271 0
    outer loop
      vertex 52.026323318481445 -0.8861875534057617 -1.8000005722045898
      vertex 52.026323318481445 -0.8861875534057617 -0.9999990463256836
      vertex 52.19820063080297 -0.9573818764356226 -0.9999990463256836
    endloop
  endfacet
  facet normal 0.3826853097993421 0.9238787548503221 -3.0712589760790678e-15
    outer loop
      vertex 52.026323318481445 -0.8861875534057617 -1.8000005722045898
      vertex 52.19820063080297 -0.9573818764356226 -0.9999990463256836
      vertex 52.20831108093262 -0.9615697860717773 -1.8000005722045898
    endloop
  endfacet
  facet normal 0 0 -1
    outer loop
      vertex 52.026323318481445 -0.8861875534057617 -1.8000005722045898
      vertex 52.20831108093262 -0.9615697860717773 -1.8000005722045898
      vertex 52.08578681945801 -1 -1.8000005722045898
    endloop
  endfacet
  facet normal 0.3826853097995494 -0.9238787548502363 0
    outer loop
      vertex 52.026323318481445 0.8861875534057617 -1.8000005722045898
      vertex 52.03643376861109 0.8903754630419165 -0.9999990463256836
      vertex 52.026323318481445 0.8861875534057617 -0.9999990463256836
    endloop
  endfacet
  facet normal 0 0 -1
    outer loop
      vertex 52.026323318481445 0.8861875534057617 -1.8000005722045898
      vertex 52.08578681945801 1 -1.8000005722045898
      vertex 52.20831108093262 0.9615697860717773 -1.8000005722045898
    endloop
  endfacet
  facet normal 0.3826853097993421 -0.9238787548503221 3.0691949579499824e-15
    outer loop
      vertex 52.026323318481445 0.8861875534057617 -1.8000005722045898
      vertex 52.20831108093262 0.9615697860717773 -1.8000005722045898
      vertex 52.03643376861109 0.8903754630419165 -0.9999990463256836
    endloop
  endfacet
  facet normal 0.38268530979932985 -0.9238787548503271 0
    outer loop
      vertex 52.03643376861109 0.8903754630419165 -0.9999990463256836
      vertex 52.20831108093262 0.9615697860717773 -1.8000005722045898
      vertex 52.20831108093262 0.9615697860717773 -0.9999990463256836
    endloop
  endfacet
  facet normal 0 1 0
    outer loop
      vertex 52.08578681945801 -1 -2.0000003814697265
      vertex 52.08578681945801 -1 -1.8000005722045898
      vertex 52.401509284973145 -1 -1.8000005722045898
    endloop
  endfacet
  facet normal 0 1 0
    outer loop
      vertex 52.08578681945801 -1 -2.0000003814697265
      vertex 52.401509284973145 -1 -1.8000005722045898
      vertex 52.598490715026855 -1 -1.8000005722045898
    endloop
  endfacet
  facet normal 0 1 0
    outer loop
      vertex 52.08578681945801 -1 -2.0000003814697265
      vertex 52.598490715026855 -1 -1.8000005722045898
      vertex 52.91421318054199 -1 -2.0000003814697265
    endloop
  endfacet
  facet normal 0 0 -1
    outer loop
      vertex 52.08578681945801 -1 -1.8000005722045898
      vertex 52.20831108093262 -0.9615697860717773 -1.8000005722045898
      vertex 52.401509284973145 -1 -1.8000005722045898
    endloop
  endfacet
  facet normal 0 -1 0
    outer loop
      vertex 52.08578681945801 1 -2.0000003814697265
      vertex 52.401509284973145 1 -1.8000005722045898
      vertex 52.08578681945801 1 -1.8000005722045898
    endloop
  endfacet
  facet normal 0 -1 0
    outer loop
      vertex 52.08578681945801 1 -2.0000003814697265
      vertex 52.91421318054199 1 -2.0000003814697265
      vertex 52.401509284973145 1 -1.8000005722045898
    endloop
  endfacet
  facet normal 0 -1 0
    outer loop
      vertex 52.08578681945801 1 -2.0000003814697265
      vertex 53.5 1 -2.200000190734863
      vertex 52.91421318054199 1 -2.0000003814697265
    endloop
  endfacet
  facet normal 0 0 -1
    outer loop
      vertex 52.08578681945801 1 -1.8000005722045898
      vertex 52.401509284973145 1 -1.8000005722045898
      vertex 52.20831108093262 0.9615697860717773 -1.8000005722045898
    endloop
  endfacet
  facet normal 0.3826853097995494 0.9238787548502363 0
    outer loop
      vertex 52.19820063080297 -0.9573818764356226 -0.9999990463256836
      vertex 52.20831108093262 -0.9615697860717773 -0.9999990463256836
      vertex 52.20831108093262 -0.9615697860717773 -1.8000005722045898
    endloop
  endfacet
  facet normal 0.19509374910092875 0.9807845987074552 0
    outer loop
      vertex 52.20831108093262 -0.9615697860717773 -1.8000005722045898
      vertex 52.20831108093262 -0.9615697860717773 -0.9999990463256836
      vertex 52.390776031369825 -0.9978649841277247 -0.9999990463256836
    endloop
  endfacet
  facet normal 0.1950937491009329 0.9807845987074544 -9.962276063636576e-16
    outer loop
      vertex 52.20831108093262 -0.9615697860717773 -1.8000005722045898
      vertex 52.390776031369825 -0.9978649841277247 -0.9999990463256836
      vertex 52.401509284973145 -1 -1.8000005722045898
    endloop
  endfacet
  facet normal 0.19509374910100394 -0.9807845987074402 0
    outer loop
      vertex 52.20831108093262 0.9615697860717773 -1.8000005722045898
      vertex 52.21904433453594 0.9637048019440526 -0.9999990463256836
      vertex 52.20831108093262 0.9615697860717773 -0.9999990463256836
    endloop
  endfacet
  facet normal 0.1950937491009329 -0.9807845987074544 9.910675876842878e-16
    outer loop
      vertex 52.20831108093262 0.9615697860717773 -1.8000005722045898
      vertex 52.401509284973145 1 -1.8000005722045898
      vertex 52.21904433453594 0.9637048019440526 -0.9999990463256836
    endloop
  endfacet
  facet normal 0.19509374910092875 -0.9807845987074552 0
    outer loop
      vertex 52.21904433453594 0.9637048019440526 -0.9999990463256836
      vertex 52.401509284973145 1 -1.8000005722045898
      vertex 52.401509284973145 1 -0.9999990463256836
    endloop
  endfacet
  facet normal 0.19509374910100394 0.9807845987074402 0
    outer loop
      vertex 52.390776031369825 -0.9978649841277247 -0.9999990463256836
      vertex 52.401509284973145 -1 -0.9999990463256836
      vertex 52.401509284973145 -1 -1.8000005722045898
    endloop
  endfacet
  facet normal 0 1 0
    outer loop
      vertex 52.401509284973145 -1 -1.8000005722045898
      vertex 52.401509284973145 -1 -0.9999990463256836
      vertex 52.41245271819196 -1 -0.9999990463256836
    endloop
  endfacet
  facet normal 0 1 0
    outer loop
      vertex 52.401509284973145 -1 -1.8000005722045898
      vertex 52.41245271819196 -1 -0.9999990463256836
      vertex 52.598490715026855 -1 -1.8000005722045898
    endloop
  endfacet
  facet normal 0 0 1
    outer loop
      vertex 52.401509284973145 -1 -0.9999990463256836
      vertex 70.38562488555908 -2.8999996185302734 -0.9999990463256836
      vertex 52.41245271819196 -1 -0.9999990463256836
    endloop
  endfacet
  facet normal 0 -1 0
    outer loop
      vertex 52.401509284973145 1 -1.8000005722045898
      vertex 52.58754728180804 1 -0.9999990463256836
      vertex 52.401509284973145 1 -0.9999990463256836
    endloop
  endfacet
  facet normal 0 -1 0
    outer loop
      vertex 52.401509284973145 1 -1.8000005722045898
      vertex 52.598490715026855 1 -1.8000005722045898
      vertex 52.58754728180804 1 -0.9999990463256836
    endloop
  endfacet
  facet normal 0 -1 0
    outer loop
      vertex 52.401509284973145 1 -1.8000005722045898
      vertex 52.91421318054199 1 -2.0000003814697265
      vertex 52.598490715026855 1 -1.8000005722045898
    endloop
  endfacet
  facet normal 0 0 1
    outer loop
      vertex 52.401509284973145 1 -0.9999990463256836
      vertex 52.58754728180804 1 -0.9999990463256836
      vertex 70.94589805603027 2.7885541915893555 -0.9999990463256836
    endloop
  endfacet
  facet normal 0 1 0
    outer loop
      vertex 52.41245271819196 -1 -0.9999990463256836
      vertex 52.598490715026855 -1 -0.9999990463256836
      vertex 52.598490715026855 -1 -1.8000005722045898
    endloop
  endfacet
  facet normal 0 0 1
    outer loop
      vertex 52.41245271819196 -1 -0.9999990463256836
      vertex 70.38562488555908 -2.8999996185302734 -0.9999990463256836
      vertex 52.598490715026855 -1 -0.9999990463256836
    endloop
  endfacet
  facet normal 0 -1 0
    outer loop
      vertex 52.58754728180804 1 -0.9999990463256836
      vertex 52.598490715026855 1 -1.8000005722045898
      vertex 52.598490715026855 1 -0.9999990463256836
    endloop
  endfacet
  facet normal 0 0 1
    outer loop
      vertex 52.58754728180804 1 -0.9999990463256836
      vertex 52.598490715026855 1 -0.9999990463256836
      vertex 70.94589805603027 2.7885541915893555 -0.9999990463256836
    endloop
  endfacet
  facet normal -0.19509374910100394 0.9807845987074402 0
    outer loop
      vertex 52.598490715026855 -1 -1.8000005722045898
      vertex 52.598490715026855 -1 -0.9999990463256836
      vertex 52.609223968630175 -0.9978649841277247 -0.9999990463256836
    endloop
  endfacet
  facet normal -0.1950937491009329 0.9807845987074544 -9.910675876842878e-16
    outer loop
      vertex 52.598490715026855 -1 -1.8000005722045898
      vertex 52.609223968630175 -0.9978649841277247 -0.9999990463256836
      vertex 52.79168891906738 -0.9615697860717773 -1.8000005722045898
    endloop
  endfacet
  facet normal 0 0 -1
    outer loop
      vertex 52.598490715026855 -1 -1.8000005722045898
      vertex 52.79168891906738 -0.9615697860717773 -1.8000005722045898
      vertex 52.91421318054199 -1 -1.8000005722045898
    endloop
  endfacet
  facet normal 0 1 0
    outer loop
      vertex 52.598490715026855 -1 -1.8000005722045898
      vertex 52.91421318054199 -1 -1.8000005722045898
      vertex 52.91421318054199 -1 -2.0000003814697265
    endloop
  endfacet
  facet normal 0 0 1
    outer loop
      vertex 52.598490715026855 -1 -0.9999990463256836
      vertex 70.38562488555908 -2.8999996185302734 -0.9999990463256836
      vertex 52.609223968630175 -0.9978649841277247 -0.9999990463256836
    endloop
  endfacet
  facet normal -0.19509374910092875 -0.9807845987074552 0
    outer loop
      vertex 52.598490715026855 1 -1.8000005722045898
      vertex 52.78095566546406 0.9637048019440526 -0.9999990463256836
      vertex 52.598490715026855 1 -0.9999990463256836
    endloop
  endfacet
  facet normal -0.1950937491009329 -0.9807845987074544 9.962276063636576e-16
    outer loop
      vertex 52.598490715026855 1 -1.8000005722045898
      vertex 52.79168891906738 0.9615697860717773 -1.8000005722045898
      vertex 52.78095566546406 0.9637048019440526 -0.9999990463256836
    endloop
  endfacet
  facet normal 0 -1 0
    outer loop
      vertex 52.598490715026855 1 -1.8000005722045898
      vertex 52.91421318054199 1 -2.0000003814697265
      vertex 52.91421318054199 1 -1.8000005722045898
    endloop
  endfacet
  facet normal 0 0 -1
    outer loop
      vertex 52.598490715026855 1 -1.8000005722045898
      vertex 52.91421318054199 1 -1.8000005722045898
      vertex 52.79168891906738 0.9615697860717773 -1.8000005722045898
    endloop
  endfacet
  facet normal 0 0 1
    outer loop
      vertex 52.598490715026855 1 -0.9999990463256836
      vertex 52.78095566546406 0.9637048019440526 -0.9999990463256836
      vertex 70.94589805603027 2.7885541915893555 -0.9999990463256836
    endloop
  endfacet
  facet normal -0.19509374910092875 0.9807845987074552 0
    outer loop
      vertex 52.609223968630175 -0.9978649841277247 -0.9999990463256836
      vertex 52.79168891906738 -0.9615697860717773 -0.9999990463256836
      vertex 52.79168891906738 -0.9615697860717773 -1.8000005722045898
    endloop
  endfacet
  facet normal 0 0 1
    outer loop
      vertex 52.609223968630175 -0.9978649841277247 -0.9999990463256836
      vertex 70.38562488555908 -2.8999996185302734 -0.9999990463256836
      vertex 52.79168891906738 -0.9615697860717773 -0.9999990463256836
    endloop
  endfacet
  facet normal -0.19509374910100394 -0.9807845987074402 0
    outer loop
      vertex 52.78095566546406 0.9637048019440526 -0.9999990463256836
      vertex 52.79168891906738 0.9615697860717773 -1.8000005722045898
      vertex 52.79168891906738 0.9615697860717773 -0.9999990463256836
    endloop
  endfacet
  facet normal 0 0 1
    outer loop
      vertex 52.78095566546406 0.9637048019440526 -0.9999990463256836
      vertex 52.79168891906738 0.9615697860717773 -0.9999990463256836
      vertex 70.94589805603027 2.7885541915893555 -0.9999990463256836
    endloop
  endfacet
  facet normal -0.3826853097995494 0.9238787548502363 0
    outer loop
      vertex 52.79168891906738 -0.9615697860717773 -1.8000005722045898
      vertex 52.79168891906738 -0.9615697860717773 -0.9999990463256836
      vertex 52.80179936919703 -0.9573818764356226 -0.9999990463256836
    endloop
  endfacet
  facet normal -0.3826853097993421 0.9238787548503221 -3.0691949579499824e-15
    outer loop
      vertex 52.79168891906738 -0.9615697860717773 -1.8000005722045898
      vertex 52.80179936919703 -0.9573818764356226 -0.9999990463256836
      vertex 52.973676681518555 -0.8861875534057617 -1.8000005722045898
    endloop
  endfacet
  facet normal 0 0 -1
    outer loop
      vertex 52.79168891906738 -0.9615697860717773 -1.8000005722045898
      vertex 52.973676681518555 -0.8861875534057617 -1.8000005722045898
      vertex 52.91421318054199 -1 -1.8000005722045898
    endloop
  endfacet
  facet normal 0 0 1
    outer loop
      vertex 52.79168891906738 -0.9615697860717773 -0.9999990463256836
      vertex 70.38562488555908 -2.8999996185302734 -0.9999990463256836
      vertex 52.80179936919703 -0.9573818764356226 -0.9999990463256836
    endloop
  endfacet
  facet normal 0 0 -1
    outer loop
      vertex 52.79168891906738 0.9615697860717773 -1.8000005722045898
      vertex 52.91421318054199 1 -1.8000005722045898
      vertex 52.973676681518555 0.8861875534057617 -1.8000005722045898
    endloop
  endfacet
  facet normal -0.38268530979932985 -0.9238787548503271 0
    outer loop
      vertex 52.79168891906738 0.9615697860717773 -1.8000005722045898
      vertex 52.96356623138891 0.8903754630419165 -0.9999990463256836
      vertex 52.79168891906738 0.9615697860717773 -0.9999990463256836
    endloop
  endfacet
  facet normal -0.3826853097993421 -0.9238787548503221 3.0712589760790678e-15
    outer loop
      vertex 52.79168891906738 0.9615697860717773 -1.8000005722045898
      vertex 52.973676681518555 0.8861875534057617 -1.8000005722045898
      vertex 52.96356623138891 0.8903754630419165 -0.9999990463256836
    endloop
  endfacet
  facet normal 0 0 1
    outer loop
      vertex 52.79168891906738 0.9615697860717773 -0.9999990463256836
      vertex 52.96356623138891 0.8903754630419165 -0.9999990463256836
      vertex 67.03643376861109 0.8903754630419165 -0.9999990463256836
    endloop
  endfacet
  facet normal 0 0 1
    outer loop
      vertex 52.79168891906738 0.9615697860717773 -0.9999990463256836
      vertex 67.03643376861109 0.8903754630419165 -0.9999990463256836
      vertex 67.20831108093262 0.9615697860717773 -0.9999990463256836
    endloop
  endfacet
  facet normal 0 0 1
    outer loop
      vertex 52.79168891906738 0.9615697860717773 -0.9999990463256836
      vertex 67.20831108093262 0.9615697860717773 -0.9999990463256836
      vertex 70.94589805603027 2.7885541915893555 -0.9999990463256836
    endloop
  endfacet
  facet normal -0.38268530979932985 0.9238787548503271 0
    outer loop
      vertex 52.80179936919703 -0.9573818764356226 -0.9999990463256836
      vertex 52.973676681518555 -0.8861875534057617 -0.9999990463256836
      vertex 52.973676681518555 -0.8861875534057617 -1.8000005722045898
    endloop
  endfacet
  facet normal 0 0 1
    outer loop
      vertex 52.80179936919703 -0.9573818764356226 -0.9999990463256836
      vertex 70.38562488555908 -2.8999996185302734 -0.9999990463256836
      vertex 52.973676681518555 -0.8861875534057617 -0.9999990463256836
    endloop
  endfacet
  facet normal -0.7071067811865475 0.7071067811865475 0
    outer loop
      vertex 52.91421318054199 -1 -2.0000003814697265
      vertex 52.91421318054199 -1 -1.8000005722045898
      vertex 53.1374626159668 -0.7767505645751953 -1.8000005722045898
    endloop
  endfacet
  facet normal -0.7071067811865475 0.7071067811865475 0
    outer loop
      vertex 52.91421318054199 -1 -2.0000003814697265
      vertex 53.1374626159668 -0.7767505645751953 -1.8000005722045898
      vertex 53.276750564575195 -0.6374626159667969 -1.8000005722045898
    endloop
  endfacet
  facet normal -0.7071067811865476 0.7071067811865476 0
    outer loop
      vertex 52.91421318054199 -1 -2.0000003814697265
      vertex 53.276750564575195 -0.6374626159667969 -1.8000005722045898
      vertex 53.5 -0.4142131805419922 -2.0000003814697265
    endloop
  endfacet
  facet normal 0 1 0
    outer loop
      vertex 52.91421318054199 -1 -2.0000003814697265
      vertex 53.5 -1 -2.0000003814697265
      vertex 53.5 -1 -2.200000190734863
    endloop
  endfacet
  facet normal 0 0 -1
    outer loop
      vertex 52.91421318054199 -1 -2.0000003814697265
      vertex 53.5 -0.4142131805419922 -2.0000003814697265
      vertex 53.5 -1 -2.0000003814697265
    endloop
  endfacet
  facet normal 0 0 -1
    outer loop
      vertex 52.91421318054199 -1 -1.8000005722045898
      vertex 52.973676681518555 -0.8861875534057617 -1.8000005722045898
      vertex 53.1374626159668 -0.7767505645751953 -1.8000005722045898
    endloop
  endfacet
  facet normal -0.7071067811865475 -0.7071067811865475 0
    outer loop
      vertex 52.91421318054199 1 -2.0000003814697265
      vertex 53.1374626159668 0.7767505645751953 -1.8000005722045898
      vertex 52.91421318054199 1 -1.8000005722045898
    endloop
  endfacet
  facet normal -0.7071067811865476 -0.7071067811865476 0
    outer loop
      vertex 52.91421318054199 1 -2.0000003814697265
      vertex 53.5 0.4142131805419922 -2.0000003814697265
      vertex 53.1374626159668 0.7767505645751953 -1.8000005722045898
    endloop
  endfacet
  facet normal 0 -1 0
    outer loop
      vertex 52.91421318054199 1 -2.0000003814697265
      vertex 53.5 1 -2.200000190734863
      vertex 53.5 1 -2.0000003814697265
    endloop
  endfacet
  facet normal 0 0 -1
    outer loop
      vertex 52.91421318054199 1 -2.0000003814697265
      vertex 53.5 1 -2.0000003814697265
      vertex 53.5 0.4142131805419922 -2.0000003814697265
    endloop
  endfacet
  facet normal 0 0 -1
    outer loop
      vertex 52.91421318054199 1 -1.8000005722045898
      vertex 53.1374626159668 0.7767505645751953 -1.8000005722045898
      vertex 52.973676681518555 0.8861875534057617 -1.8000005722045898
    endloop
  endfacet
  facet normal -0.3826853097995494 -0.9238787548502363 0
    outer loop
      vertex 52.96356623138891 0.8903754630419165 -0.9999990463256836
      vertex 52.973676681518555 0.8861875534057617 -1.8000005722045898
      vertex 52.973676681518555 0.8861875534057617 -0.9999990463256836
    endloop
  endfacet
  facet normal 0 0 1
    outer loop
      vertex 52.96356623138891 0.8903754630419165 -0.9999990463256836
      vertex 52.973676681518555 0.8861875534057617 -0.9999990463256836
      vertex 67.02632331848145 0.8861875534057617 -0.9999990463256836
    endloop
  endfacet
  facet normal 0 0 1
    outer loop
      vertex 52.96356623138891 0.8903754630419165 -0.9999990463256836
      vertex 67.02632331848145 0.8861875534057617 -0.9999990463256836
      vertex 67.03643376861109 0.8903754630419165 -0.9999990463256836
    endloop
  endfacet
  facet normal -0.555565762558893 0.8314725993515095 0
    outer loop
      vertex 52.973676681518555 -0.8861875534057617 -1.8000005722045898
      vertex 52.973676681518555 -0.8861875534057617 -0.9999990463256836
      vertex 52.98277591709282 -0.880107709338183 -0.9999990463256836
    endloop
  endfacet
  facet normal -0.5555657625588704 0.8314725993515247 -3.715220177285701e-16
    outer loop
      vertex 52.973676681518555 -0.8861875534057617 -1.8000005722045898
      vertex 52.98277591709282 -0.880107709338183 -0.9999990463256836
      vertex 53.1374626159668 -0.7767505645751953 -1.8000005722045898
    endloop
  endfacet
  facet normal 0 0 1
    outer loop
      vertex 52.973676681518555 -0.8861875534057617 -0.9999990463256836
      vertex 67.01722408290718 -0.880107709338183 -0.9999990463256836
      vertex 52.98277591709282 -0.880107709338183 -0.9999990463256836
    endloop
  endfacet
  facet normal 0 0 1
    outer loop
      vertex 52.973676681518555 -0.8861875534057617 -0.9999990463256836
      vertex 67.02632331848145 -0.8861875534057617 -0.9999990463256836
      vertex 67.01722408290718 -0.880107709338183 -0.9999990463256836
    endloop
  endfacet
  facet normal 0 0 1
    outer loop
      vertex 52.973676681518555 -0.8861875534057617 -0.9999990463256836
      vertex 70.38562488555908 -2.8999996185302734 -0.9999990463256836
      vertex 67.02632331848145 -0.8861875534057617 -0.9999990463256836
    endloop
  endfacet
  facet normal -0.5555657625588689 -0.8314725993515255 0
    outer loop
      vertex 52.973676681518555 0.8861875534057617 -1.8000005722045898
      vertex 53.12836338039253 0.782830408642774 -0.9999990463256836
      vertex 52.973676681518555 0.8861875534057617 -0.9999990463256836
    endloop
  endfacet
  facet normal -0.5555657625588704 -0.8314725993515247 3.742740326747076e-16
    outer loop
      vertex 52.973676681518555 0.8861875534057617 -1.8000005722045898
      vertex 53.1374626159668 0.7767505645751953 -1.8000005722045898
      vertex 53.12836338039253 0.782830408642774 -0.9999990463256836
    endloop
  endfacet
  facet normal 0 0 1
    outer loop
      vertex 52.973676681518555 0.8861875534057617 -0.9999990463256836
      vertex 53.12836338039253 0.782830408642774 -0.9999990463256836
      vertex 66.87163661960747 0.782830408642774 -0.9999990463256836
    endloop
  endfacet
  facet normal 0 0 1
    outer loop
      vertex 52.973676681518555 0.8861875534057617 -0.9999990463256836
      vertex 66.87163661960747 0.782830408642774 -0.9999990463256836
      vertex 67.02632331848145 0.8861875534057617 -0.9999990463256836
    endloop
  endfacet
  facet normal -0.5555657625588689 0.8314725993515255 0
    outer loop
      vertex 52.98277591709282 -0.880107709338183 -0.9999990463256836
      vertex 53.1374626159668 -0.7767505645751953 -0.9999990463256836
      vertex 53.1374626159668 -0.7767505645751953 -1.8000005722045898
    endloop
  endfacet
  facet normal 0 0 1
    outer loop
      vertex 52.98277591709282 -0.880107709338183 -0.9999990463256836
      vertex 66.8625373840332 -0.7767505645751953 -0.9999990463256836
      vertex 53.1374626159668 -0.7767505645751953 -0.9999990463256836
    endloop
  endfacet
  facet normal 0 0 1
    outer loop
      vertex 52.98277591709282 -0.880107709338183 -0.9999990463256836
      vertex 67.01722408290718 -0.880107709338183 -0.9999990463256836
      vertex 66.8625373840332 -0.7767505645751953 -0.9999990463256836
    endloop
  endfacet
  facet normal 0 1 0
    outer loop
      vertex 52.9956669095357 -2.1217613220214844 -5.799999237060547
      vertex 53.5 -2.1217613220214844 -2.4
      vertex 53.55099985885623 -2.1217613220214844 -5.799999237060547
    endloop
  endfacet
  facet normal 0 0 -1
    outer loop
      vertex 52.9956669095357 -2.1217613220214844 -5.799999237060547
      vertex 53.55099985885623 -2.1217613220214844 -5.799999237060547
      vertex 70.38562488555908 -3.049999237060547 -5.799999237060547
    endloop
  endfacet
  facet normal -0.555565762558893 -0.8314725993515095 0
    outer loop
      vertex 53.12836338039253 0.782830408642774 -0.9999990463256836
      vertex 53.1374626159668 0.7767505645751953 -1.8000005722045898
      vertex 53.1374626159668 0.7767505645751953 -0.9999990463256836
    endloop
  endfacet
  facet normal 0 0 1
    outer loop
      vertex 53.12836338039253 0.782830408642774 -0.9999990463256836
      vertex 53.1374626159668 0.7767505645751953 -0.9999990463256836
      vertex 66.8625373840332 0.7767505645751953 -0.9999990463256836
    endloop
  endfacet
  facet normal 0 0 1
    outer loop
      vertex 53.12836338039253 0.782830408642774 -0.9999990463256836
      vertex 66.8625373840332 0.7767505645751953 -0.9999990463256836
      vertex 66.87163661960747 0.782830408642774 -0.9999990463256836
    endloop
  endfacet
  facet normal -0.7071067811865476 0.7071067811865476 0
    outer loop
      vertex 53.1374626159668 -0.7767505645751953 -1.8000005722045898
      vertex 53.1374626159668 -0.7767505645751953 -0.9999990463256836
      vertex 53.26901233075607 -0.6452008497859225 -0.9999990463256836
    endloop
  endfacet
  facet normal -0.7071067811865476 0.7071067811865476 0
    outer loop
      vertex 53.1374626159668 -0.7767505645751953 -1.8000005722045898
      vertex 53.26901233075607 -0.6452008497859225 -0.9999990463256836
      vertex 53.276750564575195 -0.6374626159667969 -1.8000005722045898
    endloop
  endfacet
  facet normal 0 0 1
    outer loop
      vertex 53.1374626159668 -0.7767505645751953 -0.9999990463256836
      vertex 66.85479915021409 -0.7690123307560697 -0.9999990463256836
      vertex 53.26901233075607 -0.6452008497859225 -0.9999990463256836
    endloop
  endfacet
  facet normal 0 0 1
    outer loop
      vertex 53.1374626159668 -0.7767505645751953 -0.9999990463256836
      vertex 66.8625373840332 -0.7767505645751953 -0.9999990463256836
      vertex 66.85479915021409 -0.7690123307560697 -0.9999990463256836
    endloop
  endfacet
  facet normal -0.7071067811865475 -0.7071067811865475 0
    outer loop
      vertex 53.1374626159668 0.7767505645751953 -1.8000005722045898
      vertex 53.14520084978592 0.7690123307560697 -0.9999990463256836
      vertex 53.1374626159668 0.7767505645751953 -0.9999990463256836
    endloop
  endfacet
  facet normal -0.7071067811865476 -0.7071067811865476 0
    outer loop
      vertex 53.1374626159668 0.7767505645751953 -1.8000005722045898
      vertex 53.276750564575195 0.6374626159667969 -1.8000005722045898
      vertex 53.14520084978592 0.7690123307560697 -0.9999990463256836
    endloop
  endfacet
  facet normal -0.7071067811865475 -0.7071067811865475 0
    outer loop
      vertex 53.1374626159668 0.7767505645751953 -1.8000005722045898
      vertex 53.5 0.4142131805419922 -2.0000003814697265
      vertex 53.276750564575195 0.6374626159667969 -1.8000005722045898
    endloop
  endfacet
  facet normal 0 0 1
    outer loop
      vertex 53.1374626159668 0.7767505645751953 -0.9999990463256836
      vertex 53.14520084978592 0.7690123307560697 -0.9999990463256836
      vertex 66.8625373840332 0.7767505645751953 -0.9999990463256836
    endloop
  endfacet
  facet normal -0.7071067811865476 -0.7071067811865476 0
    outer loop
      vertex 53.14520084978592 0.7690123307560697 -0.9999990463256836
      vertex 53.276750564575195 0.6374626159667969 -1.8000005722045898
      vertex 53.276750564575195 0.6374626159667969 -0.9999990463256836
    endloop
  endfacet
  facet normal 0 0 1
    outer loop
      vertex 53.14520084978592 0.7690123307560697 -0.9999990463256836
      vertex 53.276750564575195 0.6374626159667969 -0.9999990463256836
      vertex 66.73098766924392 0.6452008497859225 -0.9999990463256836
    endloop
  endfacet
  facet normal 0 0 1
    outer loop
      vertex 53.14520084978592 0.7690123307560697 -0.9999990463256836
      vertex 66.73098766924392 0.6452008497859225 -0.9999990463256836
      vertex 66.8625373840332 0.7767505645751953 -0.9999990463256836
    endloop
  endfacet
  facet normal -0.7071067811865475 0.7071067811865475 0
    outer loop
      vertex 53.26901233075607 -0.6452008497859225 -0.9999990463256836
      vertex 53.276750564575195 -0.6374626159667969 -0.9999990463256836
      vertex 53.276750564575195 -0.6374626159667969 -1.8000005722045898
    endloop
  endfacet
  facet normal 0 0 1
    outer loop
      vertex 53.26901233075607 -0.6452008497859225 -0.9999990463256836
      vertex 66.7232494354248 -0.6374626159667969 -0.9999990463256836
      vertex 53.276750564575195 -0.6374626159667969 -0.9999990463256836
    endloop
  endfacet
  facet normal 0 0 1
    outer loop
      vertex 53.26901233075607 -0.6452008497859225 -0.9999990463256836
      vertex 66.85479915021409 -0.7690123307560697 -0.9999990463256836
      vertex 66.7232494354248 -0.6374626159667969 -0.9999990463256836
    endloop
  endfacet
  facet normal -0.8314725993512407 0.555565762559295 0
    outer loop
      vertex 53.276750564575195 -0.6374626159667969 -1.8000005722045898
      vertex 53.276750564575195 -0.6374626159667969 -0.9999990463256836
      vertex 53.28283040864278 -0.6283633803925279 -0.9999990463256836
    endloop
  endfacet
  facet normal -0.8314725993515247 0.5555657625588704 6.987365948243255e-15
    outer loop
      vertex 53.276750564575195 -0.6374626159667969 -1.8000005722045898
      vertex 53.28283040864278 -0.6283633803925279 -0.9999990463256836
      vertex 53.38618755340576 -0.4736766815185547 -1.8000005722045898
    endloop
  endfacet
  facet normal 0 0 -1
    outer loop
      vertex 53.276750564575195 -0.6374626159667969 -1.8000005722045898
      vertex 53.38618755340576 -0.4736766815185547 -1.8000005722045898
      vertex 53.5 -0.4142131805419922 -1.8000005722045898
    endloop
  endfacet
  facet normal -0.7071067811865475 0.7071067811865475 0
    outer loop
      vertex 53.276750564575195 -0.6374626159667969 -1.8000005722045898
      vertex 53.5 -0.4142131805419922 -1.8000005722045898
      vertex 53.5 -0.4142131805419922 -2.0000003814697265
    endloop
  endfacet
  facet normal 0 0 1
    outer loop
      vertex 53.276750564575195 -0.6374626159667969 -0.9999990463256836
      vertex 66.71716959135722 -0.6283633803925279 -0.9999990463256836
      vertex 53.28283040864278 -0.6283633803925279 -0.9999990463256836
    endloop
  endfacet
  facet normal 0 0 1
    outer loop
      vertex 53.276750564575195 -0.6374626159667969 -0.9999990463256836
      vertex 66.7232494354248 -0.6374626159667969 -0.9999990463256836
      vertex 66.71716959135722 -0.6283633803925279 -0.9999990463256836
    endloop
  endfacet
  facet normal -0.8314725993515415 -0.555565762558845 0
    outer loop
      vertex 53.276750564575195 0.6374626159667969 -1.8000005722045898
      vertex 53.380107709338176 0.4827759170928235 -0.9999990463256836
      vertex 53.276750564575195 0.6374626159667969 -0.9999990463256836
    endloop
  endfacet
  facet normal -0.8314725993515247 -0.5555657625588704 -7.067174381681244e-15
    outer loop
      vertex 53.276750564575195 0.6374626159667969 -1.8000005722045898
      vertex 53.38618755340576 0.4736766815185547 -1.8000005722045898
      vertex 53.380107709338176 0.4827759170928235 -0.9999990463256836
    endloop
  endfacet
  facet normal -0.7071067811865475 -0.7071067811865475 0
    outer loop
      vertex 53.276750564575195 0.6374626159667969 -1.8000005722045898
      vertex 53.5 0.4142131805419922 -2.0000003814697265
      vertex 53.5 0.4142131805419922 -1.8000005722045898
    endloop
  endfacet
  facet normal 0 0 -1
    outer loop
      vertex 53.276750564575195 0.6374626159667969 -1.8000005722045898
      vertex 53.5 0.4142131805419922 -1.8000005722045898
      vertex 53.38618755340576 0.4736766815185547 -1.8000005722045898
    endloop
  endfacet
  facet normal 0 0 1
    outer loop
      vertex 53.276750564575195 0.6374626159667969 -0.9999990463256836
      vertex 53.380107709338176 0.4827759170928235 -0.9999990463256836
      vertex 66.61989229066182 0.4827759170928235 -0.9999990463256836
    endloop
  endfacet
  facet normal 0 0 1
    outer loop
      vertex 53.276750564575195 0.6374626159667969 -0.9999990463256836
      vertex 66.61989229066182 0.4827759170928235 -0.9999990463256836
      vertex 66.7232494354248 0.6374626159667969 -0.9999990463256836
    endloop
  endfacet
  facet normal 0 0 1
    outer loop
      vertex 53.276750564575195 0.6374626159667969 -0.9999990463256836
      vertex 66.7232494354248 0.6374626159667969 -0.9999990463256836
      vertex 66.73098766924392 0.6452008497859225 -0.9999990463256836
    endloop
  endfacet
  facet normal -0.8314725993515413 0.5555657625588453 0
    outer loop
      vertex 53.28283040864278 -0.6283633803925279 -0.9999990463256836
      vertex 53.38618755340576 -0.4736766815185547 -0.9999990463256836
      vertex 53.38618755340576 -0.4736766815185547 -1.8000005722045898
    endloop
  endfacet
  facet normal 0 0 1
    outer loop
      vertex 53.28283040864278 -0.6283633803925279 -0.9999990463256836
      vertex 66.61381244659424 -0.4736766815185547 -0.9999990463256836
      vertex 53.38618755340576 -0.4736766815185547 -0.9999990463256836
    endloop
  endfacet
  facet normal 0 0 1
    outer loop
      vertex 53.28283040864278 -0.6283633803925279 -0.9999990463256836
      vertex 66.71716959135722 -0.6283633803925279 -0.9999990463256836
      vertex 66.61381244659424 -0.4736766815185547 -0.9999990463256836
    endloop
  endfacet
  facet normal -0.8314725993512376 -0.5555657625592997 0
    outer loop
      vertex 53.380107709338176 0.4827759170928235 -0.9999990463256836
      vertex 53.38618755340576 0.4736766815185547 -1.8000005722045898
      vertex 53.38618755340576 0.4736766815185547 -0.9999990463256836
    endloop
  endfacet
  facet normal 0 0 1
    outer loop
      vertex 53.380107709338176 0.4827759170928235 -0.9999990463256836
      vertex 53.38618755340576 0.4736766815185547 -0.9999990463256836
      vertex 66.61381244659424 0.4736766815185547 -0.9999990463256836
    endloop
  endfacet
  facet normal 0 0 1
    outer loop
      vertex 53.380107709338176 0.4827759170928235 -0.9999990463256836
      vertex 66.61381244659424 0.4736766815185547 -0.9999990463256836
      vertex 66.61989229066182 0.4827759170928235 -0.9999990463256836
    endloop
  endfacet
  facet normal -0.9238787548502105 0.38268530979961124 0
    outer loop
      vertex 53.38618755340576 -0.4736766815185547 -1.8000005722045898
      vertex 53.38618755340576 -0.4736766815185547 -0.9999990463256836
      vertex 53.39037546304192 -0.4635662313889033 -0.9999990463256836
    endloop
  endfacet
  facet normal -0.9238787548503221 0.3826853097993421 3.985619007263898e-15
    outer loop
      vertex 53.38618755340576 -0.4736766815185547 -1.8000005722045898
      vertex 53.39037546304192 -0.4635662313889033 -0.9999990463256836
      vertex 53.46156978607178 -0.2916889190673828 -1.8000005722045898
    endloop
  endfacet
  facet normal 0 0 -1
    outer loop
      vertex 53.38618755340576 -0.4736766815185547 -1.8000005722045898
      vertex 53.46156978607178 -0.2916889190673828 -1.8000005722045898
      vertex 53.5 -0.4142131805419922 -1.8000005722045898
    endloop
  endfacet
  facet normal 0 0 1
    outer loop
      vertex 53.38618755340576 -0.4736766815185547 -0.9999990463256836
      vertex 66.60962453695808 -0.4635662313889033 -0.9999990463256836
      vertex 53.39037546304192 -0.4635662313889033 -0.9999990463256836
    endloop
  endfacet
  facet normal 0 0 1
    outer loop
      vertex 53.38618755340576 -0.4736766815185547 -0.9999990463256836
      vertex 66.61381244659424 -0.4736766815185547 -0.9999990463256836
      vertex 66.60962453695808 -0.4635662313889033 -0.9999990463256836
    endloop
  endfacet
  facet normal -0.9238787548503287 -0.3826853097993263 0
    outer loop
      vertex 53.38618755340576 0.4736766815185547 -1.8000005722045898
      vertex 53.45738187643562 0.3017993691970342 -0.9999990463256836
      vertex 53.38618755340576 0.4736766815185547 -0.9999990463256836
    endloop
  endfacet
  facet normal -0.9238787548503221 -0.3826853097993421 -3.984931001220869e-15
    outer loop
      vertex 53.38618755340576 0.4736766815185547 -1.8000005722045898
      vertex 53.46156978607178 0.2916889190673828 -1.8000005722045898
      vertex 53.45738187643562 0.3017993691970342 -0.9999990463256836
    endloop
  endfacet
  facet normal 0 0 -1
    outer loop
      vertex 53.38618755340576 0.4736766815185547 -1.8000005722045898
      vertex 53.5 0.4142131805419922 -1.8000005722045898
      vertex 53.46156978607178 0.2916889190673828 -1.8000005722045898
    endloop
  endfacet
  facet normal 0 0 1
    outer loop
      vertex 53.38618755340576 0.4736766815185547 -0.9999990463256836
      vertex 53.45738187643562 0.3017993691970342 -0.9999990463256836
      vertex 66.54261812356438 0.3017993691970342 -0.9999990463256836
    endloop
  endfacet
  facet normal 0 0 1
    outer loop
      vertex 53.38618755340576 0.4736766815185547 -0.9999990463256836
      vertex 66.54261812356438 0.3017993691970342 -0.9999990463256836
      vertex 66.61381244659424 0.4736766815185547 -0.9999990463256836
    endloop
  endfacet
  facet normal -0.9238787548503287 0.3826853097993263 0
    outer loop
      vertex 53.39037546304192 -0.4635662313889033 -0.9999990463256836
      vertex 53.46156978607178 -0.2916889190673828 -0.9999990463256836
      vertex 53.46156978607178 -0.2916889190673828 -1.8000005722045898
    endloop
  endfacet
  facet normal 0 0 1
    outer loop
      vertex 53.39037546304192 -0.4635662313889033 -0.9999990463256836
      vertex 66.53843021392822 -0.2916889190673828 -0.9999990463256836
      vertex 53.46156978607178 -0.2916889190673828 -0.9999990463256836
    endloop
  endfacet
  facet normal 0 0 1
    outer loop
      vertex 53.39037546304192 -0.4635662313889033 -0.9999990463256836
      vertex 66.60962453695808 -0.4635662313889033 -0.9999990463256836
      vertex 66.53843021392822 -0.2916889190673828 -0.9999990463256836
    endloop
  endfacet
  facet normal -0.9238787548502105 -0.38268530979961124 0
    outer loop
      vertex 53.45738187643562 0.3017993691970342 -0.9999990463256836
      vertex 53.46156978607178 0.2916889190673828 -1.8000005722045898
      vertex 53.46156978607178 0.2916889190673828 -0.9999990463256836
    endloop
  endfacet
  facet normal 0 0 1
    outer loop
      vertex 53.45738187643562 0.3017993691970342 -0.9999990463256836
      vertex 53.46156978607178 0.2916889190673828 -0.9999990463256836
      vertex 66.53843021392822 0.2916889190673828 -0.9999990463256836
    endloop
  endfacet
  facet normal 0 0 1
    outer loop
      vertex 53.45738187643562 0.3017993691970342 -0.9999990463256836
      vertex 66.53843021392822 0.2916889190673828 -0.9999990463256836
      vertex 66.54261812356438 0.3017993691970342 -0.9999990463256836
    endloop
  endfacet
  facet normal -0.9807845987075527 0.19509374910043836 0
    outer loop
      vertex 53.46156978607178 -0.2916889190673828 -1.8000005722045898
      vertex 53.46156978607178 -0.2916889190673828 -0.9999990463256836
      vertex 53.46370480194405 -0.2809556654640586 -0.9999990463256836
    endloop
  endfacet
  facet normal -0.9807845987074544 0.1950937491009329 -6.897568969336222e-15
    outer loop
      vertex 53.46156978607178 -0.2916889190673828 -1.8000005722045898
      vertex 53.46370480194405 -0.2809556654640586 -0.9999990463256836
      vertex 53.5 -0.09849071502685547 -1.8000005722045898
    endloop
  endfacet
  facet normal 0 0 -1
    outer loop
      vertex 53.46156978607178 -0.2916889190673828 -1.8000005722045898
      vertex 53.5 -0.09849071502685547 -1.8000005722045898
      vertex 53.5 -0.4142131805419922 -1.8000005722045898
    endloop
  endfacet
  facet normal 0 0 1
    outer loop
      vertex 53.46156978607178 -0.2916889190673828 -0.9999990463256836
      vertex 66.53629519805594 -0.2809556654640586 -0.9999990463256836
      vertex 53.46370480194405 -0.2809556654640586 -0.9999990463256836
    endloop
  endfacet
  facet normal 0 0 1
    outer loop
      vertex 53.46156978607178 -0.2916889190673828 -0.9999990463256836
      vertex 66.53843021392822 -0.2916889190673828 -0.9999990463256836
      vertex 66.53629519805594 -0.2809556654640586 -0.9999990463256836
    endloop
  endfacet
  facet normal -0.9807845987074485 -0.195093749100962 0
    outer loop
      vertex 53.46156978607178 0.2916889190673828 -1.8000005722045898
      vertex 53.49786498412773 0.10922396863017972 -0.9999990463256836
      vertex 53.46156978607178 0.2916889190673828 -0.9999990463256836
    endloop
  endfacet
  facet normal -0.9807845987074544 -0.1950937491009329 6.9020409855250085e-15
    outer loop
      vertex 53.46156978607178 0.2916889190673828 -1.8000005722045898
      vertex 53.5 0.09849071502685547 -1.8000005722045898
      vertex 53.49786498412773 0.10922396863017972 -0.9999990463256836
    endloop
  endfacet
  facet normal 0 0 -1
    outer loop
      vertex 53.46156978607178 0.2916889190673828 -1.8000005722045898
      vertex 53.5 0.4142131805419922 -1.8000005722045898
      vertex 53.5 0.09849071502685547 -1.8000005722045898
    endloop
  endfacet
  facet normal 0 0 1
    outer loop
      vertex 53.46156978607178 0.2916889190673828 -0.9999990463256836
      vertex 53.49786498412773 0.10922396863017972 -0.9999990463256836
      vertex 66.50213501587228 0.10922396863017972 -0.9999990463256836
    endloop
  endfacet
  facet normal 0 0 1
    outer loop
      vertex 53.46156978607178 0.2916889190673828 -0.9999990463256836
      vertex 66.50213501587228 0.10922396863017972 -0.9999990463256836
      vertex 66.53843021392822 0.2916889190673828 -0.9999990463256836
    endloop
  endfacet
  facet normal -0.9807845987074485 0.195093749100962 0
    outer loop
      vertex 53.46370480194405 -0.2809556654640586 -0.9999990463256836
      vertex 53.5 -0.09849071502685547 -0.9999990463256836
      vertex 53.5 -0.09849071502685547 -1.8000005722045898
    endloop
  endfacet
  facet normal 0 0 1
    outer loop
      vertex 53.46370480194405 -0.2809556654640586 -0.9999990463256836
      vertex 66.5 -0.09849071502685547 -0.9999990463256836
      vertex 53.5 -0.09849071502685547 -0.9999990463256836
    endloop
  endfacet
  facet normal 0 0 1
    outer loop
      vertex 53.46370480194405 -0.2809556654640586 -0.9999990463256836
      vertex 66.53629519805594 -0.2809556654640586 -0.9999990463256836
      vertex 66.5 -0.09849071502685547 -0.9999990463256836
    endloop
  endfacet
  facet normal -0.9807845987075529 -0.1950937491004379 0
    outer loop
      vertex 53.49786498412773 0.10922396863017972 -0.9999990463256836
      vertex 53.5 0.09849071502685547 -1.8000005722045898
      vertex 53.5 0.09849071502685547 -0.9999990463256836
    endloop
  endfacet
  facet normal 0 0 1
    outer loop
      vertex 53.49786498412773 0.10922396863017972 -0.9999990463256836
      vertex 53.5 0.09849071502685547 -0.9999990463256836
      vertex 66.5 0.09849071502685547 -0.9999990463256836
    endloop
  endfacet
  facet normal 0 0 1
    outer loop
      vertex 53.49786498412773 0.10922396863017972 -0.9999990463256836
      vertex 66.5 0.09849071502685547 -0.9999990463256836
      vertex 66.50213501587228 0.10922396863017972 -0.9999990463256836
    endloop
  endfacet
  facet normal -1 0 0
    outer loop
      vertex 53.5 -2.1217613220214844 -2.4
      vertex 53.5 -2.1217613220214844 -2.200000190734863
      vertex 53.5 -1 -2.200000190734863
    endloop
  endfacet
  facet normal -1 0 0
    outer loop
      vertex 53.5 -2.1217613220214844 -2.4
      vertex 53.5 -1 -2.200000190734863
      vertex 53.5 2.1217613220214844 -2.4
    endloop
  endfacet
  facet normal 0 0 -1
    outer loop
      vertex 53.5 -2.1217613220214844 -2.4
      vertex 53.5 2.1217613220214844 -2.4
      vertex 54.94999980926514 0 -2.4
    endloop
  endfacet
  facet normal 0 1 0
    outer loop
      vertex 53.5 -2.1217613220214844 -2.4
      vertex 53.72499942779541 -2.1217613220214844 -2.4
      vertex 53.55099985885623 -2.1217613220214844 -5.799999237060547
    endloop
  endfacet
  facet normal 0 0 -1
    outer loop
      vertex 53.5 -2.1217613220214844 -2.4
      vertex 54.94999980926514 0 -2.4
      vertex 53.72499942779541 -2.1217613220214844 -2.4
    endloop
  endfacet
  facet normal -1 0 0
    outer loop
      vertex 53.5 -1 -2.200000190734863
      vertex 53.5 -1 -2.0000003814697265
      vertex 53.5 -0.4142131805419922 -2.0000003814697265
    endloop
  endfacet
  facet normal -1 0 0
    outer loop
      vertex 53.5 -1 -2.200000190734863
      vertex 53.5 -0.4142131805419922 -2.0000003814697265
      vertex 53.5 1 -2.200000190734863
    endloop
  endfacet
  facet normal -1 0 0
    outer loop
      vertex 53.5 -1 -2.200000190734863
      vertex 53.5 1 -2.200000190734863
      vertex 53.5 2.1217613220214844 -2.4
    endloop
  endfacet
  facet normal -1 0 0
    outer loop
      vertex 53.5 -0.4142131805419922 -2.0000003814697265
      vertex 53.5 -0.4142131805419922 -1.8000005722045898
      vertex 53.5 -0.09849071502685547 -1.8000005722045898
    endloop
  endfacet
  facet normal -1 0 0
    outer loop
      vertex 53.5 -0.4142131805419922 -2.0000003814697265
      vertex 53.5 -0.09849071502685547 -1.8000005722045898
      vertex 53.5 0.4142131805419922 -2.0000003814697265
    endloop
  endfacet
  facet normal -1 0 0
    outer loop
      vertex 53.5 -0.4142131805419922 -2.0000003814697265
      vertex 53.5 0.4142131805419922 -2.0000003814697265
      vertex 53.5 1 -2.200000190734863
    endloop
  endfacet
  facet normal -1 0 0
    outer loop
      vertex 53.5 -0.09849071502685547 -1.8000005722045898
      vertex 53.5 -0.09849071502685547 -0.9999990463256836
      vertex 53.5 0.0875472818080433 -0.9999990463256836
    endloop
  endfacet
  facet normal -1 0 0
    outer loop
      vertex 53.5 -0.09849071502685547 -1.8000005722045898
      vertex 53.5 0.0875472818080433 -0.9999990463256836
      vertex 53.5 0.09849071502685547 -1.8000005722045898
    endloop
  endfacet
  facet normal -1 0 0
    outer loop
      vertex 53.5 -0.09849071502685547 -1.8000005722045898
      vertex 53.5 0.09849071502685547 -1.8000005722045898
      vertex 53.5 0.4142131805419922 -2.0000003814697265
    endloop
  endfacet
  facet normal 0 0 1
    outer loop
      vertex 53.5 -0.09849071502685547 -0.9999990463256836
      vertex 66.5 -0.09849071502685547 -0.9999990463256836
      vertex 66.5 -0.0875472818080433 -0.9999990463256836
    endloop
  endfacet
  facet normal 0 0 1
    outer loop
      vertex 53.5 -0.09849071502685547 -0.9999990463256836
      vertex 66.5 -0.0875472818080433 -0.9999990463256836
      vertex 53.5 0.0875472818080433 -0.9999990463256836
    endloop
  endfacet
  facet normal -1 0 0
    outer loop
      vertex 53.5 0.0875472818080433 -0.9999990463256836
      vertex 53.5 0.09849071502685547 -0.9999990463256836
      vertex 53.5 0.09849071502685547 -1.8000005722045898
    endloop
  endfacet
  facet normal 0 0 1
    outer loop
      vertex 53.5 0.0875472818080433 -0.9999990463256836
      vertex 66.5 -0.0875472818080433 -0.9999990463256836
      vertex 66.5 0.09849071502685547 -0.9999990463256836
    endloop
  endfacet
  facet normal 0 0 1
    outer loop
      vertex 53.5 0.0875472818080433 -0.9999990463256836
      vertex 66.5 0.09849071502685547 -0.9999990463256836
      vertex 53.5 0.09849071502685547 -0.9999990463256836
    endloop
  endfacet
  facet normal -1 0 0
    outer loop
      vertex 53.5 0.09849071502685547 -1.8000005722045898
      vertex 53.5 0.4142131805419922 -1.8000005722045898
      vertex 53.5 0.4142131805419922 -2.0000003814697265
    endloop
  endfacet
  facet normal -1 0 0
    outer loop
      vertex 53.5 0.4142131805419922 -2.0000003814697265
      vertex 53.5 1 -2.0000003814697265
      vertex 53.5 1 -2.200000190734863
    endloop
  endfacet
  facet normal -1 0 0
    outer loop
      vertex 53.5 1 -2.200000190734863
      vertex 53.5 2.1217613220214844 -2.200000190734863
      vertex 53.5 2.1217613220214844 -2.4
    endloop
  endfacet
  facet normal 0 -1 0
    outer loop
      vertex 53.5 2.1217613220214844 -2.4
      vertex 53.55099985885623 2.1217613220214844 -5.799999237060547
      vertex 53.72499942779541 2.1217613220214844 -2.4
    endloop
  endfacet
  facet normal 0 0 -1
    outer loop
      vertex 53.5 2.1217613220214844 -2.4
      vertex 53.72499942779541 2.1217613220214844 -2.4
      vertex 54.94999980926514 0 -2.4
    endloop
  endfacet
  facet normal 0 0 -1
    outer loop
      vertex 53.55099985885623 -2.1217613220214844 -5.799999237060547
      vertex 53.72499942779541 -2.1217613220214844 -5.799999237060547
      vertex 70.38562488555908 -3.049999237060547 -5.799999237060547
    endloop
  endfacet
  facet normal 0 1 0
    outer loop
      vertex 53.55099985885623 -2.1217613220214844 -5.799999237060547
      vertex 53.72499942779541 -2.1217613220214844 -2.4
      vertex 53.72499942779541 -2.1217613220214844 -5.799999237060547
    endloop
  endfacet
  facet normal 0 -1 0
    outer loop
      vertex 53.55099985885623 2.1217613220214844 -5.799999237060547
      vertex 53.72499942779541 2.1217613220214844 -5.799999237060547
      vertex 53.72499942779541 2.1217613220214844 -2.4
    endloop
  endfacet
  facet normal 0 0 -1
    outer loop
      vertex 53.55099985885623 2.1217613220214844 -5.799999237060547
      vertex 71.94864177703857 2.402576446533203 -5.799999237060547
      vertex 53.72499942779541 2.1217613220214844 -5.799999237060547
    endloop
  endfacet
  facet normal -0.866025242766458 0.5000002788912197 0
    outer loop
      vertex 53.72499942779541 -2.1217613220214844 -5.799999237060547
      vertex 53.72499942779541 -2.1217613220214844 -2.4
      vertex 53.83139725132757 -1.9374750229046178 -5.799999237060547
    endloop
  endfacet
  facet normal 0 0 -1
    outer loop
      vertex 53.72499942779541 -2.1217613220214844 -5.799999237060547
      vertex 53.83139725132757 -1.9374750229046178 -5.799999237060547
      vertex 70.38562488555908 -3.049999237060547 -5.799999237060547
    endloop
  endfacet
  facet normal -0.8660252427664655 0.5000002788912067 -9.504078464760688e-16
    outer loop
      vertex 53.72499942779541 -2.1217613220214844 -2.4
      vertex 53.89367023214349 -1.8296151364091697 -5.799999237060547
      vertex 53.83139725132757 -1.9374750229046178 -5.799999237060547
    endloop
  endfacet
  facet normal -0.866025242766461 0.5000002788912147 -1.940455236050248e-17
    outer loop
      vertex 53.72499942779541 -2.1217613220214844 -2.4
      vertex 53.998844147346404 -1.6474487071258022 -5.799999237060547
      vertex 53.89367023214349 -1.8296151364091697 -5.799999237060547
    endloop
  endfacet
  facet normal -0.866025242766473 0.5000002788911939 -3.888712492439627e-15
    outer loop
      vertex 53.72499942779541 -2.1217613220214844 -2.4
      vertex 54.142643323316335 -1.3983814134931944 -5.799999237060547
      vertex 53.998844147346404 -1.6474487071258022 -5.799999237060547
    endloop
  endfacet
  facet normal -0.8660252427664541 0.5000002788912264 5.345492512760657e-15
    outer loop
      vertex 53.72499942779541 -2.1217613220214844 -2.4
      vertex 54.31979363663058 -1.0915482984510803 -5.799999237060547
      vertex 54.142643323316335 -1.3983814134931944 -5.799999237060547
    endloop
  endfacet
  facet normal -0.8660252427664623 0.5000002788912121 -4.531524682806868e-16
    outer loop
      vertex 53.72499942779541 -2.1217613220214844 -2.4
      vertex 54.94999980926514 0 -2.4
      vertex 54.31979363663058 -1.0915482984510803 -5.799999237060547
    endloop
  endfacet
  facet normal -0.8660252427664642 -0.500000278891209 0
    outer loop
      vertex 53.72499942779541 2.1217613220214844 -5.799999237060547
      vertex 53.86847160959492 1.873260398484621 -5.799999237060547
      vertex 53.72499942779541 2.1217613220214844 -2.4
    endloop
  endfacet
  facet normal 0 0 -1
    outer loop
      vertex 53.72499942779541 2.1217613220214844 -5.799999237060547
      vertex 66.17974291404269 1.956770340980488 -5.799999237060547
      vertex 53.86847160959492 1.873260398484621 -5.799999237060547
    endloop
  endfacet
  facet normal 0 0 -1
    outer loop
      vertex 53.72499942779541 2.1217613220214844 -5.799999237060547
      vertex 66.27500057220459 2.1217613220214844 -5.799999237060547
      vertex 66.17974291404269 1.956770340980488 -5.799999237060547
    endloop
  endfacet
  facet normal 0 0 -1
    outer loop
      vertex 53.72499942779541 2.1217613220214844 -5.799999237060547
      vertex 71.94864177703857 2.402576446533203 -5.799999237060547
      vertex 66.27500057220459 2.1217613220214844 -5.799999237060547
    endloop
  endfacet
  facet normal -0.8660252427664665 -0.5000002788912051 -3.741169092381505e-16
    outer loop
      vertex 53.72499942779541 2.1217613220214844 -2.4
      vertex 53.86847160959492 1.873260398484621 -5.799999237060547
      vertex 54.07031106053229 1.5236644744873047 -5.799999237060547
    endloop
  endfacet
  facet normal -0.8660252427664599 -0.5000002788912166 2.2917757668207284e-15
    outer loop
      vertex 53.72499942779541 2.1217613220214844 -2.4
      vertex 54.07031106053229 1.5236644744873047 -5.799999237060547
      vertex 54.294719966090696 1.1349771374599258 -5.799999237060547
    endloop
  endfacet
  facet normal -0.8660252427664623 -0.5000002788912121 5.864326060103004e-16
    outer loop
      vertex 53.72499942779541 2.1217613220214844 -2.4
      vertex 54.294719966090696 1.1349771374599258 -5.799999237060547
      vertex 54.94999980926514 0 -2.4
    endloop
  endfacet
  facet normal 0 0 -1
    outer loop
      vertex 53.83139725132757 -1.9374750229046178 -5.799999237060547
      vertex 53.89367023214349 -1.8296151364091697 -5.799999237060547
      vertex 70.38562488555908 -3.049999237060547 -5.799999237060547
    endloop
  endfacet
  facet normal 0 0 -1
    outer loop
      vertex 53.86847160959492 1.873260398484621 -5.799999237060547
      vertex 65.9296889394677 1.5236644744873047 -5.799999237060547
      vertex 54.07031106053229 1.5236644744873047 -5.799999237060547
    endloop
  endfacet
  facet normal 0 0 -1
    outer loop
      vertex 53.86847160959492 1.873260398484621 -5.799999237060547
      vertex 66.17974291404269 1.956770340980488 -5.799999237060547
      vertex 65.9296889394677 1.5236644744873047 -5.799999237060547
    endloop
  endfacet
  facet normal 0 0 -1
    outer loop
      vertex 53.89367023214349 -1.8296151364091697 -5.799999237060547
      vertex 53.998844147346404 -1.6474487071258022 -5.799999237060547
      vertex 70.94589805603027 -2.938553810119629 -5.799999237060547
    endloop
  endfacet
  facet normal 0 0 -1
    outer loop
      vertex 53.89367023214349 -1.8296151364091697 -5.799999237060547
      vertex 70.94589805603027 -2.938553810119629 -5.799999237060547
      vertex 70.38562488555908 -3.049999237060547 -5.799999237060547
    endloop
  endfacet
  facet normal 0 0 -1
    outer loop
      vertex 53.998844147346404 -1.6474487071258022 -5.799999237060547
      vertex 54.142643323316335 -1.3983814134931944 -5.799999237060547
      vertex 66.25163172764667 -2.0812853260354123 -5.799999237060547
    endloop
  endfacet
  facet normal 0 0 -1
    outer loop
      vertex 53.998844147346404 -1.6474487071258022 -5.799999237060547
      vertex 66.25163172764667 -2.0812853260354123 -5.799999237060547
      vertex 66.27500057220459 -2.1217613220214844 -5.799999237060547
    endloop
  endfacet
  facet normal 0 0 -1
    outer loop
      vertex 53.998844147346404 -1.6474487071258022 -5.799999237060547
      vertex 66.27500057220459 -2.1217613220214844 -5.799999237060547
      vertex 71.47366428375244 -2.7199459075927734 -5.799999237060547
    endloop
  endfacet
  facet normal 0 0 -1
    outer loop
      vertex 53.998844147346404 -1.6474487071258022 -5.799999237060547
      vertex 71.47366428375244 -2.7199459075927734 -5.799999237060547
      vertex 70.94589805603027 -2.938553810119629 -5.799999237060547
    endloop
  endfacet
  facet normal 0 0 -1
    outer loop
      vertex 54.07031106053229 1.5236644744873047 -5.799999237060547
      vertex 65.9296889394677 1.5236644744873047 -5.799999237060547
      vertex 54.294719966090696 1.1349771374599258 -5.799999237060547
    endloop
  endfacet
  facet normal 0 0 -1
    outer loop
      vertex 54.142643323316335 -1.3983814134931944 -5.799999237060547
      vertex 54.31979363663058 -1.0915482984510803 -5.799999237060547
      vertex 66.02000593434087 -1.6800979820534003 -5.799999237060547
    endloop
  endfacet
  facet normal 0 0 -1
    outer loop
      vertex 54.142643323316335 -1.3983814134931944 -5.799999237060547
      vertex 66.02000593434087 -1.6800979820534003 -5.799999237060547
      vertex 66.25163172764667 -2.0812853260354123 -5.799999237060547
    endloop
  endfacet
  facet normal -0.8660252427664598 -0.5000002788912169 -1.5670570705108433e-15
    outer loop
      vertex 54.294719966090696 1.1349771374599258 -5.799999237060547
      vertex 54.53435189274934 0.719922774051662 -5.799999237060547
      vertex 54.94999980926514 0 -2.4
    endloop
  endfacet
  facet normal 0 0 -1
    outer loop
      vertex 54.294719966090696 1.1349771374599258 -5.799999237060547
      vertex 65.65621552535427 1.049994978996283 -5.799999237060547
      vertex 54.53435189274934 0.719922774051662 -5.799999237060547
    endloop
  endfacet
  facet normal 0 0 -1
    outer loop
      vertex 54.294719966090696 1.1349771374599258 -5.799999237060547
      vertex 65.9296889394677 1.5236644744873047 -5.799999237060547
      vertex 65.65621552535427 1.049994978996283 -5.799999237060547
    endloop
  endfacet
  facet normal 0 0 -1
    outer loop
      vertex 54.31979363663058 -1.0915482984510803 -5.799999237060547
      vertex 54.52418221845842 -0.7375371535199791 -5.799999237060547
      vertex 65.75677311512285 -1.2241657040296134 -5.799999237060547
    endloop
  endfacet
  facet normal -0.8660252427664594 0.5000002788912173 -2.6760229492195242e-15
    outer loop
      vertex 54.31979363663058 -1.0915482984510803 -5.799999237060547
      vertex 54.94999980926514 0 -2.4
      vertex 54.52418221845842 -0.7375371535199791 -5.799999237060547
    endloop
  endfacet
  facet normal 0 0 -1
    outer loop
      vertex 54.31979363663058 -1.0915482984510803 -5.799999237060547
      vertex 65.75677311512285 -1.2241657040296134 -5.799999237060547
      vertex 66.02000593434087 -1.6800979820534003 -5.799999237060547
    endloop
  endfacet
  facet normal 0 0 -1
    outer loop
      vertex 54.52418221845842 -0.7375371535199791 -5.799999237060547
      vertex 54.67233311843874 -0.48093245840650833 -5.799999237060547
      vertex 65.47208079996997 -0.7310645163847866 -5.799999237060547
    endloop
  endfacet
  facet normal -0.8660252427664644 0.5000002788912088 -2.0663250221075124e-16
    outer loop
      vertex 54.52418221845842 -0.7375371535199791 -5.799999237060547
      vertex 54.94999980926514 0 -2.4
      vertex 54.67233311843874 -0.48093245840650833 -5.799999237060547
    endloop
  endfacet
  facet normal 0 0 -1
    outer loop
      vertex 54.52418221845842 -0.7375371535199791 -5.799999237060547
      vertex 65.47208079996997 -0.7310645163847866 -5.799999237060547
      vertex 65.75677311512285 -1.2241657040296134 -5.799999237060547
    endloop
  endfacet
  facet normal -0.8660252427664585 -0.5000002788912188 -2.085502832278231e-15
    outer loop
      vertex 54.53435189274934 0.719922774051662 -5.799999237060547
      vertex 54.67233311843874 0.48093245840650833 -5.799999237060547
      vertex 54.94999980926514 0 -2.4
    endloop
  endfacet
  facet normal 0 0 -1
    outer loop
      vertex 54.53435189274934 0.719922774051662 -5.799999237060547
      vertex 65.36933658608521 0.5531064501018634 -5.799999237060547
      vertex 54.67233311843874 0.48093245840650833 -5.799999237060547
    endloop
  endfacet
  facet normal 0 0 -1
    outer loop
      vertex 54.53435189274934 0.719922774051662 -5.799999237060547
      vertex 65.65621552535427 1.049994978996283 -5.799999237060547
      vertex 65.36933658608521 0.5531064501018634 -5.799999237060547
    endloop
  endfacet
  facet normal 0 0 -1
    outer loop
      vertex 54.67233311843874 -0.48093245840650833 -5.799999237060547
      vertex 54.748992059349646 -0.3481553766420634 -5.799999237060547
      vertex 65.47208079996997 -0.7310645163847866 -5.799999237060547
    endloop
  endfacet
  facet normal -0.8660252427664591 0.5000002788912178 -1.9168200846368008e-15
    outer loop
      vertex 54.67233311843874 -0.48093245840650833 -5.799999237060547
      vertex 54.94999980926514 0 -2.4
      vertex 54.748992059349646 -0.3481553766420634 -5.799999237060547
    endloop
  endfacet
  facet normal -0.8660252427664614 -0.5000002788912139 -1.1837497891477299e-15
    outer loop
      vertex 54.67233311843874 0.48093245840650833 -5.799999237060547
      vertex 54.91197711591872 0.0658571877379622 -5.799999237060547
      vertex 54.94999980926514 0 -2.4
    endloop
  endfacet
  facet normal 0 0 -1
    outer loop
      vertex 54.67233311843874 0.48093245840650833 -5.799999237060547
      vertex 65.32766688156127 0.48093245840650833 -5.799999237060547
      vertex 54.91197711591872 0.0658571877379622 -5.799999237060547
    endloop
  endfacet
  facet normal 0 0 -1
    outer loop
      vertex 54.67233311843874 0.48093245840650833 -5.799999237060547
      vertex 65.36933658608521 0.5531064501018634 -5.799999237060547
      vertex 65.32766688156127 0.48093245840650833 -5.799999237060547
    endloop
  endfacet
  facet normal 0 0 -1
    outer loop
      vertex 54.748992059349646 -0.3481553766420634 -5.799999237060547
      vertex 54.94999980926514 0 -5.799999237060547
      vertex 65.1762756282819 -0.21871531091867052 -5.799999237060547
    endloop
  endfacet
  facet normal -0.8660252427664671 0.5000002788912038 0
    outer loop
      vertex 54.748992059349646 -0.3481553766420634 -5.799999237060547
      vertex 54.94999980926514 0 -2.4
      vertex 54.94999980926514 0 -5.799999237060547
    endloop
  endfacet
  facet normal 0 0 -1
    outer loop
      vertex 54.748992059349646 -0.3481553766420634 -5.799999237060547
      vertex 65.1762756282819 -0.21871531091867052 -5.799999237060547
      vertex 65.32766688156127 -0.48093245840650833 -5.799999237060547
    endloop
  endfacet
  facet normal 0 0 -1
    outer loop
      vertex 54.748992059349646 -0.3481553766420634 -5.799999237060547
      vertex 65.32766688156127 -0.48093245840650833 -5.799999237060547
      vertex 65.47208079996997 -0.7310645163847866 -5.799999237060547
    endloop
  endfacet
  facet normal -0.8660252427664876 -0.5000002788911685 0
    outer loop
      vertex 54.91197711591872 0.0658571877379622 -5.799999237060547
      vertex 54.94999980926514 0 -5.799999237060547
      vertex 54.94999980926514 0 -2.4
    endloop
  endfacet
  facet normal 0 0 -1
    outer loop
      vertex 54.91197711591872 0.0658571877379622 -5.799999237060547
      vertex 65.05000019073486 0 -5.799999237060547
      vertex 65.1762756282819 -0.21871531091867052 -5.799999237060547
    endloop
  endfacet
  facet normal 0 0 -1
    outer loop
      vertex 54.91197711591872 0.0658571877379622 -5.799999237060547
      vertex 65.1762756282819 -0.21871531091867052 -5.799999237060547
      vertex 54.94999980926514 0 -5.799999237060547
    endloop
  endfacet
  facet normal 0 0 -1
    outer loop
      vertex 54.91197711591872 0.0658571877379622 -5.799999237060547
      vertex 65.32766688156127 0.48093245840650833 -5.799999237060547
      vertex 65.05000019073486 0 -5.799999237060547
    endloop
  endfacet
  facet normal 0.8660252427664621 0.5000002788912126 0
    outer loop
      vertex 65.05000019073486 0 -5.799999237060547
      vertex 65.05000019073486 0 -2.4
      vertex 65.1762756282819 -0.21871531091867052 -5.799999237060547
    endloop
  endfacet
  facet normal 0.8660252427664539 -0.5000002788912269 0
    outer loop
      vertex 65.05000019073486 0 -5.799999237060547
      vertex 65.32766688156127 0.48093245840650833 -5.799999237060547
      vertex 65.05000019073486 0 -2.4
    endloop
  endfacet
  facet normal 0.8660252427664469 0.5000002788912389 -2.251268821355917e-15
    outer loop
      vertex 65.05000019073486 0 -2.4
      vertex 65.32766688156127 -0.48093245840650833 -5.799999237060547
      vertex 65.1762756282819 -0.21871531091867052 -5.799999237060547
    endloop
  endfacet
  facet normal 0.8660252427665673 -0.5000002788910302 3.702653264473107e-14
    outer loop
      vertex 65.05000019073486 0 -2.4
      vertex 65.32766688156127 0.48093245840650833 -5.799999237060547
      vertex 65.36933658608521 0.5531064501018634 -5.799999237060547
    endloop
  endfacet
  facet normal 0.8660252427664467 -0.5000002788912392 -8.223767763047799e-15
    outer loop
      vertex 65.05000019073486 0 -2.4
      vertex 65.36933658608521 0.5531064501018634 -5.799999237060547
      vertex 65.65621552535427 1.049994978996283 -5.799999237060547
    endloop
  endfacet
  facet normal 0.8660252427664964 0.5000002788911532 1.3905855631713556e-14
    outer loop
      vertex 65.05000019073486 0 -2.4
      vertex 65.47208079996997 -0.7310645163847866 -5.799999237060547
      vertex 65.32766688156127 -0.48093245840650833 -5.799999237060547
    endloop
  endfacet
  facet normal 0.8660252427664623 -0.5000002788912121 2.9055070025055795e-15
    outer loop
      vertex 65.05000019073486 0 -2.4
      vertex 65.65621552535427 1.049994978996283 -5.799999237060547
      vertex 66.27500057220459 2.1217613220214844 -2.4
    endloop
  endfacet
  facet normal 0.8660252427664459 0.5000002788912409 -1.1240405634692253e-14
    outer loop
      vertex 65.05000019073486 0 -2.4
      vertex 65.75677311512285 -1.2241657040296134 -5.799999237060547
      vertex 65.47208079996997 -0.7310645163847866 -5.799999237060547
    endloop
  endfacet
  facet normal 0.8660252427664623 0.5000002788912121 2.5856346719545063e-15
    outer loop
      vertex 65.05000019073486 0 -2.4
      vertex 66.27500057220459 -2.1217613220214844 -2.4
      vertex 65.75677311512285 -1.2241657040296134 -5.799999237060547
    endloop
  endfacet
  facet normal 0 0 -1
    outer loop
      vertex 65.05000019073486 0 -2.4
      vertex 66.27500057220459 2.1217613220214844 -2.4
      vertex 66.5 2.1217613220214844 -2.4
    endloop
  endfacet
  facet normal 0 0 -1
    outer loop
      vertex 65.05000019073486 0 -2.4
      vertex 66.5 -2.1217613220214844 -2.4
      vertex 66.27500057220459 -2.1217613220214844 -2.4
    endloop
  endfacet
  facet normal 0 0 -1
    outer loop
      vertex 65.05000019073486 0 -2.4
      vertex 66.5 2.1217613220214844 -2.4
      vertex 66.5 -2.1217613220214844 -2.4
    endloop
  endfacet
  facet normal 0.8660252427664789 -0.5000002788911835 -9.04480435280935e-15
    outer loop
      vertex 65.65621552535427 1.049994978996283 -5.799999237060547
      vertex 65.9296889394677 1.5236644744873047 -5.799999237060547
      vertex 66.27500057220459 2.1217613220214844 -2.4
    endloop
  endfacet
  facet normal 0.8660252427664763 0.5000002788911881 -5.845786911885569e-15
    outer loop
      vertex 65.75677311512285 -1.2241657040296134 -5.799999237060547
      vertex 66.27500057220459 -2.1217613220214844 -2.4
      vertex 66.02000593434087 -1.6800979820534003 -5.799999237060547
    endloop
  endfacet
  facet normal 0.8660252427664443 -0.5000002788912435 4.994929121864465e-15
    outer loop
      vertex 65.9296889394677 1.5236644744873047 -5.799999237060547
      vertex 66.17974291404269 1.956770340980488 -5.799999237060547
      vertex 66.27500057220459 2.1217613220214844 -2.4
    endloop
  endfacet
  facet normal 0.8660252427664674 0.5000002788912035 -3.189578686250506e-15
    outer loop
      vertex 66.02000593434087 -1.6800979820534003 -5.799999237060547
      vertex 66.27500057220459 -2.1217613220214844 -2.4
      vertex 66.25163172764667 -2.0812853260354123 -5.799999237060547
    endloop
  endfacet
  facet normal 0.8660252427664888 -0.5000002788911663 0
    outer loop
      vertex 66.17974291404269 1.956770340980488 -5.799999237060547
      vertex 66.27500057220459 2.1217613220214844 -5.799999237060547
      vertex 66.27500057220459 2.1217613220214844 -2.4
    endloop
  endfacet
  facet normal 0.8660252427663513 0.5000002788914045 0
    outer loop
      vertex 66.25163172764667 -2.0812853260354123 -5.799999237060547
      vertex 66.27500057220459 -2.1217613220214844 -2.4
      vertex 66.27500057220459 -2.1217613220214844 -5.799999237060547
    endloop
  endfacet
  facet normal 0 1 0
    outer loop
      vertex 66.27500057220459 -2.1217613220214844 -5.799999237060547
      vertex 66.27500057220459 -2.1217613220214844 -2.4
      vertex 66.44900014114376 -2.1217613220214844 -5.799999237060547
    endloop
  endfacet
  facet normal 0 0 -1
    outer loop
      vertex 66.27500057220459 -2.1217613220214844 -5.799999237060547
      vertex 66.44900014114376 -2.1217613220214844 -5.799999237060547
      vertex 71.47366428375244 -2.7199459075927734 -5.799999237060547
    endloop
  endfacet
  facet normal 0 1 0
    outer loop
      vertex 66.27500057220459 -2.1217613220214844 -2.4
      vertex 66.5 -2.1217613220214844 -2.4
      vertex 66.44900014114376 -2.1217613220214844 -5.799999237060547
    endloop
  endfacet
  facet normal 0 -1 0
    outer loop
      vertex 66.27500057220459 2.1217613220214844 -5.799999237060547
      vertex 66.44900014114376 2.1217613220214844 -5.799999237060547
      vertex 66.27500057220459 2.1217613220214844 -2.4
    endloop
  endfacet
  facet normal 0 0 -1
    outer loop
      vertex 66.27500057220459 2.1217613220214844 -5.799999237060547
      vertex 71.94864177703857 2.402576446533203 -5.799999237060547
      vertex 66.44900014114376 2.1217613220214844 -5.799999237060547
    endloop
  endfacet
  facet normal 0 -1 0
    outer loop
      vertex 66.27500057220459 2.1217613220214844 -2.4
      vertex 66.44900014114376 2.1217613220214844 -5.799999237060547
      vertex 66.5 2.1217613220214844 -2.4
    endloop
  endfacet
  facet normal 0 1 0
    outer loop
      vertex 66.44900014114376 -2.1217613220214844 -5.799999237060547
      vertex 66.5 -2.1217613220214844 -2.4
      vertex 66.96933645454524 -2.1217613220214844 -5.799999237060547
    endloop
  endfacet
  facet normal 0 0 -1
    outer loop
      vertex 66.44900014114376 -2.1217613220214844 -5.799999237060547
      vertex 66.96933645454524 -2.1217613220214844 -5.799999237060547
      vertex 71.47366428375244 -2.7199459075927734 -5.799999237060547
    endloop
  endfacet
  facet normal 0 -1 0
    outer loop
      vertex 66.44900014114376 2.1217613220214844 -5.799999237060547
      vertex 67.00433309046431 2.1217613220214844 -5.799999237060547
      vertex 66.5 2.1217613220214844 -2.4
    endloop
  endfacet
  facet normal 0 0 -1
    outer loop
      vertex 66.44900014114376 2.1217613220214844 -5.799999237060547
      vertex 71.94864177703857 2.402576446533203 -5.799999237060547
      vertex 67.00433309046431 2.1217613220214844 -5.799999237060547
    endloop
  endfacet
  facet normal 0 1 0
    outer loop
      vertex 66.5 -2.1217613220214844 -2.4
      vertex 66.5 -2.1217613220214844 -2.200000190734863
      vertex 68.5 -2.1217613220214844 -2.200000190734863
    endloop
  endfacet
  facet normal 1 0 0
    outer loop
      vertex 66.5 -2.1217613220214844 -2.4
      vertex 66.5 -1 -2.200000190734863
      vertex 66.5 -2.1217613220214844 -2.200000190734863
    endloop
  endfacet
  facet normal 1 0 0
    outer loop
      vertex 66.5 -2.1217613220214844 -2.4
      vertex 66.5 1 -2.200000190734863
      vertex 66.5 -1 -2.200000190734863
    endloop
  endfacet
  facet normal 1 0 0
    outer loop
      vertex 66.5 -2.1217613220214844 -2.4
      vertex 66.5 2.1217613220214844 -2.4
      vertex 66.5 1 -2.200000190734863
    endloop
  endfacet
  facet normal 0 1 0
    outer loop
      vertex 66.5 -2.1217613220214844 -2.4
      vertex 67.99566690953569 -2.1217613220214844 -5.799999237060547
      vertex 66.96933645454524 -2.1217613220214844 -5.799999237060547
    endloop
  endfacet
  facet normal 0 1 0
    outer loop
      vertex 66.5 -2.1217613220214844 -2.4
      vertex 68.5 -2.1217613220214844 -2.4
      vertex 67.99566690953569 -2.1217613220214844 -5.799999237060547
    endloop
  endfacet
  facet normal 0 1 0
    outer loop
      vertex 66.5 -2.1217613220214844 -2.4
      vertex 68.5 -2.1217613220214844 -2.200000190734863
      vertex 68.5 -2.1217613220214844 -2.4
    endloop
  endfacet
  facet normal 0 0 -1
    outer loop
      vertex 66.5 -2.1217613220214844 -2.200000190734863
      vertex 66.5 -1 -2.200000190734863
      vertex 68.5 -1 -2.200000190734863
    endloop
  endfacet
  facet normal 0 0 -1
    outer loop
      vertex 66.5 -2.1217613220214844 -2.200000190734863
      vertex 68.5 -1 -2.200000190734863
      vertex 68.5 -2.1217613220214844 -2.200000190734863
    endloop
  endfacet
  facet normal 0 1 0
    outer loop
      vertex 66.5 -1 -2.200000190734863
      vertex 66.5 -1 -2.0000003814697265
      vertex 67.08578681945801 -1 -2.0000003814697265
    endloop
  endfacet
  facet normal 1 0 0
    outer loop
      vertex 66.5 -1 -2.200000190734863
      vertex 66.5 -0.4142131805419922 -2.0000003814697265
      vertex 66.5 -1 -2.0000003814697265
    endloop
  endfacet
  facet normal 1 0 0
    outer loop
      vertex 66.5 -1 -2.200000190734863
      vertex 66.5 0.4142131805419922 -2.0000003814697265
      vertex 66.5 -0.4142131805419922 -2.0000003814697265
    endloop
  endfacet
  facet normal 1 0 0
    outer loop
      vertex 66.5 -1 -2.200000190734863
      vertex 66.5 1 -2.200000190734863
      vertex 66.5 0.4142131805419922 -2.0000003814697265
    endloop
  endfacet
  facet normal 0 1 0
    outer loop
      vertex 66.5 -1 -2.200000190734863
      vertex 67.08578681945801 -1 -2.0000003814697265
      vertex 67.91421318054199 -1 -2.0000003814697265
    endloop
  endfacet
  facet normal 0 1 0
    outer loop
      vertex 66.5 -1 -2.200000190734863
      vertex 67.91421318054199 -1 -2.0000003814697265
      vertex 68.5 -1 -2.200000190734863
    endloop
  endfacet
  facet normal 0 0 -1
    outer loop
      vertex 66.5 -1 -2.0000003814697265
      vertex 66.5 -0.4142131805419922 -2.0000003814697265
      vertex 67.08578681945801 -1 -2.0000003814697265
    endloop
  endfacet
  facet normal 0.7071067811865475 0.7071067811865475 0
    outer loop
      vertex 66.5 -0.4142131805419922 -2.0000003814697265
      vertex 66.5 -0.4142131805419922 -1.8000005722045898
      vertex 66.7232494354248 -0.6374626159667969 -1.8000005722045898
    endloop
  endfacet
  facet normal 1 0 0
    outer loop
      vertex 66.5 -0.4142131805419922 -2.0000003814697265
      vertex 66.5 -0.09849071502685547 -1.8000005722045898
      vertex 66.5 -0.4142131805419922 -1.8000005722045898
    endloop
  endfacet
  facet normal 1 0 0
    outer loop
      vertex 66.5 -0.4142131805419922 -2.0000003814697265
      vertex 66.5 0.09849071502685547 -1.8000005722045898
      vertex 66.5 -0.09849071502685547 -1.8000005722045898
    endloop
  endfacet
  facet normal 1 0 0
    outer loop
      vertex 66.5 -0.4142131805419922 -2.0000003814697265
      vertex 66.5 0.4142131805419922 -2.0000003814697265
      vertex 66.5 0.09849071502685547 -1.8000005722045898
    endloop
  endfacet
  facet normal 0.7071067811865475 0.7071067811865475 0
    outer loop
      vertex 66.5 -0.4142131805419922 -2.0000003814697265
      vertex 66.7232494354248 -0.6374626159667969 -1.8000005722045898
      vertex 66.8625373840332 -0.7767505645751953 -1.8000005722045898
    endloop
  endfacet
  facet normal 0.7071067811865476 0.7071067811865476 0
    outer loop
      vertex 66.5 -0.4142131805419922 -2.0000003814697265
      vertex 66.8625373840332 -0.7767505645751953 -1.8000005722045898
      vertex 67.08578681945801 -1 -2.0000003814697265
    endloop
  endfacet
  facet normal 0 0 -1
    outer loop
      vertex 66.5 -0.4142131805419922 -1.8000005722045898
      vertex 66.5 -0.09849071502685547 -1.8000005722045898
      vertex 66.53843021392822 -0.2916889190673828 -1.8000005722045898
    endloop
  endfacet
  facet normal 0 0 -1
    outer loop
      vertex 66.5 -0.4142131805419922 -1.8000005722045898
      vertex 66.53843021392822 -0.2916889190673828 -1.8000005722045898
      vertex 66.61381244659424 -0.4736766815185547 -1.8000005722045898
    endloop
  endfacet
  facet normal 0 0 -1
    outer loop
      vertex 66.5 -0.4142131805419922 -1.8000005722045898
      vertex 66.61381244659424 -0.4736766815185547 -1.8000005722045898
      vertex 66.7232494354248 -0.6374626159667969 -1.8000005722045898
    endloop
  endfacet
  facet normal 0.9807845987074632 0.1950937491008885 0
    outer loop
      vertex 66.5 -0.09849071502685547 -1.8000005722045898
      vertex 66.5 -0.09849071502685547 -0.9999990463256836
      vertex 66.53629519805594 -0.2809556654640586 -0.9999990463256836
    endloop
  endfacet
  facet normal 1 0 0
    outer loop
      vertex 66.5 -0.09849071502685547 -1.8000005722045898
      vertex 66.5 -0.0875472818080433 -0.9999990463256836
      vertex 66.5 -0.09849071502685547 -0.9999990463256836
    endloop
  endfacet
  facet normal 1 0 0
    outer loop
      vertex 66.5 -0.09849071502685547 -1.8000005722045898
      vertex 66.5 0.09849071502685547 -1.8000005722045898
      vertex 66.5 -0.0875472818080433 -0.9999990463256836
    endloop
  endfacet
  facet normal 0.9807845987074544 0.1950937491009329 1.0523686095952007e-14
    outer loop
      vertex 66.5 -0.09849071502685547 -1.8000005722045898
      vertex 66.53629519805594 -0.2809556654640586 -0.9999990463256836
      vertex 66.53843021392822 -0.2916889190673828 -1.8000005722045898
    endloop
  endfacet
  facet normal 1 0 0
    outer loop
      vertex 66.5 -0.0875472818080433 -0.9999990463256836
      vertex 66.5 0.09849071502685547 -1.8000005722045898
      vertex 66.5 0.09849071502685547 -0.9999990463256836
    endloop
  endfacet
  facet normal 1 0 0
    outer loop
      vertex 66.5 0.09849071502685547 -1.8000005722045898
      vertex 66.5 0.4142131805419922 -2.0000003814697265
      vertex 66.5 0.4142131805419922 -1.8000005722045898
    endloop
  endfacet
  facet normal 0 0 -1
    outer loop
      vertex 66.5 0.09849071502685547 -1.8000005722045898
      vertex 66.5 0.4142131805419922 -1.8000005722045898
      vertex 66.53843021392822 0.2916889190673828 -1.8000005722045898
    endloop
  endfacet
  facet normal 0.9807845987073043 -0.195093749101687 0
    outer loop
      vertex 66.5 0.09849071502685547 -1.8000005722045898
      vertex 66.50213501587228 0.10922396863017972 -0.9999990463256836
      vertex 66.5 0.09849071502685547 -0.9999990463256836
    endloop
  endfacet
  facet normal 0.9807845987074544 -0.1950937491009329 -1.0518182076027347e-14
    outer loop
      vertex 66.5 0.09849071502685547 -1.8000005722045898
      vertex 66.53843021392822 0.2916889190673828 -1.8000005722045898
      vertex 66.50213501587228 0.10922396863017972 -0.9999990463256836
    endloop
  endfacet
  facet normal 1 0 0
    outer loop
      vertex 66.5 0.4142131805419922 -2.0000003814697265
      vertex 66.5 1 -2.200000190734863
      vertex 66.5 1 -2.0000003814697265
    endloop
  endfacet
  facet normal 0 0 -1
    outer loop
      vertex 66.5 0.4142131805419922 -2.0000003814697265
      vertex 66.5 1 -2.0000003814697265
      vertex 67.08578681945801 1 -2.0000003814697265
    endloop
  endfacet
  facet normal 0.7071067811865475 -0.7071067811865475 0
    outer loop
      vertex 66.5 0.4142131805419922 -2.0000003814697265
      vertex 66.7232494354248 0.6374626159667969 -1.8000005722045898
      vertex 66.5 0.4142131805419922 -1.8000005722045898
    endloop
  endfacet
  facet normal 0.7071067811865476 -0.7071067811865476 0
    outer loop
      vertex 66.5 0.4142131805419922 -2.0000003814697265
      vertex 67.08578681945801 1 -2.0000003814697265
      vertex 66.7232494354248 0.6374626159667969 -1.8000005722045898
    endloop
  endfacet
  facet normal 0 0 -1
    outer loop
      vertex 66.5 0.4142131805419922 -1.8000005722045898
      vertex 66.61381244659424 0.4736766815185547 -1.8000005722045898
      vertex 66.53843021392822 0.2916889190673828 -1.8000005722045898
    endloop
  endfacet
  facet normal 0 0 -1
    outer loop
      vertex 66.5 0.4142131805419922 -1.8000005722045898
      vertex 66.7232494354248 0.6374626159667969 -1.8000005722045898
      vertex 66.61381244659424 0.4736766815185547 -1.8000005722045898
    endloop
  endfacet
  facet normal 1 0 0
    outer loop
      vertex 66.5 1 -2.200000190734863
      vertex 66.5 2.1217613220214844 -2.4
      vertex 66.5 2.1217613220214844 -2.200000190734863
    endloop
  endfacet
  facet normal 0 0 -1
    outer loop
      vertex 66.5 1 -2.200000190734863
      vertex 66.5 2.1217613220214844 -2.200000190734863
      vertex 68.5 2.1217613220214844 -2.200000190734863
    endloop
  endfacet
  facet normal 0 -1 0
    outer loop
      vertex 66.5 1 -2.200000190734863
      vertex 67.08578681945801 1 -2.0000003814697265
      vertex 66.5 1 -2.0000003814697265
    endloop
  endfacet
  facet normal 0 -1 0
    outer loop
      vertex 66.5 1 -2.200000190734863
      vertex 68.5 1 -2.200000190734863
      vertex 67.08578681945801 1 -2.0000003814697265
    endloop
  endfacet
  facet normal 0 0 -1
    outer loop
      vertex 66.5 1 -2.200000190734863
      vertex 68.5 2.1217613220214844 -2.200000190734863
      vertex 68.5 1 -2.200000190734863
    endloop
  endfacet
  facet normal 0 -1 0
    outer loop
      vertex 66.5 2.1217613220214844 -2.4
      vertex 67.00433309046431 2.1217613220214844 -5.799999237060547
      vertex 68.5 2.1217613220214844 -2.4
    endloop
  endfacet
  facet normal 0 -1 0
    outer loop
      vertex 66.5 2.1217613220214844 -2.4
      vertex 68.5 2.1217613220214844 -2.4
      vertex 66.5 2.1217613220214844 -2.200000190734863
    endloop
  endfacet
  facet normal 0 -1 0
    outer loop
      vertex 66.5 2.1217613220214844 -2.200000190734863
      vertex 68.5 2.1217613220214844 -2.4
      vertex 68.5 2.1217613220214844 -2.200000190734863
    endloop
  endfacet
  facet normal 0.9807845987074632 -0.1950937491008885 0
    outer loop
      vertex 66.50213501587228 0.10922396863017972 -0.9999990463256836
      vertex 66.53843021392822 0.2916889190673828 -1.8000005722045898
      vertex 66.53843021392822 0.2916889190673828 -0.9999990463256836
    endloop
  endfacet
  facet normal 0.9807845987073042 0.19509374910168747 0
    outer loop
      vertex 66.53629519805594 -0.2809556654640586 -0.9999990463256836
      vertex 66.53843021392822 -0.2916889190673828 -0.9999990463256836
      vertex 66.53843021392822 -0.2916889190673828 -1.8000005722045898
    endloop
  endfacet
  facet normal 0.9238787548503287 0.3826853097993263 0
    outer loop
      vertex 66.53843021392822 -0.2916889190673828 -1.8000005722045898
      vertex 66.53843021392822 -0.2916889190673828 -0.9999990463256836
      vertex 66.60962453695808 -0.4635662313889033 -0.9999990463256836
    endloop
  endfacet
  facet normal 0.9238787548503221 0.3826853097993421 3.984931001220869e-15
    outer loop
      vertex 66.53843021392822 -0.2916889190673828 -1.8000005722045898
      vertex 66.60962453695808 -0.4635662313889033 -0.9999990463256836
      vertex 66.61381244659424 -0.4736766815185547 -1.8000005722045898
    endloop
  endfacet
  facet normal 0.9238787548502105 -0.38268530979961124 0
    outer loop
      vertex 66.53843021392822 0.2916889190673828 -1.8000005722045898
      vertex 66.54261812356438 0.3017993691970342 -0.9999990463256836
      vertex 66.53843021392822 0.2916889190673828 -0.9999990463256836
    endloop
  endfacet
  facet normal 0.9238787548503221 -0.3826853097993421 -3.985619007263898e-15
    outer loop
      vertex 66.53843021392822 0.2916889190673828 -1.8000005722045898
      vertex 66.61381244659424 0.4736766815185547 -1.8000005722045898
      vertex 66.54261812356438 0.3017993691970342 -0.9999990463256836
    endloop
  endfacet
  facet normal 0.9238787548503287 -0.3826853097993263 0
    outer loop
      vertex 66.54261812356438 0.3017993691970342 -0.9999990463256836
      vertex 66.61381244659424 0.4736766815185547 -1.8000005722045898
      vertex 66.61381244659424 0.4736766815185547 -0.9999990463256836
    endloop
  endfacet
  facet normal 0.9238787548502105 0.38268530979961124 0
    outer loop
      vertex 66.60962453695808 -0.4635662313889033 -0.9999990463256836
      vertex 66.61381244659424 -0.4736766815185547 -0.9999990463256836
      vertex 66.61381244659424 -0.4736766815185547 -1.8000005722045898
    endloop
  endfacet
  facet normal 0.8314725993515413 0.5555657625588453 0
    outer loop
      vertex 66.61381244659424 -0.4736766815185547 -1.8000005722045898
      vertex 66.61381244659424 -0.4736766815185547 -0.9999990463256836
      vertex 66.71716959135722 -0.6283633803925279 -0.9999990463256836
    endloop
  endfacet
  facet normal 0.8314725993515247 0.5555657625588704 6.979109903404842e-15
    outer loop
      vertex 66.61381244659424 -0.4736766815185547 -1.8000005722045898
      vertex 66.71716959135722 -0.6283633803925279 -0.9999990463256836
      vertex 66.7232494354248 -0.6374626159667969 -1.8000005722045898
    endloop
  endfacet
  facet normal 0.8314725993512376 -0.5555657625592997 0
    outer loop
      vertex 66.61381244659424 0.4736766815185547 -1.8000005722045898
      vertex 66.61989229066182 0.4827759170928235 -0.9999990463256836
      vertex 66.61381244659424 0.4736766815185547 -0.9999990463256836
    endloop
  endfacet
  facet normal 0.8314725993515247 -0.5555657625588704 -7.064422366735107e-15
    outer loop
      vertex 66.61381244659424 0.4736766815185547 -1.8000005722045898
      vertex 66.7232494354248 0.6374626159667969 -1.8000005722045898
      vertex 66.61989229066182 0.4827759170928235 -0.9999990463256836
    endloop
  endfacet
  facet normal 0.8314725993515415 -0.555565762558845 0
    outer loop
      vertex 66.61989229066182 0.4827759170928235 -0.9999990463256836
      vertex 66.7232494354248 0.6374626159667969 -1.8000005722045898
      vertex 66.7232494354248 0.6374626159667969 -0.9999990463256836
    endloop
  endfacet
  facet normal 0.8314725993512407 0.555565762559295 0
    outer loop
      vertex 66.71716959135722 -0.6283633803925279 -0.9999990463256836
      vertex 66.7232494354248 -0.6374626159667969 -0.9999990463256836
      vertex 66.7232494354248 -0.6374626159667969 -1.8000005722045898
    endloop
  endfacet
  facet normal 0.7071067811865094 0.7071067811865857 0
    outer loop
      vertex 66.7232494354248 -0.6374626159667969 -1.8000005722045898
      vertex 66.7232494354248 -0.6374626159667969 -0.9999990463256836
      vertex 66.85479915021409 -0.7690123307560697 -0.9999990463256836
    endloop
  endfacet
  facet normal 0.7071067811865476 0.7071067811865476 -1.2549191646012912e-14
    outer loop
      vertex 66.7232494354248 -0.6374626159667969 -1.8000005722045898
      vertex 66.85479915021409 -0.7690123307560697 -0.9999990463256836
      vertex 66.8625373840332 -0.7767505645751953 -1.8000005722045898
    endloop
  endfacet
  facet normal 0.7071067811871967 -0.7071067811858982 0
    outer loop
      vertex 66.7232494354248 0.6374626159667969 -1.8000005722045898
      vertex 66.73098766924392 0.6452008497859225 -0.9999990463256836
      vertex 66.7232494354248 0.6374626159667969 -0.9999990463256836
    endloop
  endfacet
  facet normal 0.7071067811865476 -0.7071067811865476 1.2560199708860291e-14
    outer loop
      vertex 66.7232494354248 0.6374626159667969 -1.8000005722045898
      vertex 66.8625373840332 0.7767505645751953 -1.8000005722045898
      vertex 66.73098766924392 0.6452008497859225 -0.9999990463256836
    endloop
  endfacet
  facet normal 0.7071067811865475 -0.7071067811865475 0
    outer loop
      vertex 66.7232494354248 0.6374626159667969 -1.8000005722045898
      vertex 67.08578681945801 1 -2.0000003814697265
      vertex 66.8625373840332 0.7767505645751953 -1.8000005722045898
    endloop
  endfacet
  facet normal 0.7071067811865094 -0.7071067811865857 0
    outer loop
      vertex 66.73098766924392 0.6452008497859225 -0.9999990463256836
      vertex 66.8625373840332 0.7767505645751953 -1.8000005722045898
      vertex 66.8625373840332 0.7767505645751953 -0.9999990463256836
    endloop
  endfacet
  facet normal 0.7071067811871967 0.7071067811858982 0
    outer loop
      vertex 66.85479915021409 -0.7690123307560697 -0.9999990463256836
      vertex 66.8625373840332 -0.7767505645751953 -0.9999990463256836
      vertex 66.8625373840332 -0.7767505645751953 -1.8000005722045898
    endloop
  endfacet
  facet normal 0.5555657625588689 0.8314725993515255 0
    outer loop
      vertex 66.8625373840332 -0.7767505645751953 -1.8000005722045898
      vertex 66.8625373840332 -0.7767505645751953 -0.9999990463256836
      vertex 67.01722408290718 -0.880107709338183 -0.9999990463256836
    endloop
  endfacet
  facet normal 0.5555657625588704 0.8314725993515247 -3.742740326747076e-16
    outer loop
      vertex 66.8625373840332 -0.7767505645751953 -1.8000005722045898
      vertex 67.01722408290718 -0.880107709338183 -0.9999990463256836
      vertex 67.02632331848145 -0.8861875534057617 -1.8000005722045898
    endloop
  endfacet
  facet normal 0 0 -1
    outer loop
      vertex 66.8625373840332 -0.7767505645751953 -1.8000005722045898
      vertex 67.02632331848145 -0.8861875534057617 -1.8000005722045898
      vertex 67.08578681945801 -1 -1.8000005722045898
    endloop
  endfacet
  facet normal 0.7071067811865475 0.7071067811865475 0
    outer loop
      vertex 66.8625373840332 -0.7767505645751953 -1.8000005722045898
      vertex 67.08578681945801 -1 -1.8000005722045898
      vertex 67.08578681945801 -1 -2.0000003814697265
    endloop
  endfacet
  facet normal 0.555565762558893 -0.8314725993515095 0
    outer loop
      vertex 66.8625373840332 0.7767505645751953 -1.8000005722045898
      vertex 66.87163661960747 0.782830408642774 -0.9999990463256836
      vertex 66.8625373840332 0.7767505645751953 -0.9999990463256836
    endloop
  endfacet
  facet normal 0.5555657625588704 -0.8314725993515247 3.715220177285701e-16
    outer loop
      vertex 66.8625373840332 0.7767505645751953 -1.8000005722045898
      vertex 67.02632331848145 0.8861875534057617 -1.8000005722045898
      vertex 66.87163661960747 0.782830408642774 -0.9999990463256836
    endloop
  endfacet
  facet normal 0.7071067811865475 -0.7071067811865475 0
    outer loop
      vertex 66.8625373840332 0.7767505645751953 -1.8000005722045898
      vertex 67.08578681945801 1 -2.0000003814697265
      vertex 67.08578681945801 1 -1.8000005722045898
    endloop
  endfacet
  facet normal 0 0 -1
    outer loop
      vertex 66.8625373840332 0.7767505645751953 -1.8000005722045898
      vertex 67.08578681945801 1 -1.8000005722045898
      vertex 67.02632331848145 0.8861875534057617 -1.8000005722045898
    endloop
  endfacet
  facet normal 0.5555657625588689 -0.8314725993515255 0
    outer loop
      vertex 66.87163661960747 0.782830408642774 -0.9999990463256836
      vertex 67.02632331848145 0.8861875534057617 -1.8000005722045898
      vertex 67.02632331848145 0.8861875534057617 -0.9999990463256836
    endloop
  endfacet
  facet normal 0 0 -1
    outer loop
      vertex 66.96933645454524 -2.1217613220214844 -5.799999237060547
      vertex 67.99566690953569 -2.1217613220214844 -5.799999237060547
      vertex 71.94864177703857 -2.402576446533203 -5.799999237060547
    endloop
  endfacet
  facet normal 0 0 -1
    outer loop
      vertex 66.96933645454524 -2.1217613220214844 -5.799999237060547
      vertex 71.94864177703857 -2.402576446533203 -5.799999237060547
      vertex 71.47366428375244 -2.7199459075927734 -5.799999237060547
    endloop
  endfacet
  facet normal 0 -1 0
    outer loop
      vertex 67.00433309046431 2.1217613220214844 -5.799999237060547
      vertex 68.55099985885624 2.1217613220214844 -5.799999237060547
      vertex 68.5 2.1217613220214844 -2.4
    endloop
  endfacet
  facet normal 0 0 -1
    outer loop
      vertex 67.00433309046431 2.1217613220214844 -5.799999237060547
      vertex 71.94864177703857 2.402576446533203 -5.799999237060547
      vertex 68.55099985885624 2.1217613220214844 -5.799999237060547
    endloop
  endfacet
  facet normal 0.555565762558893 0.8314725993515095 0
    outer loop
      vertex 67.01722408290718 -0.880107709338183 -0.9999990463256836
      vertex 67.02632331848145 -0.8861875534057617 -0.9999990463256836
      vertex 67.02632331848145 -0.8861875534057617 -1.8000005722045898
    endloop
  endfacet
  facet normal 0.38268530979932985 0.9238787548503271 0
    outer loop
      vertex 67.02632331848145 -0.8861875534057617 -1.8000005722045898
      vertex 67.02632331848145 -0.8861875534057617 -0.9999990463256836
      vertex 67.19820063080297 -0.9573818764356226 -0.9999990463256836
    endloop
  endfacet
  facet normal 0.3826853097993421 0.9238787548503221 -3.0712589760790678e-15
    outer loop
      vertex 67.02632331848145 -0.8861875534057617 -1.8000005722045898
      vertex 67.19820063080297 -0.9573818764356226 -0.9999990463256836
      vertex 67.20831108093262 -0.9615697860717773 -1.8000005722045898
    endloop
  endfacet
  facet normal 0 0 -1
    outer loop
      vertex 67.02632331848145 -0.8861875534057617 -1.8000005722045898
      vertex 67.20831108093262 -0.9615697860717773 -1.8000005722045898
      vertex 67.08578681945801 -1 -1.8000005722045898
    endloop
  endfacet
  facet normal 0 0 1
    outer loop
      vertex 67.02632331848145 -0.8861875534057617 -0.9999990463256836
      vertex 70.38562488555908 -2.8999996185302734 -0.9999990463256836
      vertex 67.19820063080297 -0.9573818764356226 -0.9999990463256836
    endloop
  endfacet
  facet normal 0.3826853097995494 -0.9238787548502363 0
    outer loop
      vertex 67.02632331848145 0.8861875534057617 -1.8000005722045898
      vertex 67.03643376861109 0.8903754630419165 -0.9999990463256836
      vertex 67.02632331848145 0.8861875534057617 -0.9999990463256836
    endloop
  endfacet
  facet normal 0 0 -1
    outer loop
      vertex 67.02632331848145 0.8861875534057617 -1.8000005722045898
      vertex 67.08578681945801 1 -1.8000005722045898
      vertex 67.20831108093262 0.9615697860717773 -1.8000005722045898
    endloop
  endfacet
  facet normal 0.3826853097993421 -0.9238787548503221 3.0691949579499824e-15
    outer loop
      vertex 67.02632331848145 0.8861875534057617 -1.8000005722045898
      vertex 67.20831108093262 0.9615697860717773 -1.8000005722045898
      vertex 67.03643376861109 0.8903754630419165 -0.9999990463256836
    endloop
  endfacet
  facet normal 0.38268530979932985 -0.9238787548503271 0
    outer loop
      vertex 67.03643376861109 0.8903754630419165 -0.9999990463256836
      vertex 67.20831108093262 0.9615697860717773 -1.8000005722045898
      vertex 67.20831108093262 0.9615697860717773 -0.9999990463256836
    endloop
  endfacet
  facet normal 0 1 0
    outer loop
      vertex 67.08578681945801 -1 -2.0000003814697265
      vertex 67.08578681945801 -1 -1.8000005722045898
      vertex 67.40150928497314 -1 -1.8000005722045898
    endloop
  endfacet
  facet normal 0 1 0
    outer loop
      vertex 67.08578681945801 -1 -2.0000003814697265
      vertex 67.40150928497314 -1 -1.8000005722045898
      vertex 67.59849071502686 -1 -1.8000005722045898
    endloop
  endfacet
  facet normal 0 1 0
    outer loop
      vertex 67.08578681945801 -1 -2.0000003814697265
      vertex 67.59849071502686 -1 -1.8000005722045898
      vertex 67.91421318054199 -1 -2.0000003814697265
    endloop
  endfacet
  facet normal 0 0 -1
    outer loop
      vertex 67.08578681945801 -1 -1.8000005722045898
      vertex 67.20831108093262 -0.9615697860717773 -1.8000005722045898
      vertex 67.40150928497314 -1 -1.8000005722045898
    endloop
  endfacet
  facet normal 0 -1 0
    outer loop
      vertex 67.08578681945801 1 -2.0000003814697265
      vertex 67.40150928497314 1 -1.8000005722045898
      vertex 67.08578681945801 1 -1.8000005722045898
    endloop
  endfacet
  facet normal 0 -1 0
    outer loop
      vertex 67.08578681945801 1 -2.0000003814697265
      vertex 67.91421318054199 1 -2.0000003814697265
      vertex 67.40150928497314 1 -1.8000005722045898
    endloop
  endfacet
  facet normal 0 -1 0
    outer loop
      vertex 67.08578681945801 1 -2.0000003814697265
      vertex 68.5 1 -2.200000190734863
      vertex 67.91421318054199 1 -2.0000003814697265
    endloop
  endfacet
  facet normal 0 0 -1
    outer loop
      vertex 67.08578681945801 1 -1.8000005722045898
      vertex 67.40150928497314 1 -1.8000005722045898
      vertex 67.20831108093262 0.9615697860717773 -1.8000005722045898
    endloop
  endfacet
  facet normal 0.3826853097995494 0.9238787548502363 0
    outer loop
      vertex 67.19820063080297 -0.9573818764356226 -0.9999990463256836
      vertex 67.20831108093262 -0.9615697860717773 -0.9999990463256836
      vertex 67.20831108093262 -0.9615697860717773 -1.8000005722045898
    endloop
  endfacet
  facet normal 0 0 1
    outer loop
      vertex 67.19820063080297 -0.9573818764356226 -0.9999990463256836
      vertex 70.38562488555908 -2.8999996185302734 -0.9999990463256836
      vertex 67.20831108093262 -0.9615697860717773 -0.9999990463256836
    endloop
  endfacet
  facet normal 0.19509374910092875 0.9807845987074552 0
    outer loop
      vertex 67.20831108093262 -0.9615697860717773 -1.8000005722045898
      vertex 67.20831108093262 -0.9615697860717773 -0.9999990463256836
      vertex 67.39077603136982 -0.9978649841277247 -0.9999990463256836
    endloop
  endfacet
  facet normal 0.1950937491009329 0.9807845987074544 -9.962276063636576e-16
    outer loop
      vertex 67.20831108093262 -0.9615697860717773 -1.8000005722045898
      vertex 67.39077603136982 -0.9978649841277247 -0.9999990463256836
      vertex 67.40150928497314 -1 -1.8000005722045898
    endloop
  endfacet
  facet normal 0 0 1
    outer loop
      vertex 67.20831108093262 -0.9615697860717773 -0.9999990463256836
      vertex 70.38562488555908 -2.8999996185302734 -0.9999990463256836
      vertex 67.39077603136982 -0.9978649841277247 -0.9999990463256836
    endloop
  endfacet
  facet normal 0.19509374910100394 -0.9807845987074402 0
    outer loop
      vertex 67.20831108093262 0.9615697860717773 -1.8000005722045898
      vertex 67.21904433453594 0.9637048019440526 -0.9999990463256836
      vertex 67.20831108093262 0.9615697860717773 -0.9999990463256836
    endloop
  endfacet
  facet normal 0.1950937491009329 -0.9807845987074544 9.910675876842878e-16
    outer loop
      vertex 67.20831108093262 0.9615697860717773 -1.8000005722045898
      vertex 67.40150928497314 1 -1.8000005722045898
      vertex 67.21904433453594 0.9637048019440526 -0.9999990463256836
    endloop
  endfacet
  facet normal 0 0 1
    outer loop
      vertex 67.20831108093262 0.9615697860717773 -0.9999990463256836
      vertex 67.21904433453594 0.9637048019440526 -0.9999990463256836
      vertex 70.94589805603027 2.7885541915893555 -0.9999990463256836
    endloop
  endfacet
  facet normal 0.19509374910092875 -0.9807845987074552 0
    outer loop
      vertex 67.21904433453594 0.9637048019440526 -0.9999990463256836
      vertex 67.40150928497314 1 -1.8000005722045898
      vertex 67.40150928497314 1 -0.9999990463256836
    endloop
  endfacet
  facet normal 0 0 1
    outer loop
      vertex 67.21904433453594 0.9637048019440526 -0.9999990463256836
      vertex 67.40150928497314 1 -0.9999990463256836
      vertex 70.94589805603027 2.7885541915893555 -0.9999990463256836
    endloop
  endfacet
  facet normal 0.19509374910100394 0.9807845987074402 0
    outer loop
      vertex 67.39077603136982 -0.9978649841277247 -0.9999990463256836
      vertex 67.40150928497314 -1 -0.9999990463256836
      vertex 67.40150928497314 -1 -1.8000005722045898
    endloop
  endfacet
  facet normal 0 0 1
    outer loop
      vertex 67.39077603136982 -0.9978649841277247 -0.9999990463256836
      vertex 70.38562488555908 -2.8999996185302734 -0.9999990463256836
      vertex 67.40150928497314 -1 -0.9999990463256836
    endloop
  endfacet
  facet normal 0 1 0
    outer loop
      vertex 67.40150928497314 -1 -1.8000005722045898
      vertex 67.40150928497314 -1 -0.9999990463256836
      vertex 67.41245271819196 -1 -0.9999990463256836
    endloop
  endfacet
  facet normal 0 1 0
    outer loop
      vertex 67.40150928497314 -1 -1.8000005722045898
      vertex 67.41245271819196 -1 -0.9999990463256836
      vertex 67.59849071502686 -1 -1.8000005722045898
    endloop
  endfacet
  facet normal 0 0 1
    outer loop
      vertex 67.40150928497314 -1 -0.9999990463256836
      vertex 70.38562488555908 -2.8999996185302734 -0.9999990463256836
      vertex 67.41245271819196 -1 -0.9999990463256836
    endloop
  endfacet
  facet normal 0 -1 0
    outer loop
      vertex 67.40150928497314 1 -1.8000005722045898
      vertex 67.58754728180804 1 -0.9999990463256836
      vertex 67.40150928497314 1 -0.9999990463256836
    endloop
  endfacet
  facet normal 0 -1 0
    outer loop
      vertex 67.40150928497314 1 -1.8000005722045898
      vertex 67.59849071502686 1 -1.8000005722045898
      vertex 67.58754728180804 1 -0.9999990463256836
    endloop
  endfacet
  facet normal 0 -1 0
    outer loop
      vertex 67.40150928497314 1 -1.8000005722045898
      vertex 67.91421318054199 1 -2.0000003814697265
      vertex 67.59849071502686 1 -1.8000005722045898
    endloop
  endfacet
  facet normal 0 0 1
    outer loop
      vertex 67.40150928497314 1 -0.9999990463256836
      vertex 67.58754728180804 1 -0.9999990463256836
      vertex 70.94589805603027 2.7885541915893555 -0.9999990463256836
    endloop
  endfacet
  facet normal 0 1 0
    outer loop
      vertex 67.41245271819196 -1 -0.9999990463256836
      vertex 67.59849071502686 -1 -0.9999990463256836
      vertex 67.59849071502686 -1 -1.8000005722045898
    endloop
  endfacet
  facet normal 0 0 1
    outer loop
      vertex 67.41245271819196 -1 -0.9999990463256836
      vertex 70.38562488555908 -2.8999996185302734 -0.9999990463256836
      vertex 67.59849071502686 -1 -0.9999990463256836
    endloop
  endfacet
  facet normal 0 -1 0
    outer loop
      vertex 67.58754728180804 1 -0.9999990463256836
      vertex 67.59849071502686 1 -1.8000005722045898
      vertex 67.59849071502686 1 -0.9999990463256836
    endloop
  endfacet
  facet normal 0 0 1
    outer loop
      vertex 67.58754728180804 1 -0.9999990463256836
      vertex 67.59849071502686 1 -0.9999990463256836
      vertex 70.94589805603027 2.7885541915893555 -0.9999990463256836
    endloop
  endfacet
  facet normal -0.19509374910100394 0.9807845987074402 0
    outer loop
      vertex 67.59849071502686 -1 -1.8000005722045898
      vertex 67.59849071502686 -1 -0.9999990463256836
      vertex 67.60922396863018 -0.9978649841277247 -0.9999990463256836
    endloop
  endfacet
  facet normal -0.1950937491009329 0.9807845987074544 -9.910675876842878e-16
    outer loop
      vertex 67.59849071502686 -1 -1.8000005722045898
      vertex 67.60922396863018 -0.9978649841277247 -0.9999990463256836
      vertex 67.79168891906738 -0.9615697860717773 -1.8000005722045898
    endloop
  endfacet
  facet normal 0 0 -1
    outer loop
      vertex 67.59849071502686 -1 -1.8000005722045898
      vertex 67.79168891906738 -0.9615697860717773 -1.8000005722045898
      vertex 67.91421318054199 -1 -1.8000005722045898
    endloop
  endfacet
  facet normal 0 1 0
    outer loop
      vertex 67.59849071502686 -1 -1.8000005722045898
      vertex 67.91421318054199 -1 -1.8000005722045898
      vertex 67.91421318054199 -1 -2.0000003814697265
    endloop
  endfacet
  facet normal 0 0 1
    outer loop
      vertex 67.59849071502686 -1 -0.9999990463256836
      vertex 70.38562488555908 -2.8999996185302734 -0.9999990463256836
      vertex 67.60922396863018 -0.9978649841277247 -0.9999990463256836
    endloop
  endfacet
  facet normal -0.19509374910092875 -0.9807845987074552 0
    outer loop
      vertex 67.59849071502686 1 -1.8000005722045898
      vertex 67.78095566546406 0.9637048019440526 -0.9999990463256836
      vertex 67.59849071502686 1 -0.9999990463256836
    endloop
  endfacet
  facet normal -0.1950937491009329 -0.9807845987074544 9.962276063636576e-16
    outer loop
      vertex 67.59849071502686 1 -1.8000005722045898
      vertex 67.79168891906738 0.9615697860717773 -1.8000005722045898
      vertex 67.78095566546406 0.9637048019440526 -0.9999990463256836
    endloop
  endfacet
  facet normal 0 -1 0
    outer loop
      vertex 67.59849071502686 1 -1.8000005722045898
      vertex 67.91421318054199 1 -2.0000003814697265
      vertex 67.91421318054199 1 -1.8000005722045898
    endloop
  endfacet
  facet normal 0 0 -1
    outer loop
      vertex 67.59849071502686 1 -1.8000005722045898
      vertex 67.91421318054199 1 -1.8000005722045898
      vertex 67.79168891906738 0.9615697860717773 -1.8000005722045898
    endloop
  endfacet
  facet normal 0 0 1
    outer loop
      vertex 67.59849071502686 1 -0.9999990463256836
      vertex 67.78095566546406 0.9637048019440526 -0.9999990463256836
      vertex 70.94589805603027 2.7885541915893555 -0.9999990463256836
    endloop
  endfacet
  facet normal -0.19509374910092875 0.9807845987074552 0
    outer loop
      vertex 67.60922396863018 -0.9978649841277247 -0.9999990463256836
      vertex 67.79168891906738 -0.9615697860717773 -0.9999990463256836
      vertex 67.79168891906738 -0.9615697860717773 -1.8000005722045898
    endloop
  endfacet
  facet normal 0 0 1
    outer loop
      vertex 67.60922396863018 -0.9978649841277247 -0.9999990463256836
      vertex 70.38562488555908 -2.8999996185302734 -0.9999990463256836
      vertex 67.79168891906738 -0.9615697860717773 -0.9999990463256836
    endloop
  endfacet
  facet normal -0.19509374910100394 -0.9807845987074402 0
    outer loop
      vertex 67.78095566546406 0.9637048019440526 -0.9999990463256836
      vertex 67.79168891906738 0.9615697860717773 -1.8000005722045898
      vertex 67.79168891906738 0.9615697860717773 -0.9999990463256836
    endloop
  endfacet
  facet normal 0 0 1
    outer loop
      vertex 67.78095566546406 0.9637048019440526 -0.9999990463256836
      vertex 67.79168891906738 0.9615697860717773 -0.9999990463256836
      vertex 70.94589805603027 2.7885541915893555 -0.9999990463256836
    endloop
  endfacet
  facet normal -0.3826853097995494 0.9238787548502363 0
    outer loop
      vertex 67.79168891906738 -0.9615697860717773 -1.8000005722045898
      vertex 67.79168891906738 -0.9615697860717773 -0.9999990463256836
      vertex 67.80179936919703 -0.9573818764356226 -0.9999990463256836
    endloop
  endfacet
  facet normal -0.3826853097993421 0.9238787548503221 -3.0691949579499824e-15
    outer loop
      vertex 67.79168891906738 -0.9615697860717773 -1.8000005722045898
      vertex 67.80179936919703 -0.9573818764356226 -0.9999990463256836
      vertex 67.97367668151855 -0.8861875534057617 -1.8000005722045898
    endloop
  endfacet
  facet normal 0 0 -1
    outer loop
      vertex 67.79168891906738 -0.9615697860717773 -1.8000005722045898
      vertex 67.97367668151855 -0.8861875534057617 -1.8000005722045898
      vertex 67.91421318054199 -1 -1.8000005722045898
    endloop
  endfacet
  facet normal 0 0 1
    outer loop
      vertex 67.79168891906738 -0.9615697860717773 -0.9999990463256836
      vertex 70.38562488555908 -2.8999996185302734 -0.9999990463256836
      vertex 67.80179936919703 -0.9573818764356226 -0.9999990463256836
    endloop
  endfacet
  facet normal 0 0 -1
    outer loop
      vertex 67.79168891906738 0.9615697860717773 -1.8000005722045898
      vertex 67.91421318054199 1 -1.8000005722045898
      vertex 67.97367668151855 0.8861875534057617 -1.8000005722045898
    endloop
  endfacet
  facet normal -0.38268530979932985 -0.9238787548503271 0
    outer loop
      vertex 67.79168891906738 0.9615697860717773 -1.8000005722045898
      vertex 67.96356623138891 0.8903754630419165 -0.9999990463256836
      vertex 67.79168891906738 0.9615697860717773 -0.9999990463256836
    endloop
  endfacet
  facet normal -0.3826853097993421 -0.9238787548503221 3.0712589760790678e-15
    outer loop
      vertex 67.79168891906738 0.9615697860717773 -1.8000005722045898
      vertex 67.97367668151855 0.8861875534057617 -1.8000005722045898
      vertex 67.96356623138891 0.8903754630419165 -0.9999990463256836
    endloop
  endfacet
  facet normal 0 0 1
    outer loop
      vertex 67.79168891906738 0.9615697860717773 -0.9999990463256836
      vertex 67.96356623138891 0.8903754630419165 -0.9999990463256836
      vertex 70.94589805603027 2.7885541915893555 -0.9999990463256836
    endloop
  endfacet
  facet normal -0.38268530979932985 0.9238787548503271 0
    outer loop
      vertex 67.80179936919703 -0.9573818764356226 -0.9999990463256836
      vertex 67.97367668151855 -0.8861875534057617 -0.9999990463256836
      vertex 67.97367668151855 -0.8861875534057617 -1.8000005722045898
    endloop
  endfacet
  facet normal 0 0 1
    outer loop
      vertex 67.80179936919703 -0.9573818764356226 -0.9999990463256836
      vertex 70.38562488555908 -2.8999996185302734 -0.9999990463256836
      vertex 67.97367668151855 -0.8861875534057617 -0.9999990463256836
    endloop
  endfacet
  facet normal -0.7071067811865475 0.7071067811865475 0
    outer loop
      vertex 67.91421318054199 -1 -2.0000003814697265
      vertex 67.91421318054199 -1 -1.8000005722045898
      vertex 68.1374626159668 -0.7767505645751953 -1.8000005722045898
    endloop
  endfacet
  facet normal -0.7071067811865475 0.7071067811865475 0
    outer loop
      vertex 67.91421318054199 -1 -2.0000003814697265
      vertex 68.1374626159668 -0.7767505645751953 -1.8000005722045898
      vertex 68.2767505645752 -0.6374626159667969 -1.8000005722045898
    endloop
  endfacet
  facet normal -0.7071067811865476 0.7071067811865476 0
    outer loop
      vertex 67.91421318054199 -1 -2.0000003814697265
      vertex 68.2767505645752 -0.6374626159667969 -1.8000005722045898
      vertex 68.5 -0.4142131805419922 -2.0000003814697265
    endloop
  endfacet
  facet normal 0 1 0
    outer loop
      vertex 67.91421318054199 -1 -2.0000003814697265
      vertex 68.5 -1 -2.0000003814697265
      vertex 68.5 -1 -2.200000190734863
    endloop
  endfacet
  facet normal 0 0 -1
    outer loop
      vertex 67.91421318054199 -1 -2.0000003814697265
      vertex 68.5 -0.4142131805419922 -2.0000003814697265
      vertex 68.5 -1 -2.0000003814697265
    endloop
  endfacet
  facet normal 0 0 -1
    outer loop
      vertex 67.91421318054199 -1 -1.8000005722045898
      vertex 67.97367668151855 -0.8861875534057617 -1.8000005722045898
      vertex 68.1374626159668 -0.7767505645751953 -1.8000005722045898
    endloop
  endfacet
  facet normal -0.7071067811865475 -0.7071067811865475 0
    outer loop
      vertex 67.91421318054199 1 -2.0000003814697265
      vertex 68.1374626159668 0.7767505645751953 -1.8000005722045898
      vertex 67.91421318054199 1 -1.8000005722045898
    endloop
  endfacet
  facet normal -0.7071067811865476 -0.7071067811865476 0
    outer loop
      vertex 67.91421318054199 1 -2.0000003814697265
      vertex 68.5 0.4142131805419922 -2.0000003814697265
      vertex 68.1374626159668 0.7767505645751953 -1.8000005722045898
    endloop
  endfacet
  facet normal 0 -1 0
    outer loop
      vertex 67.91421318054199 1 -2.0000003814697265
      vertex 68.5 1 -2.200000190734863
      vertex 68.5 1 -2.0000003814697265
    endloop
  endfacet
  facet normal 0 0 -1
    outer loop
      vertex 67.91421318054199 1 -2.0000003814697265
      vertex 68.5 1 -2.0000003814697265
      vertex 68.5 0.4142131805419922 -2.0000003814697265
    endloop
  endfacet
  facet normal 0 0 -1
    outer loop
      vertex 67.91421318054199 1 -1.8000005722045898
      vertex 68.1374626159668 0.7767505645751953 -1.8000005722045898
      vertex 67.97367668151855 0.8861875534057617 -1.8000005722045898
    endloop
  endfacet
  facet normal -0.3826853097995494 -0.9238787548502363 0
    outer loop
      vertex 67.96356623138891 0.8903754630419165 -0.9999990463256836
      vertex 67.97367668151855 0.8861875534057617 -1.8000005722045898
      vertex 67.97367668151855 0.8861875534057617 -0.9999990463256836
    endloop
  endfacet
  facet normal 0 0 1
    outer loop
      vertex 67.96356623138891 0.8903754630419165 -0.9999990463256836
      vertex 67.97367668151855 0.8861875534057617 -0.9999990463256836
      vertex 70.94589805603027 2.7885541915893555 -0.9999990463256836
    endloop
  endfacet
  facet normal -0.555565762558893 0.8314725993515095 0
    outer loop
      vertex 67.97367668151855 -0.8861875534057617 -1.8000005722045898
      vertex 67.97367668151855 -0.8861875534057617 -0.9999990463256836
      vertex 67.98277591709282 -0.880107709338183 -0.9999990463256836
    endloop
  endfacet
  facet normal -0.5555657625588704 0.8314725993515247 -3.715220177285701e-16
    outer loop
      vertex 67.97367668151855 -0.8861875534057617 -1.8000005722045898
      vertex 67.98277591709282 -0.880107709338183 -0.9999990463256836
      vertex 68.1374626159668 -0.7767505645751953 -1.8000005722045898
    endloop
  endfacet
  facet normal 0 0 1
    outer loop
      vertex 67.97367668151855 -0.8861875534057617 -0.9999990463256836
      vertex 70.38562488555908 -2.8999996185302734 -0.9999990463256836
      vertex 67.98277591709282 -0.880107709338183 -0.9999990463256836
    endloop
  endfacet
  facet normal -0.5555657625588689 -0.8314725993515255 0
    outer loop
      vertex 67.97367668151855 0.8861875534057617 -1.8000005722045898
      vertex 68.12836338039253 0.782830408642774 -0.9999990463256836
      vertex 67.97367668151855 0.8861875534057617 -0.9999990463256836
    endloop
  endfacet
  facet normal -0.5555657625588704 -0.8314725993515247 3.742740326747076e-16
    outer loop
      vertex 67.97367668151855 0.8861875534057617 -1.8000005722045898
      vertex 68.1374626159668 0.7767505645751953 -1.8000005722045898
      vertex 68.12836338039253 0.782830408642774 -0.9999990463256836
    endloop
  endfacet
  facet normal 0 0 1
    outer loop
      vertex 67.97367668151855 0.8861875534057617 -0.9999990463256836
      vertex 68.12836338039253 0.782830408642774 -0.9999990463256836
      vertex 70.94589805603027 2.7885541915893555 -0.9999990463256836
    endloop
  endfacet
  facet normal -0.5555657625588689 0.8314725993515255 0
    outer loop
      vertex 67.98277591709282 -0.880107709338183 -0.9999990463256836
      vertex 68.1374626159668 -0.7767505645751953 -0.9999990463256836
      vertex 68.1374626159668 -0.7767505645751953 -1.8000005722045898
    endloop
  endfacet
  facet normal 0 0 1
    outer loop
      vertex 67.98277591709282 -0.880107709338183 -0.9999990463256836
      vertex 70.38562488555908 -2.8999996185302734 -0.9999990463256836
      vertex 68.1374626159668 -0.7767505645751953 -0.9999990463256836
    endloop
  endfacet
  facet normal 0 1 0
    outer loop
      vertex 67.99566690953569 -2.1217613220214844 -5.799999237060547
      vertex 68.5 -2.1217613220214844 -2.4
      vertex 68.55099985885624 -2.1217613220214844 -5.799999237060547
    endloop
  endfacet
  facet normal 0 0 -1
    outer loop
      vertex 67.99566690953569 -2.1217613220214844 -5.799999237060547
      vertex 68.55099985885624 -2.1217613220214844 -5.799999237060547
      vertex 71.94864177703857 -2.402576446533203 -5.799999237060547
    endloop
  endfacet
  facet normal -0.555565762558893 -0.8314725993515095 0
    outer loop
      vertex 68.12836338039253 0.782830408642774 -0.9999990463256836
      vertex 68.1374626159668 0.7767505645751953 -1.8000005722045898
      vertex 68.1374626159668 0.7767505645751953 -0.9999990463256836
    endloop
  endfacet
  facet normal 0 0 1
    outer loop
      vertex 68.12836338039253 0.782830408642774 -0.9999990463256836
      vertex 68.1374626159668 0.7767505645751953 -0.9999990463256836
      vertex 70.94589805603027 2.7885541915893555 -0.9999990463256836
    endloop
  endfacet
  facet normal -0.7071067811865094 0.7071067811865857 0
    outer loop
      vertex 68.1374626159668 -0.7767505645751953 -1.8000005722045898
      vertex 68.1374626159668 -0.7767505645751953 -0.9999990463256836
      vertex 68.26901233075608 -0.6452008497859225 -0.9999990463256836
    endloop
  endfacet
  facet normal -0.7071067811865476 0.7071067811865476 1.2549191646012912e-14
    outer loop
      vertex 68.1374626159668 -0.7767505645751953 -1.8000005722045898
      vertex 68.26901233075608 -0.6452008497859225 -0.9999990463256836
      vertex 68.2767505645752 -0.6374626159667969 -1.8000005722045898
    endloop
  endfacet
  facet normal 0 0 1
    outer loop
      vertex 68.1374626159668 -0.7767505645751953 -0.9999990463256836
      vertex 70.38562488555908 -2.8999996185302734 -0.9999990463256836
      vertex 68.26901233075608 -0.6452008497859225 -0.9999990463256836
    endloop
  endfacet
  facet normal -0.7071067811871967 -0.7071067811858982 0
    outer loop
      vertex 68.1374626159668 0.7767505645751953 -1.8000005722045898
      vertex 68.14520084978591 0.7690123307560697 -0.9999990463256836
      vertex 68.1374626159668 0.7767505645751953 -0.9999990463256836
    endloop
  endfacet
  facet normal -0.7071067811865476 -0.7071067811865476 -1.2560199708860291e-14
    outer loop
      vertex 68.1374626159668 0.7767505645751953 -1.8000005722045898
      vertex 68.2767505645752 0.6374626159667969 -1.8000005722045898
      vertex 68.14520084978591 0.7690123307560697 -0.9999990463256836
    endloop
  endfacet
  facet normal -0.7071067811865475 -0.7071067811865475 0
    outer loop
      vertex 68.1374626159668 0.7767505645751953 -1.8000005722045898
      vertex 68.5 0.4142131805419922 -2.0000003814697265
      vertex 68.2767505645752 0.6374626159667969 -1.8000005722045898
    endloop
  endfacet
  facet normal 0 0 1
    outer loop
      vertex 68.1374626159668 0.7767505645751953 -0.9999990463256836
      vertex 68.14520084978591 0.7690123307560697 -0.9999990463256836
      vertex 70.94589805603027 2.7885541915893555 -0.9999990463256836
    endloop
  endfacet
  facet normal -0.7071067811865094 -0.7071067811865857 0
    outer loop
      vertex 68.14520084978591 0.7690123307560697 -0.9999990463256836
      vertex 68.2767505645752 0.6374626159667969 -1.8000005722045898
      vertex 68.2767505645752 0.6374626159667969 -0.9999990463256836
    endloop
  endfacet
  facet normal 0 0 1
    outer loop
      vertex 68.14520084978591 0.7690123307560697 -0.9999990463256836
      vertex 68.2767505645752 0.6374626159667969 -0.9999990463256836
      vertex 70.94589805603027 2.7885541915893555 -0.9999990463256836
    endloop
  endfacet
  facet normal -0.7071067811871967 0.7071067811858982 0
    outer loop
      vertex 68.26901233075608 -0.6452008497859225 -0.9999990463256836
      vertex 68.2767505645752 -0.6374626159667969 -0.9999990463256836
      vertex 68.2767505645752 -0.6374626159667969 -1.8000005722045898
    endloop
  endfacet
  facet normal 0 0 1
    outer loop
      vertex 68.26901233075608 -0.6452008497859225 -0.9999990463256836
      vertex 70.38562488555908 -2.8999996185302734 -0.9999990463256836
      vertex 68.2767505645752 -0.6374626159667969 -0.9999990463256836
    endloop
  endfacet
  facet normal -0.8314725993512407 0.555565762559295 0
    outer loop
      vertex 68.2767505645752 -0.6374626159667969 -1.8000005722045898
      vertex 68.2767505645752 -0.6374626159667969 -0.9999990463256836
      vertex 68.28283040864278 -0.6283633803925279 -0.9999990463256836
    endloop
  endfacet
  facet normal -0.8314725993515247 0.5555657625588704 6.987365948243255e-15
    outer loop
      vertex 68.2767505645752 -0.6374626159667969 -1.8000005722045898
      vertex 68.28283040864278 -0.6283633803925279 -0.9999990463256836
      vertex 68.38618755340576 -0.4736766815185547 -1.8000005722045898
    endloop
  endfacet
  facet normal 0 0 -1
    outer loop
      vertex 68.2767505645752 -0.6374626159667969 -1.8000005722045898
      vertex 68.38618755340576 -0.4736766815185547 -1.8000005722045898
      vertex 68.5 -0.4142131805419922 -1.8000005722045898
    endloop
  endfacet
  facet normal -0.7071067811865475 0.7071067811865475 0
    outer loop
      vertex 68.2767505645752 -0.6374626159667969 -1.8000005722045898
      vertex 68.5 -0.4142131805419922 -1.8000005722045898
      vertex 68.5 -0.4142131805419922 -2.0000003814697265
    endloop
  endfacet
  facet normal 0 0 1
    outer loop
      vertex 68.2767505645752 -0.6374626159667969 -0.9999990463256836
      vertex 70.38562488555908 -2.8999996185302734 -0.9999990463256836
      vertex 68.28283040864278 -0.6283633803925279 -0.9999990463256836
    endloop
  endfacet
  facet normal -0.8314725993515415 -0.555565762558845 0
    outer loop
      vertex 68.2767505645752 0.6374626159667969 -1.8000005722045898
      vertex 68.38010770933818 0.4827759170928235 -0.9999990463256836
      vertex 68.2767505645752 0.6374626159667969 -0.9999990463256836
    endloop
  endfacet
  facet normal -0.8314725993515247 -0.5555657625588704 -7.067174381681244e-15
    outer loop
      vertex 68.2767505645752 0.6374626159667969 -1.8000005722045898
      vertex 68.38618755340576 0.4736766815185547 -1.8000005722045898
      vertex 68.38010770933818 0.4827759170928235 -0.9999990463256836
    endloop
  endfacet
  facet normal -0.7071067811865475 -0.7071067811865475 0
    outer loop
      vertex 68.2767505645752 0.6374626159667969 -1.8000005722045898
      vertex 68.5 0.4142131805419922 -2.0000003814697265
      vertex 68.5 0.4142131805419922 -1.8000005722045898
    endloop
  endfacet
  facet normal 0 0 -1
    outer loop
      vertex 68.2767505645752 0.6374626159667969 -1.8000005722045898
      vertex 68.5 0.4142131805419922 -1.8000005722045898
      vertex 68.38618755340576 0.4736766815185547 -1.8000005722045898
    endloop
  endfacet
  facet normal 0 0 1
    outer loop
      vertex 68.2767505645752 0.6374626159667969 -0.9999990463256836
      vertex 68.38010770933818 0.4827759170928235 -0.9999990463256836
      vertex 70.94589805603027 2.7885541915893555 -0.9999990463256836
    endloop
  endfacet
  facet normal -0.8314725993515413 0.5555657625588453 0
    outer loop
      vertex 68.28283040864278 -0.6283633803925279 -0.9999990463256836
      vertex 68.38618755340576 -0.4736766815185547 -0.9999990463256836
      vertex 68.38618755340576 -0.4736766815185547 -1.8000005722045898
    endloop
  endfacet
  facet normal 0 0 1
    outer loop
      vertex 68.28283040864278 -0.6283633803925279 -0.9999990463256836
      vertex 70.38562488555908 -2.8999996185302734 -0.9999990463256836
      vertex 68.38618755340576 -0.4736766815185547 -0.9999990463256836
    endloop
  endfacet
  facet normal -0.8314725993512376 -0.5555657625592997 0
    outer loop
      vertex 68.38010770933818 0.4827759170928235 -0.9999990463256836
      vertex 68.38618755340576 0.4736766815185547 -1.8000005722045898
      vertex 68.38618755340576 0.4736766815185547 -0.9999990463256836
    endloop
  endfacet
  facet normal 0 0 1
    outer loop
      vertex 68.38010770933818 0.4827759170928235 -0.9999990463256836
      vertex 68.38618755340576 0.4736766815185547 -0.9999990463256836
      vertex 70.94589805603027 2.7885541915893555 -0.9999990463256836
    endloop
  endfacet
  facet normal -0.9238787548502105 0.38268530979961124 0
    outer loop
      vertex 68.38618755340576 -0.4736766815185547 -1.8000005722045898
      vertex 68.38618755340576 -0.4736766815185547 -0.9999990463256836
      vertex 68.39037546304192 -0.4635662313889033 -0.9999990463256836
    endloop
  endfacet
  facet normal -0.9238787548503221 0.3826853097993421 3.985619007263898e-15
    outer loop
      vertex 68.38618755340576 -0.4736766815185547 -1.8000005722045898
      vertex 68.39037546304192 -0.4635662313889033 -0.9999990463256836
      vertex 68.46156978607178 -0.2916889190673828 -1.8000005722045898
    endloop
  endfacet
  facet normal 0 0 -1
    outer loop
      vertex 68.38618755340576 -0.4736766815185547 -1.8000005722045898
      vertex 68.46156978607178 -0.2916889190673828 -1.8000005722045898
      vertex 68.5 -0.4142131805419922 -1.8000005722045898
    endloop
  endfacet
  facet normal 0 0 1
    outer loop
      vertex 68.38618755340576 -0.4736766815185547 -0.9999990463256836
      vertex 70.38562488555908 -2.8999996185302734 -0.9999990463256836
      vertex 68.39037546304192 -0.4635662313889033 -0.9999990463256836
    endloop
  endfacet
  facet normal -0.9238787548503287 -0.3826853097993263 0
    outer loop
      vertex 68.38618755340576 0.4736766815185547 -1.8000005722045898
      vertex 68.45738187643562 0.3017993691970342 -0.9999990463256836
      vertex 68.38618755340576 0.4736766815185547 -0.9999990463256836
    endloop
  endfacet
  facet normal -0.9238787548503221 -0.3826853097993421 -3.984931001220869e-15
    outer loop
      vertex 68.38618755340576 0.4736766815185547 -1.8000005722045898
      vertex 68.46156978607178 0.2916889190673828 -1.8000005722045898
      vertex 68.45738187643562 0.3017993691970342 -0.9999990463256836
    endloop
  endfacet
  facet normal 0 0 -1
    outer loop
      vertex 68.38618755340576 0.4736766815185547 -1.8000005722045898
      vertex 68.5 0.4142131805419922 -1.8000005722045898
      vertex 68.46156978607178 0.2916889190673828 -1.8000005722045898
    endloop
  endfacet
  facet normal 0 0 1
    outer loop
      vertex 68.38618755340576 0.4736766815185547 -0.9999990463256836
      vertex 68.45738187643562 0.3017993691970342 -0.9999990463256836
      vertex 70.94589805603027 2.7885541915893555 -0.9999990463256836
    endloop
  endfacet
  facet normal -0.9238787548503287 0.3826853097993263 0
    outer loop
      vertex 68.39037546304192 -0.4635662313889033 -0.9999990463256836
      vertex 68.46156978607178 -0.2916889190673828 -0.9999990463256836
      vertex 68.46156978607178 -0.2916889190673828 -1.8000005722045898
    endloop
  endfacet
  facet normal 0 0 1
    outer loop
      vertex 68.39037546304192 -0.4635662313889033 -0.9999990463256836
      vertex 70.38562488555908 -2.8999996185302734 -0.9999990463256836
      vertex 68.46156978607178 -0.2916889190673828 -0.9999990463256836
    endloop
  endfacet
  facet normal -0.9238787548502105 -0.38268530979961124 0
    outer loop
      vertex 68.45738187643562 0.3017993691970342 -0.9999990463256836
      vertex 68.46156978607178 0.2916889190673828 -1.8000005722045898
      vertex 68.46156978607178 0.2916889190673828 -0.9999990463256836
    endloop
  endfacet
  facet normal 0 0 1
    outer loop
      vertex 68.45738187643562 0.3017993691970342 -0.9999990463256836
      vertex 68.46156978607178 0.2916889190673828 -0.9999990463256836
      vertex 70.94589805603027 2.7885541915893555 -0.9999990463256836
    endloop
  endfacet
  facet normal -0.9807845987073042 0.19509374910168747 0
    outer loop
      vertex 68.46156978607178 -0.2916889190673828 -1.8000005722045898
      vertex 68.46156978607178 -0.2916889190673828 -0.9999990463256836
      vertex 68.46370480194406 -0.2809556654640586 -0.9999990463256836
    endloop
  endfacet
  facet normal -0.9807845987074544 0.1950937491009329 1.052471809968788e-14
    outer loop
      vertex 68.46156978607178 -0.2916889190673828 -1.8000005722045898
      vertex 68.46370480194406 -0.2809556654640586 -0.9999990463256836
      vertex 68.5 -0.09849071502685547 -1.8000005722045898
    endloop
  endfacet
  facet normal 0 0 -1
    outer loop
      vertex 68.46156978607178 -0.2916889190673828 -1.8000005722045898
      vertex 68.5 -0.09849071502685547 -1.8000005722045898
      vertex 68.5 -0.4142131805419922 -1.8000005722045898
    endloop
  endfacet
  facet normal 0 0 1
    outer loop
      vertex 68.46156978607178 -0.2916889190673828 -0.9999990463256836
      vertex 70.38562488555908 -2.8999996185302734 -0.9999990463256836
      vertex 68.46370480194406 -0.2809556654640586 -0.9999990463256836
    endloop
  endfacet
  facet normal -0.9807845987074632 -0.1950937491008885 0
    outer loop
      vertex 68.46156978607178 0.2916889190673828 -1.8000005722045898
      vertex 68.49786498412772 0.10922396863017972 -0.9999990463256836
      vertex 68.46156978607178 0.2916889190673828 -0.9999990463256836
    endloop
  endfacet
  facet normal -0.9807845987074544 -0.1950937491009329 -1.0518182076027347e-14
    outer loop
      vertex 68.46156978607178 0.2916889190673828 -1.8000005722045898
      vertex 68.5 0.09849071502685547 -1.8000005722045898
      vertex 68.49786498412772 0.10922396863017972 -0.9999990463256836
    endloop
  endfacet
  facet normal 0 0 -1
    outer loop
      vertex 68.46156978607178 0.2916889190673828 -1.8000005722045898
      vertex 68.5 0.4142131805419922 -1.8000005722045898
      vertex 68.5 0.09849071502685547 -1.8000005722045898
    endloop
  endfacet
  facet normal 0 0 1
    outer loop
      vertex 68.46156978607178 0.2916889190673828 -0.9999990463256836
      vertex 68.49786498412772 0.10922396863017972 -0.9999990463256836
      vertex 70.94589805603027 2.7885541915893555 -0.9999990463256836
    endloop
  endfacet
  facet normal -0.9807845987074632 0.1950937491008885 0
    outer loop
      vertex 68.46370480194406 -0.2809556654640586 -0.9999990463256836
      vertex 68.5 -0.09849071502685547 -0.9999990463256836
      vertex 68.5 -0.09849071502685547 -1.8000005722045898
    endloop
  endfacet
  facet normal 0 0 1
    outer loop
      vertex 68.46370480194406 -0.2809556654640586 -0.9999990463256836
      vertex 70.38562488555908 -2.8999996185302734 -0.9999990463256836
      vertex 68.5 -0.09849071502685547 -0.9999990463256836
    endloop
  endfacet
  facet normal -0.9807845987073043 -0.195093749101687 0
    outer loop
      vertex 68.49786498412772 0.10922396863017972 -0.9999990463256836
      vertex 68.5 0.09849071502685547 -1.8000005722045898
      vertex 68.5 0.09849071502685547 -0.9999990463256836
    endloop
  endfacet
  facet normal 0 0 1
    outer loop
      vertex 68.49786498412772 0.10922396863017972 -0.9999990463256836
      vertex 68.5 0.09849071502685547 -0.9999990463256836
      vertex 70.94589805603027 2.7885541915893555 -0.9999990463256836
    endloop
  endfacet
  facet normal -1 0 0
    outer loop
      vertex 68.5 -2.1217613220214844 -2.4
      vertex 68.5 -2.1217613220214844 -2.200000190734863
      vertex 68.5 -1 -2.200000190734863
    endloop
  endfacet
  facet normal -1 0 0
    outer loop
      vertex 68.5 -2.1217613220214844 -2.4
      vertex 68.5 -1 -2.200000190734863
      vertex 68.5 2.1217613220214844 -2.4
    endloop
  endfacet
  facet normal 0 0 -1
    outer loop
      vertex 68.5 -2.1217613220214844 -2.4
      vertex 68.5 2.1217613220214844 -2.4
      vertex 69.94999980926514 0 -2.4
    endloop
  endfacet
  facet normal 0 1 0
    outer loop
      vertex 68.5 -2.1217613220214844 -2.4
      vertex 68.72499942779541 -2.1217613220214844 -2.4
      vertex 68.55099985885624 -2.1217613220214844 -5.799999237060547
    endloop
  endfacet
  facet normal 0 0 -1
    outer loop
      vertex 68.5 -2.1217613220214844 -2.4
      vertex 69.94999980926514 0 -2.4
      vertex 68.72499942779541 -2.1217613220214844 -2.4
    endloop
  endfacet
  facet normal -1 0 0
    outer loop
      vertex 68.5 -1 -2.200000190734863
      vertex 68.5 -1 -2.0000003814697265
      vertex 68.5 -0.4142131805419922 -2.0000003814697265
    endloop
  endfacet
  facet normal -1 0 0
    outer loop
      vertex 68.5 -1 -2.200000190734863
      vertex 68.5 -0.4142131805419922 -2.0000003814697265
      vertex 68.5 1 -2.200000190734863
    endloop
  endfacet
  facet normal -1 0 0
    outer loop
      vertex 68.5 -1 -2.200000190734863
      vertex 68.5 1 -2.200000190734863
      vertex 68.5 2.1217613220214844 -2.4
    endloop
  endfacet
  facet normal -1 0 0
    outer loop
      vertex 68.5 -0.4142131805419922 -2.0000003814697265
      vertex 68.5 -0.4142131805419922 -1.8000005722045898
      vertex 68.5 -0.09849071502685547 -1.8000005722045898
    endloop
  endfacet
  facet normal -1 0 0
    outer loop
      vertex 68.5 -0.4142131805419922 -2.0000003814697265
      vertex 68.5 -0.09849071502685547 -1.8000005722045898
      vertex 68.5 0.4142131805419922 -2.0000003814697265
    endloop
  endfacet
  facet normal -1 0 0
    outer loop
      vertex 68.5 -0.4142131805419922 -2.0000003814697265
      vertex 68.5 0.4142131805419922 -2.0000003814697265
      vertex 68.5 1 -2.200000190734863
    endloop
  endfacet
  facet normal -1 0 0
    outer loop
      vertex 68.5 -0.09849071502685547 -1.8000005722045898
      vertex 68.5 -0.09849071502685547 -0.9999990463256836
      vertex 68.5 0.0875472818080433 -0.9999990463256836
    endloop
  endfacet
  facet normal -1 0 0
    outer loop
      vertex 68.5 -0.09849071502685547 -1.8000005722045898
      vertex 68.5 0.0875472818080433 -0.9999990463256836
      vertex 68.5 0.09849071502685547 -1.8000005722045898
    endloop
  endfacet
  facet normal -1 0 0
    outer loop
      vertex 68.5 -0.09849071502685547 -1.8000005722045898
      vertex 68.5 0.09849071502685547 -1.8000005722045898
      vertex 68.5 0.4142131805419922 -2.0000003814697265
    endloop
  endfacet
  facet normal 0 0 1
    outer loop
      vertex 68.5 -0.09849071502685547 -0.9999990463256836
      vertex 70.38562488555908 -2.8999996185302734 -0.9999990463256836
      vertex 70.94589805603027 2.7885541915893555 -0.9999990463256836
    endloop
  endfacet
  facet normal 0 0 1
    outer loop
      vertex 68.5 -0.09849071502685547 -0.9999990463256836
      vertex 70.94589805603027 2.7885541915893555 -0.9999990463256836
      vertex 68.5 0.0875472818080433 -0.9999990463256836
    endloop
  endfacet
  facet normal -1 0 0
    outer loop
      vertex 68.5 0.0875472818080433 -0.9999990463256836
      vertex 68.5 0.09849071502685547 -0.9999990463256836
      vertex 68.5 0.09849071502685547 -1.8000005722045898
    endloop
  endfacet
  facet normal 0 0 1
    outer loop
      vertex 68.5 0.0875472818080433 -0.9999990463256836
      vertex 70.94589805603027 2.7885541915893555 -0.9999990463256836
      vertex 68.5 0.09849071502685547 -0.9999990463256836
    endloop
  endfacet
  facet normal -1 0 0
    outer loop
      vertex 68.5 0.09849071502685547 -1.8000005722045898
      vertex 68.5 0.4142131805419922 -1.8000005722045898
      vertex 68.5 0.4142131805419922 -2.0000003814697265
    endloop
  endfacet
  facet normal -1 0 0
    outer loop
      vertex 68.5 0.4142131805419922 -2.0000003814697265
      vertex 68.5 1 -2.0000003814697265
      vertex 68.5 1 -2.200000190734863
    endloop
  endfacet
  facet normal -1 0 0
    outer loop
      vertex 68.5 1 -2.200000190734863
      vertex 68.5 2.1217613220214844 -2.200000190734863
      vertex 68.5 2.1217613220214844 -2.4
    endloop
  endfacet
  facet normal 0 -1 0
    outer loop
      vertex 68.5 2.1217613220214844 -2.4
      vertex 68.55099985885624 2.1217613220214844 -5.799999237060547
      vertex 68.72499942779541 2.1217613220214844 -2.4
    endloop
  endfacet
  facet normal 0 0 -1
    outer loop
      vertex 68.5 2.1217613220214844 -2.4
      vertex 68.72499942779541 2.1217613220214844 -2.4
      vertex 69.94999980926514 0 -2.4
    endloop
  endfacet
  facet normal 0 0 -1
    outer loop
      vertex 68.55099985885624 -2.1217613220214844 -5.799999237060547
      vertex 68.72499942779541 -2.1217613220214844 -5.799999237060547
      vertex 71.94864177703857 -2.402576446533203 -5.799999237060547
    endloop
  endfacet
  facet normal 0 1 0
    outer loop
      vertex 68.55099985885624 -2.1217613220214844 -5.799999237060547
      vertex 68.72499942779541 -2.1217613220214844 -2.4
      vertex 68.72499942779541 -2.1217613220214844 -5.799999237060547
    endloop
  endfacet
  facet normal 0 -1 0
    outer loop
      vertex 68.55099985885624 2.1217613220214844 -5.799999237060547
      vertex 68.72499942779541 2.1217613220214844 -5.799999237060547
      vertex 68.72499942779541 2.1217613220214844 -2.4
    endloop
  endfacet
  facet normal 0 0 -1
    outer loop
      vertex 68.55099985885624 2.1217613220214844 -5.799999237060547
      vertex 71.94864177703857 2.402576446533203 -5.799999237060547
      vertex 68.72499942779541 2.1217613220214844 -5.799999237060547
    endloop
  endfacet
  facet normal -0.8660252427664719 0.5000002788911958 0
    outer loop
      vertex 68.72499942779541 -2.1217613220214844 -5.799999237060547
      vertex 68.72499942779541 -2.1217613220214844 -2.4
      vertex 68.89645571801688 -1.824790536940783 -5.799999237060547
    endloop
  endfacet
  facet normal 0 0 -1
    outer loop
      vertex 68.72499942779541 -2.1217613220214844 -5.799999237060547
      vertex 68.89645571801688 -1.824790536940783 -5.799999237060547
      vertex 71.94864177703857 -2.402576446533203 -5.799999237060547
    endloop
  endfacet
  facet normal -0.8660252427664527 0.5000002788912291 3.883711336114588e-15
    outer loop
      vertex 68.72499942779541 -2.1217613220214844 -2.4
      vertex 69.15814990144318 -1.3715232523006629 -5.799999237060547
      vertex 68.89645571801688 -1.824790536940783 -5.799999237060547
    endloop
  endfacet
  facet normal -0.8660252427664762 0.5000002788911884 -8.054475101817168e-15
    outer loop
      vertex 68.72499942779541 -2.1217613220214844 -2.4
      vertex 69.44599096972641 -0.8729682683095579 -5.799999237060547
      vertex 69.15814990144318 -1.3715232523006629 -5.799999237060547
    endloop
  endfacet
  facet normal -0.8660252427664623 0.5000002788912121 3.49193960851588e-15
    outer loop
      vertex 68.72499942779541 -2.1217613220214844 -2.4
      vertex 69.94999980926514 0 -2.4
      vertex 69.44599096972641 -0.8729682683095579 -5.799999237060547
    endloop
  endfacet
  facet normal -0.8660252427664573 -0.5000002788912209 0
    outer loop
      vertex 68.72499942779541 2.1217613220214844 -5.799999237060547
      vertex 68.80995640397686 1.9746116322545175 -5.799999237060547
      vertex 68.72499942779541 2.1217613220214844 -2.4
    endloop
  endfacet
  facet normal 0 0 -1
    outer loop
      vertex 68.72499942779541 2.1217613220214844 -5.799999237060547
      vertex 71.94864177703857 2.402576446533203 -5.799999237060547
      vertex 68.80995640397686 1.9746116322545175 -5.799999237060547
    endloop
  endfacet
  facet normal -0.8660252427664562 -0.5000002788912224 9.014552254383118e-17
    outer loop
      vertex 68.72499942779541 2.1217613220214844 -2.4
      vertex 68.80995640397686 1.9746116322545175 -5.799999237060547
      vertex 69.0703110605323 1.5236644744873047 -5.799999237060547
    endloop
  endfacet
  facet normal -0.8660252427664634 -0.5000002788912101 -2.8201504639290426e-15
    outer loop
      vertex 68.72499942779541 2.1217613220214844 -2.4
      vertex 69.0703110605323 1.5236644744873047 -5.799999237060547
      vertex 69.35977827451501 1.022292925618935 -5.799999237060547
    endloop
  endfacet
  facet normal -0.8660252427664623 -0.5000002788912121 -1.9725460383982834e-15
    outer loop
      vertex 68.72499942779541 2.1217613220214844 -2.4
      vertex 69.35977827451501 1.022292925618935 -5.799999237060547
      vertex 69.94999980926514 0 -2.4
    endloop
  endfacet
  facet normal 0 0 -1
    outer loop
      vertex 68.80995640397686 1.9746116322545175 -5.799999237060547
      vertex 71.94864177703857 2.402576446533203 -5.799999237060547
      vertex 72.35257625579834 1.9986419677734375 -5.799999237060547
    endloop
  endfacet
  facet normal 0 0 -1
    outer loop
      vertex 68.80995640397686 1.9746116322545175 -5.799999237060547
      vertex 72.35257625579834 1.9986419677734375 -5.799999237060547
      vertex 69.0703110605323 1.5236644744873047 -5.799999237060547
    endloop
  endfacet
  facet normal 0 0 -1
    outer loop
      vertex 68.89645571801688 -1.824790536940783 -5.799999237060547
      vertex 69.15814990144318 -1.3715232523006629 -5.799999237060547
      vertex 72.35257625579834 -1.9986419677734375 -5.799999237060547
    endloop
  endfacet
  facet normal 0 0 -1
    outer loop
      vertex 68.89645571801688 -1.824790536940783 -5.799999237060547
      vertex 72.35257625579834 -1.9986419677734375 -5.799999237060547
      vertex 71.94864177703857 -2.402576446533203 -5.799999237060547
    endloop
  endfacet
  facet normal 0 0 -1
    outer loop
      vertex 69.0703110605323 1.5236644744873047 -5.799999237060547
      vertex 72.35257625579834 1.9986419677734375 -5.799999237060547
      vertex 72.66994571685791 1.5236644744873047 -5.799999237060547
    endloop
  endfacet
  facet normal 0 0 -1
    outer loop
      vertex 69.0703110605323 1.5236644744873047 -5.799999237060547
      vertex 72.66994571685791 1.5236644744873047 -5.799999237060547
      vertex 69.35977827451501 1.022292925618935 -5.799999237060547
    endloop
  endfacet
  facet normal 0 0 -1
    outer loop
      vertex 69.15814990144318 -1.3715232523006629 -5.799999237060547
      vertex 69.44599096972641 -0.8729682683095579 -5.799999237060547
      vertex 72.66994571685791 -1.5236644744873047 -5.799999237060547
    endloop
  endfacet
  facet normal 0 0 -1
    outer loop
      vertex 69.15814990144318 -1.3715232523006629 -5.799999237060547
      vertex 72.66994571685791 -1.5236644744873047 -5.799999237060547
      vertex 72.35257625579834 -1.9986419677734375 -5.799999237060547
    endloop
  endfacet
  facet normal -0.8660252427664757 -0.5000002788911889 7.31555798764904e-15
    outer loop
      vertex 69.35977827451501 1.022292925618935 -5.799999237060547
      vertex 69.66888181039553 0.48691029484411763 -5.799999237060547
      vertex 69.94999980926514 0 -2.4
    endloop
  endfacet
  facet normal 0 0 -1
    outer loop
      vertex 69.35977827451501 1.022292925618935 -5.799999237060547
      vertex 72.66994571685791 1.5236644744873047 -5.799999237060547
      vertex 72.88855457305908 0.9958982467651367 -5.799999237060547
    endloop
  endfacet
  facet normal 0 0 -1
    outer loop
      vertex 69.35977827451501 1.022292925618935 -5.799999237060547
      vertex 72.88855457305908 0.9958982467651367 -5.799999237060547
      vertex 69.66888181039553 0.48691029484411763 -5.799999237060547
    endloop
  endfacet
  facet normal 0 0 -1
    outer loop
      vertex 69.44599096972641 -0.8729682683095579 -5.799999237060547
      vertex 69.67233311843873 -0.48093245840650833 -5.799999237060547
      vertex 72.88855457305908 -0.9958982467651367 -5.799999237060547
    endloop
  endfacet
  facet normal -0.8660252427664599 0.5000002788912166 1.929567647080545e-15
    outer loop
      vertex 69.44599096972641 -0.8729682683095579 -5.799999237060547
      vertex 69.94999980926514 0 -2.4
      vertex 69.67233311843873 -0.48093245840650833 -5.799999237060547
    endloop
  endfacet
  facet normal 0 0 -1
    outer loop
      vertex 69.44599096972641 -0.8729682683095579 -5.799999237060547
      vertex 72.88855457305908 -0.9958982467651367 -5.799999237060547
      vertex 72.66994571685791 -1.5236644744873047 -5.799999237060547
    endloop
  endfacet
  facet normal -0.8660252427664414 -0.5000002788912483 -4.04689636377193e-15
    outer loop
      vertex 69.66888181039553 0.48691029484411763 -5.799999237060547
      vertex 69.67233311843873 0.48093245840650833 -5.799999237060547
      vertex 69.94999980926514 0 -2.4
    endloop
  endfacet
  facet normal 0 0 -1
    outer loop
      vertex 69.66888181039553 0.48691029484411763 -5.799999237060547
      vertex 72.88855457305908 0.9958982467651367 -5.799999237060547
      vertex 73 0.4356241226196289 -5.799999237060547
    endloop
  endfacet
  facet normal 0 0 -1
    outer loop
      vertex 69.66888181039553 0.48691029484411763 -5.799999237060547
      vertex 73 0.4356241226196289 -5.799999237060547
      vertex 69.67233311843873 0.48093245840650833 -5.799999237060547
    endloop
  endfacet
  facet normal 0 0 -1
    outer loop
      vertex 69.67233311843873 -0.48093245840650833 -5.799999237060547
      vertex 69.75050578171121 -0.3455335345531466 -5.799999237060547
      vertex 72.88855457305908 -0.9958982467651367 -5.799999237060547
    endloop
  endfacet
  facet normal -0.8660252427664565 0.5000002788912222 8.745840819431869e-16
    outer loop
      vertex 69.67233311843873 -0.48093245840650833 -5.799999237060547
      vertex 69.94999980926514 0 -2.4
      vertex 69.75050578171121 -0.3455335345531466 -5.799999237060547
    endloop
  endfacet
  facet normal -0.8660252427664539 -0.5000002788912269 0
    outer loop
      vertex 69.67233311843873 0.48093245840650833 -5.799999237060547
      vertex 69.94999980926514 0 -5.799999237060547
      vertex 69.94999980926514 0 -2.4
    endloop
  endfacet
  facet normal 0 0 -1
    outer loop
      vertex 69.67233311843873 0.48093245840650833 -5.799999237060547
      vertex 73 0.4356241226196289 -5.799999237060547
      vertex 69.94999980926514 0 -5.799999237060547
    endloop
  endfacet
  facet normal 0 0 -1
    outer loop
      vertex 69.75050578171121 -0.3455335345531466 -5.799999237060547
      vertex 69.94999980926514 0 -5.799999237060547
      vertex 73 -0.4356241226196289 -5.799999237060547
    endloop
  endfacet
  facet normal -0.8660252427664529 0.5000002788912287 0
    outer loop
      vertex 69.75050578171121 -0.3455335345531466 -5.799999237060547
      vertex 69.94999980926514 0 -2.4
      vertex 69.94999980926514 0 -5.799999237060547
    endloop
  endfacet
  facet normal 0 0 -1
    outer loop
      vertex 69.75050578171121 -0.3455335345531466 -5.799999237060547
      vertex 73 -0.4356241226196289 -5.799999237060547
      vertex 72.88855457305908 -0.9958982467651367 -5.799999237060547
    endloop
  endfacet
  facet normal 0 0 -1
    outer loop
      vertex 69.94999980926514 0 -5.799999237060547
      vertex 73 0.4356241226196289 -5.799999237060547
      vertex 73 -0.4356241226196289 -5.799999237060547
    endloop
  endfacet
  facet normal 0.14507797901086783 -0.7293551785580549 -0.6685756527997936
    outer loop
      vertex 70.38562488555908 -5.25 -3.399998664855957
      vertex 70.38562488555908 -3.049999237060547 -5.799999237060547
      vertex 70.94589805603027 -2.938553810119629 -5.799999237060547
    endloop
  endfacet
  facet normal 0.19509059855515518 -0.9807852253961574 0
    outer loop
      vertex 70.38562488555908 -5.25 -3.399998664855957
      vertex 70.94589805603027 -5.138554573059082 -3.399998664855957
      vertex 70.38562488555908 -5.25 -1.7999992370605469
    endloop
  endfacet
  facet normal 0.14507797901086783 -0.7293551785580549 -0.6685756527997936
    outer loop
      vertex 70.38562488555908 -5.25 -3.399998664855957
      vertex 70.94589805603027 -2.938553810119629 -5.799999237060547
      vertex 70.94589805603027 -5.138554573059082 -3.399998664855957
    endloop
  endfacet
  facet normal 0.19509059855515518 -0.9807852253961574 0
    outer loop
      vertex 70.38562488555908 -5.25 -1.7999992370605469
      vertex 70.94589805603027 -5.138554573059082 -3.399998664855957
      vertex 70.94589805603027 -5.138554573059082 -1.7999992370605469
    endloop
  endfacet
  facet normal 0 0 1
    outer loop
      vertex 70.38562488555908 -5.25 -1.7999992370605469
      vertex 70.94589805603027 -5.138554573059082 -1.7999992370605469
      vertex 70.38562488555908 -2.8999996185302734 -1.7999992370605469
    endloop
  endfacet
  facet normal 0 0 1
    outer loop
      vertex 70.38562488555908 -2.8999996185302734 -1.7999992370605469
      vertex 70.94589805603027 -5.138554573059082 -1.7999992370605469
      vertex 71.47366428375244 -4.91994571685791 -1.7999992370605469
    endloop
  endfacet
  facet normal 0.19509059855515518 -0.9807852253961574 0
    outer loop
      vertex 70.38562488555908 -2.8999996185302734 -1.7999992370605469
      vertex 70.94589805603027 -2.7885541915893555 -1.7999992370605469
      vertex 70.94589805603027 -2.7885541915893555 -0.9999990463256836
    endloop
  endfacet
  facet normal 0.19509059855515518 -0.9807852253961574 0
    outer loop
      vertex 70.38562488555908 -2.8999996185302734 -1.7999992370605469
      vertex 70.94589805603027 -2.7885541915893555 -0.9999990463256836
      vertex 70.38562488555908 -2.8999996185302734 -0.9999990463256836
    endloop
  endfacet
  facet normal 0 0 1
    outer loop
      vertex 70.38562488555908 -2.8999996185302734 -1.7999992370605469
      vertex 71.47366428375244 -4.91994571685791 -1.7999992370605469
      vertex 70.94589805603027 -2.7885541915893555 -1.7999992370605469
    endloop
  endfacet
  facet normal 0 0 1
    outer loop
      vertex 70.38562488555908 -2.8999996185302734 -0.9999990463256836
      vertex 70.94589805603027 -2.7885541915893555 -0.9999990463256836
      vertex 70.94589805603027 2.7885541915893555 -0.9999990463256836
    endloop
  endfacet
  facet normal 0.19509059855515518 0.9807852253961574 0
    outer loop
      vertex 70.38562488555908 2.8999996185302734 -1.7999992370605469
      vertex 70.38562488555908 2.8999996185302734 -0.9999990463256836
      vertex 70.94589805603027 2.7885541915893555 -0.9999990463256836
    endloop
  endfacet
  facet normal 0 0 1
    outer loop
      vertex 70.38562488555908 2.8999996185302734 -1.7999992370605469
      vertex 70.94589805603027 2.7885541915893555 -1.7999992370605469
      vertex 71.47366428375244 4.91994571685791 -1.7999992370605469
    endloop
  endfacet
  facet normal 0.19509059855515518 0.9807852253961574 0
    outer loop
      vertex 70.38562488555908 2.8999996185302734 -1.7999992370605469
      vertex 70.94589805603027 2.7885541915893555 -0.9999990463256836
      vertex 70.94589805603027 2.7885541915893555 -1.7999992370605469
    endloop
  endfacet
  facet normal 0 0 1
    outer loop
      vertex 70.38562488555908 2.8999996185302734 -1.7999992370605469
      vertex 70.94589805603027 5.138554573059082 -1.7999992370605469
      vertex 70.38562488555908 5.25 -1.7999992370605469
    endloop
  endfacet
  facet normal 0 0 1
    outer loop
      vertex 70.38562488555908 2.8999996185302734 -1.7999992370605469
      vertex 71.47366428375244 4.91994571685791 -1.7999992370605469
      vertex 70.94589805603027 5.138554573059082 -1.7999992370605469
    endloop
  endfacet
  facet normal 0.14507797901086783 0.7293551785580549 -0.6685756527997936
    outer loop
      vertex 70.38562488555908 3.049999237060547 -5.799999237060547
      vertex 70.38562488555908 5.25 -3.399998664855957
      vertex 70.94589805603027 5.138554573059082 -3.399998664855957
    endloop
  endfacet
  facet normal 0.14507797901086783 0.7293551785580549 -0.6685756527997936
    outer loop
      vertex 70.38562488555908 3.049999237060547 -5.799999237060547
      vertex 70.94589805603027 5.138554573059082 -3.399998664855957
      vertex 70.94589805603027 2.938553810119629 -5.799999237060547
    endloop
  endfacet
  facet normal 0.19509059855515518 0.9807852253961574 0
    outer loop
      vertex 70.38562488555908 5.25 -3.399998664855957
      vertex 70.38562488555908 5.25 -1.7999992370605469
      vertex 70.94589805603027 5.138554573059082 -1.7999992370605469
    endloop
  endfacet
  facet normal 0.19509059855515518 0.9807852253961574 0
    outer loop
      vertex 70.38562488555908 5.25 -3.399998664855957
      vertex 70.94589805603027 5.138554573059082 -1.7999992370605469
      vertex 70.94589805603027 5.138554573059082 -3.399998664855957
    endloop
  endfacet
  facet normal 0.2920292662274176 -0.7050211014324298 -0.6462694130172645
    outer loop
      vertex 70.94589805603027 -5.138554573059082 -3.399998664855957
      vertex 70.94589805603027 -2.938553810119629 -5.799999237060547
      vertex 71.47366428375244 -2.7199459075927734 -5.799999237060547
    endloop
  endfacet
  facet normal 0.38268481734824833 -0.9238789588312626 0
    outer loop
      vertex 70.94589805603027 -5.138554573059082 -3.399998664855957
      vertex 71.47366428375244 -4.91994571685791 -3.399998664855957
      vertex 71.47366428375244 -4.91994571685791 -1.7999992370605469
    endloop
  endfacet
  facet normal 0.38268481734824833 -0.9238789588312626 0
    outer loop
      vertex 70.94589805603027 -5.138554573059082 -3.399998664855957
      vertex 71.47366428375244 -4.91994571685791 -1.7999992370605469
      vertex 70.94589805603027 -5.138554573059082 -1.7999992370605469
    endloop
  endfacet
  facet normal 0.29203048442778035 -0.705020966783233 -0.6462690094387256
    outer loop
      vertex 70.94589805603027 -5.138554573059082 -3.399998664855957
      vertex 71.47366428375244 -2.7199459075927734 -5.799999237060547
      vertex 71.47366428375244 -4.91994571685791 -3.399998664855957
    endloop
  endfacet
  facet normal 0 0 1
    outer loop
      vertex 70.94589805603027 -2.7885541915893555 -1.7999992370605469
      vertex 71.47366428375244 -4.91994571685791 -1.7999992370605469
      vertex 71.94864177703857 -4.60257625579834 -1.7999992370605469
    endloop
  endfacet
  facet normal 0.38268339238345017 -0.923879549072223 0
    outer loop
      vertex 70.94589805603027 -2.7885541915893555 -1.7999992370605469
      vertex 71.47366428375244 -2.5699462890625 -1.7999992370605469
      vertex 71.47366428375244 -2.5699462890625 -0.9999990463256836
    endloop
  endfacet
  facet normal 0.38268339238345017 -0.923879549072223 0
    outer loop
      vertex 70.94589805603027 -2.7885541915893555 -1.7999992370605469
      vertex 71.47366428375244 -2.5699462890625 -0.9999990463256836
      vertex 70.94589805603027 -2.7885541915893555 -0.9999990463256836
    endloop
  endfacet
  facet normal 0 0 1
    outer loop
      vertex 70.94589805603027 -2.7885541915893555 -1.7999992370605469
      vertex 71.94864177703857 -4.60257625579834 -1.7999992370605469
      vertex 72.35257625579834 -4.198641777038574 -1.7999992370605469
    endloop
  endfacet
  facet normal 0 0 1
    outer loop
      vertex 70.94589805603027 -2.7885541915893555 -1.7999992370605469
      vertex 72.35257625579834 -4.198641777038574 -1.7999992370605469
      vertex 71.47366428375244 -2.5699462890625 -1.7999992370605469
    endloop
  endfacet
  facet normal 0 0 1
    outer loop
      vertex 70.94589805603027 -2.7885541915893555 -0.9999990463256836
      vertex 71.47366428375244 -2.5699462890625 -0.9999990463256836
      vertex 70.94589805603027 2.7885541915893555 -0.9999990463256836
    endloop
  endfacet
  facet normal 0.38268339238345017 0.923879549072223 0
    outer loop
      vertex 70.94589805603027 2.7885541915893555 -1.7999992370605469
      vertex 70.94589805603027 2.7885541915893555 -0.9999990463256836
      vertex 71.47366428375244 2.5699462890625 -0.9999990463256836
    endloop
  endfacet
  facet normal 0 0 1
    outer loop
      vertex 70.94589805603027 2.7885541915893555 -1.7999992370605469
      vertex 71.47366428375244 2.5699462890625 -1.7999992370605469
      vertex 72.35257625579834 4.198641777038574 -1.7999992370605469
    endloop
  endfacet
  facet normal 0.38268339238345017 0.923879549072223 0
    outer loop
      vertex 70.94589805603027 2.7885541915893555 -1.7999992370605469
      vertex 71.47366428375244 2.5699462890625 -0.9999990463256836
      vertex 71.47366428375244 2.5699462890625 -1.7999992370605469
    endloop
  endfacet
  facet normal 0 0 1
    outer loop
      vertex 70.94589805603027 2.7885541915893555 -1.7999992370605469
      vertex 71.94864177703857 4.60257625579834 -1.7999992370605469
      vertex 71.47366428375244 4.91994571685791 -1.7999992370605469
    endloop
  endfacet
  facet normal 0 0 1
    outer loop
      vertex 70.94589805603027 2.7885541915893555 -1.7999992370605469
      vertex 72.35257625579834 4.198641777038574 -1.7999992370605469
      vertex 71.94864177703857 4.60257625579834 -1.7999992370605469
    endloop
  endfacet
  facet normal 0 0 1
    outer loop
      vertex 70.94589805603027 2.7885541915893555 -0.9999990463256836
      vertex 71.47366428375244 -2.5699462890625 -0.9999990463256836
      vertex 71.94864177703857 -2.2525768280029297 -0.9999990463256836
    endloop
  endfacet
  facet normal 0 0 1
    outer loop
      vertex 70.94589805603027 2.7885541915893555 -0.9999990463256836
      vertex 71.94864177703857 -2.2525768280029297 -0.9999990463256836
      vertex 72.35257625579834 -1.8486413955688477 -0.9999990463256836
    endloop
  endfacet
  facet normal 0 0 1
    outer loop
      vertex 70.94589805603027 2.7885541915893555 -0.9999990463256836
      vertex 71.94864177703857 2.2525768280029297 -0.9999990463256836
      vertex 71.47366428375244 2.5699462890625 -0.9999990463256836
    endloop
  endfacet
  facet normal 0 0 1
    outer loop
      vertex 70.94589805603027 2.7885541915893555 -0.9999990463256836
      vertex 72.35257625579834 -1.8486413955688477 -0.9999990463256836
      vertex 72.66994571685791 -1.3736648559570312 -0.9999990463256836
    endloop
  endfacet
  facet normal 0 0 1
    outer loop
      vertex 70.94589805603027 2.7885541915893555 -0.9999990463256836
      vertex 72.35257625579834 1.8486413955688477 -0.9999990463256836
      vertex 71.94864177703857 2.2525768280029297 -0.9999990463256836
    endloop
  endfacet
  facet normal 0 0 1
    outer loop
      vertex 70.94589805603027 2.7885541915893555 -0.9999990463256836
      vertex 72.66994571685791 -1.3736648559570312 -0.9999990463256836
      vertex 72.88855457305908 -0.8458986282348633 -0.9999990463256836
    endloop
  endfacet
  facet normal 0 0 1
    outer loop
      vertex 70.94589805603027 2.7885541915893555 -0.9999990463256836
      vertex 72.66994571685791 1.3736648559570312 -0.9999990463256836
      vertex 72.35257625579834 1.8486413955688477 -0.9999990463256836
    endloop
  endfacet
  facet normal 0 0 1
    outer loop
      vertex 70.94589805603027 2.7885541915893555 -0.9999990463256836
      vertex 72.88855457305908 -0.8458986282348633 -0.9999990463256836
      vertex 73 -0.28562450408935547 -0.9999990463256836
    endloop
  endfacet
  facet normal 0 0 1
    outer loop
      vertex 70.94589805603027 2.7885541915893555 -0.9999990463256836
      vertex 72.88855457305908 0.8458986282348633 -0.9999990463256836
      vertex 72.66994571685791 1.3736648559570312 -0.9999990463256836
    endloop
  endfacet
  facet normal 0 0 1
    outer loop
      vertex 70.94589805603027 2.7885541915893555 -0.9999990463256836
      vertex 73 -0.28562450408935547 -0.9999990463256836
      vertex 73 0.28562450408935547 -0.9999990463256836
    endloop
  endfacet
  facet normal 0 0 1
    outer loop
      vertex 70.94589805603027 2.7885541915893555 -0.9999990463256836
      vertex 73 0.28562450408935547 -0.9999990463256836
      vertex 72.88855457305908 0.8458986282348633 -0.9999990463256836
    endloop
  endfacet
  facet normal 0.2920292662274176 0.7050211014324298 -0.6462694130172645
    outer loop
      vertex 70.94589805603027 2.938553810119629 -5.799999237060547
      vertex 70.94589805603027 5.138554573059082 -3.399998664855957
      vertex 71.47366428375244 2.7199459075927734 -5.799999237060547
    endloop
  endfacet
  facet normal 0.38268481734824833 0.9238789588312626 0
    outer loop
      vertex 70.94589805603027 5.138554573059082 -3.399998664855957
      vertex 70.94589805603027 5.138554573059082 -1.7999992370605469
      vertex 71.47366428375244 4.91994571685791 -3.399998664855957
    endloop
  endfacet
  facet normal 0.29203048442778035 0.705020966783233 -0.6462690094387256
    outer loop
      vertex 70.94589805603027 5.138554573059082 -3.399998664855957
      vertex 71.47366428375244 4.91994571685791 -3.399998664855957
      vertex 71.47366428375244 2.7199459075927734 -5.799999237060547
    endloop
  endfacet
  facet normal 0.38268481734824833 0.9238789588312626 0
    outer loop
      vertex 70.94589805603027 5.138554573059082 -1.7999992370605469
      vertex 71.47366428375244 4.91994571685791 -1.7999992370605469
      vertex 71.47366428375244 4.91994571685791 -3.399998664855957
    endloop
  endfacet
  facet normal 0.4418591070918572 -0.6612896224213143 -0.6061819568065865
    outer loop
      vertex 71.47366428375244 -4.91994571685791 -3.399998664855957
      vertex 71.47366428375244 -2.7199459075927734 -5.799999237060547
      vertex 71.94864177703857 -2.402576446533203 -5.799999237060547
    endloop
  endfacet
  facet normal 0.5555698052693784 -0.8314698981159481 0
    outer loop
      vertex 71.47366428375244 -4.91994571685791 -3.399998664855957
      vertex 71.94864177703857 -4.60257625579834 -3.399998664855957
      vertex 71.47366428375244 -4.91994571685791 -1.7999992370605469
    endloop
  endfacet
  facet normal 0.4418591070918572 -0.6612896224213143 -0.6061819568065865
    outer loop
      vertex 71.47366428375244 -4.91994571685791 -3.399998664855957
      vertex 71.94864177703857 -2.402576446533203 -5.799999237060547
      vertex 71.94864177703857 -4.60257625579834 -3.399998664855957
    endloop
  endfacet
  facet normal 0.5555698052693784 -0.8314698981159481 0
    outer loop
      vertex 71.47366428375244 -4.91994571685791 -1.7999992370605469
      vertex 71.94864177703857 -4.60257625579834 -3.399998664855957
      vertex 71.94864177703857 -4.60257625579834 -1.7999992370605469
    endloop
  endfacet
  facet normal 0.5555698052693783 -0.831469898115948 0
    outer loop
      vertex 71.47366428375244 -2.5699462890625 -1.7999992370605469
      vertex 71.94864177703857 -2.2525768280029297 -1.7999992370605469
      vertex 71.94864177703857 -2.2525768280029297 -0.9999990463256836
    endloop
  endfacet
  facet normal 0.5555698052693783 -0.831469898115948 0
    outer loop
      vertex 71.47366428375244 -2.5699462890625 -1.7999992370605469
      vertex 71.94864177703857 -2.2525768280029297 -0.9999990463256836
      vertex 71.47366428375244 -2.5699462890625 -0.9999990463256836
    endloop
  endfacet
  facet normal 0 0 1
    outer loop
      vertex 71.47366428375244 -2.5699462890625 -1.7999992370605469
      vertex 72.35257625579834 -4.198641777038574 -1.7999992370605469
      vertex 72.66994571685791 -3.7236642837524414 -1.7999992370605469
    endloop
  endfacet
  facet normal 0 0 1
    outer loop
      vertex 71.47366428375244 -2.5699462890625 -1.7999992370605469
      vertex 72.66994571685791 -3.7236642837524414 -1.7999992370605469
      vertex 72.88855457305908 -3.1958980560302734 -1.7999992370605469
    endloop
  endfacet
  facet normal 0 0 1
    outer loop
      vertex 71.47366428375244 -2.5699462890625 -1.7999992370605469
      vertex 72.88855457305908 -3.1958980560302734 -1.7999992370605469
      vertex 71.94864177703857 -2.2525768280029297 -1.7999992370605469
    endloop
  endfacet
  facet normal 0.5555698052693783 0.831469898115948 0
    outer loop
      vertex 71.47366428375244 2.5699462890625 -1.7999992370605469
      vertex 71.47366428375244 2.5699462890625 -0.9999990463256836
      vertex 71.94864177703857 2.2525768280029297 -0.9999990463256836
    endloop
  endfacet
  facet normal 0 0 1
    outer loop
      vertex 71.47366428375244 2.5699462890625 -1.7999992370605469
      vertex 71.94864177703857 2.2525768280029297 -1.7999992370605469
      vertex 72.88855457305908 3.1958980560302734 -1.7999992370605469
    endloop
  endfacet
  facet normal 0.5555698052693783 0.831469898115948 0
    outer loop
      vertex 71.47366428375244 2.5699462890625 -1.7999992370605469
      vertex 71.94864177703857 2.2525768280029297 -0.9999990463256836
      vertex 71.94864177703857 2.2525768280029297 -1.7999992370605469
    endloop
  endfacet
  facet normal 0 0 1
    outer loop
      vertex 71.47366428375244 2.5699462890625 -1.7999992370605469
      vertex 72.66994571685791 3.7236642837524414 -1.7999992370605469
      vertex 72.35257625579834 4.198641777038574 -1.7999992370605469
    endloop
  endfacet
  facet normal 0 0 1
    outer loop
      vertex 71.47366428375244 2.5699462890625 -1.7999992370605469
      vertex 72.88855457305908 3.1958980560302734 -1.7999992370605469
      vertex 72.66994571685791 3.7236642837524414 -1.7999992370605469
    endloop
  endfacet
  facet normal 0.4418591070918572 0.6612896224213143 -0.6061819568065865
    outer loop
      vertex 71.47366428375244 2.7199459075927734 -5.799999237060547
      vertex 71.47366428375244 4.91994571685791 -3.399998664855957
      vertex 71.94864177703857 2.402576446533203 -5.799999237060547
    endloop
  endfacet
  facet normal 0.5555698052693784 0.8314698981159481 0
    outer loop
      vertex 71.47366428375244 4.91994571685791 -3.399998664855957
      vertex 71.47366428375244 4.91994571685791 -1.7999992370605469
      vertex 71.94864177703857 4.60257625579834 -1.7999992370605469
    endloop
  endfacet
  facet normal 0.4418591070918572 0.6612896224213143 -0.6061819568065865
    outer loop
      vertex 71.47366428375244 4.91994571685791 -3.399998664855957
      vertex 71.94864177703857 4.60257625579834 -3.399998664855957
      vertex 71.94864177703857 2.402576446533203 -5.799999237060547
    endloop
  endfacet
  facet normal 0.5555698052693784 0.8314698981159481 0
    outer loop
      vertex 71.47366428375244 4.91994571685791 -3.399998664855957
      vertex 71.94864177703857 4.60257625579834 -1.7999992370605469
      vertex 71.94864177703857 4.60257625579834 -3.399998664855957
    endloop
  endfacet
  facet normal 0.5933618687926001 -0.5933618687926001 -0.5439148695576418
    outer loop
      vertex 71.94864177703857 -4.60257625579834 -3.399998664855957
      vertex 71.94864177703857 -2.402576446533203 -5.799999237060547
      vertex 72.35257625579834 -4.198641777038574 -3.399998664855957
    endloop
  endfacet
  facet normal 0.7071067811865476 -0.7071067811865476 0
    outer loop
      vertex 71.94864177703857 -4.60257625579834 -3.399998664855957
      vertex 72.35257625579834 -4.198641777038574 -3.399998664855957
      vertex 71.94864177703857 -4.60257625579834 -1.7999992370605469
    endloop
  endfacet
  facet normal 0.7071067811865476 -0.7071067811865476 0
    outer loop
      vertex 71.94864177703857 -4.60257625579834 -1.7999992370605469
      vertex 72.35257625579834 -4.198641777038574 -3.399998664855957
      vertex 72.35257625579834 -4.198641777038574 -1.7999992370605469
    endloop
  endfacet
  facet normal 0.5933618687926001 -0.5933618687926001 -0.5439148695576418
    outer loop
      vertex 71.94864177703857 -2.402576446533203 -5.799999237060547
      vertex 72.35257625579834 -1.9986419677734375 -5.799999237060547
      vertex 72.35257625579834 -4.198641777038574 -3.399998664855957
    endloop
  endfacet
  facet normal 0.7071076159115061 -0.7071059464606035 0
    outer loop
      vertex 71.94864177703857 -2.2525768280029297 -1.7999992370605469
      vertex 72.35257625579834 -1.8486413955688477 -1.7999992370605469
      vertex 72.35257625579834 -1.8486413955688477 -0.9999990463256836
    endloop
  endfacet
  facet normal 0.7071076159115061 -0.7071059464606035 0
    outer loop
      vertex 71.94864177703857 -2.2525768280029297 -1.7999992370605469
      vertex 72.35257625579834 -1.8486413955688477 -0.9999990463256836
      vertex 71.94864177703857 -2.2525768280029297 -0.9999990463256836
    endloop
  endfacet
  facet normal 0 0 1
    outer loop
      vertex 71.94864177703857 -2.2525768280029297 -1.7999992370605469
      vertex 72.88855457305908 -3.1958980560302734 -1.7999992370605469
      vertex 73 -2.635624885559082 -1.7999992370605469
    endloop
  endfacet
  facet normal 0 0 1
    outer loop
      vertex 71.94864177703857 -2.2525768280029297 -1.7999992370605469
      vertex 73 -2.635624885559082 -1.7999992370605469
      vertex 72.35257625579834 -1.8486413955688477 -1.7999992370605469
    endloop
  endfacet
  facet normal 0.7071076159115061 0.7071059464606035 0
    outer loop
      vertex 71.94864177703857 2.2525768280029297 -1.7999992370605469
      vertex 71.94864177703857 2.2525768280029297 -0.9999990463256836
      vertex 72.35257625579834 1.8486413955688477 -0.9999990463256836
    endloop
  endfacet
  facet normal 0 0 1
    outer loop
      vertex 71.94864177703857 2.2525768280029297 -1.7999992370605469
      vertex 72.35257625579834 1.8486413955688477 -1.7999992370605469
      vertex 73 2.635624885559082 -1.7999992370605469
    endloop
  endfacet
  facet normal 0.7071076159115061 0.7071059464606035 0
    outer loop
      vertex 71.94864177703857 2.2525768280029297 -1.7999992370605469
      vertex 72.35257625579834 1.8486413955688477 -0.9999990463256836
      vertex 72.35257625579834 1.8486413955688477 -1.7999992370605469
    endloop
  endfacet
  facet normal 0 0 1
    outer loop
      vertex 71.94864177703857 2.2525768280029297 -1.7999992370605469
      vertex 73 2.635624885559082 -1.7999992370605469
      vertex 72.88855457305908 3.1958980560302734 -1.7999992370605469
    endloop
  endfacet
  facet normal 0.5933618687926001 0.5933618687926001 -0.5439148695576418
    outer loop
      vertex 71.94864177703857 2.402576446533203 -5.799999237060547
      vertex 71.94864177703857 4.60257625579834 -3.399998664855957
      vertex 72.35257625579834 1.9986419677734375 -5.799999237060547
    endloop
  endfacet
  facet normal 0.7071067811865476 0.7071067811865476 0
    outer loop
      vertex 71.94864177703857 4.60257625579834 -3.399998664855957
      vertex 71.94864177703857 4.60257625579834 -1.7999992370605469
      vertex 72.35257625579834 4.198641777038574 -3.399998664855957
    endloop
  endfacet
  facet normal 0.5933618687926001 0.5933618687926001 -0.5439148695576418
    outer loop
      vertex 71.94864177703857 4.60257625579834 -3.399998664855957
      vertex 72.35257625579834 4.198641777038574 -3.399998664855957
      vertex 72.35257625579834 1.9986419677734375 -5.799999237060547
    endloop
  endfacet
  facet normal 0.7071067811865476 0.7071067811865476 0
    outer loop
      vertex 71.94864177703857 4.60257625579834 -1.7999992370605469
      vertex 72.35257625579834 4.198641777038574 -1.7999992370605469
      vertex 72.35257625579834 4.198641777038574 -3.399998664855957
    endloop
  endfacet
  facet normal 0.7409210032284306 -0.4950670353988083 -0.4538113015741356
    outer loop
      vertex 72.35257625579834 -4.198641777038574 -3.399998664855957
      vertex 72.35257625579834 -1.9986419677734375 -5.799999237060547
      vertex 72.66994571685791 -3.7236642837524414 -3.399998664855957
    endloop
  endfacet
  facet normal 0.8314698981159481 -0.5555698052693784 0
    outer loop
      vertex 72.35257625579834 -4.198641777038574 -3.399998664855957
      vertex 72.66994571685791 -3.7236642837524414 -3.399998664855957
      vertex 72.66994571685791 -3.7236642837524414 -1.7999992370605469
    endloop
  endfacet
  facet normal 0.8314698981159481 -0.5555698052693784 0
    outer loop
      vertex 72.35257625579834 -4.198641777038574 -3.399998664855957
      vertex 72.66994571685791 -3.7236642837524414 -1.7999992370605469
      vertex 72.35257625579834 -4.198641777038574 -1.7999992370605469
    endloop
  endfacet
  facet normal 0.7409210032284306 -0.4950670353988083 -0.4538113015741356
    outer loop
      vertex 72.35257625579834 -1.9986419677734375 -5.799999237060547
      vertex 72.66994571685791 -1.5236644744873047 -5.799999237060547
      vertex 72.66994571685791 -3.7236642837524414 -3.399998664855957
    endloop
  endfacet
  facet normal 0.8314693828258949 -0.555570576455526 0
    outer loop
      vertex 72.35257625579834 -1.8486413955688477 -1.7999992370605469
      vertex 72.66994571685791 -1.3736648559570312 -1.7999992370605469
      vertex 72.66994571685791 -1.3736648559570312 -0.9999990463256836
    endloop
  endfacet
  facet normal 0.8314693828258949 -0.555570576455526 0
    outer loop
      vertex 72.35257625579834 -1.8486413955688477 -1.7999992370605469
      vertex 72.66994571685791 -1.3736648559570312 -0.9999990463256836
      vertex 72.35257625579834 -1.8486413955688477 -0.9999990463256836
    endloop
  endfacet
  facet normal 0 0 1
    outer loop
      vertex 72.35257625579834 -1.8486413955688477 -1.7999992370605469
      vertex 73 -2.635624885559082 -1.7999992370605469
      vertex 72.66994571685791 -1.3736648559570312 -1.7999992370605469
    endloop
  endfacet
  facet normal 0.8314693828258949 0.555570576455526 0
    outer loop
      vertex 72.35257625579834 1.8486413955688477 -1.7999992370605469
      vertex 72.35257625579834 1.8486413955688477 -0.9999990463256836
      vertex 72.66994571685791 1.3736648559570312 -0.9999990463256836
    endloop
  endfacet
  facet normal 0 0 1
    outer loop
      vertex 72.35257625579834 1.8486413955688477 -1.7999992370605469
      vertex 72.66994571685791 1.3736648559570312 -1.7999992370605469
      vertex 73 2.635624885559082 -1.7999992370605469
    endloop
  endfacet
  facet normal 0.8314693828258949 0.555570576455526 0
    outer loop
      vertex 72.35257625579834 1.8486413955688477 -1.7999992370605469
      vertex 72.66994571685791 1.3736648559570312 -0.9999990463256836
      vertex 72.66994571685791 1.3736648559570312 -1.7999992370605469
    endloop
  endfacet
  facet normal 0.7409210032284306 0.4950670353988083 -0.4538113015741356
    outer loop
      vertex 72.35257625579834 1.9986419677734375 -5.799999237060547
      vertex 72.35257625579834 4.198641777038574 -3.399998664855957
      vertex 72.66994571685791 3.7236642837524414 -3.399998664855957
    endloop
  endfacet
  facet normal 0.7409210032284306 0.4950670353988083 -0.4538113015741356
    outer loop
      vertex 72.35257625579834 1.9986419677734375 -5.799999237060547
      vertex 72.66994571685791 3.7236642837524414 -3.399998664855957
      vertex 72.66994571685791 1.5236644744873047 -5.799999237060547
    endloop
  endfacet
  facet normal 0.8314698981159481 0.5555698052693784 0
    outer loop
      vertex 72.35257625579834 4.198641777038574 -3.399998664855957
      vertex 72.35257625579834 4.198641777038574 -1.7999992370605469
      vertex 72.66994571685791 3.7236642837524414 -3.399998664855957
    endloop
  endfacet
  facet normal 0.8314698981159481 0.5555698052693784 0
    outer loop
      vertex 72.35257625579834 4.198641777038574 -1.7999992370605469
      vertex 72.66994571685791 3.7236642837524414 -1.7999992370605469
      vertex 72.66994571685791 3.7236642837524414 -3.399998664855957
    endloop
  endfacet
  facet normal 0.8717947429987225 -0.3611107372893012 -0.3310180682291657
    outer loop
      vertex 72.66994571685791 -3.7236642837524414 -3.399998664855957
      vertex 72.66994571685791 -1.5236644744873047 -5.799999237060547
      vertex 72.88855457305908 -0.9958982467651367 -5.799999237060547
    endloop
  endfacet
  facet normal 0.9238789588312626 -0.38268481734824833 0
    outer loop
      vertex 72.66994571685791 -3.7236642837524414 -3.399998664855957
      vertex 72.88855457305908 -3.1958980560302734 -3.399998664855957
      vertex 72.66994571685791 -3.7236642837524414 -1.7999992370605469
    endloop
  endfacet
  facet normal 0.8717947429987225 -0.3611107372893012 -0.3310180682291657
    outer loop
      vertex 72.66994571685791 -3.7236642837524414 -3.399998664855957
      vertex 72.88855457305908 -0.9958982467651367 -5.799999237060547
      vertex 72.88855457305908 -3.1958980560302734 -3.399998664855957
    endloop
  endfacet
  facet normal 0.9238789588312626 -0.38268481734824833 0
    outer loop
      vertex 72.66994571685791 -3.7236642837524414 -1.7999992370605469
      vertex 72.88855457305908 -3.1958980560302734 -3.399998664855957
      vertex 72.88855457305908 -3.1958980560302734 -1.7999992370605469
    endloop
  endfacet
  facet normal 0.9238789588312626 -0.38268481734824833 0
    outer loop
      vertex 72.66994571685791 -1.3736648559570312 -1.7999992370605469
      vertex 72.88855457305908 -0.8458986282348633 -1.7999992370605469
      vertex 72.88855457305908 -0.8458986282348633 -0.9999990463256836
    endloop
  endfacet
  facet normal 0.9238789588312626 -0.38268481734824833 0
    outer loop
      vertex 72.66994571685791 -1.3736648559570312 -1.7999992370605469
      vertex 72.88855457305908 -0.8458986282348633 -0.9999990463256836
      vertex 72.66994571685791 -1.3736648559570312 -0.9999990463256836
    endloop
  endfacet
  facet normal 0 0 1
    outer loop
      vertex 72.66994571685791 -1.3736648559570312 -1.7999992370605469
      vertex 73 -2.635624885559082 -1.7999992370605469
      vertex 72.88855457305908 -0.8458986282348633 -1.7999992370605469
    endloop
  endfacet
  facet normal 0.9238789588312626 0.38268481734824833 0
    outer loop
      vertex 72.66994571685791 1.3736648559570312 -1.7999992370605469
      vertex 72.66994571685791 1.3736648559570312 -0.9999990463256836
      vertex 72.88855457305908 0.8458986282348633 -0.9999990463256836
    endloop
  endfacet
  facet normal 0 0 1
    outer loop
      vertex 72.66994571685791 1.3736648559570312 -1.7999992370605469
      vertex 72.88855457305908 0.8458986282348633 -1.7999992370605469
      vertex 73 2.635624885559082 -1.7999992370605469
    endloop
  endfacet
  facet normal 0.9238789588312626 0.38268481734824833 0
    outer loop
      vertex 72.66994571685791 1.3736648559570312 -1.7999992370605469
      vertex 72.88855457305908 0.8458986282348633 -0.9999990463256836
      vertex 72.88855457305908 0.8458986282348633 -1.7999992370605469
    endloop
  endfacet
  facet normal 0.8717947429987225 0.3611107372893012 -0.3310180682291657
    outer loop
      vertex 72.66994571685791 1.5236644744873047 -5.799999237060547
      vertex 72.66994571685791 3.7236642837524414 -3.399998664855957
      vertex 72.88855457305908 0.9958982467651367 -5.799999237060547
    endloop
  endfacet
  facet normal 0.9238789588312626 0.38268481734824833 0
    outer loop
      vertex 72.66994571685791 3.7236642837524414 -3.399998664855957
      vertex 72.66994571685791 3.7236642837524414 -1.7999992370605469
      vertex 72.88855457305908 3.1958980560302734 -1.7999992370605469
    endloop
  endfacet
  facet normal 0.8717947429987225 0.3611107372893012 -0.3310180682291657
    outer loop
      vertex 72.66994571685791 3.7236642837524414 -3.399998664855957
      vertex 72.88855457305908 3.1958980560302734 -3.399998664855957
      vertex 72.88855457305908 0.9958982467651367 -5.799999237060547
    endloop
  endfacet
  facet normal 0.9238789588312626 0.38268481734824833 0
    outer loop
      vertex 72.66994571685791 3.7236642837524414 -3.399998664855957
      vertex 72.88855457305908 3.1958980560302734 -1.7999992370605469
      vertex 72.88855457305908 3.1958980560302734 -3.399998664855957
    endloop
  endfacet
  facet normal 0.9654682894416986 -0.1920438660738626 -0.17604015333418893
    outer loop
      vertex 72.88855457305908 -3.1958980560302734 -3.399998664855957
      vertex 72.88855457305908 -0.9958982467651367 -5.799999237060547
      vertex 73 -2.635624885559082 -3.399998664855957
    endloop
  endfacet
  facet normal 0.9807852253961574 -0.19509059855515518 0
    outer loop
      vertex 72.88855457305908 -3.1958980560302734 -3.399998664855957
      vertex 73 -2.635624885559082 -3.399998664855957
      vertex 72.88855457305908 -3.1958980560302734 -1.7999992370605469
    endloop
  endfacet
  facet normal 0.9807852253961574 -0.19509059855515518 0
    outer loop
      vertex 72.88855457305908 -3.1958980560302734 -1.7999992370605469
      vertex 73 -2.635624885559082 -3.399998664855957
      vertex 73 -2.635624885559082 -1.7999992370605469
    endloop
  endfacet
  facet normal 0.9654683880093873 -0.19204355879145005 -0.1760399479699715
    outer loop
      vertex 72.88855457305908 -0.9958982467651367 -5.799999237060547
      vertex 73 -0.4356241226196289 -5.799999237060547
      vertex 73 -2.635624885559082 -3.399998664855957
    endloop
  endfacet
  facet normal 0 0 1
    outer loop
      vertex 72.88855457305908 -0.8458986282348633 -1.7999992370605469
      vertex 73 -2.635624885559082 -1.7999992370605469
      vertex 73 -0.28562450408935547 -1.7999992370605469
    endloop
  endfacet
  facet normal 0.9807852889359499 -0.19509027911924656 0
    outer loop
      vertex 72.88855457305908 -0.8458986282348633 -1.7999992370605469
      vertex 73 -0.28562450408935547 -1.7999992370605469
      vertex 73 -0.28562450408935547 -0.9999990463256836
    endloop
  endfacet
  facet normal 0.9807852889359499 -0.19509027911924656 0
    outer loop
      vertex 72.88855457305908 -0.8458986282348633 -1.7999992370605469
      vertex 73 -0.28562450408935547 -0.9999990463256836
      vertex 72.88855457305908 -0.8458986282348633 -0.9999990463256836
    endloop
  endfacet
  facet normal 0.9807852889359499 0.19509027911924656 0
    outer loop
      vertex 72.88855457305908 0.8458986282348633 -1.7999992370605469
      vertex 72.88855457305908 0.8458986282348633 -0.9999990463256836
      vertex 73 0.28562450408935547 -0.9999990463256836
    endloop
  endfacet
  facet normal 0 0 1
    outer loop
      vertex 72.88855457305908 0.8458986282348633 -1.7999992370605469
      vertex 73 0.28562450408935547 -1.7999992370605469
      vertex 73 2.635624885559082 -1.7999992370605469
    endloop
  endfacet
  facet normal 0.9807852889359499 0.19509027911924656 0
    outer loop
      vertex 72.88855457305908 0.8458986282348633 -1.7999992370605469
      vertex 73 0.28562450408935547 -0.9999990463256836
      vertex 73 0.28562450408935547 -1.7999992370605469
    endloop
  endfacet
  facet normal 0.9654682894416986 0.1920438660738626 -0.17604015333418893
    outer loop
      vertex 72.88855457305908 0.9958982467651367 -5.799999237060547
      vertex 72.88855457305908 3.1958980560302734 -3.399998664855957
      vertex 73 2.635624885559082 -3.399998664855957
    endloop
  endfacet
  facet normal 0.9654683880093873 0.19204355879145005 -0.1760399479699715
    outer loop
      vertex 72.88855457305908 0.9958982467651367 -5.799999237060547
      vertex 73 2.635624885559082 -3.399998664855957
      vertex 73 0.4356241226196289 -5.799999237060547
    endloop
  endfacet
  facet normal 0.9807852253961574 0.19509059855515518 0
    outer loop
      vertex 72.88855457305908 3.1958980560302734 -3.399998664855957
      vertex 72.88855457305908 3.1958980560302734 -1.7999992370605469
      vertex 73 2.635624885559082 -3.399998664855957
    endloop
  endfacet
  facet normal 0.9807852253961574 0.19509059855515518 0
    outer loop
      vertex 72.88855457305908 3.1958980560302734 -1.7999992370605469
      vertex 73 2.635624885559082 -1.7999992370605469
      vertex 73 2.635624885559082 -3.399998664855957
    endloop
  endfacet
  facet normal 1 0 0
    outer loop
      vertex 73 -2.635624885559082 -3.399998664855957
      vertex 73 -0.4356241226196289 -5.799999237060547
      vertex 73 -0.28562450408935547 -1.7999992370605469
    endloop
  endfacet
  facet normal 1 0 0
    outer loop
      vertex 73 -2.635624885559082 -3.399998664855957
      vertex 73 -0.28562450408935547 -1.7999992370605469
      vertex 73 -2.635624885559082 -1.7999992370605469
    endloop
  endfacet
  facet normal 1 0 0
    outer loop
      vertex 73 -0.4356241226196289 -5.799999237060547
      vertex 73 0.28562450408935547 -1.7999992370605469
      vertex 73 -0.28562450408935547 -1.7999992370605469
    endloop
  endfacet
  facet normal 1 0 0
    outer loop
      vertex 73 -0.4356241226196289 -5.799999237060547
      vertex 73 0.4356241226196289 -5.799999237060547
      vertex 73 0.28562450408935547 -1.7999992370605469
    endloop
  endfacet
  facet normal 1 0 0
    outer loop
      vertex 73 -0.28562450408935547 -1.7999992370605469
      vertex 73 0.28562450408935547 -1.7999992370605469
      vertex 73 0.28562450408935547 -0.9999990463256836
    endloop
  endfacet
  facet normal 1 0 0
    outer loop
      vertex 73 -0.28562450408935547 -1.7999992370605469
      vertex 73 0.28562450408935547 -0.9999990463256836
      vertex 73 -0.28562450408935547 -0.9999990463256836
    endloop
  endfacet
  facet normal 1 0 0
    outer loop
      vertex 73 0.28562450408935547 -1.7999992370605469
      vertex 73 0.4356241226196289 -5.799999237060547
      vertex 73 2.635624885559082 -3.399998664855957
    endloop
  endfacet
  facet normal 1 0 0
    outer loop
      vertex 73 0.28562450408935547 -1.7999992370605469
      vertex 73 2.635624885559082 -3.399998664855957
      vertex 73 2.635624885559082 -1.7999992370605469
    endloop
  endfacet
endsolid OpenSCAD_Model
