solid OpenSCAD_Model
  facet normal -1 0 0
    outer loop
      vertex -47.29999923706055 -47.295475006103516 -9
      vertex -47.29999923706055 -47.295475006103516 6
      vertex -47.29999923706055 -43.650001525878906 -0.16250991821289062
    endloop
  endfacet
  facet normal -1 0 0
    outer loop
      vertex -47.29999923706055 -47.295475006103516 -9
      vertex -47.29999923706055 -43.650001525878906 -0.16250991821289062
      vertex -47.29999923706055 -43.58658981323242 -0.48128700256347656
    endloop
  endfacet
  facet normal -1 0 0
    outer loop
      vertex -47.29999923706055 -47.295475006103516 -9
      vertex -47.29999923706055 -43.58658981323242 -0.48128700256347656
      vertex -47.29999923706055 -43.46221160888672 -0.7815675735473633
    endloop
  endfacet
  facet normal -1 0 0
    outer loop
      vertex -47.29999923706055 -47.295475006103516 -9
      vertex -47.29999923706055 -43.46221160888672 -0.7815675735473633
      vertex -47.29999923706055 -43.281639099121094 -1.0518131256103516
    endloop
  endfacet
  facet normal -1 0 0
    outer loop
      vertex -47.29999923706055 -47.295475006103516 -9
      vertex -47.29999923706055 -43.281639099121094 -1.0518131256103516
      vertex -47.29999923706055 -43.05181121826172 -1.2816381454467773
    endloop
  endfacet
  facet normal -1 0 0
    outer loop
      vertex -47.29999923706055 -47.295475006103516 -9
      vertex -47.29999923706055 -43.05181121826172 -1.2816381454467773
      vertex -47.29999923706055 -42.78156661987305 -1.4622106552124023
    endloop
  endfacet
  facet normal -1 0 0
    outer loop
      vertex -47.29999923706055 -47.295475006103516 -9
      vertex -47.29999923706055 -42.78156661987305 -1.4622106552124023
      vertex -47.29999923706055 -42.481285095214844 -1.5865907669067383
    endloop
  endfacet
  facet normal -1 0 0
    outer loop
      vertex -47.29999923706055 -47.295475006103516 -9
      vertex -47.29999923706055 -42.481285095214844 -1.5865907669067383
      vertex -47.29999923706055 -42.16250991821289 -1.6499996185302734
    endloop
  endfacet
  facet normal -1 0 0
    outer loop
      vertex -47.29999923706055 -47.295475006103516 -9
      vertex -47.29999923706055 -42.16250991821289 -1.6499996185302734
      vertex -47.29999923706055 -41.83749008178711 -1.6499996185302734
    endloop
  endfacet
  facet normal -1 0 0
    outer loop
      vertex -47.29999923706055 -47.295475006103516 -9
      vertex -47.29999923706055 -41.83749008178711 -1.6499996185302734
      vertex -47.29999923706055 -41.51871109008789 -1.5865907669067383
    endloop
  endfacet
  facet normal -1 0 0
    outer loop
      vertex -47.29999923706055 -47.295475006103516 -9
      vertex -47.29999923706055 -41.51871109008789 -1.5865907669067383
      vertex -47.29999923706055 -41.21842956542969 -1.4622106552124023
    endloop
  endfacet
  facet normal -1 0 0
    outer loop
      vertex -47.29999923706055 -47.295475006103516 -9
      vertex -47.29999923706055 -41.21842956542969 -1.4622106552124023
      vertex -47.29999923706055 -40.948184967041016 -1.2816381454467773
    endloop
  endfacet
  facet normal -1 0 0
    outer loop
      vertex -47.29999923706055 -47.295475006103516 -9
      vertex -47.29999923706055 -40.948184967041016 -1.2816381454467773
      vertex -47.29999923706055 -1.0518131256103516 -1.2816381454467773
    endloop
  endfacet
  facet normal -1 0 0
    outer loop
      vertex -47.29999923706055 -47.295475006103516 -9
      vertex -47.29999923706055 -1.0518131256103516 -1.2816381454467773
      vertex -47.29999923706055 -0.7815675735473633 -1.4622106552124023
    endloop
  endfacet
  facet normal -1 0 0
    outer loop
      vertex -47.29999923706055 -47.295475006103516 -9
      vertex -47.29999923706055 -0.7815675735473633 -1.4622106552124023
      vertex -47.29999923706055 -0.48128700256347656 -1.5865907669067383
    endloop
  endfacet
  facet normal -1 0 0
    outer loop
      vertex -47.29999923706055 -47.295475006103516 -9
      vertex -47.29999923706055 -0.48128700256347656 -1.5865907669067383
      vertex -47.29999923706055 -0.16250991821289062 -1.6499996185302734
    endloop
  endfacet
  facet normal -1 0 0
    outer loop
      vertex -47.29999923706055 -47.295475006103516 -9
      vertex -47.29999923706055 -0.16250991821289062 -1.6499996185302734
      vertex -47.29999923706055 47.295475006103516 -9
    endloop
  endfacet
  facet normal -0.7071067811865475 0 -0.7071067811865475
    outer loop
      vertex -47.29999923706055 -47.295475006103516 -9
      vertex -47.29999923706055 47.295475006103516 -9
      vertex -46.29999923706055 -47.196983337402344 -10
    endloop
  endfacet
  facet normal -0.9807854636530015 -0.19508940075505643 0
    outer loop
      vertex -47.29999923706055 -47.295475006103516 -9
      vertex -47.18471145629883 -47.87506866455078 -9
      vertex -47.29999923706055 -47.295475006103516 6
    endloop
  endfacet
  facet normal -0.6935199368499106 -0.1379494692287765 -0.7071068102706938
    outer loop
      vertex -47.29999923706055 -47.295475006103516 -9
      vertex -46.29999923706055 -47.196983337402344 -10
      vertex -46.223140716552734 -47.583377838134766 -10
    endloop
  endfacet
  facet normal -0.693519916187543 -0.1379490111494891 -0.7071069199025714
    outer loop
      vertex -47.29999923706055 -47.295475006103516 -9
      vertex -46.223140716552734 -47.583377838134766 -10
      vertex -47.18471145629883 -47.87506866455078 -9
    endloop
  endfacet
  facet normal -1 0 0
    outer loop
      vertex -47.29999923706055 -47.295475006103516 6
      vertex -47.29999923706055 -43.650001525878906 0.16250991821289062
      vertex -47.29999923706055 -43.650001525878906 -0.16250991821289062
    endloop
  endfacet
  facet normal -1 0 0
    outer loop
      vertex -47.29999923706055 -47.295475006103516 6
      vertex -47.29999923706055 -43.58658981323242 0.48128700256347656
      vertex -47.29999923706055 -43.650001525878906 0.16250991821289062
    endloop
  endfacet
  facet normal -1 0 0
    outer loop
      vertex -47.29999923706055 -47.295475006103516 6
      vertex -47.29999923706055 -43.46221160888672 0.7815675735473633
      vertex -47.29999923706055 -43.58658981323242 0.48128700256347656
    endloop
  endfacet
  facet normal -1 0 0
    outer loop
      vertex -47.29999923706055 -47.295475006103516 6
      vertex -47.29999923706055 -43.281639099121094 1.0518131256103516
      vertex -47.29999923706055 -43.46221160888672 0.7815675735473633
    endloop
  endfacet
  facet normal -1 0 0
    outer loop
      vertex -47.29999923706055 -47.295475006103516 6
      vertex -47.29999923706055 -43.05181121826172 1.2816381454467773
      vertex -47.29999923706055 -43.281639099121094 1.0518131256103516
    endloop
  endfacet
  facet normal -1 0 0
    outer loop
      vertex -47.29999923706055 -47.295475006103516 6
      vertex -47.29999923706055 -42.78156661987305 1.4622106552124023
      vertex -47.29999923706055 -43.05181121826172 1.2816381454467773
    endloop
  endfacet
  facet normal -1 0 0
    outer loop
      vertex -47.29999923706055 -47.295475006103516 6
      vertex -47.29999923706055 -42.481285095214844 1.5865907669067383
      vertex -47.29999923706055 -42.78156661987305 1.4622106552124023
    endloop
  endfacet
  facet normal -1 0 0
    outer loop
      vertex -47.29999923706055 -47.295475006103516 6
      vertex -47.29999923706055 -42.16250991821289 1.6499996185302734
      vertex -47.29999923706055 -42.481285095214844 1.5865907669067383
    endloop
  endfacet
  facet normal -1 0 0
    outer loop
      vertex -47.29999923706055 -47.295475006103516 6
      vertex -47.29999923706055 -41.83749008178711 1.6499996185302734
      vertex -47.29999923706055 -42.16250991821289 1.6499996185302734
    endloop
  endfacet
  facet normal -1 0 0
    outer loop
      vertex -47.29999923706055 -47.295475006103516 6
      vertex -47.29999923706055 -41.51871109008789 1.5865907669067383
      vertex -47.29999923706055 -41.83749008178711 1.6499996185302734
    endloop
  endfacet
  facet normal -1 0 0
    outer loop
      vertex -47.29999923706055 -47.295475006103516 6
      vertex -47.29999923706055 -41.21842956542969 1.4622106552124023
      vertex -47.29999923706055 -41.51871109008789 1.5865907669067383
    endloop
  endfacet
  facet normal -1 0 0
    outer loop
      vertex -47.29999923706055 -47.295475006103516 6
      vertex -47.29999923706055 -0.7815675735473633 1.4622106552124023
      vertex -47.29999923706055 -41.21842956542969 1.4622106552124023
    endloop
  endfacet
  facet normal -1 0 0
    outer loop
      vertex -47.29999923706055 -47.295475006103516 6
      vertex -47.29999923706055 -0.48128700256347656 1.5865907669067383
      vertex -47.29999923706055 -0.7815675735473633 1.4622106552124023
    endloop
  endfacet
  facet normal -1 0 0
    outer loop
      vertex -47.29999923706055 -47.295475006103516 6
      vertex -47.29999923706055 -0.16250991821289062 1.6499996185302734
      vertex -47.29999923706055 -0.48128700256347656 1.5865907669067383
    endloop
  endfacet
  facet normal -1 0 0
    outer loop
      vertex -47.29999923706055 -47.295475006103516 6
      vertex -47.29999923706055 47.295475006103516 6
      vertex -47.29999923706055 -0.16250991821289062 1.6499996185302734
    endloop
  endfacet
  facet normal -0.9807854636530015 -0.19508940075505643 0
    outer loop
      vertex -47.29999923706055 -47.295475006103516 6
      vertex -47.18471145629883 -47.87506866455078 -9
      vertex -47.18471145629883 -47.87506866455078 6
    endloop
  endfacet
  facet normal 0 0 1
    outer loop
      vertex -47.29999923706055 -47.295475006103516 6
      vertex -47.18471145629883 -47.87506866455078 6
      vertex -45.29999923706055 -47.09849166870117 6
    endloop
  endfacet
  facet normal 0 0 1
    outer loop
      vertex -47.29999923706055 -47.295475006103516 6
      vertex -45.29999923706055 -47.09849166870117 6
      vertex -47.29999923706055 47.295475006103516 6
    endloop
  endfacet
  facet normal 0 1 0
    outer loop
      vertex -47.29999923706055 -43.650001525878906 -0.16250991821289062
      vertex -47.29999923706055 -43.650001525878906 0.16250991821289062
      vertex -45.29999923706055 -43.650001525878906 -0.16250991821289062
    endloop
  endfacet
  facet normal 0 0.9807835094686675 0.19509922489421663
    outer loop
      vertex -47.29999923706055 -43.650001525878906 -0.16250991821289062
      vertex -45.29999923706055 -43.650001525878906 -0.16250991821289062
      vertex -45.29999923706055 -43.58658981323242 -0.48128700256347656
    endloop
  endfacet
  facet normal 0 0.9807835094686675 0.19509922489421663
    outer loop
      vertex -47.29999923706055 -43.650001525878906 -0.16250991821289062
      vertex -45.29999923706055 -43.58658981323242 -0.48128700256347656
      vertex -47.29999923706055 -43.58658981323242 -0.48128700256347656
    endloop
  endfacet
  facet normal 0 0.9807835094686675 -0.19509922489421663
    outer loop
      vertex -47.29999923706055 -43.650001525878906 0.16250991821289062
      vertex -47.29999923706055 -43.58658981323242 0.48128700256347656
      vertex -45.29999923706055 -43.650001525878906 0.16250991821289062
    endloop
  endfacet
  facet normal 0 1 0
    outer loop
      vertex -47.29999923706055 -43.650001525878906 0.16250991821289062
      vertex -45.29999923706055 -43.650001525878906 0.16250991821289062
      vertex -45.29999923706055 -43.650001525878906 -0.16250991821289062
    endloop
  endfacet
  facet normal 0 0.9238817958257876 0.38267796819482264
    outer loop
      vertex -47.29999923706055 -43.58658981323242 -0.48128700256347656
      vertex -45.29999923706055 -43.58658981323242 -0.48128700256347656
      vertex -45.29999923706055 -43.46221160888672 -0.7815675735473633
    endloop
  endfacet
  facet normal 0 0.9238817958257876 0.38267796819482264
    outer loop
      vertex -47.29999923706055 -43.58658981323242 -0.48128700256347656
      vertex -45.29999923706055 -43.46221160888672 -0.7815675735473633
      vertex -47.29999923706055 -43.46221160888672 -0.7815675735473633
    endloop
  endfacet
  facet normal 0 0.9238817958257876 -0.38267796819482264
    outer loop
      vertex -47.29999923706055 -43.58658981323242 0.48128700256347656
      vertex -47.29999923706055 -43.46221160888672 0.7815675735473633
      vertex -45.29999923706055 -43.58658981323242 0.48128700256347656
    endloop
  endfacet
  facet normal 0 0.9807835094686675 -0.19509922489421663
    outer loop
      vertex -47.29999923706055 -43.58658981323242 0.48128700256347656
      vertex -45.29999923706055 -43.58658981323242 0.48128700256347656
      vertex -45.29999923706055 -43.650001525878906 0.16250991821289062
    endloop
  endfacet
  facet normal 0 0.831469321108729 0.5555706688216986
    outer loop
      vertex -47.29999923706055 -43.46221160888672 -0.7815675735473633
      vertex -45.29999923706055 -43.46221160888672 -0.7815675735473633
      vertex -45.29999923706055 -43.281639099121094 -1.0518131256103516
    endloop
  endfacet
  facet normal 0 0.831469321108729 0.5555706688216986
    outer loop
      vertex -47.29999923706055 -43.46221160888672 -0.7815675735473633
      vertex -45.29999923706055 -43.281639099121094 -1.0518131256103516
      vertex -47.29999923706055 -43.281639099121094 -1.0518131256103516
    endloop
  endfacet
  facet normal 0 0.831469321108729 -0.5555706688216986
    outer loop
      vertex -47.29999923706055 -43.46221160888672 0.7815675735473633
      vertex -47.29999923706055 -43.281639099121094 1.0518131256103516
      vertex -45.29999923706055 -43.46221160888672 0.7815675735473633
    endloop
  endfacet
  facet normal 0 0.9238817958257876 -0.38267796819482264
    outer loop
      vertex -47.29999923706055 -43.46221160888672 0.7815675735473633
      vertex -45.29999923706055 -43.46221160888672 0.7815675735473633
      vertex -45.29999923706055 -43.58658981323242 0.48128700256347656
    endloop
  endfacet
  facet normal 0 0.7071023799198058 0.7071111824258944
    outer loop
      vertex -47.29999923706055 -43.281639099121094 -1.0518131256103516
      vertex -45.29999923706055 -43.281639099121094 -1.0518131256103516
      vertex -47.29999923706055 -43.05181121826172 -1.2816381454467773
    endloop
  endfacet
  facet normal 0 0.7071023799198058 -0.7071111824258944
    outer loop
      vertex -47.29999923706055 -43.281639099121094 1.0518131256103516
      vertex -47.29999923706055 -43.05181121826172 1.2816381454467773
      vertex -45.29999923706055 -43.05181121826172 1.2816381454467773
    endloop
  endfacet
  facet normal 0 0.831469321108729 -0.5555706688216986
    outer loop
      vertex -47.29999923706055 -43.281639099121094 1.0518131256103516
      vertex -45.29999923706055 -43.281639099121094 1.0518131256103516
      vertex -45.29999923706055 -43.46221160888672 0.7815675735473633
    endloop
  endfacet
  facet normal 0 0.7071023799198058 -0.7071111824258944
    outer loop
      vertex -47.29999923706055 -43.281639099121094 1.0518131256103516
      vertex -45.29999923706055 -43.05181121826172 1.2816381454467773
      vertex -45.29999923706055 -43.281639099121094 1.0518131256103516
    endloop
  endfacet
  facet normal 0 0.7071023799198058 0.7071111824258944
    outer loop
      vertex -47.29999923706055 -43.05181121826172 -1.2816381454467773
      vertex -45.29999923706055 -43.281639099121094 -1.0518131256103516
      vertex -45.29999923706055 -43.05181121826172 -1.2816381454467773
    endloop
  endfacet
  facet normal 0 0.5555720242424284 0.8314684154429262
    outer loop
      vertex -47.29999923706055 -43.05181121826172 -1.2816381454467773
      vertex -45.29999923706055 -43.05181121826172 -1.2816381454467773
      vertex -47.29999923706055 -42.78156661987305 -1.4622106552124023
    endloop
  endfacet
  facet normal 0 0.5555720242424284 -0.8314684154429262
    outer loop
      vertex -47.29999923706055 -43.05181121826172 1.2816381454467773
      vertex -47.29999923706055 -42.78156661987305 1.4622106552124023
      vertex -45.29999923706055 -42.78156661987305 1.4622106552124023
    endloop
  endfacet
  facet normal 0 0.5555720242424284 -0.8314684154429262
    outer loop
      vertex -47.29999923706055 -43.05181121826172 1.2816381454467773
      vertex -45.29999923706055 -42.78156661987305 1.4622106552124023
      vertex -45.29999923706055 -43.05181121826172 1.2816381454467773
    endloop
  endfacet
  facet normal 0 0.5555720242424284 0.8314684154429262
    outer loop
      vertex -47.29999923706055 -42.78156661987305 -1.4622106552124023
      vertex -45.29999923706055 -43.05181121826172 -1.2816381454467773
      vertex -45.29999923706055 -42.78156661987305 -1.4622106552124023
    endloop
  endfacet
  facet normal 0 0.3826819398006651 0.9238801507503016
    outer loop
      vertex -47.29999923706055 -42.78156661987305 -1.4622106552124023
      vertex -45.29999923706055 -42.78156661987305 -1.4622106552124023
      vertex -47.29999923706055 -42.481285095214844 -1.5865907669067383
    endloop
  endfacet
  facet normal 0 0.3826819398006651 -0.9238801507503016
    outer loop
      vertex -47.29999923706055 -42.78156661987305 1.4622106552124023
      vertex -47.29999923706055 -42.481285095214844 1.5865907669067383
      vertex -45.29999923706055 -42.481285095214844 1.5865907669067383
    endloop
  endfacet
  facet normal 0 0.3826819398006651 -0.9238801507503016
    outer loop
      vertex -47.29999923706055 -42.78156661987305 1.4622106552124023
      vertex -45.29999923706055 -42.481285095214844 1.5865907669067383
      vertex -45.29999923706055 -42.78156661987305 1.4622106552124023
    endloop
  endfacet
  facet normal 0 0.3826819398006651 0.9238801507503016
    outer loop
      vertex -47.29999923706055 -42.481285095214844 -1.5865907669067383
      vertex -45.29999923706055 -42.78156661987305 -1.4622106552124023
      vertex -45.29999923706055 -42.481285095214844 -1.5865907669067383
    endloop
  endfacet
  facet normal 0 0.19509188027268318 0.9807849704454432
    outer loop
      vertex -47.29999923706055 -42.481285095214844 -1.5865907669067383
      vertex -45.29999923706055 -42.481285095214844 -1.5865907669067383
      vertex -47.29999923706055 -42.16250991821289 -1.6499996185302734
    endloop
  endfacet
  facet normal 0 0.19509188027268318 -0.9807849704454432
    outer loop
      vertex -47.29999923706055 -42.481285095214844 1.5865907669067383
      vertex -47.29999923706055 -42.16250991821289 1.6499996185302734
      vertex -45.29999923706055 -42.16250991821289 1.6499996185302734
    endloop
  endfacet
  facet normal 0 0.19509188027268318 -0.9807849704454432
    outer loop
      vertex -47.29999923706055 -42.481285095214844 1.5865907669067383
      vertex -45.29999923706055 -42.16250991821289 1.6499996185302734
      vertex -45.29999923706055 -42.481285095214844 1.5865907669067383
    endloop
  endfacet
  facet normal 0 0.19509188027268318 0.9807849704454432
    outer loop
      vertex -47.29999923706055 -42.16250991821289 -1.6499996185302734
      vertex -45.29999923706055 -42.481285095214844 -1.5865907669067383
      vertex -45.29999923706055 -42.16250991821289 -1.6499996185302734
    endloop
  endfacet
  facet normal 0 0 1
    outer loop
      vertex -47.29999923706055 -42.16250991821289 -1.6499996185302734
      vertex -45.29999923706055 -42.16250991821289 -1.6499996185302734
      vertex -47.29999923706055 -41.83749008178711 -1.6499996185302734
    endloop
  endfacet
  facet normal 0 0 -1
    outer loop
      vertex -47.29999923706055 -42.16250991821289 1.6499996185302734
      vertex -47.29999923706055 -41.83749008178711 1.6499996185302734
      vertex -45.29999923706055 -41.83749008178711 1.6499996185302734
    endloop
  endfacet
  facet normal 0 0 -1
    outer loop
      vertex -47.29999923706055 -42.16250991821289 1.6499996185302734
      vertex -45.29999923706055 -41.83749008178711 1.6499996185302734
      vertex -45.29999923706055 -42.16250991821289 1.6499996185302734
    endloop
  endfacet
  facet normal 0 0 1
    outer loop
      vertex -47.29999923706055 -41.83749008178711 -1.6499996185302734
      vertex -45.29999923706055 -42.16250991821289 -1.6499996185302734
      vertex -45.29999923706055 -41.83749008178711 -1.6499996185302734
    endloop
  endfacet
  facet normal 0 -0.19508963454299286 0.9807854171498889
    outer loop
      vertex -47.29999923706055 -41.83749008178711 -1.6499996185302734
      vertex -45.29999923706055 -41.83749008178711 -1.6499996185302734
      vertex -47.29999923706055 -41.51871109008789 -1.5865907669067383
    endloop
  endfacet
  facet normal 0 -0.19508963454299286 -0.9807854171498889
    outer loop
      vertex -47.29999923706055 -41.83749008178711 1.6499996185302734
      vertex -47.29999923706055 -41.51871109008789 1.5865907669067383
      vertex -45.29999923706055 -41.51871109008789 1.5865907669067383
    endloop
  endfacet
  facet normal 0 -0.19508963454299286 -0.9807854171498889
    outer loop
      vertex -47.29999923706055 -41.83749008178711 1.6499996185302734
      vertex -45.29999923706055 -41.51871109008789 1.5865907669067383
      vertex -45.29999923706055 -41.83749008178711 1.6499996185302734
    endloop
  endfacet
  facet normal 0 -0.19508963454299286 0.9807854171498889
    outer loop
      vertex -47.29999923706055 -41.51871109008789 -1.5865907669067383
      vertex -45.29999923706055 -41.83749008178711 -1.6499996185302734
      vertex -45.29999923706055 -41.51871109008789 -1.5865907669067383
    endloop
  endfacet
  facet normal 0 -0.3826819398006651 0.9238801507503016
    outer loop
      vertex -47.29999923706055 -41.51871109008789 -1.5865907669067383
      vertex -45.29999923706055 -41.51871109008789 -1.5865907669067383
      vertex -47.29999923706055 -41.21842956542969 -1.4622106552124023
    endloop
  endfacet
  facet normal 0 -0.3826819398006651 -0.9238801507503016
    outer loop
      vertex -47.29999923706055 -41.51871109008789 1.5865907669067383
      vertex -47.29999923706055 -41.21842956542969 1.4622106552124023
      vertex -45.29999923706055 -41.21842956542969 1.4622106552124023
    endloop
  endfacet
  facet normal 0 -0.3826819398006651 -0.9238801507503016
    outer loop
      vertex -47.29999923706055 -41.51871109008789 1.5865907669067383
      vertex -45.29999923706055 -41.21842956542969 1.4622106552124023
      vertex -45.29999923706055 -41.51871109008789 1.5865907669067383
    endloop
  endfacet
  facet normal 0 -0.3826819398006651 0.9238801507503016
    outer loop
      vertex -47.29999923706055 -41.21842956542969 -1.4622106552124023
      vertex -45.29999923706055 -41.51871109008789 -1.5865907669067383
      vertex -45.29999923706055 -41.21842956542969 -1.4622106552124023
    endloop
  endfacet
  facet normal 0 -0.5555720242424284 0.8314684154429262
    outer loop
      vertex -47.29999923706055 -41.21842956542969 -1.4622106552124023
      vertex -45.29999923706055 -41.21842956542969 -1.4622106552124023
      vertex -47.29999923706055 -40.948184967041016 -1.2816381454467773
    endloop
  endfacet
  facet normal 0 -0.5555720242424284 -0.8314684154429262
    outer loop
      vertex -47.29999923706055 -41.21842956542969 1.4622106552124023
      vertex -47.29999923706055 -40.948184967041016 1.2816381454467773
      vertex -45.29999923706055 -40.948184967041016 1.2816381454467773
    endloop
  endfacet
  facet normal -1 0 0
    outer loop
      vertex -47.29999923706055 -41.21842956542969 1.4622106552124023
      vertex -47.29999923706055 -0.7815675735473633 1.4622106552124023
      vertex -47.29999923706055 -40.948184967041016 1.2816381454467773
    endloop
  endfacet
  facet normal 0 -0.5555720242424284 -0.8314684154429262
    outer loop
      vertex -47.29999923706055 -41.21842956542969 1.4622106552124023
      vertex -45.29999923706055 -40.948184967041016 1.2816381454467773
      vertex -45.29999923706055 -41.21842956542969 1.4622106552124023
    endloop
  endfacet
  facet normal -1 0 0
    outer loop
      vertex -47.29999923706055 -40.948184967041016 -1.2816381454467773
      vertex -47.29999923706055 -40.718360900878906 -1.0518131256103516
      vertex -47.29999923706055 -1.0518131256103516 -1.2816381454467773
    endloop
  endfacet
  facet normal 0 -0.5555720242424284 0.8314684154429262
    outer loop
      vertex -47.29999923706055 -40.948184967041016 -1.2816381454467773
      vertex -45.29999923706055 -41.21842956542969 -1.4622106552124023
      vertex -45.29999923706055 -40.948184967041016 -1.2816381454467773
    endloop
  endfacet
  facet normal 0 -0.7071082482815493 0.707105314088502
    outer loop
      vertex -47.29999923706055 -40.948184967041016 -1.2816381454467773
      vertex -45.29999923706055 -40.948184967041016 -1.2816381454467773
      vertex -45.29999923706055 -40.718360900878906 -1.0518131256103516
    endloop
  endfacet
  facet normal 0 -0.7071082482815493 0.707105314088502
    outer loop
      vertex -47.29999923706055 -40.948184967041016 -1.2816381454467773
      vertex -45.29999923706055 -40.718360900878906 -1.0518131256103516
      vertex -47.29999923706055 -40.718360900878906 -1.0518131256103516
    endloop
  endfacet
  facet normal 0 -0.7071082482815493 -0.707105314088502
    outer loop
      vertex -47.29999923706055 -40.948184967041016 1.2816381454467773
      vertex -47.29999923706055 -40.718360900878906 1.0518131256103516
      vertex -45.29999923706055 -40.948184967041016 1.2816381454467773
    endloop
  endfacet
  facet normal -1 0 0
    outer loop
      vertex -47.29999923706055 -40.948184967041016 1.2816381454467773
      vertex -47.29999923706055 -1.0518131256103516 1.2816381454467773
      vertex -47.29999923706055 -40.718360900878906 1.0518131256103516
    endloop
  endfacet
  facet normal -1 0 0
    outer loop
      vertex -47.29999923706055 -40.948184967041016 1.2816381454467773
      vertex -47.29999923706055 -0.7815675735473633 1.4622106552124023
      vertex -47.29999923706055 -1.0518131256103516 1.2816381454467773
    endloop
  endfacet
  facet normal -1 0 0
    outer loop
      vertex -47.29999923706055 -40.718360900878906 -1.0518131256103516
      vertex -47.29999923706055 -40.53778839111328 -0.7815675735473633
      vertex -47.29999923706055 -1.2816381454467773 -1.0518131256103516
    endloop
  endfacet
  facet normal -1 0 0
    outer loop
      vertex -47.29999923706055 -40.718360900878906 -1.0518131256103516
      vertex -47.29999923706055 -1.2816381454467773 -1.0518131256103516
      vertex -47.29999923706055 -1.0518131256103516 -1.2816381454467773
    endloop
  endfacet
  facet normal 0 -0.831469321108729 0.5555706688216986
    outer loop
      vertex -47.29999923706055 -40.718360900878906 -1.0518131256103516
      vertex -45.29999923706055 -40.718360900878906 -1.0518131256103516
      vertex -45.29999923706055 -40.53778839111328 -0.7815675735473633
    endloop
  endfacet
  facet normal 0 -0.831469321108729 0.5555706688216986
    outer loop
      vertex -47.29999923706055 -40.718360900878906 -1.0518131256103516
      vertex -45.29999923706055 -40.53778839111328 -0.7815675735473633
      vertex -47.29999923706055 -40.53778839111328 -0.7815675735473633
    endloop
  endfacet
  facet normal 0 -0.831469321108729 -0.5555706688216986
    outer loop
      vertex -47.29999923706055 -40.718360900878906 1.0518131256103516
      vertex -47.29999923706055 -40.53778839111328 0.7815675735473633
      vertex -45.29999923706055 -40.718360900878906 1.0518131256103516
    endloop
  endfacet
  facet normal -1 0 0
    outer loop
      vertex -47.29999923706055 -40.718360900878906 1.0518131256103516
      vertex -47.29999923706055 -1.2816381454467773 1.0518131256103516
      vertex -47.29999923706055 -40.53778839111328 0.7815675735473633
    endloop
  endfacet
  facet normal -1 0 0
    outer loop
      vertex -47.29999923706055 -40.718360900878906 1.0518131256103516
      vertex -47.29999923706055 -1.0518131256103516 1.2816381454467773
      vertex -47.29999923706055 -1.2816381454467773 1.0518131256103516
    endloop
  endfacet
  facet normal 0 -0.7071082482815493 -0.707105314088502
    outer loop
      vertex -47.29999923706055 -40.718360900878906 1.0518131256103516
      vertex -45.29999923706055 -40.718360900878906 1.0518131256103516
      vertex -45.29999923706055 -40.948184967041016 1.2816381454467773
    endloop
  endfacet
  facet normal -1 0 0
    outer loop
      vertex -47.29999923706055 -40.53778839111328 -0.7815675735473633
      vertex -47.29999923706055 -40.41340637207031 -0.48128700256347656
      vertex -47.29999923706055 -1.4622106552124023 -0.7815675735473633
    endloop
  endfacet
  facet normal -1 0 0
    outer loop
      vertex -47.29999923706055 -40.53778839111328 -0.7815675735473633
      vertex -47.29999923706055 -1.4622106552124023 -0.7815675735473633
      vertex -47.29999923706055 -1.2816381454467773 -1.0518131256103516
    endloop
  endfacet
  facet normal 0 -0.9238776462580525 0.38268798615148697
    outer loop
      vertex -47.29999923706055 -40.53778839111328 -0.7815675735473633
      vertex -45.29999923706055 -40.53778839111328 -0.7815675735473633
      vertex -45.29999923706055 -40.41340637207031 -0.48128700256347656
    endloop
  endfacet
  facet normal 0 -0.9238776462580525 0.38268798615148697
    outer loop
      vertex -47.29999923706055 -40.53778839111328 -0.7815675735473633
      vertex -45.29999923706055 -40.41340637207031 -0.48128700256347656
      vertex -47.29999923706055 -40.41340637207031 -0.48128700256347656
    endloop
  endfacet
  facet normal 0 -0.9238776462580525 -0.38268798615148697
    outer loop
      vertex -47.29999923706055 -40.53778839111328 0.7815675735473633
      vertex -47.29999923706055 -40.41340637207031 0.48128700256347656
      vertex -45.29999923706055 -40.53778839111328 0.7815675735473633
    endloop
  endfacet
  facet normal -1 0 0
    outer loop
      vertex -47.29999923706055 -40.53778839111328 0.7815675735473633
      vertex -47.29999923706055 -1.4622106552124023 0.7815675735473633
      vertex -47.29999923706055 -40.41340637207031 0.48128700256347656
    endloop
  endfacet
  facet normal -1 0 0
    outer loop
      vertex -47.29999923706055 -40.53778839111328 0.7815675735473633
      vertex -47.29999923706055 -1.2816381454467773 1.0518131256103516
      vertex -47.29999923706055 -1.4622106552124023 0.7815675735473633
    endloop
  endfacet
  facet normal 0 -0.831469321108729 -0.5555706688216986
    outer loop
      vertex -47.29999923706055 -40.53778839111328 0.7815675735473633
      vertex -45.29999923706055 -40.53778839111328 0.7815675735473633
      vertex -45.29999923706055 -40.718360900878906 1.0518131256103516
    endloop
  endfacet
  facet normal -1 0 0
    outer loop
      vertex -47.29999923706055 -40.41340637207031 -0.48128700256347656
      vertex -47.29999923706055 -40.349998474121094 -0.16250991821289062
      vertex -47.29999923706055 -1.5865907669067383 -0.48128700256347656
    endloop
  endfacet
  facet normal -1 0 0
    outer loop
      vertex -47.29999923706055 -40.41340637207031 -0.48128700256347656
      vertex -47.29999923706055 -1.5865907669067383 -0.48128700256347656
      vertex -47.29999923706055 -1.4622106552124023 -0.7815675735473633
    endloop
  endfacet
  facet normal 0 -0.9807857552282769 0.1950879348942377
    outer loop
      vertex -47.29999923706055 -40.41340637207031 -0.48128700256347656
      vertex -45.29999923706055 -40.41340637207031 -0.48128700256347656
      vertex -45.29999923706055 -40.349998474121094 -0.16250991821289062
    endloop
  endfacet
  facet normal 0 -0.9807857552282769 0.1950879348942377
    outer loop
      vertex -47.29999923706055 -40.41340637207031 -0.48128700256347656
      vertex -45.29999923706055 -40.349998474121094 -0.16250991821289062
      vertex -47.29999923706055 -40.349998474121094 -0.16250991821289062
    endloop
  endfacet
  facet normal 0 -0.9807857552282769 -0.1950879348942377
    outer loop
      vertex -47.29999923706055 -40.41340637207031 0.48128700256347656
      vertex -47.29999923706055 -40.349998474121094 0.16250991821289062
      vertex -45.29999923706055 -40.41340637207031 0.48128700256347656
    endloop
  endfacet
  facet normal -1 0 0
    outer loop
      vertex -47.29999923706055 -40.41340637207031 0.48128700256347656
      vertex -47.29999923706055 -1.5865907669067383 0.48128700256347656
      vertex -47.29999923706055 -40.349998474121094 0.16250991821289062
    endloop
  endfacet
  facet normal -1 0 0
    outer loop
      vertex -47.29999923706055 -40.41340637207031 0.48128700256347656
      vertex -47.29999923706055 -1.4622106552124023 0.7815675735473633
      vertex -47.29999923706055 -1.5865907669067383 0.48128700256347656
    endloop
  endfacet
  facet normal 0 -0.9238776462580525 -0.38268798615148697
    outer loop
      vertex -47.29999923706055 -40.41340637207031 0.48128700256347656
      vertex -45.29999923706055 -40.41340637207031 0.48128700256347656
      vertex -45.29999923706055 -40.53778839111328 0.7815675735473633
    endloop
  endfacet
  facet normal -1 0 0
    outer loop
      vertex -47.29999923706055 -40.349998474121094 -0.16250991821289062
      vertex -47.29999923706055 -40.349998474121094 0.16250991821289062
      vertex -47.29999923706055 -1.6499996185302734 0.16250991821289062
    endloop
  endfacet
  facet normal -1 0 0
    outer loop
      vertex -47.29999923706055 -40.349998474121094 -0.16250991821289062
      vertex -47.29999923706055 -1.6499996185302734 -0.16250991821289062
      vertex -47.29999923706055 -1.5865907669067383 -0.48128700256347656
    endloop
  endfacet
  facet normal -1 0 0
    outer loop
      vertex -47.29999923706055 -40.349998474121094 -0.16250991821289062
      vertex -47.29999923706055 -1.6499996185302734 0.16250991821289062
      vertex -47.29999923706055 -1.6499996185302734 -0.16250991821289062
    endloop
  endfacet
  facet normal 0 -1 0
    outer loop
      vertex -47.29999923706055 -40.349998474121094 -0.16250991821289062
      vertex -45.29999923706055 -40.349998474121094 -0.16250991821289062
      vertex -45.29999923706055 -40.349998474121094 0.16250991821289062
    endloop
  endfacet
  facet normal 0 -1 0
    outer loop
      vertex -47.29999923706055 -40.349998474121094 -0.16250991821289062
      vertex -45.29999923706055 -40.349998474121094 0.16250991821289062
      vertex -47.29999923706055 -40.349998474121094 0.16250991821289062
    endloop
  endfacet
  facet normal -1 0 0
    outer loop
      vertex -47.29999923706055 -40.349998474121094 0.16250991821289062
      vertex -47.29999923706055 -1.5865907669067383 0.48128700256347656
      vertex -47.29999923706055 -1.6499996185302734 0.16250991821289062
    endloop
  endfacet
  facet normal 0 -0.9807857552282769 -0.1950879348942377
    outer loop
      vertex -47.29999923706055 -40.349998474121094 0.16250991821289062
      vertex -45.29999923706055 -40.349998474121094 0.16250991821289062
      vertex -45.29999923706055 -40.41340637207031 0.48128700256347656
    endloop
  endfacet
  facet normal 0 1 0
    outer loop
      vertex -47.29999923706055 -1.6499996185302734 -0.16250991821289062
      vertex -47.29999923706055 -1.6499996185302734 0.16250991821289062
      vertex -45.29999923706055 -1.6499996185302734 -0.16250991821289062
    endloop
  endfacet
  facet normal 0 0.9807851937995943 0.19509075740150308
    outer loop
      vertex -47.29999923706055 -1.6499996185302734 -0.16250991821289062
      vertex -45.29999923706055 -1.6499996185302734 -0.16250991821289062
      vertex -45.29999923706055 -1.5865907669067383 -0.48128700256347656
    endloop
  endfacet
  facet normal 0 0.9807851937995943 0.19509075740150308
    outer loop
      vertex -47.29999923706055 -1.6499996185302734 -0.16250991821289062
      vertex -45.29999923706055 -1.5865907669067383 -0.48128700256347656
      vertex -47.29999923706055 -1.5865907669067383 -0.48128700256347656
    endloop
  endfacet
  facet normal 0 0.9807851937995943 -0.19509075740150308
    outer loop
      vertex -47.29999923706055 -1.6499996185302734 0.16250991821289062
      vertex -47.29999923706055 -1.5865907669067383 0.48128700256347656
      vertex -45.29999923706055 -1.6499996185302734 0.16250991821289062
    endloop
  endfacet
  facet normal 0 1 0
    outer loop
      vertex -47.29999923706055 -1.6499996185302734 0.16250991821289062
      vertex -45.29999923706055 -1.6499996185302734 0.16250991821289062
      vertex -45.29999923706055 -1.6499996185302734 -0.16250991821289062
    endloop
  endfacet
  facet normal 0 0.9238797210508393 0.38268297719002803
    outer loop
      vertex -47.29999923706055 -1.5865907669067383 -0.48128700256347656
      vertex -45.29999923706055 -1.5865907669067383 -0.48128700256347656
      vertex -45.29999923706055 -1.4622106552124023 -0.7815675735473633
    endloop
  endfacet
  facet normal 0 0.9238797210508393 0.38268297719002803
    outer loop
      vertex -47.29999923706055 -1.5865907669067383 -0.48128700256347656
      vertex -45.29999923706055 -1.4622106552124023 -0.7815675735473633
      vertex -47.29999923706055 -1.4622106552124023 -0.7815675735473633
    endloop
  endfacet
  facet normal 0 0.9238797210508393 -0.38268297719002803
    outer loop
      vertex -47.29999923706055 -1.5865907669067383 0.48128700256347656
      vertex -47.29999923706055 -1.4622106552124023 0.7815675735473633
      vertex -45.29999923706055 -1.5865907669067383 0.48128700256347656
    endloop
  endfacet
  facet normal 0 0.9807851937995943 -0.19509075740150308
    outer loop
      vertex -47.29999923706055 -1.5865907669067383 0.48128700256347656
      vertex -45.29999923706055 -1.5865907669067383 0.48128700256347656
      vertex -45.29999923706055 -1.6499996185302734 0.16250991821289062
    endloop
  endfacet
  facet normal 0 0.831469321108729 0.5555706688216986
    outer loop
      vertex -47.29999923706055 -1.4622106552124023 -0.7815675735473633
      vertex -45.29999923706055 -1.4622106552124023 -0.7815675735473633
      vertex -45.29999923706055 -1.2816381454467773 -1.0518131256103516
    endloop
  endfacet
  facet normal 0 0.831469321108729 0.5555706688216986
    outer loop
      vertex -47.29999923706055 -1.4622106552124023 -0.7815675735473633
      vertex -45.29999923706055 -1.2816381454467773 -1.0518131256103516
      vertex -47.29999923706055 -1.2816381454467773 -1.0518131256103516
    endloop
  endfacet
  facet normal 0 0.831469321108729 -0.5555706688216986
    outer loop
      vertex -47.29999923706055 -1.4622106552124023 0.7815675735473633
      vertex -47.29999923706055 -1.2816381454467773 1.0518131256103516
      vertex -45.29999923706055 -1.4622106552124023 0.7815675735473633
    endloop
  endfacet
  facet normal 0 0.9238797210508393 -0.38268297719002803
    outer loop
      vertex -47.29999923706055 -1.4622106552124023 0.7815675735473633
      vertex -45.29999923706055 -1.4622106552124023 0.7815675735473633
      vertex -45.29999923706055 -1.5865907669067383 0.48128700256347656
    endloop
  endfacet
  facet normal 0 0.7071067811865475 0.7071067811865475
    outer loop
      vertex -47.29999923706055 -1.2816381454467773 -1.0518131256103516
      vertex -45.29999923706055 -1.2816381454467773 -1.0518131256103516
      vertex -45.29999923706055 -1.0518131256103516 -1.2816381454467773
    endloop
  endfacet
  facet normal 0 0.7071067811865475 0.7071067811865475
    outer loop
      vertex -47.29999923706055 -1.2816381454467773 -1.0518131256103516
      vertex -45.29999923706055 -1.0518131256103516 -1.2816381454467773
      vertex -47.29999923706055 -1.0518131256103516 -1.2816381454467773
    endloop
  endfacet
  facet normal 0 0.7071067811865475 -0.7071067811865475
    outer loop
      vertex -47.29999923706055 -1.2816381454467773 1.0518131256103516
      vertex -47.29999923706055 -1.0518131256103516 1.2816381454467773
      vertex -45.29999923706055 -1.2816381454467773 1.0518131256103516
    endloop
  endfacet
  facet normal 0 0.831469321108729 -0.5555706688216986
    outer loop
      vertex -47.29999923706055 -1.2816381454467773 1.0518131256103516
      vertex -45.29999923706055 -1.2816381454467773 1.0518131256103516
      vertex -45.29999923706055 -1.4622106552124023 0.7815675735473633
    endloop
  endfacet
  facet normal 0 0.5555706688216986 0.831469321108729
    outer loop
      vertex -47.29999923706055 -1.0518131256103516 -1.2816381454467773
      vertex -45.29999923706055 -1.0518131256103516 -1.2816381454467773
      vertex -47.29999923706055 -0.7815675735473633 -1.4622106552124023
    endloop
  endfacet
  facet normal 0 0.5555706688216986 -0.831469321108729
    outer loop
      vertex -47.29999923706055 -1.0518131256103516 1.2816381454467773
      vertex -47.29999923706055 -0.7815675735473633 1.4622106552124023
      vertex -45.29999923706055 -0.7815675735473633 1.4622106552124023
    endloop
  endfacet
  facet normal 0 0.7071067811865475 -0.7071067811865475
    outer loop
      vertex -47.29999923706055 -1.0518131256103516 1.2816381454467773
      vertex -45.29999923706055 -1.0518131256103516 1.2816381454467773
      vertex -45.29999923706055 -1.2816381454467773 1.0518131256103516
    endloop
  endfacet
  facet normal 0 0.5555706688216986 -0.831469321108729
    outer loop
      vertex -47.29999923706055 -1.0518131256103516 1.2816381454467773
      vertex -45.29999923706055 -0.7815675735473633 1.4622106552124023
      vertex -45.29999923706055 -1.0518131256103516 1.2816381454467773
    endloop
  endfacet
  facet normal 0 0.5555706688216986 0.831469321108729
    outer loop
      vertex -47.29999923706055 -0.7815675735473633 -1.4622106552124023
      vertex -45.29999923706055 -1.0518131256103516 -1.2816381454467773
      vertex -45.29999923706055 -0.7815675735473633 -1.4622106552124023
    endloop
  endfacet
  facet normal 0 0.38268297719002803 0.9238797210508393
    outer loop
      vertex -47.29999923706055 -0.7815675735473633 -1.4622106552124023
      vertex -45.29999923706055 -0.7815675735473633 -1.4622106552124023
      vertex -47.29999923706055 -0.48128700256347656 -1.5865907669067383
    endloop
  endfacet
  facet normal 0 0.38268297719002803 -0.9238797210508393
    outer loop
      vertex -47.29999923706055 -0.7815675735473633 1.4622106552124023
      vertex -47.29999923706055 -0.48128700256347656 1.5865907669067383
      vertex -45.29999923706055 -0.48128700256347656 1.5865907669067383
    endloop
  endfacet
  facet normal 0 0.38268297719002803 -0.9238797210508393
    outer loop
      vertex -47.29999923706055 -0.7815675735473633 1.4622106552124023
      vertex -45.29999923706055 -0.48128700256347656 1.5865907669067383
      vertex -45.29999923706055 -0.7815675735473633 1.4622106552124023
    endloop
  endfacet
  facet normal 0 0.38268297719002803 0.9238797210508393
    outer loop
      vertex -47.29999923706055 -0.48128700256347656 -1.5865907669067383
      vertex -45.29999923706055 -0.7815675735473633 -1.4622106552124023
      vertex -45.29999923706055 -0.48128700256347656 -1.5865907669067383
    endloop
  endfacet
  facet normal 0 0.19509075740150308 0.9807851937995943
    outer loop
      vertex -47.29999923706055 -0.48128700256347656 -1.5865907669067383
      vertex -45.29999923706055 -0.48128700256347656 -1.5865907669067383
      vertex -47.29999923706055 -0.16250991821289062 -1.6499996185302734
    endloop
  endfacet
  facet normal 0 0.19509075740150308 -0.9807851937995943
    outer loop
      vertex -47.29999923706055 -0.48128700256347656 1.5865907669067383
      vertex -47.29999923706055 -0.16250991821289062 1.6499996185302734
      vertex -45.29999923706055 -0.16250991821289062 1.6499996185302734
    endloop
  endfacet
  facet normal 0 0.19509075740150308 -0.9807851937995943
    outer loop
      vertex -47.29999923706055 -0.48128700256347656 1.5865907669067383
      vertex -45.29999923706055 -0.16250991821289062 1.6499996185302734
      vertex -45.29999923706055 -0.48128700256347656 1.5865907669067383
    endloop
  endfacet
  facet normal -1 0 0
    outer loop
      vertex -47.29999923706055 -0.16250991821289062 -1.6499996185302734
      vertex -47.29999923706055 0.16250991821289062 -1.6499996185302734
      vertex -47.29999923706055 47.295475006103516 -9
    endloop
  endfacet
  facet normal 0 0.19509075740150308 0.9807851937995943
    outer loop
      vertex -47.29999923706055 -0.16250991821289062 -1.6499996185302734
      vertex -45.29999923706055 -0.48128700256347656 -1.5865907669067383
      vertex -45.29999923706055 -0.16250991821289062 -1.6499996185302734
    endloop
  endfacet
  facet normal 0 0 1
    outer loop
      vertex -47.29999923706055 -0.16250991821289062 -1.6499996185302734
      vertex -45.29999923706055 -0.16250991821289062 -1.6499996185302734
      vertex -47.29999923706055 0.16250991821289062 -1.6499996185302734
    endloop
  endfacet
  facet normal 0 0 -1
    outer loop
      vertex -47.29999923706055 -0.16250991821289062 1.6499996185302734
      vertex -47.29999923706055 0.16250991821289062 1.6499996185302734
      vertex -45.29999923706055 0.16250991821289062 1.6499996185302734
    endloop
  endfacet
  facet normal -1 0 0
    outer loop
      vertex -47.29999923706055 -0.16250991821289062 1.6499996185302734
      vertex -47.29999923706055 47.295475006103516 6
      vertex -47.29999923706055 0.16250991821289062 1.6499996185302734
    endloop
  endfacet
  facet normal 0 0 -1
    outer loop
      vertex -47.29999923706055 -0.16250991821289062 1.6499996185302734
      vertex -45.29999923706055 0.16250991821289062 1.6499996185302734
      vertex -45.29999923706055 -0.16250991821289062 1.6499996185302734
    endloop
  endfacet
  facet normal -1 0 0
    outer loop
      vertex -47.29999923706055 0.16250991821289062 -1.6499996185302734
      vertex -47.29999923706055 0.48128700256347656 -1.5865907669067383
      vertex -47.29999923706055 47.295475006103516 -9
    endloop
  endfacet
  facet normal 0 0 1
    outer loop
      vertex -47.29999923706055 0.16250991821289062 -1.6499996185302734
      vertex -45.29999923706055 -0.16250991821289062 -1.6499996185302734
      vertex -45.29999923706055 0.16250991821289062 -1.6499996185302734
    endloop
  endfacet
  facet normal 0 -0.19509075740150308 0.9807851937995943
    outer loop
      vertex -47.29999923706055 0.16250991821289062 -1.6499996185302734
      vertex -45.29999923706055 0.16250991821289062 -1.6499996185302734
      vertex -47.29999923706055 0.48128700256347656 -1.5865907669067383
    endloop
  endfacet
  facet normal 0 -0.19509075740150308 -0.9807851937995943
    outer loop
      vertex -47.29999923706055 0.16250991821289062 1.6499996185302734
      vertex -47.29999923706055 0.48128700256347656 1.5865907669067383
      vertex -45.29999923706055 0.48128700256347656 1.5865907669067383
    endloop
  endfacet
  facet normal -1 0 0
    outer loop
      vertex -47.29999923706055 0.16250991821289062 1.6499996185302734
      vertex -47.29999923706055 47.295475006103516 6
      vertex -47.29999923706055 0.48128700256347656 1.5865907669067383
    endloop
  endfacet
  facet normal 0 -0.19509075740150308 -0.9807851937995943
    outer loop
      vertex -47.29999923706055 0.16250991821289062 1.6499996185302734
      vertex -45.29999923706055 0.48128700256347656 1.5865907669067383
      vertex -45.29999923706055 0.16250991821289062 1.6499996185302734
    endloop
  endfacet
  facet normal -1 0 0
    outer loop
      vertex -47.29999923706055 0.48128700256347656 -1.5865907669067383
      vertex -47.29999923706055 0.7815675735473633 -1.4622106552124023
      vertex -47.29999923706055 47.295475006103516 -9
    endloop
  endfacet
  facet normal 0 -0.19509075740150308 0.9807851937995943
    outer loop
      vertex -47.29999923706055 0.48128700256347656 -1.5865907669067383
      vertex -45.29999923706055 0.16250991821289062 -1.6499996185302734
      vertex -45.29999923706055 0.48128700256347656 -1.5865907669067383
    endloop
  endfacet
  facet normal 0 -0.38268297719002803 0.9238797210508393
    outer loop
      vertex -47.29999923706055 0.48128700256347656 -1.5865907669067383
      vertex -45.29999923706055 0.48128700256347656 -1.5865907669067383
      vertex -47.29999923706055 0.7815675735473633 -1.4622106552124023
    endloop
  endfacet
  facet normal 0 -0.38268297719002803 -0.9238797210508393
    outer loop
      vertex -47.29999923706055 0.48128700256347656 1.5865907669067383
      vertex -47.29999923706055 0.7815675735473633 1.4622106552124023
      vertex -45.29999923706055 0.7815675735473633 1.4622106552124023
    endloop
  endfacet
  facet normal -1 0 0
    outer loop
      vertex -47.29999923706055 0.48128700256347656 1.5865907669067383
      vertex -47.29999923706055 47.295475006103516 6
      vertex -47.29999923706055 0.7815675735473633 1.4622106552124023
    endloop
  endfacet
  facet normal 0 -0.38268297719002803 -0.9238797210508393
    outer loop
      vertex -47.29999923706055 0.48128700256347656 1.5865907669067383
      vertex -45.29999923706055 0.7815675735473633 1.4622106552124023
      vertex -45.29999923706055 0.48128700256347656 1.5865907669067383
    endloop
  endfacet
  facet normal -1 0 0
    outer loop
      vertex -47.29999923706055 0.7815675735473633 -1.4622106552124023
      vertex -47.29999923706055 1.0518131256103516 -1.2816381454467773
      vertex -47.29999923706055 47.295475006103516 -9
    endloop
  endfacet
  facet normal 0 -0.38268297719002803 0.9238797210508393
    outer loop
      vertex -47.29999923706055 0.7815675735473633 -1.4622106552124023
      vertex -45.29999923706055 0.48128700256347656 -1.5865907669067383
      vertex -45.29999923706055 0.7815675735473633 -1.4622106552124023
    endloop
  endfacet
  facet normal 0 -0.5555706688216986 0.831469321108729
    outer loop
      vertex -47.29999923706055 0.7815675735473633 -1.4622106552124023
      vertex -45.29999923706055 0.7815675735473633 -1.4622106552124023
      vertex -47.29999923706055 1.0518131256103516 -1.2816381454467773
    endloop
  endfacet
  facet normal 0 -0.5555706688216986 -0.831469321108729
    outer loop
      vertex -47.29999923706055 0.7815675735473633 1.4622106552124023
      vertex -47.29999923706055 1.0518131256103516 1.2816381454467773
      vertex -45.29999923706055 1.0518131256103516 1.2816381454467773
    endloop
  endfacet
  facet normal -1 0 0
    outer loop
      vertex -47.29999923706055 0.7815675735473633 1.4622106552124023
      vertex -47.29999923706055 40.948184967041016 1.2816381454467773
      vertex -47.29999923706055 1.0518131256103516 1.2816381454467773
    endloop
  endfacet
  facet normal -1 0 0
    outer loop
      vertex -47.29999923706055 0.7815675735473633 1.4622106552124023
      vertex -47.29999923706055 41.21842956542969 1.4622106552124023
      vertex -47.29999923706055 40.948184967041016 1.2816381454467773
    endloop
  endfacet
  facet normal -1 0 0
    outer loop
      vertex -47.29999923706055 0.7815675735473633 1.4622106552124023
      vertex -47.29999923706055 47.295475006103516 6
      vertex -47.29999923706055 41.21842956542969 1.4622106552124023
    endloop
  endfacet
  facet normal 0 -0.5555706688216986 -0.831469321108729
    outer loop
      vertex -47.29999923706055 0.7815675735473633 1.4622106552124023
      vertex -45.29999923706055 1.0518131256103516 1.2816381454467773
      vertex -45.29999923706055 0.7815675735473633 1.4622106552124023
    endloop
  endfacet
  facet normal -1 0 0
    outer loop
      vertex -47.29999923706055 1.0518131256103516 -1.2816381454467773
      vertex -47.29999923706055 1.2816381454467773 -1.0518131256103516
      vertex -47.29999923706055 40.718360900878906 -1.0518131256103516
    endloop
  endfacet
  facet normal -1 0 0
    outer loop
      vertex -47.29999923706055 1.0518131256103516 -1.2816381454467773
      vertex -47.29999923706055 40.718360900878906 -1.0518131256103516
      vertex -47.29999923706055 40.948184967041016 -1.2816381454467773
    endloop
  endfacet
  facet normal -1 0 0
    outer loop
      vertex -47.29999923706055 1.0518131256103516 -1.2816381454467773
      vertex -47.29999923706055 40.948184967041016 -1.2816381454467773
      vertex -47.29999923706055 47.295475006103516 -9
    endloop
  endfacet
  facet normal 0 -0.5555706688216986 0.831469321108729
    outer loop
      vertex -47.29999923706055 1.0518131256103516 -1.2816381454467773
      vertex -45.29999923706055 0.7815675735473633 -1.4622106552124023
      vertex -45.29999923706055 1.0518131256103516 -1.2816381454467773
    endloop
  endfacet
  facet normal 0 -0.7071067811865475 0.7071067811865475
    outer loop
      vertex -47.29999923706055 1.0518131256103516 -1.2816381454467773
      vertex -45.29999923706055 1.0518131256103516 -1.2816381454467773
      vertex -45.29999923706055 1.2816381454467773 -1.0518131256103516
    endloop
  endfacet
  facet normal 0 -0.7071067811865475 0.7071067811865475
    outer loop
      vertex -47.29999923706055 1.0518131256103516 -1.2816381454467773
      vertex -45.29999923706055 1.2816381454467773 -1.0518131256103516
      vertex -47.29999923706055 1.2816381454467773 -1.0518131256103516
    endloop
  endfacet
  facet normal 0 -0.7071067811865475 -0.7071067811865475
    outer loop
      vertex -47.29999923706055 1.0518131256103516 1.2816381454467773
      vertex -47.29999923706055 1.2816381454467773 1.0518131256103516
      vertex -45.29999923706055 1.0518131256103516 1.2816381454467773
    endloop
  endfacet
  facet normal -1 0 0
    outer loop
      vertex -47.29999923706055 1.0518131256103516 1.2816381454467773
      vertex -47.29999923706055 40.948184967041016 1.2816381454467773
      vertex -47.29999923706055 1.2816381454467773 1.0518131256103516
    endloop
  endfacet
  facet normal -1 0 0
    outer loop
      vertex -47.29999923706055 1.2816381454467773 -1.0518131256103516
      vertex -47.29999923706055 1.4622106552124023 -0.7815675735473633
      vertex -47.29999923706055 40.718360900878906 -1.0518131256103516
    endloop
  endfacet
  facet normal 0 -0.831469321108729 0.5555706688216986
    outer loop
      vertex -47.29999923706055 1.2816381454467773 -1.0518131256103516
      vertex -45.29999923706055 1.2816381454467773 -1.0518131256103516
      vertex -45.29999923706055 1.4622106552124023 -0.7815675735473633
    endloop
  endfacet
  facet normal 0 -0.831469321108729 0.5555706688216986
    outer loop
      vertex -47.29999923706055 1.2816381454467773 -1.0518131256103516
      vertex -45.29999923706055 1.4622106552124023 -0.7815675735473633
      vertex -47.29999923706055 1.4622106552124023 -0.7815675735473633
    endloop
  endfacet
  facet normal 0 -0.831469321108729 -0.5555706688216986
    outer loop
      vertex -47.29999923706055 1.2816381454467773 1.0518131256103516
      vertex -47.29999923706055 1.4622106552124023 0.7815675735473633
      vertex -45.29999923706055 1.2816381454467773 1.0518131256103516
    endloop
  endfacet
  facet normal -1 0 0
    outer loop
      vertex -47.29999923706055 1.2816381454467773 1.0518131256103516
      vertex -47.29999923706055 40.718360900878906 1.0518131256103516
      vertex -47.29999923706055 1.4622106552124023 0.7815675735473633
    endloop
  endfacet
  facet normal -1 0 0
    outer loop
      vertex -47.29999923706055 1.2816381454467773 1.0518131256103516
      vertex -47.29999923706055 40.948184967041016 1.2816381454467773
      vertex -47.29999923706055 40.718360900878906 1.0518131256103516
    endloop
  endfacet
  facet normal 0 -0.7071067811865475 -0.7071067811865475
    outer loop
      vertex -47.29999923706055 1.2816381454467773 1.0518131256103516
      vertex -45.29999923706055 1.2816381454467773 1.0518131256103516
      vertex -45.29999923706055 1.0518131256103516 1.2816381454467773
    endloop
  endfacet
  facet normal -1 0 0
    outer loop
      vertex -47.29999923706055 1.4622106552124023 -0.7815675735473633
      vertex -47.29999923706055 1.5865907669067383 -0.48128700256347656
      vertex -47.29999923706055 40.53778839111328 -0.7815675735473633
    endloop
  endfacet
  facet normal -1 0 0
    outer loop
      vertex -47.29999923706055 1.4622106552124023 -0.7815675735473633
      vertex -47.29999923706055 40.53778839111328 -0.7815675735473633
      vertex -47.29999923706055 40.718360900878906 -1.0518131256103516
    endloop
  endfacet
  facet normal 0 -0.9238797210508393 0.38268297719002803
    outer loop
      vertex -47.29999923706055 1.4622106552124023 -0.7815675735473633
      vertex -45.29999923706055 1.4622106552124023 -0.7815675735473633
      vertex -45.29999923706055 1.5865907669067383 -0.48128700256347656
    endloop
  endfacet
  facet normal 0 -0.9238797210508393 0.38268297719002803
    outer loop
      vertex -47.29999923706055 1.4622106552124023 -0.7815675735473633
      vertex -45.29999923706055 1.5865907669067383 -0.48128700256347656
      vertex -47.29999923706055 1.5865907669067383 -0.48128700256347656
    endloop
  endfacet
  facet normal 0 -0.9238797210508393 -0.38268297719002803
    outer loop
      vertex -47.29999923706055 1.4622106552124023 0.7815675735473633
      vertex -47.29999923706055 1.5865907669067383 0.48128700256347656
      vertex -45.29999923706055 1.4622106552124023 0.7815675735473633
    endloop
  endfacet
  facet normal -1 0 0
    outer loop
      vertex -47.29999923706055 1.4622106552124023 0.7815675735473633
      vertex -47.29999923706055 40.53778839111328 0.7815675735473633
      vertex -47.29999923706055 1.5865907669067383 0.48128700256347656
    endloop
  endfacet
  facet normal -1 0 0
    outer loop
      vertex -47.29999923706055 1.4622106552124023 0.7815675735473633
      vertex -47.29999923706055 40.718360900878906 1.0518131256103516
      vertex -47.29999923706055 40.53778839111328 0.7815675735473633
    endloop
  endfacet
  facet normal 0 -0.831469321108729 -0.5555706688216986
    outer loop
      vertex -47.29999923706055 1.4622106552124023 0.7815675735473633
      vertex -45.29999923706055 1.4622106552124023 0.7815675735473633
      vertex -45.29999923706055 1.2816381454467773 1.0518131256103516
    endloop
  endfacet
  facet normal -1 0 0
    outer loop
      vertex -47.29999923706055 1.5865907669067383 -0.48128700256347656
      vertex -47.29999923706055 1.6499996185302734 -0.16250991821289062
      vertex -47.29999923706055 40.41340637207031 -0.48128700256347656
    endloop
  endfacet
  facet normal -1 0 0
    outer loop
      vertex -47.29999923706055 1.5865907669067383 -0.48128700256347656
      vertex -47.29999923706055 40.41340637207031 -0.48128700256347656
      vertex -47.29999923706055 40.53778839111328 -0.7815675735473633
    endloop
  endfacet
  facet normal 0 -0.9807851937995943 0.19509075740150308
    outer loop
      vertex -47.29999923706055 1.5865907669067383 -0.48128700256347656
      vertex -45.29999923706055 1.5865907669067383 -0.48128700256347656
      vertex -45.29999923706055 1.6499996185302734 -0.16250991821289062
    endloop
  endfacet
  facet normal 0 -0.9807851937995943 0.19509075740150308
    outer loop
      vertex -47.29999923706055 1.5865907669067383 -0.48128700256347656
      vertex -45.29999923706055 1.6499996185302734 -0.16250991821289062
      vertex -47.29999923706055 1.6499996185302734 -0.16250991821289062
    endloop
  endfacet
  facet normal 0 -0.9807851937995943 -0.19509075740150308
    outer loop
      vertex -47.29999923706055 1.5865907669067383 0.48128700256347656
      vertex -47.29999923706055 1.6499996185302734 0.16250991821289062
      vertex -45.29999923706055 1.5865907669067383 0.48128700256347656
    endloop
  endfacet
  facet normal -1 0 0
    outer loop
      vertex -47.29999923706055 1.5865907669067383 0.48128700256347656
      vertex -47.29999923706055 40.41340637207031 0.48128700256347656
      vertex -47.29999923706055 1.6499996185302734 0.16250991821289062
    endloop
  endfacet
  facet normal -1 0 0
    outer loop
      vertex -47.29999923706055 1.5865907669067383 0.48128700256347656
      vertex -47.29999923706055 40.53778839111328 0.7815675735473633
      vertex -47.29999923706055 40.41340637207031 0.48128700256347656
    endloop
  endfacet
  facet normal 0 -0.9238797210508393 -0.38268297719002803
    outer loop
      vertex -47.29999923706055 1.5865907669067383 0.48128700256347656
      vertex -45.29999923706055 1.5865907669067383 0.48128700256347656
      vertex -45.29999923706055 1.4622106552124023 0.7815675735473633
    endloop
  endfacet
  facet normal -1 0 0
    outer loop
      vertex -47.29999923706055 1.6499996185302734 -0.16250991821289062
      vertex -47.29999923706055 1.6499996185302734 0.16250991821289062
      vertex -47.29999923706055 40.349998474121094 0.16250991821289062
    endloop
  endfacet
  facet normal -1 0 0
    outer loop
      vertex -47.29999923706055 1.6499996185302734 -0.16250991821289062
      vertex -47.29999923706055 40.349998474121094 -0.16250991821289062
      vertex -47.29999923706055 40.41340637207031 -0.48128700256347656
    endloop
  endfacet
  facet normal -1 0 0
    outer loop
      vertex -47.29999923706055 1.6499996185302734 -0.16250991821289062
      vertex -47.29999923706055 40.349998474121094 0.16250991821289062
      vertex -47.29999923706055 40.349998474121094 -0.16250991821289062
    endloop
  endfacet
  facet normal 0 -1 0
    outer loop
      vertex -47.29999923706055 1.6499996185302734 -0.16250991821289062
      vertex -45.29999923706055 1.6499996185302734 -0.16250991821289062
      vertex -45.29999923706055 1.6499996185302734 0.16250991821289062
    endloop
  endfacet
  facet normal 0 -1 0
    outer loop
      vertex -47.29999923706055 1.6499996185302734 -0.16250991821289062
      vertex -45.29999923706055 1.6499996185302734 0.16250991821289062
      vertex -47.29999923706055 1.6499996185302734 0.16250991821289062
    endloop
  endfacet
  facet normal -1 0 0
    outer loop
      vertex -47.29999923706055 1.6499996185302734 0.16250991821289062
      vertex -47.29999923706055 40.41340637207031 0.48128700256347656
      vertex -47.29999923706055 40.349998474121094 0.16250991821289062
    endloop
  endfacet
  facet normal 0 -0.9807851937995943 -0.19509075740150308
    outer loop
      vertex -47.29999923706055 1.6499996185302734 0.16250991821289062
      vertex -45.29999923706055 1.6499996185302734 0.16250991821289062
      vertex -45.29999923706055 1.5865907669067383 0.48128700256347656
    endloop
  endfacet
  facet normal 0 1 0
    outer loop
      vertex -47.29999923706055 40.349998474121094 -0.16250991821289062
      vertex -47.29999923706055 40.349998474121094 0.16250991821289062
      vertex -45.29999923706055 40.349998474121094 -0.16250991821289062
    endloop
  endfacet
  facet normal 0 0.9807857552282769 0.1950879348942377
    outer loop
      vertex -47.29999923706055 40.349998474121094 -0.16250991821289062
      vertex -45.29999923706055 40.349998474121094 -0.16250991821289062
      vertex -45.29999923706055 40.41340637207031 -0.48128700256347656
    endloop
  endfacet
  facet normal 0 0.9807857552282769 0.1950879348942377
    outer loop
      vertex -47.29999923706055 40.349998474121094 -0.16250991821289062
      vertex -45.29999923706055 40.41340637207031 -0.48128700256347656
      vertex -47.29999923706055 40.41340637207031 -0.48128700256347656
    endloop
  endfacet
  facet normal 0 0.9807857552282769 -0.1950879348942377
    outer loop
      vertex -47.29999923706055 40.349998474121094 0.16250991821289062
      vertex -47.29999923706055 40.41340637207031 0.48128700256347656
      vertex -45.29999923706055 40.349998474121094 0.16250991821289062
    endloop
  endfacet
  facet normal 0 1 0
    outer loop
      vertex -47.29999923706055 40.349998474121094 0.16250991821289062
      vertex -45.29999923706055 40.349998474121094 0.16250991821289062
      vertex -45.29999923706055 40.349998474121094 -0.16250991821289062
    endloop
  endfacet
  facet normal 0 0.9238776462580525 0.38268798615148697
    outer loop
      vertex -47.29999923706055 40.41340637207031 -0.48128700256347656
      vertex -45.29999923706055 40.41340637207031 -0.48128700256347656
      vertex -45.29999923706055 40.53778839111328 -0.7815675735473633
    endloop
  endfacet
  facet normal 0 0.9238776462580525 0.38268798615148697
    outer loop
      vertex -47.29999923706055 40.41340637207031 -0.48128700256347656
      vertex -45.29999923706055 40.53778839111328 -0.7815675735473633
      vertex -47.29999923706055 40.53778839111328 -0.7815675735473633
    endloop
  endfacet
  facet normal 0 0.9238776462580525 -0.38268798615148697
    outer loop
      vertex -47.29999923706055 40.41340637207031 0.48128700256347656
      vertex -47.29999923706055 40.53778839111328 0.7815675735473633
      vertex -45.29999923706055 40.41340637207031 0.48128700256347656
    endloop
  endfacet
  facet normal 0 0.9807857552282769 -0.1950879348942377
    outer loop
      vertex -47.29999923706055 40.41340637207031 0.48128700256347656
      vertex -45.29999923706055 40.41340637207031 0.48128700256347656
      vertex -45.29999923706055 40.349998474121094 0.16250991821289062
    endloop
  endfacet
  facet normal 0 0.831469321108729 0.5555706688216986
    outer loop
      vertex -47.29999923706055 40.53778839111328 -0.7815675735473633
      vertex -45.29999923706055 40.53778839111328 -0.7815675735473633
      vertex -45.29999923706055 40.718360900878906 -1.0518131256103516
    endloop
  endfacet
  facet normal 0 0.831469321108729 0.5555706688216986
    outer loop
      vertex -47.29999923706055 40.53778839111328 -0.7815675735473633
      vertex -45.29999923706055 40.718360900878906 -1.0518131256103516
      vertex -47.29999923706055 40.718360900878906 -1.0518131256103516
    endloop
  endfacet
  facet normal 0 0.831469321108729 -0.5555706688216986
    outer loop
      vertex -47.29999923706055 40.53778839111328 0.7815675735473633
      vertex -47.29999923706055 40.718360900878906 1.0518131256103516
      vertex -45.29999923706055 40.53778839111328 0.7815675735473633
    endloop
  endfacet
  facet normal 0 0.9238776462580525 -0.38268798615148697
    outer loop
      vertex -47.29999923706055 40.53778839111328 0.7815675735473633
      vertex -45.29999923706055 40.53778839111328 0.7815675735473633
      vertex -45.29999923706055 40.41340637207031 0.48128700256347656
    endloop
  endfacet
  facet normal 0 0.7071082482815493 0.707105314088502
    outer loop
      vertex -47.29999923706055 40.718360900878906 -1.0518131256103516
      vertex -45.29999923706055 40.718360900878906 -1.0518131256103516
      vertex -45.29999923706055 40.948184967041016 -1.2816381454467773
    endloop
  endfacet
  facet normal 0 0.7071082482815493 0.707105314088502
    outer loop
      vertex -47.29999923706055 40.718360900878906 -1.0518131256103516
      vertex -45.29999923706055 40.948184967041016 -1.2816381454467773
      vertex -47.29999923706055 40.948184967041016 -1.2816381454467773
    endloop
  endfacet
  facet normal 0 0.7071082482815493 -0.707105314088502
    outer loop
      vertex -47.29999923706055 40.718360900878906 1.0518131256103516
      vertex -47.29999923706055 40.948184967041016 1.2816381454467773
      vertex -45.29999923706055 40.718360900878906 1.0518131256103516
    endloop
  endfacet
  facet normal 0 0.831469321108729 -0.5555706688216986
    outer loop
      vertex -47.29999923706055 40.718360900878906 1.0518131256103516
      vertex -45.29999923706055 40.718360900878906 1.0518131256103516
      vertex -45.29999923706055 40.53778839111328 0.7815675735473633
    endloop
  endfacet
  facet normal -1 0 0
    outer loop
      vertex -47.29999923706055 40.948184967041016 -1.2816381454467773
      vertex -47.29999923706055 41.21842956542969 -1.4622106552124023
      vertex -47.29999923706055 47.295475006103516 -9
    endloop
  endfacet
  facet normal 0 0.5555720242424284 0.8314684154429262
    outer loop
      vertex -47.29999923706055 40.948184967041016 -1.2816381454467773
      vertex -45.29999923706055 40.948184967041016 -1.2816381454467773
      vertex -47.29999923706055 41.21842956542969 -1.4622106552124023
    endloop
  endfacet
  facet normal 0 0.5555720242424284 -0.8314684154429262
    outer loop
      vertex -47.29999923706055 40.948184967041016 1.2816381454467773
      vertex -47.29999923706055 41.21842956542969 1.4622106552124023
      vertex -45.29999923706055 41.21842956542969 1.4622106552124023
    endloop
  endfacet
  facet normal 0 0.7071082482815493 -0.707105314088502
    outer loop
      vertex -47.29999923706055 40.948184967041016 1.2816381454467773
      vertex -45.29999923706055 40.948184967041016 1.2816381454467773
      vertex -45.29999923706055 40.718360900878906 1.0518131256103516
    endloop
  endfacet
  facet normal 0 0.5555720242424284 -0.8314684154429262
    outer loop
      vertex -47.29999923706055 40.948184967041016 1.2816381454467773
      vertex -45.29999923706055 41.21842956542969 1.4622106552124023
      vertex -45.29999923706055 40.948184967041016 1.2816381454467773
    endloop
  endfacet
  facet normal -1 0 0
    outer loop
      vertex -47.29999923706055 41.21842956542969 -1.4622106552124023
      vertex -47.29999923706055 41.51871109008789 -1.5865907669067383
      vertex -47.29999923706055 47.295475006103516 -9
    endloop
  endfacet
  facet normal 0 0.5555720242424284 0.8314684154429262
    outer loop
      vertex -47.29999923706055 41.21842956542969 -1.4622106552124023
      vertex -45.29999923706055 40.948184967041016 -1.2816381454467773
      vertex -45.29999923706055 41.21842956542969 -1.4622106552124023
    endloop
  endfacet
  facet normal 0 0.3826819398006651 0.9238801507503016
    outer loop
      vertex -47.29999923706055 41.21842956542969 -1.4622106552124023
      vertex -45.29999923706055 41.21842956542969 -1.4622106552124023
      vertex -47.29999923706055 41.51871109008789 -1.5865907669067383
    endloop
  endfacet
  facet normal 0 0.3826819398006651 -0.9238801507503016
    outer loop
      vertex -47.29999923706055 41.21842956542969 1.4622106552124023
      vertex -47.29999923706055 41.51871109008789 1.5865907669067383
      vertex -45.29999923706055 41.51871109008789 1.5865907669067383
    endloop
  endfacet
  facet normal -1 0 0
    outer loop
      vertex -47.29999923706055 41.21842956542969 1.4622106552124023
      vertex -47.29999923706055 47.295475006103516 6
      vertex -47.29999923706055 41.51871109008789 1.5865907669067383
    endloop
  endfacet
  facet normal 0 0.3826819398006651 -0.9238801507503016
    outer loop
      vertex -47.29999923706055 41.21842956542969 1.4622106552124023
      vertex -45.29999923706055 41.51871109008789 1.5865907669067383
      vertex -45.29999923706055 41.21842956542969 1.4622106552124023
    endloop
  endfacet
  facet normal -1 0 0
    outer loop
      vertex -47.29999923706055 41.51871109008789 -1.5865907669067383
      vertex -47.29999923706055 41.83749008178711 -1.6499996185302734
      vertex -47.29999923706055 47.295475006103516 -9
    endloop
  endfacet
  facet normal 0 0.3826819398006651 0.9238801507503016
    outer loop
      vertex -47.29999923706055 41.51871109008789 -1.5865907669067383
      vertex -45.29999923706055 41.21842956542969 -1.4622106552124023
      vertex -45.29999923706055 41.51871109008789 -1.5865907669067383
    endloop
  endfacet
  facet normal 0 0.19508963454299286 0.9807854171498889
    outer loop
      vertex -47.29999923706055 41.51871109008789 -1.5865907669067383
      vertex -45.29999923706055 41.51871109008789 -1.5865907669067383
      vertex -47.29999923706055 41.83749008178711 -1.6499996185302734
    endloop
  endfacet
  facet normal 0 0.19508963454299286 -0.9807854171498889
    outer loop
      vertex -47.29999923706055 41.51871109008789 1.5865907669067383
      vertex -47.29999923706055 41.83749008178711 1.6499996185302734
      vertex -45.29999923706055 41.83749008178711 1.6499996185302734
    endloop
  endfacet
  facet normal -1 0 0
    outer loop
      vertex -47.29999923706055 41.51871109008789 1.5865907669067383
      vertex -47.29999923706055 47.295475006103516 6
      vertex -47.29999923706055 41.83749008178711 1.6499996185302734
    endloop
  endfacet
  facet normal 0 0.19508963454299286 -0.9807854171498889
    outer loop
      vertex -47.29999923706055 41.51871109008789 1.5865907669067383
      vertex -45.29999923706055 41.83749008178711 1.6499996185302734
      vertex -45.29999923706055 41.51871109008789 1.5865907669067383
    endloop
  endfacet
  facet normal -1 0 0
    outer loop
      vertex -47.29999923706055 41.83749008178711 -1.6499996185302734
      vertex -47.29999923706055 42.16250991821289 -1.6499996185302734
      vertex -47.29999923706055 47.295475006103516 -9
    endloop
  endfacet
  facet normal 0 0.19508963454299286 0.9807854171498889
    outer loop
      vertex -47.29999923706055 41.83749008178711 -1.6499996185302734
      vertex -45.29999923706055 41.51871109008789 -1.5865907669067383
      vertex -45.29999923706055 41.83749008178711 -1.6499996185302734
    endloop
  endfacet
  facet normal 0 0 1
    outer loop
      vertex -47.29999923706055 41.83749008178711 -1.6499996185302734
      vertex -45.29999923706055 41.83749008178711 -1.6499996185302734
      vertex -47.29999923706055 42.16250991821289 -1.6499996185302734
    endloop
  endfacet
  facet normal 0 0 -1
    outer loop
      vertex -47.29999923706055 41.83749008178711 1.6499996185302734
      vertex -47.29999923706055 42.16250991821289 1.6499996185302734
      vertex -45.29999923706055 42.16250991821289 1.6499996185302734
    endloop
  endfacet
  facet normal -1 0 0
    outer loop
      vertex -47.29999923706055 41.83749008178711 1.6499996185302734
      vertex -47.29999923706055 47.295475006103516 6
      vertex -47.29999923706055 42.16250991821289 1.6499996185302734
    endloop
  endfacet
  facet normal 0 0 -1
    outer loop
      vertex -47.29999923706055 41.83749008178711 1.6499996185302734
      vertex -45.29999923706055 42.16250991821289 1.6499996185302734
      vertex -45.29999923706055 41.83749008178711 1.6499996185302734
    endloop
  endfacet
  facet normal -1 0 0
    outer loop
      vertex -47.29999923706055 42.16250991821289 -1.6499996185302734
      vertex -47.29999923706055 42.481285095214844 -1.5865907669067383
      vertex -47.29999923706055 47.295475006103516 -9
    endloop
  endfacet
  facet normal 0 0 1
    outer loop
      vertex -47.29999923706055 42.16250991821289 -1.6499996185302734
      vertex -45.29999923706055 41.83749008178711 -1.6499996185302734
      vertex -45.29999923706055 42.16250991821289 -1.6499996185302734
    endloop
  endfacet
  facet normal 0 -0.19509188027268318 0.9807849704454432
    outer loop
      vertex -47.29999923706055 42.16250991821289 -1.6499996185302734
      vertex -45.29999923706055 42.16250991821289 -1.6499996185302734
      vertex -47.29999923706055 42.481285095214844 -1.5865907669067383
    endloop
  endfacet
  facet normal 0 -0.19509188027268318 -0.9807849704454432
    outer loop
      vertex -47.29999923706055 42.16250991821289 1.6499996185302734
      vertex -47.29999923706055 42.481285095214844 1.5865907669067383
      vertex -45.29999923706055 42.481285095214844 1.5865907669067383
    endloop
  endfacet
  facet normal -1 0 0
    outer loop
      vertex -47.29999923706055 42.16250991821289 1.6499996185302734
      vertex -47.29999923706055 47.295475006103516 6
      vertex -47.29999923706055 42.481285095214844 1.5865907669067383
    endloop
  endfacet
  facet normal 0 -0.19509188027268318 -0.9807849704454432
    outer loop
      vertex -47.29999923706055 42.16250991821289 1.6499996185302734
      vertex -45.29999923706055 42.481285095214844 1.5865907669067383
      vertex -45.29999923706055 42.16250991821289 1.6499996185302734
    endloop
  endfacet
  facet normal -1 0 0
    outer loop
      vertex -47.29999923706055 42.481285095214844 -1.5865907669067383
      vertex -47.29999923706055 42.78156661987305 -1.4622106552124023
      vertex -47.29999923706055 47.295475006103516 -9
    endloop
  endfacet
  facet normal 0 -0.19509188027268318 0.9807849704454432
    outer loop
      vertex -47.29999923706055 42.481285095214844 -1.5865907669067383
      vertex -45.29999923706055 42.16250991821289 -1.6499996185302734
      vertex -45.29999923706055 42.481285095214844 -1.5865907669067383
    endloop
  endfacet
  facet normal 0 -0.3826819398006651 0.9238801507503016
    outer loop
      vertex -47.29999923706055 42.481285095214844 -1.5865907669067383
      vertex -45.29999923706055 42.481285095214844 -1.5865907669067383
      vertex -47.29999923706055 42.78156661987305 -1.4622106552124023
    endloop
  endfacet
  facet normal 0 -0.3826819398006651 -0.9238801507503016
    outer loop
      vertex -47.29999923706055 42.481285095214844 1.5865907669067383
      vertex -47.29999923706055 42.78156661987305 1.4622106552124023
      vertex -45.29999923706055 42.78156661987305 1.4622106552124023
    endloop
  endfacet
  facet normal -1 0 0
    outer loop
      vertex -47.29999923706055 42.481285095214844 1.5865907669067383
      vertex -47.29999923706055 47.295475006103516 6
      vertex -47.29999923706055 42.78156661987305 1.4622106552124023
    endloop
  endfacet
  facet normal 0 -0.3826819398006651 -0.9238801507503016
    outer loop
      vertex -47.29999923706055 42.481285095214844 1.5865907669067383
      vertex -45.29999923706055 42.78156661987305 1.4622106552124023
      vertex -45.29999923706055 42.481285095214844 1.5865907669067383
    endloop
  endfacet
  facet normal -1 0 0
    outer loop
      vertex -47.29999923706055 42.78156661987305 -1.4622106552124023
      vertex -47.29999923706055 43.05181121826172 -1.2816381454467773
      vertex -47.29999923706055 47.295475006103516 -9
    endloop
  endfacet
  facet normal 0 -0.3826819398006651 0.9238801507503016
    outer loop
      vertex -47.29999923706055 42.78156661987305 -1.4622106552124023
      vertex -45.29999923706055 42.481285095214844 -1.5865907669067383
      vertex -45.29999923706055 42.78156661987305 -1.4622106552124023
    endloop
  endfacet
  facet normal 0 -0.5555720242424284 0.8314684154429262
    outer loop
      vertex -47.29999923706055 42.78156661987305 -1.4622106552124023
      vertex -45.29999923706055 42.78156661987305 -1.4622106552124023
      vertex -47.29999923706055 43.05181121826172 -1.2816381454467773
    endloop
  endfacet
  facet normal 0 -0.5555720242424284 -0.8314684154429262
    outer loop
      vertex -47.29999923706055 42.78156661987305 1.4622106552124023
      vertex -47.29999923706055 43.05181121826172 1.2816381454467773
      vertex -45.29999923706055 43.05181121826172 1.2816381454467773
    endloop
  endfacet
  facet normal -1 0 0
    outer loop
      vertex -47.29999923706055 42.78156661987305 1.4622106552124023
      vertex -47.29999923706055 47.295475006103516 6
      vertex -47.29999923706055 43.05181121826172 1.2816381454467773
    endloop
  endfacet
  facet normal 0 -0.5555720242424284 -0.8314684154429262
    outer loop
      vertex -47.29999923706055 42.78156661987305 1.4622106552124023
      vertex -45.29999923706055 43.05181121826172 1.2816381454467773
      vertex -45.29999923706055 42.78156661987305 1.4622106552124023
    endloop
  endfacet
  facet normal -1 0 0
    outer loop
      vertex -47.29999923706055 43.05181121826172 -1.2816381454467773
      vertex -47.29999923706055 43.281639099121094 -1.0518131256103516
      vertex -47.29999923706055 47.295475006103516 -9
    endloop
  endfacet
  facet normal 0 -0.5555720242424284 0.8314684154429262
    outer loop
      vertex -47.29999923706055 43.05181121826172 -1.2816381454467773
      vertex -45.29999923706055 42.78156661987305 -1.4622106552124023
      vertex -45.29999923706055 43.05181121826172 -1.2816381454467773
    endloop
  endfacet
  facet normal 0 -0.7071023799198058 0.7071111824258944
    outer loop
      vertex -47.29999923706055 43.05181121826172 -1.2816381454467773
      vertex -45.29999923706055 43.05181121826172 -1.2816381454467773
      vertex -47.29999923706055 43.281639099121094 -1.0518131256103516
    endloop
  endfacet
  facet normal 0 -0.7071023799198058 -0.7071111824258944
    outer loop
      vertex -47.29999923706055 43.05181121826172 1.2816381454467773
      vertex -47.29999923706055 43.281639099121094 1.0518131256103516
      vertex -45.29999923706055 43.281639099121094 1.0518131256103516
    endloop
  endfacet
  facet normal -1 0 0
    outer loop
      vertex -47.29999923706055 43.05181121826172 1.2816381454467773
      vertex -47.29999923706055 47.295475006103516 6
      vertex -47.29999923706055 43.281639099121094 1.0518131256103516
    endloop
  endfacet
  facet normal 0 -0.7071023799198058 -0.7071111824258944
    outer loop
      vertex -47.29999923706055 43.05181121826172 1.2816381454467773
      vertex -45.29999923706055 43.281639099121094 1.0518131256103516
      vertex -45.29999923706055 43.05181121826172 1.2816381454467773
    endloop
  endfacet
  facet normal -1 0 0
    outer loop
      vertex -47.29999923706055 43.281639099121094 -1.0518131256103516
      vertex -47.29999923706055 43.46221160888672 -0.7815675735473633
      vertex -47.29999923706055 47.295475006103516 -9
    endloop
  endfacet
  facet normal 0 -0.7071023799198058 0.7071111824258944
    outer loop
      vertex -47.29999923706055 43.281639099121094 -1.0518131256103516
      vertex -45.29999923706055 43.05181121826172 -1.2816381454467773
      vertex -45.29999923706055 43.281639099121094 -1.0518131256103516
    endloop
  endfacet
  facet normal 0 -0.831469321108729 0.5555706688216986
    outer loop
      vertex -47.29999923706055 43.281639099121094 -1.0518131256103516
      vertex -45.29999923706055 43.281639099121094 -1.0518131256103516
      vertex -45.29999923706055 43.46221160888672 -0.7815675735473633
    endloop
  endfacet
  facet normal 0 -0.831469321108729 0.5555706688216986
    outer loop
      vertex -47.29999923706055 43.281639099121094 -1.0518131256103516
      vertex -45.29999923706055 43.46221160888672 -0.7815675735473633
      vertex -47.29999923706055 43.46221160888672 -0.7815675735473633
    endloop
  endfacet
  facet normal 0 -0.831469321108729 -0.5555706688216986
    outer loop
      vertex -47.29999923706055 43.281639099121094 1.0518131256103516
      vertex -47.29999923706055 43.46221160888672 0.7815675735473633
      vertex -45.29999923706055 43.281639099121094 1.0518131256103516
    endloop
  endfacet
  facet normal -1 0 0
    outer loop
      vertex -47.29999923706055 43.281639099121094 1.0518131256103516
      vertex -47.29999923706055 47.295475006103516 6
      vertex -47.29999923706055 43.46221160888672 0.7815675735473633
    endloop
  endfacet
  facet normal -1 0 0
    outer loop
      vertex -47.29999923706055 43.46221160888672 -0.7815675735473633
      vertex -47.29999923706055 43.58658981323242 -0.48128700256347656
      vertex -47.29999923706055 47.295475006103516 -9
    endloop
  endfacet
  facet normal 0 -0.9238817958257876 0.38267796819482264
    outer loop
      vertex -47.29999923706055 43.46221160888672 -0.7815675735473633
      vertex -45.29999923706055 43.46221160888672 -0.7815675735473633
      vertex -45.29999923706055 43.58658981323242 -0.48128700256347656
    endloop
  endfacet
  facet normal 0 -0.9238817958257876 0.38267796819482264
    outer loop
      vertex -47.29999923706055 43.46221160888672 -0.7815675735473633
      vertex -45.29999923706055 43.58658981323242 -0.48128700256347656
      vertex -47.29999923706055 43.58658981323242 -0.48128700256347656
    endloop
  endfacet
  facet normal 0 -0.9238817958257876 -0.38267796819482264
    outer loop
      vertex -47.29999923706055 43.46221160888672 0.7815675735473633
      vertex -47.29999923706055 43.58658981323242 0.48128700256347656
      vertex -45.29999923706055 43.46221160888672 0.7815675735473633
    endloop
  endfacet
  facet normal -1 0 0
    outer loop
      vertex -47.29999923706055 43.46221160888672 0.7815675735473633
      vertex -47.29999923706055 47.295475006103516 6
      vertex -47.29999923706055 43.58658981323242 0.48128700256347656
    endloop
  endfacet
  facet normal 0 -0.831469321108729 -0.5555706688216986
    outer loop
      vertex -47.29999923706055 43.46221160888672 0.7815675735473633
      vertex -45.29999923706055 43.46221160888672 0.7815675735473633
      vertex -45.29999923706055 43.281639099121094 1.0518131256103516
    endloop
  endfacet
  facet normal -1 0 0
    outer loop
      vertex -47.29999923706055 43.58658981323242 -0.48128700256347656
      vertex -47.29999923706055 43.650001525878906 -0.16250991821289062
      vertex -47.29999923706055 47.295475006103516 -9
    endloop
  endfacet
  facet normal 0 -0.9807835094686675 0.19509922489421663
    outer loop
      vertex -47.29999923706055 43.58658981323242 -0.48128700256347656
      vertex -45.29999923706055 43.58658981323242 -0.48128700256347656
      vertex -45.29999923706055 43.650001525878906 -0.16250991821289062
    endloop
  endfacet
  facet normal 0 -0.9807835094686675 0.19509922489421663
    outer loop
      vertex -47.29999923706055 43.58658981323242 -0.48128700256347656
      vertex -45.29999923706055 43.650001525878906 -0.16250991821289062
      vertex -47.29999923706055 43.650001525878906 -0.16250991821289062
    endloop
  endfacet
  facet normal 0 -0.9807835094686675 -0.19509922489421663
    outer loop
      vertex -47.29999923706055 43.58658981323242 0.48128700256347656
      vertex -47.29999923706055 43.650001525878906 0.16250991821289062
      vertex -45.29999923706055 43.58658981323242 0.48128700256347656
    endloop
  endfacet
  facet normal -1 0 0
    outer loop
      vertex -47.29999923706055 43.58658981323242 0.48128700256347656
      vertex -47.29999923706055 47.295475006103516 6
      vertex -47.29999923706055 43.650001525878906 0.16250991821289062
    endloop
  endfacet
  facet normal 0 -0.9238817958257876 -0.38267796819482264
    outer loop
      vertex -47.29999923706055 43.58658981323242 0.48128700256347656
      vertex -45.29999923706055 43.58658981323242 0.48128700256347656
      vertex -45.29999923706055 43.46221160888672 0.7815675735473633
    endloop
  endfacet
  facet normal -1 0 0
    outer loop
      vertex -47.29999923706055 43.650001525878906 -0.16250991821289062
      vertex -47.29999923706055 43.650001525878906 0.16250991821289062
      vertex -47.29999923706055 47.295475006103516 6
    endloop
  endfacet
  facet normal -1 0 0
    outer loop
      vertex -47.29999923706055 43.650001525878906 -0.16250991821289062
      vertex -47.29999923706055 47.295475006103516 6
      vertex -47.29999923706055 47.295475006103516 -9
    endloop
  endfacet
  facet normal 0 -1 0
    outer loop
      vertex -47.29999923706055 43.650001525878906 -0.16250991821289062
      vertex -45.29999923706055 43.650001525878906 -0.16250991821289062
      vertex -45.29999923706055 43.650001525878906 0.16250991821289062
    endloop
  endfacet
  facet normal 0 -1 0
    outer loop
      vertex -47.29999923706055 43.650001525878906 -0.16250991821289062
      vertex -45.29999923706055 43.650001525878906 0.16250991821289062
      vertex -47.29999923706055 43.650001525878906 0.16250991821289062
    endloop
  endfacet
  facet normal 0 -0.9807835094686675 -0.19509922489421663
    outer loop
      vertex -47.29999923706055 43.650001525878906 0.16250991821289062
      vertex -45.29999923706055 43.650001525878906 0.16250991821289062
      vertex -45.29999923706055 43.58658981323242 0.48128700256347656
    endloop
  endfacet
  facet normal -0.9807854636530015 0.19508940075505643 0
    outer loop
      vertex -47.29999923706055 47.295475006103516 -9
      vertex -47.29999923706055 47.295475006103516 6
      vertex -47.18471145629883 47.87506866455078 6
    endloop
  endfacet
  facet normal -0.693519916187543 0.1379490111494891 -0.7071069199025714
    outer loop
      vertex -47.29999923706055 47.295475006103516 -9
      vertex -47.18471145629883 47.87506866455078 -9
      vertex -46.223140716552734 47.583377838134766 -10
    endloop
  endfacet
  facet normal -0.9807854636530015 0.19508940075505643 0
    outer loop
      vertex -47.29999923706055 47.295475006103516 -9
      vertex -47.18471145629883 47.87506866455078 6
      vertex -47.18471145629883 47.87506866455078 -9
    endloop
  endfacet
  facet normal -0.7071067811865475 0 -0.7071067811865475
    outer loop
      vertex -47.29999923706055 47.295475006103516 -9
      vertex -46.29999923706055 47.196983337402344 -10
      vertex -46.29999923706055 -47.196983337402344 -10
    endloop
  endfacet
  facet normal -0.6935199368499106 0.1379494692287765 -0.7071068102706938
    outer loop
      vertex -47.29999923706055 47.295475006103516 -9
      vertex -46.223140716552734 47.583377838134766 -10
      vertex -46.29999923706055 47.196983337402344 -10
    endloop
  endfacet
  facet normal 0 0 1
    outer loop
      vertex -47.29999923706055 47.295475006103516 6
      vertex -45.29999923706055 -47.09849166870117 6
      vertex -45.29999923706055 47.09849166870117 6
    endloop
  endfacet
  facet normal 0 0 1
    outer loop
      vertex -47.29999923706055 47.295475006103516 6
      vertex -45.29999923706055 47.09849166870117 6
      vertex -47.18471145629883 47.87506866455078 6
    endloop
  endfacet
  facet normal -0.9238787548503221 -0.3826853097993421 0
    outer loop
      vertex -47.18471145629883 -47.87506866455078 -9
      vertex -46.95856475830078 -48.4210319519043 -9
      vertex -47.18471145629883 -47.87506866455078 6
    endloop
  endfacet
  facet normal -0.6532807457073376 -0.2705993002268577 -0.707106983422452
    outer loop
      vertex -47.18471145629883 -47.87506866455078 -9
      vertex -46.223140716552734 -47.583377838134766 -10
      vertex -46.95856475830078 -48.4210319519043 -9
    endloop
  endfacet
  facet normal -0.9238787548503221 -0.3826853097993421 0
    outer loop
      vertex -47.18471145629883 -47.87506866455078 6
      vertex -46.95856475830078 -48.4210319519043 -9
      vertex -46.95856475830078 -48.4210319519043 6
    endloop
  endfacet
  facet normal 0 0 1
    outer loop
      vertex -47.18471145629883 -47.87506866455078 6
      vertex -46.95856475830078 -48.4210319519043 6
      vertex -45.26156997680664 -47.29168701171875 6
    endloop
  endfacet
  facet normal 0 0 1
    outer loop
      vertex -47.18471145629883 -47.87506866455078 6
      vertex -45.26156997680664 -47.29168701171875 6
      vertex -45.29999923706055 -47.09849166870117 6
    endloop
  endfacet
  facet normal -0.9238787548503221 0.3826853097993421 0
    outer loop
      vertex -47.18471145629883 47.87506866455078 -9
      vertex -47.18471145629883 47.87506866455078 6
      vertex -46.95856475830078 48.4210319519043 6
    endloop
  endfacet
  facet normal -0.6532807457073376 0.2705993002268577 -0.707106983422452
    outer loop
      vertex -47.18471145629883 47.87506866455078 -9
      vertex -46.95856475830078 48.4210319519043 -9
      vertex -46.223140716552734 47.583377838134766 -10
    endloop
  endfacet
  facet normal -0.9238787548503221 0.3826853097993421 0
    outer loop
      vertex -47.18471145629883 47.87506866455078 -9
      vertex -46.95856475830078 48.4210319519043 6
      vertex -46.95856475830078 48.4210319519043 -9
    endloop
  endfacet
  facet normal 0 0 1
    outer loop
      vertex -47.18471145629883 47.87506866455078 6
      vertex -45.29999923706055 47.09849166870117 6
      vertex -45.26156997680664 47.29168701171875 6
    endloop
  endfacet
  facet normal 0 0 1
    outer loop
      vertex -47.18471145629883 47.87506866455078 6
      vertex -45.26156997680664 47.29168701171875 6
      vertex -46.95856475830078 48.4210319519043 6
    endloop
  endfacet
  facet normal -0.831470857657963 -0.5555683692089854 0
    outer loop
      vertex -46.95856475830078 -48.4210319519043 -9
      vertex -46.630252838134766 -48.91238784790039 -9
      vertex -46.95856475830078 -48.4210319519043 6
    endloop
  endfacet
  facet normal -0.6532807457073376 -0.2705993002268577 -0.707106983422452
    outer loop
      vertex -46.95856475830078 -48.4210319519043 -9
      vertex -46.223140716552734 -47.583377838134766 -10
      vertex -46.0723762512207 -47.94735336303711 -10
    endloop
  endfacet
  facet normal -0.5879381345871303 -0.3928465529480939 -0.707107018587007
    outer loop
      vertex -46.95856475830078 -48.4210319519043 -9
      vertex -46.0723762512207 -47.94735336303711 -10
      vertex -45.85350036621094 -48.274925231933594 -10
    endloop
  endfacet
  facet normal -0.5879383555022347 -0.39284594325031313 -0.7071071736314798
    outer loop
      vertex -46.95856475830078 -48.4210319519043 -9
      vertex -45.85350036621094 -48.274925231933594 -10
      vertex -46.630252838134766 -48.91238784790039 -9
    endloop
  endfacet
  facet normal -0.831470857657963 -0.5555683692089854 0
    outer loop
      vertex -46.95856475830078 -48.4210319519043 6
      vertex -46.630252838134766 -48.91238784790039 -9
      vertex -46.630252838134766 -48.91238784790039 6
    endloop
  endfacet
  facet normal 0 0 1
    outer loop
      vertex -46.95856475830078 -48.4210319519043 6
      vertex -46.630252838134766 -48.91238784790039 6
      vertex -45.186187744140625 -47.47367858886719 6
    endloop
  endfacet
  facet normal 0 0 1
    outer loop
      vertex -46.95856475830078 -48.4210319519043 6
      vertex -45.186187744140625 -47.47367858886719 6
      vertex -45.26156997680664 -47.29168701171875 6
    endloop
  endfacet
  facet normal -0.831470857657963 0.5555683692089854 0
    outer loop
      vertex -46.95856475830078 48.4210319519043 -9
      vertex -46.95856475830078 48.4210319519043 6
      vertex -46.630252838134766 48.91238784790039 6
    endloop
  endfacet
  facet normal -0.5879383555022347 0.39284594325031313 -0.7071071736314798
    outer loop
      vertex -46.95856475830078 48.4210319519043 -9
      vertex -46.630252838134766 48.91238784790039 -9
      vertex -45.85350036621094 48.274925231933594 -10
    endloop
  endfacet
  facet normal -0.831470857657963 0.5555683692089854 0
    outer loop
      vertex -46.95856475830078 48.4210319519043 -9
      vertex -46.630252838134766 48.91238784790039 6
      vertex -46.630252838134766 48.91238784790039 -9
    endloop
  endfacet
  facet normal -0.6532807457073376 0.2705993002268577 -0.707106983422452
    outer loop
      vertex -46.95856475830078 48.4210319519043 -9
      vertex -46.0723762512207 47.94735336303711 -10
      vertex -46.223140716552734 47.583377838134766 -10
    endloop
  endfacet
  facet normal -0.5879381345871303 0.3928465529480939 -0.707107018587007
    outer loop
      vertex -46.95856475830078 48.4210319519043 -9
      vertex -45.85350036621094 48.274925231933594 -10
      vertex -46.0723762512207 47.94735336303711 -10
    endloop
  endfacet
  facet normal 0 0 1
    outer loop
      vertex -46.95856475830078 48.4210319519043 6
      vertex -45.26156997680664 47.29168701171875 6
      vertex -45.186187744140625 47.47367858886719 6
    endloop
  endfacet
  facet normal 0 0 1
    outer loop
      vertex -46.95856475830078 48.4210319519043 6
      vertex -45.186187744140625 47.47367858886719 6
      vertex -46.630252838134766 48.91238784790039 6
    endloop
  endfacet
  facet normal -0.7071067811865475 -0.7071067811865475 0
    outer loop
      vertex -46.630252838134766 -48.91238784790039 -9
      vertex -46.21238708496094 -49.33025360107422 -9
      vertex -46.630252838134766 -48.91238784790039 6
    endloop
  endfacet
  facet normal -0.49999973032412515 -0.49999973032412515 -0.7071071625656214
    outer loop
      vertex -46.630252838134766 -48.91238784790039 -9
      vertex -45.85350036621094 -48.274925231933594 -10
      vertex -46.21238708496094 -49.33025360107422 -9
    endloop
  endfacet
  facet normal -0.7071067811865475 -0.7071067811865475 0
    outer loop
      vertex -46.630252838134766 -48.91238784790039 6
      vertex -46.21238708496094 -49.33025360107422 -9
      vertex -46.21238708496094 -49.33025360107422 6
    endloop
  endfacet
  facet normal 0 0 1
    outer loop
      vertex -46.630252838134766 -48.91238784790039 6
      vertex -46.21238708496094 -49.33025360107422 6
      vertex -45.076751708984375 -47.6374626159668 6
    endloop
  endfacet
  facet normal 0 0 1
    outer loop
      vertex -46.630252838134766 -48.91238784790039 6
      vertex -45.076751708984375 -47.6374626159668 6
      vertex -45.186187744140625 -47.47367858886719 6
    endloop
  endfacet
  facet normal -0.7071067811865475 0.7071067811865475 0
    outer loop
      vertex -46.630252838134766 48.91238784790039 -9
      vertex -46.630252838134766 48.91238784790039 6
      vertex -46.21238708496094 49.33025360107422 6
    endloop
  endfacet
  facet normal -0.49999973032412515 0.49999973032412515 -0.7071071625656214
    outer loop
      vertex -46.630252838134766 48.91238784790039 -9
      vertex -46.21238708496094 49.33025360107422 -9
      vertex -45.85350036621094 48.274925231933594 -10
    endloop
  endfacet
  facet normal -0.7071067811865475 0.7071067811865475 0
    outer loop
      vertex -46.630252838134766 48.91238784790039 -9
      vertex -46.21238708496094 49.33025360107422 6
      vertex -46.21238708496094 49.33025360107422 -9
    endloop
  endfacet
  facet normal 0 0 1
    outer loop
      vertex -46.630252838134766 48.91238784790039 6
      vertex -45.186187744140625 47.47367858886719 6
      vertex -45.076751708984375 47.6374626159668 6
    endloop
  endfacet
  facet normal 0 0 1
    outer loop
      vertex -46.630252838134766 48.91238784790039 6
      vertex -45.076751708984375 47.6374626159668 6
      vertex -46.21238708496094 49.33025360107422 6
    endloop
  endfacet
  facet normal 0 0 -1
    outer loop
      vertex -46.29999923706055 -47.196983337402344 -10
      vertex -46.29999923706055 47.196983337402344 -10
      vertex -1.0000003576278687 47.196983337402344 -10
    endloop
  endfacet
  facet normal 0 0 -1
    outer loop
      vertex -46.29999923706055 -47.196983337402344 -10
      vertex -46.0723762512207 -47.94735336303711 -10
      vertex -46.223140716552734 -47.583377838134766 -10
    endloop
  endfacet
  facet normal 0 0 -1
    outer loop
      vertex -46.29999923706055 -47.196983337402344 -10
      vertex -45.85350036621094 -48.274925231933594 -10
      vertex -46.0723762512207 -47.94735336303711 -10
    endloop
  endfacet
  facet normal 0 0 -1
    outer loop
      vertex -46.29999923706055 -47.196983337402344 -10
      vertex -45.57492446899414 -48.55350112915039 -10
      vertex -45.85350036621094 -48.274925231933594 -10
    endloop
  endfacet
  facet normal 0 0 -1
    outer loop
      vertex -46.29999923706055 -47.196983337402344 -10
      vertex -45.24735641479492 -48.772377014160156 -10
      vertex -45.57492446899414 -48.55350112915039 -10
    endloop
  endfacet
  facet normal 0 0 -1
    outer loop
      vertex -46.29999923706055 -47.196983337402344 -10
      vertex -44.88337707519531 -48.92314147949219 -10
      vertex -45.24735641479492 -48.772377014160156 -10
    endloop
  endfacet
  facet normal 0 0 -1
    outer loop
      vertex -46.29999923706055 -47.196983337402344 -10
      vertex -44.49698257446289 -49 -10
      vertex -44.88337707519531 -48.92314147949219 -10
    endloop
  endfacet
  facet normal 0 0 -1
    outer loop
      vertex -46.29999923706055 -47.196983337402344 -10
      vertex -2.803018093109131 -49 -10
      vertex -44.49698257446289 -49 -10
    endloop
  endfacet
  facet normal 0 0 -1
    outer loop
      vertex -46.29999923706055 -47.196983337402344 -10
      vertex -1.0000003576278687 -47.196983337402344 -10
      vertex -2.803018093109131 -49 -10
    endloop
  endfacet
  facet normal 0 0 -1
    outer loop
      vertex -46.29999923706055 -47.196983337402344 -10
      vertex -1.0000003576278687 47.196983337402344 -10
      vertex -1.0000003576278687 -47.196983337402344 -10
    endloop
  endfacet
  facet normal 0 0 -1
    outer loop
      vertex -46.29999923706055 47.196983337402344 -10
      vertex -46.223140716552734 47.583377838134766 -10
      vertex -46.0723762512207 47.94735336303711 -10
    endloop
  endfacet
  facet normal 0 0 -1
    outer loop
      vertex -46.29999923706055 47.196983337402344 -10
      vertex -46.0723762512207 47.94735336303711 -10
      vertex -45.85350036621094 48.274925231933594 -10
    endloop
  endfacet
  facet normal 0 0 -1
    outer loop
      vertex -46.29999923706055 47.196983337402344 -10
      vertex -45.85350036621094 48.274925231933594 -10
      vertex -45.57492446899414 48.55350112915039 -10
    endloop
  endfacet
  facet normal 0 0 -1
    outer loop
      vertex -46.29999923706055 47.196983337402344 -10
      vertex -45.57492446899414 48.55350112915039 -10
      vertex -45.24735641479492 48.772377014160156 -10
    endloop
  endfacet
  facet normal 0 0 -1
    outer loop
      vertex -46.29999923706055 47.196983337402344 -10
      vertex -45.24735641479492 48.772377014160156 -10
      vertex -44.88337707519531 48.92314147949219 -10
    endloop
  endfacet
  facet normal 0 0 -1
    outer loop
      vertex -46.29999923706055 47.196983337402344 -10
      vertex -44.88337707519531 48.92314147949219 -10
      vertex -44.49698257446289 49 -10
    endloop
  endfacet
  facet normal 0 0 -1
    outer loop
      vertex -46.29999923706055 47.196983337402344 -10
      vertex -44.49698257446289 49 -10
      vertex -2.803018093109131 49 -10
    endloop
  endfacet
  facet normal 0 0 -1
    outer loop
      vertex -46.29999923706055 47.196983337402344 -10
      vertex -2.803018093109131 49 -10
      vertex -1.0000003576278687 47.196983337402344 -10
    endloop
  endfacet
  facet normal -0.49999973032412515 -0.49999973032412515 -0.7071071625656214
    outer loop
      vertex -46.21238708496094 -49.33025360107422 -9
      vertex -45.85350036621094 -48.274925231933594 -10
      vertex -45.57492446899414 -48.55350112915039 -10
    endloop
  endfacet
  facet normal -0.5555683692089854 -0.831470857657963 0
    outer loop
      vertex -46.21238708496094 -49.33025360107422 -9
      vertex -45.721031188964844 -49.658565521240234 -9
      vertex -45.721031188964844 -49.658565521240234 6
    endloop
  endfacet
  facet normal -0.5555683692089854 -0.831470857657963 0
    outer loop
      vertex -46.21238708496094 -49.33025360107422 -9
      vertex -45.721031188964844 -49.658565521240234 6
      vertex -46.21238708496094 -49.33025360107422 6
    endloop
  endfacet
  facet normal -0.39284950831853566 -0.5879357108129155 -0.7071073919602288
    outer loop
      vertex -46.21238708496094 -49.33025360107422 -9
      vertex -45.57492446899414 -48.55350112915039 -10
      vertex -45.24735641479492 -48.772377014160156 -10
    endloop
  endfacet
  facet normal -0.39284642844546336 -0.5879390816516162 -0.7071063003002432
    outer loop
      vertex -46.21238708496094 -49.33025360107422 -9
      vertex -45.24735641479492 -48.772377014160156 -10
      vertex -45.721031188964844 -49.658565521240234 -9
    endloop
  endfacet
  facet normal 0 0 1
    outer loop
      vertex -46.21238708496094 -49.33025360107422 6
      vertex -45.721031188964844 -49.658565521240234 6
      vertex -44.937461853027344 -47.77674865722656 6
    endloop
  endfacet
  facet normal 0 0 1
    outer loop
      vertex -46.21238708496094 -49.33025360107422 6
      vertex -44.937461853027344 -47.77674865722656 6
      vertex -45.076751708984375 -47.6374626159668 6
    endloop
  endfacet
  facet normal -0.5555683692089854 0.831470857657963 0
    outer loop
      vertex -46.21238708496094 49.33025360107422 -9
      vertex -46.21238708496094 49.33025360107422 6
      vertex -45.721031188964844 49.658565521240234 -9
    endloop
  endfacet
  facet normal -0.39284642844546336 0.5879390816516162 -0.7071063003002432
    outer loop
      vertex -46.21238708496094 49.33025360107422 -9
      vertex -45.721031188964844 49.658565521240234 -9
      vertex -45.24735641479492 48.772377014160156 -10
    endloop
  endfacet
  facet normal -0.49999973032412515 0.49999973032412515 -0.7071071625656214
    outer loop
      vertex -46.21238708496094 49.33025360107422 -9
      vertex -45.57492446899414 48.55350112915039 -10
      vertex -45.85350036621094 48.274925231933594 -10
    endloop
  endfacet
  facet normal -0.39284950831853566 0.5879357108129155 -0.7071073919602288
    outer loop
      vertex -46.21238708496094 49.33025360107422 -9
      vertex -45.24735641479492 48.772377014160156 -10
      vertex -45.57492446899414 48.55350112915039 -10
    endloop
  endfacet
  facet normal -0.5555683692089854 0.831470857657963 0
    outer loop
      vertex -46.21238708496094 49.33025360107422 6
      vertex -45.721031188964844 49.658565521240234 6
      vertex -45.721031188964844 49.658565521240234 -9
    endloop
  endfacet
  facet normal 0 0 1
    outer loop
      vertex -46.21238708496094 49.33025360107422 6
      vertex -45.076751708984375 47.6374626159668 6
      vertex -44.937461853027344 47.77674865722656 6
    endloop
  endfacet
  facet normal 0 0 1
    outer loop
      vertex -46.21238708496094 49.33025360107422 6
      vertex -44.937461853027344 47.77674865722656 6
      vertex -45.721031188964844 49.658565521240234 6
    endloop
  endfacet
  facet normal -0.2705971264158831 -0.6532823444403495 -0.7071063382674398
    outer loop
      vertex -45.721031188964844 -49.658565521240234 -9
      vertex -45.24735641479492 -48.772377014160156 -10
      vertex -44.88337707519531 -48.92314147949219 -10
    endloop
  endfacet
  facet normal -0.3826853097993421 -0.9238787548503221 0
    outer loop
      vertex -45.721031188964844 -49.658565521240234 -9
      vertex -45.17506790161133 -49.88471221923828 -9
      vertex -45.17506790161133 -49.88471221923828 6
    endloop
  endfacet
  facet normal -0.3826853097993421 -0.9238787548503221 0
    outer loop
      vertex -45.721031188964844 -49.658565521240234 -9
      vertex -45.17506790161133 -49.88471221923828 6
      vertex -45.721031188964844 -49.658565521240234 6
    endloop
  endfacet
  facet normal -0.2705993002268577 -0.6532807457073376 -0.707106983422452
    outer loop
      vertex -45.721031188964844 -49.658565521240234 -9
      vertex -44.88337707519531 -48.92314147949219 -10
      vertex -45.17506790161133 -49.88471221923828 -9
    endloop
  endfacet
  facet normal 0 0 1
    outer loop
      vertex -45.721031188964844 -49.658565521240234 6
      vertex -45.17506790161133 -49.88471221923828 6
      vertex -44.773677825927734 -47.88618850708008 6
    endloop
  endfacet
  facet normal 0 0 1
    outer loop
      vertex -45.721031188964844 -49.658565521240234 6
      vertex -44.773677825927734 -47.88618850708008 6
      vertex -44.937461853027344 -47.77674865722656 6
    endloop
  endfacet
  facet normal -0.3826853097993421 0.9238787548503221 0
    outer loop
      vertex -45.721031188964844 49.658565521240234 -9
      vertex -45.721031188964844 49.658565521240234 6
      vertex -45.17506790161133 49.88471221923828 -9
    endloop
  endfacet
  facet normal -0.2705993002268577 0.6532807457073376 -0.707106983422452
    outer loop
      vertex -45.721031188964844 49.658565521240234 -9
      vertex -45.17506790161133 49.88471221923828 -9
      vertex -44.88337707519531 48.92314147949219 -10
    endloop
  endfacet
  facet normal -0.2705971264158831 0.6532823444403495 -0.7071063382674398
    outer loop
      vertex -45.721031188964844 49.658565521240234 -9
      vertex -44.88337707519531 48.92314147949219 -10
      vertex -45.24735641479492 48.772377014160156 -10
    endloop
  endfacet
  facet normal -0.3826853097993421 0.9238787548503221 0
    outer loop
      vertex -45.721031188964844 49.658565521240234 6
      vertex -45.17506790161133 49.88471221923828 6
      vertex -45.17506790161133 49.88471221923828 -9
    endloop
  endfacet
  facet normal 0 0 1
    outer loop
      vertex -45.721031188964844 49.658565521240234 6
      vertex -44.937461853027344 47.77674865722656 6
      vertex -44.773677825927734 47.88618850708008 6
    endloop
  endfacet
  facet normal 0 0 1
    outer loop
      vertex -45.721031188964844 49.658565521240234 6
      vertex -44.773677825927734 47.88618850708008 6
      vertex -45.17506790161133 49.88471221923828 6
    endloop
  endfacet
  facet normal 0.980784972274595 0.19509187107699222 0
    outer loop
      vertex -45.29999923706055 -47.09849166870117 -8
      vertex -45.29999923706055 -47.09849166870117 6
      vertex -45.26156997680664 -47.29168701171875 6
    endloop
  endfacet
  facet normal 1 0 0
    outer loop
      vertex -45.29999923706055 -47.09849166870117 -8
      vertex -45.29999923706055 -43.650001525878906 -0.16250991821289062
      vertex -45.29999923706055 -47.09849166870117 6
    endloop
  endfacet
  facet normal 1 0 0
    outer loop
      vertex -45.29999923706055 -47.09849166870117 -8
      vertex -45.29999923706055 -43.58658981323242 -0.48128700256347656
      vertex -45.29999923706055 -43.650001525878906 -0.16250991821289062
    endloop
  endfacet
  facet normal 1 0 0
    outer loop
      vertex -45.29999923706055 -47.09849166870117 -8
      vertex -45.29999923706055 -43.46221160888672 -0.7815675735473633
      vertex -45.29999923706055 -43.58658981323242 -0.48128700256347656
    endloop
  endfacet
  facet normal 1 0 0
    outer loop
      vertex -45.29999923706055 -47.09849166870117 -8
      vertex -45.29999923706055 -43.281639099121094 -1.0518131256103516
      vertex -45.29999923706055 -43.46221160888672 -0.7815675735473633
    endloop
  endfacet
  facet normal 1 0 0
    outer loop
      vertex -45.29999923706055 -47.09849166870117 -8
      vertex -45.29999923706055 -43.05181121826172 -1.2816381454467773
      vertex -45.29999923706055 -43.281639099121094 -1.0518131256103516
    endloop
  endfacet
  facet normal 1 0 0
    outer loop
      vertex -45.29999923706055 -47.09849166870117 -8
      vertex -45.29999923706055 -42.78156661987305 -1.4622106552124023
      vertex -45.29999923706055 -43.05181121826172 -1.2816381454467773
    endloop
  endfacet
  facet normal 1 0 0
    outer loop
      vertex -45.29999923706055 -47.09849166870117 -8
      vertex -45.29999923706055 -42.481285095214844 -1.5865907669067383
      vertex -45.29999923706055 -42.78156661987305 -1.4622106552124023
    endloop
  endfacet
  facet normal 1 0 0
    outer loop
      vertex -45.29999923706055 -47.09849166870117 -8
      vertex -45.29999923706055 -42.16250991821289 -1.6499996185302734
      vertex -45.29999923706055 -42.481285095214844 -1.5865907669067383
    endloop
  endfacet
  facet normal 1 0 0
    outer loop
      vertex -45.29999923706055 -47.09849166870117 -8
      vertex -45.29999923706055 -41.83749008178711 -1.6499996185302734
      vertex -45.29999923706055 -42.16250991821289 -1.6499996185302734
    endloop
  endfacet
  facet normal 1 0 0
    outer loop
      vertex -45.29999923706055 -47.09849166870117 -8
      vertex -45.29999923706055 -41.51871109008789 -1.5865907669067383
      vertex -45.29999923706055 -41.83749008178711 -1.6499996185302734
    endloop
  endfacet
  facet normal 1 0 0
    outer loop
      vertex -45.29999923706055 -47.09849166870117 -8
      vertex -45.29999923706055 -41.21842956542969 -1.4622106552124023
      vertex -45.29999923706055 -41.51871109008789 -1.5865907669067383
    endloop
  endfacet
  facet normal 1 0 0
    outer loop
      vertex -45.29999923706055 -47.09849166870117 -8
      vertex -45.29999923706055 -40.948184967041016 -1.2816381454467773
      vertex -45.29999923706055 -41.21842956542969 -1.4622106552124023
    endloop
  endfacet
  facet normal 1 0 0
    outer loop
      vertex -45.29999923706055 -47.09849166870117 -8
      vertex -45.29999923706055 -1.0518131256103516 -1.2816381454467773
      vertex -45.29999923706055 -40.948184967041016 -1.2816381454467773
    endloop
  endfacet
  facet normal 1 0 0
    outer loop
      vertex -45.29999923706055 -47.09849166870117 -8
      vertex -45.29999923706055 -0.7815675735473633 -1.4622106552124023
      vertex -45.29999923706055 -1.0518131256103516 -1.2816381454467773
    endloop
  endfacet
  facet normal 1 0 0
    outer loop
      vertex -45.29999923706055 -47.09849166870117 -8
      vertex -45.29999923706055 -0.48128700256347656 -1.5865907669067383
      vertex -45.29999923706055 -0.7815675735473633 -1.4622106552124023
    endloop
  endfacet
  facet normal 1 0 0
    outer loop
      vertex -45.29999923706055 -47.09849166870117 -8
      vertex -45.29999923706055 -0.16250991821289062 -1.6499996185302734
      vertex -45.29999923706055 -0.48128700256347656 -1.5865907669067383
    endloop
  endfacet
  facet normal 1 0 0
    outer loop
      vertex -45.29999923706055 -47.09849166870117 -8
      vertex -45.29999923706055 47.09849166870117 -8
      vertex -45.29999923706055 -0.16250991821289062 -1.6499996185302734
    endloop
  endfacet
  facet normal 0 0 1
    outer loop
      vertex -45.29999923706055 -47.09849166870117 -8
      vertex -45.26156997680664 -47.29168701171875 -8
      vertex -45.186187744140625 -47.47367858886719 -8
    endloop
  endfacet
  facet normal 0.980784972274595 0.19509187107699222 0
    outer loop
      vertex -45.29999923706055 -47.09849166870117 -8
      vertex -45.26156997680664 -47.29168701171875 6
      vertex -45.26156997680664 -47.29168701171875 -8
    endloop
  endfacet
  facet normal 0 0 1
    outer loop
      vertex -45.29999923706055 -47.09849166870117 -8
      vertex -45.186187744140625 -47.47367858886719 -8
      vertex -45.076751708984375 -47.6374626159668 -8
    endloop
  endfacet
  facet normal 0 0 1
    outer loop
      vertex -45.29999923706055 -47.09849166870117 -8
      vertex -45.076751708984375 -47.6374626159668 -8
      vertex -44.937461853027344 -47.77674865722656 -8
    endloop
  endfacet
  facet normal 0 0 1
    outer loop
      vertex -45.29999923706055 -47.09849166870117 -8
      vertex -44.937461853027344 -47.77674865722656 -8
      vertex -44.773677825927734 -47.88618850708008 -8
    endloop
  endfacet
  facet normal 0 0 1
    outer loop
      vertex -45.29999923706055 -47.09849166870117 -8
      vertex -44.773677825927734 -47.88618850708008 -8
      vertex -44.59169006347656 -47.961570739746094 -8
    endloop
  endfacet
  facet normal 0 0 1
    outer loop
      vertex -45.29999923706055 -47.09849166870117 -8
      vertex -44.59169006347656 -47.961570739746094 -8
      vertex -44.39849090576172 -48 -8
    endloop
  endfacet
  facet normal 0 0 1
    outer loop
      vertex -45.29999923706055 -47.09849166870117 -8
      vertex -44.39849090576172 -48 -8
      vertex -2.9015088081359863 -48 -8
    endloop
  endfacet
  facet normal 0 0 1
    outer loop
      vertex -45.29999923706055 -47.09849166870117 -8
      vertex -2.9015088081359863 -48 -8
      vertex -2.000000476837158 -47.09849166870117 -8
    endloop
  endfacet
  facet normal 0 0 1
    outer loop
      vertex -45.29999923706055 -47.09849166870117 -8
      vertex -2.000000476837158 -47.09849166870117 -8
      vertex -45.29999923706055 47.09849166870117 -8
    endloop
  endfacet
  facet normal 1 0 0
    outer loop
      vertex -45.29999923706055 -47.09849166870117 6
      vertex -45.29999923706055 -43.650001525878906 -0.16250991821289062
      vertex -45.29999923706055 -43.650001525878906 0.16250991821289062
    endloop
  endfacet
  facet normal 1 0 0
    outer loop
      vertex -45.29999923706055 -47.09849166870117 6
      vertex -45.29999923706055 -43.650001525878906 0.16250991821289062
      vertex -45.29999923706055 -43.58658981323242 0.48128700256347656
    endloop
  endfacet
  facet normal 1 0 0
    outer loop
      vertex -45.29999923706055 -47.09849166870117 6
      vertex -45.29999923706055 -43.58658981323242 0.48128700256347656
      vertex -45.29999923706055 -43.46221160888672 0.7815675735473633
    endloop
  endfacet
  facet normal 1 0 0
    outer loop
      vertex -45.29999923706055 -47.09849166870117 6
      vertex -45.29999923706055 -43.46221160888672 0.7815675735473633
      vertex -45.29999923706055 -43.281639099121094 1.0518131256103516
    endloop
  endfacet
  facet normal 1 0 0
    outer loop
      vertex -45.29999923706055 -47.09849166870117 6
      vertex -45.29999923706055 -43.281639099121094 1.0518131256103516
      vertex -45.29999923706055 -43.05181121826172 1.2816381454467773
    endloop
  endfacet
  facet normal 1 0 0
    outer loop
      vertex -45.29999923706055 -47.09849166870117 6
      vertex -45.29999923706055 -43.05181121826172 1.2816381454467773
      vertex -45.29999923706055 -42.78156661987305 1.4622106552124023
    endloop
  endfacet
  facet normal 1 0 0
    outer loop
      vertex -45.29999923706055 -47.09849166870117 6
      vertex -45.29999923706055 -42.78156661987305 1.4622106552124023
      vertex -45.29999923706055 -42.481285095214844 1.5865907669067383
    endloop
  endfacet
  facet normal 1 0 0
    outer loop
      vertex -45.29999923706055 -47.09849166870117 6
      vertex -45.29999923706055 -42.481285095214844 1.5865907669067383
      vertex -45.29999923706055 -42.16250991821289 1.6499996185302734
    endloop
  endfacet
  facet normal 1 0 0
    outer loop
      vertex -45.29999923706055 -47.09849166870117 6
      vertex -45.29999923706055 -42.16250991821289 1.6499996185302734
      vertex -45.29999923706055 -41.83749008178711 1.6499996185302734
    endloop
  endfacet
  facet normal 1 0 0
    outer loop
      vertex -45.29999923706055 -47.09849166870117 6
      vertex -45.29999923706055 -41.83749008178711 1.6499996185302734
      vertex -45.29999923706055 -41.51871109008789 1.5865907669067383
    endloop
  endfacet
  facet normal 1 0 0
    outer loop
      vertex -45.29999923706055 -47.09849166870117 6
      vertex -45.29999923706055 -41.51871109008789 1.5865907669067383
      vertex -45.29999923706055 -41.21842956542969 1.4622106552124023
    endloop
  endfacet
  facet normal 1 0 0
    outer loop
      vertex -45.29999923706055 -47.09849166870117 6
      vertex -45.29999923706055 -41.21842956542969 1.4622106552124023
      vertex -45.29999923706055 -0.7815675735473633 1.4622106552124023
    endloop
  endfacet
  facet normal 1 0 0
    outer loop
      vertex -45.29999923706055 -47.09849166870117 6
      vertex -45.29999923706055 -0.7815675735473633 1.4622106552124023
      vertex -45.29999923706055 -0.48128700256347656 1.5865907669067383
    endloop
  endfacet
  facet normal 1 0 0
    outer loop
      vertex -45.29999923706055 -47.09849166870117 6
      vertex -45.29999923706055 -0.48128700256347656 1.5865907669067383
      vertex -45.29999923706055 -0.16250991821289062 1.6499996185302734
    endloop
  endfacet
  facet normal 1 0 0
    outer loop
      vertex -45.29999923706055 -47.09849166870117 6
      vertex -45.29999923706055 -0.16250991821289062 1.6499996185302734
      vertex -45.29999923706055 47.09849166870117 6
    endloop
  endfacet
  facet normal 1 0 0
    outer loop
      vertex -45.29999923706055 -41.21842956542969 1.4622106552124023
      vertex -45.29999923706055 -40.948184967041016 1.2816381454467773
      vertex -45.29999923706055 -0.7815675735473633 1.4622106552124023
    endloop
  endfacet
  facet normal 1 0 0
    outer loop
      vertex -45.29999923706055 -40.948184967041016 -1.2816381454467773
      vertex -45.29999923706055 -1.0518131256103516 -1.2816381454467773
      vertex -45.29999923706055 -40.718360900878906 -1.0518131256103516
    endloop
  endfacet
  facet normal 1 0 0
    outer loop
      vertex -45.29999923706055 -40.948184967041016 1.2816381454467773
      vertex -45.29999923706055 -40.718360900878906 1.0518131256103516
      vertex -45.29999923706055 -1.0518131256103516 1.2816381454467773
    endloop
  endfacet
  facet normal 1 0 0
    outer loop
      vertex -45.29999923706055 -40.948184967041016 1.2816381454467773
      vertex -45.29999923706055 -1.0518131256103516 1.2816381454467773
      vertex -45.29999923706055 -0.7815675735473633 1.4622106552124023
    endloop
  endfacet
  facet normal 1 0 0
    outer loop
      vertex -45.29999923706055 -40.718360900878906 -1.0518131256103516
      vertex -45.29999923706055 -1.2816381454467773 -1.0518131256103516
      vertex -45.29999923706055 -40.53778839111328 -0.7815675735473633
    endloop
  endfacet
  facet normal 1 0 0
    outer loop
      vertex -45.29999923706055 -40.718360900878906 -1.0518131256103516
      vertex -45.29999923706055 -1.0518131256103516 -1.2816381454467773
      vertex -45.29999923706055 -1.2816381454467773 -1.0518131256103516
    endloop
  endfacet
  facet normal 1 0 0
    outer loop
      vertex -45.29999923706055 -40.718360900878906 1.0518131256103516
      vertex -45.29999923706055 -40.53778839111328 0.7815675735473633
      vertex -45.29999923706055 -1.2816381454467773 1.0518131256103516
    endloop
  endfacet
  facet normal 1 0 0
    outer loop
      vertex -45.29999923706055 -40.718360900878906 1.0518131256103516
      vertex -45.29999923706055 -1.2816381454467773 1.0518131256103516
      vertex -45.29999923706055 -1.0518131256103516 1.2816381454467773
    endloop
  endfacet
  facet normal 1 0 0
    outer loop
      vertex -45.29999923706055 -40.53778839111328 -0.7815675735473633
      vertex -45.29999923706055 -1.4622106552124023 -0.7815675735473633
      vertex -45.29999923706055 -40.41340637207031 -0.48128700256347656
    endloop
  endfacet
  facet normal 1 0 0
    outer loop
      vertex -45.29999923706055 -40.53778839111328 -0.7815675735473633
      vertex -45.29999923706055 -1.2816381454467773 -1.0518131256103516
      vertex -45.29999923706055 -1.4622106552124023 -0.7815675735473633
    endloop
  endfacet
  facet normal 1 0 0
    outer loop
      vertex -45.29999923706055 -40.53778839111328 0.7815675735473633
      vertex -45.29999923706055 -40.41340637207031 0.48128700256347656
      vertex -45.29999923706055 -1.4622106552124023 0.7815675735473633
    endloop
  endfacet
  facet normal 1 0 0
    outer loop
      vertex -45.29999923706055 -40.53778839111328 0.7815675735473633
      vertex -45.29999923706055 -1.4622106552124023 0.7815675735473633
      vertex -45.29999923706055 -1.2816381454467773 1.0518131256103516
    endloop
  endfacet
  facet normal 1 0 0
    outer loop
      vertex -45.29999923706055 -40.41340637207031 -0.48128700256347656
      vertex -45.29999923706055 -1.5865907669067383 -0.48128700256347656
      vertex -45.29999923706055 -40.349998474121094 -0.16250991821289062
    endloop
  endfacet
  facet normal 1 0 0
    outer loop
      vertex -45.29999923706055 -40.41340637207031 -0.48128700256347656
      vertex -45.29999923706055 -1.4622106552124023 -0.7815675735473633
      vertex -45.29999923706055 -1.5865907669067383 -0.48128700256347656
    endloop
  endfacet
  facet normal 1 0 0
    outer loop
      vertex -45.29999923706055 -40.41340637207031 0.48128700256347656
      vertex -45.29999923706055 -40.349998474121094 0.16250991821289062
      vertex -45.29999923706055 -1.5865907669067383 0.48128700256347656
    endloop
  endfacet
  facet normal 1 0 0
    outer loop
      vertex -45.29999923706055 -40.41340637207031 0.48128700256347656
      vertex -45.29999923706055 -1.5865907669067383 0.48128700256347656
      vertex -45.29999923706055 -1.4622106552124023 0.7815675735473633
    endloop
  endfacet
  facet normal 1 0 0
    outer loop
      vertex -45.29999923706055 -40.349998474121094 -0.16250991821289062
      vertex -45.29999923706055 -1.6499996185302734 -0.16250991821289062
      vertex -45.29999923706055 -40.349998474121094 0.16250991821289062
    endloop
  endfacet
  facet normal 1 0 0
    outer loop
      vertex -45.29999923706055 -40.349998474121094 -0.16250991821289062
      vertex -45.29999923706055 -1.5865907669067383 -0.48128700256347656
      vertex -45.29999923706055 -1.6499996185302734 -0.16250991821289062
    endloop
  endfacet
  facet normal 1 0 0
    outer loop
      vertex -45.29999923706055 -40.349998474121094 0.16250991821289062
      vertex -45.29999923706055 -1.6499996185302734 -0.16250991821289062
      vertex -45.29999923706055 -1.6499996185302734 0.16250991821289062
    endloop
  endfacet
  facet normal 1 0 0
    outer loop
      vertex -45.29999923706055 -40.349998474121094 0.16250991821289062
      vertex -45.29999923706055 -1.6499996185302734 0.16250991821289062
      vertex -45.29999923706055 -1.5865907669067383 0.48128700256347656
    endloop
  endfacet
  facet normal 1 0 0
    outer loop
      vertex -45.29999923706055 -0.16250991821289062 -1.6499996185302734
      vertex -45.29999923706055 47.09849166870117 -8
      vertex -45.29999923706055 0.16250991821289062 -1.6499996185302734
    endloop
  endfacet
  facet normal 1 0 0
    outer loop
      vertex -45.29999923706055 -0.16250991821289062 1.6499996185302734
      vertex -45.29999923706055 0.16250991821289062 1.6499996185302734
      vertex -45.29999923706055 47.09849166870117 6
    endloop
  endfacet
  facet normal 1 0 0
    outer loop
      vertex -45.29999923706055 0.16250991821289062 -1.6499996185302734
      vertex -45.29999923706055 47.09849166870117 -8
      vertex -45.29999923706055 0.48128700256347656 -1.5865907669067383
    endloop
  endfacet
  facet normal 1 0 0
    outer loop
      vertex -45.29999923706055 0.16250991821289062 1.6499996185302734
      vertex -45.29999923706055 0.48128700256347656 1.5865907669067383
      vertex -45.29999923706055 47.09849166870117 6
    endloop
  endfacet
  facet normal 1 0 0
    outer loop
      vertex -45.29999923706055 0.48128700256347656 -1.5865907669067383
      vertex -45.29999923706055 47.09849166870117 -8
      vertex -45.29999923706055 0.7815675735473633 -1.4622106552124023
    endloop
  endfacet
  facet normal 1 0 0
    outer loop
      vertex -45.29999923706055 0.48128700256347656 1.5865907669067383
      vertex -45.29999923706055 0.7815675735473633 1.4622106552124023
      vertex -45.29999923706055 47.09849166870117 6
    endloop
  endfacet
  facet normal 1 0 0
    outer loop
      vertex -45.29999923706055 0.7815675735473633 -1.4622106552124023
      vertex -45.29999923706055 47.09849166870117 -8
      vertex -45.29999923706055 1.0518131256103516 -1.2816381454467773
    endloop
  endfacet
  facet normal 1 0 0
    outer loop
      vertex -45.29999923706055 0.7815675735473633 1.4622106552124023
      vertex -45.29999923706055 1.0518131256103516 1.2816381454467773
      vertex -45.29999923706055 40.948184967041016 1.2816381454467773
    endloop
  endfacet
  facet normal 1 0 0
    outer loop
      vertex -45.29999923706055 0.7815675735473633 1.4622106552124023
      vertex -45.29999923706055 40.948184967041016 1.2816381454467773
      vertex -45.29999923706055 41.21842956542969 1.4622106552124023
    endloop
  endfacet
  facet normal 1 0 0
    outer loop
      vertex -45.29999923706055 0.7815675735473633 1.4622106552124023
      vertex -45.29999923706055 41.21842956542969 1.4622106552124023
      vertex -45.29999923706055 47.09849166870117 6
    endloop
  endfacet
  facet normal 1 0 0
    outer loop
      vertex -45.29999923706055 1.0518131256103516 -1.2816381454467773
      vertex -45.29999923706055 40.718360900878906 -1.0518131256103516
      vertex -45.29999923706055 1.2816381454467773 -1.0518131256103516
    endloop
  endfacet
  facet normal 1 0 0
    outer loop
      vertex -45.29999923706055 1.0518131256103516 -1.2816381454467773
      vertex -45.29999923706055 40.948184967041016 -1.2816381454467773
      vertex -45.29999923706055 40.718360900878906 -1.0518131256103516
    endloop
  endfacet
  facet normal 1 0 0
    outer loop
      vertex -45.29999923706055 1.0518131256103516 -1.2816381454467773
      vertex -45.29999923706055 47.09849166870117 -8
      vertex -45.29999923706055 40.948184967041016 -1.2816381454467773
    endloop
  endfacet
  facet normal 1 0 0
    outer loop
      vertex -45.29999923706055 1.0518131256103516 1.2816381454467773
      vertex -45.29999923706055 1.2816381454467773 1.0518131256103516
      vertex -45.29999923706055 40.948184967041016 1.2816381454467773
    endloop
  endfacet
  facet normal 1 0 0
    outer loop
      vertex -45.29999923706055 1.2816381454467773 -1.0518131256103516
      vertex -45.29999923706055 40.718360900878906 -1.0518131256103516
      vertex -45.29999923706055 1.4622106552124023 -0.7815675735473633
    endloop
  endfacet
  facet normal 1 0 0
    outer loop
      vertex -45.29999923706055 1.2816381454467773 1.0518131256103516
      vertex -45.29999923706055 1.4622106552124023 0.7815675735473633
      vertex -45.29999923706055 40.718360900878906 1.0518131256103516
    endloop
  endfacet
  facet normal 1 0 0
    outer loop
      vertex -45.29999923706055 1.2816381454467773 1.0518131256103516
      vertex -45.29999923706055 40.718360900878906 1.0518131256103516
      vertex -45.29999923706055 40.948184967041016 1.2816381454467773
    endloop
  endfacet
  facet normal 1 0 0
    outer loop
      vertex -45.29999923706055 1.4622106552124023 -0.7815675735473633
      vertex -45.29999923706055 40.53778839111328 -0.7815675735473633
      vertex -45.29999923706055 1.5865907669067383 -0.48128700256347656
    endloop
  endfacet
  facet normal 1 0 0
    outer loop
      vertex -45.29999923706055 1.4622106552124023 -0.7815675735473633
      vertex -45.29999923706055 40.718360900878906 -1.0518131256103516
      vertex -45.29999923706055 40.53778839111328 -0.7815675735473633
    endloop
  endfacet
  facet normal 1 0 0
    outer loop
      vertex -45.29999923706055 1.4622106552124023 0.7815675735473633
      vertex -45.29999923706055 1.5865907669067383 0.48128700256347656
      vertex -45.29999923706055 40.53778839111328 0.7815675735473633
    endloop
  endfacet
  facet normal 1 0 0
    outer loop
      vertex -45.29999923706055 1.4622106552124023 0.7815675735473633
      vertex -45.29999923706055 40.53778839111328 0.7815675735473633
      vertex -45.29999923706055 40.718360900878906 1.0518131256103516
    endloop
  endfacet
  facet normal 1 0 0
    outer loop
      vertex -45.29999923706055 1.5865907669067383 -0.48128700256347656
      vertex -45.29999923706055 40.41340637207031 -0.48128700256347656
      vertex -45.29999923706055 1.6499996185302734 -0.16250991821289062
    endloop
  endfacet
  facet normal 1 0 0
    outer loop
      vertex -45.29999923706055 1.5865907669067383 -0.48128700256347656
      vertex -45.29999923706055 40.53778839111328 -0.7815675735473633
      vertex -45.29999923706055 40.41340637207031 -0.48128700256347656
    endloop
  endfacet
  facet normal 1 0 0
    outer loop
      vertex -45.29999923706055 1.5865907669067383 0.48128700256347656
      vertex -45.29999923706055 1.6499996185302734 0.16250991821289062
      vertex -45.29999923706055 40.41340637207031 0.48128700256347656
    endloop
  endfacet
  facet normal 1 0 0
    outer loop
      vertex -45.29999923706055 1.5865907669067383 0.48128700256347656
      vertex -45.29999923706055 40.41340637207031 0.48128700256347656
      vertex -45.29999923706055 40.53778839111328 0.7815675735473633
    endloop
  endfacet
  facet normal 1 0 0
    outer loop
      vertex -45.29999923706055 1.6499996185302734 -0.16250991821289062
      vertex -45.29999923706055 40.349998474121094 -0.16250991821289062
      vertex -45.29999923706055 1.6499996185302734 0.16250991821289062
    endloop
  endfacet
  facet normal 1 0 0
    outer loop
      vertex -45.29999923706055 1.6499996185302734 -0.16250991821289062
      vertex -45.29999923706055 40.41340637207031 -0.48128700256347656
      vertex -45.29999923706055 40.349998474121094 -0.16250991821289062
    endloop
  endfacet
  facet normal 1 0 0
    outer loop
      vertex -45.29999923706055 1.6499996185302734 0.16250991821289062
      vertex -45.29999923706055 40.349998474121094 -0.16250991821289062
      vertex -45.29999923706055 40.349998474121094 0.16250991821289062
    endloop
  endfacet
  facet normal 1 0 0
    outer loop
      vertex -45.29999923706055 1.6499996185302734 0.16250991821289062
      vertex -45.29999923706055 40.349998474121094 0.16250991821289062
      vertex -45.29999923706055 40.41340637207031 0.48128700256347656
    endloop
  endfacet
  facet normal 1 0 0
    outer loop
      vertex -45.29999923706055 40.948184967041016 -1.2816381454467773
      vertex -45.29999923706055 47.09849166870117 -8
      vertex -45.29999923706055 41.21842956542969 -1.4622106552124023
    endloop
  endfacet
  facet normal 1 0 0
    outer loop
      vertex -45.29999923706055 41.21842956542969 -1.4622106552124023
      vertex -45.29999923706055 47.09849166870117 -8
      vertex -45.29999923706055 41.51871109008789 -1.5865907669067383
    endloop
  endfacet
  facet normal 1 0 0
    outer loop
      vertex -45.29999923706055 41.21842956542969 1.4622106552124023
      vertex -45.29999923706055 41.51871109008789 1.5865907669067383
      vertex -45.29999923706055 47.09849166870117 6
    endloop
  endfacet
  facet normal 1 0 0
    outer loop
      vertex -45.29999923706055 41.51871109008789 -1.5865907669067383
      vertex -45.29999923706055 47.09849166870117 -8
      vertex -45.29999923706055 41.83749008178711 -1.6499996185302734
    endloop
  endfacet
  facet normal 1 0 0
    outer loop
      vertex -45.29999923706055 41.51871109008789 1.5865907669067383
      vertex -45.29999923706055 41.83749008178711 1.6499996185302734
      vertex -45.29999923706055 47.09849166870117 6
    endloop
  endfacet
  facet normal 1 0 0
    outer loop
      vertex -45.29999923706055 41.83749008178711 -1.6499996185302734
      vertex -45.29999923706055 47.09849166870117 -8
      vertex -45.29999923706055 42.16250991821289 -1.6499996185302734
    endloop
  endfacet
  facet normal 1 0 0
    outer loop
      vertex -45.29999923706055 41.83749008178711 1.6499996185302734
      vertex -45.29999923706055 42.16250991821289 1.6499996185302734
      vertex -45.29999923706055 47.09849166870117 6
    endloop
  endfacet
  facet normal 1 0 0
    outer loop
      vertex -45.29999923706055 42.16250991821289 -1.6499996185302734
      vertex -45.29999923706055 47.09849166870117 -8
      vertex -45.29999923706055 42.481285095214844 -1.5865907669067383
    endloop
  endfacet
  facet normal 1 0 0
    outer loop
      vertex -45.29999923706055 42.16250991821289 1.6499996185302734
      vertex -45.29999923706055 42.481285095214844 1.5865907669067383
      vertex -45.29999923706055 47.09849166870117 6
    endloop
  endfacet
  facet normal 1 0 0
    outer loop
      vertex -45.29999923706055 42.481285095214844 -1.5865907669067383
      vertex -45.29999923706055 47.09849166870117 -8
      vertex -45.29999923706055 42.78156661987305 -1.4622106552124023
    endloop
  endfacet
  facet normal 1 0 0
    outer loop
      vertex -45.29999923706055 42.481285095214844 1.5865907669067383
      vertex -45.29999923706055 42.78156661987305 1.4622106552124023
      vertex -45.29999923706055 47.09849166870117 6
    endloop
  endfacet
  facet normal 1 0 0
    outer loop
      vertex -45.29999923706055 42.78156661987305 -1.4622106552124023
      vertex -45.29999923706055 47.09849166870117 -8
      vertex -45.29999923706055 43.05181121826172 -1.2816381454467773
    endloop
  endfacet
  facet normal 1 0 0
    outer loop
      vertex -45.29999923706055 42.78156661987305 1.4622106552124023
      vertex -45.29999923706055 43.05181121826172 1.2816381454467773
      vertex -45.29999923706055 47.09849166870117 6
    endloop
  endfacet
  facet normal 1 0 0
    outer loop
      vertex -45.29999923706055 43.05181121826172 -1.2816381454467773
      vertex -45.29999923706055 47.09849166870117 -8
      vertex -45.29999923706055 43.281639099121094 -1.0518131256103516
    endloop
  endfacet
  facet normal 1 0 0
    outer loop
      vertex -45.29999923706055 43.05181121826172 1.2816381454467773
      vertex -45.29999923706055 43.281639099121094 1.0518131256103516
      vertex -45.29999923706055 47.09849166870117 6
    endloop
  endfacet
  facet normal 1 0 0
    outer loop
      vertex -45.29999923706055 43.281639099121094 -1.0518131256103516
      vertex -45.29999923706055 47.09849166870117 -8
      vertex -45.29999923706055 43.46221160888672 -0.7815675735473633
    endloop
  endfacet
  facet normal 1 0 0
    outer loop
      vertex -45.29999923706055 43.281639099121094 1.0518131256103516
      vertex -45.29999923706055 43.46221160888672 0.7815675735473633
      vertex -45.29999923706055 47.09849166870117 6
    endloop
  endfacet
  facet normal 1 0 0
    outer loop
      vertex -45.29999923706055 43.46221160888672 -0.7815675735473633
      vertex -45.29999923706055 47.09849166870117 -8
      vertex -45.29999923706055 43.58658981323242 -0.48128700256347656
    endloop
  endfacet
  facet normal 1 0 0
    outer loop
      vertex -45.29999923706055 43.46221160888672 0.7815675735473633
      vertex -45.29999923706055 43.58658981323242 0.48128700256347656
      vertex -45.29999923706055 47.09849166870117 6
    endloop
  endfacet
  facet normal 1 0 0
    outer loop
      vertex -45.29999923706055 43.58658981323242 -0.48128700256347656
      vertex -45.29999923706055 47.09849166870117 -8
      vertex -45.29999923706055 43.650001525878906 -0.16250991821289062
    endloop
  endfacet
  facet normal 1 0 0
    outer loop
      vertex -45.29999923706055 43.58658981323242 0.48128700256347656
      vertex -45.29999923706055 43.650001525878906 0.16250991821289062
      vertex -45.29999923706055 47.09849166870117 6
    endloop
  endfacet
  facet normal 1 0 0
    outer loop
      vertex -45.29999923706055 43.650001525878906 -0.16250991821289062
      vertex -45.29999923706055 47.09849166870117 -8
      vertex -45.29999923706055 47.09849166870117 6
    endloop
  endfacet
  facet normal 1 0 0
    outer loop
      vertex -45.29999923706055 43.650001525878906 -0.16250991821289062
      vertex -45.29999923706055 47.09849166870117 6
      vertex -45.29999923706055 43.650001525878906 0.16250991821289062
    endloop
  endfacet
  facet normal 0.980784972274595 -0.19509187107699222 0
    outer loop
      vertex -45.29999923706055 47.09849166870117 -8
      vertex -45.26156997680664 47.29168701171875 -8
      vertex -45.29999923706055 47.09849166870117 6
    endloop
  endfacet
  facet normal 0 0 1
    outer loop
      vertex -45.29999923706055 47.09849166870117 -8
      vertex -45.186187744140625 47.47367858886719 -8
      vertex -45.26156997680664 47.29168701171875 -8
    endloop
  endfacet
  facet normal 0 0 1
    outer loop
      vertex -45.29999923706055 47.09849166870117 -8
      vertex -45.076751708984375 47.6374626159668 -8
      vertex -45.186187744140625 47.47367858886719 -8
    endloop
  endfacet
  facet normal 0 0 1
    outer loop
      vertex -45.29999923706055 47.09849166870117 -8
      vertex -44.937461853027344 47.77674865722656 -8
      vertex -45.076751708984375 47.6374626159668 -8
    endloop
  endfacet
  facet normal 0 0 1
    outer loop
      vertex -45.29999923706055 47.09849166870117 -8
      vertex -44.773677825927734 47.88618850708008 -8
      vertex -44.937461853027344 47.77674865722656 -8
    endloop
  endfacet
  facet normal 0 0 1
    outer loop
      vertex -45.29999923706055 47.09849166870117 -8
      vertex -44.59169006347656 47.961570739746094 -8
      vertex -44.773677825927734 47.88618850708008 -8
    endloop
  endfacet
  facet normal 0 0 1
    outer loop
      vertex -45.29999923706055 47.09849166870117 -8
      vertex -44.39849090576172 48 -8
      vertex -44.59169006347656 47.961570739746094 -8
    endloop
  endfacet
  facet normal 0 0 1
    outer loop
      vertex -45.29999923706055 47.09849166870117 -8
      vertex -2.9015088081359863 48 -8
      vertex -44.39849090576172 48 -8
    endloop
  endfacet
  facet normal 0 0 1
    outer loop
      vertex -45.29999923706055 47.09849166870117 -8
      vertex -2.000000476837158 -47.09849166870117 -8
      vertex -2.000000476837158 47.09849166870117 -8
    endloop
  endfacet
  facet normal 0 0 1
    outer loop
      vertex -45.29999923706055 47.09849166870117 -8
      vertex -2.000000476837158 47.09849166870117 -8
      vertex -2.9015088081359863 48 -8
    endloop
  endfacet
  facet normal 0.980784972274595 -0.19509187107699222 0
    outer loop
      vertex -45.29999923706055 47.09849166870117 6
      vertex -45.26156997680664 47.29168701171875 -8
      vertex -45.26156997680664 47.29168701171875 6
    endloop
  endfacet
  facet normal 0.9238815908410086 0.3826784630797596 0
    outer loop
      vertex -45.26156997680664 -47.29168701171875 -8
      vertex -45.26156997680664 -47.29168701171875 6
      vertex -45.186187744140625 -47.47367858886719 6
    endloop
  endfacet
  facet normal 0.9238815908410086 0.3826784630797596 0
    outer loop
      vertex -45.26156997680664 -47.29168701171875 -8
      vertex -45.186187744140625 -47.47367858886719 6
      vertex -45.186187744140625 -47.47367858886719 -8
    endloop
  endfacet
  facet normal 0.9238815908410086 -0.3826784630797596 0
    outer loop
      vertex -45.26156997680664 47.29168701171875 -8
      vertex -45.186187744140625 47.47367858886719 -8
      vertex -45.26156997680664 47.29168701171875 6
    endloop
  endfacet
  facet normal 0.9238815908410086 -0.3826784630797596 0
    outer loop
      vertex -45.26156997680664 47.29168701171875 6
      vertex -45.186187744140625 47.47367858886719 -8
      vertex -45.186187744140625 47.47367858886719 6
    endloop
  endfacet
  facet normal 0.8314718471387762 0.5555668883362573 0
    outer loop
      vertex -45.186187744140625 -47.47367858886719 -8
      vertex -45.186187744140625 -47.47367858886719 6
      vertex -45.076751708984375 -47.6374626159668 6
    endloop
  endfacet
  facet normal 0.8314718471387762 0.5555668883362573 0
    outer loop
      vertex -45.186187744140625 -47.47367858886719 -8
      vertex -45.076751708984375 -47.6374626159668 6
      vertex -45.076751708984375 -47.6374626159668 -8
    endloop
  endfacet
  facet normal 0.8314718471387762 -0.5555668883362573 0
    outer loop
      vertex -45.186187744140625 47.47367858886719 -8
      vertex -45.076751708984375 47.6374626159668 -8
      vertex -45.186187744140625 47.47367858886719 6
    endloop
  endfacet
  facet normal 0.8314718471387762 -0.5555668883362573 0
    outer loop
      vertex -45.186187744140625 47.47367858886719 6
      vertex -45.076751708984375 47.6374626159668 -8
      vertex -45.076751708984375 47.6374626159668 6
    endloop
  endfacet
  facet normal -0.13794944356295732 -0.6935198078189155 -0.7071069418295118
    outer loop
      vertex -45.17506790161133 -49.88471221923828 -9
      vertex -44.88337707519531 -48.92314147949219 -10
      vertex -44.49698257446289 -49 -10
    endloop
  endfacet
  facet normal -0.19508940075505643 -0.9807854636530015 0
    outer loop
      vertex -45.17506790161133 -49.88471221923828 -9
      vertex -44.59547424316406 -50 -9
      vertex -44.59547424316406 -50 6
    endloop
  endfacet
  facet normal -0.19508940075505643 -0.9807854636530015 0
    outer loop
      vertex -45.17506790161133 -49.88471221923828 -9
      vertex -44.59547424316406 -50 6
      vertex -45.17506790161133 -49.88471221923828 6
    endloop
  endfacet
  facet normal -0.1379490282599269 -0.6935200022079449 -0.7071068321969701
    outer loop
      vertex -45.17506790161133 -49.88471221923828 -9
      vertex -44.49698257446289 -49 -10
      vertex -44.59547424316406 -50 -9
    endloop
  endfacet
  facet normal 0 0 1
    outer loop
      vertex -45.17506790161133 -49.88471221923828 6
      vertex -44.59547424316406 -50 6
      vertex -44.59169006347656 -47.961570739746094 6
    endloop
  endfacet
  facet normal 0 0 1
    outer loop
      vertex -45.17506790161133 -49.88471221923828 6
      vertex -44.59169006347656 -47.961570739746094 6
      vertex -44.773677825927734 -47.88618850708008 6
    endloop
  endfacet
  facet normal -0.19508940075505643 0.9807854636530015 0
    outer loop
      vertex -45.17506790161133 49.88471221923828 -9
      vertex -45.17506790161133 49.88471221923828 6
      vertex -44.59547424316406 50 -9
    endloop
  endfacet
  facet normal -0.1379490282599269 0.6935200022079449 -0.7071068321969701
    outer loop
      vertex -45.17506790161133 49.88471221923828 -9
      vertex -44.59547424316406 50 -9
      vertex -44.49698257446289 49 -10
    endloop
  endfacet
  facet normal -0.13794944356295732 0.6935198078189155 -0.7071069418295118
    outer loop
      vertex -45.17506790161133 49.88471221923828 -9
      vertex -44.49698257446289 49 -10
      vertex -44.88337707519531 48.92314147949219 -10
    endloop
  endfacet
  facet normal 0 0 1
    outer loop
      vertex -45.17506790161133 49.88471221923828 6
      vertex -44.773677825927734 47.88618850708008 6
      vertex -44.59169006347656 47.961570739746094 6
    endloop
  endfacet
  facet normal -0.19508940075505643 0.9807854636530015 0
    outer loop
      vertex -45.17506790161133 49.88471221923828 6
      vertex -44.59547424316406 50 6
      vertex -44.59547424316406 50 -9
    endloop
  endfacet
  facet normal 0 0 1
    outer loop
      vertex -45.17506790161133 49.88471221923828 6
      vertex -44.59169006347656 47.961570739746094 6
      vertex -44.59547424316406 50 6
    endloop
  endfacet
  facet normal 0.7070970983073038 0.7071164639331989 0
    outer loop
      vertex -45.076751708984375 -47.6374626159668 -8
      vertex -45.076751708984375 -47.6374626159668 6
      vertex -44.937461853027344 -47.77674865722656 -8
    endloop
  endfacet
  facet normal 0.7070970983073038 0.7071164639331989 0
    outer loop
      vertex -45.076751708984375 -47.6374626159668 6
      vertex -44.937461853027344 -47.77674865722656 6
      vertex -44.937461853027344 -47.77674865722656 -8
    endloop
  endfacet
  facet normal 0.7070970983073038 -0.7071164639331989 0
    outer loop
      vertex -45.076751708984375 47.6374626159668 -8
      vertex -44.937461853027344 47.77674865722656 -8
      vertex -44.937461853027344 47.77674865722656 6
    endloop
  endfacet
  facet normal 0.7070970983073038 -0.7071164639331989 0
    outer loop
      vertex -45.076751708984375 47.6374626159668 -8
      vertex -44.937461853027344 47.77674865722656 6
      vertex -45.076751708984375 47.6374626159668 6
    endloop
  endfacet
  facet normal 0.5555802765972782 0.8314629013107511 0
    outer loop
      vertex -44.937461853027344 -47.77674865722656 -8
      vertex -44.937461853027344 -47.77674865722656 6
      vertex -44.773677825927734 -47.88618850708008 -8
    endloop
  endfacet
  facet normal 0.5555802765972782 0.8314629013107511 0
    outer loop
      vertex -44.937461853027344 -47.77674865722656 6
      vertex -44.773677825927734 -47.88618850708008 6
      vertex -44.773677825927734 -47.88618850708008 -8
    endloop
  endfacet
  facet normal 0.5555802765972782 -0.8314629013107511 0
    outer loop
      vertex -44.937461853027344 47.77674865722656 -8
      vertex -44.773677825927734 47.88618850708008 -8
      vertex -44.773677825927734 47.88618850708008 6
    endloop
  endfacet
  facet normal 0.5555802765972782 -0.8314629013107511 0
    outer loop
      vertex -44.937461853027344 47.77674865722656 -8
      vertex -44.773677825927734 47.88618850708008 6
      vertex -44.937461853027344 47.77674865722656 6
    endloop
  endfacet
  facet normal 0.3826853097993421 0.9238787548503221 0
    outer loop
      vertex -44.773677825927734 -47.88618850708008 -8
      vertex -44.773677825927734 -47.88618850708008 6
      vertex -44.59169006347656 -47.961570739746094 -8
    endloop
  endfacet
  facet normal 0.3826853097993421 0.9238787548503221 0
    outer loop
      vertex -44.773677825927734 -47.88618850708008 6
      vertex -44.59169006347656 -47.961570739746094 6
      vertex -44.59169006347656 -47.961570739746094 -8
    endloop
  endfacet
  facet normal 0.3826853097993421 -0.9238787548503221 0
    outer loop
      vertex -44.773677825927734 47.88618850708008 -8
      vertex -44.59169006347656 47.961570739746094 -8
      vertex -44.59169006347656 47.961570739746094 6
    endloop
  endfacet
  facet normal 0.3826853097993421 -0.9238787548503221 0
    outer loop
      vertex -44.773677825927734 47.88618850708008 -8
      vertex -44.59169006347656 47.961570739746094 6
      vertex -44.773677825927734 47.88618850708008 6
    endloop
  endfacet
  facet normal 0 -0.7071067811865475 -0.7071067811865475
    outer loop
      vertex -44.59547424316406 -50 -9
      vertex -44.49698257446289 -49 -10
      vertex -2.704526424407959 -50 -9
    endloop
  endfacet
  facet normal 0 -1 0
    outer loop
      vertex -44.59547424316406 -50 -9
      vertex -2.704526424407959 -50 -9
      vertex -2.704526424407959 -50 6
    endloop
  endfacet
  facet normal 0 -1 0
    outer loop
      vertex -44.59547424316406 -50 -9
      vertex -2.704526424407959 -50 6
      vertex -44.59547424316406 -50 6
    endloop
  endfacet
  facet normal 0 0 1
    outer loop
      vertex -44.59547424316406 -50 6
      vertex -44.39849090576172 -48 6
      vertex -44.59169006347656 -47.961570739746094 6
    endloop
  endfacet
  facet normal 0 0 1
    outer loop
      vertex -44.59547424316406 -50 6
      vertex -2.704526424407959 -50 6
      vertex -44.39849090576172 -48 6
    endloop
  endfacet
  facet normal 0 1 0
    outer loop
      vertex -44.59547424316406 50 -9
      vertex -44.59547424316406 50 6
      vertex -2.704526424407959 50 -9
    endloop
  endfacet
  facet normal 0 0.7071067811865476 -0.7071067811865476
    outer loop
      vertex -44.59547424316406 50 -9
      vertex -2.803018093109131 49 -10
      vertex -44.49698257446289 49 -10
    endloop
  endfacet
  facet normal 0 0.7071067811865475 -0.7071067811865475
    outer loop
      vertex -44.59547424316406 50 -9
      vertex -2.704526424407959 50 -9
      vertex -2.803018093109131 49 -10
    endloop
  endfacet
  facet normal 0 0 1
    outer loop
      vertex -44.59547424316406 50 6
      vertex -44.59169006347656 47.961570739746094 6
      vertex -44.39849090576172 48 6
    endloop
  endfacet
  facet normal 0 0 1
    outer loop
      vertex -44.59547424316406 50 6
      vertex -44.39849090576172 48 6
      vertex -2.704526424407959 50 6
    endloop
  endfacet
  facet normal 0 1 0
    outer loop
      vertex -44.59547424316406 50 6
      vertex -2.704526424407959 50 6
      vertex -2.704526424407959 50 -9
    endloop
  endfacet
  facet normal 0.19508816561708434 0.9807857093352049 0
    outer loop
      vertex -44.59169006347656 -47.961570739746094 -8
      vertex -44.59169006347656 -47.961570739746094 6
      vertex -44.39849090576172 -48 -8
    endloop
  endfacet
  facet normal 0.19508816561708434 0.9807857093352049 0
    outer loop
      vertex -44.59169006347656 -47.961570739746094 6
      vertex -44.39849090576172 -48 6
      vertex -44.39849090576172 -48 -8
    endloop
  endfacet
  facet normal 0.19508816561708434 -0.9807857093352049 0
    outer loop
      vertex -44.59169006347656 47.961570739746094 -8
      vertex -44.39849090576172 48 -8
      vertex -44.39849090576172 48 6
    endloop
  endfacet
  facet normal 0.19508816561708434 -0.9807857093352049 0
    outer loop
      vertex -44.59169006347656 47.961570739746094 -8
      vertex -44.39849090576172 48 6
      vertex -44.59169006347656 47.961570739746094 6
    endloop
  endfacet
  facet normal 0 -0.7071067811865476 -0.7071067811865476
    outer loop
      vertex -44.49698257446289 -49 -10
      vertex -2.803018093109131 -49 -10
      vertex -2.704526424407959 -50 -9
    endloop
  endfacet
  facet normal 0 1 0
    outer loop
      vertex -44.39849090576172 -48 -8
      vertex -44.39849090576172 -48 6
      vertex -2.9015088081359863 -48 -8
    endloop
  endfacet
  facet normal 0 1 0
    outer loop
      vertex -44.39849090576172 -48 6
      vertex -2.9015088081359863 -48 6
      vertex -2.9015088081359863 -48 -8
    endloop
  endfacet
  facet normal 0 0 1
    outer loop
      vertex -44.39849090576172 -48 6
      vertex -2.704526424407959 -50 6
      vertex -2.9015088081359863 -48 6
    endloop
  endfacet
  facet normal 0 -1 0
    outer loop
      vertex -44.39849090576172 48 -8
      vertex -2.9015088081359863 48 -8
      vertex -2.9015088081359863 48 6
    endloop
  endfacet
  facet normal 0 -1 0
    outer loop
      vertex -44.39849090576172 48 -8
      vertex -2.9015088081359863 48 6
      vertex -44.39849090576172 48 6
    endloop
  endfacet
  facet normal 0 0 1
    outer loop
      vertex -44.39849090576172 48 6
      vertex -2.9015088081359863 48 6
      vertex -2.704526424407959 50 6
    endloop
  endfacet
  facet normal -0.19509001832979136 0.9807853408101497 0
    outer loop
      vertex -2.9015088081359863 -48 -8
      vertex -2.9015088081359863 -48 6
      vertex -2.7083115577697754 -47.961570739746094 -8
    endloop
  endfacet
  facet normal 0 0 1
    outer loop
      vertex -2.9015088081359863 -48 -8
      vertex -2.7083115577697754 -47.961570739746094 -8
      vertex -2.526322841644287 -47.88618850708008 -8
    endloop
  endfacet
  facet normal 0 0 1
    outer loop
      vertex -2.9015088081359863 -48 -8
      vertex -2.526322841644287 -47.88618850708008 -8
      vertex -2.3625378608703613 -47.77674865722656 -8
    endloop
  endfacet
  facet normal 0 0 1
    outer loop
      vertex -2.9015088081359863 -48 -8
      vertex -2.3625378608703613 -47.77674865722656 -8
      vertex -2.223249912261963 -47.6374626159668 -8
    endloop
  endfacet
  facet normal 0 0 1
    outer loop
      vertex -2.9015088081359863 -48 -8
      vertex -2.223249912261963 -47.6374626159668 -8
      vertex -2.11381196975708 -47.47367858886719 -8
    endloop
  endfacet
  facet normal 0 0 1
    outer loop
      vertex -2.9015088081359863 -48 -8
      vertex -2.11381196975708 -47.47367858886719 -8
      vertex -2.0384297370910645 -47.29168701171875 -8
    endloop
  endfacet
  facet normal 0 0 1
    outer loop
      vertex -2.9015088081359863 -48 -8
      vertex -2.0384297370910645 -47.29168701171875 -8
      vertex -2.000000476837158 -47.09849166870117 -8
    endloop
  endfacet
  facet normal -0.19509001832979136 0.9807853408101497 0
    outer loop
      vertex -2.9015088081359863 -48 6
      vertex -2.7083115577697754 -47.961570739746094 6
      vertex -2.7083115577697754 -47.961570739746094 -8
    endloop
  endfacet
  facet normal 0 0 1
    outer loop
      vertex -2.9015088081359863 -48 6
      vertex -2.704526424407959 -50 6
      vertex -2.7083115577697754 -47.961570739746094 6
    endloop
  endfacet
  facet normal -0.19509001832979136 -0.9807853408101497 0
    outer loop
      vertex -2.9015088081359863 48 -8
      vertex -2.7083115577697754 47.961570739746094 -8
      vertex -2.7083115577697754 47.961570739746094 6
    endloop
  endfacet
  facet normal -0.19509001832979136 -0.9807853408101497 0
    outer loop
      vertex -2.9015088081359863 48 -8
      vertex -2.7083115577697754 47.961570739746094 6
      vertex -2.9015088081359863 48 6
    endloop
  endfacet
  facet normal 0 0 1
    outer loop
      vertex -2.9015088081359863 48 -8
      vertex -2.526322841644287 47.88618850708008 -8
      vertex -2.7083115577697754 47.961570739746094 -8
    endloop
  endfacet
  facet normal 0 0 1
    outer loop
      vertex -2.9015088081359863 48 -8
      vertex -2.3625378608703613 47.77674865722656 -8
      vertex -2.526322841644287 47.88618850708008 -8
    endloop
  endfacet
  facet normal 0 0 1
    outer loop
      vertex -2.9015088081359863 48 -8
      vertex -2.223249912261963 47.6374626159668 -8
      vertex -2.3625378608703613 47.77674865722656 -8
    endloop
  endfacet
  facet normal 0 0 1
    outer loop
      vertex -2.9015088081359863 48 -8
      vertex -2.11381196975708 47.47367858886719 -8
      vertex -2.223249912261963 47.6374626159668 -8
    endloop
  endfacet
  facet normal 0 0 1
    outer loop
      vertex -2.9015088081359863 48 -8
      vertex -2.0384297370910645 47.29168701171875 -8
      vertex -2.11381196975708 47.47367858886719 -8
    endloop
  endfacet
  facet normal 0 0 1
    outer loop
      vertex -2.9015088081359863 48 -8
      vertex -2.000000476837158 47.09849166870117 -8
      vertex -2.0384297370910645 47.29168701171875 -8
    endloop
  endfacet
  facet normal 0 0 1
    outer loop
      vertex -2.9015088081359863 48 6
      vertex -2.7083115577697754 47.961570739746094 6
      vertex -2.704526424407959 50 6
    endloop
  endfacet
  facet normal 0.13794882060933786 -0.6935200994019628 -0.7071067773808879
    outer loop
      vertex -2.803018093109131 -49 -10
      vertex -2.416621685028076 -48.92314147949219 -10
      vertex -2.1249327659606934 -49.88471221923828 -9
    endloop
  endfacet
  facet normal 0.1379490282599269 -0.6935200022079449 -0.7071068321969701
    outer loop
      vertex -2.803018093109131 -49 -10
      vertex -2.1249327659606934 -49.88471221923828 -9
      vertex -2.704526424407959 -50 -9
    endloop
  endfacet
  facet normal 0 0 -1
    outer loop
      vertex -2.803018093109131 -49 -10
      vertex -2.052645206451416 -48.772377014160156 -10
      vertex -2.416621685028076 -48.92314147949219 -10
    endloop
  endfacet
  facet normal 0 0 -1
    outer loop
      vertex -2.803018093109131 -49 -10
      vertex -1.725075125694275 -48.55350112915039 -10
      vertex -2.052645206451416 -48.772377014160156 -10
    endloop
  endfacet
  facet normal 0 0 -1
    outer loop
      vertex -2.803018093109131 -49 -10
      vertex -1.446499228477478 -48.274925231933594 -10
      vertex -1.725075125694275 -48.55350112915039 -10
    endloop
  endfacet
  facet normal 0 0 -1
    outer loop
      vertex -2.803018093109131 -49 -10
      vertex -1.2276233434677124 -47.94735336303711 -10
      vertex -1.446499228477478 -48.274925231933594 -10
    endloop
  endfacet
  facet normal 0 0 -1
    outer loop
      vertex -2.803018093109131 -49 -10
      vertex -1.0768588781356812 -47.583377838134766 -10
      vertex -1.2276233434677124 -47.94735336303711 -10
    endloop
  endfacet
  facet normal 0 0 -1
    outer loop
      vertex -2.803018093109131 -49 -10
      vertex -1.0000003576278687 -47.196983337402344 -10
      vertex -1.0768588781356812 -47.583377838134766 -10
    endloop
  endfacet
  facet normal 0.1379490282599269 0.6935200022079449 -0.7071068321969701
    outer loop
      vertex -2.803018093109131 49 -10
      vertex -2.704526424407959 50 -9
      vertex -2.1249327659606934 49.88471221923828 -9
    endloop
  endfacet
  facet normal 0 0 -1
    outer loop
      vertex -2.803018093109131 49 -10
      vertex -2.416621685028076 48.92314147949219 -10
      vertex -2.052645206451416 48.772377014160156 -10
    endloop
  endfacet
  facet normal 0.13794882060933786 0.6935200994019628 -0.7071067773808879
    outer loop
      vertex -2.803018093109131 49 -10
      vertex -2.1249327659606934 49.88471221923828 -9
      vertex -2.416621685028076 48.92314147949219 -10
    endloop
  endfacet
  facet normal 0 0 -1
    outer loop
      vertex -2.803018093109131 49 -10
      vertex -2.052645206451416 48.772377014160156 -10
      vertex -1.725075125694275 48.55350112915039 -10
    endloop
  endfacet
  facet normal 0 0 -1
    outer loop
      vertex -2.803018093109131 49 -10
      vertex -1.725075125694275 48.55350112915039 -10
      vertex -1.446499228477478 48.274925231933594 -10
    endloop
  endfacet
  facet normal 0 0 -1
    outer loop
      vertex -2.803018093109131 49 -10
      vertex -1.446499228477478 48.274925231933594 -10
      vertex -1.2276233434677124 47.94735336303711 -10
    endloop
  endfacet
  facet normal 0 0 -1
    outer loop
      vertex -2.803018093109131 49 -10
      vertex -1.2276233434677124 47.94735336303711 -10
      vertex -1.0768588781356812 47.583377838134766 -10
    endloop
  endfacet
  facet normal 0 0 -1
    outer loop
      vertex -2.803018093109131 49 -10
      vertex -1.0768588781356812 47.583377838134766 -10
      vertex -1.0000003576278687 47.196983337402344 -10
    endloop
  endfacet
  facet normal -0.3826835980984485 0.9238794638622644 0
    outer loop
      vertex -2.7083115577697754 -47.961570739746094 -8
      vertex -2.7083115577697754 -47.961570739746094 6
      vertex -2.526322841644287 -47.88618850708008 -8
    endloop
  endfacet
  facet normal 0 0 1
    outer loop
      vertex -2.7083115577697754 -47.961570739746094 6
      vertex -2.704526424407959 -50 6
      vertex -2.1249327659606934 -49.88471221923828 6
    endloop
  endfacet
  facet normal -0.3826835980984485 0.9238794638622644 0
    outer loop
      vertex -2.7083115577697754 -47.961570739746094 6
      vertex -2.526322841644287 -47.88618850708008 6
      vertex -2.526322841644287 -47.88618850708008 -8
    endloop
  endfacet
  facet normal 0 0 1
    outer loop
      vertex -2.7083115577697754 -47.961570739746094 6
      vertex -2.1249327659606934 -49.88471221923828 6
      vertex -2.526322841644287 -47.88618850708008 6
    endloop
  endfacet
  facet normal -0.3826835980984485 -0.9238794638622644 0
    outer loop
      vertex -2.7083115577697754 47.961570739746094 -8
      vertex -2.526322841644287 47.88618850708008 -8
      vertex -2.526322841644287 47.88618850708008 6
    endloop
  endfacet
  facet normal -0.3826835980984485 -0.9238794638622644 0
    outer loop
      vertex -2.7083115577697754 47.961570739746094 -8
      vertex -2.526322841644287 47.88618850708008 6
      vertex -2.7083115577697754 47.961570739746094 6
    endloop
  endfacet
  facet normal 0 0 1
    outer loop
      vertex -2.7083115577697754 47.961570739746094 6
      vertex -2.526322841644287 47.88618850708008 6
      vertex -2.1249327659606934 49.88471221923828 6
    endloop
  endfacet
  facet normal 0 0 1
    outer loop
      vertex -2.7083115577697754 47.961570739746094 6
      vertex -2.1249327659606934 49.88471221923828 6
      vertex -2.704526424407959 50 6
    endloop
  endfacet
  facet normal 0.19508940075505643 -0.9807854636530015 0
    outer loop
      vertex -2.704526424407959 -50 -9
      vertex -2.1249327659606934 -49.88471221923828 -9
      vertex -2.1249327659606934 -49.88471221923828 6
    endloop
  endfacet
  facet normal 0.19508940075505643 -0.9807854636530015 0
    outer loop
      vertex -2.704526424407959 -50 -9
      vertex -2.1249327659606934 -49.88471221923828 6
      vertex -2.704526424407959 -50 6
    endloop
  endfacet
  facet normal 0.19508940075505643 0.9807854636530015 0
    outer loop
      vertex -2.704526424407959 50 -9
      vertex -2.704526424407959 50 6
      vertex -2.1249327659606934 49.88471221923828 -9
    endloop
  endfacet
  facet normal 0.19508940075505643 0.9807854636530015 0
    outer loop
      vertex -2.704526424407959 50 6
      vertex -2.1249327659606934 49.88471221923828 6
      vertex -2.1249327659606934 49.88471221923828 -9
    endloop
  endfacet
  facet normal -0.5555780401443802 0.8314643956955279 0
    outer loop
      vertex -2.526322841644287 -47.88618850708008 -8
      vertex -2.526322841644287 -47.88618850708008 6
      vertex -2.3625378608703613 -47.77674865722656 -8
    endloop
  endfacet
  facet normal -0.5555780401443802 0.8314643956955279 0
    outer loop
      vertex -2.526322841644287 -47.88618850708008 6
      vertex -2.3625378608703613 -47.77674865722656 6
      vertex -2.3625378608703613 -47.77674865722656 -8
    endloop
  endfacet
  facet normal 0 0 1
    outer loop
      vertex -2.526322841644287 -47.88618850708008 6
      vertex -2.1249327659606934 -49.88471221923828 6
      vertex -1.5789674520492554 -49.658565521240234 6
    endloop
  endfacet
  facet normal 0 0 1
    outer loop
      vertex -2.526322841644287 -47.88618850708008 6
      vertex -1.5789674520492554 -49.658565521240234 6
      vertex -2.3625378608703613 -47.77674865722656 6
    endloop
  endfacet
  facet normal -0.5555780401443802 -0.8314643956955279 0
    outer loop
      vertex -2.526322841644287 47.88618850708008 -8
      vertex -2.3625378608703613 47.77674865722656 -8
      vertex -2.3625378608703613 47.77674865722656 6
    endloop
  endfacet
  facet normal -0.5555780401443802 -0.8314643956955279 0
    outer loop
      vertex -2.526322841644287 47.88618850708008 -8
      vertex -2.3625378608703613 47.77674865722656 6
      vertex -2.526322841644287 47.88618850708008 6
    endloop
  endfacet
  facet normal 0 0 1
    outer loop
      vertex -2.526322841644287 47.88618850708008 6
      vertex -2.3625378608703613 47.77674865722656 6
      vertex -1.5789674520492554 49.658565521240234 6
    endloop
  endfacet
  facet normal 0 0 1
    outer loop
      vertex -2.526322841644287 47.88618850708008 6
      vertex -1.5789674520492554 49.658565521240234 6
      vertex -2.1249327659606934 49.88471221923828 6
    endloop
  endfacet
  facet normal 0.27059875059873945 -0.653281130492277 -0.7071068382621779
    outer loop
      vertex -2.416621685028076 -48.92314147949219 -10
      vertex -2.052645206451416 -48.772377014160156 -10
      vertex -1.5789674520492554 -49.658565521240234 -9
    endloop
  endfacet
  facet normal 0.27059852415943003 -0.6532812970276091 -0.7071067710584189
    outer loop
      vertex -2.416621685028076 -48.92314147949219 -10
      vertex -1.5789674520492554 -49.658565521240234 -9
      vertex -2.1249327659606934 -49.88471221923828 -9
    endloop
  endfacet
  facet normal 0.27059852415943003 0.6532812970276091 -0.7071067710584189
    outer loop
      vertex -2.416621685028076 48.92314147949219 -10
      vertex -2.1249327659606934 49.88471221923828 -9
      vertex -1.5789674520492554 49.658565521240234 -9
    endloop
  endfacet
  facet normal 0.27059875059873945 0.653281130492277 -0.7071068382621779
    outer loop
      vertex -2.416621685028076 48.92314147949219 -10
      vertex -1.5789674520492554 49.658565521240234 -9
      vertex -2.052645206451416 48.772377014160156 -10
    endloop
  endfacet
  facet normal -0.7071019397303508 0.7071116226095956 0
    outer loop
      vertex -2.3625378608703613 -47.77674865722656 -8
      vertex -2.3625378608703613 -47.77674865722656 6
      vertex -2.223249912261963 -47.6374626159668 -8
    endloop
  endfacet
  facet normal -0.7071019397303508 0.7071116226095956 0
    outer loop
      vertex -2.3625378608703613 -47.77674865722656 6
      vertex -2.223249912261963 -47.6374626159668 6
      vertex -2.223249912261963 -47.6374626159668 -8
    endloop
  endfacet
  facet normal 0 0 1
    outer loop
      vertex -2.3625378608703613 -47.77674865722656 6
      vertex -1.5789674520492554 -49.658565521240234 6
      vertex -1.0876115560531616 -49.33025360107422 6
    endloop
  endfacet
  facet normal 0 0 1
    outer loop
      vertex -2.3625378608703613 -47.77674865722656 6
      vertex -1.0876115560531616 -49.33025360107422 6
      vertex -2.223249912261963 -47.6374626159668 6
    endloop
  endfacet
  facet normal -0.7071019397303508 -0.7071116226095956 0
    outer loop
      vertex -2.3625378608703613 47.77674865722656 -8
      vertex -2.223249912261963 47.6374626159668 -8
      vertex -2.223249912261963 47.6374626159668 6
    endloop
  endfacet
  facet normal -0.7071019397303508 -0.7071116226095956 0
    outer loop
      vertex -2.3625378608703613 47.77674865722656 -8
      vertex -2.223249912261963 47.6374626159668 6
      vertex -2.3625378608703613 47.77674865722656 6
    endloop
  endfacet
  facet normal 0 0 1
    outer loop
      vertex -2.3625378608703613 47.77674865722656 6
      vertex -2.223249912261963 47.6374626159668 6
      vertex -1.0876115560531616 49.33025360107422 6
    endloop
  endfacet
  facet normal 0 0 1
    outer loop
      vertex -2.3625378608703613 47.77674865722656 6
      vertex -1.0876115560531616 49.33025360107422 6
      vertex -1.5789674520492554 49.658565521240234 6
    endloop
  endfacet
  facet normal -0.8314673742276486 0.5555735825207849 0
    outer loop
      vertex -2.223249912261963 -47.6374626159668 -8
      vertex -2.223249912261963 -47.6374626159668 6
      vertex -2.11381196975708 -47.47367858886719 6
    endloop
  endfacet
  facet normal -0.8314673742276486 0.5555735825207849 0
    outer loop
      vertex -2.223249912261963 -47.6374626159668 -8
      vertex -2.11381196975708 -47.47367858886719 6
      vertex -2.11381196975708 -47.47367858886719 -8
    endloop
  endfacet
  facet normal 0 0 1
    outer loop
      vertex -2.223249912261963 -47.6374626159668 6
      vertex -1.0876115560531616 -49.33025360107422 6
      vertex -0.6697486639022827 -48.91238784790039 6
    endloop
  endfacet
  facet normal 0 0 1
    outer loop
      vertex -2.223249912261963 -47.6374626159668 6
      vertex -0.6697486639022827 -48.91238784790039 6
      vertex -2.11381196975708 -47.47367858886719 6
    endloop
  endfacet
  facet normal -0.8314673742276486 -0.5555735825207849 0
    outer loop
      vertex -2.223249912261963 47.6374626159668 -8
      vertex -2.11381196975708 47.47367858886719 -8
      vertex -2.223249912261963 47.6374626159668 6
    endloop
  endfacet
  facet normal -0.8314673742276486 -0.5555735825207849 0
    outer loop
      vertex -2.223249912261963 47.6374626159668 6
      vertex -2.11381196975708 47.47367858886719 -8
      vertex -2.11381196975708 47.47367858886719 6
    endloop
  endfacet
  facet normal 0 0 1
    outer loop
      vertex -2.223249912261963 47.6374626159668 6
      vertex -2.11381196975708 47.47367858886719 6
      vertex -0.6697486639022827 48.91238784790039 6
    endloop
  endfacet
  facet normal 0 0 1
    outer loop
      vertex -2.223249912261963 47.6374626159668 6
      vertex -0.6697486639022827 48.91238784790039 6
      vertex -1.0876115560531616 49.33025360107422 6
    endloop
  endfacet
  facet normal 0.3826840973430964 -0.9238792570680973 0
    outer loop
      vertex -2.1249327659606934 -49.88471221923828 -9
      vertex -1.5789674520492554 -49.658565521240234 -9
      vertex -1.5789674520492554 -49.658565521240234 6
    endloop
  endfacet
  facet normal 0.3826840973430964 -0.9238792570680973 0
    outer loop
      vertex -2.1249327659606934 -49.88471221923828 -9
      vertex -1.5789674520492554 -49.658565521240234 6
      vertex -2.1249327659606934 -49.88471221923828 6
    endloop
  endfacet
  facet normal 0.3826840973430964 0.9238792570680973 0
    outer loop
      vertex -2.1249327659606934 49.88471221923828 -9
      vertex -2.1249327659606934 49.88471221923828 6
      vertex -1.5789674520492554 49.658565521240234 -9
    endloop
  endfacet
  facet normal 0.3826840973430964 0.9238792570680973 0
    outer loop
      vertex -2.1249327659606934 49.88471221923828 6
      vertex -1.5789674520492554 49.658565521240234 6
      vertex -1.5789674520492554 49.658565521240234 -9
    endloop
  endfacet
  facet normal -0.9238815908410086 0.3826784630797596 0
    outer loop
      vertex -2.11381196975708 -47.47367858886719 -8
      vertex -2.11381196975708 -47.47367858886719 6
      vertex -2.0384297370910645 -47.29168701171875 6
    endloop
  endfacet
  facet normal -0.9238815908410086 0.3826784630797596 0
    outer loop
      vertex -2.11381196975708 -47.47367858886719 -8
      vertex -2.0384297370910645 -47.29168701171875 6
      vertex -2.0384297370910645 -47.29168701171875 -8
    endloop
  endfacet
  facet normal 0 0 1
    outer loop
      vertex -2.11381196975708 -47.47367858886719 6
      vertex -0.6697486639022827 -48.91238784790039 6
      vertex -0.34143486618995667 -48.4210319519043 6
    endloop
  endfacet
  facet normal 0 0 1
    outer loop
      vertex -2.11381196975708 -47.47367858886719 6
      vertex -0.34143486618995667 -48.4210319519043 6
      vertex -2.0384297370910645 -47.29168701171875 6
    endloop
  endfacet
  facet normal -0.9238815908410086 -0.3826784630797596 0
    outer loop
      vertex -2.11381196975708 47.47367858886719 -8
      vertex -2.0384297370910645 47.29168701171875 -8
      vertex -2.11381196975708 47.47367858886719 6
    endloop
  endfacet
  facet normal -0.9238815908410086 -0.3826784630797596 0
    outer loop
      vertex -2.11381196975708 47.47367858886719 6
      vertex -2.0384297370910645 47.29168701171875 -8
      vertex -2.0384297370910645 47.29168701171875 6
    endloop
  endfacet
  facet normal 0 0 1
    outer loop
      vertex -2.11381196975708 47.47367858886719 6
      vertex -2.0384297370910645 47.29168701171875 6
      vertex -0.34143486618995667 48.4210319519043 6
    endloop
  endfacet
  facet normal 0 0 1
    outer loop
      vertex -2.11381196975708 47.47367858886719 6
      vertex -0.34143486618995667 48.4210319519043 6
      vertex -0.6697486639022827 48.91238784790039 6
    endloop
  endfacet
  facet normal 0.39284777928764864 -0.5879367605105379 -0.7071074797717368
    outer loop
      vertex -2.052645206451416 -48.772377014160156 -10
      vertex -1.725075125694275 -48.55350112915039 -10
      vertex -1.0876115560531616 -49.33025360107422 -9
    endloop
  endfacet
  facet normal 0.3928461032232106 -0.5879385949197568 -0.7071068856871079
    outer loop
      vertex -2.052645206451416 -48.772377014160156 -10
      vertex -1.0876115560531616 -49.33025360107422 -9
      vertex -1.5789674520492554 -49.658565521240234 -9
    endloop
  endfacet
  facet normal 0.3928461032232106 0.5879385949197568 -0.7071068856871079
    outer loop
      vertex -2.052645206451416 48.772377014160156 -10
      vertex -1.5789674520492554 49.658565521240234 -9
      vertex -1.0876115560531616 49.33025360107422 -9
    endloop
  endfacet
  facet normal 0.39284777928764864 0.5879367605105379 -0.7071074797717368
    outer loop
      vertex -2.052645206451416 48.772377014160156 -10
      vertex -1.0876115560531616 49.33025360107422 -9
      vertex -1.725075125694275 48.55350112915039 -10
    endloop
  endfacet
  facet normal -0.980784972274595 0.19509187107699222 0
    outer loop
      vertex -2.0384297370910645 -47.29168701171875 -8
      vertex -2.0384297370910645 -47.29168701171875 6
      vertex -2.000000476837158 -47.09849166870117 6
    endloop
  endfacet
  facet normal -0.980784972274595 0.19509187107699222 0
    outer loop
      vertex -2.0384297370910645 -47.29168701171875 -8
      vertex -2.000000476837158 -47.09849166870117 6
      vertex -2.000000476837158 -47.09849166870117 -8
    endloop
  endfacet
  facet normal 0 0 1
    outer loop
      vertex -2.0384297370910645 -47.29168701171875 6
      vertex -0.34143486618995667 -48.4210319519043 6
      vertex -0.1152891144156456 -47.87506866455078 6
    endloop
  endfacet
  facet normal 0 0 1
    outer loop
      vertex -2.0384297370910645 -47.29168701171875 6
      vertex -0.1152891144156456 -47.87506866455078 6
      vertex -2.000000476837158 -47.09849166870117 6
    endloop
  endfacet
  facet normal -0.980784972274595 -0.19509187107699222 0
    outer loop
      vertex -2.0384297370910645 47.29168701171875 -8
      vertex -2.000000476837158 47.09849166870117 -8
      vertex -2.0384297370910645 47.29168701171875 6
    endloop
  endfacet
  facet normal -0.980784972274595 -0.19509187107699222 0
    outer loop
      vertex -2.0384297370910645 47.29168701171875 6
      vertex -2.000000476837158 47.09849166870117 -8
      vertex -2.000000476837158 47.09849166870117 6
    endloop
  endfacet
  facet normal 0 0 1
    outer loop
      vertex -2.0384297370910645 47.29168701171875 6
      vertex -2.000000476837158 47.09849166870117 6
      vertex -0.1152891144156456 47.87506866455078 6
    endloop
  endfacet
  facet normal 0 0 1
    outer loop
      vertex -2.0384297370910645 47.29168701171875 6
      vertex -0.1152891144156456 47.87506866455078 6
      vertex -0.34143486618995667 48.4210319519043 6
    endloop
  endfacet
  facet normal -1 0 0
    outer loop
      vertex -2.000000476837158 -47.09849166870117 -8
      vertex -2.000000476837158 -47.09849166870117 6
      vertex -2.000000476837158 -43.650001525878906 -0.16250991821289062
    endloop
  endfacet
  facet normal -1 0 0
    outer loop
      vertex -2.000000476837158 -47.09849166870117 -8
      vertex -2.000000476837158 -43.650001525878906 -0.16250991821289062
      vertex -2.000000476837158 -43.58658981323242 -0.48128700256347656
    endloop
  endfacet
  facet normal -1 0 0
    outer loop
      vertex -2.000000476837158 -47.09849166870117 -8
      vertex -2.000000476837158 -43.58658981323242 -0.48128700256347656
      vertex -2.000000476837158 -43.46221160888672 -0.7815675735473633
    endloop
  endfacet
  facet normal -1 0 0
    outer loop
      vertex -2.000000476837158 -47.09849166870117 -8
      vertex -2.000000476837158 -43.46221160888672 -0.7815675735473633
      vertex -2.000000476837158 -43.281639099121094 -1.0518131256103516
    endloop
  endfacet
  facet normal -1 0 0
    outer loop
      vertex -2.000000476837158 -47.09849166870117 -8
      vertex -2.000000476837158 -43.281639099121094 -1.0518131256103516
      vertex -2.000000476837158 -43.05181121826172 -1.2816381454467773
    endloop
  endfacet
  facet normal -1 0 0
    outer loop
      vertex -2.000000476837158 -47.09849166870117 -8
      vertex -2.000000476837158 -43.05181121826172 -1.2816381454467773
      vertex -2.000000476837158 -42.78156661987305 -1.4622106552124023
    endloop
  endfacet
  facet normal -1 0 0
    outer loop
      vertex -2.000000476837158 -47.09849166870117 -8
      vertex -2.000000476837158 -42.78156661987305 -1.4622106552124023
      vertex -2.000000476837158 -42.481285095214844 -1.5865907669067383
    endloop
  endfacet
  facet normal -1 0 0
    outer loop
      vertex -2.000000476837158 -47.09849166870117 -8
      vertex -2.000000476837158 -42.481285095214844 -1.5865907669067383
      vertex -2.000000476837158 -42.16250991821289 -1.6499996185302734
    endloop
  endfacet
  facet normal -1 0 0
    outer loop
      vertex -2.000000476837158 -47.09849166870117 -8
      vertex -2.000000476837158 -42.16250991821289 -1.6499996185302734
      vertex -2.000000476837158 -41.83749008178711 -1.6499996185302734
    endloop
  endfacet
  facet normal -1 0 0
    outer loop
      vertex -2.000000476837158 -47.09849166870117 -8
      vertex -2.000000476837158 -41.83749008178711 -1.6499996185302734
      vertex -2.000000476837158 -41.51871109008789 -1.5865907669067383
    endloop
  endfacet
  facet normal -1 0 0
    outer loop
      vertex -2.000000476837158 -47.09849166870117 -8
      vertex -2.000000476837158 -41.51871109008789 -1.5865907669067383
      vertex -2.000000476837158 -41.21842956542969 -1.4622106552124023
    endloop
  endfacet
  facet normal -1 0 0
    outer loop
      vertex -2.000000476837158 -47.09849166870117 -8
      vertex -2.000000476837158 -41.21842956542969 -1.4622106552124023
      vertex -2.000000476837158 -40.948184967041016 -1.2816381454467773
    endloop
  endfacet
  facet normal -1 0 0
    outer loop
      vertex -2.000000476837158 -47.09849166870117 -8
      vertex -2.000000476837158 -40.948184967041016 -1.2816381454467773
      vertex -2.000000476837158 -1.0518131256103516 -1.2816381454467773
    endloop
  endfacet
  facet normal -1 0 0
    outer loop
      vertex -2.000000476837158 -47.09849166870117 -8
      vertex -2.000000476837158 -1.0518131256103516 -1.2816381454467773
      vertex -2.000000476837158 -0.7815675735473633 -1.4622106552124023
    endloop
  endfacet
  facet normal -1 0 0
    outer loop
      vertex -2.000000476837158 -47.09849166870117 -8
      vertex -2.000000476837158 -0.7815675735473633 -1.4622106552124023
      vertex -2.000000476837158 -0.48128700256347656 -1.5865907669067383
    endloop
  endfacet
  facet normal -1 0 0
    outer loop
      vertex -2.000000476837158 -47.09849166870117 -8
      vertex -2.000000476837158 -0.48128700256347656 -1.5865907669067383
      vertex -2.000000476837158 -0.16250991821289062 -1.6499996185302734
    endloop
  endfacet
  facet normal -1 0 0
    outer loop
      vertex -2.000000476837158 -47.09849166870117 -8
      vertex -2.000000476837158 -0.16250991821289062 -1.6499996185302734
      vertex -2.000000476837158 47.09849166870117 -8
    endloop
  endfacet
  facet normal -1 0 0
    outer loop
      vertex -2.000000476837158 -47.09849166870117 6
      vertex -2.000000476837158 -43.650001525878906 0.16250991821289062
      vertex -2.000000476837158 -43.650001525878906 -0.16250991821289062
    endloop
  endfacet
  facet normal -1 0 0
    outer loop
      vertex -2.000000476837158 -47.09849166870117 6
      vertex -2.000000476837158 -43.58658981323242 0.48128700256347656
      vertex -2.000000476837158 -43.650001525878906 0.16250991821289062
    endloop
  endfacet
  facet normal -1 0 0
    outer loop
      vertex -2.000000476837158 -47.09849166870117 6
      vertex -2.000000476837158 -43.46221160888672 0.7815675735473633
      vertex -2.000000476837158 -43.58658981323242 0.48128700256347656
    endloop
  endfacet
  facet normal -1 0 0
    outer loop
      vertex -2.000000476837158 -47.09849166870117 6
      vertex -2.000000476837158 -43.281639099121094 1.0518131256103516
      vertex -2.000000476837158 -43.46221160888672 0.7815675735473633
    endloop
  endfacet
  facet normal -1 0 0
    outer loop
      vertex -2.000000476837158 -47.09849166870117 6
      vertex -2.000000476837158 -43.05181121826172 1.2816381454467773
      vertex -2.000000476837158 -43.281639099121094 1.0518131256103516
    endloop
  endfacet
  facet normal -1 0 0
    outer loop
      vertex -2.000000476837158 -47.09849166870117 6
      vertex -2.000000476837158 -42.78156661987305 1.4622106552124023
      vertex -2.000000476837158 -43.05181121826172 1.2816381454467773
    endloop
  endfacet
  facet normal -1 0 0
    outer loop
      vertex -2.000000476837158 -47.09849166870117 6
      vertex -2.000000476837158 -42.481285095214844 1.5865907669067383
      vertex -2.000000476837158 -42.78156661987305 1.4622106552124023
    endloop
  endfacet
  facet normal -1 0 0
    outer loop
      vertex -2.000000476837158 -47.09849166870117 6
      vertex -2.000000476837158 -42.16250991821289 1.6499996185302734
      vertex -2.000000476837158 -42.481285095214844 1.5865907669067383
    endloop
  endfacet
  facet normal -1 0 0
    outer loop
      vertex -2.000000476837158 -47.09849166870117 6
      vertex -2.000000476837158 -41.83749008178711 1.6499996185302734
      vertex -2.000000476837158 -42.16250991821289 1.6499996185302734
    endloop
  endfacet
  facet normal -1 0 0
    outer loop
      vertex -2.000000476837158 -47.09849166870117 6
      vertex -2.000000476837158 -41.51871109008789 1.5865907669067383
      vertex -2.000000476837158 -41.83749008178711 1.6499996185302734
    endloop
  endfacet
  facet normal -1 0 0
    outer loop
      vertex -2.000000476837158 -47.09849166870117 6
      vertex -2.000000476837158 -41.21842956542969 1.4622106552124023
      vertex -2.000000476837158 -41.51871109008789 1.5865907669067383
    endloop
  endfacet
  facet normal -1 0 0
    outer loop
      vertex -2.000000476837158 -47.09849166870117 6
      vertex -2.000000476837158 -0.7815675735473633 1.4622106552124023
      vertex -2.000000476837158 -41.21842956542969 1.4622106552124023
    endloop
  endfacet
  facet normal -1 0 0
    outer loop
      vertex -2.000000476837158 -47.09849166870117 6
      vertex -2.000000476837158 -0.48128700256347656 1.5865907669067383
      vertex -2.000000476837158 -0.7815675735473633 1.4622106552124023
    endloop
  endfacet
  facet normal -1 0 0
    outer loop
      vertex -2.000000476837158 -47.09849166870117 6
      vertex -2.000000476837158 -0.16250991821289062 1.6499996185302734
      vertex -2.000000476837158 -0.48128700256347656 1.5865907669067383
    endloop
  endfacet
  facet normal -1 0 0
    outer loop
      vertex -2.000000476837158 -47.09849166870117 6
      vertex -2.000000476837158 47.09849166870117 6
      vertex -2.000000476837158 -0.16250991821289062 1.6499996185302734
    endloop
  endfacet
  facet normal 0 0 1
    outer loop
      vertex -2.000000476837158 -47.09849166870117 6
      vertex -0.1152891144156456 -47.87506866455078 6
      vertex -3.814697322468419e-7 -47.295475006103516 6
    endloop
  endfacet
  facet normal 0 0 1
    outer loop
      vertex -2.000000476837158 -47.09849166870117 6
      vertex -3.814697322468419e-7 -47.295475006103516 6
      vertex -2.000000476837158 47.09849166870117 6
    endloop
  endfacet
  facet normal 0 1 0
    outer loop
      vertex -2.000000476837158 -43.650001525878906 -0.16250991821289062
      vertex -2.000000476837158 -43.650001525878906 0.16250991821289062
      vertex -3.814697322468419e-7 -43.650001525878906 -0.16250991821289062
    endloop
  endfacet
  facet normal 0 0.9807835094686674 0.19509922489421663
    outer loop
      vertex -2.000000476837158 -43.650001525878906 -0.16250991821289062
      vertex -3.814697322468419e-7 -43.650001525878906 -0.16250991821289062
      vertex -3.814697322468419e-7 -43.58658981323242 -0.48128700256347656
    endloop
  endfacet
  facet normal 0 0.9807835094686674 0.19509922489421663
    outer loop
      vertex -2.000000476837158 -43.650001525878906 -0.16250991821289062
      vertex -3.814697322468419e-7 -43.58658981323242 -0.48128700256347656
      vertex -2.000000476837158 -43.58658981323242 -0.48128700256347656
    endloop
  endfacet
  facet normal 0 0.9807835094686674 -0.19509922489421663
    outer loop
      vertex -2.000000476837158 -43.650001525878906 0.16250991821289062
      vertex -2.000000476837158 -43.58658981323242 0.48128700256347656
      vertex -3.814697322468419e-7 -43.650001525878906 0.16250991821289062
    endloop
  endfacet
  facet normal 0 1 0
    outer loop
      vertex -2.000000476837158 -43.650001525878906 0.16250991821289062
      vertex -3.814697322468419e-7 -43.650001525878906 0.16250991821289062
      vertex -3.814697322468419e-7 -43.650001525878906 -0.16250991821289062
    endloop
  endfacet
  facet normal 0 0.9238817958257877 0.3826779681948227
    outer loop
      vertex -2.000000476837158 -43.58658981323242 -0.48128700256347656
      vertex -3.814697322468419e-7 -43.58658981323242 -0.48128700256347656
      vertex -3.814697322468419e-7 -43.46221160888672 -0.7815675735473633
    endloop
  endfacet
  facet normal 0 0.9238817958257877 0.3826779681948227
    outer loop
      vertex -2.000000476837158 -43.58658981323242 -0.48128700256347656
      vertex -3.814697322468419e-7 -43.46221160888672 -0.7815675735473633
      vertex -2.000000476837158 -43.46221160888672 -0.7815675735473633
    endloop
  endfacet
  facet normal 0 0.9238817958257877 -0.3826779681948227
    outer loop
      vertex -2.000000476837158 -43.58658981323242 0.48128700256347656
      vertex -2.000000476837158 -43.46221160888672 0.7815675735473633
      vertex -3.814697322468419e-7 -43.58658981323242 0.48128700256347656
    endloop
  endfacet
  facet normal 0 0.9807835094686674 -0.19509922489421663
    outer loop
      vertex -2.000000476837158 -43.58658981323242 0.48128700256347656
      vertex -3.814697322468419e-7 -43.58658981323242 0.48128700256347656
      vertex -3.814697322468419e-7 -43.650001525878906 0.16250991821289062
    endloop
  endfacet
  facet normal 0 0.8314693211087288 0.5555706688216985
    outer loop
      vertex -2.000000476837158 -43.46221160888672 -0.7815675735473633
      vertex -3.814697322468419e-7 -43.46221160888672 -0.7815675735473633
      vertex -3.814697322468419e-7 -43.281639099121094 -1.0518131256103516
    endloop
  endfacet
  facet normal 0 0.8314693211087288 0.5555706688216985
    outer loop
      vertex -2.000000476837158 -43.46221160888672 -0.7815675735473633
      vertex -3.814697322468419e-7 -43.281639099121094 -1.0518131256103516
      vertex -2.000000476837158 -43.281639099121094 -1.0518131256103516
    endloop
  endfacet
  facet normal 0 0.8314693211087288 -0.5555706688216985
    outer loop
      vertex -2.000000476837158 -43.46221160888672 0.7815675735473633
      vertex -2.000000476837158 -43.281639099121094 1.0518131256103516
      vertex -3.814697322468419e-7 -43.46221160888672 0.7815675735473633
    endloop
  endfacet
  facet normal 0 0.9238817958257877 -0.3826779681948227
    outer loop
      vertex -2.000000476837158 -43.46221160888672 0.7815675735473633
      vertex -3.814697322468419e-7 -43.46221160888672 0.7815675735473633
      vertex -3.814697322468419e-7 -43.58658981323242 0.48128700256347656
    endloop
  endfacet
  facet normal 0 0.707102379919806 0.7071111824258944
    outer loop
      vertex -2.000000476837158 -43.281639099121094 -1.0518131256103516
      vertex -3.814697322468419e-7 -43.281639099121094 -1.0518131256103516
      vertex -2.000000476837158 -43.05181121826172 -1.2816381454467773
    endloop
  endfacet
  facet normal 0 0.707102379919806 -0.7071111824258944
    outer loop
      vertex -2.000000476837158 -43.281639099121094 1.0518131256103516
      vertex -2.000000476837158 -43.05181121826172 1.2816381454467773
      vertex -3.814697322468419e-7 -43.05181121826172 1.2816381454467773
    endloop
  endfacet
  facet normal 0 0.8314693211087288 -0.5555706688216985
    outer loop
      vertex -2.000000476837158 -43.281639099121094 1.0518131256103516
      vertex -3.814697322468419e-7 -43.281639099121094 1.0518131256103516
      vertex -3.814697322468419e-7 -43.46221160888672 0.7815675735473633
    endloop
  endfacet
  facet normal 0 0.707102379919806 -0.7071111824258944
    outer loop
      vertex -2.000000476837158 -43.281639099121094 1.0518131256103516
      vertex -3.814697322468419e-7 -43.05181121826172 1.2816381454467773
      vertex -3.814697322468419e-7 -43.281639099121094 1.0518131256103516
    endloop
  endfacet
  facet normal 0 0.707102379919806 0.7071111824258944
    outer loop
      vertex -2.000000476837158 -43.05181121826172 -1.2816381454467773
      vertex -3.814697322468419e-7 -43.281639099121094 -1.0518131256103516
      vertex -3.814697322468419e-7 -43.05181121826172 -1.2816381454467773
    endloop
  endfacet
  facet normal 0 0.5555720242424284 0.8314684154429263
    outer loop
      vertex -2.000000476837158 -43.05181121826172 -1.2816381454467773
      vertex -3.814697322468419e-7 -43.05181121826172 -1.2816381454467773
      vertex -2.000000476837158 -42.78156661987305 -1.4622106552124023
    endloop
  endfacet
  facet normal 0 0.5555720242424284 -0.8314684154429263
    outer loop
      vertex -2.000000476837158 -43.05181121826172 1.2816381454467773
      vertex -2.000000476837158 -42.78156661987305 1.4622106552124023
      vertex -3.814697322468419e-7 -42.78156661987305 1.4622106552124023
    endloop
  endfacet
  facet normal 0 0.5555720242424284 -0.8314684154429263
    outer loop
      vertex -2.000000476837158 -43.05181121826172 1.2816381454467773
      vertex -3.814697322468419e-7 -42.78156661987305 1.4622106552124023
      vertex -3.814697322468419e-7 -43.05181121826172 1.2816381454467773
    endloop
  endfacet
  facet normal 0 0.5555720242424284 0.8314684154429263
    outer loop
      vertex -2.000000476837158 -42.78156661987305 -1.4622106552124023
      vertex -3.814697322468419e-7 -43.05181121826172 -1.2816381454467773
      vertex -3.814697322468419e-7 -42.78156661987305 -1.4622106552124023
    endloop
  endfacet
  facet normal 0 0.3826819398006652 0.9238801507503017
    outer loop
      vertex -2.000000476837158 -42.78156661987305 -1.4622106552124023
      vertex -3.814697322468419e-7 -42.78156661987305 -1.4622106552124023
      vertex -2.000000476837158 -42.481285095214844 -1.5865907669067383
    endloop
  endfacet
  facet normal 0 0.3826819398006652 -0.9238801507503017
    outer loop
      vertex -2.000000476837158 -42.78156661987305 1.4622106552124023
      vertex -2.000000476837158 -42.481285095214844 1.5865907669067383
      vertex -3.814697322468419e-7 -42.481285095214844 1.5865907669067383
    endloop
  endfacet
  facet normal 0 0.3826819398006652 -0.9238801507503017
    outer loop
      vertex -2.000000476837158 -42.78156661987305 1.4622106552124023
      vertex -3.814697322468419e-7 -42.481285095214844 1.5865907669067383
      vertex -3.814697322468419e-7 -42.78156661987305 1.4622106552124023
    endloop
  endfacet
  facet normal 0 0.3826819398006652 0.9238801507503017
    outer loop
      vertex -2.000000476837158 -42.481285095214844 -1.5865907669067383
      vertex -3.814697322468419e-7 -42.78156661987305 -1.4622106552124023
      vertex -3.814697322468419e-7 -42.481285095214844 -1.5865907669067383
    endloop
  endfacet
  facet normal 0 0.19509188027268315 0.9807849704454433
    outer loop
      vertex -2.000000476837158 -42.481285095214844 -1.5865907669067383
      vertex -3.814697322468419e-7 -42.481285095214844 -1.5865907669067383
      vertex -2.000000476837158 -42.16250991821289 -1.6499996185302734
    endloop
  endfacet
  facet normal 0 0.19509188027268315 -0.9807849704454433
    outer loop
      vertex -2.000000476837158 -42.481285095214844 1.5865907669067383
      vertex -2.000000476837158 -42.16250991821289 1.6499996185302734
      vertex -3.814697322468419e-7 -42.16250991821289 1.6499996185302734
    endloop
  endfacet
  facet normal 0 0.19509188027268315 -0.9807849704454433
    outer loop
      vertex -2.000000476837158 -42.481285095214844 1.5865907669067383
      vertex -3.814697322468419e-7 -42.16250991821289 1.6499996185302734
      vertex -3.814697322468419e-7 -42.481285095214844 1.5865907669067383
    endloop
  endfacet
  facet normal 0 0.19509188027268315 0.9807849704454433
    outer loop
      vertex -2.000000476837158 -42.16250991821289 -1.6499996185302734
      vertex -3.814697322468419e-7 -42.481285095214844 -1.5865907669067383
      vertex -3.814697322468419e-7 -42.16250991821289 -1.6499996185302734
    endloop
  endfacet
  facet normal 0 0 1
    outer loop
      vertex -2.000000476837158 -42.16250991821289 -1.6499996185302734
      vertex -3.814697322468419e-7 -42.16250991821289 -1.6499996185302734
      vertex -2.000000476837158 -41.83749008178711 -1.6499996185302734
    endloop
  endfacet
  facet normal 0 0 -1
    outer loop
      vertex -2.000000476837158 -42.16250991821289 1.6499996185302734
      vertex -2.000000476837158 -41.83749008178711 1.6499996185302734
      vertex -3.814697322468419e-7 -41.83749008178711 1.6499996185302734
    endloop
  endfacet
  facet normal 0 0 -1
    outer loop
      vertex -2.000000476837158 -42.16250991821289 1.6499996185302734
      vertex -3.814697322468419e-7 -41.83749008178711 1.6499996185302734
      vertex -3.814697322468419e-7 -42.16250991821289 1.6499996185302734
    endloop
  endfacet
  facet normal 0 0 1
    outer loop
      vertex -2.000000476837158 -41.83749008178711 -1.6499996185302734
      vertex -3.814697322468419e-7 -42.16250991821289 -1.6499996185302734
      vertex -3.814697322468419e-7 -41.83749008178711 -1.6499996185302734
    endloop
  endfacet
  facet normal 0 -0.19508963454299283 0.9807854171498888
    outer loop
      vertex -2.000000476837158 -41.83749008178711 -1.6499996185302734
      vertex -3.814697322468419e-7 -41.83749008178711 -1.6499996185302734
      vertex -2.000000476837158 -41.51871109008789 -1.5865907669067383
    endloop
  endfacet
  facet normal 0 -0.19508963454299283 -0.9807854171498888
    outer loop
      vertex -2.000000476837158 -41.83749008178711 1.6499996185302734
      vertex -2.000000476837158 -41.51871109008789 1.5865907669067383
      vertex -3.814697322468419e-7 -41.51871109008789 1.5865907669067383
    endloop
  endfacet
  facet normal 0 -0.19508963454299283 -0.9807854171498888
    outer loop
      vertex -2.000000476837158 -41.83749008178711 1.6499996185302734
      vertex -3.814697322468419e-7 -41.51871109008789 1.5865907669067383
      vertex -3.814697322468419e-7 -41.83749008178711 1.6499996185302734
    endloop
  endfacet
  facet normal 0 -0.19508963454299283 0.9807854171498888
    outer loop
      vertex -2.000000476837158 -41.51871109008789 -1.5865907669067383
      vertex -3.814697322468419e-7 -41.83749008178711 -1.6499996185302734
      vertex -3.814697322468419e-7 -41.51871109008789 -1.5865907669067383
    endloop
  endfacet
  facet normal 0 -0.3826819398006652 0.9238801507503017
    outer loop
      vertex -2.000000476837158 -41.51871109008789 -1.5865907669067383
      vertex -3.814697322468419e-7 -41.51871109008789 -1.5865907669067383
      vertex -2.000000476837158 -41.21842956542969 -1.4622106552124023
    endloop
  endfacet
  facet normal 0 -0.3826819398006652 -0.9238801507503017
    outer loop
      vertex -2.000000476837158 -41.51871109008789 1.5865907669067383
      vertex -2.000000476837158 -41.21842956542969 1.4622106552124023
      vertex -3.814697322468419e-7 -41.21842956542969 1.4622106552124023
    endloop
  endfacet
  facet normal 0 -0.3826819398006652 -0.9238801507503017
    outer loop
      vertex -2.000000476837158 -41.51871109008789 1.5865907669067383
      vertex -3.814697322468419e-7 -41.21842956542969 1.4622106552124023
      vertex -3.814697322468419e-7 -41.51871109008789 1.5865907669067383
    endloop
  endfacet
  facet normal 0 -0.3826819398006652 0.9238801507503017
    outer loop
      vertex -2.000000476837158 -41.21842956542969 -1.4622106552124023
      vertex -3.814697322468419e-7 -41.51871109008789 -1.5865907669067383
      vertex -3.814697322468419e-7 -41.21842956542969 -1.4622106552124023
    endloop
  endfacet
  facet normal 0 -0.5555720242424284 0.8314684154429263
    outer loop
      vertex -2.000000476837158 -41.21842956542969 -1.4622106552124023
      vertex -3.814697322468419e-7 -41.21842956542969 -1.4622106552124023
      vertex -2.000000476837158 -40.948184967041016 -1.2816381454467773
    endloop
  endfacet
  facet normal 0 -0.5555720242424284 -0.8314684154429263
    outer loop
      vertex -2.000000476837158 -41.21842956542969 1.4622106552124023
      vertex -2.000000476837158 -40.948184967041016 1.2816381454467773
      vertex -3.814697322468419e-7 -40.948184967041016 1.2816381454467773
    endloop
  endfacet
  facet normal -1 0 0
    outer loop
      vertex -2.000000476837158 -41.21842956542969 1.4622106552124023
      vertex -2.000000476837158 -0.7815675735473633 1.4622106552124023
      vertex -2.000000476837158 -40.948184967041016 1.2816381454467773
    endloop
  endfacet
  facet normal 0 -0.5555720242424284 -0.8314684154429263
    outer loop
      vertex -2.000000476837158 -41.21842956542969 1.4622106552124023
      vertex -3.814697322468419e-7 -40.948184967041016 1.2816381454467773
      vertex -3.814697322468419e-7 -41.21842956542969 1.4622106552124023
    endloop
  endfacet
  facet normal -1 0 0
    outer loop
      vertex -2.000000476837158 -40.948184967041016 -1.2816381454467773
      vertex -2.000000476837158 -40.718360900878906 -1.0518131256103516
      vertex -2.000000476837158 -1.0518131256103516 -1.2816381454467773
    endloop
  endfacet
  facet normal 0 -0.5555720242424284 0.8314684154429263
    outer loop
      vertex -2.000000476837158 -40.948184967041016 -1.2816381454467773
      vertex -3.814697322468419e-7 -41.21842956542969 -1.4622106552124023
      vertex -3.814697322468419e-7 -40.948184967041016 -1.2816381454467773
    endloop
  endfacet
  facet normal 0 -0.7071082482815493 0.707105314088502
    outer loop
      vertex -2.000000476837158 -40.948184967041016 -1.2816381454467773
      vertex -3.814697322468419e-7 -40.948184967041016 -1.2816381454467773
      vertex -3.814697322468419e-7 -40.718360900878906 -1.0518131256103516
    endloop
  endfacet
  facet normal 0 -0.7071082482815493 0.707105314088502
    outer loop
      vertex -2.000000476837158 -40.948184967041016 -1.2816381454467773
      vertex -3.814697322468419e-7 -40.718360900878906 -1.0518131256103516
      vertex -2.000000476837158 -40.718360900878906 -1.0518131256103516
    endloop
  endfacet
  facet normal 0 -0.7071082482815493 -0.707105314088502
    outer loop
      vertex -2.000000476837158 -40.948184967041016 1.2816381454467773
      vertex -2.000000476837158 -40.718360900878906 1.0518131256103516
      vertex -3.814697322468419e-7 -40.948184967041016 1.2816381454467773
    endloop
  endfacet
  facet normal -1 0 0
    outer loop
      vertex -2.000000476837158 -40.948184967041016 1.2816381454467773
      vertex -2.000000476837158 -1.0518131256103516 1.2816381454467773
      vertex -2.000000476837158 -40.718360900878906 1.0518131256103516
    endloop
  endfacet
  facet normal -1 0 0
    outer loop
      vertex -2.000000476837158 -40.948184967041016 1.2816381454467773
      vertex -2.000000476837158 -0.7815675735473633 1.4622106552124023
      vertex -2.000000476837158 -1.0518131256103516 1.2816381454467773
    endloop
  endfacet
  facet normal -1 0 0
    outer loop
      vertex -2.000000476837158 -40.718360900878906 -1.0518131256103516
      vertex -2.000000476837158 -40.53778839111328 -0.7815675735473633
      vertex -2.000000476837158 -1.2816381454467773 -1.0518131256103516
    endloop
  endfacet
  facet normal -1 0 0
    outer loop
      vertex -2.000000476837158 -40.718360900878906 -1.0518131256103516
      vertex -2.000000476837158 -1.2816381454467773 -1.0518131256103516
      vertex -2.000000476837158 -1.0518131256103516 -1.2816381454467773
    endloop
  endfacet
  facet normal 0 -0.8314693211087288 0.5555706688216985
    outer loop
      vertex -2.000000476837158 -40.718360900878906 -1.0518131256103516
      vertex -3.814697322468419e-7 -40.718360900878906 -1.0518131256103516
      vertex -3.814697322468419e-7 -40.53778839111328 -0.7815675735473633
    endloop
  endfacet
  facet normal 0 -0.8314693211087288 0.5555706688216985
    outer loop
      vertex -2.000000476837158 -40.718360900878906 -1.0518131256103516
      vertex -3.814697322468419e-7 -40.53778839111328 -0.7815675735473633
      vertex -2.000000476837158 -40.53778839111328 -0.7815675735473633
    endloop
  endfacet
  facet normal 0 -0.8314693211087288 -0.5555706688216985
    outer loop
      vertex -2.000000476837158 -40.718360900878906 1.0518131256103516
      vertex -2.000000476837158 -40.53778839111328 0.7815675735473633
      vertex -3.814697322468419e-7 -40.718360900878906 1.0518131256103516
    endloop
  endfacet
  facet normal -1 0 0
    outer loop
      vertex -2.000000476837158 -40.718360900878906 1.0518131256103516
      vertex -2.000000476837158 -1.2816381454467773 1.0518131256103516
      vertex -2.000000476837158 -40.53778839111328 0.7815675735473633
    endloop
  endfacet
  facet normal -1 0 0
    outer loop
      vertex -2.000000476837158 -40.718360900878906 1.0518131256103516
      vertex -2.000000476837158 -1.0518131256103516 1.2816381454467773
      vertex -2.000000476837158 -1.2816381454467773 1.0518131256103516
    endloop
  endfacet
  facet normal 0 -0.7071082482815493 -0.707105314088502
    outer loop
      vertex -2.000000476837158 -40.718360900878906 1.0518131256103516
      vertex -3.814697322468419e-7 -40.718360900878906 1.0518131256103516
      vertex -3.814697322468419e-7 -40.948184967041016 1.2816381454467773
    endloop
  endfacet
  facet normal -1 0 0
    outer loop
      vertex -2.000000476837158 -40.53778839111328 -0.7815675735473633
      vertex -2.000000476837158 -40.41340637207031 -0.48128700256347656
      vertex -2.000000476837158 -1.4622106552124023 -0.7815675735473633
    endloop
  endfacet
  facet normal -1 0 0
    outer loop
      vertex -2.000000476837158 -40.53778839111328 -0.7815675735473633
      vertex -2.000000476837158 -1.4622106552124023 -0.7815675735473633
      vertex -2.000000476837158 -1.2816381454467773 -1.0518131256103516
    endloop
  endfacet
  facet normal 0 -0.9238776462580526 0.38268798615148697
    outer loop
      vertex -2.000000476837158 -40.53778839111328 -0.7815675735473633
      vertex -3.814697322468419e-7 -40.53778839111328 -0.7815675735473633
      vertex -3.814697322468419e-7 -40.41340637207031 -0.48128700256347656
    endloop
  endfacet
  facet normal 0 -0.9238776462580526 0.38268798615148697
    outer loop
      vertex -2.000000476837158 -40.53778839111328 -0.7815675735473633
      vertex -3.814697322468419e-7 -40.41340637207031 -0.48128700256347656
      vertex -2.000000476837158 -40.41340637207031 -0.48128700256347656
    endloop
  endfacet
  facet normal 0 -0.9238776462580526 -0.38268798615148697
    outer loop
      vertex -2.000000476837158 -40.53778839111328 0.7815675735473633
      vertex -2.000000476837158 -40.41340637207031 0.48128700256347656
      vertex -3.814697322468419e-7 -40.53778839111328 0.7815675735473633
    endloop
  endfacet
  facet normal -1 0 0
    outer loop
      vertex -2.000000476837158 -40.53778839111328 0.7815675735473633
      vertex -2.000000476837158 -1.4622106552124023 0.7815675735473633
      vertex -2.000000476837158 -40.41340637207031 0.48128700256347656
    endloop
  endfacet
  facet normal -1 0 0
    outer loop
      vertex -2.000000476837158 -40.53778839111328 0.7815675735473633
      vertex -2.000000476837158 -1.2816381454467773 1.0518131256103516
      vertex -2.000000476837158 -1.4622106552124023 0.7815675735473633
    endloop
  endfacet
  facet normal 0 -0.8314693211087288 -0.5555706688216985
    outer loop
      vertex -2.000000476837158 -40.53778839111328 0.7815675735473633
      vertex -3.814697322468419e-7 -40.53778839111328 0.7815675735473633
      vertex -3.814697322468419e-7 -40.718360900878906 1.0518131256103516
    endloop
  endfacet
  facet normal -1 0 0
    outer loop
      vertex -2.000000476837158 -40.41340637207031 -0.48128700256347656
      vertex -2.000000476837158 -40.349998474121094 -0.16250991821289062
      vertex -2.000000476837158 -1.5865907669067383 -0.48128700256347656
    endloop
  endfacet
  facet normal -1 0 0
    outer loop
      vertex -2.000000476837158 -40.41340637207031 -0.48128700256347656
      vertex -2.000000476837158 -1.5865907669067383 -0.48128700256347656
      vertex -2.000000476837158 -1.4622106552124023 -0.7815675735473633
    endloop
  endfacet
  facet normal 0 -0.9807857552282769 0.19508793489423767
    outer loop
      vertex -2.000000476837158 -40.41340637207031 -0.48128700256347656
      vertex -3.814697322468419e-7 -40.41340637207031 -0.48128700256347656
      vertex -3.814697322468419e-7 -40.349998474121094 -0.16250991821289062
    endloop
  endfacet
  facet normal 0 -0.9807857552282769 0.19508793489423767
    outer loop
      vertex -2.000000476837158 -40.41340637207031 -0.48128700256347656
      vertex -3.814697322468419e-7 -40.349998474121094 -0.16250991821289062
      vertex -2.000000476837158 -40.349998474121094 -0.16250991821289062
    endloop
  endfacet
  facet normal 0 -0.9807857552282769 -0.19508793489423767
    outer loop
      vertex -2.000000476837158 -40.41340637207031 0.48128700256347656
      vertex -2.000000476837158 -40.349998474121094 0.16250991821289062
      vertex -3.814697322468419e-7 -40.41340637207031 0.48128700256347656
    endloop
  endfacet
  facet normal -1 0 0
    outer loop
      vertex -2.000000476837158 -40.41340637207031 0.48128700256347656
      vertex -2.000000476837158 -1.5865907669067383 0.48128700256347656
      vertex -2.000000476837158 -40.349998474121094 0.16250991821289062
    endloop
  endfacet
  facet normal -1 0 0
    outer loop
      vertex -2.000000476837158 -40.41340637207031 0.48128700256347656
      vertex -2.000000476837158 -1.4622106552124023 0.7815675735473633
      vertex -2.000000476837158 -1.5865907669067383 0.48128700256347656
    endloop
  endfacet
  facet normal 0 -0.9238776462580526 -0.38268798615148697
    outer loop
      vertex -2.000000476837158 -40.41340637207031 0.48128700256347656
      vertex -3.814697322468419e-7 -40.41340637207031 0.48128700256347656
      vertex -3.814697322468419e-7 -40.53778839111328 0.7815675735473633
    endloop
  endfacet
  facet normal -1 0 0
    outer loop
      vertex -2.000000476837158 -40.349998474121094 -0.16250991821289062
      vertex -2.000000476837158 -40.349998474121094 0.16250991821289062
      vertex -2.000000476837158 -1.6499996185302734 0.16250991821289062
    endloop
  endfacet
  facet normal -1 0 0
    outer loop
      vertex -2.000000476837158 -40.349998474121094 -0.16250991821289062
      vertex -2.000000476837158 -1.6499996185302734 -0.16250991821289062
      vertex -2.000000476837158 -1.5865907669067383 -0.48128700256347656
    endloop
  endfacet
  facet normal -1 0 0
    outer loop
      vertex -2.000000476837158 -40.349998474121094 -0.16250991821289062
      vertex -2.000000476837158 -1.6499996185302734 0.16250991821289062
      vertex -2.000000476837158 -1.6499996185302734 -0.16250991821289062
    endloop
  endfacet
  facet normal 0 -1 0
    outer loop
      vertex -2.000000476837158 -40.349998474121094 -0.16250991821289062
      vertex -3.814697322468419e-7 -40.349998474121094 -0.16250991821289062
      vertex -3.814697322468419e-7 -40.349998474121094 0.16250991821289062
    endloop
  endfacet
  facet normal 0 -1 0
    outer loop
      vertex -2.000000476837158 -40.349998474121094 -0.16250991821289062
      vertex -3.814697322468419e-7 -40.349998474121094 0.16250991821289062
      vertex -2.000000476837158 -40.349998474121094 0.16250991821289062
    endloop
  endfacet
  facet normal -1 0 0
    outer loop
      vertex -2.000000476837158 -40.349998474121094 0.16250991821289062
      vertex -2.000000476837158 -1.5865907669067383 0.48128700256347656
      vertex -2.000000476837158 -1.6499996185302734 0.16250991821289062
    endloop
  endfacet
  facet normal 0 -0.9807857552282769 -0.19508793489423767
    outer loop
      vertex -2.000000476837158 -40.349998474121094 0.16250991821289062
      vertex -3.814697322468419e-7 -40.349998474121094 0.16250991821289062
      vertex -3.814697322468419e-7 -40.41340637207031 0.48128700256347656
    endloop
  endfacet
  facet normal 0 1 0
    outer loop
      vertex -2.000000476837158 -1.6499996185302734 -0.16250991821289062
      vertex -2.000000476837158 -1.6499996185302734 0.16250991821289062
      vertex -3.814697322468419e-7 -1.6499996185302734 -0.16250991821289062
    endloop
  endfacet
  facet normal 0 0.9807851937995943 0.19509075740150308
    outer loop
      vertex -2.000000476837158 -1.6499996185302734 -0.16250991821289062
      vertex -3.814697322468419e-7 -1.6499996185302734 -0.16250991821289062
      vertex -3.814697322468419e-7 -1.5865907669067383 -0.48128700256347656
    endloop
  endfacet
  facet normal 0 0.9807851937995943 0.19509075740150308
    outer loop
      vertex -2.000000476837158 -1.6499996185302734 -0.16250991821289062
      vertex -3.814697322468419e-7 -1.5865907669067383 -0.48128700256347656
      vertex -2.000000476837158 -1.5865907669067383 -0.48128700256347656
    endloop
  endfacet
  facet normal 0 0.9807851937995943 -0.19509075740150308
    outer loop
      vertex -2.000000476837158 -1.6499996185302734 0.16250991821289062
      vertex -2.000000476837158 -1.5865907669067383 0.48128700256347656
      vertex -3.814697322468419e-7 -1.6499996185302734 0.16250991821289062
    endloop
  endfacet
  facet normal 0 1 0
    outer loop
      vertex -2.000000476837158 -1.6499996185302734 0.16250991821289062
      vertex -3.814697322468419e-7 -1.6499996185302734 0.16250991821289062
      vertex -3.814697322468419e-7 -1.6499996185302734 -0.16250991821289062
    endloop
  endfacet
  facet normal 0 0.9238797210508393 0.38268297719002803
    outer loop
      vertex -2.000000476837158 -1.5865907669067383 -0.48128700256347656
      vertex -3.814697322468419e-7 -1.5865907669067383 -0.48128700256347656
      vertex -3.814697322468419e-7 -1.4622106552124023 -0.7815675735473633
    endloop
  endfacet
  facet normal 0 0.9238797210508393 0.38268297719002803
    outer loop
      vertex -2.000000476837158 -1.5865907669067383 -0.48128700256347656
      vertex -3.814697322468419e-7 -1.4622106552124023 -0.7815675735473633
      vertex -2.000000476837158 -1.4622106552124023 -0.7815675735473633
    endloop
  endfacet
  facet normal 0 0.9238797210508393 -0.38268297719002803
    outer loop
      vertex -2.000000476837158 -1.5865907669067383 0.48128700256347656
      vertex -2.000000476837158 -1.4622106552124023 0.7815675735473633
      vertex -3.814697322468419e-7 -1.5865907669067383 0.48128700256347656
    endloop
  endfacet
  facet normal 0 0.9807851937995943 -0.19509075740150308
    outer loop
      vertex -2.000000476837158 -1.5865907669067383 0.48128700256347656
      vertex -3.814697322468419e-7 -1.5865907669067383 0.48128700256347656
      vertex -3.814697322468419e-7 -1.6499996185302734 0.16250991821289062
    endloop
  endfacet
  facet normal 0 0.8314693211087288 0.5555706688216985
    outer loop
      vertex -2.000000476837158 -1.4622106552124023 -0.7815675735473633
      vertex -3.814697322468419e-7 -1.4622106552124023 -0.7815675735473633
      vertex -3.814697322468419e-7 -1.2816381454467773 -1.0518131256103516
    endloop
  endfacet
  facet normal 0 0.8314693211087288 0.5555706688216985
    outer loop
      vertex -2.000000476837158 -1.4622106552124023 -0.7815675735473633
      vertex -3.814697322468419e-7 -1.2816381454467773 -1.0518131256103516
      vertex -2.000000476837158 -1.2816381454467773 -1.0518131256103516
    endloop
  endfacet
  facet normal 0 0.8314693211087288 -0.5555706688216985
    outer loop
      vertex -2.000000476837158 -1.4622106552124023 0.7815675735473633
      vertex -2.000000476837158 -1.2816381454467773 1.0518131256103516
      vertex -3.814697322468419e-7 -1.4622106552124023 0.7815675735473633
    endloop
  endfacet
  facet normal 0 0.9238797210508393 -0.38268297719002803
    outer loop
      vertex -2.000000476837158 -1.4622106552124023 0.7815675735473633
      vertex -3.814697322468419e-7 -1.4622106552124023 0.7815675735473633
      vertex -3.814697322468419e-7 -1.5865907669067383 0.48128700256347656
    endloop
  endfacet
  facet normal 0 0.7071067811865476 0.7071067811865476
    outer loop
      vertex -2.000000476837158 -1.2816381454467773 -1.0518131256103516
      vertex -3.814697322468419e-7 -1.2816381454467773 -1.0518131256103516
      vertex -3.814697322468419e-7 -1.0518131256103516 -1.2816381454467773
    endloop
  endfacet
  facet normal 0 0.7071067811865476 0.7071067811865476
    outer loop
      vertex -2.000000476837158 -1.2816381454467773 -1.0518131256103516
      vertex -3.814697322468419e-7 -1.0518131256103516 -1.2816381454467773
      vertex -2.000000476837158 -1.0518131256103516 -1.2816381454467773
    endloop
  endfacet
  facet normal 0 0.7071067811865476 -0.7071067811865476
    outer loop
      vertex -2.000000476837158 -1.2816381454467773 1.0518131256103516
      vertex -2.000000476837158 -1.0518131256103516 1.2816381454467773
      vertex -3.814697322468419e-7 -1.2816381454467773 1.0518131256103516
    endloop
  endfacet
  facet normal 0 0.8314693211087288 -0.5555706688216985
    outer loop
      vertex -2.000000476837158 -1.2816381454467773 1.0518131256103516
      vertex -3.814697322468419e-7 -1.2816381454467773 1.0518131256103516
      vertex -3.814697322468419e-7 -1.4622106552124023 0.7815675735473633
    endloop
  endfacet
  facet normal 0 0.5555706688216985 0.8314693211087288
    outer loop
      vertex -2.000000476837158 -1.0518131256103516 -1.2816381454467773
      vertex -3.814697322468419e-7 -1.0518131256103516 -1.2816381454467773
      vertex -2.000000476837158 -0.7815675735473633 -1.4622106552124023
    endloop
  endfacet
  facet normal 0 0.5555706688216985 -0.8314693211087288
    outer loop
      vertex -2.000000476837158 -1.0518131256103516 1.2816381454467773
      vertex -2.000000476837158 -0.7815675735473633 1.4622106552124023
      vertex -3.814697322468419e-7 -0.7815675735473633 1.4622106552124023
    endloop
  endfacet
  facet normal 0 0.7071067811865476 -0.7071067811865476
    outer loop
      vertex -2.000000476837158 -1.0518131256103516 1.2816381454467773
      vertex -3.814697322468419e-7 -1.0518131256103516 1.2816381454467773
      vertex -3.814697322468419e-7 -1.2816381454467773 1.0518131256103516
    endloop
  endfacet
  facet normal 0 0.5555706688216985 -0.8314693211087288
    outer loop
      vertex -2.000000476837158 -1.0518131256103516 1.2816381454467773
      vertex -3.814697322468419e-7 -0.7815675735473633 1.4622106552124023
      vertex -3.814697322468419e-7 -1.0518131256103516 1.2816381454467773
    endloop
  endfacet
  facet normal 0 0.5555706688216985 0.8314693211087288
    outer loop
      vertex -2.000000476837158 -0.7815675735473633 -1.4622106552124023
      vertex -3.814697322468419e-7 -1.0518131256103516 -1.2816381454467773
      vertex -3.814697322468419e-7 -0.7815675735473633 -1.4622106552124023
    endloop
  endfacet
  facet normal 0 0.38268297719002803 0.9238797210508393
    outer loop
      vertex -2.000000476837158 -0.7815675735473633 -1.4622106552124023
      vertex -3.814697322468419e-7 -0.7815675735473633 -1.4622106552124023
      vertex -2.000000476837158 -0.48128700256347656 -1.5865907669067383
    endloop
  endfacet
  facet normal 0 0.38268297719002803 -0.9238797210508393
    outer loop
      vertex -2.000000476837158 -0.7815675735473633 1.4622106552124023
      vertex -2.000000476837158 -0.48128700256347656 1.5865907669067383
      vertex -3.814697322468419e-7 -0.48128700256347656 1.5865907669067383
    endloop
  endfacet
  facet normal 0 0.38268297719002803 -0.9238797210508393
    outer loop
      vertex -2.000000476837158 -0.7815675735473633 1.4622106552124023
      vertex -3.814697322468419e-7 -0.48128700256347656 1.5865907669067383
      vertex -3.814697322468419e-7 -0.7815675735473633 1.4622106552124023
    endloop
  endfacet
  facet normal 0 0.38268297719002803 0.9238797210508393
    outer loop
      vertex -2.000000476837158 -0.48128700256347656 -1.5865907669067383
      vertex -3.814697322468419e-7 -0.7815675735473633 -1.4622106552124023
      vertex -3.814697322468419e-7 -0.48128700256347656 -1.5865907669067383
    endloop
  endfacet
  facet normal 0 0.19509075740150308 0.9807851937995943
    outer loop
      vertex -2.000000476837158 -0.48128700256347656 -1.5865907669067383
      vertex -3.814697322468419e-7 -0.48128700256347656 -1.5865907669067383
      vertex -2.000000476837158 -0.16250991821289062 -1.6499996185302734
    endloop
  endfacet
  facet normal 0 0.19509075740150308 -0.9807851937995943
    outer loop
      vertex -2.000000476837158 -0.48128700256347656 1.5865907669067383
      vertex -2.000000476837158 -0.16250991821289062 1.6499996185302734
      vertex -3.814697322468419e-7 -0.16250991821289062 1.6499996185302734
    endloop
  endfacet
  facet normal 0 0.19509075740150308 -0.9807851937995943
    outer loop
      vertex -2.000000476837158 -0.48128700256347656 1.5865907669067383
      vertex -3.814697322468419e-7 -0.16250991821289062 1.6499996185302734
      vertex -3.814697322468419e-7 -0.48128700256347656 1.5865907669067383
    endloop
  endfacet
  facet normal -1 0 0
    outer loop
      vertex -2.000000476837158 -0.16250991821289062 -1.6499996185302734
      vertex -2.000000476837158 0.16250991821289062 -1.6499996185302734
      vertex -2.000000476837158 47.09849166870117 -8
    endloop
  endfacet
  facet normal 0 0.19509075740150308 0.9807851937995943
    outer loop
      vertex -2.000000476837158 -0.16250991821289062 -1.6499996185302734
      vertex -3.814697322468419e-7 -0.48128700256347656 -1.5865907669067383
      vertex -3.814697322468419e-7 -0.16250991821289062 -1.6499996185302734
    endloop
  endfacet
  facet normal 0 0 1
    outer loop
      vertex -2.000000476837158 -0.16250991821289062 -1.6499996185302734
      vertex -3.814697322468419e-7 -0.16250991821289062 -1.6499996185302734
      vertex -2.000000476837158 0.16250991821289062 -1.6499996185302734
    endloop
  endfacet
  facet normal 0 0 -1
    outer loop
      vertex -2.000000476837158 -0.16250991821289062 1.6499996185302734
      vertex -2.000000476837158 0.16250991821289062 1.6499996185302734
      vertex -3.814697322468419e-7 0.16250991821289062 1.6499996185302734
    endloop
  endfacet
  facet normal -1 0 0
    outer loop
      vertex -2.000000476837158 -0.16250991821289062 1.6499996185302734
      vertex -2.000000476837158 47.09849166870117 6
      vertex -2.000000476837158 0.16250991821289062 1.6499996185302734
    endloop
  endfacet
  facet normal 0 0 -1
    outer loop
      vertex -2.000000476837158 -0.16250991821289062 1.6499996185302734
      vertex -3.814697322468419e-7 0.16250991821289062 1.6499996185302734
      vertex -3.814697322468419e-7 -0.16250991821289062 1.6499996185302734
    endloop
  endfacet
  facet normal -1 0 0
    outer loop
      vertex -2.000000476837158 0.16250991821289062 -1.6499996185302734
      vertex -2.000000476837158 0.48128700256347656 -1.5865907669067383
      vertex -2.000000476837158 47.09849166870117 -8
    endloop
  endfacet
  facet normal 0 0 1
    outer loop
      vertex -2.000000476837158 0.16250991821289062 -1.6499996185302734
      vertex -3.814697322468419e-7 -0.16250991821289062 -1.6499996185302734
      vertex -3.814697322468419e-7 0.16250991821289062 -1.6499996185302734
    endloop
  endfacet
  facet normal 0 -0.19509075740150308 0.9807851937995943
    outer loop
      vertex -2.000000476837158 0.16250991821289062 -1.6499996185302734
      vertex -3.814697322468419e-7 0.16250991821289062 -1.6499996185302734
      vertex -2.000000476837158 0.48128700256347656 -1.5865907669067383
    endloop
  endfacet
  facet normal 0 -0.19509075740150308 -0.9807851937995943
    outer loop
      vertex -2.000000476837158 0.16250991821289062 1.6499996185302734
      vertex -2.000000476837158 0.48128700256347656 1.5865907669067383
      vertex -3.814697322468419e-7 0.48128700256347656 1.5865907669067383
    endloop
  endfacet
  facet normal -1 0 0
    outer loop
      vertex -2.000000476837158 0.16250991821289062 1.6499996185302734
      vertex -2.000000476837158 47.09849166870117 6
      vertex -2.000000476837158 0.48128700256347656 1.5865907669067383
    endloop
  endfacet
  facet normal 0 -0.19509075740150308 -0.9807851937995943
    outer loop
      vertex -2.000000476837158 0.16250991821289062 1.6499996185302734
      vertex -3.814697322468419e-7 0.48128700256347656 1.5865907669067383
      vertex -3.814697322468419e-7 0.16250991821289062 1.6499996185302734
    endloop
  endfacet
  facet normal -1 0 0
    outer loop
      vertex -2.000000476837158 0.48128700256347656 -1.5865907669067383
      vertex -2.000000476837158 0.7815675735473633 -1.4622106552124023
      vertex -2.000000476837158 47.09849166870117 -8
    endloop
  endfacet
  facet normal 0 -0.19509075740150308 0.9807851937995943
    outer loop
      vertex -2.000000476837158 0.48128700256347656 -1.5865907669067383
      vertex -3.814697322468419e-7 0.16250991821289062 -1.6499996185302734
      vertex -3.814697322468419e-7 0.48128700256347656 -1.5865907669067383
    endloop
  endfacet
  facet normal 0 -0.38268297719002803 0.9238797210508393
    outer loop
      vertex -2.000000476837158 0.48128700256347656 -1.5865907669067383
      vertex -3.814697322468419e-7 0.48128700256347656 -1.5865907669067383
      vertex -2.000000476837158 0.7815675735473633 -1.4622106552124023
    endloop
  endfacet
  facet normal 0 -0.38268297719002803 -0.9238797210508393
    outer loop
      vertex -2.000000476837158 0.48128700256347656 1.5865907669067383
      vertex -2.000000476837158 0.7815675735473633 1.4622106552124023
      vertex -3.814697322468419e-7 0.7815675735473633 1.4622106552124023
    endloop
  endfacet
  facet normal -1 0 0
    outer loop
      vertex -2.000000476837158 0.48128700256347656 1.5865907669067383
      vertex -2.000000476837158 47.09849166870117 6
      vertex -2.000000476837158 0.7815675735473633 1.4622106552124023
    endloop
  endfacet
  facet normal 0 -0.38268297719002803 -0.9238797210508393
    outer loop
      vertex -2.000000476837158 0.48128700256347656 1.5865907669067383
      vertex -3.814697322468419e-7 0.7815675735473633 1.4622106552124023
      vertex -3.814697322468419e-7 0.48128700256347656 1.5865907669067383
    endloop
  endfacet
  facet normal -1 0 0
    outer loop
      vertex -2.000000476837158 0.7815675735473633 -1.4622106552124023
      vertex -2.000000476837158 1.0518131256103516 -1.2816381454467773
      vertex -2.000000476837158 47.09849166870117 -8
    endloop
  endfacet
  facet normal 0 -0.38268297719002803 0.9238797210508393
    outer loop
      vertex -2.000000476837158 0.7815675735473633 -1.4622106552124023
      vertex -3.814697322468419e-7 0.48128700256347656 -1.5865907669067383
      vertex -3.814697322468419e-7 0.7815675735473633 -1.4622106552124023
    endloop
  endfacet
  facet normal 0 -0.5555706688216985 0.8314693211087288
    outer loop
      vertex -2.000000476837158 0.7815675735473633 -1.4622106552124023
      vertex -3.814697322468419e-7 0.7815675735473633 -1.4622106552124023
      vertex -2.000000476837158 1.0518131256103516 -1.2816381454467773
    endloop
  endfacet
  facet normal 0 -0.5555706688216985 -0.8314693211087288
    outer loop
      vertex -2.000000476837158 0.7815675735473633 1.4622106552124023
      vertex -2.000000476837158 1.0518131256103516 1.2816381454467773
      vertex -3.814697322468419e-7 1.0518131256103516 1.2816381454467773
    endloop
  endfacet
  facet normal -1 0 0
    outer loop
      vertex -2.000000476837158 0.7815675735473633 1.4622106552124023
      vertex -2.000000476837158 40.948184967041016 1.2816381454467773
      vertex -2.000000476837158 1.0518131256103516 1.2816381454467773
    endloop
  endfacet
  facet normal -1 0 0
    outer loop
      vertex -2.000000476837158 0.7815675735473633 1.4622106552124023
      vertex -2.000000476837158 41.21842956542969 1.4622106552124023
      vertex -2.000000476837158 40.948184967041016 1.2816381454467773
    endloop
  endfacet
  facet normal -1 0 0
    outer loop
      vertex -2.000000476837158 0.7815675735473633 1.4622106552124023
      vertex -2.000000476837158 47.09849166870117 6
      vertex -2.000000476837158 41.21842956542969 1.4622106552124023
    endloop
  endfacet
  facet normal 0 -0.5555706688216985 -0.8314693211087288
    outer loop
      vertex -2.000000476837158 0.7815675735473633 1.4622106552124023
      vertex -3.814697322468419e-7 1.0518131256103516 1.2816381454467773
      vertex -3.814697322468419e-7 0.7815675735473633 1.4622106552124023
    endloop
  endfacet
  facet normal -1 0 0
    outer loop
      vertex -2.000000476837158 1.0518131256103516 -1.2816381454467773
      vertex -2.000000476837158 1.2816381454467773 -1.0518131256103516
      vertex -2.000000476837158 40.718360900878906 -1.0518131256103516
    endloop
  endfacet
  facet normal -1 0 0
    outer loop
      vertex -2.000000476837158 1.0518131256103516 -1.2816381454467773
      vertex -2.000000476837158 40.718360900878906 -1.0518131256103516
      vertex -2.000000476837158 40.948184967041016 -1.2816381454467773
    endloop
  endfacet
  facet normal -1 0 0
    outer loop
      vertex -2.000000476837158 1.0518131256103516 -1.2816381454467773
      vertex -2.000000476837158 40.948184967041016 -1.2816381454467773
      vertex -2.000000476837158 47.09849166870117 -8
    endloop
  endfacet
  facet normal 0 -0.5555706688216985 0.8314693211087288
    outer loop
      vertex -2.000000476837158 1.0518131256103516 -1.2816381454467773
      vertex -3.814697322468419e-7 0.7815675735473633 -1.4622106552124023
      vertex -3.814697322468419e-7 1.0518131256103516 -1.2816381454467773
    endloop
  endfacet
  facet normal 0 -0.7071067811865476 0.7071067811865476
    outer loop
      vertex -2.000000476837158 1.0518131256103516 -1.2816381454467773
      vertex -3.814697322468419e-7 1.0518131256103516 -1.2816381454467773
      vertex -3.814697322468419e-7 1.2816381454467773 -1.0518131256103516
    endloop
  endfacet
  facet normal 0 -0.7071067811865476 0.7071067811865476
    outer loop
      vertex -2.000000476837158 1.0518131256103516 -1.2816381454467773
      vertex -3.814697322468419e-7 1.2816381454467773 -1.0518131256103516
      vertex -2.000000476837158 1.2816381454467773 -1.0518131256103516
    endloop
  endfacet
  facet normal 0 -0.7071067811865476 -0.7071067811865476
    outer loop
      vertex -2.000000476837158 1.0518131256103516 1.2816381454467773
      vertex -2.000000476837158 1.2816381454467773 1.0518131256103516
      vertex -3.814697322468419e-7 1.0518131256103516 1.2816381454467773
    endloop
  endfacet
  facet normal -1 0 0
    outer loop
      vertex -2.000000476837158 1.0518131256103516 1.2816381454467773
      vertex -2.000000476837158 40.948184967041016 1.2816381454467773
      vertex -2.000000476837158 1.2816381454467773 1.0518131256103516
    endloop
  endfacet
  facet normal -1 0 0
    outer loop
      vertex -2.000000476837158 1.2816381454467773 -1.0518131256103516
      vertex -2.000000476837158 1.4622106552124023 -0.7815675735473633
      vertex -2.000000476837158 40.718360900878906 -1.0518131256103516
    endloop
  endfacet
  facet normal 0 -0.8314693211087288 0.5555706688216985
    outer loop
      vertex -2.000000476837158 1.2816381454467773 -1.0518131256103516
      vertex -3.814697322468419e-7 1.2816381454467773 -1.0518131256103516
      vertex -3.814697322468419e-7 1.4622106552124023 -0.7815675735473633
    endloop
  endfacet
  facet normal 0 -0.8314693211087288 0.5555706688216985
    outer loop
      vertex -2.000000476837158 1.2816381454467773 -1.0518131256103516
      vertex -3.814697322468419e-7 1.4622106552124023 -0.7815675735473633
      vertex -2.000000476837158 1.4622106552124023 -0.7815675735473633
    endloop
  endfacet
  facet normal 0 -0.8314693211087288 -0.5555706688216985
    outer loop
      vertex -2.000000476837158 1.2816381454467773 1.0518131256103516
      vertex -2.000000476837158 1.4622106552124023 0.7815675735473633
      vertex -3.814697322468419e-7 1.2816381454467773 1.0518131256103516
    endloop
  endfacet
  facet normal -1 0 0
    outer loop
      vertex -2.000000476837158 1.2816381454467773 1.0518131256103516
      vertex -2.000000476837158 40.718360900878906 1.0518131256103516
      vertex -2.000000476837158 1.4622106552124023 0.7815675735473633
    endloop
  endfacet
  facet normal -1 0 0
    outer loop
      vertex -2.000000476837158 1.2816381454467773 1.0518131256103516
      vertex -2.000000476837158 40.948184967041016 1.2816381454467773
      vertex -2.000000476837158 40.718360900878906 1.0518131256103516
    endloop
  endfacet
  facet normal 0 -0.7071067811865476 -0.7071067811865476
    outer loop
      vertex -2.000000476837158 1.2816381454467773 1.0518131256103516
      vertex -3.814697322468419e-7 1.2816381454467773 1.0518131256103516
      vertex -3.814697322468419e-7 1.0518131256103516 1.2816381454467773
    endloop
  endfacet
  facet normal -1 0 0
    outer loop
      vertex -2.000000476837158 1.4622106552124023 -0.7815675735473633
      vertex -2.000000476837158 1.5865907669067383 -0.48128700256347656
      vertex -2.000000476837158 40.53778839111328 -0.7815675735473633
    endloop
  endfacet
  facet normal -1 0 0
    outer loop
      vertex -2.000000476837158 1.4622106552124023 -0.7815675735473633
      vertex -2.000000476837158 40.53778839111328 -0.7815675735473633
      vertex -2.000000476837158 40.718360900878906 -1.0518131256103516
    endloop
  endfacet
  facet normal 0 -0.9238797210508393 0.38268297719002803
    outer loop
      vertex -2.000000476837158 1.4622106552124023 -0.7815675735473633
      vertex -3.814697322468419e-7 1.4622106552124023 -0.7815675735473633
      vertex -3.814697322468419e-7 1.5865907669067383 -0.48128700256347656
    endloop
  endfacet
  facet normal 0 -0.9238797210508393 0.38268297719002803
    outer loop
      vertex -2.000000476837158 1.4622106552124023 -0.7815675735473633
      vertex -3.814697322468419e-7 1.5865907669067383 -0.48128700256347656
      vertex -2.000000476837158 1.5865907669067383 -0.48128700256347656
    endloop
  endfacet
  facet normal 0 -0.9238797210508393 -0.38268297719002803
    outer loop
      vertex -2.000000476837158 1.4622106552124023 0.7815675735473633
      vertex -2.000000476837158 1.5865907669067383 0.48128700256347656
      vertex -3.814697322468419e-7 1.4622106552124023 0.7815675735473633
    endloop
  endfacet
  facet normal -1 0 0
    outer loop
      vertex -2.000000476837158 1.4622106552124023 0.7815675735473633
      vertex -2.000000476837158 40.53778839111328 0.7815675735473633
      vertex -2.000000476837158 1.5865907669067383 0.48128700256347656
    endloop
  endfacet
  facet normal -1 0 0
    outer loop
      vertex -2.000000476837158 1.4622106552124023 0.7815675735473633
      vertex -2.000000476837158 40.718360900878906 1.0518131256103516
      vertex -2.000000476837158 40.53778839111328 0.7815675735473633
    endloop
  endfacet
  facet normal 0 -0.8314693211087288 -0.5555706688216985
    outer loop
      vertex -2.000000476837158 1.4622106552124023 0.7815675735473633
      vertex -3.814697322468419e-7 1.4622106552124023 0.7815675735473633
      vertex -3.814697322468419e-7 1.2816381454467773 1.0518131256103516
    endloop
  endfacet
  facet normal -1 0 0
    outer loop
      vertex -2.000000476837158 1.5865907669067383 -0.48128700256347656
      vertex -2.000000476837158 1.6499996185302734 -0.16250991821289062
      vertex -2.000000476837158 40.41340637207031 -0.48128700256347656
    endloop
  endfacet
  facet normal -1 0 0
    outer loop
      vertex -2.000000476837158 1.5865907669067383 -0.48128700256347656
      vertex -2.000000476837158 40.41340637207031 -0.48128700256347656
      vertex -2.000000476837158 40.53778839111328 -0.7815675735473633
    endloop
  endfacet
  facet normal 0 -0.9807851937995943 0.19509075740150308
    outer loop
      vertex -2.000000476837158 1.5865907669067383 -0.48128700256347656
      vertex -3.814697322468419e-7 1.5865907669067383 -0.48128700256347656
      vertex -3.814697322468419e-7 1.6499996185302734 -0.16250991821289062
    endloop
  endfacet
  facet normal 0 -0.9807851937995943 0.19509075740150308
    outer loop
      vertex -2.000000476837158 1.5865907669067383 -0.48128700256347656
      vertex -3.814697322468419e-7 1.6499996185302734 -0.16250991821289062
      vertex -2.000000476837158 1.6499996185302734 -0.16250991821289062
    endloop
  endfacet
  facet normal 0 -0.9807851937995943 -0.19509075740150308
    outer loop
      vertex -2.000000476837158 1.5865907669067383 0.48128700256347656
      vertex -2.000000476837158 1.6499996185302734 0.16250991821289062
      vertex -3.814697322468419e-7 1.5865907669067383 0.48128700256347656
    endloop
  endfacet
  facet normal -1 0 0
    outer loop
      vertex -2.000000476837158 1.5865907669067383 0.48128700256347656
      vertex -2.000000476837158 40.41340637207031 0.48128700256347656
      vertex -2.000000476837158 1.6499996185302734 0.16250991821289062
    endloop
  endfacet
  facet normal -1 0 0
    outer loop
      vertex -2.000000476837158 1.5865907669067383 0.48128700256347656
      vertex -2.000000476837158 40.53778839111328 0.7815675735473633
      vertex -2.000000476837158 40.41340637207031 0.48128700256347656
    endloop
  endfacet
  facet normal 0 -0.9238797210508393 -0.38268297719002803
    outer loop
      vertex -2.000000476837158 1.5865907669067383 0.48128700256347656
      vertex -3.814697322468419e-7 1.5865907669067383 0.48128700256347656
      vertex -3.814697322468419e-7 1.4622106552124023 0.7815675735473633
    endloop
  endfacet
  facet normal -1 0 0
    outer loop
      vertex -2.000000476837158 1.6499996185302734 -0.16250991821289062
      vertex -2.000000476837158 1.6499996185302734 0.16250991821289062
      vertex -2.000000476837158 40.349998474121094 0.16250991821289062
    endloop
  endfacet
  facet normal -1 0 0
    outer loop
      vertex -2.000000476837158 1.6499996185302734 -0.16250991821289062
      vertex -2.000000476837158 40.349998474121094 -0.16250991821289062
      vertex -2.000000476837158 40.41340637207031 -0.48128700256347656
    endloop
  endfacet
  facet normal -1 0 0
    outer loop
      vertex -2.000000476837158 1.6499996185302734 -0.16250991821289062
      vertex -2.000000476837158 40.349998474121094 0.16250991821289062
      vertex -2.000000476837158 40.349998474121094 -0.16250991821289062
    endloop
  endfacet
  facet normal 0 -1 0
    outer loop
      vertex -2.000000476837158 1.6499996185302734 -0.16250991821289062
      vertex -3.814697322468419e-7 1.6499996185302734 -0.16250991821289062
      vertex -3.814697322468419e-7 1.6499996185302734 0.16250991821289062
    endloop
  endfacet
  facet normal 0 -1 0
    outer loop
      vertex -2.000000476837158 1.6499996185302734 -0.16250991821289062
      vertex -3.814697322468419e-7 1.6499996185302734 0.16250991821289062
      vertex -2.000000476837158 1.6499996185302734 0.16250991821289062
    endloop
  endfacet
  facet normal -1 0 0
    outer loop
      vertex -2.000000476837158 1.6499996185302734 0.16250991821289062
      vertex -2.000000476837158 40.41340637207031 0.48128700256347656
      vertex -2.000000476837158 40.349998474121094 0.16250991821289062
    endloop
  endfacet
  facet normal 0 -0.9807851937995943 -0.19509075740150308
    outer loop
      vertex -2.000000476837158 1.6499996185302734 0.16250991821289062
      vertex -3.814697322468419e-7 1.6499996185302734 0.16250991821289062
      vertex -3.814697322468419e-7 1.5865907669067383 0.48128700256347656
    endloop
  endfacet
  facet normal 0 1 0
    outer loop
      vertex -2.000000476837158 40.349998474121094 -0.16250991821289062
      vertex -2.000000476837158 40.349998474121094 0.16250991821289062
      vertex -3.814697322468419e-7 40.349998474121094 -0.16250991821289062
    endloop
  endfacet
  facet normal 0 0.9807857552282769 0.19508793489423767
    outer loop
      vertex -2.000000476837158 40.349998474121094 -0.16250991821289062
      vertex -3.814697322468419e-7 40.349998474121094 -0.16250991821289062
      vertex -3.814697322468419e-7 40.41340637207031 -0.48128700256347656
    endloop
  endfacet
  facet normal 0 0.9807857552282769 0.19508793489423767
    outer loop
      vertex -2.000000476837158 40.349998474121094 -0.16250991821289062
      vertex -3.814697322468419e-7 40.41340637207031 -0.48128700256347656
      vertex -2.000000476837158 40.41340637207031 -0.48128700256347656
    endloop
  endfacet
  facet normal 0 0.9807857552282769 -0.19508793489423767
    outer loop
      vertex -2.000000476837158 40.349998474121094 0.16250991821289062
      vertex -2.000000476837158 40.41340637207031 0.48128700256347656
      vertex -3.814697322468419e-7 40.349998474121094 0.16250991821289062
    endloop
  endfacet
  facet normal 0 1 0
    outer loop
      vertex -2.000000476837158 40.349998474121094 0.16250991821289062
      vertex -3.814697322468419e-7 40.349998474121094 0.16250991821289062
      vertex -3.814697322468419e-7 40.349998474121094 -0.16250991821289062
    endloop
  endfacet
  facet normal 0 0.9238776462580526 0.38268798615148697
    outer loop
      vertex -2.000000476837158 40.41340637207031 -0.48128700256347656
      vertex -3.814697322468419e-7 40.41340637207031 -0.48128700256347656
      vertex -3.814697322468419e-7 40.53778839111328 -0.7815675735473633
    endloop
  endfacet
  facet normal 0 0.9238776462580526 0.38268798615148697
    outer loop
      vertex -2.000000476837158 40.41340637207031 -0.48128700256347656
      vertex -3.814697322468419e-7 40.53778839111328 -0.7815675735473633
      vertex -2.000000476837158 40.53778839111328 -0.7815675735473633
    endloop
  endfacet
  facet normal 0 0.9238776462580526 -0.38268798615148697
    outer loop
      vertex -2.000000476837158 40.41340637207031 0.48128700256347656
      vertex -2.000000476837158 40.53778839111328 0.7815675735473633
      vertex -3.814697322468419e-7 40.41340637207031 0.48128700256347656
    endloop
  endfacet
  facet normal 0 0.9807857552282769 -0.19508793489423767
    outer loop
      vertex -2.000000476837158 40.41340637207031 0.48128700256347656
      vertex -3.814697322468419e-7 40.41340637207031 0.48128700256347656
      vertex -3.814697322468419e-7 40.349998474121094 0.16250991821289062
    endloop
  endfacet
  facet normal 0 0.8314693211087288 0.5555706688216985
    outer loop
      vertex -2.000000476837158 40.53778839111328 -0.7815675735473633
      vertex -3.814697322468419e-7 40.53778839111328 -0.7815675735473633
      vertex -3.814697322468419e-7 40.718360900878906 -1.0518131256103516
    endloop
  endfacet
  facet normal 0 0.8314693211087288 0.5555706688216985
    outer loop
      vertex -2.000000476837158 40.53778839111328 -0.7815675735473633
      vertex -3.814697322468419e-7 40.718360900878906 -1.0518131256103516
      vertex -2.000000476837158 40.718360900878906 -1.0518131256103516
    endloop
  endfacet
  facet normal 0 0.8314693211087288 -0.5555706688216985
    outer loop
      vertex -2.000000476837158 40.53778839111328 0.7815675735473633
      vertex -2.000000476837158 40.718360900878906 1.0518131256103516
      vertex -3.814697322468419e-7 40.53778839111328 0.7815675735473633
    endloop
  endfacet
  facet normal 0 0.9238776462580526 -0.38268798615148697
    outer loop
      vertex -2.000000476837158 40.53778839111328 0.7815675735473633
      vertex -3.814697322468419e-7 40.53778839111328 0.7815675735473633
      vertex -3.814697322468419e-7 40.41340637207031 0.48128700256347656
    endloop
  endfacet
  facet normal 0 0.7071082482815493 0.707105314088502
    outer loop
      vertex -2.000000476837158 40.718360900878906 -1.0518131256103516
      vertex -3.814697322468419e-7 40.718360900878906 -1.0518131256103516
      vertex -3.814697322468419e-7 40.948184967041016 -1.2816381454467773
    endloop
  endfacet
  facet normal 0 0.7071082482815493 0.707105314088502
    outer loop
      vertex -2.000000476837158 40.718360900878906 -1.0518131256103516
      vertex -3.814697322468419e-7 40.948184967041016 -1.2816381454467773
      vertex -2.000000476837158 40.948184967041016 -1.2816381454467773
    endloop
  endfacet
  facet normal 0 0.7071082482815493 -0.707105314088502
    outer loop
      vertex -2.000000476837158 40.718360900878906 1.0518131256103516
      vertex -2.000000476837158 40.948184967041016 1.2816381454467773
      vertex -3.814697322468419e-7 40.718360900878906 1.0518131256103516
    endloop
  endfacet
  facet normal 0 0.8314693211087288 -0.5555706688216985
    outer loop
      vertex -2.000000476837158 40.718360900878906 1.0518131256103516
      vertex -3.814697322468419e-7 40.718360900878906 1.0518131256103516
      vertex -3.814697322468419e-7 40.53778839111328 0.7815675735473633
    endloop
  endfacet
  facet normal -1 0 0
    outer loop
      vertex -2.000000476837158 40.948184967041016 -1.2816381454467773
      vertex -2.000000476837158 41.21842956542969 -1.4622106552124023
      vertex -2.000000476837158 47.09849166870117 -8
    endloop
  endfacet
  facet normal 0 0.5555720242424284 0.8314684154429263
    outer loop
      vertex -2.000000476837158 40.948184967041016 -1.2816381454467773
      vertex -3.814697322468419e-7 40.948184967041016 -1.2816381454467773
      vertex -2.000000476837158 41.21842956542969 -1.4622106552124023
    endloop
  endfacet
  facet normal 0 0.5555720242424284 -0.8314684154429263
    outer loop
      vertex -2.000000476837158 40.948184967041016 1.2816381454467773
      vertex -2.000000476837158 41.21842956542969 1.4622106552124023
      vertex -3.814697322468419e-7 41.21842956542969 1.4622106552124023
    endloop
  endfacet
  facet normal 0 0.7071082482815493 -0.707105314088502
    outer loop
      vertex -2.000000476837158 40.948184967041016 1.2816381454467773
      vertex -3.814697322468419e-7 40.948184967041016 1.2816381454467773
      vertex -3.814697322468419e-7 40.718360900878906 1.0518131256103516
    endloop
  endfacet
  facet normal 0 0.5555720242424284 -0.8314684154429263
    outer loop
      vertex -2.000000476837158 40.948184967041016 1.2816381454467773
      vertex -3.814697322468419e-7 41.21842956542969 1.4622106552124023
      vertex -3.814697322468419e-7 40.948184967041016 1.2816381454467773
    endloop
  endfacet
  facet normal -1 0 0
    outer loop
      vertex -2.000000476837158 41.21842956542969 -1.4622106552124023
      vertex -2.000000476837158 41.51871109008789 -1.5865907669067383
      vertex -2.000000476837158 47.09849166870117 -8
    endloop
  endfacet
  facet normal 0 0.5555720242424284 0.8314684154429263
    outer loop
      vertex -2.000000476837158 41.21842956542969 -1.4622106552124023
      vertex -3.814697322468419e-7 40.948184967041016 -1.2816381454467773
      vertex -3.814697322468419e-7 41.21842956542969 -1.4622106552124023
    endloop
  endfacet
  facet normal 0 0.3826819398006652 0.9238801507503017
    outer loop
      vertex -2.000000476837158 41.21842956542969 -1.4622106552124023
      vertex -3.814697322468419e-7 41.21842956542969 -1.4622106552124023
      vertex -2.000000476837158 41.51871109008789 -1.5865907669067383
    endloop
  endfacet
  facet normal 0 0.3826819398006652 -0.9238801507503017
    outer loop
      vertex -2.000000476837158 41.21842956542969 1.4622106552124023
      vertex -2.000000476837158 41.51871109008789 1.5865907669067383
      vertex -3.814697322468419e-7 41.51871109008789 1.5865907669067383
    endloop
  endfacet
  facet normal -1 0 0
    outer loop
      vertex -2.000000476837158 41.21842956542969 1.4622106552124023
      vertex -2.000000476837158 47.09849166870117 6
      vertex -2.000000476837158 41.51871109008789 1.5865907669067383
    endloop
  endfacet
  facet normal 0 0.3826819398006652 -0.9238801507503017
    outer loop
      vertex -2.000000476837158 41.21842956542969 1.4622106552124023
      vertex -3.814697322468419e-7 41.51871109008789 1.5865907669067383
      vertex -3.814697322468419e-7 41.21842956542969 1.4622106552124023
    endloop
  endfacet
  facet normal -1 0 0
    outer loop
      vertex -2.000000476837158 41.51871109008789 -1.5865907669067383
      vertex -2.000000476837158 41.83749008178711 -1.6499996185302734
      vertex -2.000000476837158 47.09849166870117 -8
    endloop
  endfacet
  facet normal 0 0.3826819398006652 0.9238801507503017
    outer loop
      vertex -2.000000476837158 41.51871109008789 -1.5865907669067383
      vertex -3.814697322468419e-7 41.21842956542969 -1.4622106552124023
      vertex -3.814697322468419e-7 41.51871109008789 -1.5865907669067383
    endloop
  endfacet
  facet normal 0 0.19508963454299283 0.9807854171498888
    outer loop
      vertex -2.000000476837158 41.51871109008789 -1.5865907669067383
      vertex -3.814697322468419e-7 41.51871109008789 -1.5865907669067383
      vertex -2.000000476837158 41.83749008178711 -1.6499996185302734
    endloop
  endfacet
  facet normal 0 0.19508963454299283 -0.9807854171498888
    outer loop
      vertex -2.000000476837158 41.51871109008789 1.5865907669067383
      vertex -2.000000476837158 41.83749008178711 1.6499996185302734
      vertex -3.814697322468419e-7 41.83749008178711 1.6499996185302734
    endloop
  endfacet
  facet normal -1 0 0
    outer loop
      vertex -2.000000476837158 41.51871109008789 1.5865907669067383
      vertex -2.000000476837158 47.09849166870117 6
      vertex -2.000000476837158 41.83749008178711 1.6499996185302734
    endloop
  endfacet
  facet normal 0 0.19508963454299283 -0.9807854171498888
    outer loop
      vertex -2.000000476837158 41.51871109008789 1.5865907669067383
      vertex -3.814697322468419e-7 41.83749008178711 1.6499996185302734
      vertex -3.814697322468419e-7 41.51871109008789 1.5865907669067383
    endloop
  endfacet
  facet normal -1 0 0
    outer loop
      vertex -2.000000476837158 41.83749008178711 -1.6499996185302734
      vertex -2.000000476837158 42.16250991821289 -1.6499996185302734
      vertex -2.000000476837158 47.09849166870117 -8
    endloop
  endfacet
  facet normal 0 0.19508963454299283 0.9807854171498888
    outer loop
      vertex -2.000000476837158 41.83749008178711 -1.6499996185302734
      vertex -3.814697322468419e-7 41.51871109008789 -1.5865907669067383
      vertex -3.814697322468419e-7 41.83749008178711 -1.6499996185302734
    endloop
  endfacet
  facet normal 0 0 1
    outer loop
      vertex -2.000000476837158 41.83749008178711 -1.6499996185302734
      vertex -3.814697322468419e-7 41.83749008178711 -1.6499996185302734
      vertex -2.000000476837158 42.16250991821289 -1.6499996185302734
    endloop
  endfacet
  facet normal 0 0 -1
    outer loop
      vertex -2.000000476837158 41.83749008178711 1.6499996185302734
      vertex -2.000000476837158 42.16250991821289 1.6499996185302734
      vertex -3.814697322468419e-7 42.16250991821289 1.6499996185302734
    endloop
  endfacet
  facet normal -1 0 0
    outer loop
      vertex -2.000000476837158 41.83749008178711 1.6499996185302734
      vertex -2.000000476837158 47.09849166870117 6
      vertex -2.000000476837158 42.16250991821289 1.6499996185302734
    endloop
  endfacet
  facet normal 0 0 -1
    outer loop
      vertex -2.000000476837158 41.83749008178711 1.6499996185302734
      vertex -3.814697322468419e-7 42.16250991821289 1.6499996185302734
      vertex -3.814697322468419e-7 41.83749008178711 1.6499996185302734
    endloop
  endfacet
  facet normal -1 0 0
    outer loop
      vertex -2.000000476837158 42.16250991821289 -1.6499996185302734
      vertex -2.000000476837158 42.481285095214844 -1.5865907669067383
      vertex -2.000000476837158 47.09849166870117 -8
    endloop
  endfacet
  facet normal 0 0 1
    outer loop
      vertex -2.000000476837158 42.16250991821289 -1.6499996185302734
      vertex -3.814697322468419e-7 41.83749008178711 -1.6499996185302734
      vertex -3.814697322468419e-7 42.16250991821289 -1.6499996185302734
    endloop
  endfacet
  facet normal 0 -0.19509188027268315 0.9807849704454433
    outer loop
      vertex -2.000000476837158 42.16250991821289 -1.6499996185302734
      vertex -3.814697322468419e-7 42.16250991821289 -1.6499996185302734
      vertex -2.000000476837158 42.481285095214844 -1.5865907669067383
    endloop
  endfacet
  facet normal 0 -0.19509188027268315 -0.9807849704454433
    outer loop
      vertex -2.000000476837158 42.16250991821289 1.6499996185302734
      vertex -2.000000476837158 42.481285095214844 1.5865907669067383
      vertex -3.814697322468419e-7 42.481285095214844 1.5865907669067383
    endloop
  endfacet
  facet normal -1 0 0
    outer loop
      vertex -2.000000476837158 42.16250991821289 1.6499996185302734
      vertex -2.000000476837158 47.09849166870117 6
      vertex -2.000000476837158 42.481285095214844 1.5865907669067383
    endloop
  endfacet
  facet normal 0 -0.19509188027268315 -0.9807849704454433
    outer loop
      vertex -2.000000476837158 42.16250991821289 1.6499996185302734
      vertex -3.814697322468419e-7 42.481285095214844 1.5865907669067383
      vertex -3.814697322468419e-7 42.16250991821289 1.6499996185302734
    endloop
  endfacet
  facet normal -1 0 0
    outer loop
      vertex -2.000000476837158 42.481285095214844 -1.5865907669067383
      vertex -2.000000476837158 42.78156661987305 -1.4622106552124023
      vertex -2.000000476837158 47.09849166870117 -8
    endloop
  endfacet
  facet normal 0 -0.19509188027268315 0.9807849704454433
    outer loop
      vertex -2.000000476837158 42.481285095214844 -1.5865907669067383
      vertex -3.814697322468419e-7 42.16250991821289 -1.6499996185302734
      vertex -3.814697322468419e-7 42.481285095214844 -1.5865907669067383
    endloop
  endfacet
  facet normal 0 -0.3826819398006652 0.9238801507503017
    outer loop
      vertex -2.000000476837158 42.481285095214844 -1.5865907669067383
      vertex -3.814697322468419e-7 42.481285095214844 -1.5865907669067383
      vertex -2.000000476837158 42.78156661987305 -1.4622106552124023
    endloop
  endfacet
  facet normal 0 -0.3826819398006652 -0.9238801507503017
    outer loop
      vertex -2.000000476837158 42.481285095214844 1.5865907669067383
      vertex -2.000000476837158 42.78156661987305 1.4622106552124023
      vertex -3.814697322468419e-7 42.78156661987305 1.4622106552124023
    endloop
  endfacet
  facet normal -1 0 0
    outer loop
      vertex -2.000000476837158 42.481285095214844 1.5865907669067383
      vertex -2.000000476837158 47.09849166870117 6
      vertex -2.000000476837158 42.78156661987305 1.4622106552124023
    endloop
  endfacet
  facet normal 0 -0.3826819398006652 -0.9238801507503017
    outer loop
      vertex -2.000000476837158 42.481285095214844 1.5865907669067383
      vertex -3.814697322468419e-7 42.78156661987305 1.4622106552124023
      vertex -3.814697322468419e-7 42.481285095214844 1.5865907669067383
    endloop
  endfacet
  facet normal -1 0 0
    outer loop
      vertex -2.000000476837158 42.78156661987305 -1.4622106552124023
      vertex -2.000000476837158 43.05181121826172 -1.2816381454467773
      vertex -2.000000476837158 47.09849166870117 -8
    endloop
  endfacet
  facet normal 0 -0.3826819398006652 0.9238801507503017
    outer loop
      vertex -2.000000476837158 42.78156661987305 -1.4622106552124023
      vertex -3.814697322468419e-7 42.481285095214844 -1.5865907669067383
      vertex -3.814697322468419e-7 42.78156661987305 -1.4622106552124023
    endloop
  endfacet
  facet normal 0 -0.5555720242424284 0.8314684154429263
    outer loop
      vertex -2.000000476837158 42.78156661987305 -1.4622106552124023
      vertex -3.814697322468419e-7 42.78156661987305 -1.4622106552124023
      vertex -2.000000476837158 43.05181121826172 -1.2816381454467773
    endloop
  endfacet
  facet normal 0 -0.5555720242424284 -0.8314684154429263
    outer loop
      vertex -2.000000476837158 42.78156661987305 1.4622106552124023
      vertex -2.000000476837158 43.05181121826172 1.2816381454467773
      vertex -3.814697322468419e-7 43.05181121826172 1.2816381454467773
    endloop
  endfacet
  facet normal -1 0 0
    outer loop
      vertex -2.000000476837158 42.78156661987305 1.4622106552124023
      vertex -2.000000476837158 47.09849166870117 6
      vertex -2.000000476837158 43.05181121826172 1.2816381454467773
    endloop
  endfacet
  facet normal 0 -0.5555720242424284 -0.8314684154429263
    outer loop
      vertex -2.000000476837158 42.78156661987305 1.4622106552124023
      vertex -3.814697322468419e-7 43.05181121826172 1.2816381454467773
      vertex -3.814697322468419e-7 42.78156661987305 1.4622106552124023
    endloop
  endfacet
  facet normal -1 0 0
    outer loop
      vertex -2.000000476837158 43.05181121826172 -1.2816381454467773
      vertex -2.000000476837158 43.281639099121094 -1.0518131256103516
      vertex -2.000000476837158 47.09849166870117 -8
    endloop
  endfacet
  facet normal 0 -0.5555720242424284 0.8314684154429263
    outer loop
      vertex -2.000000476837158 43.05181121826172 -1.2816381454467773
      vertex -3.814697322468419e-7 42.78156661987305 -1.4622106552124023
      vertex -3.814697322468419e-7 43.05181121826172 -1.2816381454467773
    endloop
  endfacet
  facet normal 0 -0.707102379919806 0.7071111824258944
    outer loop
      vertex -2.000000476837158 43.05181121826172 -1.2816381454467773
      vertex -3.814697322468419e-7 43.05181121826172 -1.2816381454467773
      vertex -2.000000476837158 43.281639099121094 -1.0518131256103516
    endloop
  endfacet
  facet normal 0 -0.707102379919806 -0.7071111824258944
    outer loop
      vertex -2.000000476837158 43.05181121826172 1.2816381454467773
      vertex -2.000000476837158 43.281639099121094 1.0518131256103516
      vertex -3.814697322468419e-7 43.281639099121094 1.0518131256103516
    endloop
  endfacet
  facet normal -1 0 0
    outer loop
      vertex -2.000000476837158 43.05181121826172 1.2816381454467773
      vertex -2.000000476837158 47.09849166870117 6
      vertex -2.000000476837158 43.281639099121094 1.0518131256103516
    endloop
  endfacet
  facet normal 0 -0.707102379919806 -0.7071111824258944
    outer loop
      vertex -2.000000476837158 43.05181121826172 1.2816381454467773
      vertex -3.814697322468419e-7 43.281639099121094 1.0518131256103516
      vertex -3.814697322468419e-7 43.05181121826172 1.2816381454467773
    endloop
  endfacet
  facet normal -1 0 0
    outer loop
      vertex -2.000000476837158 43.281639099121094 -1.0518131256103516
      vertex -2.000000476837158 43.46221160888672 -0.7815675735473633
      vertex -2.000000476837158 47.09849166870117 -8
    endloop
  endfacet
  facet normal 0 -0.707102379919806 0.7071111824258944
    outer loop
      vertex -2.000000476837158 43.281639099121094 -1.0518131256103516
      vertex -3.814697322468419e-7 43.05181121826172 -1.2816381454467773
      vertex -3.814697322468419e-7 43.281639099121094 -1.0518131256103516
    endloop
  endfacet
  facet normal 0 -0.8314693211087288 0.5555706688216985
    outer loop
      vertex -2.000000476837158 43.281639099121094 -1.0518131256103516
      vertex -3.814697322468419e-7 43.281639099121094 -1.0518131256103516
      vertex -3.814697322468419e-7 43.46221160888672 -0.7815675735473633
    endloop
  endfacet
  facet normal 0 -0.8314693211087288 0.5555706688216985
    outer loop
      vertex -2.000000476837158 43.281639099121094 -1.0518131256103516
      vertex -3.814697322468419e-7 43.46221160888672 -0.7815675735473633
      vertex -2.000000476837158 43.46221160888672 -0.7815675735473633
    endloop
  endfacet
  facet normal 0 -0.8314693211087288 -0.5555706688216985
    outer loop
      vertex -2.000000476837158 43.281639099121094 1.0518131256103516
      vertex -2.000000476837158 43.46221160888672 0.7815675735473633
      vertex -3.814697322468419e-7 43.281639099121094 1.0518131256103516
    endloop
  endfacet
  facet normal -1 0 0
    outer loop
      vertex -2.000000476837158 43.281639099121094 1.0518131256103516
      vertex -2.000000476837158 47.09849166870117 6
      vertex -2.000000476837158 43.46221160888672 0.7815675735473633
    endloop
  endfacet
  facet normal -1 0 0
    outer loop
      vertex -2.000000476837158 43.46221160888672 -0.7815675735473633
      vertex -2.000000476837158 43.58658981323242 -0.48128700256347656
      vertex -2.000000476837158 47.09849166870117 -8
    endloop
  endfacet
  facet normal 0 -0.9238817958257877 0.3826779681948227
    outer loop
      vertex -2.000000476837158 43.46221160888672 -0.7815675735473633
      vertex -3.814697322468419e-7 43.46221160888672 -0.7815675735473633
      vertex -3.814697322468419e-7 43.58658981323242 -0.48128700256347656
    endloop
  endfacet
  facet normal 0 -0.9238817958257877 0.3826779681948227
    outer loop
      vertex -2.000000476837158 43.46221160888672 -0.7815675735473633
      vertex -3.814697322468419e-7 43.58658981323242 -0.48128700256347656
      vertex -2.000000476837158 43.58658981323242 -0.48128700256347656
    endloop
  endfacet
  facet normal 0 -0.9238817958257877 -0.3826779681948227
    outer loop
      vertex -2.000000476837158 43.46221160888672 0.7815675735473633
      vertex -2.000000476837158 43.58658981323242 0.48128700256347656
      vertex -3.814697322468419e-7 43.46221160888672 0.7815675735473633
    endloop
  endfacet
  facet normal -1 0 0
    outer loop
      vertex -2.000000476837158 43.46221160888672 0.7815675735473633
      vertex -2.000000476837158 47.09849166870117 6
      vertex -2.000000476837158 43.58658981323242 0.48128700256347656
    endloop
  endfacet
  facet normal 0 -0.8314693211087288 -0.5555706688216985
    outer loop
      vertex -2.000000476837158 43.46221160888672 0.7815675735473633
      vertex -3.814697322468419e-7 43.46221160888672 0.7815675735473633
      vertex -3.814697322468419e-7 43.281639099121094 1.0518131256103516
    endloop
  endfacet
  facet normal -1 0 0
    outer loop
      vertex -2.000000476837158 43.58658981323242 -0.48128700256347656
      vertex -2.000000476837158 43.650001525878906 -0.16250991821289062
      vertex -2.000000476837158 47.09849166870117 -8
    endloop
  endfacet
  facet normal 0 -0.9807835094686674 0.19509922489421663
    outer loop
      vertex -2.000000476837158 43.58658981323242 -0.48128700256347656
      vertex -3.814697322468419e-7 43.58658981323242 -0.48128700256347656
      vertex -3.814697322468419e-7 43.650001525878906 -0.16250991821289062
    endloop
  endfacet
  facet normal 0 -0.9807835094686674 0.19509922489421663
    outer loop
      vertex -2.000000476837158 43.58658981323242 -0.48128700256347656
      vertex -3.814697322468419e-7 43.650001525878906 -0.16250991821289062
      vertex -2.000000476837158 43.650001525878906 -0.16250991821289062
    endloop
  endfacet
  facet normal 0 -0.9807835094686674 -0.19509922489421663
    outer loop
      vertex -2.000000476837158 43.58658981323242 0.48128700256347656
      vertex -2.000000476837158 43.650001525878906 0.16250991821289062
      vertex -3.814697322468419e-7 43.58658981323242 0.48128700256347656
    endloop
  endfacet
  facet normal -1 0 0
    outer loop
      vertex -2.000000476837158 43.58658981323242 0.48128700256347656
      vertex -2.000000476837158 47.09849166870117 6
      vertex -2.000000476837158 43.650001525878906 0.16250991821289062
    endloop
  endfacet
  facet normal 0 -0.9238817958257877 -0.3826779681948227
    outer loop
      vertex -2.000000476837158 43.58658981323242 0.48128700256347656
      vertex -3.814697322468419e-7 43.58658981323242 0.48128700256347656
      vertex -3.814697322468419e-7 43.46221160888672 0.7815675735473633
    endloop
  endfacet
  facet normal -1 0 0
    outer loop
      vertex -2.000000476837158 43.650001525878906 -0.16250991821289062
      vertex -2.000000476837158 43.650001525878906 0.16250991821289062
      vertex -2.000000476837158 47.09849166870117 6
    endloop
  endfacet
  facet normal -1 0 0
    outer loop
      vertex -2.000000476837158 43.650001525878906 -0.16250991821289062
      vertex -2.000000476837158 47.09849166870117 6
      vertex -2.000000476837158 47.09849166870117 -8
    endloop
  endfacet
  facet normal 0 -1 0
    outer loop
      vertex -2.000000476837158 43.650001525878906 -0.16250991821289062
      vertex -3.814697322468419e-7 43.650001525878906 -0.16250991821289062
      vertex -3.814697322468419e-7 43.650001525878906 0.16250991821289062
    endloop
  endfacet
  facet normal 0 -1 0
    outer loop
      vertex -2.000000476837158 43.650001525878906 -0.16250991821289062
      vertex -3.814697322468419e-7 43.650001525878906 0.16250991821289062
      vertex -2.000000476837158 43.650001525878906 0.16250991821289062
    endloop
  endfacet
  facet normal 0 -0.9807835094686674 -0.19509922489421663
    outer loop
      vertex -2.000000476837158 43.650001525878906 0.16250991821289062
      vertex -3.814697322468419e-7 43.650001525878906 0.16250991821289062
      vertex -3.814697322468419e-7 43.58658981323242 0.48128700256347656
    endloop
  endfacet
  facet normal 0 0 1
    outer loop
      vertex -2.000000476837158 47.09849166870117 6
      vertex -3.814697322468419e-7 -47.295475006103516 6
      vertex -3.814697322468419e-7 47.295475006103516 6
    endloop
  endfacet
  facet normal 0 0 1
    outer loop
      vertex -2.000000476837158 47.09849166870117 6
      vertex -3.814697322468419e-7 47.295475006103516 6
      vertex -0.1152891144156456 47.87506866455078 6
    endloop
  endfacet
  facet normal 0.4999995617368505 -0.4999995617368505 -0.7071074009836943
    outer loop
      vertex -1.725075125694275 -48.55350112915039 -10
      vertex -1.446499228477478 -48.274925231933594 -10
      vertex -1.0876115560531616 -49.33025360107422 -9
    endloop
  endfacet
  facet normal 0.4999995617368505 0.4999995617368505 -0.7071074009836943
    outer loop
      vertex -1.725075125694275 48.55350112915039 -10
      vertex -1.0876115560531616 49.33025360107422 -9
      vertex -1.446499228477478 48.274925231933594 -10
    endloop
  endfacet
  facet normal 0.5555683692089854 -0.831470857657963 0
    outer loop
      vertex -1.5789674520492554 -49.658565521240234 -9
      vertex -1.0876115560531616 -49.33025360107422 -9
      vertex -1.0876115560531616 -49.33025360107422 6
    endloop
  endfacet
  facet normal 0.5555683692089854 -0.831470857657963 0
    outer loop
      vertex -1.5789674520492554 -49.658565521240234 -9
      vertex -1.0876115560531616 -49.33025360107422 6
      vertex -1.5789674520492554 -49.658565521240234 6
    endloop
  endfacet
  facet normal 0.5555683692089854 0.831470857657963 0
    outer loop
      vertex -1.5789674520492554 49.658565521240234 -9
      vertex -1.5789674520492554 49.658565521240234 6
      vertex -1.0876115560531616 49.33025360107422 -9
    endloop
  endfacet
  facet normal 0.5555683692089854 0.831470857657963 0
    outer loop
      vertex -1.5789674520492554 49.658565521240234 6
      vertex -1.0876115560531616 49.33025360107422 6
      vertex -1.0876115560531616 49.33025360107422 -9
    endloop
  endfacet
  facet normal 0.5879381418716096 -0.39284655781541317 -0.7071070098260518
    outer loop
      vertex -1.446499228477478 -48.274925231933594 -10
      vertex -1.2276233434677124 -47.94735336303711 -10
      vertex -0.34143486618995667 -48.4210319519043 -9
    endloop
  endfacet
  facet normal 0.5000016948974384 -0.49999827151011156 -0.7071068049358523
    outer loop
      vertex -1.446499228477478 -48.274925231933594 -10
      vertex -0.6697486639022827 -48.91238784790039 -9
      vertex -1.0876115560531616 -49.33025360107422 -9
    endloop
  endfacet
  facet normal 0.5879377074276959 -0.3928477568230907 -0.7071067049206442
    outer loop
      vertex -1.446499228477478 -48.274925231933594 -10
      vertex -0.34143486618995667 -48.4210319519043 -9
      vertex -0.6697486639022827 -48.91238784790039 -9
    endloop
  endfacet
  facet normal 0.5000016948974384 0.49999827151011156 -0.7071068049358523
    outer loop
      vertex -1.446499228477478 48.274925231933594 -10
      vertex -1.0876115560531616 49.33025360107422 -9
      vertex -0.6697486639022827 48.91238784790039 -9
    endloop
  endfacet
  facet normal 0.5879377074276959 0.3928477568230907 -0.7071067049206442
    outer loop
      vertex -1.446499228477478 48.274925231933594 -10
      vertex -0.6697486639022827 48.91238784790039 -9
      vertex -0.34143486618995667 48.4210319519043 -9
    endloop
  endfacet
  facet normal 0.5879381418716096 0.39284655781541317 -0.7071070098260518
    outer loop
      vertex -1.446499228477478 48.274925231933594 -10
      vertex -0.34143486618995667 48.4210319519043 -9
      vertex -1.2276233434677124 47.94735336303711 -10
    endloop
  endfacet
  facet normal 0.6532807547009662 -0.27059930395216203 -0.7071069736878156
    outer loop
      vertex -1.2276233434677124 -47.94735336303711 -10
      vertex -1.0768588781356812 -47.583377838134766 -10
      vertex -0.34143486618995667 -48.4210319519043 -9
    endloop
  endfacet
  facet normal 0.6532807547009662 0.27059930395216203 -0.7071069736878156
    outer loop
      vertex -1.2276233434677124 47.94735336303711 -10
      vertex -0.34143486618995667 48.4210319519043 -9
      vertex -1.0768588781356812 47.583377838134766 -10
    endloop
  endfacet
  facet normal 0.7071092018828787 -0.7071043604819293 0
    outer loop
      vertex -1.0876115560531616 -49.33025360107422 -9
      vertex -0.6697486639022827 -48.91238784790039 -9
      vertex -1.0876115560531616 -49.33025360107422 6
    endloop
  endfacet
  facet normal 0.7071092018828787 -0.7071043604819293 0
    outer loop
      vertex -1.0876115560531616 -49.33025360107422 6
      vertex -0.6697486639022827 -48.91238784790039 -9
      vertex -0.6697486639022827 -48.91238784790039 6
    endloop
  endfacet
  facet normal 0.7071092018828787 0.7071043604819293 0
    outer loop
      vertex -1.0876115560531616 49.33025360107422 -9
      vertex -1.0876115560531616 49.33025360107422 6
      vertex -0.6697486639022827 48.91238784790039 6
    endloop
  endfacet
  facet normal 0.7071092018828787 0.7071043604819293 0
    outer loop
      vertex -1.0876115560531616 49.33025360107422 -9
      vertex -0.6697486639022827 48.91238784790039 6
      vertex -0.6697486639022827 48.91238784790039 -9
    endloop
  endfacet
  facet normal 0.6935199449584591 -0.13794947084166445 -0.7071068020032903
    outer loop
      vertex -1.0768588781356812 -47.583377838134766 -10
      vertex -1.0000003576278687 -47.196983337402344 -10
      vertex -3.814697322468419e-7 -47.295475006103516 -9
    endloop
  endfacet
  facet normal 0.6532813929585239 -0.2705984361089718 -0.7071067161253309
    outer loop
      vertex -1.0768588781356812 -47.583377838134766 -10
      vertex -0.1152891144156456 -47.87506866455078 -9
      vertex -0.34143486618995667 -48.4210319519043 -9
    endloop
  endfacet
  facet normal 0.6935199761530988 -0.1379501624251217 -0.7071066364866673
    outer loop
      vertex -1.0768588781356812 -47.583377838134766 -10
      vertex -3.814697322468419e-7 -47.295475006103516 -9
      vertex -0.1152891144156456 -47.87506866455078 -9
    endloop
  endfacet
  facet normal 0.6532813929585239 0.2705984361089718 -0.7071067161253309
    outer loop
      vertex -1.0768588781356812 47.583377838134766 -10
      vertex -0.34143486618995667 48.4210319519043 -9
      vertex -0.1152891144156456 47.87506866455078 -9
    endloop
  endfacet
  facet normal 0.6935199761530988 0.1379501624251217 -0.7071066364866673
    outer loop
      vertex -1.0768588781356812 47.583377838134766 -10
      vertex -0.1152891144156456 47.87506866455078 -9
      vertex -3.814697322468419e-7 47.295475006103516 -9
    endloop
  endfacet
  facet normal 0.6935199449584591 0.13794947084166445 -0.7071068020032903
    outer loop
      vertex -1.0768588781356812 47.583377838134766 -10
      vertex -3.814697322468419e-7 47.295475006103516 -9
      vertex -1.0000003576278687 47.196983337402344 -10
    endloop
  endfacet
  facet normal 0.7071067896159192 0 -0.7071067727571756
    outer loop
      vertex -1.0000003576278687 -47.196983337402344 -10
      vertex -1.0000003576278687 47.196983337402344 -10
      vertex -3.814697322468419e-7 47.295475006103516 -9
    endloop
  endfacet
  facet normal 0.7071067896159193 0 -0.7071067727571757
    outer loop
      vertex -1.0000003576278687 -47.196983337402344 -10
      vertex -3.814697322468419e-7 47.295475006103516 -9
      vertex -3.814697322468419e-7 -47.295475006103516 -9
    endloop
  endfacet
  facet normal 0.8314693899956109 -0.5555705657252973 0
    outer loop
      vertex -0.6697486639022827 -48.91238784790039 -9
      vertex -0.34143486618995667 -48.4210319519043 -9
      vertex -0.6697486639022827 -48.91238784790039 6
    endloop
  endfacet
  facet normal 0.8314693899956109 -0.5555705657252973 0
    outer loop
      vertex -0.6697486639022827 -48.91238784790039 6
      vertex -0.34143486618995667 -48.4210319519043 -9
      vertex -0.34143486618995667 -48.4210319519043 6
    endloop
  endfacet
  facet normal 0.8314693899956109 0.5555705657252973 0
    outer loop
      vertex -0.6697486639022827 48.91238784790039 -9
      vertex -0.6697486639022827 48.91238784790039 6
      vertex -0.34143486618995667 48.4210319519043 6
    endloop
  endfacet
  facet normal 0.8314693899956109 0.5555705657252973 0
    outer loop
      vertex -0.6697486639022827 48.91238784790039 -9
      vertex -0.34143486618995667 48.4210319519043 6
      vertex -0.34143486618995667 48.4210319519043 -9
    endloop
  endfacet
  facet normal 0.9238793209613831 -0.3826839430913369 0
    outer loop
      vertex -0.34143486618995667 -48.4210319519043 -9
      vertex -0.1152891144156456 -47.87506866455078 -9
      vertex -0.34143486618995667 -48.4210319519043 6
    endloop
  endfacet
  facet normal 0.9238793209613831 -0.3826839430913369 0
    outer loop
      vertex -0.34143486618995667 -48.4210319519043 6
      vertex -0.1152891144156456 -47.87506866455078 -9
      vertex -0.1152891144156456 -47.87506866455078 6
    endloop
  endfacet
  facet normal 0.9238793209613831 0.3826839430913369 0
    outer loop
      vertex -0.34143486618995667 48.4210319519043 -9
      vertex -0.34143486618995667 48.4210319519043 6
      vertex -0.1152891144156456 47.87506866455078 6
    endloop
  endfacet
  facet normal 0.9238793209613831 0.3826839430913369 0
    outer loop
      vertex -0.34143486618995667 48.4210319519043 -9
      vertex -0.1152891144156456 47.87506866455078 6
      vertex -0.1152891144156456 47.87506866455078 -9
    endloop
  endfacet
  facet normal 0.9807851553479449 -0.1950909507104508 0
    outer loop
      vertex -0.1152891144156456 -47.87506866455078 -9
      vertex -3.814697322468419e-7 -47.295475006103516 -9
      vertex -0.1152891144156456 -47.87506866455078 6
    endloop
  endfacet
  facet normal 0.9807851553479449 -0.1950909507104508 0
    outer loop
      vertex -0.1152891144156456 -47.87506866455078 6
      vertex -3.814697322468419e-7 -47.295475006103516 -9
      vertex -3.814697322468419e-7 -47.295475006103516 6
    endloop
  endfacet
  facet normal 0.9807851553479449 0.1950909507104508 0
    outer loop
      vertex -0.1152891144156456 47.87506866455078 -9
      vertex -0.1152891144156456 47.87506866455078 6
      vertex -3.814697322468419e-7 47.295475006103516 6
    endloop
  endfacet
  facet normal 0.9807851553479449 0.1950909507104508 0
    outer loop
      vertex -0.1152891144156456 47.87506866455078 -9
      vertex -3.814697322468419e-7 47.295475006103516 6
      vertex -3.814697322468419e-7 47.295475006103516 -9
    endloop
  endfacet
  facet normal 1 0 0
    outer loop
      vertex -3.814697322468419e-7 -47.295475006103516 -9
      vertex -3.814697322468419e-7 -43.650001525878906 -0.16250991821289062
      vertex -3.814697322468419e-7 -47.295475006103516 6
    endloop
  endfacet
  facet normal 1 0 0
    outer loop
      vertex -3.814697322468419e-7 -47.295475006103516 -9
      vertex -3.814697322468419e-7 -43.58658981323242 -0.48128700256347656
      vertex -3.814697322468419e-7 -43.650001525878906 -0.16250991821289062
    endloop
  endfacet
  facet normal 1 0 0
    outer loop
      vertex -3.814697322468419e-7 -47.295475006103516 -9
      vertex -3.814697322468419e-7 -43.46221160888672 -0.7815675735473633
      vertex -3.814697322468419e-7 -43.58658981323242 -0.48128700256347656
    endloop
  endfacet
  facet normal 1 0 0
    outer loop
      vertex -3.814697322468419e-7 -47.295475006103516 -9
      vertex -3.814697322468419e-7 -43.281639099121094 -1.0518131256103516
      vertex -3.814697322468419e-7 -43.46221160888672 -0.7815675735473633
    endloop
  endfacet
  facet normal 1 0 0
    outer loop
      vertex -3.814697322468419e-7 -47.295475006103516 -9
      vertex -3.814697322468419e-7 -43.05181121826172 -1.2816381454467773
      vertex -3.814697322468419e-7 -43.281639099121094 -1.0518131256103516
    endloop
  endfacet
  facet normal 1 0 0
    outer loop
      vertex -3.814697322468419e-7 -47.295475006103516 -9
      vertex -3.814697322468419e-7 -42.78156661987305 -1.4622106552124023
      vertex -3.814697322468419e-7 -43.05181121826172 -1.2816381454467773
    endloop
  endfacet
  facet normal 1 0 0
    outer loop
      vertex -3.814697322468419e-7 -47.295475006103516 -9
      vertex -3.814697322468419e-7 -42.481285095214844 -1.5865907669067383
      vertex -3.814697322468419e-7 -42.78156661987305 -1.4622106552124023
    endloop
  endfacet
  facet normal 1 0 0
    outer loop
      vertex -3.814697322468419e-7 -47.295475006103516 -9
      vertex -3.814697322468419e-7 -42.16250991821289 -1.6499996185302734
      vertex -3.814697322468419e-7 -42.481285095214844 -1.5865907669067383
    endloop
  endfacet
  facet normal 1 0 0
    outer loop
      vertex -3.814697322468419e-7 -47.295475006103516 -9
      vertex -3.814697322468419e-7 -41.83749008178711 -1.6499996185302734
      vertex -3.814697322468419e-7 -42.16250991821289 -1.6499996185302734
    endloop
  endfacet
  facet normal 1 0 0
    outer loop
      vertex -3.814697322468419e-7 -47.295475006103516 -9
      vertex -3.814697322468419e-7 -41.51871109008789 -1.5865907669067383
      vertex -3.814697322468419e-7 -41.83749008178711 -1.6499996185302734
    endloop
  endfacet
  facet normal 1 0 0
    outer loop
      vertex -3.814697322468419e-7 -47.295475006103516 -9
      vertex -3.814697322468419e-7 -41.21842956542969 -1.4622106552124023
      vertex -3.814697322468419e-7 -41.51871109008789 -1.5865907669067383
    endloop
  endfacet
  facet normal 1 0 0
    outer loop
      vertex -3.814697322468419e-7 -47.295475006103516 -9
      vertex -3.814697322468419e-7 -40.948184967041016 -1.2816381454467773
      vertex -3.814697322468419e-7 -41.21842956542969 -1.4622106552124023
    endloop
  endfacet
  facet normal 1 0 0
    outer loop
      vertex -3.814697322468419e-7 -47.295475006103516 -9
      vertex -3.814697322468419e-7 -1.0518131256103516 -1.2816381454467773
      vertex -3.814697322468419e-7 -40.948184967041016 -1.2816381454467773
    endloop
  endfacet
  facet normal 1 0 0
    outer loop
      vertex -3.814697322468419e-7 -47.295475006103516 -9
      vertex -3.814697322468419e-7 -0.7815675735473633 -1.4622106552124023
      vertex -3.814697322468419e-7 -1.0518131256103516 -1.2816381454467773
    endloop
  endfacet
  facet normal 1 0 0
    outer loop
      vertex -3.814697322468419e-7 -47.295475006103516 -9
      vertex -3.814697322468419e-7 -0.48128700256347656 -1.5865907669067383
      vertex -3.814697322468419e-7 -0.7815675735473633 -1.4622106552124023
    endloop
  endfacet
  facet normal 1 0 0
    outer loop
      vertex -3.814697322468419e-7 -47.295475006103516 -9
      vertex -3.814697322468419e-7 -0.16250991821289062 -1.6499996185302734
      vertex -3.814697322468419e-7 -0.48128700256347656 -1.5865907669067383
    endloop
  endfacet
  facet normal 1 0 0
    outer loop
      vertex -3.814697322468419e-7 -47.295475006103516 -9
      vertex -3.814697322468419e-7 47.295475006103516 -9
      vertex -3.814697322468419e-7 -0.16250991821289062 -1.6499996185302734
    endloop
  endfacet
  facet normal 1 0 0
    outer loop
      vertex -3.814697322468419e-7 -47.295475006103516 6
      vertex -3.814697322468419e-7 -43.650001525878906 -0.16250991821289062
      vertex -3.814697322468419e-7 -43.650001525878906 0.16250991821289062
    endloop
  endfacet
  facet normal 1 0 0
    outer loop
      vertex -3.814697322468419e-7 -47.295475006103516 6
      vertex -3.814697322468419e-7 -43.650001525878906 0.16250991821289062
      vertex -3.814697322468419e-7 -43.58658981323242 0.48128700256347656
    endloop
  endfacet
  facet normal 1 0 0
    outer loop
      vertex -3.814697322468419e-7 -47.295475006103516 6
      vertex -3.814697322468419e-7 -43.58658981323242 0.48128700256347656
      vertex -3.814697322468419e-7 -43.46221160888672 0.7815675735473633
    endloop
  endfacet
  facet normal 1 0 0
    outer loop
      vertex -3.814697322468419e-7 -47.295475006103516 6
      vertex -3.814697322468419e-7 -43.46221160888672 0.7815675735473633
      vertex -3.814697322468419e-7 -43.281639099121094 1.0518131256103516
    endloop
  endfacet
  facet normal 1 0 0
    outer loop
      vertex -3.814697322468419e-7 -47.295475006103516 6
      vertex -3.814697322468419e-7 -43.281639099121094 1.0518131256103516
      vertex -3.814697322468419e-7 -43.05181121826172 1.2816381454467773
    endloop
  endfacet
  facet normal 1 0 0
    outer loop
      vertex -3.814697322468419e-7 -47.295475006103516 6
      vertex -3.814697322468419e-7 -43.05181121826172 1.2816381454467773
      vertex -3.814697322468419e-7 -42.78156661987305 1.4622106552124023
    endloop
  endfacet
  facet normal 1 0 0
    outer loop
      vertex -3.814697322468419e-7 -47.295475006103516 6
      vertex -3.814697322468419e-7 -42.78156661987305 1.4622106552124023
      vertex -3.814697322468419e-7 -42.481285095214844 1.5865907669067383
    endloop
  endfacet
  facet normal 1 0 0
    outer loop
      vertex -3.814697322468419e-7 -47.295475006103516 6
      vertex -3.814697322468419e-7 -42.481285095214844 1.5865907669067383
      vertex -3.814697322468419e-7 -42.16250991821289 1.6499996185302734
    endloop
  endfacet
  facet normal 1 0 0
    outer loop
      vertex -3.814697322468419e-7 -47.295475006103516 6
      vertex -3.814697322468419e-7 -42.16250991821289 1.6499996185302734
      vertex -3.814697322468419e-7 -41.83749008178711 1.6499996185302734
    endloop
  endfacet
  facet normal 1 0 0
    outer loop
      vertex -3.814697322468419e-7 -47.295475006103516 6
      vertex -3.814697322468419e-7 -41.83749008178711 1.6499996185302734
      vertex -3.814697322468419e-7 -41.51871109008789 1.5865907669067383
    endloop
  endfacet
  facet normal 1 0 0
    outer loop
      vertex -3.814697322468419e-7 -47.295475006103516 6
      vertex -3.814697322468419e-7 -41.51871109008789 1.5865907669067383
      vertex -3.814697322468419e-7 -41.21842956542969 1.4622106552124023
    endloop
  endfacet
  facet normal 1 0 0
    outer loop
      vertex -3.814697322468419e-7 -47.295475006103516 6
      vertex -3.814697322468419e-7 -41.21842956542969 1.4622106552124023
      vertex -3.814697322468419e-7 -0.7815675735473633 1.4622106552124023
    endloop
  endfacet
  facet normal 1 0 0
    outer loop
      vertex -3.814697322468419e-7 -47.295475006103516 6
      vertex -3.814697322468419e-7 -0.7815675735473633 1.4622106552124023
      vertex -3.814697322468419e-7 -0.48128700256347656 1.5865907669067383
    endloop
  endfacet
  facet normal 1 0 0
    outer loop
      vertex -3.814697322468419e-7 -47.295475006103516 6
      vertex -3.814697322468419e-7 -0.48128700256347656 1.5865907669067383
      vertex -3.814697322468419e-7 -0.16250991821289062 1.6499996185302734
    endloop
  endfacet
  facet normal 1 0 0
    outer loop
      vertex -3.814697322468419e-7 -47.295475006103516 6
      vertex -3.814697322468419e-7 -0.16250991821289062 1.6499996185302734
      vertex -3.814697322468419e-7 47.295475006103516 6
    endloop
  endfacet
  facet normal 1 0 0
    outer loop
      vertex -3.814697322468419e-7 -41.21842956542969 1.4622106552124023
      vertex -3.814697322468419e-7 -40.948184967041016 1.2816381454467773
      vertex -3.814697322468419e-7 -0.7815675735473633 1.4622106552124023
    endloop
  endfacet
  facet normal 1 0 0
    outer loop
      vertex -3.814697322468419e-7 -40.948184967041016 -1.2816381454467773
      vertex -3.814697322468419e-7 -1.0518131256103516 -1.2816381454467773
      vertex -3.814697322468419e-7 -40.718360900878906 -1.0518131256103516
    endloop
  endfacet
  facet normal 1 0 0
    outer loop
      vertex -3.814697322468419e-7 -40.948184967041016 1.2816381454467773
      vertex -3.814697322468419e-7 -40.718360900878906 1.0518131256103516
      vertex -3.814697322468419e-7 -1.0518131256103516 1.2816381454467773
    endloop
  endfacet
  facet normal 1 0 0
    outer loop
      vertex -3.814697322468419e-7 -40.948184967041016 1.2816381454467773
      vertex -3.814697322468419e-7 -1.0518131256103516 1.2816381454467773
      vertex -3.814697322468419e-7 -0.7815675735473633 1.4622106552124023
    endloop
  endfacet
  facet normal 1 0 0
    outer loop
      vertex -3.814697322468419e-7 -40.718360900878906 -1.0518131256103516
      vertex -3.814697322468419e-7 -1.2816381454467773 -1.0518131256103516
      vertex -3.814697322468419e-7 -40.53778839111328 -0.7815675735473633
    endloop
  endfacet
  facet normal 1 0 0
    outer loop
      vertex -3.814697322468419e-7 -40.718360900878906 -1.0518131256103516
      vertex -3.814697322468419e-7 -1.0518131256103516 -1.2816381454467773
      vertex -3.814697322468419e-7 -1.2816381454467773 -1.0518131256103516
    endloop
  endfacet
  facet normal 1 0 0
    outer loop
      vertex -3.814697322468419e-7 -40.718360900878906 1.0518131256103516
      vertex -3.814697322468419e-7 -40.53778839111328 0.7815675735473633
      vertex -3.814697322468419e-7 -1.2816381454467773 1.0518131256103516
    endloop
  endfacet
  facet normal 1 0 0
    outer loop
      vertex -3.814697322468419e-7 -40.718360900878906 1.0518131256103516
      vertex -3.814697322468419e-7 -1.2816381454467773 1.0518131256103516
      vertex -3.814697322468419e-7 -1.0518131256103516 1.2816381454467773
    endloop
  endfacet
  facet normal 1 0 0
    outer loop
      vertex -3.814697322468419e-7 -40.53778839111328 -0.7815675735473633
      vertex -3.814697322468419e-7 -1.4622106552124023 -0.7815675735473633
      vertex -3.814697322468419e-7 -40.41340637207031 -0.48128700256347656
    endloop
  endfacet
  facet normal 1 0 0
    outer loop
      vertex -3.814697322468419e-7 -40.53778839111328 -0.7815675735473633
      vertex -3.814697322468419e-7 -1.2816381454467773 -1.0518131256103516
      vertex -3.814697322468419e-7 -1.4622106552124023 -0.7815675735473633
    endloop
  endfacet
  facet normal 1 0 0
    outer loop
      vertex -3.814697322468419e-7 -40.53778839111328 0.7815675735473633
      vertex -3.814697322468419e-7 -40.41340637207031 0.48128700256347656
      vertex -3.814697322468419e-7 -1.4622106552124023 0.7815675735473633
    endloop
  endfacet
  facet normal 1 0 0
    outer loop
      vertex -3.814697322468419e-7 -40.53778839111328 0.7815675735473633
      vertex -3.814697322468419e-7 -1.4622106552124023 0.7815675735473633
      vertex -3.814697322468419e-7 -1.2816381454467773 1.0518131256103516
    endloop
  endfacet
  facet normal 1 0 0
    outer loop
      vertex -3.814697322468419e-7 -40.41340637207031 -0.48128700256347656
      vertex -3.814697322468419e-7 -1.5865907669067383 -0.48128700256347656
      vertex -3.814697322468419e-7 -40.349998474121094 -0.16250991821289062
    endloop
  endfacet
  facet normal 1 0 0
    outer loop
      vertex -3.814697322468419e-7 -40.41340637207031 -0.48128700256347656
      vertex -3.814697322468419e-7 -1.4622106552124023 -0.7815675735473633
      vertex -3.814697322468419e-7 -1.5865907669067383 -0.48128700256347656
    endloop
  endfacet
  facet normal 1 0 0
    outer loop
      vertex -3.814697322468419e-7 -40.41340637207031 0.48128700256347656
      vertex -3.814697322468419e-7 -40.349998474121094 0.16250991821289062
      vertex -3.814697322468419e-7 -1.5865907669067383 0.48128700256347656
    endloop
  endfacet
  facet normal 1 0 0
    outer loop
      vertex -3.814697322468419e-7 -40.41340637207031 0.48128700256347656
      vertex -3.814697322468419e-7 -1.5865907669067383 0.48128700256347656
      vertex -3.814697322468419e-7 -1.4622106552124023 0.7815675735473633
    endloop
  endfacet
  facet normal 1 0 0
    outer loop
      vertex -3.814697322468419e-7 -40.349998474121094 -0.16250991821289062
      vertex -3.814697322468419e-7 -1.6499996185302734 -0.16250991821289062
      vertex -3.814697322468419e-7 -40.349998474121094 0.16250991821289062
    endloop
  endfacet
  facet normal 1 0 0
    outer loop
      vertex -3.814697322468419e-7 -40.349998474121094 -0.16250991821289062
      vertex -3.814697322468419e-7 -1.5865907669067383 -0.48128700256347656
      vertex -3.814697322468419e-7 -1.6499996185302734 -0.16250991821289062
    endloop
  endfacet
  facet normal 1 0 0
    outer loop
      vertex -3.814697322468419e-7 -40.349998474121094 0.16250991821289062
      vertex -3.814697322468419e-7 -1.6499996185302734 -0.16250991821289062
      vertex -3.814697322468419e-7 -1.6499996185302734 0.16250991821289062
    endloop
  endfacet
  facet normal 1 0 0
    outer loop
      vertex -3.814697322468419e-7 -40.349998474121094 0.16250991821289062
      vertex -3.814697322468419e-7 -1.6499996185302734 0.16250991821289062
      vertex -3.814697322468419e-7 -1.5865907669067383 0.48128700256347656
    endloop
  endfacet
  facet normal 1 0 0
    outer loop
      vertex -3.814697322468419e-7 -0.16250991821289062 -1.6499996185302734
      vertex -3.814697322468419e-7 47.295475006103516 -9
      vertex -3.814697322468419e-7 0.16250991821289062 -1.6499996185302734
    endloop
  endfacet
  facet normal 1 0 0
    outer loop
      vertex -3.814697322468419e-7 -0.16250991821289062 1.6499996185302734
      vertex -3.814697322468419e-7 0.16250991821289062 1.6499996185302734
      vertex -3.814697322468419e-7 47.295475006103516 6
    endloop
  endfacet
  facet normal 1 0 0
    outer loop
      vertex -3.814697322468419e-7 0.16250991821289062 -1.6499996185302734
      vertex -3.814697322468419e-7 47.295475006103516 -9
      vertex -3.814697322468419e-7 0.48128700256347656 -1.5865907669067383
    endloop
  endfacet
  facet normal 1 0 0
    outer loop
      vertex -3.814697322468419e-7 0.16250991821289062 1.6499996185302734
      vertex -3.814697322468419e-7 0.48128700256347656 1.5865907669067383
      vertex -3.814697322468419e-7 47.295475006103516 6
    endloop
  endfacet
  facet normal 1 0 0
    outer loop
      vertex -3.814697322468419e-7 0.48128700256347656 -1.5865907669067383
      vertex -3.814697322468419e-7 47.295475006103516 -9
      vertex -3.814697322468419e-7 0.7815675735473633 -1.4622106552124023
    endloop
  endfacet
  facet normal 1 0 0
    outer loop
      vertex -3.814697322468419e-7 0.48128700256347656 1.5865907669067383
      vertex -3.814697322468419e-7 0.7815675735473633 1.4622106552124023
      vertex -3.814697322468419e-7 47.295475006103516 6
    endloop
  endfacet
  facet normal 1 0 0
    outer loop
      vertex -3.814697322468419e-7 0.7815675735473633 -1.4622106552124023
      vertex -3.814697322468419e-7 47.295475006103516 -9
      vertex -3.814697322468419e-7 1.0518131256103516 -1.2816381454467773
    endloop
  endfacet
  facet normal 1 0 0
    outer loop
      vertex -3.814697322468419e-7 0.7815675735473633 1.4622106552124023
      vertex -3.814697322468419e-7 1.0518131256103516 1.2816381454467773
      vertex -3.814697322468419e-7 40.948184967041016 1.2816381454467773
    endloop
  endfacet
  facet normal 1 0 0
    outer loop
      vertex -3.814697322468419e-7 0.7815675735473633 1.4622106552124023
      vertex -3.814697322468419e-7 40.948184967041016 1.2816381454467773
      vertex -3.814697322468419e-7 41.21842956542969 1.4622106552124023
    endloop
  endfacet
  facet normal 1 0 0
    outer loop
      vertex -3.814697322468419e-7 0.7815675735473633 1.4622106552124023
      vertex -3.814697322468419e-7 41.21842956542969 1.4622106552124023
      vertex -3.814697322468419e-7 47.295475006103516 6
    endloop
  endfacet
  facet normal 1 0 0
    outer loop
      vertex -3.814697322468419e-7 1.0518131256103516 -1.2816381454467773
      vertex -3.814697322468419e-7 40.718360900878906 -1.0518131256103516
      vertex -3.814697322468419e-7 1.2816381454467773 -1.0518131256103516
    endloop
  endfacet
  facet normal 1 0 0
    outer loop
      vertex -3.814697322468419e-7 1.0518131256103516 -1.2816381454467773
      vertex -3.814697322468419e-7 40.948184967041016 -1.2816381454467773
      vertex -3.814697322468419e-7 40.718360900878906 -1.0518131256103516
    endloop
  endfacet
  facet normal 1 0 0
    outer loop
      vertex -3.814697322468419e-7 1.0518131256103516 -1.2816381454467773
      vertex -3.814697322468419e-7 47.295475006103516 -9
      vertex -3.814697322468419e-7 40.948184967041016 -1.2816381454467773
    endloop
  endfacet
  facet normal 1 0 0
    outer loop
      vertex -3.814697322468419e-7 1.0518131256103516 1.2816381454467773
      vertex -3.814697322468419e-7 1.2816381454467773 1.0518131256103516
      vertex -3.814697322468419e-7 40.948184967041016 1.2816381454467773
    endloop
  endfacet
  facet normal 1 0 0
    outer loop
      vertex -3.814697322468419e-7 1.2816381454467773 -1.0518131256103516
      vertex -3.814697322468419e-7 40.718360900878906 -1.0518131256103516
      vertex -3.814697322468419e-7 1.4622106552124023 -0.7815675735473633
    endloop
  endfacet
  facet normal 1 0 0
    outer loop
      vertex -3.814697322468419e-7 1.2816381454467773 1.0518131256103516
      vertex -3.814697322468419e-7 1.4622106552124023 0.7815675735473633
      vertex -3.814697322468419e-7 40.718360900878906 1.0518131256103516
    endloop
  endfacet
  facet normal 1 0 0
    outer loop
      vertex -3.814697322468419e-7 1.2816381454467773 1.0518131256103516
      vertex -3.814697322468419e-7 40.718360900878906 1.0518131256103516
      vertex -3.814697322468419e-7 40.948184967041016 1.2816381454467773
    endloop
  endfacet
  facet normal 1 0 0
    outer loop
      vertex -3.814697322468419e-7 1.4622106552124023 -0.7815675735473633
      vertex -3.814697322468419e-7 40.53778839111328 -0.7815675735473633
      vertex -3.814697322468419e-7 1.5865907669067383 -0.48128700256347656
    endloop
  endfacet
  facet normal 1 0 0
    outer loop
      vertex -3.814697322468419e-7 1.4622106552124023 -0.7815675735473633
      vertex -3.814697322468419e-7 40.718360900878906 -1.0518131256103516
      vertex -3.814697322468419e-7 40.53778839111328 -0.7815675735473633
    endloop
  endfacet
  facet normal 1 0 0
    outer loop
      vertex -3.814697322468419e-7 1.4622106552124023 0.7815675735473633
      vertex -3.814697322468419e-7 1.5865907669067383 0.48128700256347656
      vertex -3.814697322468419e-7 40.53778839111328 0.7815675735473633
    endloop
  endfacet
  facet normal 1 0 0
    outer loop
      vertex -3.814697322468419e-7 1.4622106552124023 0.7815675735473633
      vertex -3.814697322468419e-7 40.53778839111328 0.7815675735473633
      vertex -3.814697322468419e-7 40.718360900878906 1.0518131256103516
    endloop
  endfacet
  facet normal 1 0 0
    outer loop
      vertex -3.814697322468419e-7 1.5865907669067383 -0.48128700256347656
      vertex -3.814697322468419e-7 40.41340637207031 -0.48128700256347656
      vertex -3.814697322468419e-7 1.6499996185302734 -0.16250991821289062
    endloop
  endfacet
  facet normal 1 0 0
    outer loop
      vertex -3.814697322468419e-7 1.5865907669067383 -0.48128700256347656
      vertex -3.814697322468419e-7 40.53778839111328 -0.7815675735473633
      vertex -3.814697322468419e-7 40.41340637207031 -0.48128700256347656
    endloop
  endfacet
  facet normal 1 0 0
    outer loop
      vertex -3.814697322468419e-7 1.5865907669067383 0.48128700256347656
      vertex -3.814697322468419e-7 1.6499996185302734 0.16250991821289062
      vertex -3.814697322468419e-7 40.41340637207031 0.48128700256347656
    endloop
  endfacet
  facet normal 1 0 0
    outer loop
      vertex -3.814697322468419e-7 1.5865907669067383 0.48128700256347656
      vertex -3.814697322468419e-7 40.41340637207031 0.48128700256347656
      vertex -3.814697322468419e-7 40.53778839111328 0.7815675735473633
    endloop
  endfacet
  facet normal 1 0 0
    outer loop
      vertex -3.814697322468419e-7 1.6499996185302734 -0.16250991821289062
      vertex -3.814697322468419e-7 40.349998474121094 -0.16250991821289062
      vertex -3.814697322468419e-7 1.6499996185302734 0.16250991821289062
    endloop
  endfacet
  facet normal 1 0 0
    outer loop
      vertex -3.814697322468419e-7 1.6499996185302734 -0.16250991821289062
      vertex -3.814697322468419e-7 40.41340637207031 -0.48128700256347656
      vertex -3.814697322468419e-7 40.349998474121094 -0.16250991821289062
    endloop
  endfacet
  facet normal 1 0 0
    outer loop
      vertex -3.814697322468419e-7 1.6499996185302734 0.16250991821289062
      vertex -3.814697322468419e-7 40.349998474121094 -0.16250991821289062
      vertex -3.814697322468419e-7 40.349998474121094 0.16250991821289062
    endloop
  endfacet
  facet normal 1 0 0
    outer loop
      vertex -3.814697322468419e-7 1.6499996185302734 0.16250991821289062
      vertex -3.814697322468419e-7 40.349998474121094 0.16250991821289062
      vertex -3.814697322468419e-7 40.41340637207031 0.48128700256347656
    endloop
  endfacet
  facet normal 1 0 0
    outer loop
      vertex -3.814697322468419e-7 40.948184967041016 -1.2816381454467773
      vertex -3.814697322468419e-7 47.295475006103516 -9
      vertex -3.814697322468419e-7 41.21842956542969 -1.4622106552124023
    endloop
  endfacet
  facet normal 1 0 0
    outer loop
      vertex -3.814697322468419e-7 41.21842956542969 -1.4622106552124023
      vertex -3.814697322468419e-7 47.295475006103516 -9
      vertex -3.814697322468419e-7 41.51871109008789 -1.5865907669067383
    endloop
  endfacet
  facet normal 1 0 0
    outer loop
      vertex -3.814697322468419e-7 41.21842956542969 1.4622106552124023
      vertex -3.814697322468419e-7 41.51871109008789 1.5865907669067383
      vertex -3.814697322468419e-7 47.295475006103516 6
    endloop
  endfacet
  facet normal 1 0 0
    outer loop
      vertex -3.814697322468419e-7 41.51871109008789 -1.5865907669067383
      vertex -3.814697322468419e-7 47.295475006103516 -9
      vertex -3.814697322468419e-7 41.83749008178711 -1.6499996185302734
    endloop
  endfacet
  facet normal 1 0 0
    outer loop
      vertex -3.814697322468419e-7 41.51871109008789 1.5865907669067383
      vertex -3.814697322468419e-7 41.83749008178711 1.6499996185302734
      vertex -3.814697322468419e-7 47.295475006103516 6
    endloop
  endfacet
  facet normal 1 0 0
    outer loop
      vertex -3.814697322468419e-7 41.83749008178711 -1.6499996185302734
      vertex -3.814697322468419e-7 47.295475006103516 -9
      vertex -3.814697322468419e-7 42.16250991821289 -1.6499996185302734
    endloop
  endfacet
  facet normal 1 0 0
    outer loop
      vertex -3.814697322468419e-7 41.83749008178711 1.6499996185302734
      vertex -3.814697322468419e-7 42.16250991821289 1.6499996185302734
      vertex -3.814697322468419e-7 47.295475006103516 6
    endloop
  endfacet
  facet normal 1 0 0
    outer loop
      vertex -3.814697322468419e-7 42.16250991821289 -1.6499996185302734
      vertex -3.814697322468419e-7 47.295475006103516 -9
      vertex -3.814697322468419e-7 42.481285095214844 -1.5865907669067383
    endloop
  endfacet
  facet normal 1 0 0
    outer loop
      vertex -3.814697322468419e-7 42.16250991821289 1.6499996185302734
      vertex -3.814697322468419e-7 42.481285095214844 1.5865907669067383
      vertex -3.814697322468419e-7 47.295475006103516 6
    endloop
  endfacet
  facet normal 1 0 0
    outer loop
      vertex -3.814697322468419e-7 42.481285095214844 -1.5865907669067383
      vertex -3.814697322468419e-7 47.295475006103516 -9
      vertex -3.814697322468419e-7 42.78156661987305 -1.4622106552124023
    endloop
  endfacet
  facet normal 1 0 0
    outer loop
      vertex -3.814697322468419e-7 42.481285095214844 1.5865907669067383
      vertex -3.814697322468419e-7 42.78156661987305 1.4622106552124023
      vertex -3.814697322468419e-7 47.295475006103516 6
    endloop
  endfacet
  facet normal 1 0 0
    outer loop
      vertex -3.814697322468419e-7 42.78156661987305 -1.4622106552124023
      vertex -3.814697322468419e-7 47.295475006103516 -9
      vertex -3.814697322468419e-7 43.05181121826172 -1.2816381454467773
    endloop
  endfacet
  facet normal 1 0 0
    outer loop
      vertex -3.814697322468419e-7 42.78156661987305 1.4622106552124023
      vertex -3.814697322468419e-7 43.05181121826172 1.2816381454467773
      vertex -3.814697322468419e-7 47.295475006103516 6
    endloop
  endfacet
  facet normal 1 0 0
    outer loop
      vertex -3.814697322468419e-7 43.05181121826172 -1.2816381454467773
      vertex -3.814697322468419e-7 47.295475006103516 -9
      vertex -3.814697322468419e-7 43.281639099121094 -1.0518131256103516
    endloop
  endfacet
  facet normal 1 0 0
    outer loop
      vertex -3.814697322468419e-7 43.05181121826172 1.2816381454467773
      vertex -3.814697322468419e-7 43.281639099121094 1.0518131256103516
      vertex -3.814697322468419e-7 47.295475006103516 6
    endloop
  endfacet
  facet normal 1 0 0
    outer loop
      vertex -3.814697322468419e-7 43.281639099121094 -1.0518131256103516
      vertex -3.814697322468419e-7 47.295475006103516 -9
      vertex -3.814697322468419e-7 43.46221160888672 -0.7815675735473633
    endloop
  endfacet
  facet normal 1 0 0
    outer loop
      vertex -3.814697322468419e-7 43.281639099121094 1.0518131256103516
      vertex -3.814697322468419e-7 43.46221160888672 0.7815675735473633
      vertex -3.814697322468419e-7 47.295475006103516 6
    endloop
  endfacet
  facet normal 1 0 0
    outer loop
      vertex -3.814697322468419e-7 43.46221160888672 -0.7815675735473633
      vertex -3.814697322468419e-7 47.295475006103516 -9
      vertex -3.814697322468419e-7 43.58658981323242 -0.48128700256347656
    endloop
  endfacet
  facet normal 1 0 0
    outer loop
      vertex -3.814697322468419e-7 43.46221160888672 0.7815675735473633
      vertex -3.814697322468419e-7 43.58658981323242 0.48128700256347656
      vertex -3.814697322468419e-7 47.295475006103516 6
    endloop
  endfacet
  facet normal 1 0 0
    outer loop
      vertex -3.814697322468419e-7 43.58658981323242 -0.48128700256347656
      vertex -3.814697322468419e-7 47.295475006103516 -9
      vertex -3.814697322468419e-7 43.650001525878906 -0.16250991821289062
    endloop
  endfacet
  facet normal 1 0 0
    outer loop
      vertex -3.814697322468419e-7 43.58658981323242 0.48128700256347656
      vertex -3.814697322468419e-7 43.650001525878906 0.16250991821289062
      vertex -3.814697322468419e-7 47.295475006103516 6
    endloop
  endfacet
  facet normal 1 0 0
    outer loop
      vertex -3.814697322468419e-7 43.650001525878906 -0.16250991821289062
      vertex -3.814697322468419e-7 47.295475006103516 -9
      vertex -3.814697322468419e-7 47.295475006103516 6
    endloop
  endfacet
  facet normal 1 0 0
    outer loop
      vertex -3.814697322468419e-7 43.650001525878906 -0.16250991821289062
      vertex -3.814697322468419e-7 47.295475006103516 6
      vertex -3.814697322468419e-7 43.650001525878906 0.16250991821289062
    endloop
  endfacet
endsolid OpenSCAD_Model
