solid OpenSCAD_Model
  facet normal -1 0 0
    outer loop
      vertex 101.47499942779541 81.42136287689209 -246.89999904632566
      vertex 101.47499942779541 81.42136287689209 -228.9000009536743
      vertex 101.47499942779541 82.5786361694336 -228.9000009536743
    endloop
  endfacet
  facet normal -0.7071067811865475 0 -0.7071067811865475
    outer loop
      vertex 101.47499942779541 81.42136287689209 -246.89999904632566
      vertex 101.47499942779541 82.5786361694336 -246.89999904632566
      vertex 101.875 81.46075916290283 -247.29999961853025
    endloop
  endfacet
  facet normal -1 0 0
    outer loop
      vertex 101.47499942779541 81.42136287689209 -246.89999904632566
      vertex 101.47499942779541 82.5786361694336 -228.9000009536743
      vertex 101.47499942779541 82.5786361694336 -246.89999904632566
    endloop
  endfacet
  facet normal -0.9807853007471667 -0.19509021974022622 0
    outer loop
      vertex 101.47499942779541 81.42136287689209 -246.89999904632566
      vertex 101.70077228546143 80.28632545471191 -246.89999904632566
      vertex 101.47499942779541 81.42136287689209 -228.9000009536743
    endloop
  endfacet
  facet normal -0.693520038455497 -0.13794929801836578 -0.7071067440188404
    outer loop
      vertex 101.47499942779541 81.42136287689209 -246.89999904632566
      vertex 101.875 81.46075916290283 -247.29999961853025
      vertex 102.08540058135986 80.403000831604 -247.29999961853025
    endloop
  endfacet
  facet normal -0.6935204298089755 -0.13794971533800285 -0.7071062787698449
    outer loop
      vertex 101.47499942779541 81.42136287689209 -246.89999904632566
      vertex 102.08540058135986 80.403000831604 -247.29999961853025
      vertex 101.70077228546143 80.28632545471191 -246.89999904632566
    endloop
  endfacet
  facet normal -0.9807853007471667 -0.19509021974022622 0
    outer loop
      vertex 101.47499942779541 81.42136287689209 -228.9000009536743
      vertex 101.70077228546143 80.28632545471191 -246.89999904632566
      vertex 101.70077228546143 80.28632545471191 -228.9000009536743
    endloop
  endfacet
  facet normal -0.6935204298089755 -0.13794971533800285 0.7071062787698449
    outer loop
      vertex 101.47499942779541 81.42136287689209 -228.9000009536743
      vertex 101.70077228546143 80.28632545471191 -228.9000009536743
      vertex 102.08540058135986 80.403000831604 -228.5000003814697
    endloop
  endfacet
  facet normal -0.7071067811865475 0 0.7071067811865475
    outer loop
      vertex 101.47499942779541 81.42136287689209 -228.9000009536743
      vertex 101.875 81.46075916290283 -228.5000003814697
      vertex 101.47499942779541 82.5786361694336 -228.9000009536743
    endloop
  endfacet
  facet normal -0.693520038455497 -0.13794929801836578 0.7071067440188404
    outer loop
      vertex 101.47499942779541 81.42136287689209 -228.9000009536743
      vertex 102.08540058135986 80.403000831604 -228.5000003814697
      vertex 101.875 81.46075916290283 -228.5000003814697
    endloop
  endfacet
  facet normal -0.9980806506246991 0.06192749670847097 0
    outer loop
      vertex 101.47499942779541 82.5786361694336 -246.89999904632566
      vertex 101.47499942779541 82.5786361694336 -228.9000009536743
      vertex 102.5 99.09849071502686 -246.89999904632566
    endloop
  endfacet
  facet normal -0.7071067811865476 0 -0.7071067811865476
    outer loop
      vertex 101.47499942779541 82.5786361694336 -246.89999904632566
      vertex 101.875 82.53923988342285 -247.29999961853025
      vertex 101.875 81.46075916290283 -247.29999961853025
    endloop
  endfacet
  facet normal -0.7042769884008093 0.043697982576603275 -0.7085791486685317
    outer loop
      vertex 101.47499942779541 82.5786361694336 -246.89999904632566
      vertex 102.5 99.09849071502686 -246.89999904632566
      vertex 102.89999961853027 99.05909442901611 -247.29999961853025
    endloop
  endfacet
  facet normal -0.7042761537071657 0.043697890129570066 -0.7085799839945134
    outer loop
      vertex 101.47499942779541 82.5786361694336 -246.89999904632566
      vertex 102.89999961853027 99.05909442901611 -247.29999961853025
      vertex 101.875 82.53923988342285 -247.29999961853025
    endloop
  endfacet
  facet normal -0.7071067811865476 0 0.7071067811865476
    outer loop
      vertex 101.47499942779541 82.5786361694336 -228.9000009536743
      vertex 101.875 81.46075916290283 -228.5000003814697
      vertex 101.875 82.53923988342285 -228.5000003814697
    endloop
  endfacet
  facet normal -0.7042761537071657 0.043697890129570066 0.7085799839945134
    outer loop
      vertex 101.47499942779541 82.5786361694336 -228.9000009536743
      vertex 101.875 82.53923988342285 -228.5000003814697
      vertex 102.89999961853027 99.05909442901611 -228.5000003814697
    endloop
  endfacet
  facet normal -0.9980806506246991 0.06192749670847097 0
    outer loop
      vertex 101.47499942779541 82.5786361694336 -228.9000009536743
      vertex 102.5 99.09849071502686 -228.9000009536743
      vertex 102.5 99.09849071502686 -246.89999904632566
    endloop
  endfacet
  facet normal -0.7042769884008093 0.043697982576603275 0.7085791486685317
    outer loop
      vertex 101.47499942779541 82.5786361694336 -228.9000009536743
      vertex 102.89999961853027 99.05909442901611 -228.5000003814697
      vertex 102.5 99.09849071502686 -228.9000009536743
    endloop
  endfacet
  facet normal -0.6532819848307722 -0.2705982924417026 -0.7071062242854333
    outer loop
      vertex 101.70077228546143 80.28632545471191 -246.89999904632566
      vertex 102.08540058135986 80.403000831604 -247.29999961853025
      vertex 102.49811744689941 79.40661430358887 -247.29999961853025
    endloop
  endfacet
  facet normal -0.9238794436004629 -0.382683647014736 0
    outer loop
      vertex 101.70077228546143 80.28632545471191 -246.89999904632566
      vertex 102.14364242553711 79.21714305877686 -246.89999904632566
      vertex 102.14364242553711 79.21714305877686 -228.9000009536743
    endloop
  endfacet
  facet normal -0.9238794436004629 -0.382683647014736 0
    outer loop
      vertex 101.70077228546143 80.28632545471191 -246.89999904632566
      vertex 102.14364242553711 79.21714305877686 -228.9000009536743
      vertex 101.70077228546143 80.28632545471191 -228.9000009536743
    endloop
  endfacet
  facet normal -0.6532821052923442 -0.2705984858895217 -0.7071060389638183
    outer loop
      vertex 101.70077228546143 80.28632545471191 -246.89999904632566
      vertex 102.49811744689941 79.40661430358887 -247.29999961853025
      vertex 102.14364242553711 79.21714305877686 -246.89999904632566
    endloop
  endfacet
  facet normal -0.6532821052923442 -0.2705984858895217 0.7071060389638183
    outer loop
      vertex 101.70077228546143 80.28632545471191 -228.9000009536743
      vertex 102.14364242553711 79.21714305877686 -228.9000009536743
      vertex 102.49811744689941 79.40661430358887 -228.5000003814697
    endloop
  endfacet
  facet normal -0.6532819848307722 -0.2705982924417026 0.7071062242854333
    outer loop
      vertex 101.70077228546143 80.28632545471191 -228.9000009536743
      vertex 102.49811744689941 79.40661430358887 -228.5000003814697
      vertex 102.08540058135986 80.403000831604 -228.5000003814697
    endloop
  endfacet
  facet normal 0 0 -1
    outer loop
      vertex 101.875 81.46075916290283 -247.29999961853025
      vertex 101.875 82.53923988342285 -247.29999961853025
      vertex 104.7566146850586 77.14811706542969 -247.29999961853025
    endloop
  endfacet
  facet normal 0 0 -1
    outer loop
      vertex 101.875 81.46075916290283 -247.29999961853025
      vertex 104.7566146850586 77.14811706542969 -247.29999961853025
      vertex 102.08540058135986 80.403000831604 -247.29999961853025
    endloop
  endfacet
  facet normal 0 0 1
    outer loop
      vertex 101.875 81.46075916290283 -228.5000003814697
      vertex 102.08540058135986 80.403000831604 -228.5000003814697
      vertex 108.94699764251709 76.73540115356445 -228.5000003814697
    endloop
  endfacet
  facet normal 0 0 1
    outer loop
      vertex 101.875 81.46075916290283 -228.5000003814697
      vertex 108.94699764251709 76.73540115356445 -228.5000003814697
      vertex 101.875 82.53923988342285 -228.5000003814697
    endloop
  endfacet
  facet normal 0 0 -1
    outer loop
      vertex 101.875 82.53923988342285 -247.29999961853025
      vertex 102.89999961853027 99.05909442901611 -247.29999961853025
      vertex 104.35 81.94680976196173 -247.29999961853025
    endloop
  endfacet
  facet normal 0 0 -1
    outer loop
      vertex 101.875 82.53923988342285 -247.29999961853025
      vertex 104.35 81.7045259475708 -247.29999961853025
      vertex 104.36849551555437 81.61154302449964 -247.29999961853025
    endloop
  endfacet
  facet normal 0 0 -1
    outer loop
      vertex 101.875 82.53923988342285 -247.29999961853025
      vertex 104.35 81.94680976196173 -247.29999961853025
      vertex 104.35 81.7045259475708 -247.29999961853025
    endloop
  endfacet
  facet normal 0 0 -1
    outer loop
      vertex 101.875 82.53923988342285 -247.29999961853025
      vertex 104.36849551555437 81.61154302449964 -247.29999961853025
      vertex 104.3857654081925 81.52472170319638 -247.29999961853025
    endloop
  endfacet
  facet normal 0 0 -1
    outer loop
      vertex 101.875 82.53923988342285 -247.29999961853025
      vertex 104.3857654081925 81.52472170319638 -247.29999961853025
      vertex 104.7566146850586 77.14811706542969 -247.29999961853025
    endloop
  endfacet
  facet normal 0 0 1
    outer loop
      vertex 101.875 82.53923988342285 -228.5000003814697
      vertex 104.69999980926514 81.73899745941162 -228.5000003814697
      vertex 104.69999980926514 82.26099959561495 -228.5000003814697
    endloop
  endfacet
  facet normal 0 0 1
    outer loop
      vertex 101.875 82.53923988342285 -228.5000003814697
      vertex 104.69999980926514 82.26099959561495 -228.5000003814697
      vertex 104.69999980926514 82.26100158691406 -228.5000003814697
    endloop
  endfacet
  facet normal 0 0 1
    outer loop
      vertex 101.875 82.53923988342285 -228.5000003814697
      vertex 104.69999980926514 82.26100158691406 -228.5000003814697
      vertex 104.70000019774892 82.26100353995233 -228.5000003814697
    endloop
  endfacet
  facet normal 0 0 1
    outer loop
      vertex 101.875 82.53923988342285 -228.5000003814697
      vertex 104.70000019774892 82.26100353995233 -228.5000003814697
      vertex 104.80183792114258 82.77297592163086 -228.5000003814697
    endloop
  endfacet
  facet normal 0 0 1
    outer loop
      vertex 101.875 82.53923988342285 -228.5000003814697
      vertex 104.8018375326588 81.22702507773309 -228.5000003814697
      vertex 104.69999980926514 81.73899745941162 -228.5000003814697
    endloop
  endfacet
  facet normal 0 0 1
    outer loop
      vertex 101.875 82.53923988342285 -228.5000003814697
      vertex 104.80183792114258 81.22702312469482 -228.5000003814697
      vertex 104.8018375326588 81.22702507773309 -228.5000003814697
    endloop
  endfacet
  facet normal 0 0 1
    outer loop
      vertex 101.875 82.53923988342285 -228.5000003814697
      vertex 104.80183792114258 82.77297592163086 -228.5000003814697
      vertex 105.00159950346571 83.25524336901839 -228.5000003814697
    endloop
  endfacet
  facet normal 0 0 1
    outer loop
      vertex 101.875 82.53923988342285 -228.5000003814697
      vertex 104.8018386831798 81.22702128497298 -228.5000003814697
      vertex 104.80183792114258 81.22702312469482 -228.5000003814697
    endloop
  endfacet
  facet normal 0 0 1
    outer loop
      vertex 101.875 82.53923988342285 -228.5000003814697
      vertex 105.00159950346571 83.25524336901839 -228.5000003814697
      vertex 105.00160026550293 83.25524520874023 -228.5000003814697
    endloop
  endfacet
  facet normal 0 0 1
    outer loop
      vertex 101.875 82.53923988342285 -228.5000003814697
      vertex 105.00160026550293 80.74475383758545 -228.5000003814697
      vertex 104.8018386831798 81.22702128497298 -228.5000003814697
    endloop
  endfacet
  facet normal 0 0 1
    outer loop
      vertex 101.875 82.53923988342285 -228.5000003814697
      vertex 105.00160026550293 83.25524520874023 -228.5000003814697
      vertex 105.29160865779434 83.6892740858726 -228.5000003814697
    endloop
  endfacet
  facet normal 0 0 1
    outer loop
      vertex 101.875 82.53923988342285 -228.5000003814697
      vertex 105.29160865779434 80.31072496045309 -228.5000003814697
      vertex 105.00160026550293 80.74475383758545 -228.5000003814697
    endloop
  endfacet
  facet normal 0 0 1
    outer loop
      vertex 101.875 82.53923988342285 -228.5000003814697
      vertex 105.29160865779434 83.6892740858726 -228.5000003814697
      vertex 105.29160976409912 83.68927574157715 -228.5000003814697
    endloop
  endfacet
  facet normal 0 0 1
    outer loop
      vertex 101.875 82.53923988342285 -228.5000003814697
      vertex 105.29160976409912 80.31072330474854 -228.5000003814697
      vertex 105.29160865779434 80.31072496045309 -228.5000003814697
    endloop
  endfacet
  facet normal 0 0 1
    outer loop
      vertex 101.875 82.53923988342285 -228.5000003814697
      vertex 105.29160976409912 83.68927574157715 -228.5000003814697
      vertex 105.2916111721614 83.68927714963942 -228.5000003814697
    endloop
  endfacet
  facet normal 0 0 1
    outer loop
      vertex 101.875 82.53923988342285 -228.5000003814697
      vertex 105.2916111721614 83.68927714963942 -228.5000003814697
      vertex 105.66072273254395 84.05838871002197 -228.5000003814697
    endloop
  endfacet
  facet normal 0 0 1
    outer loop
      vertex 101.875 82.53923988342285 -228.5000003814697
      vertex 105.66072132448167 79.94161174436599 -228.5000003814697
      vertex 105.29160976409912 80.31072330474854 -228.5000003814697
    endloop
  endfacet
  facet normal 0 0 1
    outer loop
      vertex 101.875 82.53923988342285 -228.5000003814697
      vertex 105.66072273254395 79.94161033630371 -228.5000003814697
      vertex 105.66072132448167 79.94161174436599 -228.5000003814697
    endloop
  endfacet
  facet normal 0 0 1
    outer loop
      vertex 101.875 82.53923988342285 -228.5000003814697
      vertex 105.66072273254395 84.05838871002197 -228.5000003814697
      vertex 102.89999961853027 99.05909442901611 -228.5000003814697
    endloop
  endfacet
  facet normal 0 0 1
    outer loop
      vertex 101.875 82.53923988342285 -228.5000003814697
      vertex 108.94699764251709 76.73540115356445 -228.5000003814697
      vertex 105.66072273254395 79.94161033630371 -228.5000003814697
    endloop
  endfacet
  facet normal 0 0 -1
    outer loop
      vertex 102.08540058135986 80.403000831604 -247.29999961853025
      vertex 104.7566146850586 77.14811706542969 -247.29999961853025
      vertex 102.49811744689941 79.40661430358887 -247.29999961853025
    endloop
  endfacet
  facet normal 0 0 1
    outer loop
      vertex 102.08540058135986 80.403000831604 -228.5000003814697
      vertex 102.49811744689941 79.40661430358887 -228.5000003814697
      vertex 108.94699764251709 76.73540115356445 -228.5000003814697
    endloop
  endfacet
  facet normal -0.5879384277771796 -0.3928477732063436 -0.7071060968692856
    outer loop
      vertex 102.14364242553711 79.21714305877686 -246.89999904632566
      vertex 102.49811744689941 79.40661430358887 -247.29999961853025
      vertex 102.78658866882324 78.2549057006836 -246.89999904632566
    endloop
  endfacet
  facet normal -0.8314696937315289 -0.5555701111524964 0
    outer loop
      vertex 102.14364242553711 79.21714305877686 -246.89999904632566
      vertex 102.78658866882324 78.2549057006836 -246.89999904632566
      vertex 102.14364242553711 79.21714305877686 -228.9000009536743
    endloop
  endfacet
  facet normal -0.8314696937315289 -0.5555701111524964 0
    outer loop
      vertex 102.14364242553711 79.21714305877686 -228.9000009536743
      vertex 102.78658866882324 78.2549057006836 -246.89999904632566
      vertex 102.78658866882324 78.2549057006836 -228.9000009536743
    endloop
  endfacet
  facet normal -0.5879384277771796 -0.3928477732063436 0.7071060968692856
    outer loop
      vertex 102.14364242553711 79.21714305877686 -228.9000009536743
      vertex 102.78658866882324 78.2549057006836 -228.9000009536743
      vertex 102.49811744689941 79.40661430358887 -228.5000003814697
    endloop
  endfacet
  facet normal -0.5879382624624298 -0.39284777851466846 -0.7071062313745713
    outer loop
      vertex 102.49811744689941 79.40661430358887 -247.29999961853025
      vertex 103.09728908538818 78.50989055633545 -247.29999961853025
      vertex 102.78658866882324 78.2549057006836 -246.89999904632566
    endloop
  endfacet
  facet normal 0 0 -1
    outer loop
      vertex 102.49811744689941 79.40661430358887 -247.29999961853025
      vertex 104.7566146850586 77.14811706542969 -247.29999961853025
      vertex 103.09728908538818 78.50989055633545 -247.29999961853025
    endloop
  endfacet
  facet normal -0.5879382624624298 -0.39284777851466846 0.7071062313745713
    outer loop
      vertex 102.49811744689941 79.40661430358887 -228.5000003814697
      vertex 102.78658866882324 78.2549057006836 -228.9000009536743
      vertex 103.09728908538818 78.50989055633545 -228.5000003814697
    endloop
  endfacet
  facet normal 0 0 1
    outer loop
      vertex 102.49811744689941 79.40661430358887 -228.5000003814697
      vertex 103.09728908538818 78.50989055633545 -228.5000003814697
      vertex 108.94699764251709 76.73540115356445 -228.5000003814697
    endloop
  endfacet
  facet normal -0.9807855250739898 0.1950890919691262 0
    outer loop
      vertex 102.5 99.09849071502686 -246.89999904632566
      vertex 102.5 99.09849071502686 -228.9000009536743
      vertex 102.5384292602539 99.29168891906738 -246.89999904632566
    endloop
  endfacet
  facet normal -0.6935209197874995 0.13794898379309753 -0.7071059409222584
    outer loop
      vertex 102.5 99.09849071502686 -246.89999904632566
      vertex 102.5384292602539 99.29168891906738 -246.89999904632566
      vertex 102.89999961853027 99.05909442901611 -247.29999961853025
    endloop
  endfacet
  facet normal -0.9807855250739898 0.1950890919691262 0
    outer loop
      vertex 102.5 99.09849071502686 -228.9000009536743
      vertex 102.5384292602539 99.29168891906738 -228.9000009536743
      vertex 102.5384292602539 99.29168891906738 -246.89999904632566
    endloop
  endfacet
  facet normal -0.6935209197874995 0.13794898379309753 0.7071059409222584
    outer loop
      vertex 102.5 99.09849071502686 -228.9000009536743
      vertex 102.89999961853027 99.05909442901611 -228.5000003814697
      vertex 102.5384292602539 99.29168891906738 -228.9000009536743
    endloop
  endfacet
  facet normal -0.923878754850322 0.3826853097993421 0
    outer loop
      vertex 102.5384292602539 99.29168891906738 -246.89999904632566
      vertex 102.5384292602539 99.29168891906738 -228.9000009536743
      vertex 102.61381149291992 99.47367668151855 -228.9000009536743
    endloop
  endfacet
  facet normal -0.6532818583950988 0.2705997611198681 -0.7071057790555217
    outer loop
      vertex 102.5384292602539 99.29168891906738 -246.89999904632566
      vertex 102.61381149291992 99.47367668151855 -246.89999904632566
      vertex 102.96828651428223 99.28420639038086 -247.29999961853025
    endloop
  endfacet
  facet normal -0.923878754850322 0.3826853097993421 0
    outer loop
      vertex 102.5384292602539 99.29168891906738 -246.89999904632566
      vertex 102.61381149291992 99.47367668151855 -228.9000009536743
      vertex 102.61381149291992 99.47367668151855 -246.89999904632566
    endloop
  endfacet
  facet normal -0.693520137083527 0.1379508833764337 -0.7071063379968444
    outer loop
      vertex 102.5384292602539 99.29168891906738 -246.89999904632566
      vertex 102.92305755615234 99.1750135421753 -247.29999961853025
      vertex 102.89999961853027 99.05909442901611 -247.29999961853025
    endloop
  endfacet
  facet normal -0.6532823692122183 0.2705972177634232 -0.7071062804240713
    outer loop
      vertex 102.5384292602539 99.29168891906738 -246.89999904632566
      vertex 102.96828651428223 99.28420639038086 -247.29999961853025
      vertex 102.92305755615234 99.1750135421753 -247.29999961853025
    endloop
  endfacet
  facet normal -0.693520137083527 0.1379508833764337 0.7071063379968444
    outer loop
      vertex 102.5384292602539 99.29168891906738 -228.9000009536743
      vertex 102.89999961853027 99.05909442901611 -228.5000003814697
      vertex 102.92305755615234 99.1750135421753 -228.5000003814697
    endloop
  endfacet
  facet normal -0.6532823692122183 0.2705972177634232 0.7071062804240713
    outer loop
      vertex 102.5384292602539 99.29168891906738 -228.9000009536743
      vertex 102.92305755615234 99.1750135421753 -228.5000003814697
      vertex 102.96828651428223 99.28420639038086 -228.5000003814697
    endloop
  endfacet
  facet normal -0.6532818583950988 0.2705997611198681 0.7071057790555217
    outer loop
      vertex 102.5384292602539 99.29168891906738 -228.9000009536743
      vertex 102.96828651428223 99.28420639038086 -228.5000003814697
      vertex 102.61381149291992 99.47367668151855 -228.9000009536743
    endloop
  endfacet
  facet normal -0.8314725993515246 0.5555657625588702 0
    outer loop
      vertex 102.61381149291992 99.47367668151855 -246.89999904632566
      vertex 102.61381149291992 99.47367668151855 -228.9000009536743
      vertex 102.72324848175049 99.6374626159668 -246.89999904632566
    endloop
  endfacet
  facet normal -0.5879407203259032 0.3928448572833574 -0.7071058106738176
    outer loop
      vertex 102.61381149291992 99.47367668151855 -246.89999904632566
      vertex 102.72324848175049 99.6374626159668 -246.89999904632566
      vertex 102.96828651428223 99.28420639038086 -247.29999961853025
    endloop
  endfacet
  facet normal -0.8314725993515246 0.5555657625588702 0
    outer loop
      vertex 102.61381149291992 99.47367668151855 -228.9000009536743
      vertex 102.72324848175049 99.6374626159668 -228.9000009536743
      vertex 102.72324848175049 99.6374626159668 -246.89999904632566
    endloop
  endfacet
  facet normal -0.5879407203259032 0.3928448572833574 0.7071058106738176
    outer loop
      vertex 102.61381149291992 99.47367668151855 -228.9000009536743
      vertex 102.96828651428223 99.28420639038086 -228.5000003814697
      vertex 102.72324848175049 99.6374626159668 -228.9000009536743
    endloop
  endfacet
  facet normal -0.7071067811865476 0.7071067811865476 0
    outer loop
      vertex 102.72324848175049 99.6374626159668 -246.89999904632566
      vertex 102.72324848175049 99.6374626159668 -228.9000009536743
      vertex 102.86253643035889 99.7767505645752 -228.9000009536743
    endloop
  endfacet
  facet normal -0.5000000036582188 0.5000000036582188 -0.7071067760130447
    outer loop
      vertex 102.72324848175049 99.6374626159668 -246.89999904632566
      vertex 102.86253643035889 99.7767505645752 -246.89999904632566
      vertex 103.11752223968506 99.46605014801025 -247.29999961853025
    endloop
  endfacet
  facet normal -0.7071067811865476 0.7071067811865476 0
    outer loop
      vertex 102.72324848175049 99.6374626159668 -246.89999904632566
      vertex 102.86253643035889 99.7767505645752 -228.9000009536743
      vertex 102.86253643035889 99.7767505645752 -246.89999904632566
    endloop
  endfacet
  facet normal -0.5879373014557835 0.39284828888468615 -0.7071067468757921
    outer loop
      vertex 102.72324848175049 99.6374626159668 -246.89999904632566
      vertex 103.03394889831543 99.38247680664062 -247.29999961853025
      vertex 102.96828651428223 99.28420639038086 -247.29999961853025
    endloop
  endfacet
  facet normal -0.5000000036582188 0.5000000036582188 -0.7071067760130447
    outer loop
      vertex 102.72324848175049 99.6374626159668 -246.89999904632566
      vertex 103.11752223968506 99.46605014801025 -247.29999961853025
      vertex 103.03394889831543 99.38247680664062 -247.29999961853025
    endloop
  endfacet
  facet normal -0.5879373014557835 0.39284828888468615 0.7071067468757921
    outer loop
      vertex 102.72324848175049 99.6374626159668 -228.9000009536743
      vertex 102.96828651428223 99.28420639038086 -228.5000003814697
      vertex 103.03394889831543 99.38247680664062 -228.5000003814697
    endloop
  endfacet
  facet normal -0.5000000036582188 0.5000000036582188 0.7071067760130447
    outer loop
      vertex 102.72324848175049 99.6374626159668 -228.9000009536743
      vertex 103.03394889831543 99.38247680664062 -228.5000003814697
      vertex 103.11752223968506 99.46605014801025 -228.5000003814697
    endloop
  endfacet
  facet normal -0.5000000036582188 0.5000000036582188 0.7071067760130447
    outer loop
      vertex 102.72324848175049 99.6374626159668 -228.9000009536743
      vertex 103.11752223968506 99.46605014801025 -228.5000003814697
      vertex 102.86253643035889 99.7767505645752 -228.9000009536743
    endloop
  endfacet
  facet normal -0.5000004251262817 -0.5000004251262817 -0.707106179966683
    outer loop
      vertex 102.78658866882324 78.2549057006836 -246.89999904632566
      vertex 103.09728908538818 78.50989055633545 -247.29999961853025
      vertex 103.604905128479 77.43658924102783 -246.89999904632566
    endloop
  endfacet
  facet normal -0.7071067811865476 -0.7071067811865476 0
    outer loop
      vertex 102.78658866882324 78.2549057006836 -246.89999904632566
      vertex 103.604905128479 77.43658924102783 -246.89999904632566
      vertex 103.604905128479 77.43658924102783 -228.9000009536743
    endloop
  endfacet
  facet normal -0.7071067811865476 -0.7071067811865476 0
    outer loop
      vertex 102.78658866882324 78.2549057006836 -246.89999904632566
      vertex 103.604905128479 77.43658924102783 -228.9000009536743
      vertex 102.78658866882324 78.2549057006836 -228.9000009536743
    endloop
  endfacet
  facet normal -0.5000004251262817 -0.5000004251262817 0.707106179966683
    outer loop
      vertex 102.78658866882324 78.2549057006836 -228.9000009536743
      vertex 103.604905128479 77.43658924102783 -228.9000009536743
      vertex 103.09728908538818 78.50989055633545 -228.5000003814697
    endloop
  endfacet
  facet normal -0.5555657625588702 0.8314725993515246 0
    outer loop
      vertex 102.86253643035889 99.7767505645752 -246.89999904632566
      vertex 102.86253643035889 99.7767505645752 -228.9000009536743
      vertex 103.02632236480713 99.88618755340576 -228.9000009536743
    endloop
  endfacet
  facet normal -0.3928448572833574 0.5879407203259032 -0.7071058106738176
    outer loop
      vertex 102.86253643035889 99.7767505645752 -246.89999904632566
      vertex 103.02632236480713 99.88618755340576 -246.89999904632566
      vertex 103.21579265594482 99.53171253204346 -247.29999961853025
    endloop
  endfacet
  facet normal -0.5555657625588702 0.8314725993515246 0
    outer loop
      vertex 102.86253643035889 99.7767505645752 -246.89999904632566
      vertex 103.02632236480713 99.88618755340576 -228.9000009536743
      vertex 103.02632236480713 99.88618755340576 -246.89999904632566
    endloop
  endfacet
  facet normal -0.39284828888468615 0.5879373014557835 -0.7071067468757921
    outer loop
      vertex 102.86253643035889 99.7767505645752 -246.89999904632566
      vertex 103.21579265594482 99.53171253204346 -247.29999961853025
      vertex 103.11752223968506 99.46605014801025 -247.29999961853025
    endloop
  endfacet
  facet normal -0.39284828888468615 0.5879373014557835 0.7071067468757921
    outer loop
      vertex 102.86253643035889 99.7767505645752 -228.9000009536743
      vertex 103.11752223968506 99.46605014801025 -228.5000003814697
      vertex 103.21579265594482 99.53171253204346 -228.5000003814697
    endloop
  endfacet
  facet normal -0.3928448572833574 0.5879407203259032 0.7071058106738176
    outer loop
      vertex 102.86253643035889 99.7767505645752 -228.9000009536743
      vertex 103.21579265594482 99.53171253204346 -228.5000003814697
      vertex 103.02632236480713 99.88618755340576 -228.9000009536743
    endloop
  endfacet
  facet normal 0 0 -1
    outer loop
      vertex 102.89999961853027 99.05909442901611 -247.29999961853025
      vertex 102.92305755615234 99.1750135421753 -247.29999961853025
      vertex 104.35 82.0328623687042 -247.29999961853025
    endloop
  endfacet
  facet normal 0 0 -1
    outer loop
      vertex 102.89999961853027 99.05909442901611 -247.29999961853025
      vertex 104.35 82.0328623687042 -247.29999961853025
      vertex 104.35 81.94680976196173 -247.29999961853025
    endloop
  endfacet
  facet normal 0 0 1
    outer loop
      vertex 102.89999961853027 99.05909442901611 -228.5000003814697
      vertex 105.66072273254395 84.05838871002197 -228.5000003814697
      vertex 106.09475256334699 84.34839805598406 -228.5000003814697
    endloop
  endfacet
  facet normal 0 0 1
    outer loop
      vertex 102.89999961853027 99.05909442901611 -228.5000003814697
      vertex 106.09475256334699 84.34839805598406 -228.5000003814697
      vertex 106.09475421905518 84.34839916229248 -228.5000003814697
    endloop
  endfacet
  facet normal 0 0 1
    outer loop
      vertex 102.89999961853027 99.05909442901611 -228.5000003814697
      vertex 106.09475421905518 84.34839916229248 -228.5000003814697
      vertex 106.09475605877702 84.3483999243297 -228.5000003814697
    endloop
  endfacet
  facet normal 0 0 1
    outer loop
      vertex 102.89999961853027 99.05909442901611 -228.5000003814697
      vertex 106.09475605877702 84.3483999243297 -228.5000003814697
      vertex 106.57702350616455 84.54816150665283 -228.5000003814697
    endloop
  endfacet
  facet normal 0 0 1
    outer loop
      vertex 102.89999961853027 99.05909442901611 -228.5000003814697
      vertex 106.57702350616455 84.54816150665283 -228.5000003814697
      vertex 106.8177233403716 84.59603980961253 -228.5000003814697
    endloop
  endfacet
  facet normal 0 0 1
    outer loop
      vertex 102.89999961853027 99.05909442901611 -228.5000003814697
      vertex 106.8177233403716 84.59603980961253 -228.5000003814697
      vertex 106.83583301074856 84.59964205673359 -228.5000003814697
    endloop
  endfacet
  facet normal 0 0 1
    outer loop
      vertex 102.89999961853027 99.05909442901611 -228.5000003814697
      vertex 106.83583301074856 84.59964205673359 -228.5000003814697
      vertex 102.92305755615234 99.1750135421753 -228.5000003814697
    endloop
  endfacet
  facet normal 0 0 -1
    outer loop
      vertex 102.92305755615234 99.1750135421753 -247.29999961853025
      vertex 102.96828651428223 99.28420639038086 -247.29999961853025
      vertex 104.35 82.18123075025551 -247.29999961853025
    endloop
  endfacet
  facet normal 0 0 -1
    outer loop
      vertex 102.92305755615234 99.1750135421753 -247.29999961853025
      vertex 104.35 82.18123075025551 -247.29999961853025
      vertex 104.35 82.0328623687042 -247.29999961853025
    endloop
  endfacet
  facet normal 0 0 1
    outer loop
      vertex 102.92305755615234 99.1750135421753 -228.5000003814697
      vertex 106.83583301074856 84.59964205673359 -228.5000003814697
      vertex 106.86052819634307 84.6045542478094 -228.5000003814697
    endloop
  endfacet
  facet normal 0 0 1
    outer loop
      vertex 102.92305755615234 99.1750135421753 -228.5000003814697
      vertex 106.86052819634307 84.6045542478094 -228.5000003814697
      vertex 102.96828651428223 99.28420639038086 -228.5000003814697
    endloop
  endfacet
  facet normal 0 0 -1
    outer loop
      vertex 102.96828651428223 99.28420639038086 -247.29999961853025
      vertex 103.03394889831543 99.38247680664062 -247.29999961853025
      vertex 104.35562041687541 82.32372970112519 -247.29999961853025
    endloop
  endfacet
  facet normal 0 0 -1
    outer loop
      vertex 102.96828651428223 99.28420639038086 -247.29999961853025
      vertex 104.35 82.20066956074393 -247.29999961853025
      vertex 104.35 82.18123075025551 -247.29999961853025
    endloop
  endfacet
  facet normal 0 0 -1
    outer loop
      vertex 102.96828651428223 99.28420639038086 -247.29999961853025
      vertex 104.35 82.2954740524292 -247.29999961853025
      vertex 104.35 82.20066956074393 -247.29999961853025
    endloop
  endfacet
  facet normal 0 0 -1
    outer loop
      vertex 102.96828651428223 99.28420639038086 -247.29999961853025
      vertex 104.35562041687541 82.32372970112519 -247.29999961853025
      vertex 104.35 82.2954740524292 -247.29999961853025
    endloop
  endfacet
  facet normal 0 0 1
    outer loop
      vertex 102.96828651428223 99.28420639038086 -228.5000003814697
      vertex 106.86052819634307 84.6045542478094 -228.5000003814697
      vertex 106.89082403552695 84.61058048115368 -228.5000003814697
    endloop
  endfacet
  facet normal 0 0 1
    outer loop
      vertex 102.96828651428223 99.28420639038086 -228.5000003814697
      vertex 106.89082403552695 84.61058048115368 -228.5000003814697
      vertex 103.03394889831543 99.38247680664062 -228.5000003814697
    endloop
  endfacet
  facet normal -0.3826853097993421 0.923878754850322 0
    outer loop
      vertex 103.02632236480713 99.88618755340576 -246.89999904632566
      vertex 103.02632236480713 99.88618755340576 -228.9000009536743
      vertex 103.2083101272583 99.96156978607178 -246.89999904632566
    endloop
  endfacet
  facet normal -0.2705997611198681 0.6532818583950988 -0.7071057790555217
    outer loop
      vertex 103.02632236480713 99.88618755340576 -246.89999904632566
      vertex 103.2083101272583 99.96156978607178 -246.89999904632566
      vertex 103.21579265594482 99.53171253204346 -247.29999961853025
    endloop
  endfacet
  facet normal -0.3826853097993421 0.923878754850322 0
    outer loop
      vertex 103.02632236480713 99.88618755340576 -228.9000009536743
      vertex 103.2083101272583 99.96156978607178 -228.9000009536743
      vertex 103.2083101272583 99.96156978607178 -246.89999904632566
    endloop
  endfacet
  facet normal -0.2705997611198681 0.6532818583950988 0.7071057790555217
    outer loop
      vertex 103.02632236480713 99.88618755340576 -228.9000009536743
      vertex 103.21579265594482 99.53171253204346 -228.5000003814697
      vertex 103.2083101272583 99.96156978607178 -228.9000009536743
    endloop
  endfacet
  facet normal 0 0 -1
    outer loop
      vertex 103.03394889831543 99.38247680664062 -247.29999961853025
      vertex 103.11752223968506 99.46605014801025 -247.29999961853025
      vertex 104.37087183823914 82.40040351620314 -247.29999961853025
    endloop
  endfacet
  facet normal 0 0 -1
    outer loop
      vertex 103.03394889831543 99.38247680664062 -247.29999961853025
      vertex 104.36849551555437 82.38845697550036 -247.29999961853025
      vertex 104.35562041687541 82.32372970112519 -247.29999961853025
    endloop
  endfacet
  facet normal 0 0 -1
    outer loop
      vertex 103.03394889831543 99.38247680664062 -247.29999961853025
      vertex 104.37087183823914 82.40040351620314 -247.29999961853025
      vertex 104.36849551555437 82.38845697550036 -247.29999961853025
    endloop
  endfacet
  facet normal 0 0 1
    outer loop
      vertex 103.03394889831543 99.38247680664062 -228.5000003814697
      vertex 106.89082403552695 84.61058048115368 -228.5000003814697
      vertex 106.92556615196952 84.6174911364185 -228.5000003814697
    endloop
  endfacet
  facet normal 0 0 1
    outer loop
      vertex 103.03394889831543 99.38247680664062 -228.5000003814697
      vertex 106.92556615196952 84.6174911364185 -228.5000003814697
      vertex 103.11752223968506 99.46605014801025 -228.5000003814697
    endloop
  endfacet
  facet normal -0.49999967562370773 -0.500000300900769 -0.7071067977861107
    outer loop
      vertex 103.09728908538818 78.50989055633545 -247.29999961853025
      vertex 103.85989093780518 77.74728965759277 -247.29999961853025
      vertex 103.604905128479 77.43658924102783 -246.89999904632566
    endloop
  endfacet
  facet normal 0 0 -1
    outer loop
      vertex 103.09728908538818 78.50989055633545 -247.29999961853025
      vertex 104.7566146850586 77.14811706542969 -247.29999961853025
      vertex 103.85989093780518 77.74728965759277 -247.29999961853025
    endloop
  endfacet
  facet normal -0.49999967562370773 -0.500000300900769 0.7071067977861107
    outer loop
      vertex 103.09728908538818 78.50989055633545 -228.5000003814697
      vertex 103.604905128479 77.43658924102783 -228.9000009536743
      vertex 103.85989093780518 77.74728965759277 -228.5000003814697
    endloop
  endfacet
  facet normal 0 0 1
    outer loop
      vertex 103.09728908538818 78.50989055633545 -228.5000003814697
      vertex 103.85989093780518 77.74728965759277 -228.5000003814697
      vertex 108.94699764251709 76.73540115356445 -228.5000003814697
    endloop
  endfacet
  facet normal 0 0 -1
    outer loop
      vertex 103.11752223968506 99.46605014801025 -247.29999961853025
      vertex 103.21579265594482 99.53171253204346 -247.29999961853025
      vertex 104.38884318499746 82.49075127364728 -247.29999961853025
    endloop
  endfacet
  facet normal 0 0 -1
    outer loop
      vertex 103.11752223968506 99.46605014801025 -247.29999961853025
      vertex 104.38884318499746 82.49075127364728 -247.29999961853025
      vertex 104.37087183823914 82.40040351620314 -247.29999961853025
    endloop
  endfacet
  facet normal 0 0 1
    outer loop
      vertex 103.11752223968506 99.46605014801025 -228.5000003814697
      vertex 106.92556615196952 84.6174911364185 -228.5000003814697
      vertex 106.96347123505922 84.62503094656361 -228.5000003814697
    endloop
  endfacet
  facet normal 0 0 1
    outer loop
      vertex 103.11752223968506 99.46605014801025 -228.5000003814697
      vertex 106.96347123505922 84.62503094656361 -228.5000003814697
      vertex 103.21579265594482 99.53171253204346 -228.5000003814697
    endloop
  endfacet
  facet normal -0.19509374910093288 0.9807845987074544 0
    outer loop
      vertex 103.2083101272583 99.96156978607178 -246.89999904632566
      vertex 103.2083101272583 99.96156978607178 -228.9000009536743
      vertex 103.40150833129883 100 -228.9000009536743
    endloop
  endfacet
  facet normal -0.2705972177634232 0.6532823692122183 -0.7071062804240713
    outer loop
      vertex 103.2083101272583 99.96156978607178 -246.89999904632566
      vertex 103.32498550415039 99.57694149017334 -247.29999961853025
      vertex 103.21579265594482 99.53171253204346 -247.29999961853025
    endloop
  endfacet
  facet normal -0.13795218652868188 0.6935198104955694 -0.7071064040737752
    outer loop
      vertex 103.2083101272583 99.96156978607178 -246.89999904632566
      vertex 103.40150833129883 100 -246.89999904632566
      vertex 103.32498550415039 99.57694149017334 -247.29999961853025
    endloop
  endfacet
  facet normal -0.19509374910093288 0.9807845987074544 0
    outer loop
      vertex 103.2083101272583 99.96156978607178 -246.89999904632566
      vertex 103.40150833129883 100 -228.9000009536743
      vertex 103.40150833129883 100 -246.89999904632566
    endloop
  endfacet
  facet normal -0.2705972177634232 0.6532823692122183 0.7071062804240713
    outer loop
      vertex 103.2083101272583 99.96156978607178 -228.9000009536743
      vertex 103.21579265594482 99.53171253204346 -228.5000003814697
      vertex 103.32498550415039 99.57694149017334 -228.5000003814697
    endloop
  endfacet
  facet normal -0.13795218652868188 0.6935198104955694 0.7071064040737752
    outer loop
      vertex 103.2083101272583 99.96156978607178 -228.9000009536743
      vertex 103.32498550415039 99.57694149017334 -228.5000003814697
      vertex 103.40150833129883 100 -228.9000009536743
    endloop
  endfacet
  facet normal 0 0 -1
    outer loop
      vertex 103.21579265594482 99.53171253204346 -247.29999961853025
      vertex 103.32498550415039 99.57694149017334 -247.29999961853025
      vertex 104.4090959907534 82.59256866143753 -247.29999961853025
    endloop
  endfacet
  facet normal 0 0 -1
    outer loop
      vertex 103.21579265594482 99.53171253204346 -247.29999961853025
      vertex 104.4090959907534 82.59256866143753 -247.29999961853025
      vertex 104.38884318499746 82.49075127364728 -247.29999961853025
    endloop
  endfacet
  facet normal 0 0 1
    outer loop
      vertex 103.21579265594482 99.53171253204346 -228.5000003814697
      vertex 106.96347123505922 84.62503094656361 -228.5000003814697
      vertex 107.00317118024674 84.63292777794047 -228.5000003814697
    endloop
  endfacet
  facet normal 0 0 1
    outer loop
      vertex 103.21579265594482 99.53171253204346 -228.5000003814697
      vertex 107.00317118024674 84.63292777794047 -228.5000003814697
      vertex 103.32498550415039 99.57694149017334 -228.5000003814697
    endloop
  endfacet
  facet normal -0.13795081891878622 0.6935198130357542 -0.7071066683934532
    outer loop
      vertex 103.32498550415039 99.57694149017334 -247.29999961853025
      vertex 103.40150833129883 100 -246.89999904632566
      vertex 103.44090461730957 99.59999942779541 -247.29999961853025
    endloop
  endfacet
  facet normal 0 0 -1
    outer loop
      vertex 103.32498550415039 99.57694149017334 -247.29999961853025
      vertex 103.44090461730957 99.59999942779541 -247.29999961853025
      vertex 104.43108459189344 82.70311245256539 -247.29999961853025
    endloop
  endfacet
  facet normal 0 0 -1
    outer loop
      vertex 103.32498550415039 99.57694149017334 -247.29999961853025
      vertex 104.43108459189344 82.70311245256539 -247.29999961853025
      vertex 104.4090959907534 82.59256866143753 -247.29999961853025
    endloop
  endfacet
  facet normal -0.13795081891878622 0.6935198130357542 0.7071066683934532
    outer loop
      vertex 103.32498550415039 99.57694149017334 -228.5000003814697
      vertex 103.44090461730957 99.59999942779541 -228.5000003814697
      vertex 103.40150833129883 100 -228.9000009536743
    endloop
  endfacet
  facet normal 0 0 1
    outer loop
      vertex 103.32498550415039 99.57694149017334 -228.5000003814697
      vertex 107.00317118024674 84.63292777794047 -228.5000003814697
      vertex 103.44090461730957 99.59999942779541 -228.5000003814697
    endloop
  endfacet
  facet normal 0 1 0
    outer loop
      vertex 103.40150833129883 100 -246.89999904632566
      vertex 103.40150833129883 100 -228.9000009536743
      vertex 108.71836185455322 100 -243.24818687438966
    endloop
  endfacet
  facet normal 0 0.7071067811865475 -0.7071067811865475
    outer loop
      vertex 103.40150833129883 100 -246.89999904632566
      vertex 108.35000038146973 99.59999942779541 -247.29999961853025
      vertex 103.44090461730957 99.59999942779541 -247.29999961853025
    endloop
  endfacet
  facet normal 0 0.7071067811865476 -0.7071067811865476
    outer loop
      vertex 103.40150833129883 100 -246.89999904632566
      vertex 108.35000038146973 100 -246.89999904632566
      vertex 108.35000038146973 99.59999942779541 -247.29999961853025
    endloop
  endfacet
  facet normal 0 1 0
    outer loop
      vertex 103.40150833129883 100 -246.89999904632566
      vertex 108.35000038146973 100 -244.13749008178712
      vertex 108.35000038146973 100 -246.89999904632566
    endloop
  endfacet
  facet normal 0 1 0
    outer loop
      vertex 103.40150833129883 100 -246.89999904632566
      vertex 108.41340923309326 100 -243.81871299743653
      vertex 108.35000038146973 100 -244.13749008178712
    endloop
  endfacet
  facet normal 0 1 0
    outer loop
      vertex 103.40150833129883 100 -246.89999904632566
      vertex 108.5377893447876 100 -243.51843242645265
      vertex 108.41340923309326 100 -243.81871299743653
    endloop
  endfacet
  facet normal 0 1 0
    outer loop
      vertex 103.40150833129883 100 -246.89999904632566
      vertex 108.71836185455322 100 -243.24818687438966
      vertex 108.5377893447876 100 -243.51843242645265
    endloop
  endfacet
  facet normal 0 0.7071067811865476 0.7071067811865476
    outer loop
      vertex 103.40150833129883 100 -228.9000009536743
      vertex 103.44090461730957 99.59999942779541 -228.5000003814697
      vertex 116.59849071502686 100 -228.9000009536743
    endloop
  endfacet
  facet normal 0 1 0
    outer loop
      vertex 103.40150833129883 100 -228.9000009536743
      vertex 108.94818687438965 100 -243.01836185455323
      vertex 108.71836185455322 100 -243.24818687438966
    endloop
  endfacet
  facet normal 0 1 0
    outer loop
      vertex 103.40150833129883 100 -228.9000009536743
      vertex 109.21843242645264 100 -242.8377893447876
      vertex 108.94818687438965 100 -243.01836185455323
    endloop
  endfacet
  facet normal 0 1 0
    outer loop
      vertex 103.40150833129883 100 -228.9000009536743
      vertex 109.51871299743652 100 -242.71340923309327
      vertex 109.21843242645264 100 -242.8377893447876
    endloop
  endfacet
  facet normal 0 1 0
    outer loop
      vertex 103.40150833129883 100 -228.9000009536743
      vertex 109.83749008178711 100 -242.65000038146974
      vertex 109.51871299743652 100 -242.71340923309327
    endloop
  endfacet
  facet normal 0 1 0
    outer loop
      vertex 103.40150833129883 100 -228.9000009536743
      vertex 116.59849071502686 100 -228.9000009536743
      vertex 109.83749008178711 100 -242.65000038146974
    endloop
  endfacet
  facet normal 0 0 -1
    outer loop
      vertex 103.44090461730957 99.59999942779541 -247.29999961853025
      vertex 104.46528873443603 82.87506771087646 -247.29999961853025
      vertex 104.43108459189344 82.70311245256539 -247.29999961853025
    endloop
  endfacet
  facet normal 0 0 -1
    outer loop
      vertex 103.44090461730957 99.59999942779541 -247.29999961853025
      vertex 104.50156894681635 82.96265554121797 -247.29999961853025
      vertex 104.46528873443603 82.87506771087646 -247.29999961853025
    endloop
  endfacet
  facet normal 0 0 -1
    outer loop
      vertex 103.44090461730957 99.59999942779541 -247.29999961853025
      vertex 104.69143543243408 83.4210319519043 -247.29999961853025
      vertex 104.50156894681635 82.96265554121797 -247.29999961853025
    endloop
  endfacet
  facet normal 0 0 -1
    outer loop
      vertex 103.44090461730957 99.59999942779541 -247.29999961853025
      vertex 106.83352388216463 90.65007976595487 -247.29999961853025
      vertex 104.69143543243408 83.4210319519043 -247.29999961853025
    endloop
  endfacet
  facet normal 0 0 -1
    outer loop
      vertex 103.44090461730957 99.59999942779541 -247.29999961853025
      vertex 106.83352388216463 92.90436673318902 -247.29999961853025
      vertex 106.83352388216463 90.65007976595487 -247.29999961853025
    endloop
  endfacet
  facet normal 0 0 -1
    outer loop
      vertex 103.44090461730957 99.59999942779541 -247.29999961853025
      vertex 106.83352388216463 93.60306390829157 -247.29999961853025
      vertex 106.83352388216463 92.90436673318902 -247.29999961853025
    endloop
  endfacet
  facet normal 0 0 -1
    outer loop
      vertex 103.44090461730957 99.59999942779541 -247.29999961853025
      vertex 106.83352388216463 94.09563326681098 -247.29999961853025
      vertex 106.83352388216463 93.60306390829157 -247.29999961853025
    endloop
  endfacet
  facet normal 0 0 -1
    outer loop
      vertex 103.44090461730957 99.59999942779541 -247.29999961853025
      vertex 106.83352388216463 96.34992023404513 -247.29999961853025
      vertex 106.83352388216463 94.09563326681098 -247.29999961853025
    endloop
  endfacet
  facet normal 0 0 -1
    outer loop
      vertex 103.44090461730957 99.59999942779541 -247.29999961853025
      vertex 106.83992159498698 96.38208312102657 -247.29999961853025
      vertex 106.83352388216463 96.34992023404513 -247.29999961853025
    endloop
  endfacet
  facet normal 0 0 -1
    outer loop
      vertex 103.44090461730957 99.59999942779541 -247.29999961853025
      vertex 106.85247093643497 96.41237973721297 -247.29999961853025
      vertex 106.83992159498698 96.38208312102657 -247.29999961853025
    endloop
  endfacet
  facet normal 0 0 -1
    outer loop
      vertex 103.44090461730957 99.59999942779541 -247.29999961853025
      vertex 106.87068958148308 96.43964618373596 -247.29999961853025
      vertex 106.85247093643497 96.41237973721297 -247.29999961853025
    endloop
  endfacet
  facet normal 0 0 -1
    outer loop
      vertex 103.44090461730957 99.59999942779541 -247.29999961853025
      vertex 106.89387769842867 96.46283430068155 -247.29999961853025
      vertex 106.87068958148308 96.43964618373596 -247.29999961853025
    endloop
  endfacet
  facet normal 0 0 -1
    outer loop
      vertex 103.44090461730957 99.59999942779541 -247.29999961853025
      vertex 106.92114414495165 96.48105294572966 -247.29999961853025
      vertex 106.89387769842867 96.46283430068155 -247.29999961853025
    endloop
  endfacet
  facet normal 0 0 -1
    outer loop
      vertex 103.44090461730957 99.59999942779541 -247.29999961853025
      vertex 108.35000038146973 99.59999942779541 -247.29999961853025
      vertex 106.92114414495165 96.48105294572966 -247.29999961853025
    endloop
  endfacet
  facet normal 0 0 1
    outer loop
      vertex 103.44090461730957 99.59999942779541 -228.5000003814697
      vertex 107.00317118024674 84.63292777794047 -228.5000003814697
      vertex 107.04325054903248 84.640900081567 -228.5000003814697
    endloop
  endfacet
  facet normal 0 0 1
    outer loop
      vertex 103.44090461730957 99.59999942779541 -228.5000003814697
      vertex 107.04325054903248 84.640900081567 -228.5000003814697
      vertex 107.45183753967285 92.72702312469482 -228.5000003814697
    endloop
  endfacet
  facet normal 0 0 1
    outer loop
      vertex 103.44090461730957 99.59999942779541 -228.5000003814697
      vertex 107.34999942779541 93.23899745941162 -228.5000003814697
      vertex 107.34999942779541 93.76099959561495 -228.5000003814697
    endloop
  endfacet
  facet normal 0 0 1
    outer loop
      vertex 103.44090461730957 99.59999942779541 -228.5000003814697
      vertex 107.34999942779541 93.76099959561495 -228.5000003814697
      vertex 107.34999942779541 93.76100158691406 -228.5000003814697
    endloop
  endfacet
  facet normal 0 0 1
    outer loop
      vertex 103.44090461730957 99.59999942779541 -228.5000003814697
      vertex 107.34999942779541 93.76100158691406 -228.5000003814697
      vertex 107.3499998162792 93.76100353995233 -228.5000003814697
    endloop
  endfacet
  facet normal 0 0 1
    outer loop
      vertex 103.44090461730957 99.59999942779541 -228.5000003814697
      vertex 107.3499998162792 93.76100353995233 -228.5000003814697
      vertex 107.45183753967285 94.27297592163086 -228.5000003814697
    endloop
  endfacet
  facet normal 0 0 1
    outer loop
      vertex 103.44090461730957 99.59999942779541 -228.5000003814697
      vertex 107.45183715118907 92.72702507773309 -228.5000003814697
      vertex 107.34999942779541 93.23899745941162 -228.5000003814697
    endloop
  endfacet
  facet normal 0 0 1
    outer loop
      vertex 103.44090461730957 99.59999942779541 -228.5000003814697
      vertex 107.45183753967285 92.72702312469482 -228.5000003814697
      vertex 107.45183715118907 92.72702507773309 -228.5000003814697
    endloop
  endfacet
  facet normal 0 0 1
    outer loop
      vertex 103.44090461730957 99.59999942779541 -228.5000003814697
      vertex 107.45183753967285 94.27297592163086 -228.5000003814697
      vertex 107.65159912199599 94.75524336901839 -228.5000003814697
    endloop
  endfacet
  facet normal 0 0 1
    outer loop
      vertex 103.44090461730957 99.59999942779541 -228.5000003814697
      vertex 107.65159912199599 94.75524336901839 -228.5000003814697
      vertex 107.6515998840332 94.75524520874023 -228.5000003814697
    endloop
  endfacet
  facet normal 0 0 1
    outer loop
      vertex 103.44090461730957 99.59999942779541 -228.5000003814697
      vertex 107.6515998840332 94.75524520874023 -228.5000003814697
      vertex 107.9416092299953 95.1892740858726 -228.5000003814697
    endloop
  endfacet
  facet normal 0 0 1
    outer loop
      vertex 103.44090461730957 99.59999942779541 -228.5000003814697
      vertex 107.9416092299953 95.1892740858726 -228.5000003814697
      vertex 107.94161033630371 95.18927574157715 -228.5000003814697
    endloop
  endfacet
  facet normal 0 0 1
    outer loop
      vertex 103.44090461730957 99.59999942779541 -228.5000003814697
      vertex 107.94161033630371 95.18927574157715 -228.5000003814697
      vertex 107.94161174436599 95.18927714963942 -228.5000003814697
    endloop
  endfacet
  facet normal 0 0 1
    outer loop
      vertex 103.44090461730957 99.59999942779541 -228.5000003814697
      vertex 107.94161174436599 95.18927714963942 -228.5000003814697
      vertex 108.31072330474854 95.55838871002197 -228.5000003814697
    endloop
  endfacet
  facet normal 0 0 1
    outer loop
      vertex 103.44090461730957 99.59999942779541 -228.5000003814697
      vertex 108.31072330474854 95.55838871002197 -228.5000003814697
      vertex 108.7447521818809 95.84839805598406 -228.5000003814697
    endloop
  endfacet
  facet normal 0 0 1
    outer loop
      vertex 103.44090461730957 99.59999942779541 -228.5000003814697
      vertex 108.7447521818809 95.84839805598406 -228.5000003814697
      vertex 108.74475383758545 95.84839916229248 -228.5000003814697
    endloop
  endfacet
  facet normal 0 0 1
    outer loop
      vertex 103.44090461730957 99.59999942779541 -228.5000003814697
      vertex 108.74475383758545 95.84839916229248 -228.5000003814697
      vertex 108.7447556773073 95.8483999243297 -228.5000003814697
    endloop
  endfacet
  facet normal 0 0 1
    outer loop
      vertex 103.44090461730957 99.59999942779541 -228.5000003814697
      vertex 108.7447556773073 95.8483999243297 -228.5000003814697
      vertex 109.22702312469482 96.04816150665283 -228.5000003814697
    endloop
  endfacet
  facet normal 0 0 1
    outer loop
      vertex 103.44090461730957 99.59999942779541 -228.5000003814697
      vertex 109.22702312469482 96.04816150665283 -228.5000003814697
      vertex 109.73899550637336 96.14999923004649 -228.5000003814697
    endloop
  endfacet
  facet normal 0 0 1
    outer loop
      vertex 103.44090461730957 99.59999942779541 -228.5000003814697
      vertex 109.73899550637336 96.14999923004649 -228.5000003814697
      vertex 109.73899745941162 96.14999961853027 -228.5000003814697
    endloop
  endfacet
  facet normal 0 0 1
    outer loop
      vertex 103.44090461730957 99.59999942779541 -228.5000003814697
      vertex 109.73899745941162 96.14999961853027 -228.5000003814697
      vertex 109.73899945071074 96.14999961853027 -228.5000003814697
    endloop
  endfacet
  facet normal 0 0 1
    outer loop
      vertex 103.44090461730957 99.59999942779541 -228.5000003814697
      vertex 109.73899945071074 96.14999961853027 -228.5000003814697
      vertex 116.55909442901611 99.59999942779541 -228.5000003814697
    endloop
  endfacet
  facet normal 0 0.7071067811865475 0.7071067811865475
    outer loop
      vertex 103.44090461730957 99.59999942779541 -228.5000003814697
      vertex 116.55909442901611 99.59999942779541 -228.5000003814697
      vertex 116.59849071502686 100 -228.9000009536743
    endloop
  endfacet
  facet normal -0.3928479363913433 -0.5879375629480286 -0.707106725288196
    outer loop
      vertex 103.604905128479 77.43658924102783 -246.89999904632566
      vertex 103.85989093780518 77.74728965759277 -247.29999961853025
      vertex 104.7566146850586 77.14811706542969 -247.29999961853025
    endloop
  endfacet
  facet normal -0.5555703001957727 -0.8314695674168593 0
    outer loop
      vertex 103.604905128479 77.43658924102783 -246.89999904632566
      vertex 104.56714344024658 76.79364204406738 -246.89999904632566
      vertex 103.604905128479 77.43658924102783 -228.9000009536743
    endloop
  endfacet
  facet normal -0.39284791127873664 -0.5879383450419247 -0.7071060889522142
    outer loop
      vertex 103.604905128479 77.43658924102783 -246.89999904632566
      vertex 104.7566146850586 77.14811706542969 -247.29999961853025
      vertex 104.56714344024658 76.79364204406738 -246.89999904632566
    endloop
  endfacet
  facet normal -0.5555703001957727 -0.8314695674168593 0
    outer loop
      vertex 103.604905128479 77.43658924102783 -228.9000009536743
      vertex 104.56714344024658 76.79364204406738 -246.89999904632566
      vertex 104.56714344024658 76.79364204406738 -228.9000009536743
    endloop
  endfacet
  facet normal -0.39284791127873664 -0.5879383450419247 0.7071060889522142
    outer loop
      vertex 103.604905128479 77.43658924102783 -228.9000009536743
      vertex 104.56714344024658 76.79364204406738 -228.9000009536743
      vertex 104.7566146850586 77.14811706542969 -228.5000003814697
    endloop
  endfacet
  facet normal -0.3928479363913433 -0.5879375629480286 0.707106725288196
    outer loop
      vertex 103.604905128479 77.43658924102783 -228.9000009536743
      vertex 104.7566146850586 77.14811706542969 -228.5000003814697
      vertex 103.85989093780518 77.74728965759277 -228.5000003814697
    endloop
  endfacet
  facet normal 0 0 1
    outer loop
      vertex 103.85989093780518 77.74728965759277 -228.5000003814697
      vertex 104.7566146850586 77.14811706542969 -228.5000003814697
      vertex 108.94699764251709 76.73540115356445 -228.5000003814697
    endloop
  endfacet
  facet normal 0.9807851548654868 0.1950909531359235 0
    outer loop
      vertex 104.35 81.7045259475708 -247.29999961853025
      vertex 104.35 81.7045259475708 -244.30000019073486
      vertex 104.36849551555437 81.61154302449964 -247.29999961853025
    endloop
  endfacet
  facet normal 1 0 0
    outer loop
      vertex 104.35 81.7045259475708 -247.29999961853025
      vertex 104.35 81.94680976196173 -247.29999961853025
      vertex 104.35 81.7045259475708 -244.30000019073486
    endloop
  endfacet
  facet normal 1 0 0
    outer loop
      vertex 104.35 81.7045259475708 -244.30000019073486
      vertex 104.35 81.94680976196173 -247.29999961853025
      vertex 104.35 82.0328623687042 -247.29999961853025
    endloop
  endfacet
  facet normal 1 0 0
    outer loop
      vertex 104.35 81.7045259475708 -244.30000019073486
      vertex 104.35 82.0328623687042 -247.29999961853025
      vertex 104.35 82.2954740524292 -244.30000019073486
    endloop
  endfacet
  facet normal 0 0 -1
    outer loop
      vertex 104.35 81.7045259475708 -244.30000019073486
      vertex 104.35 82.2954740524292 -244.30000019073486
      vertex 105.69999980926514 82.16250991821289 -244.30000019073486
    endloop
  endfacet
  facet normal 0.9807851548654405 0.1950909531361559 -7.487484311904094e-15
    outer loop
      vertex 104.35 81.7045259475708 -244.30000019073486
      vertex 104.3857654081925 81.52472170319638 -247.29999961853025
      vertex 104.36849551555437 81.61154302449964 -247.29999961853025
    endloop
  endfacet
  facet normal 0.9807851548654433 0.195090953136142 -6.617202911313323e-15
    outer loop
      vertex 104.35 81.7045259475708 -244.30000019073486
      vertex 104.3969999968783 81.46824180176108 -247.29999961853025
      vertex 104.3857654081925 81.52472170319638 -247.29999961853025
    endloop
  endfacet
  facet normal 0.9807851548654708 0.19509095313600414 4.663796704246155e-15
    outer loop
      vertex 104.35 81.7045259475708 -244.30000019073486
      vertex 104.41485101394065 81.37849898051502 -247.29999961853025
      vertex 104.3969999968783 81.46824180176108 -247.29999961853025
    endloop
  endfacet
  facet normal 0.9807851548654608 0.19509095313605423 -9.941525952860825e-16
    outer loop
      vertex 104.35 81.7045259475708 -244.30000019073486
      vertex 104.46528873443603 81.12493228912354 -244.30000019073486
      vertex 104.41485101394065 81.37849898051502 -247.29999961853025
    endloop
  endfacet
  facet normal 0 0 -1
    outer loop
      vertex 104.35 81.7045259475708 -244.30000019073486
      vertex 105.69999980926514 81.8374891281128 -244.30000019073486
      vertex 105.70000038146972 81.8374862514095 -244.30000019073486
    endloop
  endfacet
  facet normal 0 0 -1
    outer loop
      vertex 104.35 81.7045259475708 -244.30000019073486
      vertex 105.69999980926514 82.16250991821289 -244.30000019073486
      vertex 105.69999980926514 81.8374891281128 -244.30000019073486
    endloop
  endfacet
  facet normal 0 0 -1
    outer loop
      vertex 104.35 81.7045259475708 -244.30000019073486
      vertex 105.70000038146972 81.8374862514095 -244.30000019073486
      vertex 104.46528873443603 81.12493228912354 -244.30000019073486
    endloop
  endfacet
  facet normal 1 0 0
    outer loop
      vertex 104.35 82.0328623687042 -247.29999961853025
      vertex 104.35 82.18123075025551 -247.29999961853025
      vertex 104.35 82.2954740524292 -244.30000019073486
    endloop
  endfacet
  facet normal 1 0 0
    outer loop
      vertex 104.35 82.18123075025551 -247.29999961853025
      vertex 104.35 82.20066956074393 -247.29999961853025
      vertex 104.35 82.2954740524292 -244.30000019073486
    endloop
  endfacet
  facet normal 1 0 0
    outer loop
      vertex 104.35 82.20066956074393 -247.29999961853025
      vertex 104.35 82.2954740524292 -247.29999961853025
      vertex 104.35 82.2954740524292 -244.30000019073486
    endloop
  endfacet
  facet normal 0.9807851548655578 -0.1950909531355666 0
    outer loop
      vertex 104.35 82.2954740524292 -247.29999961853025
      vertex 104.35562041687541 82.32372970112519 -247.29999961853025
      vertex 104.35 82.2954740524292 -244.30000019073486
    endloop
  endfacet
  facet normal 0.9807851548654557 -0.19509095313607927 -5.020538133713927e-15
    outer loop
      vertex 104.35 82.2954740524292 -244.30000019073486
      vertex 104.35562041687541 82.32372970112519 -247.29999961853025
      vertex 104.36849551555437 82.38845697550036 -247.29999961853025
    endloop
  endfacet
  facet normal 0.9807851548653624 -0.19509095313654867 -2.0140147718584325e-14
    outer loop
      vertex 104.35 82.2954740524292 -244.30000019073486
      vertex 104.36849551555437 82.38845697550036 -247.29999961853025
      vertex 104.37087183823914 82.40040351620314 -247.29999961853025
    endloop
  endfacet
  facet normal 0.980785154865431 -0.19509095313620367 -7.595405430723478e-15
    outer loop
      vertex 104.35 82.2954740524292 -244.30000019073486
      vertex 104.37087183823914 82.40040351620314 -247.29999961853025
      vertex 104.38884318499746 82.49075127364728 -247.29999961853025
    endloop
  endfacet
  facet normal 0.9807851548654954 -0.19509095313588032 1.4276101374689806e-14
    outer loop
      vertex 104.35 82.2954740524292 -244.30000019073486
      vertex 104.38884318499746 82.49075127364728 -247.29999961853025
      vertex 104.4090959907534 82.59256866143753 -247.29999961853025
    endloop
  endfacet
  facet normal 0.9807851548654608 -0.19509095313605423 -3.624351587539026e-15
    outer loop
      vertex 104.35 82.2954740524292 -244.30000019073486
      vertex 104.4090959907534 82.59256866143753 -247.29999961853025
      vertex 104.46528873443603 82.87506771087646 -244.30000019073486
    endloop
  endfacet
  facet normal 0 0 -1
    outer loop
      vertex 104.35 82.2954740524292 -244.30000019073486
      vertex 104.46528873443603 82.87506771087646 -244.30000019073486
      vertex 105.70000038146972 82.16251279491618 -244.30000019073486
    endloop
  endfacet
  facet normal 0 0 -1
    outer loop
      vertex 104.35 82.2954740524292 -244.30000019073486
      vertex 105.70000038146972 82.16251279491618 -244.30000019073486
      vertex 105.69999980926514 82.16250991821289 -244.30000019073486
    endloop
  endfacet
  facet normal 0 0 -1
    outer loop
      vertex 104.3857654081925 81.52472170319638 -247.29999961853025
      vertex 104.3969999968783 81.46824180176108 -247.29999961853025
      vertex 104.7566146850586 77.14811706542969 -247.29999961853025
    endloop
  endfacet
  facet normal 0 0 -1
    outer loop
      vertex 104.3969999968783 81.46824180176108 -247.29999961853025
      vertex 104.41485101394065 81.37849898051502 -247.29999961853025
      vertex 104.7566146850586 77.14811706542969 -247.29999961853025
    endloop
  endfacet
  facet normal 0.9807851548654638 -0.19509095313603847 -5.163716520247897e-15
    outer loop
      vertex 104.4090959907534 82.59256866143753 -247.29999961853025
      vertex 104.43108459189344 82.70311245256539 -247.29999961853025
      vertex 104.46528873443603 82.87506771087646 -244.30000019073486
    endloop
  endfacet
  facet normal 0 0 -1
    outer loop
      vertex 104.41485101394065 81.37849898051502 -247.29999961853025
      vertex 104.4377892094607 81.26318127211371 -247.29999961853025
      vertex 104.7566146850586 77.14811706542969 -247.29999961853025
    endloop
  endfacet
  facet normal 0.980785154865469 0.19509095313601288 -4.627821374673875e-15
    outer loop
      vertex 104.41485101394065 81.37849898051502 -247.29999961853025
      vertex 104.46528873443603 81.12493228912354 -244.30000019073486
      vertex 104.4377892094607 81.26318127211371 -247.29999961853025
    endloop
  endfacet
  facet normal 0.9807851548654467 -0.19509095313612515 0
    outer loop
      vertex 104.43108459189344 82.70311245256539 -247.29999961853025
      vertex 104.46528873443603 82.87506771087646 -247.29999961853025
      vertex 104.46528873443603 82.87506771087646 -244.30000019073486
    endloop
  endfacet
  facet normal 0 0 -1
    outer loop
      vertex 104.4377892094607 81.26318127211371 -247.29999961853025
      vertex 104.46411135927167 81.13085133387855 -247.29999961853025
      vertex 104.7566146850586 77.14811706542969 -247.29999961853025
    endloop
  endfacet
  facet normal 0.9807851548654499 0.19509095313610916 -1.607148937950286e-17
    outer loop
      vertex 104.4377892094607 81.26318127211371 -247.29999961853025
      vertex 104.46528873443603 81.12493228912354 -244.30000019073486
      vertex 104.46411135927167 81.13085133387855 -247.29999961853025
    endloop
  endfacet
  facet normal 0 0 -1
    outer loop
      vertex 104.46411135927167 81.13085133387855 -247.29999961853025
      vertex 104.46528873443603 81.12493228912354 -247.29999961853025
      vertex 104.7566146850586 77.14811706542969 -247.29999961853025
    endloop
  endfacet
  facet normal 0.9807851548654483 0.19509095313611677 0
    outer loop
      vertex 104.46411135927167 81.13085133387855 -247.29999961853025
      vertex 104.46528873443603 81.12493228912354 -244.30000019073486
      vertex 104.46528873443603 81.12493228912354 -247.29999961853025
    endloop
  endfacet
  facet normal 0.9238789911887131 0.3826847392307742 0
    outer loop
      vertex 104.46528873443603 81.12493228912354 -247.29999961853025
      vertex 104.46528873443603 81.12493228912354 -244.30000019073486
      vertex 104.48636477763063 81.07405042337678 -247.29999961853025
    endloop
  endfacet
  facet normal 0 0 -1
    outer loop
      vertex 104.46528873443603 81.12493228912354 -247.29999961853025
      vertex 104.48636477763063 81.07405042337678 -247.29999961853025
      vertex 104.7566146850586 77.14811706542969 -247.29999961853025
    endloop
  endfacet
  facet normal 0.9238789911885836 0.3826847392310867 -6.210993343760069e-15
    outer loop
      vertex 104.46528873443603 81.12493228912354 -244.30000019073486
      vertex 104.50156894681635 81.03734445878203 -247.29999961853025
      vertex 104.48636477763063 81.07405042337678 -247.29999961853025
    endloop
  endfacet
  facet normal 0.9238789911889332 0.38268473923024326 2.265167466040798e-14
    outer loop
      vertex 104.46528873443603 81.12493228912354 -244.30000019073486
      vertex 104.50960394566576 81.01794633319665 -247.29999961853025
      vertex 104.50156894681635 81.03734445878203 -247.29999961853025
    endloop
  endfacet
  facet normal 0.9238789911886028 0.38268473923104074 -1.0675540859877108e-14
    outer loop
      vertex 104.46528873443603 81.12493228912354 -244.30000019073486
      vertex 104.53317184123998 80.96104862770858 -247.29999961853025
      vertex 104.50960394566576 81.01794633319665 -247.29999961853025
    endloop
  endfacet
  facet normal 0.9238789911886933 0.38268473923082214 3.311237494206988e-15
    outer loop
      vertex 104.46528873443603 81.12493228912354 -244.30000019073486
      vertex 104.69143543243408 80.5789680480957 -244.30000019073486
      vertex 104.53317184123998 80.96104862770858 -247.29999961853025
    endloop
  endfacet
  facet normal 0 0 -1
    outer loop
      vertex 104.46528873443603 81.12493228912354 -244.30000019073486
      vertex 105.70000038146972 81.8374862514095 -244.30000019073486
      vertex 104.69143543243408 80.5789680480957 -244.30000019073486
    endloop
  endfacet
  facet normal 0.9238789911886589 -0.3826847392309052 0
    outer loop
      vertex 104.46528873443603 82.87506771087646 -247.29999961853025
      vertex 104.50156894681635 82.96265554121797 -247.29999961853025
      vertex 104.46528873443603 82.87506771087646 -244.30000019073486
    endloop
  endfacet
  facet normal 0.9238789911886933 -0.38268473923082214 2.839601420859539e-15
    outer loop
      vertex 104.46528873443603 82.87506771087646 -244.30000019073486
      vertex 104.50156894681635 82.96265554121797 -247.29999961853025
      vertex 104.69143543243408 83.4210319519043 -244.30000019073486
    endloop
  endfacet
  facet normal 0 0 -1
    outer loop
      vertex 104.46528873443603 82.87506771087646 -244.30000019073486
      vertex 104.69143543243408 83.4210319519043 -244.30000019073486
      vertex 105.70000038146972 82.16251279491618 -244.30000019073486
    endloop
  endfacet
  facet normal 0 0 -1
    outer loop
      vertex 104.48636477763063 81.07405042337678 -247.29999961853025
      vertex 104.50156894681635 81.03734445878203 -247.29999961853025
      vertex 104.7566146850586 77.14811706542969 -247.29999961853025
    endloop
  endfacet
  facet normal 0 0 -1
    outer loop
      vertex 104.50156894681635 81.03734445878203 -247.29999961853025
      vertex 104.50960394566576 81.01794633319665 -247.29999961853025
      vertex 104.7566146850586 77.14811706542969 -247.29999961853025
    endloop
  endfacet
  facet normal 0.9238789911886999 -0.3826847392308063 0
    outer loop
      vertex 104.50156894681635 82.96265554121797 -247.29999961853025
      vertex 104.69143543243408 83.4210319519043 -247.29999961853025
      vertex 104.69143543243408 83.4210319519043 -244.30000019073486
    endloop
  endfacet
  facet normal 0 0 -1
    outer loop
      vertex 104.50960394566576 81.01794633319665 -247.29999961853025
      vertex 104.53317184123998 80.96104862770858 -247.29999961853025
      vertex 104.7566146850586 77.14811706542969 -247.29999961853025
    endloop
  endfacet
  facet normal 0 0 -1
    outer loop
      vertex 104.53317184123998 80.96104862770858 -247.29999961853025
      vertex 104.69143543243408 80.5789680480957 -247.29999961853025
      vertex 104.7566146850586 77.14811706542969 -247.29999961853025
    endloop
  endfacet
  facet normal 0.9238789911887025 0.38268473923079993 0
    outer loop
      vertex 104.53317184123998 80.96104862770858 -247.29999961853025
      vertex 104.69143543243408 80.5789680480957 -244.30000019073486
      vertex 104.69143543243408 80.5789680480957 -247.29999961853025
    endloop
  endfacet
  facet normal -0.27059820047978994 -0.6532822403226247 -0.7071060234336517
    outer loop
      vertex 104.56714344024658 76.79364204406738 -246.89999904632566
      vertex 104.7566146850586 77.14811706542969 -247.29999961853025
      vertex 105.63632488250732 76.35077285766602 -246.89999904632566
    endloop
  endfacet
  facet normal -0.3826832349800115 -0.9238796142708385 0
    outer loop
      vertex 104.56714344024658 76.79364204406738 -246.89999904632566
      vertex 105.63632488250732 76.35077285766602 -246.89999904632566
      vertex 104.56714344024658 76.79364204406738 -228.9000009536743
    endloop
  endfacet
  facet normal -0.3826832349800115 -0.9238796142708385 0
    outer loop
      vertex 104.56714344024658 76.79364204406738 -228.9000009536743
      vertex 105.63632488250732 76.35077285766602 -246.89999904632566
      vertex 105.63632488250732 76.35077285766602 -228.9000009536743
    endloop
  endfacet
  facet normal -0.27059820047978994 -0.6532822403226247 0.7071060234336517
    outer loop
      vertex 104.56714344024658 76.79364204406738 -228.9000009536743
      vertex 105.63632488250732 76.35077285766602 -228.9000009536743
      vertex 104.7566146850586 77.14811706542969 -228.5000003814697
    endloop
  endfacet
  facet normal 0.831470112178751 0.5555694849012636 0
    outer loop
      vertex 104.69143543243408 80.5789680480957 -247.29999961853025
      vertex 104.69143543243408 80.5789680480957 -244.30000019073486
      vertex 104.84442643805556 80.35000038146973 -244.5
    endloop
  endfacet
  facet normal 0 0 -1
    outer loop
      vertex 104.69143543243408 80.5789680480957 -247.29999961853025
      vertex 104.82127104576483 80.38465494250804 -247.29999961853025
      vertex 104.7566146850586 77.14811706542969 -247.29999961853025
    endloop
  endfacet
  facet normal 0.8314701121787167 0.5555694849013149 6.0708893295670886e-15
    outer loop
      vertex 104.69143543243408 80.5789680480957 -247.29999961853025
      vertex 104.84442643805556 80.35000038146973 -244.5
      vertex 104.82127104576483 80.38465494250804 -247.29999961853025
    endloop
  endfacet
  facet normal 0.8314701121787509 0.5555694849012635 0
    outer loop
      vertex 104.69143543243408 80.5789680480957 -244.30000019073486
      vertex 104.84442643805556 80.35000038146973 -244.30000019073486
      vertex 104.84442643805556 80.35000038146973 -244.5
    endloop
  endfacet
  facet normal 0 0 -1
    outer loop
      vertex 104.69143543243408 80.5789680480957 -244.30000019073486
      vertex 105.70000038146972 80.35000038146973 -244.30000019073486
      vertex 104.84442643805556 80.35000038146973 -244.30000019073486
    endloop
  endfacet
  facet normal 0 0 -1
    outer loop
      vertex 104.69143543243408 80.5789680480957 -244.30000019073486
      vertex 105.70000038146972 81.8374862514095 -244.30000019073486
      vertex 105.70000038146972 80.35000038146973 -244.30000019073486
    endloop
  endfacet
  facet normal 0.8314701121787167 -0.5555694849013149 6.0708893295670886e-15
    outer loop
      vertex 104.69143543243408 83.4210319519043 -247.29999961853025
      vertex 104.82127104576483 83.61534505749196 -247.29999961853025
      vertex 104.84442643805556 83.64999961853027 -244.5
    endloop
  endfacet
  facet normal 0.831470112178751 -0.5555694849012636 0
    outer loop
      vertex 104.69143543243408 83.4210319519043 -247.29999961853025
      vertex 104.84442643805556 83.64999961853027 -244.5
      vertex 104.69143543243408 83.4210319519043 -244.30000019073486
    endloop
  endfacet
  facet normal 0 0 -1
    outer loop
      vertex 104.69143543243408 83.4210319519043 -247.29999961853025
      vertex 106.83352388216463 90.65007976595487 -247.29999961853025
      vertex 104.82127104576483 83.61534505749196 -247.29999961853025
    endloop
  endfacet
  facet normal 0.8314701121787509 -0.5555694849012635 0
    outer loop
      vertex 104.69143543243408 83.4210319519043 -244.30000019073486
      vertex 104.84442643805556 83.64999961853027 -244.5
      vertex 104.84442643805556 83.64999961853027 -244.30000019073486
    endloop
  endfacet
  facet normal 0 0 -1
    outer loop
      vertex 104.69143543243408 83.4210319519043 -244.30000019073486
      vertex 104.84442643805556 83.64999961853027 -244.30000019073486
      vertex 105.70000038146972 83.64999961853027 -244.30000019073486
    endloop
  endfacet
  facet normal 0 0 -1
    outer loop
      vertex 104.69143543243408 83.4210319519043 -244.30000019073486
      vertex 105.70000038146972 83.64999961853027 -244.30000019073486
      vertex 105.70000038146972 82.16251279491618 -244.30000019073486
    endloop
  endfacet
  facet normal -1 0 0
    outer loop
      vertex 104.69999980926514 81.73899745941162 -228.5000003814697
      vertex 104.69999980926514 81.73899745941162 -228.5
      vertex 104.69999980926514 82.26099959561495 -228.5000003814697
    endloop
  endfacet
  facet normal -0.9807852492751584 -0.1950904785074488 0
    outer loop
      vertex 104.69999980926514 81.73899745941162 -228.5000003814697
      vertex 104.8018375326588 81.22702507773309 -228.5000003814697
      vertex 104.69999980926514 81.73899745941162 -228.5
    endloop
  endfacet
  facet normal -1 0 0
    outer loop
      vertex 104.69999980926514 81.73899745941162 -228.5
      vertex 104.69999980926514 82.26100158691406 -228.5
      vertex 104.69999980926514 82.26099959561495 -228.5000003814697
    endloop
  endfacet
  facet normal -0.9807852492751602 -0.19509047850743974 -1.261433907645403e-8
    outer loop
      vertex 104.69999980926514 81.73899745941162 -228.5
      vertex 104.8018375326588 81.22702507773309 -228.5000003814697
      vertex 104.80183792114258 81.22702312469482 -228.5
    endloop
  endfacet
  facet normal -0.6935198881491378 -0.13794979781092026 0.7071067939325246
    outer loop
      vertex 104.69999980926514 81.73899745941162 -228.5
      vertex 104.80183792114258 81.22702312469482 -228.5
      vertex 105.19999980926514 81.7882432937622 -228
    endloop
  endfacet
  facet normal -0.7071067811865476 0 0.7071067811865476
    outer loop
      vertex 104.69999980926514 81.73899745941162 -228.5
      vertex 105.19999980926514 81.7882432937622 -228
      vertex 104.69999980926514 82.26100158691406 -228.5
    endloop
  endfacet
  facet normal -1 0 0
    outer loop
      vertex 104.69999980926514 82.26099959561495 -228.5000003814697
      vertex 104.69999980926514 82.26100158691406 -228.5
      vertex 104.69999980926514 82.26100158691406 -228.5000003814697
    endloop
  endfacet
  facet normal -0.9807852497466024 0.19509047613734157 0
    outer loop
      vertex 104.69999980926514 82.26100158691406 -228.5000003814697
      vertex 104.69999980926514 82.26100158691406 -228.5
      vertex 104.70000019774892 82.26100353995233 -228.5000003814697
    endloop
  endfacet
  facet normal -0.9807852492751602 0.19509047850743974 1.2614475194581149e-8
    outer loop
      vertex 104.69999980926514 82.26100158691406 -228.5
      vertex 104.80183792114258 82.77297592163086 -228.5
      vertex 104.70000019774892 82.26100353995233 -228.5000003814697
    endloop
  endfacet
  facet normal -0.7071067811865476 0 0.7071067811865476
    outer loop
      vertex 104.69999980926514 82.26100158691406 -228.5
      vertex 105.19999980926514 81.7882432937622 -228
      vertex 105.19999980926514 82.21175575256348 -228
    endloop
  endfacet
  facet normal -0.6935198881491378 0.13794979781092026 0.7071067939325246
    outer loop
      vertex 104.69999980926514 82.26100158691406 -228.5
      vertex 105.19999980926514 82.21175575256348 -228
      vertex 104.80183792114258 82.77297592163086 -228.5
    endloop
  endfacet
  facet normal -0.9807852492751584 0.1950904785074488 0
    outer loop
      vertex 104.70000019774892 82.26100353995233 -228.5000003814697
      vertex 104.80183792114258 82.77297592163086 -228.5
      vertex 104.80183792114258 82.77297592163086 -228.5000003814697
    endloop
  endfacet
  facet normal 0 0 -1
    outer loop
      vertex 104.7566146850586 77.14811706542969 -247.29999961853025
      vertex 104.82127104576483 80.38465494250804 -247.29999961853025
      vertex 104.87096163611679 80.31028757378633 -247.29999961853025
    endloop
  endfacet
  facet normal 0 0 -1
    outer loop
      vertex 104.7566146850586 77.14811706542969 -247.29999961853025
      vertex 104.87096163611679 80.31028757378633 -247.29999961853025
      vertex 105.01974830627441 80.08761215209961 -247.29999961853025
    endloop
  endfacet
  facet normal 0 0 -1
    outer loop
      vertex 104.7566146850586 77.14811706542969 -247.29999961853025
      vertex 105.01974830627441 80.08761215209961 -247.29999961853025
      vertex 105.37436790296942 79.73299255540459 -247.29999961853025
    endloop
  endfacet
  facet normal 0 0 -1
    outer loop
      vertex 104.7566146850586 77.14811706542969 -247.29999961853025
      vertex 105.37436790296942 79.73299255540459 -247.29999961853025
      vertex 105.4376121520996 79.66974830627441 -247.29999961853025
    endloop
  endfacet
  facet normal 0 0 -1
    outer loop
      vertex 104.7566146850586 77.14811706542969 -247.29999961853025
      vertex 105.4376121520996 79.66974830627441 -247.29999961853025
      vertex 105.51197952082131 79.62005771592243 -247.29999961853025
    endloop
  endfacet
  facet normal 0 0 -1
    outer loop
      vertex 104.7566146850586 77.14811706542969 -247.29999961853025
      vertex 105.51197952082131 79.62005771592243 -247.29999961853025
      vertex 105.91463144914661 79.35101482293376 -247.29999961853025
    endloop
  endfacet
  facet normal -0.2705976244021682 -0.6532818815942826 -0.7071065753113436
    outer loop
      vertex 104.7566146850586 77.14811706542969 -247.29999961853025
      vertex 105.75300121307373 76.73540115356445 -247.29999961853025
      vertex 105.63632488250732 76.35077285766602 -246.89999904632566
    endloop
  endfacet
  facet normal 0 0 -1
    outer loop
      vertex 104.7566146850586 77.14811706542969 -247.29999961853025
      vertex 105.91463144914661 79.35101482293376 -247.29999961853025
      vertex 105.9239120314275 79.34481374818452 -247.29999961853025
    endloop
  endfacet
  facet normal 0 0 -1
    outer loop
      vertex 104.7566146850586 77.14811706542969 -247.29999961853025
      vertex 105.9239120314275 79.34481374818452 -247.29999961853025
      vertex 105.9289680480957 79.34143543243408 -247.29999961853025
    endloop
  endfacet
  facet normal 0 0 -1
    outer loop
      vertex 104.7566146850586 77.14811706542969 -247.29999961853025
      vertex 105.9289680480957 79.34143543243408 -247.29999961853025
      vertex 105.93404209508961 79.33933368494417 -247.29999961853025
    endloop
  endfacet
  facet normal 0 0 -1
    outer loop
      vertex 104.7566146850586 77.14811706542969 -247.29999961853025
      vertex 105.93404209508961 79.33933368494417 -247.29999961853025
      vertex 105.94474573465322 79.33490007453167 -247.29999961853025
    endloop
  endfacet
  facet normal 0 0 -1
    outer loop
      vertex 104.7566146850586 77.14811706542969 -247.29999961853025
      vertex 105.94474573465322 79.33490007453167 -247.29999961853025
      vertex 105.95508048512644 79.33061926359477 -247.29999961853025
    endloop
  endfacet
  facet normal 0 0 -1
    outer loop
      vertex 104.7566146850586 77.14811706542969 -247.29999961853025
      vertex 105.95508048512644 79.33061926359477 -247.29999961853025
      vertex 105.9646718175232 79.32664638773966 -247.29999961853025
    endloop
  endfacet
  facet normal 0 0 -1
    outer loop
      vertex 104.7566146850586 77.14811706542969 -247.29999961853025
      vertex 105.9646718175232 79.32664638773966 -247.29999961853025
      vertex 105.97316582500923 79.32312804056346 -247.29999961853025
    endloop
  endfacet
  facet normal 0 0 -1
    outer loop
      vertex 104.7566146850586 77.14811706542969 -247.29999961853025
      vertex 105.97316582500923 79.32312804056346 -247.29999961853025
      vertex 105.98024006440954 79.32019778293665 -247.29999961853025
    endloop
  endfacet
  facet normal 0 0 -1
    outer loop
      vertex 104.7566146850586 77.14811706542969 -247.29999961853025
      vertex 105.98024006440954 79.32019778293665 -247.29999961853025
      vertex 106.13984682322479 79.25408623428231 -247.29999961853025
    endloop
  endfacet
  facet normal 0 0 -1
    outer loop
      vertex 104.7566146850586 77.14811706542969 -247.29999961853025
      vertex 106.13984682322479 79.25408623428231 -247.29999961853025
      vertex 106.14454754235666 79.25213912487476 -247.29999961853025
    endloop
  endfacet
  facet normal 0 0 -1
    outer loop
      vertex 104.7566146850586 77.14811706542969 -247.29999961853025
      vertex 106.14454754235666 79.25213912487476 -247.29999961853025
      vertex 106.39229987471222 79.14951633811853 -247.29999961853025
    endloop
  endfacet
  facet normal 0 0 -1
    outer loop
      vertex 104.7566146850586 77.14811706542969 -247.29999961853025
      vertex 106.39229987471222 79.14951633811853 -247.29999961853025
      vertex 106.47493228912353 79.11528873443604 -247.29999961853025
    endloop
  endfacet
  facet normal 0 0 -1
    outer loop
      vertex 104.7566146850586 77.14811706542969 -247.29999961853025
      vertex 106.47493228912353 79.11528873443604 -247.29999961853025
      vertex 106.562654560613 79.0978396310608 -247.29999961853025
    endloop
  endfacet
  facet normal 0 0 -1
    outer loop
      vertex 104.7566146850586 77.14811706542969 -247.29999961853025
      vertex 106.562654560613 79.0978396310608 -247.29999961853025
      vertex 107.0545259475708 79 -247.29999961853025
    endloop
  endfacet
  facet normal 0 0 -1
    outer loop
      vertex 104.7566146850586 77.14811706542969 -247.29999961853025
      vertex 106.81075954437256 76.52499961853027 -247.29999961853025
      vertex 105.75300121307373 76.73540115356445 -247.29999961853025
    endloop
  endfacet
  facet normal 0 0 -1
    outer loop
      vertex 104.7566146850586 77.14811706542969 -247.29999961853025
      vertex 107.0545259475708 79 -247.29999961853025
      vertex 107.5560332703657 79 -247.29999961853025
    endloop
  endfacet
  facet normal 0 0 -1
    outer loop
      vertex 104.7566146850586 77.14811706542969 -247.29999961853025
      vertex 107.5560332703657 79 -247.29999961853025
      vertex 107.6454740524292 79 -247.29999961853025
    endloop
  endfacet
  facet normal 0 0 -1
    outer loop
      vertex 104.7566146850586 77.14811706542969 -247.29999961853025
      vertex 107.6454740524292 79 -247.29999961853025
      vertex 107.73319632391866 79.01744910337524 -247.29999961853025
    endloop
  endfacet
  facet normal 0 0 -1
    outer loop
      vertex 104.7566146850586 77.14811706542969 -247.29999961853025
      vertex 107.73319632391866 79.01744910337524 -247.29999961853025
      vertex 108.22506771087646 79.11528873443604 -247.29999961853025
    endloop
  endfacet
  facet normal 0 0 -1
    outer loop
      vertex 104.7566146850586 77.14811706542969 -247.29999961853025
      vertex 107.88924026489258 76.52499961853027 -247.29999961853025
      vertex 106.81075954437256 76.52499961853027 -247.29999961853025
    endloop
  endfacet
  facet normal 0 0 -1
    outer loop
      vertex 104.7566146850586 77.14811706542969 -247.29999961853025
      vertex 108.22506771087646 79.11528873443604 -247.29999961853025
      vertex 108.68839953749298 79.30720782875159 -247.29999961853025
    endloop
  endfacet
  facet normal 0 0 -1
    outer loop
      vertex 104.7566146850586 77.14811706542969 -247.29999961853025
      vertex 108.68839953749298 79.30720782875159 -247.29999961853025
      vertex 112.61459827423096 80.403000831604 -247.29999961853025
    endloop
  endfacet
  facet normal 0 0 -1
    outer loop
      vertex 104.7566146850586 77.14811706542969 -247.29999961853025
      vertex 108.94699764251709 76.73540115356445 -247.29999961853025
      vertex 107.88924026489258 76.52499961853027 -247.29999961853025
    endloop
  endfacet
  facet normal 0 0 -1
    outer loop
      vertex 104.7566146850586 77.14811706542969 -247.29999961853025
      vertex 109.94338417053223 77.14811706542969 -247.29999961853025
      vertex 108.94699764251709 76.73540115356445 -247.29999961853025
    endloop
  endfacet
  facet normal 0 0 -1
    outer loop
      vertex 104.7566146850586 77.14811706542969 -247.29999961853025
      vertex 110.84010887145996 77.74728965759277 -247.29999961853025
      vertex 109.94338417053223 77.14811706542969 -247.29999961853025
    endloop
  endfacet
  facet normal 0 0 -1
    outer loop
      vertex 104.7566146850586 77.14811706542969 -247.29999961853025
      vertex 111.60270977020264 78.50989055633545 -247.29999961853025
      vertex 110.84010887145996 77.74728965759277 -247.29999961853025
    endloop
  endfacet
  facet normal 0 0 -1
    outer loop
      vertex 104.7566146850586 77.14811706542969 -247.29999961853025
      vertex 112.2018814086914 79.40661430358887 -247.29999961853025
      vertex 111.60270977020264 78.50989055633545 -247.29999961853025
    endloop
  endfacet
  facet normal 0 0 -1
    outer loop
      vertex 104.7566146850586 77.14811706542969 -247.29999961853025
      vertex 112.61459827423096 80.403000831604 -247.29999961853025
      vertex 112.2018814086914 79.40661430358887 -247.29999961853025
    endloop
  endfacet
  facet normal -0.2705976244021682 -0.6532818815942826 0.7071065753113436
    outer loop
      vertex 104.7566146850586 77.14811706542969 -228.5000003814697
      vertex 105.63632488250732 76.35077285766602 -228.9000009536743
      vertex 105.75300121307373 76.73540115356445 -228.5000003814697
    endloop
  endfacet
  facet normal 0 0 1
    outer loop
      vertex 104.7566146850586 77.14811706542969 -228.5000003814697
      vertex 105.75300121307373 76.73540115356445 -228.5000003814697
      vertex 108.94699764251709 76.73540115356445 -228.5000003814697
    endloop
  endfacet
  facet normal -0.9807852497466024 -0.19509047613734157 0
    outer loop
      vertex 104.8018375326588 81.22702507773309 -228.5000003814697
      vertex 104.80183792114258 81.22702312469482 -228.5000003814697
      vertex 104.80183792114258 81.22702312469482 -228.5
    endloop
  endfacet
  facet normal -0.9238796253049613 -0.38268320834126535 0
    outer loop
      vertex 104.80183792114258 81.22702312469482 -228.5000003814697
      vertex 104.8018386831798 81.22702128497298 -228.5000003814697
      vertex 104.80183792114258 81.22702312469482 -228.5
    endloop
  endfacet
  facet normal -0.9238796239984157 -0.382683211495547 1.7822220612508784e-8
    outer loop
      vertex 104.80183792114258 81.22702312469482 -228.5
      vertex 104.8018386831798 81.22702128497298 -228.5000003814697
      vertex 105.00160026550293 80.74475383758545 -228.5
    endloop
  endfacet
  facet normal -0.6532816717732237 -0.270597945523892 0.7071066462729866
    outer loop
      vertex 104.80183792114258 81.22702312469482 -228.5
      vertex 105.00160026550293 80.74475383758545 -228.5
      vertex 105.44469451904297 80.98159217834473 -228
    endloop
  endfacet
  facet normal -0.6935198373218242 -0.1379498663677001 0.7071068304084215
    outer loop
      vertex 104.80183792114258 81.22702312469482 -228.5
      vertex 105.28262329101562 81.37286758422852 -228
      vertex 105.19999980926514 81.7882432937622 -228
    endloop
  endfacet
  facet normal -0.6532816515718541 -0.2705975329035326 0.7071068228394296
    outer loop
      vertex 104.80183792114258 81.22702312469482 -228.5
      vertex 105.44469451904297 80.98159217834473 -228
      vertex 105.28262329101562 81.37286758422852 -228
    endloop
  endfacet
  facet normal -0.923879623998411 0.3826832114955591 0
    outer loop
      vertex 104.80183792114258 82.77297592163086 -228.5000003814697
      vertex 104.80183792114258 82.77297592163086 -228.5
      vertex 105.00159950346571 83.25524336901839 -228.5000003814697
    endloop
  endfacet
  facet normal -0.9238796239984157 0.382683211495547 -1.7841277152436006e-8
    outer loop
      vertex 104.80183792114258 82.77297592163086 -228.5
      vertex 105.00160026550293 83.25524520874023 -228.5
      vertex 105.00159950346571 83.25524336901839 -228.5000003814697
    endloop
  endfacet
  facet normal -0.6935198373218242 0.1379498663677001 0.7071068304084215
    outer loop
      vertex 104.80183792114258 82.77297592163086 -228.5
      vertex 105.19999980926514 82.21175575256348 -228
      vertex 105.28262329101562 82.62713146209717 -228
    endloop
  endfacet
  facet normal -0.6532816515718541 0.2705975329035326 0.7071068228394296
    outer loop
      vertex 104.80183792114258 82.77297592163086 -228.5
      vertex 105.28262329101562 82.62713146209717 -228
      vertex 105.44469451904297 83.01840686798096 -228
    endloop
  endfacet
  facet normal -0.6532816717732237 0.270597945523892 0.7071066462729866
    outer loop
      vertex 104.80183792114258 82.77297592163086 -228.5
      vertex 105.44469451904297 83.01840686798096 -228
      vertex 105.00160026550293 83.25524520874023 -228.5
    endloop
  endfacet
  facet normal -0.923879623998411 -0.3826832114955591 0
    outer loop
      vertex 104.8018386831798 81.22702128497298 -228.5000003814697
      vertex 105.00160026550293 80.74475383758545 -228.5000003814697
      vertex 105.00160026550293 80.74475383758545 -228.5
    endloop
  endfacet
  facet normal 0.8314701121788259 0.5555694849011512 3.1421975970929076e-15
    outer loop
      vertex 104.82127104576483 80.38465494250804 -247.29999961853025
      vertex 104.84442643805556 80.35000038146973 -244.5
      vertex 104.87096163611679 80.31028757378633 -247.29999961853025
    endloop
  endfacet
  facet normal 0.8314701121788259 -0.5555694849011512 3.1421975970929076e-15
    outer loop
      vertex 104.82127104576483 83.61534505749196 -247.29999961853025
      vertex 104.87096163611679 83.68971242621367 -247.29999961853025
      vertex 104.84442643805556 83.64999961853027 -244.5
    endloop
  endfacet
  facet normal 0 0 -1
    outer loop
      vertex 104.82127104576483 83.61534505749196 -247.29999961853025
      vertex 106.83352388216463 90.65007976595487 -247.29999961853025
      vertex 104.87096163611679 83.68971242621367 -247.29999961853025
    endloop
  endfacet
  facet normal 0 1 0
    outer loop
      vertex 104.84442643805556 80.35000038146973 -244.5
      vertex 104.84442643805556 80.35000038146973 -244.30000019073486
      vertex 105.70000038146972 80.35000038146973 -244.30000019073486
    endloop
  endfacet
  facet normal 0.8314701121787503 0.5555694849012646 8.196549337962068e-16
    outer loop
      vertex 104.84442643805556 80.35000038146973 -244.5
      vertex 105.01974830627441 80.08761215209961 -244.5
      vertex 104.87096163611679 80.31028757378633 -247.29999961853025
    endloop
  endfacet
  facet normal 0 1 0
    outer loop
      vertex 104.84442643805556 80.35000038146973 -244.5
      vertex 105.70000038146972 80.35000038146973 -244.30000019073486
      vertex 107.18748376148912 80.35000038146973 -244.5
    endloop
  endfacet
  facet normal 0 0 -1
    outer loop
      vertex 104.84442643805556 80.35000038146973 -244.5
      vertex 107.18748376148912 80.35000038146973 -244.5
      vertex 105.01974830627441 80.08761215209961 -244.5
    endloop
  endfacet
  facet normal 0.8314701121787503 -0.5555694849012646 8.196549337962068e-16
    outer loop
      vertex 104.84442643805556 83.64999961853027 -244.5
      vertex 104.87096163611679 83.68971242621367 -247.29999961853025
      vertex 105.01974830627441 83.91238784790039 -244.5
    endloop
  endfacet
  facet normal 0 0 -1
    outer loop
      vertex 104.84442643805556 83.64999961853027 -244.5
      vertex 105.01974830627441 83.91238784790039 -244.5
      vertex 105.4376121520996 84.33025169372559 -244.5
    endloop
  endfacet
  facet normal 0 0 -1
    outer loop
      vertex 104.84442643805556 83.64999961853027 -244.5
      vertex 105.4376121520996 84.33025169372559 -244.5
      vertex 105.9289680480957 84.65856456756592 -244.5
    endloop
  endfacet
  facet normal 0 -1 0
    outer loop
      vertex 104.84442643805556 83.64999961853027 -244.5
      vertex 105.70000038146972 83.64999961853027 -244.30000019073486
      vertex 104.84442643805556 83.64999961853027 -244.30000019073486
    endloop
  endfacet
  facet normal 0 0 -1
    outer loop
      vertex 104.84442643805556 83.64999961853027 -244.5
      vertex 105.9289680480957 84.65856456756592 -244.5
      vertex 106.47493228912353 84.88471126556396 -244.5
    endloop
  endfacet
  facet normal 0 0 -1
    outer loop
      vertex 104.84442643805556 83.64999961853027 -244.5
      vertex 106.47493228912353 84.88471126556396 -244.5
      vertex 107.0545259475708 85 -244.5
    endloop
  endfacet
  facet normal 0 0 -1
    outer loop
      vertex 104.84442643805556 83.64999961853027 -244.5
      vertex 107.0545259475708 85 -244.5
      vertex 109.85557356194442 83.64999961853027 -244.5
    endloop
  endfacet
  facet normal 0 -1 0
    outer loop
      vertex 104.84442643805556 83.64999961853027 -244.5
      vertex 108.99999961853027 83.64999961853027 -244.30000019073486
      vertex 105.70000038146972 83.64999961853027 -244.30000019073486
    endloop
  endfacet
  facet normal 0 -1 0
    outer loop
      vertex 104.84442643805556 83.64999961853027 -244.5
      vertex 109.85557356194442 83.64999961853027 -244.5
      vertex 108.99999961853027 83.64999961853027 -244.30000019073486
    endloop
  endfacet
  facet normal 0.831470112178755 0.5555694849012573 0
    outer loop
      vertex 104.87096163611679 80.31028757378633 -247.29999961853025
      vertex 105.01974830627441 80.08761215209961 -244.5
      vertex 105.01974830627441 80.08761215209961 -247.29999961853025
    endloop
  endfacet
  facet normal 0.831470112178755 -0.5555694849012573 0
    outer loop
      vertex 104.87096163611679 83.68971242621367 -247.29999961853025
      vertex 105.01974830627441 83.91238784790039 -247.29999961853025
      vertex 105.01974830627441 83.91238784790039 -244.5
    endloop
  endfacet
  facet normal 0 0 -1
    outer loop
      vertex 104.87096163611679 83.68971242621367 -247.29999961853025
      vertex 106.83352388216463 90.65007976595487 -247.29999961853025
      vertex 105.01974830627441 83.91238784790039 -247.29999961853025
    endloop
  endfacet
  facet normal -0.9238796253049613 0.38268320834126535 0
    outer loop
      vertex 105.00159950346571 83.25524336901839 -228.5000003814697
      vertex 105.00160026550293 83.25524520874023 -228.5
      vertex 105.00160026550293 83.25524520874023 -228.5000003814697
    endloop
  endfacet
  facet normal -0.8314699942849442 -0.5555696613421173 0
    outer loop
      vertex 105.00160026550293 80.74475383758545 -228.5000003814697
      vertex 105.29160865779434 80.31072496045309 -228.5000003814697
      vertex 105.00160026550293 80.74475383758545 -228.5
    endloop
  endfacet
  facet normal -0.8314699942849313 -0.5555696613421357 3.080411664318048e-8
    outer loop
      vertex 105.00160026550293 80.74475383758545 -228.5
      vertex 105.29160865779434 80.31072496045309 -228.5000003814697
      vertex 105.29160976409912 80.31072330474854 -228.5
    endloop
  endfacet
  facet normal -0.5879382046404591 -0.3928471640436235 0.7071066208338288
    outer loop
      vertex 105.00160026550293 80.74475383758545 -228.5
      vertex 105.29160976409912 80.31072330474854 -228.5
      vertex 105.44469451904297 80.98159217834473 -228
    endloop
  endfacet
  facet normal -0.8314699942849442 0.5555696613421173 0
    outer loop
      vertex 105.00160026550293 83.25524520874023 -228.5000003814697
      vertex 105.00160026550293 83.25524520874023 -228.5
      vertex 105.29160865779434 83.6892740858726 -228.5000003814697
    endloop
  endfacet
  facet normal -0.8314699942849313 0.5555696613421357 3.080411664318048e-8
    outer loop
      vertex 105.00160026550293 83.25524520874023 -228.5
      vertex 105.29160976409912 83.68927574157715 -228.5
      vertex 105.29160865779434 83.6892740858726 -228.5000003814697
    endloop
  endfacet
  facet normal -0.5879382046404591 0.3928471640436235 0.7071066208338288
    outer loop
      vertex 105.00160026550293 83.25524520874023 -228.5
      vertex 105.44469451904297 83.01840686798096 -228
      vertex 105.29160976409912 83.68927574157715 -228.5
    endloop
  endfacet
  facet normal 0.7071067811865476 0.7071067811865476 0
    outer loop
      vertex 105.01974830627441 80.08761215209961 -247.29999961853025
      vertex 105.01974830627441 80.08761215209961 -244.5
      vertex 105.37436790296942 79.73299255540459 -247.29999961853025
    endloop
  endfacet
  facet normal 0.7071067811865475 0.7071067811865475 0
    outer loop
      vertex 105.01974830627441 80.08761215209961 -244.5
      vertex 105.4376121520996 79.66974830627441 -244.5
      vertex 105.37436790296942 79.73299255540459 -247.29999961853025
    endloop
  endfacet
  facet normal 0 0 -1
    outer loop
      vertex 105.01974830627441 80.08761215209961 -244.5
      vertex 107.18748376148912 80.35000038146973 -244.5
      vertex 105.4376121520996 79.66974830627441 -244.5
    endloop
  endfacet
  facet normal 0.7071067811865476 -0.7071067811865476 0
    outer loop
      vertex 105.01974830627441 83.91238784790039 -247.29999961853025
      vertex 105.08299255540459 83.97563209703057 -247.29999961853025
      vertex 105.01974830627441 83.91238784790039 -244.5
    endloop
  endfacet
  facet normal 0 0 -1
    outer loop
      vertex 105.01974830627441 83.91238784790039 -247.29999961853025
      vertex 106.83352388216463 90.65007976595487 -247.29999961853025
      vertex 106.83992159498698 90.61791687897343 -247.29999961853025
    endloop
  endfacet
  facet normal 0 0 -1
    outer loop
      vertex 105.01974830627441 83.91238784790039 -247.29999961853025
      vertex 106.83992159498698 90.61791687897343 -247.29999961853025
      vertex 105.08299255540459 83.97563209703057 -247.29999961853025
    endloop
  endfacet
  facet normal 0.7071067811865475 -0.7071067811865475 0
    outer loop
      vertex 105.01974830627441 83.91238784790039 -244.5
      vertex 105.08299255540459 83.97563209703057 -247.29999961853025
      vertex 105.4376121520996 84.33025169372559 -244.5
    endloop
  endfacet
  facet normal 0.7071067811865476 -0.7071067811865476 0
    outer loop
      vertex 105.08299255540459 83.97563209703057 -247.29999961853025
      vertex 105.4376121520996 84.33025169372559 -247.29999961853025
      vertex 105.4376121520996 84.33025169372559 -244.5
    endloop
  endfacet
  facet normal 0 0 -1
    outer loop
      vertex 105.08299255540459 83.97563209703057 -247.29999961853025
      vertex 106.83992159498698 90.61791687897343 -247.29999961853025
      vertex 105.4376121520996 84.33025169372559 -247.29999961853025
    endloop
  endfacet
  facet normal 0 0 1
    outer loop
      vertex 105.19999980926514 81.7882432937622 -228
      vertex 105.28262329101562 81.37286758422852 -228
      vertex 105.88442649870632 81.22654866904531 -228
    endloop
  endfacet
  facet normal 0 0 1
    outer loop
      vertex 105.19999980926514 81.7882432937622 -228
      vertex 105.73121927296782 81.6805362888608 -228
      vertex 105.19999980926514 82.21175575256348 -228
    endloop
  endfacet
  facet normal 0 0 1
    outer loop
      vertex 105.19999980926514 81.7882432937622 -228
      vertex 105.76340770721436 81.5187120437622 -228
      vertex 105.73121927296782 81.6805362888608 -228
    endloop
  endfacet
  facet normal 0 0 1
    outer loop
      vertex 105.19999980926514 81.7882432937622 -228
      vertex 105.8582273526485 81.28979860595663 -228
      vertex 105.76340770721436 81.5187120437622 -228
    endloop
  endfacet
  facet normal 0 0 1
    outer loop
      vertex 105.19999980926514 81.7882432937622 -228
      vertex 105.88442649870632 81.22654866904531 -228
      vertex 105.8582273526485 81.28979860595663 -228
    endloop
  endfacet
  facet normal 0 0 1
    outer loop
      vertex 105.19999980926514 82.21175575256348 -228
      vertex 105.69999980926514 81.8374891281128 -228
      vertex 105.69999980926514 81.91620887440715 -228
    endloop
  endfacet
  facet normal 0 0 1
    outer loop
      vertex 105.19999980926514 82.21175575256348 -228
      vertex 105.69999980926514 81.91620887440715 -228
      vertex 105.69999980926514 82.11855658777725 -228
    endloop
  endfacet
  facet normal 0 0 1
    outer loop
      vertex 105.19999980926514 82.21175575256348 -228
      vertex 105.69999980926514 82.11855658777725 -228
      vertex 105.28262329101562 82.62713146209717 -228
    endloop
  endfacet
  facet normal 0 0 1
    outer loop
      vertex 105.19999980926514 82.21175575256348 -228
      vertex 105.70000024547491 81.83748693511029 -228
      vertex 105.69999980926514 81.8374891281128 -228
    endloop
  endfacet
  facet normal 0 0 1
    outer loop
      vertex 105.19999980926514 82.21175575256348 -228
      vertex 105.7150702844144 81.76172376948657 -228
      vertex 105.70000024547491 81.83748693511029 -228
    endloop
  endfacet
  facet normal 0 0 1
    outer loop
      vertex 105.19999980926514 82.21175575256348 -228
      vertex 105.73121927296782 81.6805362888608 -228
      vertex 105.7150702844144 81.76172376948657 -228
    endloop
  endfacet
  facet normal 0 0 1
    outer loop
      vertex 105.28262329101562 81.37286758422852 -228
      vertex 105.44469451904297 80.98159217834473 -228
      vertex 107.5617561340332 79.84999942779541 -228
    endloop
  endfacet
  facet normal 0 0 1
    outer loop
      vertex 105.28262329101562 81.37286758422852 -228
      vertex 105.88778877258301 81.21843147277832 -228
      vertex 105.88442649870632 81.22654866904531 -228
    endloop
  endfacet
  facet normal 0 0 1
    outer loop
      vertex 105.28262329101562 81.37286758422852 -228
      vertex 106.02544260240842 81.01241819155939 -228
      vertex 105.88778877258301 81.21843147277832 -228
    endloop
  endfacet
  facet normal 0 0 1
    outer loop
      vertex 105.28262329101562 81.37286758422852 -228
      vertex 106.06835893998749 80.94818942630252 -228
      vertex 106.02544260240842 81.01241819155939 -228
    endloop
  endfacet
  facet normal 0 0 1
    outer loop
      vertex 105.28262329101562 81.37286758422852 -228
      vertex 106.06836128234863 80.94818592071533 -228
      vertex 106.06835893998749 80.94818942630252 -228
    endloop
  endfacet
  facet normal 0 0 1
    outer loop
      vertex 105.28262329101562 81.37286758422852 -228
      vertex 106.24304199687953 80.77350520618444 -228
      vertex 106.06836128234863 80.94818592071533 -228
    endloop
  endfacet
  facet normal 0 0 1
    outer loop
      vertex 105.28262329101562 81.37286758422852 -228
      vertex 106.29818630218506 80.7183609008789 -228
      vertex 106.24304199687953 80.77350520618444 -228
    endloop
  endfacet
  facet normal 0 0 1
    outer loop
      vertex 105.28262329101562 81.37286758422852 -228
      vertex 106.29818980777225 80.71835855851776 -228
      vertex 106.29818630218506 80.7183609008789 -228
    endloop
  endfacet
  facet normal 0 0 1
    outer loop
      vertex 105.28262329101562 81.37286758422852 -228
      vertex 106.36241857302912 80.67544222093869 -228
      vertex 106.29818980777225 80.71835855851776 -228
    endloop
  endfacet
  facet normal 0 0 1
    outer loop
      vertex 105.28262329101562 81.37286758422852 -228
      vertex 107.5617561340332 79.84999942779541 -228
      vertex 106.36241857302912 80.67544222093869 -228
    endloop
  endfacet
  facet normal 0 0 1
    outer loop
      vertex 105.28262329101562 82.62713146209717 -228
      vertex 105.69999980926514 82.11855658777725 -228
      vertex 105.69999980926514 82.16250991821289 -228
    endloop
  endfacet
  facet normal 0 0 1
    outer loop
      vertex 105.28262329101562 82.62713146209717 -228
      vertex 105.69999980926514 82.16250991821289 -228
      vertex 105.70000024547491 82.16251211121539 -228
    endloop
  endfacet
  facet normal 0 0 1
    outer loop
      vertex 105.28262329101562 82.62713146209717 -228
      vertex 105.70000024547491 82.16251211121539 -228
      vertex 105.7150702844144 82.23827527683912 -228
    endloop
  endfacet
  facet normal 0 0 1
    outer loop
      vertex 105.28262329101562 82.62713146209717 -228
      vertex 105.7150702844144 82.23827527683912 -228
      vertex 105.76340770721436 82.48128700256348 -228
    endloop
  endfacet
  facet normal 0 0 1
    outer loop
      vertex 105.28262329101562 82.62713146209717 -228
      vertex 105.76340770721436 82.48128700256348 -228
      vertex 105.77878350668334 82.51840723328507 -228
    endloop
  endfacet
  facet normal 0 0 1
    outer loop
      vertex 105.28262329101562 82.62713146209717 -228
      vertex 105.77878350668334 82.51840723328507 -228
      vertex 105.44469451904297 83.01840686798096 -228
    endloop
  endfacet
  facet normal -0.8314699910091139 -0.555569666244751 0
    outer loop
      vertex 105.29160865779434 80.31072496045309 -228.5000003814697
      vertex 105.29160976409912 80.31072330474854 -228.5000003814697
      vertex 105.29160976409912 80.31072330474854 -228.5
    endloop
  endfacet
  facet normal -0.8314699910091139 0.555569666244751 0
    outer loop
      vertex 105.29160865779434 83.6892740858726 -228.5000003814697
      vertex 105.29160976409912 83.68927574157715 -228.5
      vertex 105.29160976409912 83.68927574157715 -228.5000003814697
    endloop
  endfacet
  facet normal -0.7071067811865476 -0.7071067811865476 0
    outer loop
      vertex 105.29160976409912 80.31072330474854 -228.5000003814697
      vertex 105.66072132448167 79.94161174436599 -228.5000003814697
      vertex 105.29160976409912 80.31072330474854 -228.5
    endloop
  endfacet
  facet normal -0.7071067811865476 -0.7071067811865476 0
    outer loop
      vertex 105.29160976409912 80.31072330474854 -228.5
      vertex 105.66072132448167 79.94161174436599 -228.5000003814697
      vertex 105.66072273254395 79.94161033630371 -228.5
    endloop
  endfacet
  facet normal -0.5000000674988451 -0.5000000674988451 0.7071066857287526
    outer loop
      vertex 105.29160976409912 80.31072330474854 -228.5
      vertex 105.66072273254395 79.94161033630371 -228.5
      vertex 105.97945404052734 80.32998561859131 -228
    endloop
  endfacet
  facet normal -0.587938101128866 -0.3928472261099434 0.7071066724184593
    outer loop
      vertex 105.29160976409912 80.31072330474854 -228.5
      vertex 105.67998504638672 80.62945461273193 -228
      vertex 105.44469451904297 80.98159217834473 -228
    endloop
  endfacet
  facet normal -0.5000000674988451 -0.5000000674988451 0.7071066857287525
    outer loop
      vertex 105.29160976409912 80.31072330474854 -228.5
      vertex 105.97945404052734 80.32998561859131 -228
      vertex 105.67998504638672 80.62945461273193 -228
    endloop
  endfacet
  facet normal -0.7071067811865476 0.7071067811865476 0
    outer loop
      vertex 105.29160976409912 83.68927574157715 -228.5000003814697
      vertex 105.29160976409912 83.68927574157715 -228.5
      vertex 105.2916111721614 83.68927714963942 -228.5000003814697
    endloop
  endfacet
  facet normal -0.587938101128866 0.3928472261099434 0.7071066724184593
    outer loop
      vertex 105.29160976409912 83.68927574157715 -228.5
      vertex 105.44469451904297 83.01840686798096 -228
      vertex 105.67998504638672 83.37054443359375 -228
    endloop
  endfacet
  facet normal -0.7071067811865476 0.7071067811865476 0
    outer loop
      vertex 105.29160976409912 83.68927574157715 -228.5
      vertex 105.66072273254395 84.05838871002197 -228.5
      vertex 105.2916111721614 83.68927714963942 -228.5000003814697
    endloop
  endfacet
  facet normal -0.5000000674988451 0.5000000674988451 0.7071066857287525
    outer loop
      vertex 105.29160976409912 83.68927574157715 -228.5
      vertex 105.67998504638672 83.37054443359375 -228
      vertex 105.97945404052734 83.67001342773438 -228
    endloop
  endfacet
  facet normal -0.5000000674988451 0.5000000674988451 0.7071066857287526
    outer loop
      vertex 105.29160976409912 83.68927574157715 -228.5
      vertex 105.97945404052734 83.67001342773438 -228
      vertex 105.66072273254395 84.05838871002197 -228.5
    endloop
  endfacet
  facet normal -0.7071067811865476 0.7071067811865476 0
    outer loop
      vertex 105.2916111721614 83.68927714963942 -228.5000003814697
      vertex 105.66072273254395 84.05838871002197 -228.5
      vertex 105.66072273254395 84.05838871002197 -228.5000003814697
    endloop
  endfacet
  facet normal 0.7071067811865476 0.7071067811865476 0
    outer loop
      vertex 105.37436790296942 79.73299255540459 -247.29999961853025
      vertex 105.4376121520996 79.66974830627441 -244.5
      vertex 105.4376121520996 79.66974830627441 -247.29999961853025
    endloop
  endfacet
  facet normal 0.5555694849013709 0.8314701121786793 0
    outer loop
      vertex 105.4376121520996 79.66974830627441 -247.29999961853025
      vertex 105.4376121520996 79.66974830627441 -244.5
      vertex 105.51197952082131 79.62005771592243 -247.29999961853025
    endloop
  endfacet
  facet normal 0.5555694849012641 0.8314701121787506 -4.1054941522032495e-15
    outer loop
      vertex 105.4376121520996 79.66974830627441 -244.5
      vertex 105.9289680480957 79.34143543243408 -244.5
      vertex 105.51197952082131 79.62005771592243 -247.29999961853025
    endloop
  endfacet
  facet normal 0 0 -1
    outer loop
      vertex 105.4376121520996 79.66974830627441 -244.5
      vertex 107.18748376148912 80.35000038146973 -244.5
      vertex 105.9289680480957 79.34143543243408 -244.5
    endloop
  endfacet
  facet normal 0.5555694849013709 -0.8314701121786793 0
    outer loop
      vertex 105.4376121520996 84.33025169372559 -247.29999961853025
      vertex 105.51197952082131 84.37994228407757 -247.29999961853025
      vertex 105.4376121520996 84.33025169372559 -244.5
    endloop
  endfacet
  facet normal 0 0 -1
    outer loop
      vertex 105.4376121520996 84.33025169372559 -247.29999961853025
      vertex 106.83992159498698 90.61791687897343 -247.29999961853025
      vertex 105.51197952082131 84.37994228407757 -247.29999961853025
    endloop
  endfacet
  facet normal 0.5555694849012641 -0.8314701121787506 -4.1054941522032495e-15
    outer loop
      vertex 105.4376121520996 84.33025169372559 -244.5
      vertex 105.51197952082131 84.37994228407757 -247.29999961853025
      vertex 105.9289680480957 84.65856456756592 -244.5
    endloop
  endfacet
  facet normal 0 0 1
    outer loop
      vertex 105.44469451904297 80.98159217834473 -228
      vertex 105.67998504638672 80.62945461273193 -228
      vertex 107.5617561340332 79.84999942779541 -228
    endloop
  endfacet
  facet normal 0 0 1
    outer loop
      vertex 105.44469451904297 83.01840686798096 -228
      vertex 105.77878350668334 82.51840723328507 -228
      vertex 105.8582273526485 82.71020044036905 -228
    endloop
  endfacet
  facet normal 0 0 1
    outer loop
      vertex 105.44469451904297 83.01840686798096 -228
      vertex 105.8582273526485 82.71020044036905 -228
      vertex 105.88778877258301 82.78156757354736 -228
    endloop
  endfacet
  facet normal 0 0 1
    outer loop
      vertex 105.44469451904297 83.01840686798096 -228
      vertex 105.88778877258301 82.78156757354736 -228
      vertex 105.94724095450508 82.87054395065886 -228
    endloop
  endfacet
  facet normal 0 0 1
    outer loop
      vertex 105.44469451904297 83.01840686798096 -228
      vertex 105.94724095450508 82.87054395065886 -228
      vertex 105.67998504638672 83.37054443359375 -228
    endloop
  endfacet
  facet normal 0.5555694849012545 0.8314701121787571 -2.026489325293697e-15
    outer loop
      vertex 105.51197952082131 79.62005771592243 -247.29999961853025
      vertex 105.9289680480957 79.34143543243408 -244.5
      vertex 105.91463144914661 79.35101482293376 -247.29999961853025
    endloop
  endfacet
  facet normal 0.555569484901245 -0.8314701121787634 0
    outer loop
      vertex 105.51197952082131 84.37994228407757 -247.29999961853025
      vertex 105.9289680480957 84.65856456756592 -247.29999961853025
      vertex 105.9289680480957 84.65856456756592 -244.5
    endloop
  endfacet
  facet normal 0 0 -1
    outer loop
      vertex 105.51197952082131 84.37994228407757 -247.29999961853025
      vertex 106.83992159498698 90.61791687897343 -247.29999961853025
      vertex 105.9289680480957 84.65856456756592 -247.29999961853025
    endloop
  endfacet
  facet normal -0.13794995548759503 -0.6935202002951254 -0.7071064570229715
    outer loop
      vertex 105.63632488250732 76.35077285766602 -246.89999904632566
      vertex 105.75300121307373 76.73540115356445 -247.29999961853025
      vertex 106.81075954437256 76.52499961853027 -247.29999961853025
    endloop
  endfacet
  facet normal -0.19509021974022622 -0.9807853007471667 0
    outer loop
      vertex 105.63632488250732 76.35077285766602 -246.89999904632566
      vertex 106.7713623046875 76.125 -246.89999904632566
      vertex 106.7713623046875 76.125 -228.9000009536743
    endloop
  endfacet
  facet normal -0.19509021974022622 -0.9807853007471667 0
    outer loop
      vertex 105.63632488250732 76.35077285766602 -246.89999904632566
      vertex 106.7713623046875 76.125 -228.9000009536743
      vertex 105.63632488250732 76.35077285766602 -228.9000009536743
    endloop
  endfacet
  facet normal -0.13794975697781045 -0.6935206391465388 -0.707106065330753
    outer loop
      vertex 105.63632488250732 76.35077285766602 -246.89999904632566
      vertex 106.81075954437256 76.52499961853027 -247.29999961853025
      vertex 106.7713623046875 76.125 -246.89999904632566
    endloop
  endfacet
  facet normal -0.13794975697781045 -0.6935206391465388 0.707106065330753
    outer loop
      vertex 105.63632488250732 76.35077285766602 -228.9000009536743
      vertex 106.7713623046875 76.125 -228.9000009536743
      vertex 106.81075954437256 76.52499961853027 -228.5000003814697
    endloop
  endfacet
  facet normal -0.13794995548759503 -0.6935202002951254 0.7071064570229715
    outer loop
      vertex 105.63632488250732 76.35077285766602 -228.9000009536743
      vertex 106.81075954437256 76.52499961853027 -228.5000003814697
      vertex 105.75300121307373 76.73540115356445 -228.5000003814697
    endloop
  endfacet
  facet normal -0.7071067811865476 -0.7071067811865476 0
    outer loop
      vertex 105.66072132448167 79.94161174436599 -228.5000003814697
      vertex 105.66072273254395 79.94161033630371 -228.5000003814697
      vertex 105.66072273254395 79.94161033630371 -228.5
    endloop
  endfacet
  facet normal -0.5555700853484744 -0.8314697109732192 0
    outer loop
      vertex 105.66072273254395 79.94161033630371 -228.5000003814697
      vertex 105.66072438825213 79.9416092299953 -228.5000003814697
      vertex 105.66072273254395 79.94161033630371 -228.5
    endloop
  endfacet
  facet normal 0 0 1
    outer loop
      vertex 105.66072273254395 79.94161033630371 -228.5000003814697
      vertex 108.94699764251709 76.73540115356445 -228.5000003814697
      vertex 105.66072438825213 79.9416092299953 -228.5000003814697
    endloop
  endfacet
  facet normal -0.5555700804482706 -0.831469714247429 3.076415602221261e-8
    outer loop
      vertex 105.66072273254395 79.94161033630371 -228.5
      vertex 105.66072438825213 79.9416092299953 -228.5000003814697
      vertex 106.09475421905518 79.6515998840332 -228.5
    endloop
  endfacet
  facet normal -0.3928474701479787 -0.5879380212181512 0.7071066032815827
    outer loop
      vertex 105.66072273254395 79.94161033630371 -228.5
      vertex 106.09475421905518 79.6515998840332 -228.5
      vertex 106.33159255981445 80.09469413757324 -228
    endloop
  endfacet
  facet normal -0.3928475793626236 -0.5879378390739848 0.7071066940525599
    outer loop
      vertex 105.66072273254395 79.94161033630371 -228.5
      vertex 106.33159255981445 80.09469413757324 -228
      vertex 105.97945404052734 80.32998561859131 -228
    endloop
  endfacet
  facet normal -0.5555700804482522 0.8314697142474419 0
    outer loop
      vertex 105.66072273254395 84.05838871002197 -228.5000003814697
      vertex 105.66072273254395 84.05838871002197 -228.5
      vertex 106.09475256334699 84.34839805598406 -228.5000003814697
    endloop
  endfacet
  facet normal -0.3928475793626236 0.5879378390739848 0.7071066940525599
    outer loop
      vertex 105.66072273254395 84.05838871002197 -228.5
      vertex 105.97945404052734 83.67001342773438 -228
      vertex 106.33159255981445 83.90530490875244 -228
    endloop
  endfacet
  facet normal -0.5555700804482706 0.831469714247429 -3.080403858418751e-8
    outer loop
      vertex 105.66072273254395 84.05838871002197 -228.5
      vertex 106.09475421905518 84.34839916229248 -228.5
      vertex 106.09475256334699 84.34839805598406 -228.5000003814697
    endloop
  endfacet
  facet normal -0.3928474701479787 0.5879380212181512 0.7071066032815827
    outer loop
      vertex 105.66072273254395 84.05838871002197 -228.5
      vertex 106.33159255981445 83.90530490875244 -228
      vertex 106.09475421905518 84.34839916229248 -228.5
    endloop
  endfacet
  facet normal -0.5555700804482522 -0.8314697142474419 0
    outer loop
      vertex 105.66072438825213 79.9416092299953 -228.5000003814697
      vertex 106.09475421905518 79.6515998840332 -228.5000003814697
      vertex 106.09475421905518 79.6515998840332 -228.5
    endloop
  endfacet
  facet normal 0 0 1
    outer loop
      vertex 105.66072438825213 79.9416092299953 -228.5000003814697
      vertex 108.94699764251709 76.73540115356445 -228.5000003814697
      vertex 106.09475421905518 79.6515998840332 -228.5000003814697
    endloop
  endfacet
  facet normal 0 0 1
    outer loop
      vertex 105.67998504638672 80.62945461273193 -228
      vertex 105.97945404052734 80.32998561859131 -228
      vertex 107.5617561340332 79.84999942779541 -228
    endloop
  endfacet
  facet normal 0 0 1
    outer loop
      vertex 105.67998504638672 83.37054443359375 -228
      vertex 105.94724095450508 82.87054395065886 -228
      vertex 106.02544406638413 82.98758304575827 -228
    endloop
  endfacet
  facet normal 0 0 1
    outer loop
      vertex 105.67998504638672 83.37054443359375 -228
      vertex 106.02544406638413 82.98758304575827 -228
      vertex 106.06836040396323 83.05181181101517 -228
    endloop
  endfacet
  facet normal 0 0 1
    outer loop
      vertex 105.67998504638672 83.37054443359375 -228
      vertex 106.06836040396323 83.05181181101517 -228
      vertex 106.06836128234863 83.05181312561035 -228
    endloop
  endfacet
  facet normal 0 0 1
    outer loop
      vertex 105.67998504638672 83.37054443359375 -228
      vertex 106.06836128234863 83.05181312561035 -228
      vertex 106.18656109012707 83.17001293338879 -228
    endloop
  endfacet
  facet normal 0 0 1
    outer loop
      vertex 105.67998504638672 83.37054443359375 -228
      vertex 106.18656109012707 83.17001293338879 -228
      vertex 105.97945404052734 83.67001342773438 -228
    endloop
  endfacet
  facet normal 0.9807857551775454 0.19508793514928557 0
    outer loop
      vertex 105.69999980926514 81.8374891281128 -244.30000019073486
      vertex 105.69999980926514 81.8374891281128 -228
      vertex 105.70000038146972 81.8374862514095 -243.9000005722046
    endloop
  endfacet
  facet normal 1 0 0
    outer loop
      vertex 105.69999980926514 81.8374891281128 -244.30000019073486
      vertex 105.69999980926514 81.91620887440715 -228
      vertex 105.69999980926514 81.8374891281128 -228
    endloop
  endfacet
  facet normal 1 0 0
    outer loop
      vertex 105.69999980926514 81.8374891281128 -244.30000019073486
      vertex 105.69999980926514 82.16250991821289 -244.30000019073486
      vertex 105.69999980926514 81.91620887440715 -228
    endloop
  endfacet
  facet normal 0.9807857551775454 0.1950879351492856 0
    outer loop
      vertex 105.69999980926514 81.8374891281128 -244.30000019073486
      vertex 105.70000038146972 81.8374862514095 -243.9000005722046
      vertex 105.70000038146972 81.8374862514095 -244.30000019073486
    endloop
  endfacet
  facet normal 0.9807857549230707 0.19508793642863229 -2.406234130856638e-16
    outer loop
      vertex 105.69999980926514 81.8374891281128 -228
      vertex 105.70000024547491 81.83748693511029 -228
      vertex 105.70000038146972 81.8374862514095 -243.9000005722046
    endloop
  endfacet
  facet normal 1 0 0
    outer loop
      vertex 105.69999980926514 81.91620887440715 -228
      vertex 105.69999980926514 82.16250991821289 -244.30000019073486
      vertex 105.69999980926514 82.11855658777725 -228
    endloop
  endfacet
  facet normal 1 0 0
    outer loop
      vertex 105.69999980926514 82.11855658777725 -228
      vertex 105.69999980926514 82.16250991821289 -244.30000019073486
      vertex 105.69999980926514 82.16250991821289 -228
    endloop
  endfacet
  facet normal 0.9807857551775454 -0.1950879351492856 0
    outer loop
      vertex 105.69999980926514 82.16250991821289 -244.30000019073486
      vertex 105.70000038146972 82.16251279491618 -244.30000019073486
      vertex 105.70000038146972 82.16251279491618 -243.9000005722046
    endloop
  endfacet
  facet normal 0.9807857551775454 -0.19508793514928557 0
    outer loop
      vertex 105.69999980926514 82.16250991821289 -244.30000019073486
      vertex 105.70000038146972 82.16251279491618 -243.9000005722046
      vertex 105.69999980926514 82.16250991821289 -228
    endloop
  endfacet
  facet normal 0.9807857549230707 -0.19508793642863229 -2.406234130856638e-16
    outer loop
      vertex 105.69999980926514 82.16250991821289 -228
      vertex 105.70000038146972 82.16251279491618 -243.9000005722046
      vertex 105.70000024547491 82.16251211121539 -228
    endloop
  endfacet
  facet normal 0.9807857552282805 0.19508793489422074 -1.7203314460250436e-16
    outer loop
      vertex 105.70000024547491 81.83748693511029 -228
      vertex 105.7150702844144 81.76172376948657 -228
      vertex 105.70000038146972 81.8374862514095 -243.9000005722046
    endloop
  endfacet
  facet normal 0.9807857552282805 -0.19508793489422074 -1.7203314460250436e-16
    outer loop
      vertex 105.70000024547491 82.16251211121539 -228
      vertex 105.70000038146972 82.16251279491618 -243.9000005722046
      vertex 105.7150702844144 82.23827527683912 -228
    endloop
  endfacet
  facet normal 0 1 0
    outer loop
      vertex 105.70000038146972 80.35000038146973 -244.30000019073486
      vertex 105.70000038146972 80.35000038146973 -244.10000038146973
      vertex 106.66654834747314 80.35000038146973 -244.10000038146973
    endloop
  endfacet
  facet normal 1 0 0
    outer loop
      vertex 105.70000038146972 80.35000038146973 -244.30000019073486
      vertex 105.70000038146972 81.31654834747314 -244.10000038146973
      vertex 105.70000038146972 80.35000038146973 -244.10000038146973
    endloop
  endfacet
  facet normal 1 0 0
    outer loop
      vertex 105.70000038146972 80.35000038146973 -244.30000019073486
      vertex 105.70000038146972 81.8374862514095 -244.30000019073486
      vertex 105.70000038146972 81.31654834747314 -244.10000038146973
    endloop
  endfacet
  facet normal 0 1 0
    outer loop
      vertex 105.70000038146972 80.35000038146973 -244.30000019073486
      vertex 106.66654834747314 80.35000038146973 -244.10000038146973
      vertex 107.18748376148912 80.35000038146973 -244.5
    endloop
  endfacet
  facet normal 0 0 -1
    outer loop
      vertex 105.70000038146972 80.35000038146973 -244.10000038146973
      vertex 105.70000038146972 81.31654834747314 -244.10000038146973
      vertex 106.06835820972194 80.94819051922093 -244.10000038146973
    endloop
  endfacet
  facet normal 0 0 -1
    outer loop
      vertex 105.70000038146972 80.35000038146973 -244.10000038146973
      vertex 106.06835820972194 80.94819051922093 -244.10000038146973
      vertex 106.06836128234863 80.94818592071533 -244.10000038146973
    endloop
  endfacet
  facet normal 0 0 -1
    outer loop
      vertex 105.70000038146972 80.35000038146973 -244.10000038146973
      vertex 106.06836128234863 80.94818592071533 -244.10000038146973
      vertex 106.29818630218506 80.7183609008789 -244.10000038146973
    endloop
  endfacet
  facet normal 0 0 -1
    outer loop
      vertex 105.70000038146972 80.35000038146973 -244.10000038146973
      vertex 106.29818630218506 80.7183609008789 -244.10000038146973
      vertex 106.29819090069066 80.71835782825221 -244.10000038146973
    endloop
  endfacet
  facet normal 0 0 -1
    outer loop
      vertex 105.70000038146972 80.35000038146973 -244.10000038146973
      vertex 106.29819090069066 80.71835782825221 -244.10000038146973
      vertex 106.66654834747314 80.35000038146973 -244.10000038146973
    endloop
  endfacet
  facet normal 0.7071067811865475 0.7071067811865475 0
    outer loop
      vertex 105.70000038146972 81.31654834747314 -244.10000038146973
      vertex 105.70000038146972 81.31654834747314 -243.9000005722046
      vertex 106.06835820972194 80.94819051922093 -244.10000038146973
    endloop
  endfacet
  facet normal 1 0 0
    outer loop
      vertex 105.70000038146972 81.31654834747314 -244.10000038146973
      vertex 105.70000038146972 81.8374862514095 -244.30000019073486
      vertex 105.70000038146972 81.8374862514095 -243.9000005722046
    endloop
  endfacet
  facet normal 1 0 0
    outer loop
      vertex 105.70000038146972 81.31654834747314 -244.10000038146973
      vertex 105.70000038146972 81.8374862514095 -243.9000005722046
      vertex 105.70000038146972 81.31654834747314 -243.9000005722046
    endloop
  endfacet
  facet normal 0 0 -1
    outer loop
      vertex 105.70000038146972 81.31654834747314 -243.9000005722046
      vertex 105.70000038146972 81.8374862514095 -243.9000005722046
      vertex 105.76340770721436 81.5187120437622 -243.9000005722046
    endloop
  endfacet
  facet normal 0 0 -1
    outer loop
      vertex 105.70000038146972 81.31654834747314 -243.9000005722046
      vertex 105.76340770721436 81.5187120437622 -243.9000005722046
      vertex 105.88778877258301 81.21843147277832 -243.9000005722046
    endloop
  endfacet
  facet normal 0 0 -1
    outer loop
      vertex 105.70000038146972 81.31654834747314 -243.9000005722046
      vertex 105.88778877258301 81.21843147277832 -243.9000005722046
      vertex 106.06835820972194 80.94819051922093 -243.9000005722046
    endloop
  endfacet
  facet normal 0.7071067811865475 0.7071067811865475 0
    outer loop
      vertex 105.70000038146972 81.31654834747314 -243.9000005722046
      vertex 106.06835820972194 80.94819051922093 -243.9000005722046
      vertex 106.06835820972194 80.94819051922093 -244.10000038146973
    endloop
  endfacet
  facet normal 0.9807857552282861 0.1950879348941917 -3.1566302819719486e-16
    outer loop
      vertex 105.70000038146972 81.8374862514095 -243.9000005722046
      vertex 105.7150702844144 81.76172376948657 -228
      vertex 105.73121927296782 81.6805362888608 -228
    endloop
  endfacet
  facet normal 0.9807857552282774 0.1950879348942354 1.3259317990680905e-16
    outer loop
      vertex 105.70000038146972 81.8374862514095 -243.9000005722046
      vertex 105.73121927296782 81.6805362888608 -228
      vertex 105.76340770721436 81.5187120437622 -243.9000005722046
    endloop
  endfacet
  facet normal 1 0 0
    outer loop
      vertex 105.70000038146972 82.16251279491618 -244.30000019073486
      vertex 105.70000038146972 82.68345165252686 -244.10000038146973
      vertex 105.70000038146972 82.16251279491618 -243.9000005722046
    endloop
  endfacet
  facet normal 1 0 0
    outer loop
      vertex 105.70000038146972 82.16251279491618 -244.30000019073486
      vertex 105.70000038146972 83.64999961853027 -244.30000019073486
      vertex 105.70000038146972 82.68345165252686 -244.10000038146973
    endloop
  endfacet
  facet normal 1 0 0
    outer loop
      vertex 105.70000038146972 82.16251279491618 -243.9000005722046
      vertex 105.70000038146972 82.68345165252686 -244.10000038146973
      vertex 105.70000038146972 82.68345165252686 -243.9000005722046
    endloop
  endfacet
  facet normal 0 0 -1
    outer loop
      vertex 105.70000038146972 82.16251279491618 -243.9000005722046
      vertex 105.70000038146972 82.68345165252686 -243.9000005722046
      vertex 105.76340770721436 82.48128700256348 -243.9000005722046
    endloop
  endfacet
  facet normal 0.9807857552282774 -0.1950879348942354 -9.936096519598856e-17
    outer loop
      vertex 105.70000038146972 82.16251279491618 -243.9000005722046
      vertex 105.76340770721436 82.48128700256348 -243.9000005722046
      vertex 105.7150702844144 82.23827527683912 -228
    endloop
  endfacet
  facet normal 1 0 0
    outer loop
      vertex 105.70000038146972 82.68345165252686 -244.10000038146973
      vertex 105.70000038146972 83.64999961853027 -244.30000019073486
      vertex 105.70000038146972 83.64999961853027 -244.10000038146973
    endloop
  endfacet
  facet normal 0 0 -1
    outer loop
      vertex 105.70000038146972 82.68345165252686 -244.10000038146973
      vertex 105.70000038146972 83.64999961853027 -244.10000038146973
      vertex 106.06836013011363 83.05181140117077 -244.10000038146973
    endloop
  endfacet
  facet normal 0.7071067811865476 -0.7071067811865476 0
    outer loop
      vertex 105.70000038146972 82.68345165252686 -244.10000038146973
      vertex 106.06836013011363 83.05181140117077 -244.10000038146973
      vertex 105.70000038146972 82.68345165252686 -243.9000005722046
    endloop
  endfacet
  facet normal 0 0 -1
    outer loop
      vertex 105.70000038146972 82.68345165252686 -243.9000005722046
      vertex 105.88778877258301 82.78156757354736 -243.9000005722046
      vertex 105.76340770721436 82.48128700256348 -243.9000005722046
    endloop
  endfacet
  facet normal 0.7071067811865476 -0.7071067811865476 0
    outer loop
      vertex 105.70000038146972 82.68345165252686 -243.9000005722046
      vertex 106.06836013011363 83.05181140117077 -244.10000038146973
      vertex 106.06836013011363 83.05181140117077 -243.9000005722046
    endloop
  endfacet
  facet normal 0 0 -1
    outer loop
      vertex 105.70000038146972 82.68345165252686 -243.9000005722046
      vertex 106.06836013011363 83.05181140117077 -243.9000005722046
      vertex 105.88778877258301 82.78156757354736 -243.9000005722046
    endloop
  endfacet
  facet normal 0 -1 0
    outer loop
      vertex 105.70000038146972 83.64999961853027 -244.30000019073486
      vertex 106.66654834747314 83.64999961853027 -244.10000038146973
      vertex 105.70000038146972 83.64999961853027 -244.10000038146973
    endloop
  endfacet
  facet normal 0 -1 0
    outer loop
      vertex 105.70000038146972 83.64999961853027 -244.30000019073486
      vertex 108.03345165252685 83.64999961853027 -244.10000038146973
      vertex 106.66654834747314 83.64999961853027 -244.10000038146973
    endloop
  endfacet
  facet normal 0 -1 0
    outer loop
      vertex 105.70000038146972 83.64999961853027 -244.30000019073486
      vertex 108.99999961853027 83.64999961853027 -244.30000019073486
      vertex 108.03345165252685 83.64999961853027 -244.10000038146973
    endloop
  endfacet
  facet normal 0 0 -1
    outer loop
      vertex 105.70000038146972 83.64999961853027 -244.10000038146973
      vertex 106.06836128234863 83.05181312561035 -244.10000038146973
      vertex 106.06836013011363 83.05181140117077 -244.10000038146973
    endloop
  endfacet
  facet normal 0 0 -1
    outer loop
      vertex 105.70000038146972 83.64999961853027 -244.10000038146973
      vertex 106.29818630218506 83.28163814544678 -244.10000038146973
      vertex 106.06836128234863 83.05181312561035 -244.10000038146973
    endloop
  endfacet
  facet normal 0 0 -1
    outer loop
      vertex 105.70000038146972 83.64999961853027 -244.10000038146973
      vertex 106.29818802662464 83.28163929768178 -244.10000038146973
      vertex 106.29818630218506 83.28163814544678 -244.10000038146973
    endloop
  endfacet
  facet normal 0 0 -1
    outer loop
      vertex 105.70000038146972 83.64999961853027 -244.10000038146973
      vertex 106.66654834747314 83.64999961853027 -244.10000038146973
      vertex 106.29818802662464 83.28163929768178 -244.10000038146973
    endloop
  endfacet
  facet normal 0.9807857552282787 -0.19508793489422915 0
    outer loop
      vertex 105.7150702844144 82.23827527683912 -228
      vertex 105.76340770721436 82.48128700256348 -243.9000005722046
      vertex 105.76340770721436 82.48128700256348 -228
    endloop
  endfacet
  facet normal 0.980785755228275 0.19508793489424794 0
    outer loop
      vertex 105.73121927296782 81.6805362888608 -228
      vertex 105.76340770721436 81.5187120437622 -228
      vertex 105.76340770721436 81.5187120437622 -243.9000005722046
    endloop
  endfacet
  facet normal 0 0 1
    outer loop
      vertex 105.75300121307373 76.73540115356445 -228.5000003814697
      vertex 106.81075954437256 76.52499961853027 -228.5000003814697
      vertex 108.94699764251709 76.73540115356445 -228.5000003814697
    endloop
  endfacet
  facet normal 0.9238786836566941 0.3826854816749312 0
    outer loop
      vertex 105.76340770721436 81.5187120437622 -243.9000005722046
      vertex 105.76340770721436 81.5187120437622 -228
      vertex 105.8582273526485 81.28979860595663 -228
    endloop
  endfacet
  facet normal 0.9238786836566757 0.38268548167497585 7.519151721245822e-16
    outer loop
      vertex 105.76340770721436 81.5187120437622 -243.9000005722046
      vertex 105.8582273526485 81.28979860595663 -228
      vertex 105.88778877258301 81.21843147277832 -243.9000005722046
    endloop
  endfacet
  facet normal 0.9238786836567424 -0.3826854816748146 0
    outer loop
      vertex 105.76340770721436 82.48128700256348 -243.9000005722046
      vertex 105.77878350668334 82.51840723328507 -228
      vertex 105.76340770721436 82.48128700256348 -228
    endloop
  endfacet
  facet normal 0.9238786836566848 -0.3826854816749538 3.807616773043741e-16
    outer loop
      vertex 105.76340770721436 82.48128700256348 -243.9000005722046
      vertex 105.8582273526485 82.71020044036905 -228
      vertex 105.77878350668334 82.51840723328507 -228
    endloop
  endfacet
  facet normal 0.9238786836566757 -0.38268548167497585 7.519151721245822e-16
    outer loop
      vertex 105.76340770721436 82.48128700256348 -243.9000005722046
      vertex 105.88778877258301 82.78156757354736 -243.9000005722046
      vertex 105.8582273526485 82.71020044036905 -228
    endloop
  endfacet
  facet normal 0.9238786836566314 0.38268548167508215 1.92630234442754e-16
    outer loop
      vertex 105.8582273526485 81.28979860595663 -228
      vertex 105.88442649870632 81.22654866904531 -228
      vertex 105.88778877258301 81.21843147277832 -243.9000005722046
    endloop
  endfacet
  facet normal 0.9238786836566165 -0.38268548167511884 0
    outer loop
      vertex 105.8582273526485 82.71020044036905 -228
      vertex 105.88778877258301 82.78156757354736 -243.9000005722046
      vertex 105.88778877258301 82.78156757354736 -228
    endloop
  endfacet
  facet normal 0.9238786836564983 0.38268548167540434 0
    outer loop
      vertex 105.88442649870632 81.22654866904531 -228
      vertex 105.88778877258301 81.21843147277832 -228
      vertex 105.88778877258301 81.21843147277832 -243.9000005722046
    endloop
  endfacet
  facet normal 0.8314693211087352 0.555570668821689 0
    outer loop
      vertex 105.88778877258301 81.21843147277832 -243.9000005722046
      vertex 105.88778877258301 81.21843147277832 -228
      vertex 106.02544260240842 81.01241819155939 -228
    endloop
  endfacet
  facet normal 0.8314693211087347 0.5555706688216898 1.4770012311069904e-17
    outer loop
      vertex 105.88778877258301 81.21843147277832 -243.9000005722046
      vertex 106.02544260240842 81.01241819155939 -228
      vertex 106.06835820972194 80.94819051922093 -243.9000005722046
    endloop
  endfacet
  facet normal 0.8314693211086696 -0.5555706688217874 0
    outer loop
      vertex 105.88778877258301 82.78156757354736 -243.9000005722046
      vertex 105.94724095450508 82.87054395065886 -228
      vertex 105.88778877258301 82.78156757354736 -228
    endloop
  endfacet
  facet normal 0.8314693211087294 -0.5555706688216976 -7.257369774739394e-16
    outer loop
      vertex 105.88778877258301 82.78156757354736 -243.9000005722046
      vertex 106.06836013011363 83.05181140117077 -243.9000005722046
      vertex 105.94724095450508 82.87054395065886 -228
    endloop
  endfacet
  facet normal 0.555569484901348 0.8314701121786945 -2.7172157410497644e-15
    outer loop
      vertex 105.91463144914661 79.35101482293376 -247.29999961853025
      vertex 105.9289680480957 79.34143543243408 -244.5
      vertex 105.9239120314275 79.34481374818452 -247.29999961853025
    endloop
  endfacet
  facet normal 0.5555694849003077 0.8314701121793895 0
    outer loop
      vertex 105.9239120314275 79.34481374818452 -247.29999961853025
      vertex 105.9289680480957 79.34143543243408 -244.5
      vertex 105.9289680480957 79.34143543243408 -247.29999961853025
    endloop
  endfacet
  facet normal 0.38268473923212154 0.9238789911881551 0
    outer loop
      vertex 105.9289680480957 79.34143543243408 -247.29999961853025
      vertex 105.9289680480957 79.34143543243408 -244.5
      vertex 105.93404209508961 79.33933368494417 -247.29999961853025
    endloop
  endfacet
  facet normal 0.38268473923024643 0.9238789911889317 -3.981009887731218e-15
    outer loop
      vertex 105.9289680480957 79.34143543243408 -244.5
      vertex 105.94474573465322 79.33490007453167 -247.29999961853025
      vertex 105.93404209508961 79.33933368494417 -247.29999961853025
    endloop
  endfacet
  facet normal 0.38268473923060536 0.9238789911887832 -1.6113396078149057e-15
    outer loop
      vertex 105.9289680480957 79.34143543243408 -244.5
      vertex 105.95508048512644 79.33061926359477 -247.29999961853025
      vertex 105.94474573465322 79.33490007453167 -247.29999961853025
    endloop
  endfacet
  facet normal 0.3826847392318539 0.9238789911882659 1.203055039143977e-14
    outer loop
      vertex 105.9289680480957 79.34143543243408 -244.5
      vertex 105.9646718175232 79.32664638773966 -247.29999961853025
      vertex 105.95508048512644 79.33061926359477 -247.29999961853025
    endloop
  endfacet
  facet normal 0.3826847392286239 0.9238789911896038 -3.6220396843164715e-14
    outer loop
      vertex 105.9289680480957 79.34143543243408 -244.5
      vertex 105.97316582500923 79.32312804056346 -247.29999961853025
      vertex 105.9646718175232 79.32664638773966 -247.29999961853025
    endloop
  endfacet
  facet normal 0.38268473923331653 0.9238789911876601 5.055926736465078e-14
    outer loop
      vertex 105.9289680480957 79.34143543243408 -244.5
      vertex 105.98024006440954 79.32019778293665 -247.29999961853025
      vertex 105.97316582500923 79.32312804056346 -247.29999961853025
    endloop
  endfacet
  facet normal 0.3826847392308214 0.9238789911886937 -2.9711775816235782e-15
    outer loop
      vertex 105.9289680480957 79.34143543243408 -244.5
      vertex 106.13984682322479 79.25408623428231 -247.29999961853025
      vertex 105.98024006440954 79.32019778293665 -247.29999961853025
    endloop
  endfacet
  facet normal 0.38268473923167395 0.9238789911883404 7.232850978501033e-14
    outer loop
      vertex 105.9289680480957 79.34143543243408 -244.5
      vertex 106.14454754235666 79.25213912487476 -247.29999961853025
      vertex 106.13984682322479 79.25408623428231 -247.29999961853025
    endloop
  endfacet
  facet normal 0.38268473923082214 0.9238789911886933 -4.579370753070739e-15
    outer loop
      vertex 105.9289680480957 79.34143543243408 -244.5
      vertex 106.47493228912353 79.11528873443604 -244.5
      vertex 106.14454754235666 79.25213912487476 -247.29999961853025
    endloop
  endfacet
  facet normal 0 0 -1
    outer loop
      vertex 105.9289680480957 79.34143543243408 -244.5
      vertex 107.18748376148912 80.35000038146973 -244.5
      vertex 106.47493228912353 79.11528873443604 -244.5
    endloop
  endfacet
  facet normal 0.38268473923084795 -0.9238789911886827 0
    outer loop
      vertex 105.9289680480957 84.65856456756592 -247.29999961853025
      vertex 106.39229987471222 84.85048366188147 -247.29999961853025
      vertex 105.9289680480957 84.65856456756592 -244.5
    endloop
  endfacet
  facet normal 0 0 -1
    outer loop
      vertex 105.9289680480957 84.65856456756592 -247.29999961853025
      vertex 106.83992159498698 90.61791687897343 -247.29999961853025
      vertex 107.86672951985776 87.28989157427435 -247.29999961853025
    endloop
  endfacet
  facet normal 0 0 -1
    outer loop
      vertex 105.9289680480957 84.65856456756592 -247.29999961853025
      vertex 107.86672951985776 87.28989157427435 -247.29999961853025
      vertex 106.39229987471222 84.85048366188147 -247.29999961853025
    endloop
  endfacet
  facet normal 0.38268473923082214 -0.9238789911886933 -4.990339923218113e-15
    outer loop
      vertex 105.9289680480957 84.65856456756592 -244.5
      vertex 106.39229987471222 84.85048366188147 -247.29999961853025
      vertex 106.47493228912353 84.88471126556396 -244.5
    endloop
  endfacet
  facet normal 0.8314693211087518 -0.5555706688216645 -1.7671899666877327e-16
    outer loop
      vertex 105.94724095450508 82.87054395065886 -228
      vertex 106.06836013011363 83.05181140117077 -243.9000005722046
      vertex 106.02544406638413 82.98758304575827 -228
    endloop
  endfacet
  facet normal 0 0 1
    outer loop
      vertex 105.97945404052734 80.32998561859131 -228
      vertex 106.33159255981445 80.09469413757324 -228
      vertex 107.5617561340332 79.84999942779541 -228
    endloop
  endfacet
  facet normal 0 0 1
    outer loop
      vertex 105.97945404052734 83.67001342773438 -228
      vertex 106.18656109012707 83.17001293338879 -228
      vertex 106.24304199687953 83.22649384014125 -228
    endloop
  endfacet
  facet normal 0 0 1
    outer loop
      vertex 105.97945404052734 83.67001342773438 -228
      vertex 106.24304199687953 83.22649384014125 -228
      vertex 106.29818630218506 83.28163814544678 -228
    endloop
  endfacet
  facet normal 0 0 1
    outer loop
      vertex 105.97945404052734 83.67001342773438 -228
      vertex 106.29818630218506 83.28163814544678 -228
      vertex 106.29818761678024 83.28163902383218 -228
    endloop
  endfacet
  facet normal 0 0 1
    outer loop
      vertex 105.97945404052734 83.67001342773438 -228
      vertex 106.29818761678024 83.28163902383218 -228
      vertex 106.36241638203714 83.32455536141129 -228
    endloop
  endfacet
  facet normal 0 0 1
    outer loop
      vertex 105.97945404052734 83.67001342773438 -228
      vertex 106.36241638203714 83.32455536141129 -228
      vertex 106.48326601038607 83.40530459309568 -228
    endloop
  endfacet
  facet normal 0 0 1
    outer loop
      vertex 105.97945404052734 83.67001342773438 -228
      vertex 106.48326601038607 83.40530459309568 -228
      vertex 106.33159255981445 83.90530490875244 -228
    endloop
  endfacet
  facet normal 0.8314693211087836 0.5555706688216169 4.4136693411024686e-16
    outer loop
      vertex 106.02544260240842 81.01241819155939 -228
      vertex 106.06835893998749 80.94818942630252 -228
      vertex 106.06835820972194 80.94819051922093 -243.9000005722046
    endloop
  endfacet
  facet normal 0.8314693211087271 -0.5555706688217013 -3.919338374896992e-16
    outer loop
      vertex 106.02544406638413 82.98758304575827 -228
      vertex 106.06836013011363 83.05181140117077 -243.9000005722046
      vertex 106.06836040396323 83.05181181101517 -228
    endloop
  endfacet
  facet normal 0.8314693207695719 0.5555706693292825 0
    outer loop
      vertex 106.06835820972194 80.94819051922093 -244.10000038146973
      vertex 106.06835820972194 80.94819051922093 -243.9000005722046
      vertex 106.06836128234863 80.94818592071533 -244.10000038146973
    endloop
  endfacet
  facet normal 0.8314693197390237 0.555570670871605 6.45211858575918e-16
    outer loop
      vertex 106.06835820972194 80.94819051922093 -243.9000005722046
      vertex 106.06835893998749 80.94818942630252 -228
      vertex 106.06836128234863 80.94818592071533 -228
    endloop
  endfacet
  facet normal 0.8314693207695718 0.5555706693292825 0
    outer loop
      vertex 106.06835820972194 80.94819051922093 -243.9000005722046
      vertex 106.06836128234863 80.94818592071533 -228
      vertex 106.06836128234863 80.94818592071533 -244.10000038146973
    endloop
  endfacet
  facet normal 0.8314693210285521 -0.5555706689416915 0
    outer loop
      vertex 106.06836013011363 83.05181140117077 -244.10000038146973
      vertex 106.06836128234863 83.05181312561035 -244.10000038146973
      vertex 106.06836013011363 83.05181140117077 -243.9000005722046
    endloop
  endfacet
  facet normal 0.8314693210285521 -0.5555706689416915 0
    outer loop
      vertex 106.06836013011363 83.05181140117077 -243.9000005722046
      vertex 106.06836128234863 83.05181312561035 -244.10000038146973
      vertex 106.06836128234863 83.05181312561035 -228
    endloop
  endfacet
  facet normal 0.8314693231927633 -0.5555706657027241 -5.081184441833029e-16
    outer loop
      vertex 106.06836013011363 83.05181140117077 -243.9000005722046
      vertex 106.06836128234863 83.05181312561035 -228
      vertex 106.06836040396323 83.05181181101517 -228
    endloop
  endfacet
  facet normal 0.7071067811865476 0.7071067811865476 0
    outer loop
      vertex 106.06836128234863 80.94818592071533 -244.10000038146973
      vertex 106.06836128234863 80.94818592071533 -228
      vertex 106.24304199687953 80.77350520618444 -228
    endloop
  endfacet
  facet normal 0.7071067811865476 0.7071067811865476 0
    outer loop
      vertex 106.06836128234863 80.94818592071533 -244.10000038146973
      vertex 106.24304199687953 80.77350520618444 -228
      vertex 106.29818630218506 80.7183609008789 -244.10000038146973
    endloop
  endfacet
  facet normal 0.7071067811865475 -0.7071067811865475 0
    outer loop
      vertex 106.06836128234863 83.05181312561035 -244.10000038146973
      vertex 106.18656109012707 83.17001293338879 -228
      vertex 106.06836128234863 83.05181312561035 -228
    endloop
  endfacet
  facet normal 0.7071067811865476 -0.7071067811865476 0
    outer loop
      vertex 106.06836128234863 83.05181312561035 -244.10000038146973
      vertex 106.29818630218506 83.28163814544678 -244.10000038146973
      vertex 106.18656109012707 83.17001293338879 -228
    endloop
  endfacet
  facet normal -0.5555700853484744 0.8314697109732192 0
    outer loop
      vertex 106.09475256334699 84.34839805598406 -228.5000003814697
      vertex 106.09475421905518 84.34839916229248 -228.5
      vertex 106.09475421905518 84.34839916229248 -228.5000003814697
    endloop
  endfacet
  facet normal -0.3826832114955591 -0.923879623998411 0
    outer loop
      vertex 106.09475421905518 79.6515998840332 -228.5000003814697
      vertex 106.5770216664427 79.45183830171007 -228.5000003814697
      vertex 106.09475421905518 79.6515998840332 -228.5
    endloop
  endfacet
  facet normal 0 0 1
    outer loop
      vertex 106.09475421905518 79.6515998840332 -228.5000003814697
      vertex 108.94699764251709 76.73540115356445 -228.5000003814697
      vertex 106.5770216664427 79.45183830171007 -228.5000003814697
    endloop
  endfacet
  facet normal -0.382683211495547 -0.9238796239984157 1.7841277152436006e-8
    outer loop
      vertex 106.09475421905518 79.6515998840332 -228.5
      vertex 106.5770216664427 79.45183830171007 -228.5000003814697
      vertex 106.57702350616455 79.45183753967285 -228.5
    endloop
  endfacet
  facet normal -0.270597945523892 -0.6532816717732237 0.7071066462729866
    outer loop
      vertex 106.09475421905518 79.6515998840332 -228.5
      vertex 106.57702350616455 79.45183753967285 -228.5
      vertex 106.33159255981445 80.09469413757324 -228
    endloop
  endfacet
  facet normal -0.38268320834126535 0.9238796253049613 0
    outer loop
      vertex 106.09475421905518 84.34839916229248 -228.5000003814697
      vertex 106.09475421905518 84.34839916229248 -228.5
      vertex 106.09475605877702 84.3483999243297 -228.5000003814697
    endloop
  endfacet
  facet normal -0.270597945523892 0.6532816717732237 0.7071066462729866
    outer loop
      vertex 106.09475421905518 84.34839916229248 -228.5
      vertex 106.33159255981445 83.90530490875244 -228
      vertex 106.57702350616455 84.54816150665283 -228.5
    endloop
  endfacet
  facet normal -0.382683211495547 0.9238796239984157 -1.7822220612508784e-8
    outer loop
      vertex 106.09475421905518 84.34839916229248 -228.5
      vertex 106.57702350616455 84.54816150665283 -228.5
      vertex 106.09475605877702 84.3483999243297 -228.5000003814697
    endloop
  endfacet
  facet normal -0.3826832114955591 0.923879623998411 0
    outer loop
      vertex 106.09475605877702 84.3483999243297 -228.5000003814697
      vertex 106.57702350616455 84.54816150665283 -228.5
      vertex 106.57702350616455 84.54816150665283 -228.5000003814697
    endloop
  endfacet
  facet normal 0.3826847392308262 0.9238789911886917 -5.119639480626928e-15
    outer loop
      vertex 106.14454754235666 79.25213912487476 -247.29999961853025
      vertex 106.47493228912353 79.11528873443604 -244.5
      vertex 106.39229987471222 79.14951633811853 -247.29999961853025
    endloop
  endfacet
  facet normal 0.7071067811865476 -0.7071067811865476 0
    outer loop
      vertex 106.18656109012707 83.17001293338879 -228
      vertex 106.29818630218506 83.28163814544678 -244.10000038146973
      vertex 106.24304199687953 83.22649384014125 -228
    endloop
  endfacet
  facet normal 0.7071067811865476 0.7071067811865476 0
    outer loop
      vertex 106.24304199687953 80.77350520618444 -228
      vertex 106.29818630218506 80.7183609008789 -228
      vertex 106.29818630218506 80.7183609008789 -244.10000038146973
    endloop
  endfacet
  facet normal 0.7071067811865476 -0.7071067811865476 0
    outer loop
      vertex 106.24304199687953 83.22649384014125 -228
      vertex 106.29818630218506 83.28163814544678 -244.10000038146973
      vertex 106.29818630218506 83.28163814544678 -228
    endloop
  endfacet
  facet normal 0.5555706693292825 0.8314693207695718 0
    outer loop
      vertex 106.29818630218506 80.7183609008789 -244.10000038146973
      vertex 106.29818630218506 80.7183609008789 -228
      vertex 106.29819090069066 80.71835782825221 -243.9000005722046
    endloop
  endfacet
  facet normal 0.5555706693292825 0.8314693207695719 0
    outer loop
      vertex 106.29818630218506 80.7183609008789 -244.10000038146973
      vertex 106.29819090069066 80.71835782825221 -243.9000005722046
      vertex 106.29819090069066 80.71835782825221 -244.10000038146973
    endloop
  endfacet
  facet normal 0.555570670871605 0.8314693197390237 6.45211858575918e-16
    outer loop
      vertex 106.29818630218506 80.7183609008789 -228
      vertex 106.29818980777225 80.71835855851776 -228
      vertex 106.29819090069066 80.71835782825221 -243.9000005722046
    endloop
  endfacet
  facet normal 0.5555706689416915 -0.8314693210285521 0
    outer loop
      vertex 106.29818630218506 83.28163814544678 -244.10000038146973
      vertex 106.29818802662464 83.28163929768178 -244.10000038146973
      vertex 106.29818802662464 83.28163929768178 -243.9000005722046
    endloop
  endfacet
  facet normal 0.5555706689416915 -0.8314693210285521 0
    outer loop
      vertex 106.29818630218506 83.28163814544678 -244.10000038146973
      vertex 106.29818802662464 83.28163929768178 -243.9000005722046
      vertex 106.29818630218506 83.28163814544678 -228
    endloop
  endfacet
  facet normal 0.5555706657027241 -0.8314693231927633 -5.081184441833029e-16
    outer loop
      vertex 106.29818630218506 83.28163814544678 -228
      vertex 106.29818802662464 83.28163929768178 -243.9000005722046
      vertex 106.29818761678024 83.28163902383218 -228
    endloop
  endfacet
  facet normal 0.5555706688217013 -0.8314693211087271 -3.918286491677009e-16
    outer loop
      vertex 106.29818761678024 83.28163902383218 -228
      vertex 106.29818802662464 83.28163929768178 -243.9000005722046
      vertex 106.36241638203714 83.32455536141129 -228
    endloop
  endfacet
  facet normal 0.7071067811865476 -0.7071067811865476 0
    outer loop
      vertex 106.29818802662464 83.28163929768178 -244.10000038146973
      vertex 106.66654834747314 83.64999961853027 -244.10000038146973
      vertex 106.29818802662464 83.28163929768178 -243.9000005722046
    endloop
  endfacet
  facet normal 0.555570668821712 -0.83146932110872 -4.54890273164459e-16
    outer loop
      vertex 106.29818802662464 83.28163929768178 -243.9000005722046
      vertex 106.48326601038607 83.40530459309568 -228
      vertex 106.36241638203714 83.32455536141129 -228
    endloop
  endfacet
  facet normal 0.5555706688216976 -0.8314693211087294 -2.1483425790162867e-16
    outer loop
      vertex 106.29818802662464 83.28163929768178 -243.9000005722046
      vertex 106.56843185424805 83.4622106552124 -243.9000005722046
      vertex 106.48326601038607 83.40530459309568 -228
    endloop
  endfacet
  facet normal 0.7071067811865476 -0.7071067811865476 0
    outer loop
      vertex 106.29818802662464 83.28163929768178 -243.9000005722046
      vertex 106.66654834747314 83.64999961853027 -244.10000038146973
      vertex 106.66654834747314 83.64999961853027 -243.9000005722046
    endloop
  endfacet
  facet normal 0 0 -1
    outer loop
      vertex 106.29818802662464 83.28163929768178 -243.9000005722046
      vertex 106.66654834747314 83.64999961853027 -243.9000005722046
      vertex 106.56843185424805 83.4622106552124 -243.9000005722046
    endloop
  endfacet
  facet normal 0.5555706688216169 0.8314693211087836 4.4139059723981977e-16
    outer loop
      vertex 106.29818980777225 80.71835855851776 -228
      vertex 106.36241857302912 80.67544222093869 -228
      vertex 106.29819090069066 80.71835782825221 -243.9000005722046
    endloop
  endfacet
  facet normal 0.7071067811865476 0.7071067811865476 0
    outer loop
      vertex 106.29819090069066 80.71835782825221 -244.10000038146973
      vertex 106.29819090069066 80.71835782825221 -243.9000005722046
      vertex 106.66654834747314 80.35000038146973 -244.10000038146973
    endloop
  endfacet
  facet normal 0.5555706688216898 0.8314693211087347 1.5105694409048767e-17
    outer loop
      vertex 106.29819090069066 80.71835782825221 -243.9000005722046
      vertex 106.36241857302912 80.67544222093869 -228
      vertex 106.56843185424805 80.53778839111328 -243.9000005722046
    endloop
  endfacet
  facet normal 0 0 -1
    outer loop
      vertex 106.29819090069066 80.71835782825221 -243.9000005722046
      vertex 106.56843185424805 80.53778839111328 -243.9000005722046
      vertex 106.66654834747314 80.35000038146973 -243.9000005722046
    endloop
  endfacet
  facet normal 0.7071067811865476 0.7071067811865476 0
    outer loop
      vertex 106.29819090069066 80.71835782825221 -243.9000005722046
      vertex 106.66654834747314 80.35000038146973 -243.9000005722046
      vertex 106.66654834747314 80.35000038146973 -244.10000038146973
    endloop
  endfacet
  facet normal -0.2705975329035326 -0.6532816515718541 0.7071068228394296
    outer loop
      vertex 106.33159255981445 80.09469413757324 -228
      vertex 106.57702350616455 79.45183753967285 -228.5
      vertex 106.72286796569824 79.9326229095459 -228
    endloop
  endfacet
  facet normal 0 0 1
    outer loop
      vertex 106.33159255981445 80.09469413757324 -228
      vertex 106.72286796569824 79.9326229095459 -228
      vertex 107.5617561340332 79.84999942779541 -228
    endloop
  endfacet
  facet normal 0 0 1
    outer loop
      vertex 106.33159255981445 83.90530490875244 -228
      vertex 106.48326601038607 83.40530459309568 -228
      vertex 106.56843185424805 83.4622106552124 -228
    endloop
  endfacet
  facet normal 0 0 1
    outer loop
      vertex 106.33159255981445 83.90530490875244 -228
      vertex 106.56843185424805 83.4622106552124 -228
      vertex 106.79734529205362 83.55702957363027 -228
    endloop
  endfacet
  facet normal -0.2705975329035326 0.6532816515718541 0.7071068228394296
    outer loop
      vertex 106.33159255981445 83.90530490875244 -228
      vertex 106.72286796569824 84.06737613677979 -228
      vertex 106.57702350616455 84.54816150665283 -228.5
    endloop
  endfacet
  facet normal 0 0 1
    outer loop
      vertex 106.33159255981445 83.90530490875244 -228
      vertex 106.79734529205362 83.55702957363027 -228
      vertex 106.72286796569824 84.06737613677979 -228
    endloop
  endfacet
  facet normal 0.555570668821689 0.8314693211087352 0
    outer loop
      vertex 106.36241857302912 80.67544222093869 -228
      vertex 106.56843185424805 80.53778839111328 -228
      vertex 106.56843185424805 80.53778839111328 -243.9000005722046
    endloop
  endfacet
  facet normal 0 0 1
    outer loop
      vertex 106.36241857302912 80.67544222093869 -228
      vertex 107.5617561340332 79.84999942779541 -228
      vertex 106.56843185424805 80.53778839111328 -228
    endloop
  endfacet
  facet normal 0.3826847392306778 0.9238789911887529 0
    outer loop
      vertex 106.39229987471222 79.14951633811853 -247.29999961853025
      vertex 106.47493228912353 79.11528873443604 -244.5
      vertex 106.47493228912353 79.11528873443604 -247.29999961853025
    endloop
  endfacet
  facet normal 0.3826847392306778 -0.9238789911887529 0
    outer loop
      vertex 106.39229987471222 84.85048366188147 -247.29999961853025
      vertex 106.47493228912353 84.88471126556396 -247.29999961853025
      vertex 106.47493228912353 84.88471126556396 -244.5
    endloop
  endfacet
  facet normal 0 0 -1
    outer loop
      vertex 106.39229987471222 84.85048366188147 -247.29999961853025
      vertex 107.86672951985776 87.28989157427435 -247.29999961853025
      vertex 106.47493228912353 84.88471126556396 -247.29999961853025
    endloop
  endfacet
  facet normal 0.19509095313616145 0.9807851548654395 0
    outer loop
      vertex 106.47493228912353 79.11528873443604 -247.29999961853025
      vertex 106.47493228912353 79.11528873443604 -244.5
      vertex 106.562654560613 79.0978396310608 -247.29999961853025
    endloop
  endfacet
  facet normal 0.19509095313605423 0.9807851548654608 -3.4932328462198224e-15
    outer loop
      vertex 106.47493228912353 79.11528873443604 -244.5
      vertex 107.0545259475708 79 -244.5
      vertex 106.562654560613 79.0978396310608 -247.29999961853025
    endloop
  endfacet
  facet normal 0 0 -1
    outer loop
      vertex 106.47493228912353 79.11528873443604 -244.5
      vertex 107.18748376148912 80.35000038146973 -244.5
      vertex 107.0545259475708 79 -244.5
    endloop
  endfacet
  facet normal 0.19509095313616145 -0.9807851548654395 0
    outer loop
      vertex 106.47493228912353 84.88471126556396 -247.29999961853025
      vertex 106.562654560613 84.9021603689392 -247.29999961853025
      vertex 106.47493228912353 84.88471126556396 -244.5
    endloop
  endfacet
  facet normal 0 0 -1
    outer loop
      vertex 106.47493228912353 84.88471126556396 -247.29999961853025
      vertex 107.86672951985776 87.28989157427435 -247.29999961853025
      vertex 106.562654560613 84.9021603689392 -247.29999961853025
    endloop
  endfacet
  facet normal 0.19509095313605423 -0.9807851548654608 -3.4932328462198224e-15
    outer loop
      vertex 106.47493228912353 84.88471126556396 -244.5
      vertex 106.562654560613 84.9021603689392 -247.29999961853025
      vertex 107.0545259475708 85 -244.5
    endloop
  endfacet
  facet normal 0.5555706688217253 -0.831469321108711 0
    outer loop
      vertex 106.48326601038607 83.40530459309568 -228
      vertex 106.56843185424805 83.4622106552124 -243.9000005722046
      vertex 106.56843185424805 83.4622106552124 -228
    endloop
  endfacet
  facet normal 0.1950909531360351 0.9807851548654647 0
    outer loop
      vertex 106.562654560613 79.0978396310608 -247.29999961853025
      vertex 107.0545259475708 79 -244.5
      vertex 107.0545259475708 79 -247.29999961853025
    endloop
  endfacet
  facet normal 0.1950909531360351 -0.9807851548654647 0
    outer loop
      vertex 106.562654560613 84.9021603689392 -247.29999961853025
      vertex 107.0545259475708 85 -247.29999961853025
      vertex 107.0545259475708 85 -244.5
    endloop
  endfacet
  facet normal 0 0 -1
    outer loop
      vertex 106.562654560613 84.9021603689392 -247.29999961853025
      vertex 107.86672951985776 87.28989157427435 -247.29999961853025
      vertex 107.96752656022889 87.07733040942622 -247.29999961853025
    endloop
  endfacet
  facet normal 0 0 -1
    outer loop
      vertex 106.562654560613 84.9021603689392 -247.29999961853025
      vertex 107.96752656022889 87.07733040942622 -247.29999961853025
      vertex 107.0545259475708 85 -247.29999961853025
    endloop
  endfacet
  facet normal 0.3826829771900441 0.9238797210508326 0
    outer loop
      vertex 106.56843185424805 80.53778839111328 -243.9000005722046
      vertex 106.56843185424805 80.53778839111328 -228
      vertex 106.79734529205362 80.44296947269541 -228
    endloop
  endfacet
  facet normal 0.38268297719002803 0.9238797210508393 2.7189820236845894e-16
    outer loop
      vertex 106.56843185424805 80.53778839111328 -243.9000005722046
      vertex 106.79734529205362 80.44296947269541 -228
      vertex 106.86871242523193 80.41340827941895 -243.9000005722046
    endloop
  endfacet
  facet normal 0 0 -1
    outer loop
      vertex 106.56843185424805 80.53778839111328 -243.9000005722046
      vertex 106.86871242523193 80.41340827941895 -243.9000005722046
      vertex 106.66654834747314 80.35000038146973 -243.9000005722046
    endloop
  endfacet
  facet normal 0 0 1
    outer loop
      vertex 106.56843185424805 80.53778839111328 -228
      vertex 107.5617561340332 79.84999942779541 -228
      vertex 106.79734529205362 80.44296947269541 -228
    endloop
  endfacet
  facet normal 0 0 -1
    outer loop
      vertex 106.56843185424805 83.4622106552124 -243.9000005722046
      vertex 106.66654834747314 83.64999961853027 -243.9000005722046
      vertex 106.86871242523193 83.58659076690674 -243.9000005722046
    endloop
  endfacet
  facet normal 0.3826829771900441 -0.9238797210508326 0
    outer loop
      vertex 106.56843185424805 83.4622106552124 -243.9000005722046
      vertex 106.79734529205362 83.55702957363027 -228
      vertex 106.56843185424805 83.4622106552124 -228
    endloop
  endfacet
  facet normal 0.38268297719002803 -0.9238797210508393 2.7189820236845894e-16
    outer loop
      vertex 106.56843185424805 83.4622106552124 -243.9000005722046
      vertex 106.86871242523193 83.58659076690674 -243.9000005722046
      vertex 106.79734529205362 83.55702957363027 -228
    endloop
  endfacet
  facet normal -0.38268320834126535 -0.9238796253049613 0
    outer loop
      vertex 106.5770216664427 79.45183830171007 -228.5000003814697
      vertex 106.57702350616455 79.45183753967285 -228.5000003814697
      vertex 106.57702350616455 79.45183753967285 -228.5
    endloop
  endfacet
  facet normal 0 0 1
    outer loop
      vertex 106.5770216664427 79.45183830171007 -228.5000003814697
      vertex 108.94699764251709 76.73540115356445 -228.5000003814697
      vertex 106.57702350616455 79.45183753967285 -228.5000003814697
    endloop
  endfacet
  facet normal -0.1950908257072941 -0.9807851802126938 0
    outer loop
      vertex 106.57702350616455 79.45183753967285 -228.5000003814697
      vertex 106.57702545919918 79.45183715118907 -228.5000003814697
      vertex 106.57702350616455 79.45183753967285 -228.5
    endloop
  endfacet
  facet normal 0 0 1
    outer loop
      vertex 106.57702350616455 79.45183753967285 -228.5000003814697
      vertex 108.94699764251709 76.73540115356445 -228.5000003814697
      vertex 106.57702545919918 79.45183715118907 -228.5000003814697
    endloop
  endfacet
  facet normal -0.19509082807939548 -0.9807851797408522 -1.2625115030708912e-8
    outer loop
      vertex 106.57702350616455 79.45183753967285 -228.5
      vertex 106.57702545919918 79.45183715118907 -228.5000003814697
      vertex 107.08899688720703 79.34999942779541 -228.5
    endloop
  endfacet
  facet normal -0.1379500474169418 -0.6935198511537509 0.7071067815212513
    outer loop
      vertex 106.57702350616455 79.45183753967285 -228.5
      vertex 107.08899688720703 79.34999942779541 -228.5
      vertex 107.13824272155762 79.84999942779541 -228
    endloop
  endfacet
  facet normal -0.1379501680528472 -0.6935197617155916 0.7071068457058949
    outer loop
      vertex 106.57702350616455 79.45183753967285 -228.5
      vertex 107.13824272155762 79.84999942779541 -228
      vertex 106.72286796569824 79.9326229095459 -228
    endloop
  endfacet
  facet normal -0.19509082807936484 0.9807851797408582 0
    outer loop
      vertex 106.57702350616455 84.54816150665283 -228.5000003814697
      vertex 106.57702350616455 84.54816150665283 -228.5
      vertex 106.8177233403716 84.59603980961253 -228.5000003814697
    endloop
  endfacet
  facet normal -0.1379501680528472 0.6935197617155916 0.7071068457058949
    outer loop
      vertex 106.57702350616455 84.54816150665283 -228.5
      vertex 106.72286796569824 84.06737613677979 -228
      vertex 107.13824272155762 84.14999961853027 -228
    endloop
  endfacet
  facet normal -0.19509082807969738 0.9807851797407672 -2.2116168470185057e-7
    outer loop
      vertex 106.57702350616455 84.54816150665283 -228.5
      vertex 106.83583301074856 84.59964205673359 -228.5000003814697
      vertex 106.8177233403716 84.59603980961253 -228.5000003814697
    endloop
  endfacet
  facet normal -0.19509082807939548 0.9807851797408522 -4.9481750234103175e-9
    outer loop
      vertex 106.57702350616455 84.54816150665283 -228.5
      vertex 107.08899688720703 84.64999961853027 -228.5
      vertex 106.83583301074856 84.59964205673359 -228.5000003814697
    endloop
  endfacet
  facet normal -0.1379500474169418 0.6935198511537509 0.7071067815212513
    outer loop
      vertex 106.57702350616455 84.54816150665283 -228.5
      vertex 107.13824272155762 84.14999961853027 -228
      vertex 107.08899688720703 84.64999961853027 -228.5
    endloop
  endfacet
  facet normal -0.19509082807940456 -0.9807851797408504 0
    outer loop
      vertex 106.57702545919918 79.45183715118907 -228.5000003814697
      vertex 107.08899688720703 79.34999942779541 -228.5000003814697
      vertex 107.08899688720703 79.34999942779541 -228.5
    endloop
  endfacet
  facet normal 0 0 1
    outer loop
      vertex 106.57702545919918 79.45183715118907 -228.5000003814697
      vertex 108.94699764251709 76.73540115356445 -228.5000003814697
      vertex 107.08899688720703 79.34999942779541 -228.5000003814697
    endloop
  endfacet
  facet normal 0 1 0
    outer loop
      vertex 106.66654834747314 80.35000038146973 -244.10000038146973
      vertex 106.66654834747314 80.35000038146973 -243.9000005722046
      vertex 107.18748376148912 80.35000038146973 -243.9000005722046
    endloop
  endfacet
  facet normal 0 1 0
    outer loop
      vertex 106.66654834747314 80.35000038146973 -244.10000038146973
      vertex 107.18748376148912 80.35000038146973 -243.9000005722046
      vertex 107.18748376148912 80.35000038146973 -244.5
    endloop
  endfacet
  facet normal 0 0 -1
    outer loop
      vertex 106.66654834747314 80.35000038146973 -243.9000005722046
      vertex 106.86871242523193 80.41340827941895 -243.9000005722046
      vertex 107.18748376148912 80.35000038146973 -243.9000005722046
    endloop
  endfacet
  facet normal 0 -1 0
    outer loop
      vertex 106.66654834747314 83.64999961853027 -244.10000038146973
      vertex 107.1874885559082 83.64999961853027 -243.9000005722046
      vertex 106.66654834747314 83.64999961853027 -243.9000005722046
    endloop
  endfacet
  facet normal 0 -1 0
    outer loop
      vertex 106.66654834747314 83.64999961853027 -244.10000038146973
      vertex 107.51251029968262 83.64999961853027 -243.9000005722046
      vertex 107.1874885559082 83.64999961853027 -243.9000005722046
    endloop
  endfacet
  facet normal 0 -1 0
    outer loop
      vertex 106.66654834747314 83.64999961853027 -244.10000038146973
      vertex 108.03345165252685 83.64999961853027 -244.10000038146973
      vertex 107.51251029968262 83.64999961853027 -243.9000005722046
    endloop
  endfacet
  facet normal 0 0 -1
    outer loop
      vertex 106.66654834747314 83.64999961853027 -243.9000005722046
      vertex 107.1874885559082 83.64999961853027 -243.9000005722046
      vertex 106.86871242523193 83.58659076690674 -243.9000005722046
    endloop
  endfacet
  facet normal 0 0 1
    outer loop
      vertex 106.72286796569824 79.9326229095459 -228
      vertex 107.13824272155762 79.84999942779541 -228
      vertex 107.5617561340332 79.84999942779541 -228
    endloop
  endfacet
  facet normal 0 0 1
    outer loop
      vertex 106.72286796569824 84.06737613677979 -228
      vertex 106.79734529205362 83.55702957363027 -228
      vertex 106.82232412490251 83.56737613055054 -228
    endloop
  endfacet
  facet normal 0 0 1
    outer loop
      vertex 106.72286796569824 84.06737613677979 -228
      vertex 106.82232412490251 83.56737613055054 -228
      vertex 106.86871242523193 83.58659076690674 -228
    endloop
  endfacet
  facet normal 0 0 1
    outer loop
      vertex 106.72286796569824 84.06737613677979 -228
      vertex 106.86871242523193 83.58659076690674 -228
      vertex 107.1117256169425 83.63492935293274 -228
    endloop
  endfacet
  facet normal 0 0 1
    outer loop
      vertex 106.72286796569824 84.06737613677979 -228
      vertex 107.1117256169425 83.63492935293274 -228
      vertex 107.13824272155762 84.14999961853027 -228
    endloop
  endfacet
  facet normal 0 -0.7071076241228144 -0.7071059382492758
    outer loop
      vertex 106.7713623046875 76.125 -246.89999904632566
      vertex 106.81075954437256 76.52499961853027 -247.29999961853025
      vertex 107.92863655090332 76.125 -246.89999904632566
    endloop
  endfacet
  facet normal 0 -1 0
    outer loop
      vertex 106.7713623046875 76.125 -246.89999904632566
      vertex 107.92863655090332 76.125 -246.89999904632566
      vertex 106.7713623046875 76.125 -228.9000009536743
    endloop
  endfacet
  facet normal 0 -0.7071076241228144 0.7071059382492758
    outer loop
      vertex 106.7713623046875 76.125 -228.9000009536743
      vertex 107.88924026489258 76.52499961853027 -228.5000003814697
      vertex 106.81075954437256 76.52499961853027 -228.5000003814697
    endloop
  endfacet
  facet normal 0 -1 0
    outer loop
      vertex 106.7713623046875 76.125 -228.9000009536743
      vertex 107.92863655090332 76.125 -246.89999904632566
      vertex 107.92863655090332 76.125 -228.9000009536743
    endloop
  endfacet
  facet normal 0 -0.7071076241228144 0.7071059382492758
    outer loop
      vertex 106.7713623046875 76.125 -228.9000009536743
      vertex 107.92863655090332 76.125 -228.9000009536743
      vertex 107.88924026489258 76.52499961853027 -228.5000003814697
    endloop
  endfacet
  facet normal 0.38268297718997635 0.9238797210508606 0
    outer loop
      vertex 106.79734529205362 80.44296947269541 -228
      vertex 106.86871242523193 80.41340827941895 -228
      vertex 106.86871242523193 80.41340827941895 -243.9000005722046
    endloop
  endfacet
  facet normal 0 0 1
    outer loop
      vertex 106.79734529205362 80.44296947269541 -228
      vertex 107.5617561340332 79.84999942779541 -228
      vertex 106.86871242523193 80.41340827941895 -228
    endloop
  endfacet
  facet normal 0.3826829771896778 -0.9238797210509843 -1.570238213798986e-15
    outer loop
      vertex 106.79734529205362 83.55702957363027 -228
      vertex 106.86871242523193 83.58659076690674 -243.9000005722046
      vertex 106.82232412490251 83.56737613055054 -228
    endloop
  endfacet
  facet normal 0 -0.7071076241228144 -0.7071059382492758
    outer loop
      vertex 106.81075954437256 76.52499961853027 -247.29999961853025
      vertex 107.88924026489258 76.52499961853027 -247.29999961853025
      vertex 107.92863655090332 76.125 -246.89999904632566
    endloop
  endfacet
  facet normal 0 0 1
    outer loop
      vertex 106.81075954437256 76.52499961853027 -228.5000003814697
      vertex 107.88924026489258 76.52499961853027 -228.5000003814697
      vertex 108.94699764251709 76.73540115356445 -228.5000003814697
    endloop
  endfacet
  facet normal 0.3826829771901372 -0.9238797210507941 0
    outer loop
      vertex 106.82232412490251 83.56737613055054 -228
      vertex 106.86871242523193 83.58659076690674 -243.9000005722046
      vertex 106.86871242523193 83.58659076690674 -228
    endloop
  endfacet
  facet normal 0.9987264736175675 0 -0.05045226353116598
    outer loop
      vertex 106.83352388216463 90.65007976595487 -247.29999961853025
      vertex 106.83352388216463 92.90436673318902 -247.29999961853025
      vertex 107 90.5 -244.0045259475708
    endloop
  endfacet
  facet normal 0.9799748247643069 0.1949326721071851 -0.04062752974669589
    outer loop
      vertex 106.83352388216463 90.65007976595487 -247.29999961853025
      vertex 107 90.5 -244.0045259475708
      vertex 106.83992159498698 90.61791687897343 -247.29999961853025
    endloop
  endfacet
  facet normal 0.9987264736175675 0 -0.05045226353116598
    outer loop
      vertex 106.83352388216463 92.90436673318902 -247.29999961853025
      vertex 106.83352388216463 93.60306390829157 -247.29999961853025
      vertex 107 93.2045259475708 -244.0045259475708
    endloop
  endfacet
  facet normal 0.9987264736175675 0 -0.05045226353116598
    outer loop
      vertex 106.83352388216463 92.90436673318902 -247.29999961853025
      vertex 107 93.2045259475708 -244.0045259475708
      vertex 107 90.5 -244.0045259475708
    endloop
  endfacet
  facet normal 0.9987264736175674 0 -0.050452263531165976
    outer loop
      vertex 106.83352388216463 93.60306390829157 -247.29999961853025
      vertex 106.83352388216463 94.09563326681098 -247.29999961853025
      vertex 107 93.7954740524292 -244.0045259475708
    endloop
  endfacet
  facet normal 0.9987264736175675 0 -0.05045226353116598
    outer loop
      vertex 106.83352388216463 93.60306390829157 -247.29999961853025
      vertex 107 93.7954740524292 -244.0045259475708
      vertex 107 93.2045259475708 -244.0045259475708
    endloop
  endfacet
  facet normal 0.9987264736175675 0 -0.05045226353116598
    outer loop
      vertex 106.83352388216463 94.09563326681098 -247.29999961853025
      vertex 106.83352388216463 96.34992023404513 -247.29999961853025
      vertex 107 96.5 -244.0045259475708
    endloop
  endfacet
  facet normal 0.9987264736175675 0 -0.05045226353116598
    outer loop
      vertex 106.83352388216463 94.09563326681098 -247.29999961853025
      vertex 107 96.5 -244.0045259475708
      vertex 107 93.7954740524292 -244.0045259475708
    endloop
  endfacet
  facet normal 0.9799748247643069 -0.1949326721071851 -0.04062752974669589
    outer loop
      vertex 106.83352388216463 96.34992023404513 -247.29999961853025
      vertex 106.83992159498698 96.38208312102657 -247.29999961853025
      vertex 107 96.5 -244.0045259475708
    endloop
  endfacet
  facet normal -0.19509082807976702 0.9807851797407449 2.558056052531093e-7
    outer loop
      vertex 106.83583301074856 84.59964205673359 -228.5000003814697
      vertex 107.08899688720703 84.64999961853027 -228.5
      vertex 106.86052819634307 84.6045542478094 -228.5000003814697
    endloop
  endfacet
  facet normal 0.9549386993018355 0.2946307598155657 -0.03584405036015275
    outer loop
      vertex 106.83992159498698 90.61791687897343 -247.29999961853025
      vertex 107 90.5 -244.0045259475708
      vertex 107.86672951985776 87.28989157427435 -247.29999961853025
    endloop
  endfacet
  facet normal 0.9234298561806632 -0.38249936881342744 -0.031169433287905734
    outer loop
      vertex 106.83992159498698 96.38208312102657 -247.29999961853025
      vertex 106.85247093643497 96.41237973721297 -247.29999961853025
      vertex 107 96.5 -244.0045259475708
    endloop
  endfacet
  facet normal 0.8312631227735089 -0.5554257964133795 -0.022445609713200927
    outer loop
      vertex 106.85247093643497 96.41237973721297 -247.29999961853025
      vertex 106.87068958148308 96.43964618373596 -247.29999961853025
      vertex 107 96.5 -244.0045259475708
    endloop
  endfacet
  facet normal -0.1950908280787226 0.980785179740909 -3.8926297191325616e-7
    outer loop
      vertex 106.86052819634307 84.6045542478094 -228.5000003814697
      vertex 107.08899688720703 84.64999961853027 -228.5
      vertex 106.89082403552695 84.61058048115368 -228.5000003814697
    endloop
  endfacet
  facet normal 0.19509131883568037 0.9807850821229669 0
    outer loop
      vertex 106.86871242523193 80.41340827941895 -243.9000005722046
      vertex 106.86871242523193 80.41340827941895 -228
      vertex 106.87732914531273 80.41169429812453 -228
    endloop
  endfacet
  facet normal 0.1950913188354748 0.9807850821230077 1.1580983921787445e-16
    outer loop
      vertex 106.86871242523193 80.41340827941895 -243.9000005722046
      vertex 106.87732914531273 80.41169429812453 -228
      vertex 107.03053620439886 80.38121935742976 -228
    endloop
  endfacet
  facet normal 0.19509131883550762 0.9807850821230013 -2.3128471182220654e-16
    outer loop
      vertex 106.86871242523193 80.41340827941895 -243.9000005722046
      vertex 107.03053620439886 80.38121935742976 -228
      vertex 107.18748376148912 80.35000038146973 -243.9000005722046
    endloop
  endfacet
  facet normal 0 0 1
    outer loop
      vertex 106.86871242523193 80.41340827941895 -228
      vertex 107.5617561340332 79.84999942779541 -228
      vertex 106.87732914531273 80.41169429812453 -228
    endloop
  endfacet
  facet normal 0.19509131883545464 -0.9807850821230119 0
    outer loop
      vertex 106.86871242523193 83.58659076690674 -243.9000005722046
      vertex 107.1117256169425 83.63492935293274 -228
      vertex 106.86871242523193 83.58659076690674 -228
    endloop
  endfacet
  facet normal 0.1950913188355094 -0.980785082123001 -8.697382807425834e-16
    outer loop
      vertex 106.86871242523193 83.58659076690674 -243.9000005722046
      vertex 107.1874885559082 83.64999961853027 -243.9000005722046
      vertex 107.1117256169425 83.63492935293274 -228
    endloop
  endfacet
  facet normal 0.7070293938808233 -0.7070293938808233 -0.014794335978033195
    outer loop
      vertex 106.87068958148308 96.43964618373596 -247.29999961853025
      vertex 106.89387769842867 96.46283430068155 -247.29999961853025
      vertex 107 96.5 -244.0045259475708
    endloop
  endfacet
  facet normal 0 0 1
    outer loop
      vertex 106.87732914531273 80.41169429812453 -228
      vertex 107.5617561340332 79.84999942779541 -228
      vertex 107.03053620439886 80.38121935742976 -228
    endloop
  endfacet
  facet normal -0.19509082807992267 0.9807851797407144 2.5426704942791596e-7
    outer loop
      vertex 106.89082403552695 84.61058048115368 -228.5000003814697
      vertex 107.08899688720703 84.64999961853027 -228.5
      vertex 106.92556615196952 84.6174911364185 -228.5000003814697
    endloop
  endfacet
  facet normal 0.5555456305525028 -0.8314424693241117 -0.008513082769819639
    outer loop
      vertex 106.89387769842867 96.46283430068155 -247.29999961853025
      vertex 106.92114414495165 96.48105294572966 -247.29999961853025
      vertex 107 96.5 -244.0045259475708
    endloop
  endfacet
  facet normal 0.38268248052481973 -0.9238719244168555 -0.0038453054062319277
    outer loop
      vertex 106.92114414495165 96.48105294572966 -247.29999961853025
      vertex 106.95144076113806 96.49360228717765 -247.29999961853025
      vertex 107 96.5 -244.0045259475708
    endloop
  endfacet
  facet normal 0 0 -1
    outer loop
      vertex 106.92114414495165 96.48105294572966 -247.29999961853025
      vertex 108.35000038146973 99.59999942779541 -247.29999961853025
      vertex 106.95144076113806 96.49360228717765 -247.29999961853025
    endloop
  endfacet
  facet normal -0.19509082807951278 0.9807851797408264 6.911337534843635e-8
    outer loop
      vertex 106.92556615196952 84.6174911364185 -228.5000003814697
      vertex 107.08899688720703 84.64999961853027 -228.5
      vertex 106.96347123505922 84.62503094656361 -228.5000003814697
    endloop
  endfacet
  facet normal 0.19509365719165186 -0.9807841366576627 -0.0009706720709551411
    outer loop
      vertex 106.95144076113806 96.49360228717765 -247.29999961853025
      vertex 106.9836036481195 96.5 -247.29999961853025
      vertex 107 96.5 -244.0045259475708
    endloop
  endfacet
  facet normal 0 0 -1
    outer loop
      vertex 106.95144076113806 96.49360228717765 -247.29999961853025
      vertex 108.35000038146973 99.59999942779541 -247.29999961853025
      vertex 106.9836036481195 96.5 -247.29999961853025
    endloop
  endfacet
  facet normal -0.19509082807917416 0.9807851797408952 -4.68057833376431e-8
    outer loop
      vertex 106.96347123505922 84.62503094656361 -228.5000003814697
      vertex 107.08899688720703 84.64999961853027 -228.5
      vertex 107.00317118024674 84.63292777794047 -228.5000003814697
    endloop
  endfacet
  facet normal 0 -1 0
    outer loop
      vertex 106.9836036481195 96.5 -247.29999961853025
      vertex 108.11702570399405 96.5 -247.29999961853025
      vertex 108.35000038146973 96.5 -244.13749008178712
    endloop
  endfacet
  facet normal 0 -1 0
    outer loop
      vertex 106.9836036481195 96.5 -247.29999961853025
      vertex 108.35000038146973 96.5 -244.13749008178712
      vertex 107 96.5 -244.0045259475708
    endloop
  endfacet
  facet normal 0 0 -1
    outer loop
      vertex 106.9836036481195 96.5 -247.29999961853025
      vertex 108.35000038146973 99.59999942779541 -247.29999961853025
      vertex 108.11702570399405 96.5 -247.29999961853025
    endloop
  endfacet
  facet normal 0.9807851548654608 0 -0.19509095313605423
    outer loop
      vertex 107 90.5 -244.0045259475708
      vertex 107 93.2045259475708 -244.0045259475708
      vertex 107.11528873443604 90.5 -243.42493228912355
    endloop
  endfacet
  facet normal 0.8893072060162588 0.4217118972387299 -0.17689479657374357
    outer loop
      vertex 107 90.5 -244.0045259475708
      vertex 107.11528873443604 90.5 -243.42493228912355
      vertex 107.96752656022889 87.07733040942622 -247.29999961853025
    endloop
  endfacet
  facet normal 0.8893073016628158 0.42171176495056667 -0.1768946310985147
    outer loop
      vertex 107 90.5 -244.0045259475708
      vertex 107.96752656022889 87.07733040942622 -247.29999961853025
      vertex 107.86672951985776 87.28989157427435 -247.29999961853025
    endloop
  endfacet
  facet normal 0.9807851548654608 0.19509095313605423 0
    outer loop
      vertex 107 93.2045259475708 -244.0045259475708
      vertex 107 93.2045259475708 -239.30000019073486
      vertex 107.11528873443604 92.62493228912354 -243.42493228912355
    endloop
  endfacet
  facet normal 1 0 0
    outer loop
      vertex 107 93.2045259475708 -244.0045259475708
      vertex 107 93.7954740524292 -244.0045259475708
      vertex 107 93.7954740524292 -239.30000019073486
    endloop
  endfacet
  facet normal 1 0 0
    outer loop
      vertex 107 93.2045259475708 -244.0045259475708
      vertex 107 93.7954740524292 -239.30000019073486
      vertex 107 93.2045259475708 -239.30000019073486
    endloop
  endfacet
  facet normal 0.9807851548654608 0 -0.19509095313605423
    outer loop
      vertex 107 93.2045259475708 -244.0045259475708
      vertex 107.11528873443604 92.62493228912354 -243.42493228912355
      vertex 107.11528873443604 90.5 -243.42493228912355
    endloop
  endfacet
  facet normal 0 0 -1
    outer loop
      vertex 107 93.2045259475708 -239.30000019073486
      vertex 107 93.7954740524292 -239.30000019073486
      vertex 108.34999942779541 93.66250991821289 -239.30000019073486
    endloop
  endfacet
  facet normal 0.9807851548654608 0.19509095313605423 0
    outer loop
      vertex 107 93.2045259475708 -239.30000019073486
      vertex 107.11528873443604 92.62493228912354 -239.30000019073486
      vertex 107.11528873443604 92.62493228912354 -243.42493228912355
    endloop
  endfacet
  facet normal 0 0 -1
    outer loop
      vertex 107 93.2045259475708 -239.30000019073486
      vertex 108.34999942779541 93.3374891281128 -239.30000019073486
      vertex 108.35000038146973 93.33748433367936 -239.30000019073486
    endloop
  endfacet
  facet normal 0 0 -1
    outer loop
      vertex 107 93.2045259475708 -239.30000019073486
      vertex 108.34999942779541 93.66250991821289 -239.30000019073486
      vertex 108.34999942779541 93.3374891281128 -239.30000019073486
    endloop
  endfacet
  facet normal 0 0 -1
    outer loop
      vertex 107 93.2045259475708 -239.30000019073486
      vertex 108.35000038146973 93.33748433367936 -239.30000019073486
      vertex 107.11528873443604 92.62493228912354 -239.30000019073486
    endloop
  endfacet
  facet normal 0.9807851548654608 0 -0.19509095313605423
    outer loop
      vertex 107 93.7954740524292 -244.0045259475708
      vertex 107 96.5 -244.0045259475708
      vertex 107.11528873443604 94.37506771087646 -243.42493228912355
    endloop
  endfacet
  facet normal 0.9807851548654608 -0.19509095313605423 0
    outer loop
      vertex 107 93.7954740524292 -244.0045259475708
      vertex 107.11528873443604 94.37506771087646 -243.42493228912355
      vertex 107 93.7954740524292 -239.30000019073486
    endloop
  endfacet
  facet normal 0.9807851548654608 -0.19509095313605423 0
    outer loop
      vertex 107 93.7954740524292 -239.30000019073486
      vertex 107.11528873443604 94.37506771087646 -243.42493228912355
      vertex 107.11528873443604 94.37506771087646 -239.30000019073486
    endloop
  endfacet
  facet normal 0 0 -1
    outer loop
      vertex 107 93.7954740524292 -239.30000019073486
      vertex 107.11528873443604 94.37506771087646 -239.30000019073486
      vertex 108.35000038146973 93.66251471264633 -239.30000019073486
    endloop
  endfacet
  facet normal 0 0 -1
    outer loop
      vertex 107 93.7954740524292 -239.30000019073486
      vertex 108.35000038146973 93.66251471264633 -239.30000019073486
      vertex 108.34999942779541 93.66250991821289 -239.30000019073486
    endloop
  endfacet
  facet normal 0.9807851548654608 0 -0.19509095313605423
    outer loop
      vertex 107 96.5 -244.0045259475708
      vertex 107.11528873443604 96.5 -243.42493228912355
      vertex 107.11528873443604 94.37506771087646 -243.42493228912355
    endloop
  endfacet
  facet normal 0 -1 0
    outer loop
      vertex 107 96.5 -244.0045259475708
      vertex 108.35000038146973 96.5 -244.13749008178712
      vertex 107.11528873443604 96.5 -243.42493228912355
    endloop
  endfacet
  facet normal -0.1950908280790593 0.9807851797409162 -7.359189005160962e-8
    outer loop
      vertex 107.00317118024674 84.63292777794047 -228.5000003814697
      vertex 107.08899688720703 84.64999961853027 -228.5
      vertex 107.04325054903248 84.640900081567 -228.5000003814697
    endloop
  endfacet
  facet normal 0.19509131883562214 0.9807850821229785 9.440429528357703e-16
    outer loop
      vertex 107.03053620439886 80.38121935742976 -228
      vertex 107.1117219620042 80.36507042040921 -228
      vertex 107.18748376148912 80.35000038146973 -243.9000005722046
    endloop
  endfacet
  facet normal 0 0 1
    outer loop
      vertex 107.03053620439886 80.38121935742976 -228
      vertex 107.5617561340332 79.84999942779541 -228
      vertex 107.1117219620042 80.36507042040921 -228
    endloop
  endfacet
  facet normal 0 0 1
    outer loop
      vertex 107.04325054903248 84.640900081567 -228.5000003814697
      vertex 107.0889949341724 84.64999923004649 -228.5000003814697
      vertex 108.31072330474854 91.44161033630371 -228.5000003814697
    endloop
  endfacet
  facet normal -0.19509082807975142 0.9807851797407813 1.2626299081450772e-8
    outer loop
      vertex 107.04325054903248 84.640900081567 -228.5000003814697
      vertex 107.08899688720703 84.64999961853027 -228.5
      vertex 107.0889949341724 84.64999923004649 -228.5000003814697
    endloop
  endfacet
  facet normal 0 0 1
    outer loop
      vertex 107.04325054903248 84.640900081567 -228.5000003814697
      vertex 107.45183830171007 92.72702128497298 -228.5000003814697
      vertex 107.45183753967285 92.72702312469482 -228.5000003814697
    endloop
  endfacet
  facet normal 0 0 1
    outer loop
      vertex 107.04325054903248 84.640900081567 -228.5000003814697
      vertex 107.6515998840332 92.24475383758545 -228.5000003814697
      vertex 107.45183830171007 92.72702128497298 -228.5000003814697
    endloop
  endfacet
  facet normal 0 0 1
    outer loop
      vertex 107.04325054903248 84.640900081567 -228.5000003814697
      vertex 107.9416092299953 91.81072496045309 -228.5000003814697
      vertex 107.6515998840332 92.24475383758545 -228.5000003814697
    endloop
  endfacet
  facet normal 0 0 1
    outer loop
      vertex 107.04325054903248 84.640900081567 -228.5000003814697
      vertex 107.94161033630371 91.81072330474854 -228.5000003814697
      vertex 107.9416092299953 91.81072496045309 -228.5000003814697
    endloop
  endfacet
  facet normal 0 0 1
    outer loop
      vertex 107.04325054903248 84.640900081567 -228.5000003814697
      vertex 107.94161174436599 91.81072189668626 -228.5000003814697
      vertex 107.94161033630371 91.81072330474854 -228.5000003814697
    endloop
  endfacet
  facet normal 0 0 1
    outer loop
      vertex 107.04325054903248 84.640900081567 -228.5000003814697
      vertex 108.31072330474854 91.44161033630371 -228.5000003814697
      vertex 107.94161174436599 91.81072189668626 -228.5000003814697
    endloop
  endfacet
  facet normal 0 1 0
    outer loop
      vertex 107.0545259475708 79 -247.29999961853025
      vertex 107.0545259475708 79 -244.5
      vertex 107.5560332703657 79 -247.29999961853025
    endloop
  endfacet
  facet normal 0 0 -1
    outer loop
      vertex 107.0545259475708 79 -244.5
      vertex 107.18748376148912 80.35000038146973 -244.5
      vertex 107.1874885559082 80.34999942779541 -244.5
    endloop
  endfacet
  facet normal 0 0 -1
    outer loop
      vertex 107.0545259475708 79 -244.5
      vertex 107.1874885559082 80.34999942779541 -244.5
      vertex 107.51251029968262 80.34999942779541 -244.5
    endloop
  endfacet
  facet normal 0 0 -1
    outer loop
      vertex 107.0545259475708 79 -244.5
      vertex 107.51251029968262 80.34999942779541 -244.5
      vertex 107.6454740524292 79 -244.5
    endloop
  endfacet
  facet normal 0 1 0
    outer loop
      vertex 107.0545259475708 79 -244.5
      vertex 107.6454740524292 79 -244.5
      vertex 107.5560332703657 79 -247.29999961853025
    endloop
  endfacet
  facet normal 0 -1 0
    outer loop
      vertex 107.0545259475708 85 -247.29999961853025
      vertex 107.5560332703657 85 -247.29999961853025
      vertex 107.0545259475708 85 -244.5
    endloop
  endfacet
  facet normal 0 0 -1
    outer loop
      vertex 107.0545259475708 85 -247.29999961853025
      vertex 107.96752656022889 87.07733040942622 -247.29999961853025
      vertex 108.04790084742669 86.90783689204758 -247.29999961853025
    endloop
  endfacet
  facet normal 0 0 -1
    outer loop
      vertex 107.0545259475708 85 -247.29999961853025
      vertex 108.04790084742669 86.90783689204758 -247.29999961853025
      vertex 108.1975085292136 86.69606562238985 -247.29999961853025
    endloop
  endfacet
  facet normal 0 0 -1
    outer loop
      vertex 107.0545259475708 85 -247.29999961853025
      vertex 108.1975085292136 86.69606562238985 -247.29999961853025
      vertex 107.5560332703657 85 -247.29999961853025
    endloop
  endfacet
  facet normal 0 -1 0
    outer loop
      vertex 107.0545259475708 85 -244.5
      vertex 107.5560332703657 85 -247.29999961853025
      vertex 107.6454740524292 85 -244.5
    endloop
  endfacet
  facet normal 0 0 -1
    outer loop
      vertex 107.0545259475708 85 -244.5
      vertex 107.6454740524292 85 -244.5
      vertex 109.85557356194442 83.64999961853027 -244.5
    endloop
  endfacet
  facet normal 0 0 1
    outer loop
      vertex 107.0889949341724 84.64999923004649 -228.5000003814697
      vertex 107.08899688720703 84.64999961853027 -228.5000003814697
      vertex 108.31072330474854 91.44161033630371 -228.5000003814697
    endloop
  endfacet
  facet normal -0.1950908257072941 0.9807851802126938 0
    outer loop
      vertex 107.0889949341724 84.64999923004649 -228.5000003814697
      vertex 107.08899688720703 84.64999961853027 -228.5
      vertex 107.08899688720703 84.64999961853027 -228.5000003814697
    endloop
  endfacet
  facet normal 0 -1 0
    outer loop
      vertex 107.08899688720703 79.34999942779541 -228.5000003814697
      vertex 107.61099997708104 79.34999942779541 -228.5000003814697
      vertex 107.08899688720703 79.34999942779541 -228.5
    endloop
  endfacet
  facet normal 0 0 1
    outer loop
      vertex 107.08899688720703 79.34999942779541 -228.5000003814697
      vertex 108.94699764251709 76.73540115356445 -228.5000003814697
      vertex 107.61099997708104 79.34999942779541 -228.5000003814697
    endloop
  endfacet
  facet normal 0 -0.7071067811865476 0.7071067811865476
    outer loop
      vertex 107.08899688720703 79.34999942779541 -228.5
      vertex 107.5617561340332 79.84999942779541 -228
      vertex 107.13824272155762 79.84999942779541 -228
    endloop
  endfacet
  facet normal 0 -1 0
    outer loop
      vertex 107.08899688720703 79.34999942779541 -228.5
      vertex 107.61099997708104 79.34999942779541 -228.5000003814697
      vertex 107.61100196838379 79.34999942779541 -228.5
    endloop
  endfacet
  facet normal 0 -0.7071067811865476 0.7071067811865476
    outer loop
      vertex 107.08899688720703 79.34999942779541 -228.5
      vertex 107.61100196838379 79.34999942779541 -228.5
      vertex 107.5617561340332 79.84999942779541 -228
    endloop
  endfacet
  facet normal 0 1 0
    outer loop
      vertex 107.08899688720703 84.64999961853027 -228.5000003814697
      vertex 107.08899688720703 84.64999961853027 -228.5
      vertex 107.08899887850978 84.64999961853027 -228.5000003814697
    endloop
  endfacet
  facet normal 0 0 1
    outer loop
      vertex 107.08899688720703 84.64999961853027 -228.5000003814697
      vertex 107.08899887850978 84.64999961853027 -228.5000003814697
      vertex 108.74475383758545 91.1515998840332 -228.5000003814697
    endloop
  endfacet
  facet normal 0 0 1
    outer loop
      vertex 107.08899688720703 84.64999961853027 -228.5000003814697
      vertex 108.7447521818809 91.15160099034162 -228.5000003814697
      vertex 108.31072330474854 91.44161033630371 -228.5000003814697
    endloop
  endfacet
  facet normal 0 0 1
    outer loop
      vertex 107.08899688720703 84.64999961853027 -228.5000003814697
      vertex 108.74475383758545 91.1515998840332 -228.5000003814697
      vertex 108.7447521818809 91.15160099034162 -228.5000003814697
    endloop
  endfacet
  facet normal 0 0.7071067811865476 0.7071067811865476
    outer loop
      vertex 107.08899688720703 84.64999961853027 -228.5
      vertex 107.13824272155762 84.14999961853027 -228
      vertex 107.61100196838379 84.64999961853027 -228.5
    endloop
  endfacet
  facet normal 0 1 0
    outer loop
      vertex 107.08899688720703 84.64999961853027 -228.5
      vertex 107.61100196838379 84.64999961853027 -228.5
      vertex 107.08899887850978 84.64999961853027 -228.5000003814697
    endloop
  endfacet
  facet normal 0 0 1
    outer loop
      vertex 107.08899887850978 84.64999961853027 -228.5000003814697
      vertex 107.61100196838379 84.64999961853027 -228.5000003814697
      vertex 108.74475383758545 91.1515998840332 -228.5000003814697
    endloop
  endfacet
  facet normal 0 1 0
    outer loop
      vertex 107.08899887850978 84.64999961853027 -228.5000003814697
      vertex 107.61100196838379 84.64999961853027 -228.5
      vertex 107.61100196838379 84.64999961853027 -228.5000003814697
    endloop
  endfacet
  facet normal 0.19509131883520228 0.9807850821230619 -1.1357501841101832e-15
    outer loop
      vertex 107.1117219620042 80.36507042040921 -228
      vertex 107.14437954461519 80.35857438883443 -228
      vertex 107.18748376148912 80.35000038146973 -243.9000005722046
    endloop
  endfacet
  facet normal 0 0 1
    outer loop
      vertex 107.1117219620042 80.36507042040921 -228
      vertex 107.5617561340332 79.84999942779541 -228
      vertex 107.14437954461519 80.35857438883443 -228
    endloop
  endfacet
  facet normal 0 0 1
    outer loop
      vertex 107.1117256169425 83.63492935293274 -228
      vertex 107.18748846675652 83.6499996007968 -228
      vertex 107.13824272155762 84.14999961853027 -228
    endloop
  endfacet
  facet normal 0.19509131883564498 -0.980785082122974 -1.9826243439858605e-16
    outer loop
      vertex 107.1117256169425 83.63492935293274 -228
      vertex 107.1874885559082 83.64999961853027 -243.9000005722046
      vertex 107.18748846675652 83.6499996007968 -228
    endloop
  endfacet
  facet normal 0.9238789911886932 0 -0.38268473923082214
    outer loop
      vertex 107.11528873443604 90.5 -243.42493228912355
      vertex 107.11528873443604 92.62493228912354 -243.42493228912355
      vertex 107.34143543243408 90.5 -242.87896804809571
    endloop
  endfacet
  facet normal 0.7736700119181239 0.5465677666209708 -0.3204658938944576
    outer loop
      vertex 107.11528873443604 90.5 -243.42493228912355
      vertex 107.34143543243408 90.5 -242.87896804809571
      vertex 108.1975085292136 86.69606562238985 -247.29999961853025
    endloop
  endfacet
  facet normal 0.8893072060162264 0.42171189723877794 -0.17689479657379276
    outer loop
      vertex 107.11528873443604 90.5 -243.42493228912355
      vertex 108.04790084742669 86.90783689204758 -247.29999961853025
      vertex 107.96752656022889 87.07733040942622 -247.29999961853025
    endloop
  endfacet
  facet normal 0.7736711852134693 0.5465668344539188 -0.3204646511636005
    outer loop
      vertex 107.11528873443604 90.5 -243.42493228912355
      vertex 108.1975085292136 86.69606562238985 -247.29999961853025
      vertex 108.04790084742669 86.90783689204758 -247.29999961853025
    endloop
  endfacet
  facet normal 0.9238789911886933 0.38268473923082214 0
    outer loop
      vertex 107.11528873443604 92.62493228912354 -243.42493228912355
      vertex 107.11528873443604 92.62493228912354 -239.30000019073486
      vertex 107.34143543243408 92.0789680480957 -242.87896804809571
    endloop
  endfacet
  facet normal 0.9238789911886932 0 -0.38268473923082214
    outer loop
      vertex 107.11528873443604 92.62493228912354 -243.42493228912355
      vertex 107.34143543243408 92.0789680480957 -242.87896804809571
      vertex 107.34143543243408 90.5 -242.87896804809571
    endloop
  endfacet
  facet normal 0.9238789911886932 0.38268473923082214 0
    outer loop
      vertex 107.11528873443604 92.62493228912354 -239.30000019073486
      vertex 107.34143543243408 92.0789680480957 -239.30000019073486
      vertex 107.34143543243408 92.0789680480957 -242.87896804809571
    endloop
  endfacet
  facet normal 0 0 -1
    outer loop
      vertex 107.11528873443604 92.62493228912354 -239.30000019073486
      vertex 108.35000038146973 93.33748433367936 -239.30000019073486
      vertex 107.34143543243408 92.0789680480957 -239.30000019073486
    endloop
  endfacet
  facet normal 0.9238789911886932 0 -0.38268473923082214
    outer loop
      vertex 107.11528873443604 94.37506771087646 -243.42493228912355
      vertex 107.11528873443604 96.5 -243.42493228912355
      vertex 107.34143543243408 94.9210319519043 -242.87896804809571
    endloop
  endfacet
  facet normal 0.9238789911886933 -0.38268473923082214 0
    outer loop
      vertex 107.11528873443604 94.37506771087646 -243.42493228912355
      vertex 107.34143543243408 94.9210319519043 -242.87896804809571
      vertex 107.11528873443604 94.37506771087646 -239.30000019073486
    endloop
  endfacet
  facet normal 0.9238789911886932 -0.38268473923082214 0
    outer loop
      vertex 107.11528873443604 94.37506771087646 -239.30000019073486
      vertex 107.34143543243408 94.9210319519043 -242.87896804809571
      vertex 107.34143543243408 94.9210319519043 -239.30000019073486
    endloop
  endfacet
  facet normal 0 0 -1
    outer loop
      vertex 107.11528873443604 94.37506771087646 -239.30000019073486
      vertex 107.34143543243408 94.9210319519043 -239.30000019073486
      vertex 108.35000038146973 93.66251471264633 -239.30000019073486
    endloop
  endfacet
  facet normal 0.9238789911886932 0 -0.38268473923082214
    outer loop
      vertex 107.11528873443604 96.5 -243.42493228912355
      vertex 107.34143543243408 96.5 -242.87896804809571
      vertex 107.34143543243408 94.9210319519043 -242.87896804809571
    endloop
  endfacet
  facet normal 0 -1 0
    outer loop
      vertex 107.11528873443604 96.5 -243.42493228912355
      vertex 108.35000038146973 96.5 -244.13749008178712
      vertex 108.41340923309326 96.5 -243.81871299743653
    endloop
  endfacet
  facet normal 0 -1 0
    outer loop
      vertex 107.11528873443604 96.5 -243.42493228912355
      vertex 108.41340923309326 96.5 -243.81871299743653
      vertex 107.34143543243408 96.5 -242.87896804809571
    endloop
  endfacet
  facet normal 0 0 1
    outer loop
      vertex 107.13824272155762 84.14999961853027 -228
      vertex 107.18748846675652 83.6499996007968 -228
      vertex 107.1874885559082 83.64999961853027 -228
    endloop
  endfacet
  facet normal 0 0 1
    outer loop
      vertex 107.13824272155762 84.14999961853027 -228
      vertex 107.1874885559082 83.64999961853027 -228
      vertex 107.2647358782967 83.64999961853027 -228
    endloop
  endfacet
  facet normal 0 0 1
    outer loop
      vertex 107.13824272155762 84.14999961853027 -228
      vertex 107.2647358782967 83.64999961853027 -228
      vertex 107.5617561340332 84.14999961853027 -228
    endloop
  endfacet
  facet normal 0 0.7071067811865476 0.7071067811865476
    outer loop
      vertex 107.13824272155762 84.14999961853027 -228
      vertex 107.5617561340332 84.14999961853027 -228
      vertex 107.61100196838379 84.64999961853027 -228.5
    endloop
  endfacet
  facet normal 0.19509131883542868 0.980785082123017 -4.978033198686565e-16
    outer loop
      vertex 107.14437954461519 80.35857438883443 -228
      vertex 107.1874849009699 80.35000015481171 -228
      vertex 107.18748376148912 80.35000038146973 -243.9000005722046
    endloop
  endfacet
  facet normal 0 0 1
    outer loop
      vertex 107.14437954461519 80.35857438883443 -228
      vertex 107.5617561340332 79.84999942779541 -228
      vertex 107.1874849009699 80.35000015481171 -228
    endloop
  endfacet
  facet normal 0.19509131895475895 0.9807850820992806 0
    outer loop
      vertex 107.18748376148912 80.35000038146973 -244.5
      vertex 107.18748376148912 80.35000038146973 -243.9000005722046
      vertex 107.1874885559082 80.34999942779541 -244.5
    endloop
  endfacet
  facet normal 0.1950913210749427 0.9807850816775475 -6.646066034970794e-16
    outer loop
      vertex 107.18748376148912 80.35000038146973 -243.9000005722046
      vertex 107.1874849009699 80.35000015481171 -228
      vertex 107.1874885559082 80.34999942779541 -228
    endloop
  endfacet
  facet normal 0.19509131895475898 0.9807850820992806 0
    outer loop
      vertex 107.18748376148912 80.35000038146973 -243.9000005722046
      vertex 107.1874885559082 80.34999942779541 -228
      vertex 107.1874885559082 80.34999942779541 -244.5
    endloop
  endfacet
  facet normal 0 0 1
    outer loop
      vertex 107.1874849009699 80.35000015481171 -228
      vertex 107.5617561340332 79.84999942779541 -228
      vertex 107.1874885559082 80.34999942779541 -228
    endloop
  endfacet
  facet normal 0.1950913528550705 -0.980785075356053 0
    outer loop
      vertex 107.18748846675652 83.6499996007968 -228
      vertex 107.1874885559082 83.64999961853027 -243.9000005722046
      vertex 107.1874885559082 83.64999961853027 -228
    endloop
  endfacet
  facet normal 0 1 0
    outer loop
      vertex 107.1874885559082 80.34999942779541 -244.5
      vertex 107.1874885559082 80.34999942779541 -228
      vertex 107.22766690230449 80.34999942779541 -228
    endloop
  endfacet
  facet normal 0 1 0
    outer loop
      vertex 107.1874885559082 80.34999942779541 -244.5
      vertex 107.22766690230449 80.34999942779541 -228
      vertex 107.294500484049 80.34999942779541 -228
    endloop
  endfacet
  facet normal 0 1 0
    outer loop
      vertex 107.1874885559082 80.34999942779541 -244.5
      vertex 107.294500484049 80.34999942779541 -228
      vertex 107.35464928919819 80.34999942779541 -228
    endloop
  endfacet
  facet normal 0 1 0
    outer loop
      vertex 107.1874885559082 80.34999942779541 -244.5
      vertex 107.35464928919819 80.34999942779541 -228
      vertex 107.51251029968262 80.34999942779541 -244.5
    endloop
  endfacet
  facet normal 0 0 1
    outer loop
      vertex 107.1874885559082 80.34999942779541 -228
      vertex 107.5617561340332 79.84999942779541 -228
      vertex 107.22766690230449 80.34999942779541 -228
    endloop
  endfacet
  facet normal 0 -1 0
    outer loop
      vertex 107.1874885559082 83.64999961853027 -243.9000005722046
      vertex 107.2647358782967 83.64999961853027 -228
      vertex 107.1874885559082 83.64999961853027 -228
    endloop
  endfacet
  facet normal 0 -1 0
    outer loop
      vertex 107.1874885559082 83.64999961853027 -243.9000005722046
      vertex 107.51251029968262 83.64999961853027 -243.9000005722046
      vertex 107.2647358782967 83.64999961853027 -228
    endloop
  endfacet
  facet normal 0 0 1
    outer loop
      vertex 107.22766690230449 80.34999942779541 -228
      vertex 107.5617561340332 79.84999942779541 -228
      vertex 107.294500484049 80.34999942779541 -228
    endloop
  endfacet
  facet normal 0 -1 0
    outer loop
      vertex 107.2647358782967 83.64999961853027 -228
      vertex 107.51251029968262 83.64999961853027 -243.9000005722046
      vertex 107.51251029968262 83.64999961853027 -228
    endloop
  endfacet
  facet normal 0 0 1
    outer loop
      vertex 107.2647358782967 83.64999961853027 -228
      vertex 107.51251029968262 83.64999961853027 -228
      vertex 107.5617561340332 84.14999961853027 -228
    endloop
  endfacet
  facet normal 0 0 1
    outer loop
      vertex 107.294500484049 80.34999942779541 -228
      vertex 107.5617561340332 79.84999942779541 -228
      vertex 107.35464928919819 80.34999942779541 -228
    endloop
  endfacet
  facet normal 0.8314701121787507 0 -0.555569484901264
    outer loop
      vertex 107.34143543243408 90.5 -242.87896804809571
      vertex 107.34143543243408 92.0789680480957 -242.87896804809571
      vertex 107.66974830627441 90.5 -242.38761215209962
    endloop
  endfacet
  facet normal 0.6411946113539325 0.6366441253339339 -0.4284317075666432
    outer loop
      vertex 107.34143543243408 90.5 -242.87896804809571
      vertex 107.66974830627441 90.5 -242.38761215209962
      vertex 108.27931161277752 86.58027285797729 -247.29999961853025
    endloop
  endfacet
  facet normal 0.7736700119181202 0.5465677666209742 -0.320465893894461
    outer loop
      vertex 107.34143543243408 90.5 -242.87896804809571
      vertex 108.27931161277752 86.58027285797729 -247.29999961853025
      vertex 108.1975085292136 86.69606562238985 -247.29999961853025
    endloop
  endfacet
  facet normal 0.8314701121787509 0.5555694849012635 0
    outer loop
      vertex 107.34143543243408 92.0789680480957 -242.87896804809571
      vertex 107.34143543243408 92.0789680480957 -239.30000019073486
      vertex 107.49442643805557 91.85000038146973 -239.5
    endloop
  endfacet
  facet normal 0.8314701121787507 0.5555694849012641 5.218649718733122e-17
    outer loop
      vertex 107.34143543243408 92.0789680480957 -242.87896804809571
      vertex 107.49442643805557 91.85000038146973 -239.5
      vertex 107.66974830627441 91.58761215209961 -242.38761215209962
    endloop
  endfacet
  facet normal 0.8314701121787506 0 -0.555569484901264
    outer loop
      vertex 107.34143543243408 92.0789680480957 -242.87896804809571
      vertex 107.66974830627441 91.58761215209961 -242.38761215209962
      vertex 107.66974830627441 90.5 -242.38761215209962
    endloop
  endfacet
  facet normal 0.8314701121787509 0.5555694849012635 0
    outer loop
      vertex 107.34143543243408 92.0789680480957 -239.30000019073486
      vertex 107.49442643805557 91.85000038146973 -239.30000019073486
      vertex 107.49442643805557 91.85000038146973 -239.5
    endloop
  endfacet
  facet normal 0 0 -1
    outer loop
      vertex 107.34143543243408 92.0789680480957 -239.30000019073486
      vertex 108.35000038146973 91.85000038146973 -239.30000019073486
      vertex 107.49442643805557 91.85000038146973 -239.30000019073486
    endloop
  endfacet
  facet normal 0 0 -1
    outer loop
      vertex 107.34143543243408 92.0789680480957 -239.30000019073486
      vertex 108.35000038146973 93.33748433367936 -239.30000019073486
      vertex 108.35000038146973 91.85000038146973 -239.30000019073486
    endloop
  endfacet
  facet normal 0.8314701121787507 0 -0.555569484901264
    outer loop
      vertex 107.34143543243408 94.9210319519043 -242.87896804809571
      vertex 107.34143543243408 96.5 -242.87896804809571
      vertex 107.66974830627441 95.41238784790039 -242.38761215209962
    endloop
  endfacet
  facet normal 0.8314701121787509 -0.5555694849012635 0
    outer loop
      vertex 107.34143543243408 94.9210319519043 -242.87896804809571
      vertex 107.49442643805557 95.14999961853027 -239.5
      vertex 107.34143543243408 94.9210319519043 -239.30000019073486
    endloop
  endfacet
  facet normal 0.8314701121787507 -0.5555694849012641 5.218649718733122e-17
    outer loop
      vertex 107.34143543243408 94.9210319519043 -242.87896804809571
      vertex 107.66974830627441 95.41238784790039 -242.38761215209962
      vertex 107.49442643805557 95.14999961853027 -239.5
    endloop
  endfacet
  facet normal 0.8314701121787509 -0.5555694849012635 0
    outer loop
      vertex 107.34143543243408 94.9210319519043 -239.30000019073486
      vertex 107.49442643805557 95.14999961853027 -239.5
      vertex 107.49442643805557 95.14999961853027 -239.30000019073486
    endloop
  endfacet
  facet normal 0 0 -1
    outer loop
      vertex 107.34143543243408 94.9210319519043 -239.30000019073486
      vertex 107.49442643805557 95.14999961853027 -239.30000019073486
      vertex 108.35000038146973 95.14999961853027 -239.30000019073486
    endloop
  endfacet
  facet normal 0 0 -1
    outer loop
      vertex 107.34143543243408 94.9210319519043 -239.30000019073486
      vertex 108.35000038146973 95.14999961853027 -239.30000019073486
      vertex 108.35000038146973 93.66251471264633 -239.30000019073486
    endloop
  endfacet
  facet normal 0.8314701121787506 0 -0.555569484901264
    outer loop
      vertex 107.34143543243408 96.5 -242.87896804809571
      vertex 107.66974830627441 96.5 -242.38761215209962
      vertex 107.66974830627441 95.41238784790039 -242.38761215209962
    endloop
  endfacet
  facet normal 0 -1 0
    outer loop
      vertex 107.34143543243408 96.5 -242.87896804809571
      vertex 108.41340923309326 96.5 -243.81871299743653
      vertex 108.5377893447876 96.5 -243.51843242645265
    endloop
  endfacet
  facet normal 0 -1 0
    outer loop
      vertex 107.34143543243408 96.5 -242.87896804809571
      vertex 108.5377893447876 96.5 -243.51843242645265
      vertex 108.71836185455322 96.5 -243.24818687438966
    endloop
  endfacet
  facet normal 0 -1 0
    outer loop
      vertex 107.34143543243408 96.5 -242.87896804809571
      vertex 108.71836185455322 96.5 -243.24818687438966
      vertex 107.66974830627441 96.5 -242.38761215209962
    endloop
  endfacet
  facet normal -1 0 0
    outer loop
      vertex 107.34999942779541 93.23899745941162 -228.5000003814697
      vertex 107.34999942779541 93.23899745941162 -228.5
      vertex 107.34999942779541 93.76099959561495 -228.5000003814697
    endloop
  endfacet
  facet normal -0.9807852492751584 -0.1950904785074488 0
    outer loop
      vertex 107.34999942779541 93.23899745941162 -228.5000003814697
      vertex 107.45183715118907 92.72702507773309 -228.5000003814697
      vertex 107.34999942779541 93.23899745941162 -228.5
    endloop
  endfacet
  facet normal -1 0 0
    outer loop
      vertex 107.34999942779541 93.23899745941162 -228.5
      vertex 107.34999942779541 93.76100158691406 -228.5
      vertex 107.34999942779541 93.76099959561495 -228.5000003814697
    endloop
  endfacet
  facet normal -0.9807852492751602 -0.19509047850743974 -1.261433907645403e-8
    outer loop
      vertex 107.34999942779541 93.23899745941162 -228.5
      vertex 107.45183715118907 92.72702507773309 -228.5000003814697
      vertex 107.45183753967285 92.72702312469482 -228.5
    endloop
  endfacet
  facet normal -0.6935198881491378 -0.13794979781092026 0.7071067939325246
    outer loop
      vertex 107.34999942779541 93.23899745941162 -228.5
      vertex 107.45183753967285 92.72702312469482 -228.5
      vertex 107.84999942779541 93.2882432937622 -228
    endloop
  endfacet
  facet normal -0.7071067811865476 0 0.7071067811865476
    outer loop
      vertex 107.34999942779541 93.23899745941162 -228.5
      vertex 107.84999942779541 93.2882432937622 -228
      vertex 107.34999942779541 93.76100158691406 -228.5
    endloop
  endfacet
  facet normal -1 0 0
    outer loop
      vertex 107.34999942779541 93.76099959561495 -228.5000003814697
      vertex 107.34999942779541 93.76100158691406 -228.5
      vertex 107.34999942779541 93.76100158691406 -228.5000003814697
    endloop
  endfacet
  facet normal -0.9807852497466024 0.19509047613734157 0
    outer loop
      vertex 107.34999942779541 93.76100158691406 -228.5000003814697
      vertex 107.34999942779541 93.76100158691406 -228.5
      vertex 107.3499998162792 93.76100353995233 -228.5000003814697
    endloop
  endfacet
  facet normal -0.9807852492751602 0.19509047850743974 1.2614475194581149e-8
    outer loop
      vertex 107.34999942779541 93.76100158691406 -228.5
      vertex 107.45183753967285 94.27297592163086 -228.5
      vertex 107.3499998162792 93.76100353995233 -228.5000003814697
    endloop
  endfacet
  facet normal -0.7071067811865476 0 0.7071067811865476
    outer loop
      vertex 107.34999942779541 93.76100158691406 -228.5
      vertex 107.84999942779541 93.2882432937622 -228
      vertex 107.84999942779541 93.71175575256348 -228
    endloop
  endfacet
  facet normal -0.6935198881491378 0.13794979781092026 0.7071067939325246
    outer loop
      vertex 107.34999942779541 93.76100158691406 -228.5
      vertex 107.84999942779541 93.71175575256348 -228
      vertex 107.45183753967285 94.27297592163086 -228.5
    endloop
  endfacet
  facet normal -0.9807852492751584 0.1950904785074488 0
    outer loop
      vertex 107.3499998162792 93.76100353995233 -228.5000003814697
      vertex 107.45183753967285 94.27297592163086 -228.5
      vertex 107.45183753967285 94.27297592163086 -228.5000003814697
    endloop
  endfacet
  facet normal 0 1 0
    outer loop
      vertex 107.35464928919819 80.34999942779541 -228
      vertex 107.410082779215 80.34999942779541 -228
      vertex 107.51251029968262 80.34999942779541 -244.5
    endloop
  endfacet
  facet normal 0 0 1
    outer loop
      vertex 107.35464928919819 80.34999942779541 -228
      vertex 107.5617561340332 79.84999942779541 -228
      vertex 107.410082779215 80.34999942779541 -228
    endloop
  endfacet
  facet normal 0 1 0
    outer loop
      vertex 107.410082779215 80.34999942779541 -228
      vertex 107.43306054009332 80.34999942779541 -228
      vertex 107.51251029968262 80.34999942779541 -244.5
    endloop
  endfacet
  facet normal 0 0 1
    outer loop
      vertex 107.410082779215 80.34999942779541 -228
      vertex 107.5617561340332 79.84999942779541 -228
      vertex 107.43306054009332 80.34999942779541 -228
    endloop
  endfacet
  facet normal 0 1 0
    outer loop
      vertex 107.43306054009332 80.34999942779541 -228
      vertex 107.46229997606801 80.34999942779541 -228
      vertex 107.51251029968262 80.34999942779541 -244.5
    endloop
  endfacet
  facet normal 0 0 1
    outer loop
      vertex 107.43306054009332 80.34999942779541 -228
      vertex 107.5617561340332 79.84999942779541 -228
      vertex 107.46229997606801 80.34999942779541 -228
    endloop
  endfacet
  facet normal -0.9807852497466024 -0.19509047613734157 0
    outer loop
      vertex 107.45183715118907 92.72702507773309 -228.5000003814697
      vertex 107.45183753967285 92.72702312469482 -228.5000003814697
      vertex 107.45183753967285 92.72702312469482 -228.5
    endloop
  endfacet
  facet normal -0.9238796253049613 -0.38268320834126535 0
    outer loop
      vertex 107.45183753967285 92.72702312469482 -228.5000003814697
      vertex 107.45183830171007 92.72702128497298 -228.5000003814697
      vertex 107.45183753967285 92.72702312469482 -228.5
    endloop
  endfacet
  facet normal -0.9238796239984157 -0.382683211495547 1.7822220612508784e-8
    outer loop
      vertex 107.45183753967285 92.72702312469482 -228.5
      vertex 107.45183830171007 92.72702128497298 -228.5000003814697
      vertex 107.6515998840332 92.24475383758545 -228.5
    endloop
  endfacet
  facet normal -0.6532816717732237 -0.270597945523892 0.7071066462729866
    outer loop
      vertex 107.45183753967285 92.72702312469482 -228.5
      vertex 107.6515998840332 92.24475383758545 -228.5
      vertex 108.09469413757324 92.48159217834473 -228
    endloop
  endfacet
  facet normal -0.6935198373218242 -0.1379498663677001 0.7071068304084215
    outer loop
      vertex 107.45183753967285 92.72702312469482 -228.5
      vertex 107.9326229095459 92.87286758422852 -228
      vertex 107.84999942779541 93.2882432937622 -228
    endloop
  endfacet
  facet normal -0.6532816515718541 -0.2705975329035326 0.7071068228394296
    outer loop
      vertex 107.45183753967285 92.72702312469482 -228.5
      vertex 108.09469413757324 92.48159217834473 -228
      vertex 107.9326229095459 92.87286758422852 -228
    endloop
  endfacet
  facet normal -0.923879623998411 0.3826832114955591 0
    outer loop
      vertex 107.45183753967285 94.27297592163086 -228.5000003814697
      vertex 107.45183753967285 94.27297592163086 -228.5
      vertex 107.65159912199599 94.75524336901839 -228.5000003814697
    endloop
  endfacet
  facet normal -0.9238796239984157 0.382683211495547 -1.7841277152436006e-8
    outer loop
      vertex 107.45183753967285 94.27297592163086 -228.5
      vertex 107.6515998840332 94.75524520874023 -228.5
      vertex 107.65159912199599 94.75524336901839 -228.5000003814697
    endloop
  endfacet
  facet normal -0.6935198373218242 0.1379498663677001 0.7071068304084215
    outer loop
      vertex 107.45183753967285 94.27297592163086 -228.5
      vertex 107.84999942779541 93.71175575256348 -228
      vertex 107.9326229095459 94.12713146209717 -228
    endloop
  endfacet
  facet normal -0.6532816515718541 0.2705975329035326 0.7071068228394296
    outer loop
      vertex 107.45183753967285 94.27297592163086 -228.5
      vertex 107.9326229095459 94.12713146209717 -228
      vertex 108.09469413757324 94.51840686798096 -228
    endloop
  endfacet
  facet normal -0.6532816717732237 0.270597945523892 0.7071066462729866
    outer loop
      vertex 107.45183753967285 94.27297592163086 -228.5
      vertex 108.09469413757324 94.51840686798096 -228
      vertex 107.6515998840332 94.75524520874023 -228.5
    endloop
  endfacet
  facet normal -0.923879623998411 -0.3826832114955591 0
    outer loop
      vertex 107.45183830171007 92.72702128497298 -228.5000003814697
      vertex 107.6515998840332 92.24475383758545 -228.5000003814697
      vertex 107.6515998840332 92.24475383758545 -228.5
    endloop
  endfacet
  facet normal 0 1 0
    outer loop
      vertex 107.46229997606801 80.34999942779541 -228
      vertex 107.51251029968262 80.34999942779541 -228
      vertex 107.51251029968262 80.34999942779541 -244.5
    endloop
  endfacet
  facet normal 0 0 1
    outer loop
      vertex 107.46229997606801 80.34999942779541 -228
      vertex 107.5617561340332 79.84999942779541 -228
      vertex 107.51251029968262 80.34999942779541 -228
    endloop
  endfacet
  facet normal 0 1 0
    outer loop
      vertex 107.49442643805557 91.85000038146973 -239.5
      vertex 107.49442643805557 91.85000038146973 -239.30000019073486
      vertex 108.35000038146973 91.85000038146973 -239.30000019073486
    endloop
  endfacet
  facet normal 0.8314701121787503 0.5555694849012645 0
    outer loop
      vertex 107.49442643805557 91.85000038146973 -239.5
      vertex 107.66974830627441 91.58761215209961 -239.5
      vertex 107.66974830627441 91.58761215209961 -242.38761215209962
    endloop
  endfacet
  facet normal 0 1 0
    outer loop
      vertex 107.49442643805557 91.85000038146973 -239.5
      vertex 108.35000038146973 91.85000038146973 -239.30000019073486
      vertex 109.83748433367936 91.85000038146973 -239.5
    endloop
  endfacet
  facet normal 0 0 -1
    outer loop
      vertex 107.49442643805557 91.85000038146973 -239.5
      vertex 109.83748433367936 91.85000038146973 -239.5
      vertex 107.66974830627441 91.58761215209961 -239.5
    endloop
  endfacet
  facet normal 0.8314701121787503 -0.5555694849012645 0
    outer loop
      vertex 107.49442643805557 95.14999961853027 -239.5
      vertex 107.66974830627441 95.41238784790039 -242.38761215209962
      vertex 107.66974830627441 95.41238784790039 -239.5
    endloop
  endfacet
  facet normal 0 0 -1
    outer loop
      vertex 107.49442643805557 95.14999961853027 -239.5
      vertex 107.66974830627441 95.41238784790039 -239.5
      vertex 108.08761215209961 95.83025169372559 -239.5
    endloop
  endfacet
  facet normal 0 0 -1
    outer loop
      vertex 107.49442643805557 95.14999961853027 -239.5
      vertex 108.08761215209961 95.83025169372559 -239.5
      vertex 108.5789680480957 96.15856456756592 -239.5
    endloop
  endfacet
  facet normal 0 -1 0
    outer loop
      vertex 107.49442643805557 95.14999961853027 -239.5
      vertex 108.35000038146973 95.14999961853027 -239.30000019073486
      vertex 107.49442643805557 95.14999961853027 -239.30000019073486
    endloop
  endfacet
  facet normal 0 0 -1
    outer loop
      vertex 107.49442643805557 95.14999961853027 -239.5
      vertex 108.5789680480957 96.15856456756592 -239.5
      vertex 109.12493228912354 96.38471126556396 -239.5
    endloop
  endfacet
  facet normal 0 0 -1
    outer loop
      vertex 107.49442643805557 95.14999961853027 -239.5
      vertex 109.12493228912354 96.38471126556396 -239.5
      vertex 109.7045259475708 96.5 -239.5
    endloop
  endfacet
  facet normal 0 0 -1
    outer loop
      vertex 107.49442643805557 95.14999961853027 -239.5
      vertex 109.7045259475708 96.5 -239.5
      vertex 112.50557356194443 95.14999961853027 -239.5
    endloop
  endfacet
  facet normal 0 -1 0
    outer loop
      vertex 107.49442643805557 95.14999961853027 -239.5
      vertex 111.64999961853027 95.14999961853027 -239.30000019073486
      vertex 108.35000038146973 95.14999961853027 -239.30000019073486
    endloop
  endfacet
  facet normal 0 -1 0
    outer loop
      vertex 107.49442643805557 95.14999961853027 -239.5
      vertex 112.50557356194443 95.14999961853027 -239.5
      vertex 111.64999961853027 95.14999961853027 -239.30000019073486
    endloop
  endfacet
  facet normal -0.19509131895475898 0.9807850820992806 0
    outer loop
      vertex 107.51251029968262 80.34999942779541 -244.5
      vertex 107.51251029968262 80.34999942779541 -228
      vertex 107.5125150941017 80.35000038146973 -243.9000005722046
    endloop
  endfacet
  facet normal 0 0 -1
    outer loop
      vertex 107.51251029968262 80.34999942779541 -244.5
      vertex 107.5125150941017 80.35000038146973 -244.5
      vertex 107.6454740524292 79 -244.5
    endloop
  endfacet
  facet normal -0.19509131895475895 0.9807850820992806 0
    outer loop
      vertex 107.51251029968262 80.34999942779541 -244.5
      vertex 107.5125150941017 80.35000038146973 -243.9000005722046
      vertex 107.5125150941017 80.35000038146973 -244.5
    endloop
  endfacet
  facet normal -0.1950913528550705 0.980785075356053 -1.0626612426349274e-14
    outer loop
      vertex 107.51251029968262 80.34999942779541 -228
      vertex 107.5125103888343 80.34999944552888 -228
      vertex 107.5125150941017 80.35000038146973 -243.9000005722046
    endloop
  endfacet
  facet normal 0 0 1
    outer loop
      vertex 107.51251029968262 80.34999942779541 -228
      vertex 107.5617561340332 79.84999942779541 -228
      vertex 107.5125103888343 80.34999944552888 -228
    endloop
  endfacet
  facet normal -0.19509131883524766 -0.9807850821230529 0
    outer loop
      vertex 107.51251029968262 83.64999961853027 -243.9000005722046
      vertex 107.5617561340332 83.64020396100477 -228
      vertex 107.51251029968262 83.64999961853027 -228
    endloop
  endfacet
  facet normal -0.19509131883550943 -0.980785082123001 8.427582549407071e-16
    outer loop
      vertex 107.51251029968262 83.64999961853027 -243.9000005722046
      vertex 107.64002075385318 83.62463607750291 -243.9000005722046
      vertex 107.5617561340332 83.64020396100477 -228
    endloop
  endfacet
  facet normal 0 -1 0
    outer loop
      vertex 107.51251029968262 83.64999961853027 -243.9000005722046
      vertex 108.03345165252685 83.64999961853027 -244.10000038146973
      vertex 108.03345165252685 83.64999961853027 -243.9000005722046
    endloop
  endfacet
  facet normal 0 0 -1
    outer loop
      vertex 107.51251029968262 83.64999961853027 -243.9000005722046
      vertex 108.03345165252685 83.64999961853027 -243.9000005722046
      vertex 107.64002075385318 83.62463607750291 -243.9000005722046
    endloop
  endfacet
  facet normal 0 0 1
    outer loop
      vertex 107.51251029968262 83.64999961853027 -228
      vertex 107.5617561340332 83.64020396100477 -228
      vertex 107.5617561340332 84.14999961853027 -228
    endloop
  endfacet
  facet normal -0.19509132028037696 0.9807850818355973 -6.054106521258935e-16
    outer loop
      vertex 107.5125103888343 80.34999944552888 -228
      vertex 107.51251395462091 80.35000015481171 -228
      vertex 107.5125150941017 80.35000038146973 -243.9000005722046
    endloop
  endfacet
  facet normal 0 0 1
    outer loop
      vertex 107.5125103888343 80.34999944552888 -228
      vertex 107.5617561340332 79.84999942779541 -228
      vertex 107.51251395462091 80.35000015481171 -228
    endloop
  endfacet
  facet normal 0 0 1
    outer loop
      vertex 107.51251395462091 80.35000015481171 -228
      vertex 107.5617561340332 79.84999942779541 -228
      vertex 107.5617561340332 80.35979508532091 -228
    endloop
  endfacet
  facet normal -0.1950913188350814 0.9807850821230859 -4.977346742888653e-16
    outer loop
      vertex 107.51251395462091 80.35000015481171 -228
      vertex 107.5617561340332 80.35979508532091 -228
      vertex 107.5125150941017 80.35000038146973 -243.9000005722046
    endloop
  endfacet
  facet normal 0 1 0
    outer loop
      vertex 107.5125150941017 80.35000038146973 -244.5
      vertex 107.5125150941017 80.35000038146973 -243.9000005722046
      vertex 108.03345165252685 80.35000038146973 -244.10000038146973
    endloop
  endfacet
  facet normal 0 1 0
    outer loop
      vertex 107.5125150941017 80.35000038146973 -244.5
      vertex 108.03345165252685 80.35000038146973 -244.10000038146973
      vertex 108.99999961853027 80.35000038146973 -244.30000019073486
    endloop
  endfacet
  facet normal 0 0 -1
    outer loop
      vertex 107.5125150941017 80.35000038146973 -244.5
      vertex 108.22506771087646 79.11528873443604 -244.5
      vertex 107.6454740524292 79 -244.5
    endloop
  endfacet
  facet normal 0 0 -1
    outer loop
      vertex 107.5125150941017 80.35000038146973 -244.5
      vertex 108.77103195190429 79.34143543243408 -244.5
      vertex 108.22506771087646 79.11528873443604 -244.5
    endloop
  endfacet
  facet normal 0 1 0
    outer loop
      vertex 107.5125150941017 80.35000038146973 -244.5
      vertex 108.99999961853027 80.35000038146973 -244.30000019073486
      vertex 109.85557356194442 80.35000038146973 -244.5
    endloop
  endfacet
  facet normal 0 0 -1
    outer loop
      vertex 107.5125150941017 80.35000038146973 -244.5
      vertex 109.26238784790038 79.66974830627441 -244.5
      vertex 108.77103195190429 79.34143543243408 -244.5
    endloop
  endfacet
  facet normal 0 0 -1
    outer loop
      vertex 107.5125150941017 80.35000038146973 -244.5
      vertex 109.68025169372558 80.08761215209961 -244.5
      vertex 109.26238784790038 79.66974830627441 -244.5
    endloop
  endfacet
  facet normal 0 0 -1
    outer loop
      vertex 107.5125150941017 80.35000038146973 -244.5
      vertex 109.85557356194442 80.35000038146973 -244.5
      vertex 109.68025169372558 80.08761215209961 -244.5
    endloop
  endfacet
  facet normal -0.1950913188357947 0.9807850821229442 1.7982557726743337e-15
    outer loop
      vertex 107.5125150941017 80.35000038146973 -243.9000005722046
      vertex 107.5617561340332 80.35979508532091 -228
      vertex 107.58827689358662 80.36507042040921 -228
    endloop
  endfacet
  facet normal -0.1950913188358882 0.9807850821229256 2.2615047874839207e-15
    outer loop
      vertex 107.5125150941017 80.35000038146973 -243.9000005722046
      vertex 107.58827689358662 80.36507042040921 -228
      vertex 107.61297001255485 80.36998221325098 -228
    endloop
  endfacet
  facet normal -0.19509131883545297 0.9807850821230121 -5.963541669242813e-16
    outer loop
      vertex 107.5125150941017 80.35000038146973 -243.9000005722046
      vertex 107.61297001255485 80.36998221325098 -228
      vertex 107.66733826049744 80.38079678760292 -228
    endloop
  endfacet
  facet normal -0.19509131883550762 0.9807850821230013 -4.3638624872114437e-17
    outer loop
      vertex 107.5125150941017 80.35000038146973 -243.9000005722046
      vertex 107.66733826049744 80.38079678760292 -228
      vertex 107.83128643035889 80.41340827941895 -243.9000005722046
    endloop
  endfacet
  facet normal 0 0 -1
    outer loop
      vertex 107.5125150941017 80.35000038146973 -243.9000005722046
      vertex 107.83128643035889 80.41340827941895 -243.9000005722046
      vertex 108.03345165252685 80.35000038146973 -243.9000005722046
    endloop
  endfacet
  facet normal 0 1 0
    outer loop
      vertex 107.5125150941017 80.35000038146973 -243.9000005722046
      vertex 108.03345165252685 80.35000038146973 -243.9000005722046
      vertex 108.03345165252685 80.35000038146973 -244.10000038146973
    endloop
  endfacet
  facet normal 0 1 0
    outer loop
      vertex 107.5560332703657 79 -247.29999961853025
      vertex 107.6454740524292 79 -244.5
      vertex 107.6454740524292 79 -247.29999961853025
    endloop
  endfacet
  facet normal 0 -1 0
    outer loop
      vertex 107.5560332703657 85 -247.29999961853025
      vertex 107.6454740524292 85 -247.29999961853025
      vertex 107.6454740524292 85 -244.5
    endloop
  endfacet
  facet normal 0 0 -1
    outer loop
      vertex 107.5560332703657 85 -247.29999961853025
      vertex 108.1975085292136 86.69606562238985 -247.29999961853025
      vertex 108.27931161277752 86.58027285797729 -247.29999961853025
    endloop
  endfacet
  facet normal 0 0 -1
    outer loop
      vertex 107.5560332703657 85 -247.29999961853025
      vertex 108.27931161277752 86.58027285797729 -247.29999961853025
      vertex 107.6454740524292 85 -247.29999961853025
    endloop
  endfacet
  facet normal 0 0 1
    outer loop
      vertex 107.5617561340332 79.84999942779541 -228
      vertex 107.58827689358662 80.36507042040921 -228
      vertex 107.5617561340332 80.35979508532091 -228
    endloop
  endfacet
  facet normal 0.13794979781092026 -0.6935198881491378 0.7071067939325246
    outer loop
      vertex 107.5617561340332 79.84999942779541 -228
      vertex 107.61100196838379 79.34999942779541 -228.5
      vertex 108.12297630310059 79.45183753967285 -228.5
    endloop
  endfacet
  facet normal 0 0 1
    outer loop
      vertex 107.5617561340332 79.84999942779541 -228
      vertex 107.61297001255485 80.36998221325098 -228
      vertex 107.58827689358662 80.36507042040921 -228
    endloop
  endfacet
  facet normal 0 0 1
    outer loop
      vertex 107.5617561340332 79.84999942779541 -228
      vertex 107.66733826049744 80.38079678760292 -228
      vertex 107.61297001255485 80.36998221325098 -228
    endloop
  endfacet
  facet normal 0 0 1
    outer loop
      vertex 107.5617561340332 79.84999942779541 -228
      vertex 107.7263313971917 80.3925313144118 -228
      vertex 107.66733826049744 80.38079678760292 -228
    endloop
  endfacet
  facet normal 0 0 1
    outer loop
      vertex 107.5617561340332 79.84999942779541 -228
      vertex 107.79188103668554 80.40557001764162 -228
      vertex 107.7263313971917 80.3925313144118 -228
    endloop
  endfacet
  facet normal 0 0 1
    outer loop
      vertex 107.5617561340332 79.84999942779541 -228
      vertex 107.83128643035889 80.41340827941895 -228
      vertex 107.79188103668554 80.40557001764162 -228
    endloop
  endfacet
  facet normal 0 0 1
    outer loop
      vertex 107.5617561340332 79.84999942779541 -228
      vertex 107.87189506430067 80.43022884948627 -228
      vertex 107.83128643035889 80.41340827941895 -228
    endloop
  endfacet
  facet normal 0 0 1
    outer loop
      vertex 107.5617561340332 79.84999942779541 -228
      vertex 107.9771318435669 79.9326229095459 -228
      vertex 108.36840629577637 80.09469413757324 -228
    endloop
  endfacet
  facet normal 0 0 1
    outer loop
      vertex 107.5617561340332 79.84999942779541 -228
      vertex 107.97913302921899 80.47464806598518 -228
      vertex 107.87189506430067 80.43022884948627 -228
    endloop
  endfacet
  facet normal 0 0 1
    outer loop
      vertex 107.5617561340332 79.84999942779541 -228
      vertex 108.06020059518076 80.50822719783682 -228
      vertex 107.97913302921899 80.47464806598518 -228
    endloop
  endfacet
  facet normal 0.1379498663677001 -0.6935198373218242 0.7071068304084215
    outer loop
      vertex 107.5617561340332 79.84999942779541 -228
      vertex 108.12297630310059 79.45183753967285 -228.5
      vertex 107.9771318435669 79.9326229095459 -228
    endloop
  endfacet
  facet normal 0 0 1
    outer loop
      vertex 107.5617561340332 79.84999942779541 -228
      vertex 108.12345080407948 80.5344261724706 -228
      vertex 108.06020059518076 80.50822719783682 -228
    endloop
  endfacet
  facet normal 0 0 1
    outer loop
      vertex 107.5617561340332 79.84999942779541 -228
      vertex 108.13156795501709 80.53778839111328 -228
      vertex 108.12345080407948 80.5344261724706 -228
    endloop
  endfacet
  facet normal 0 0 1
    outer loop
      vertex 107.5617561340332 79.84999942779541 -228
      vertex 108.33758167443438 80.67544251373383 -228
      vertex 108.13156795501709 80.53778839111328 -228
    endloop
  endfacet
  facet normal 0 0 1
    outer loop
      vertex 107.5617561340332 79.84999942779541 -228
      vertex 108.36840629577637 80.09469413757324 -228
      vertex 108.72054481506348 80.32998561859131 -228
    endloop
  endfacet
  facet normal 0 0 1
    outer loop
      vertex 107.5617561340332 79.84999942779541 -228
      vertex 108.40181043969127 80.7183588513129 -228
      vertex 108.33758167443438 80.67544251373383 -228
    endloop
  endfacet
  facet normal 0 0 1
    outer loop
      vertex 107.5617561340332 79.84999942779541 -228
      vertex 108.40181350708008 80.7183609008789 -228
      vertex 108.40181043969127 80.7183588513129 -228
    endloop
  endfacet
  facet normal 0 0 1
    outer loop
      vertex 107.5617561340332 79.84999942779541 -228
      vertex 108.57649422161097 80.8930416154098 -228
      vertex 108.40181350708008 80.7183609008789 -228
    endloop
  endfacet
  facet normal 0 0 1
    outer loop
      vertex 107.5617561340332 79.84999942779541 -228
      vertex 108.72054481506348 80.32998561859131 -228
      vertex 109.0200138092041 80.62945461273193 -228
    endloop
  endfacet
  facet normal 0 0 1
    outer loop
      vertex 107.5617561340332 79.84999942779541 -228
      vertex 109.0200138092041 80.62945461273193 -228
      vertex 109.25530433654785 80.98159217834473 -228
    endloop
  endfacet
  facet normal 0 0 1
    outer loop
      vertex 107.5617561340332 79.84999942779541 -228
      vertex 109.25530433654785 80.98159217834473 -228
      vertex 109.41737651824951 81.37286758422852 -228
    endloop
  endfacet
  facet normal 0 0 1
    outer loop
      vertex 107.5617561340332 79.84999942779541 -228
      vertex 109.41737651824951 81.37286758422852 -228
      vertex 109.5 81.7882432937622 -228
    endloop
  endfacet
  facet normal 0 0 1
    outer loop
      vertex 107.5617561340332 79.84999942779541 -228
      vertex 109.5 81.7882432937622 -228
      vertex 108.57649422161097 80.8930416154098 -228
    endloop
  endfacet
  facet normal 0 0 1
    outer loop
      vertex 107.5617561340332 83.64020396100477 -228
      vertex 107.62577377618899 83.62746999261091 -228
      vertex 107.5617561340332 84.14999961853027 -228
    endloop
  endfacet
  facet normal -0.1950913188356757 -0.9807850821229678 -8.148579610908535e-18
    outer loop
      vertex 107.5617561340332 83.64020396100477 -228
      vertex 107.64002075385318 83.62463607750291 -243.9000005722046
      vertex 107.62577377618899 83.62746999261091 -228
    endloop
  endfacet
  facet normal 0 0 1
    outer loop
      vertex 107.5617561340332 84.14999961853027 -228
      vertex 107.62577377618899 83.62746999261091 -228
      vertex 107.64002075385318 83.62463607750291 -228
    endloop
  endfacet
  facet normal 0 0 1
    outer loop
      vertex 107.5617561340332 84.14999961853027 -228
      vertex 107.64002075385318 83.62463607750291 -228
      vertex 107.66139128375218 83.6203852049465 -228
    endloop
  endfacet
  facet normal 0 0 1
    outer loop
      vertex 107.5617561340332 84.14999961853027 -228
      vertex 107.66139128375218 83.6203852049465 -228
      vertex 107.9771318435669 84.06737613677979 -228
    endloop
  endfacet
  facet normal 0.1379498663677001 0.6935198373218242 0.7071068304084215
    outer loop
      vertex 107.5617561340332 84.14999961853027 -228
      vertex 107.9771318435669 84.06737613677979 -228
      vertex 108.12297630310059 84.54816150665283 -228.5
    endloop
  endfacet
  facet normal 0.13794979781092026 0.6935198881491378 0.7071067939325246
    outer loop
      vertex 107.5617561340332 84.14999961853027 -228
      vertex 108.12297630310059 84.54816150665283 -228.5
      vertex 107.61100196838379 84.64999961853027 -228.5
    endloop
  endfacet
  facet normal 0 -1 0
    outer loop
      vertex 107.61099997708104 79.34999942779541 -228.5000003814697
      vertex 107.61100196838379 79.34999942779541 -228.5000003814697
      vertex 107.61100196838379 79.34999942779541 -228.5
    endloop
  endfacet
  facet normal 0 0 1
    outer loop
      vertex 107.61099997708104 79.34999942779541 -228.5000003814697
      vertex 108.94699764251709 76.73540115356445 -228.5000003814697
      vertex 107.61100196838379 79.34999942779541 -228.5000003814697
    endloop
  endfacet
  facet normal 0.19509047613734157 -0.9807852497466024 0
    outer loop
      vertex 107.61100196838379 79.34999942779541 -228.5000003814697
      vertex 107.61100392142205 79.3499998162792 -228.5000003814697
      vertex 107.61100196838379 79.34999942779541 -228.5
    endloop
  endfacet
  facet normal 0 0 1
    outer loop
      vertex 107.61100196838379 79.34999942779541 -228.5000003814697
      vertex 108.94699764251709 76.73540115356445 -228.5000003814697
      vertex 107.61100392142205 79.3499998162792 -228.5000003814697
    endloop
  endfacet
  facet normal 0.19509047850743974 -0.9807852492751602 1.2614475194581149e-8
    outer loop
      vertex 107.61100196838379 79.34999942779541 -228.5
      vertex 107.61100392142205 79.3499998162792 -228.5000003814697
      vertex 108.12297630310059 79.45183753967285 -228.5
    endloop
  endfacet
  facet normal 0.1950904785074488 0.9807852492751584 0
    outer loop
      vertex 107.61100196838379 84.64999961853027 -228.5000003814697
      vertex 107.61100196838379 84.64999961853027 -228.5
      vertex 108.12297435006232 84.54816189513662 -228.5000003814697
    endloop
  endfacet
  facet normal 0 0 1
    outer loop
      vertex 107.61100196838379 84.64999961853027 -228.5000003814697
      vertex 108.12297435006232 84.54816189513662 -228.5000003814697
      vertex 109.22702312469482 90.95183753967285 -228.5000003814697
    endloop
  endfacet
  facet normal 0 0 1
    outer loop
      vertex 107.61100196838379 84.64999961853027 -228.5000003814697
      vertex 108.7447556773073 91.15159912199599 -228.5000003814697
      vertex 108.74475383758545 91.1515998840332 -228.5000003814697
    endloop
  endfacet
  facet normal 0 0 1
    outer loop
      vertex 107.61100196838379 84.64999961853027 -228.5000003814697
      vertex 109.22702312469482 90.95183753967285 -228.5000003814697
      vertex 108.7447556773073 91.15159912199599 -228.5000003814697
    endloop
  endfacet
  facet normal 0.19509047850743974 0.9807852492751602 -1.261433907645403e-8
    outer loop
      vertex 107.61100196838379 84.64999961853027 -228.5
      vertex 108.12297630310059 84.54816150665283 -228.5
      vertex 108.12297435006232 84.54816189513662 -228.5000003814697
    endloop
  endfacet
  facet normal 0.1950904785074488 -0.9807852492751584 0
    outer loop
      vertex 107.61100392142205 79.3499998162792 -228.5000003814697
      vertex 108.12297630310059 79.45183753967285 -228.5000003814697
      vertex 108.12297630310059 79.45183753967285 -228.5
    endloop
  endfacet
  facet normal 0 0 1
    outer loop
      vertex 107.61100392142205 79.3499998162792 -228.5000003814697
      vertex 108.94699764251709 76.73540115356445 -228.5000003814697
      vertex 108.12297630310059 79.45183753967285 -228.5000003814697
    endloop
  endfacet
  facet normal -0.19509131883566683 -0.9807850821229694 0
    outer loop
      vertex 107.62577377618899 83.62746999261091 -228
      vertex 107.64002075385318 83.62463607750291 -243.9000005722046
      vertex 107.64002075385318 83.62463607750291 -228
    endloop
  endfacet
  facet normal -0.1950907574010534 -0.9807851937996838 0
    outer loop
      vertex 107.64002075385318 83.62463607750291 -243.9000005722046
      vertex 107.66139128375218 83.6203852049465 -228
      vertex 107.64002075385318 83.62463607750291 -228
    endloop
  endfacet
  facet normal -0.1950907574015031 -0.9807851937995944 6.283429854338056e-16
    outer loop
      vertex 107.64002075385318 83.62463607750291 -243.9000005722046
      vertex 107.83128700256347 83.58659076690674 -243.9000005722046
      vertex 107.66139128375218 83.6203852049465 -228
    endloop
  endfacet
  facet normal 0 0 -1
    outer loop
      vertex 107.64002075385318 83.62463607750291 -243.9000005722046
      vertex 108.03345165252685 83.64999961853027 -243.9000005722046
      vertex 107.83128700256347 83.58659076690674 -243.9000005722046
    endloop
  endfacet
  facet normal -0.19509095313616145 0.9807851548654395 0
    outer loop
      vertex 107.6454740524292 79 -247.29999961853025
      vertex 107.6454740524292 79 -244.5
      vertex 107.73319632391866 79.01744910337524 -247.29999961853025
    endloop
  endfacet
  facet normal -0.19509095313605423 0.9807851548654608 3.4932328462198224e-15
    outer loop
      vertex 107.6454740524292 79 -244.5
      vertex 108.22506771087646 79.11528873443604 -244.5
      vertex 107.73319632391866 79.01744910337524 -247.29999961853025
    endloop
  endfacet
  facet normal -0.1950909531360351 -0.9807851548654647 0
    outer loop
      vertex 107.6454740524292 85 -247.29999961853025
      vertex 108.13734543938699 84.9021603689392 -247.29999961853025
      vertex 107.6454740524292 85 -244.5
    endloop
  endfacet
  facet normal 0 0 -1
    outer loop
      vertex 107.6454740524292 85 -247.29999961853025
      vertex 108.27931161277752 86.58027285797729 -247.29999961853025
      vertex 108.36527588503651 86.49369414634222 -247.29999961853025
    endloop
  endfacet
  facet normal 0 0 -1
    outer loop
      vertex 107.6454740524292 85 -247.29999961853025
      vertex 108.36527588503651 86.49369414634222 -247.29999961853025
      vertex 108.54870593995861 86.30895347419968 -247.29999961853025
    endloop
  endfacet
  facet normal 0 0 -1
    outer loop
      vertex 107.6454740524292 85 -247.29999961853025
      vertex 108.54870593995861 86.30895347419968 -247.29999961853025
      vertex 108.13734543938699 84.9021603689392 -247.29999961853025
    endloop
  endfacet
  facet normal -0.19509095313605423 -0.9807851548654608 -3.4932328462198224e-15
    outer loop
      vertex 107.6454740524292 85 -244.5
      vertex 108.13734543938699 84.9021603689392 -247.29999961853025
      vertex 108.22506771087646 84.88471126556396 -244.5
    endloop
  endfacet
  facet normal 0 0 -1
    outer loop
      vertex 107.6454740524292 85 -244.5
      vertex 108.22506771087646 84.88471126556396 -244.5
      vertex 109.85557356194442 83.64999961853027 -244.5
    endloop
  endfacet
  facet normal -0.9238796253049613 0.38268320834126535 0
    outer loop
      vertex 107.65159912199599 94.75524336901839 -228.5000003814697
      vertex 107.6515998840332 94.75524520874023 -228.5
      vertex 107.6515998840332 94.75524520874023 -228.5000003814697
    endloop
  endfacet
  facet normal -0.8314691503450021 -0.5555709243873012 0
    outer loop
      vertex 107.6515998840332 92.24475383758545 -228.5000003814697
      vertex 107.9416092299953 91.81072496045309 -228.5000003814697
      vertex 107.6515998840332 92.24475383758545 -228.5
    endloop
  endfacet
  facet normal -0.8314691503449892 -0.5555709243873196 3.066470037537372e-8
    outer loop
      vertex 107.6515998840332 92.24475383758545 -228.5
      vertex 107.9416092299953 91.81072496045309 -228.5000003814697
      vertex 107.94161033630371 91.81072330474854 -228.5
    endloop
  endfacet
  facet normal -0.587937651866761 -0.39284808653958847 0.7071065679369578
    outer loop
      vertex 107.6515998840332 92.24475383758545 -228.5
      vertex 107.94161033630371 91.81072330474854 -228.5
      vertex 108.09469413757324 92.48159217834473 -228
    endloop
  endfacet
  facet normal -0.8314691503450021 0.5555709243873012 0
    outer loop
      vertex 107.6515998840332 94.75524520874023 -228.5000003814697
      vertex 107.6515998840332 94.75524520874023 -228.5
      vertex 107.9416092299953 95.1892740858726 -228.5000003814697
    endloop
  endfacet
  facet normal -0.8314691503449892 0.5555709243873196 3.066470037537372e-8
    outer loop
      vertex 107.6515998840332 94.75524520874023 -228.5
      vertex 107.94161033630371 95.18927574157715 -228.5
      vertex 107.9416092299953 95.1892740858726 -228.5000003814697
    endloop
  endfacet
  facet normal -0.587937651866761 0.39284808653958847 0.7071065679369578
    outer loop
      vertex 107.6515998840332 94.75524520874023 -228.5
      vertex 108.09469413757324 94.51840686798096 -228
      vertex 107.94161033630371 95.18927574157715 -228.5
    endloop
  endfacet
  facet normal -0.19509075740155968 -0.9807851937995832 0
    outer loop
      vertex 107.66139128375218 83.6203852049465 -228
      vertex 107.83128700256347 83.58659076690674 -243.9000005722046
      vertex 107.83128700256347 83.58659076690674 -228
    endloop
  endfacet
  facet normal 0 0 1
    outer loop
      vertex 107.66139128375218 83.6203852049465 -228
      vertex 107.83128700256347 83.58659076690674 -228
      vertex 107.9771318435669 84.06737613677979 -228
    endloop
  endfacet
  facet normal -0.19509131883544392 0.980785082123014 6.389347085773638e-16
    outer loop
      vertex 107.66733826049744 80.38079678760292 -228
      vertex 107.7263313971917 80.3925313144118 -228
      vertex 107.83128643035889 80.41340827941895 -243.9000005722046
    endloop
  endfacet
  facet normal 0.7071067811865475 0 -0.7071067811865475
    outer loop
      vertex 107.66974830627441 90.5 -242.38761215209962
      vertex 107.66974830627441 91.58761215209961 -242.38761215209962
      vertex 108.08761215209961 90.5 -241.96974830627443
    endloop
  endfacet
  facet normal 0.5057557072915296 0.6988721836531264 -0.5057557072915296
    outer loop
      vertex 107.66974830627441 90.5 -242.38761215209962
      vertex 108.08761215209961 90.5 -241.96974830627443
      vertex 108.62310436141541 86.25511326257677 -247.29999961853025
    endloop
  endfacet
  facet normal 0.6411946113540847 0.6366441253338424 -0.42843170756655163
    outer loop
      vertex 107.66974830627441 90.5 -242.38761215209962
      vertex 108.36527588503651 86.49369414634222 -247.29999961853025
      vertex 108.27931161277752 86.58027285797729 -247.29999961853025
    endloop
  endfacet
  facet normal 0.6411935875637653 0.6366447280854994 -0.4284323440965309
    outer loop
      vertex 107.66974830627441 90.5 -242.38761215209962
      vertex 108.54870593995861 86.30895347419968 -247.29999961853025
      vertex 108.36527588503651 86.49369414634222 -247.29999961853025
    endloop
  endfacet
  facet normal 0.5057557072914344 0.6988721836531611 -0.505755707291577
    outer loop
      vertex 107.66974830627441 90.5 -242.38761215209962
      vertex 108.62310436141541 86.25511326257677 -247.29999961853025
      vertex 108.54870593995861 86.30895347419968 -247.29999961853025
    endloop
  endfacet
  facet normal 0.7071067811865476 0.7071067811865476 0
    outer loop
      vertex 107.66974830627441 91.58761215209961 -242.38761215209962
      vertex 107.66974830627441 91.58761215209961 -239.5
      vertex 108.08761215209961 91.16974830627441 -241.96974830627443
    endloop
  endfacet
  facet normal 0.7071067811865476 0 -0.7071067811865476
    outer loop
      vertex 107.66974830627441 91.58761215209961 -242.38761215209962
      vertex 108.08761215209961 91.16974830627441 -241.96974830627443
      vertex 108.08761215209961 90.5 -241.96974830627443
    endloop
  endfacet
  facet normal 0.7071067811865475 0.7071067811865475 0
    outer loop
      vertex 107.66974830627441 91.58761215209961 -239.5
      vertex 108.08761215209961 91.16974830627441 -239.5
      vertex 108.08761215209961 91.16974830627441 -241.96974830627443
    endloop
  endfacet
  facet normal 0 0 -1
    outer loop
      vertex 107.66974830627441 91.58761215209961 -239.5
      vertex 109.83748433367936 91.85000038146973 -239.5
      vertex 108.08761215209961 91.16974830627441 -239.5
    endloop
  endfacet
  facet normal 0.7071067811865475 0 -0.7071067811865475
    outer loop
      vertex 107.66974830627441 95.41238784790039 -242.38761215209962
      vertex 107.66974830627441 96.5 -242.38761215209962
      vertex 108.08761215209961 95.83025169372559 -241.96974830627443
    endloop
  endfacet
  facet normal 0.7071067811865476 -0.7071067811865476 0
    outer loop
      vertex 107.66974830627441 95.41238784790039 -242.38761215209962
      vertex 108.08761215209961 95.83025169372559 -241.96974830627443
      vertex 107.66974830627441 95.41238784790039 -239.5
    endloop
  endfacet
  facet normal 0.7071067811865475 -0.7071067811865475 0
    outer loop
      vertex 107.66974830627441 95.41238784790039 -239.5
      vertex 108.08761215209961 95.83025169372559 -241.96974830627443
      vertex 108.08761215209961 95.83025169372559 -239.5
    endloop
  endfacet
  facet normal 0.7071067811865476 0 -0.7071067811865476
    outer loop
      vertex 107.66974830627441 96.5 -242.38761215209962
      vertex 108.08761215209961 96.5 -241.96974830627443
      vertex 108.08761215209961 95.83025169372559 -241.96974830627443
    endloop
  endfacet
  facet normal 0 -1 0
    outer loop
      vertex 107.66974830627441 96.5 -242.38761215209962
      vertex 108.71836185455322 96.5 -243.24818687438966
      vertex 108.08761215209961 96.5 -241.96974830627443
    endloop
  endfacet
  facet normal -0.19509131883544703 0.9807850821230132 6.174696225170727e-16
    outer loop
      vertex 107.7263313971917 80.3925313144118 -228
      vertex 107.79188103668554 80.40557001764162 -228
      vertex 107.83128643035889 80.41340827941895 -243.9000005722046
    endloop
  endfacet
  facet normal -0.1950909531360351 0.9807851548654647 0
    outer loop
      vertex 107.73319632391866 79.01744910337524 -247.29999961853025
      vertex 108.22506771087646 79.11528873443604 -244.5
      vertex 108.22506771087646 79.11528873443604 -247.29999961853025
    endloop
  endfacet
  facet normal -0.1950913188356867 0.9807850821229657 0
    outer loop
      vertex 107.79188103668554 80.40557001764162 -228
      vertex 107.83128643035889 80.41340827941895 -228
      vertex 107.83128643035889 80.41340827941895 -243.9000005722046
    endloop
  endfacet
  facet normal -0.3826819398008178 0.9238801507502384 0
    outer loop
      vertex 107.83128643035889 80.41340827941895 -243.9000005722046
      vertex 107.83128643035889 80.41340827941895 -228
      vertex 107.87189506430067 80.43022884948627 -228
    endloop
  endfacet
  facet normal -0.38268193980072124 0.9238801507502784 -2.8879660287157617e-16
    outer loop
      vertex 107.83128643035889 80.41340827941895 -243.9000005722046
      vertex 107.87189506430067 80.43022884948627 -228
      vertex 107.97913302921899 80.47464806598518 -228
    endloop
  endfacet
  facet normal -0.38268193980066517 0.9238801507503016 -9.002827184312827e-16
    outer loop
      vertex 107.83128643035889 80.41340827941895 -243.9000005722046
      vertex 107.97913302921899 80.47464806598518 -228
      vertex 108.13156795501709 80.53778839111328 -243.9000005722046
    endloop
  endfacet
  facet normal 0 0 -1
    outer loop
      vertex 107.83128643035889 80.41340827941895 -243.9000005722046
      vertex 108.13156795501709 80.53778839111328 -243.9000005722046
      vertex 108.03345165252685 80.35000038146973 -243.9000005722046
    endloop
  endfacet
  facet normal -0.38268297718978755 -0.9238797210509389 0
    outer loop
      vertex 107.83128700256347 83.58659076690674 -243.9000005722046
      vertex 107.85141754279152 83.5782524357459 -228
      vertex 107.83128700256347 83.58659076690674 -228
    endloop
  endfacet
  facet normal -0.3826829771901274 -0.9238797210507981 5.041523338347446e-16
    outer loop
      vertex 107.83128700256347 83.58659076690674 -243.9000005722046
      vertex 107.92591796903147 83.54739339179696 -228
      vertex 107.85141754279152 83.5782524357459 -228
    endloop
  endfacet
  facet normal -0.3826829771900281 -0.9238797210508393 -1.8909792862859964e-16
    outer loop
      vertex 107.83128700256347 83.58659076690674 -243.9000005722046
      vertex 108.01145534336399 83.5119627006315 -243.9000005722046
      vertex 107.92591796903147 83.54739339179696 -228
    endloop
  endfacet
  facet normal 0 0 -1
    outer loop
      vertex 107.83128700256347 83.58659076690674 -243.9000005722046
      vertex 108.03345165252685 83.64999961853027 -243.9000005722046
      vertex 108.01145534336399 83.5119627006315 -243.9000005722046
    endloop
  endfacet
  facet normal 0 0 1
    outer loop
      vertex 107.83128700256347 83.58659076690674 -228
      vertex 107.85141754279152 83.5782524357459 -228
      vertex 107.9771318435669 84.06737613677979 -228
    endloop
  endfacet
  facet normal 0 0 1
    outer loop
      vertex 107.84999942779541 93.2882432937622 -228
      vertex 107.9326229095459 92.87286758422852 -228
      vertex 108.53442615629305 92.7265486369925 -228
    endloop
  endfacet
  facet normal 0 0 1
    outer loop
      vertex 107.84999942779541 93.2882432937622 -228
      vertex 108.38121947763949 93.1805357027194 -228
      vertex 107.84999942779541 93.71175575256348 -228
    endloop
  endfacet
  facet normal 0 0 1
    outer loop
      vertex 107.84999942779541 93.2882432937622 -228
      vertex 108.41340827941895 93.0187120437622 -228
      vertex 108.38121947763949 93.1805357027194 -228
    endloop
  endfacet
  facet normal 0 0 1
    outer loop
      vertex 107.84999942779541 93.2882432937622 -228
      vertex 108.51588623802593 92.7713080214906 -228
      vertex 108.41340827941895 93.0187120437622 -228
    endloop
  endfacet
  facet normal 0 0 1
    outer loop
      vertex 107.84999942779541 93.2882432937622 -228
      vertex 108.53442615629305 92.7265486369925 -228
      vertex 108.51588623802593 92.7713080214906 -228
    endloop
  endfacet
  facet normal 0 0 1
    outer loop
      vertex 107.84999942779541 93.71175575256348 -228
      vertex 108.34999942779541 93.3374891281128 -228
      vertex 108.34999942779541 93.39644153547843 -228
    endloop
  endfacet
  facet normal 0 0 1
    outer loop
      vertex 107.84999942779541 93.71175575256348 -228
      vertex 108.34999942779541 93.39644153547843 -228
      vertex 108.34999942779541 93.61855658777725 -228
    endloop
  endfacet
  facet normal 0 0 1
    outer loop
      vertex 107.84999942779541 93.71175575256348 -228
      vertex 108.34999942779541 93.61855658777725 -228
      vertex 107.9326229095459 94.12713146209717 -228
    endloop
  endfacet
  facet normal 0 0 1
    outer loop
      vertex 107.84999942779541 93.71175575256348 -228
      vertex 108.35000021353676 93.33748517793342 -228
      vertex 108.34999942779541 93.3374891281128 -228
    endloop
  endfacet
  facet normal 0 0 1
    outer loop
      vertex 107.84999942779541 93.71175575256348 -228
      vertex 108.36116590840899 93.28135156937597 -228
      vertex 108.35000021353676 93.33748517793342 -228
    endloop
  endfacet
  facet normal 0 0 1
    outer loop
      vertex 107.84999942779541 93.71175575256348 -228
      vertex 108.38121947763949 93.1805357027194 -228
      vertex 108.36116590840899 93.28135156937597 -228
    endloop
  endfacet
  facet normal 0 0 1
    outer loop
      vertex 107.85141754279152 83.5782524357459 -228
      vertex 107.92591796903147 83.54739339179696 -228
      vertex 107.9771318435669 84.06737613677979 -228
    endloop
  endfacet
  facet normal 0.13795007395754394 -0.6935201706049094 -0.7071064630303172
    outer loop
      vertex 107.88924026489258 76.52499961853027 -247.29999961853025
      vertex 108.94699764251709 76.73540115356445 -247.29999961853025
      vertex 109.0636739730835 76.35077285766602 -246.89999904632566
    endloop
  endfacet
  facet normal 0.13794978906014527 -0.6935208004354155 -0.7071059008816728
    outer loop
      vertex 107.88924026489258 76.52499961853027 -247.29999961853025
      vertex 109.0636739730835 76.35077285766602 -246.89999904632566
      vertex 107.92863655090332 76.125 -246.89999904632566
    endloop
  endfacet
  facet normal 0.13794978906014527 -0.6935208004354155 0.7071059008816728
    outer loop
      vertex 107.88924026489258 76.52499961853027 -228.5000003814697
      vertex 107.92863655090332 76.125 -228.9000009536743
      vertex 109.0636739730835 76.35077285766602 -228.9000009536743
    endloop
  endfacet
  facet normal 0.13795007395754394 -0.6935201706049094 0.7071064630303172
    outer loop
      vertex 107.88924026489258 76.52499961853027 -228.5000003814697
      vertex 109.0636739730835 76.35077285766602 -228.9000009536743
      vertex 108.94699764251709 76.73540115356445 -228.5000003814697
    endloop
  endfacet
  facet normal -0.382682977189998 -0.9238797210508517 0
    outer loop
      vertex 107.92591796903147 83.54739339179696 -228
      vertex 108.01145534336399 83.5119627006315 -243.9000005722046
      vertex 108.01145534336399 83.5119627006315 -228
    endloop
  endfacet
  facet normal 0 0 1
    outer loop
      vertex 107.92591796903147 83.54739339179696 -228
      vertex 108.01145534336399 83.5119627006315 -228
      vertex 107.9771318435669 84.06737613677979 -228
    endloop
  endfacet
  facet normal 0.19509021974022622 -0.9807853007471667 0
    outer loop
      vertex 107.92863655090332 76.125 -246.89999904632566
      vertex 109.0636739730835 76.35077285766602 -246.89999904632566
      vertex 109.0636739730835 76.35077285766602 -228.9000009536743
    endloop
  endfacet
  facet normal 0.19509021974022622 -0.9807853007471667 0
    outer loop
      vertex 107.92863655090332 76.125 -246.89999904632566
      vertex 109.0636739730835 76.35077285766602 -228.9000009536743
      vertex 107.92863655090332 76.125 -228.9000009536743
    endloop
  endfacet
  facet normal 0 0 1
    outer loop
      vertex 107.9326229095459 92.87286758422852 -228
      vertex 108.09469413757324 92.48159217834473 -228
      vertex 110.21175575256348 91.34999942779541 -228
    endloop
  endfacet
  facet normal 0 0 1
    outer loop
      vertex 107.9326229095459 92.87286758422852 -228
      vertex 108.53778839111328 92.71843147277832 -228
      vertex 108.53442615629305 92.7265486369925 -228
    endloop
  endfacet
  facet normal 0 0 1
    outer loop
      vertex 107.9326229095459 92.87286758422852 -228
      vertex 108.6865606372032 92.49577832458644 -228
      vertex 108.53778839111328 92.71843147277832 -228
    endloop
  endfacet
  facet normal 0 0 1
    outer loop
      vertex 107.9326229095459 92.87286758422852 -228
      vertex 108.7183577364209 92.44819065665604 -228
      vertex 108.6865606372032 92.49577832458644 -228
    endloop
  endfacet
  facet normal 0 0 1
    outer loop
      vertex 107.9326229095459 92.87286758422852 -228
      vertex 108.7183609008789 92.44818592071533 -228
      vertex 108.7183577364209 92.44819065665604 -228
    endloop
  endfacet
  facet normal 0 0 1
    outer loop
      vertex 107.9326229095459 92.87286758422852 -228
      vertex 108.90710608509238 92.25944073650186 -228
      vertex 108.7183609008789 92.44818592071533 -228
    endloop
  endfacet
  facet normal 0 0 1
    outer loop
      vertex 107.9326229095459 92.87286758422852 -228
      vertex 108.94818592071533 92.2183609008789 -228
      vertex 108.90710608509238 92.25944073650186 -228
    endloop
  endfacet
  facet normal 0 0 1
    outer loop
      vertex 107.9326229095459 92.87286758422852 -228
      vertex 108.94819065665604 92.2183577364209 -228
      vertex 108.94818592071533 92.2183609008789 -228
    endloop
  endfacet
  facet normal 0 0 1
    outer loop
      vertex 107.9326229095459 92.87286758422852 -228
      vertex 108.99577832458644 92.1865606372032 -228
      vertex 108.94819065665604 92.2183577364209 -228
    endloop
  endfacet
  facet normal 0 0 1
    outer loop
      vertex 107.9326229095459 92.87286758422852 -228
      vertex 110.21175575256348 91.34999942779541 -228
      vertex 108.99577832458644 92.1865606372032 -228
    endloop
  endfacet
  facet normal 0 0 1
    outer loop
      vertex 107.9326229095459 94.12713146209717 -228
      vertex 108.34999942779541 93.61855658777725 -228
      vertex 108.34999942779541 93.66250991821289 -228
    endloop
  endfacet
  facet normal 0 0 1
    outer loop
      vertex 107.9326229095459 94.12713146209717 -228
      vertex 108.34999942779541 93.66250991821289 -228
      vertex 108.35000021353676 93.66251386839227 -228
    endloop
  endfacet
  facet normal 0 0 1
    outer loop
      vertex 107.9326229095459 94.12713146209717 -228
      vertex 108.35000021353676 93.66251386839227 -228
      vertex 108.36116590840899 93.71864747694971 -228
    endloop
  endfacet
  facet normal 0 0 1
    outer loop
      vertex 107.9326229095459 94.12713146209717 -228
      vertex 108.36116590840899 93.71864747694971 -228
      vertex 108.41340827941895 93.98128700256348 -228
    endloop
  endfacet
  facet normal 0 0 1
    outer loop
      vertex 107.9326229095459 94.12713146209717 -228
      vertex 108.41340827941895 93.98128700256348 -228
      vertex 108.42878364115626 94.01840646112214 -228
    endloop
  endfacet
  facet normal 0 0 1
    outer loop
      vertex 107.9326229095459 94.12713146209717 -228
      vertex 108.42878364115626 94.01840646112214 -228
      vertex 108.09469413757324 94.51840686798096 -228
    endloop
  endfacet
  facet normal -0.8314691470739952 -0.5555709292827 0
    outer loop
      vertex 107.9416092299953 91.81072496045309 -228.5000003814697
      vertex 107.94161033630371 91.81072330474854 -228.5000003814697
      vertex 107.94161033630371 91.81072330474854 -228.5
    endloop
  endfacet
  facet normal -0.8314691470739952 0.5555709292827 0
    outer loop
      vertex 107.9416092299953 95.1892740858726 -228.5000003814697
      vertex 107.94161033630371 95.18927574157715 -228.5
      vertex 107.94161033630371 95.18927574157715 -228.5000003814697
    endloop
  endfacet
  facet normal -0.7071067811865476 -0.7071067811865476 0
    outer loop
      vertex 107.94161033630371 91.81072330474854 -228.5000003814697
      vertex 107.94161174436599 91.81072189668626 -228.5000003814697
      vertex 107.94161033630371 91.81072330474854 -228.5
    endloop
  endfacet
  facet normal -0.7071067811865476 -0.7071067811865476 0
    outer loop
      vertex 107.94161033630371 91.81072330474854 -228.5
      vertex 107.94161174436599 91.81072189668626 -228.5000003814697
      vertex 108.31072330474854 91.44161033630371 -228.5
    endloop
  endfacet
  facet normal -0.5000000674988451 -0.5000000674988451 0.7071066857287526
    outer loop
      vertex 107.94161033630371 91.81072330474854 -228.5
      vertex 108.31072330474854 91.44161033630371 -228.5
      vertex 108.62945461273193 91.82998561859131 -228
    endloop
  endfacet
  facet normal -0.5879373113820581 -0.39284829069608024 0.707106737616044
    outer loop
      vertex 107.94161033630371 91.81072330474854 -228.5
      vertex 108.32998561859131 92.12945461273193 -228
      vertex 108.09469413757324 92.48159217834473 -228
    endloop
  endfacet
  facet normal -0.5000000674988451 -0.5000000674988451 0.7071066857287525
    outer loop
      vertex 107.94161033630371 91.81072330474854 -228.5
      vertex 108.62945461273193 91.82998561859131 -228
      vertex 108.32998561859131 92.12945461273193 -228
    endloop
  endfacet
  facet normal -0.7071067811865476 0.7071067811865476 0
    outer loop
      vertex 107.94161033630371 95.18927574157715 -228.5000003814697
      vertex 107.94161033630371 95.18927574157715 -228.5
      vertex 107.94161174436599 95.18927714963942 -228.5000003814697
    endloop
  endfacet
  facet normal -0.5879373113820581 0.39284829069608024 0.707106737616044
    outer loop
      vertex 107.94161033630371 95.18927574157715 -228.5
      vertex 108.09469413757324 94.51840686798096 -228
      vertex 108.32998561859131 94.87054443359375 -228
    endloop
  endfacet
  facet normal -0.7071067811865476 0.7071067811865476 0
    outer loop
      vertex 107.94161033630371 95.18927574157715 -228.5
      vertex 108.31072330474854 95.55838871002197 -228.5
      vertex 107.94161174436599 95.18927714963942 -228.5000003814697
    endloop
  endfacet
  facet normal -0.5000000674988451 0.5000000674988451 0.7071066857287525
    outer loop
      vertex 107.94161033630371 95.18927574157715 -228.5
      vertex 108.32998561859131 94.87054443359375 -228
      vertex 108.62945461273193 95.17001342773438 -228
    endloop
  endfacet
  facet normal -0.5000000674988451 0.5000000674988451 0.7071066857287526
    outer loop
      vertex 107.94161033630371 95.18927574157715 -228.5
      vertex 108.62945461273193 95.17001342773438 -228
      vertex 108.31072330474854 95.55838871002197 -228.5
    endloop
  endfacet
  facet normal -0.7071067811865476 -0.7071067811865476 0
    outer loop
      vertex 107.94161174436599 91.81072189668626 -228.5000003814697
      vertex 108.31072330474854 91.44161033630371 -228.5000003814697
      vertex 108.31072330474854 91.44161033630371 -228.5
    endloop
  endfacet
  facet normal -0.7071067811865476 0.7071067811865476 0
    outer loop
      vertex 107.94161174436599 95.18927714963942 -228.5000003814697
      vertex 108.31072330474854 95.55838871002197 -228.5
      vertex 108.31072330474854 95.55838871002197 -228.5000003814697
    endloop
  endfacet
  facet normal 0.2705978849933118 -0.6532815256393772 0.7071068044471317
    outer loop
      vertex 107.9771318435669 79.9326229095459 -228
      vertex 108.12297630310059 79.45183753967285 -228.5
      vertex 108.60524559020996 79.6515998840332 -228.5
    endloop
  endfacet
  facet normal 0.2705980602258642 -0.653281332365531 0.7071069159502797
    outer loop
      vertex 107.9771318435669 79.9326229095459 -228
      vertex 108.60524559020996 79.6515998840332 -228.5
      vertex 108.36840629577637 80.09469413757324 -228
    endloop
  endfacet
  facet normal 0 0 1
    outer loop
      vertex 107.9771318435669 84.06737613677979 -228
      vertex 108.01145534336399 83.5119627006315 -228
      vertex 108.36840629577637 83.90530490875244 -228
    endloop
  endfacet
  facet normal 0.2705980602258642 0.653281332365531 0.7071069159502797
    outer loop
      vertex 107.9771318435669 84.06737613677979 -228
      vertex 108.36840629577637 83.90530490875244 -228
      vertex 108.60524559020996 84.34839916229248 -228.5
    endloop
  endfacet
  facet normal 0.2705978849933118 0.6532815256393772 0.7071068044471317
    outer loop
      vertex 107.9771318435669 84.06737613677979 -228
      vertex 108.60524559020996 84.34839916229248 -228.5
      vertex 108.12297630310059 84.54816150665283 -228.5
    endloop
  endfacet
  facet normal -0.3826819398005164 0.9238801507503632 7.708915909330748e-16
    outer loop
      vertex 107.97913302921899 80.47464806598518 -228
      vertex 108.06020059518076 80.50822719783682 -228
      vertex 108.13156795501709 80.53778839111328 -243.9000005722046
    endloop
  endfacet
  facet normal -0.3826819397999979 -0.9238801507505779 0
    outer loop
      vertex 108.01145534336399 83.5119627006315 -243.9000005722046
      vertex 108.02487574647165 83.50640381305288 -228
      vertex 108.01145534336399 83.5119627006315 -228
    endloop
  endfacet
  facet normal 0 0 -1
    outer loop
      vertex 108.01145534336399 83.5119627006315 -243.9000005722046
      vertex 108.03345165252685 83.64999961853027 -243.9000005722046
      vertex 108.13156795501709 83.4622106552124 -243.9000005722046
    endloop
  endfacet
  facet normal -0.38268193980066517 -0.9238801507503017 6.597604484990551e-16
    outer loop
      vertex 108.01145534336399 83.5119627006315 -243.9000005722046
      vertex 108.13156795501709 83.4622106552124 -243.9000005722046
      vertex 108.02487574647165 83.50640381305288 -228
    endloop
  endfacet
  facet normal 0 0 1
    outer loop
      vertex 108.01145534336399 83.5119627006315 -228
      vertex 108.02487574647165 83.50640381305288 -228
      vertex 108.36840629577637 83.90530490875244 -228
    endloop
  endfacet
  facet normal -0.3826819398007491 -0.9238801507502669 0
    outer loop
      vertex 108.02487574647165 83.50640381305288 -228
      vertex 108.13156795501709 83.4622106552124 -243.9000005722046
      vertex 108.13156795501709 83.4622106552124 -228
    endloop
  endfacet
  facet normal 0 0 1
    outer loop
      vertex 108.02487574647165 83.50640381305288 -228
      vertex 108.13156795501709 83.4622106552124 -228
      vertex 108.36840629577637 83.90530490875244 -228
    endloop
  endfacet
  facet normal -0.7071067811865475 0.7071067811865475 0
    outer loop
      vertex 108.03345165252685 80.35000038146973 -244.10000038146973
      vertex 108.03345165252685 80.35000038146973 -243.9000005722046
      vertex 108.40180948338767 80.71835821233054 -244.10000038146973
    endloop
  endfacet
  facet normal 0 0 -1
    outer loop
      vertex 108.03345165252685 80.35000038146973 -244.10000038146973
      vertex 108.40180948338767 80.71835821233054 -244.10000038146973
      vertex 108.99999961853027 80.35000038146973 -244.10000038146973
    endloop
  endfacet
  facet normal 0 1 0
    outer loop
      vertex 108.03345165252685 80.35000038146973 -244.10000038146973
      vertex 108.99999961853027 80.35000038146973 -244.10000038146973
      vertex 108.99999961853027 80.35000038146973 -244.30000019073486
    endloop
  endfacet
  facet normal 0 0 -1
    outer loop
      vertex 108.03345165252685 80.35000038146973 -243.9000005722046
      vertex 108.13156795501709 80.53778839111328 -243.9000005722046
      vertex 108.40180948338767 80.71835821233054 -243.9000005722046
    endloop
  endfacet
  facet normal -0.7071067811865475 0.7071067811865475 0
    outer loop
      vertex 108.03345165252685 80.35000038146973 -243.9000005722046
      vertex 108.40180948338767 80.71835821233054 -243.9000005722046
      vertex 108.40180948338767 80.71835821233054 -244.10000038146973
    endloop
  endfacet
  facet normal -0.7071067811865476 -0.7071067811865476 0
    outer loop
      vertex 108.03345165252685 83.64999961853027 -244.10000038146973
      vertex 108.40181235745365 83.28163891360347 -244.10000038146973
      vertex 108.03345165252685 83.64999961853027 -243.9000005722046
    endloop
  endfacet
  facet normal 0 -1 0
    outer loop
      vertex 108.03345165252685 83.64999961853027 -244.10000038146973
      vertex 108.99999961853027 83.64999961853027 -244.30000019073486
      vertex 108.99999961853027 83.64999961853027 -244.10000038146973
    endloop
  endfacet
  facet normal 0 0 -1
    outer loop
      vertex 108.03345165252685 83.64999961853027 -244.10000038146973
      vertex 108.99999961853027 83.64999961853027 -244.10000038146973
      vertex 108.40181235745365 83.28163891360347 -244.10000038146973
    endloop
  endfacet
  facet normal -0.7071067811865476 -0.7071067811865476 0
    outer loop
      vertex 108.03345165252685 83.64999961853027 -243.9000005722046
      vertex 108.40181235745365 83.28163891360347 -244.10000038146973
      vertex 108.40181235745365 83.28163891360347 -243.9000005722046
    endloop
  endfacet
  facet normal 0 0 -1
    outer loop
      vertex 108.03345165252685 83.64999961853027 -243.9000005722046
      vertex 108.40181235745365 83.28163891360347 -243.9000005722046
      vertex 108.13156795501709 83.4622106552124 -243.9000005722046
    endloop
  endfacet
  facet normal -0.38268193980073584 0.9238801507502724 -3.830681863005413e-16
    outer loop
      vertex 108.06020059518076 80.50822719783682 -228
      vertex 108.12345080407948 80.5344261724706 -228
      vertex 108.13156795501709 80.53778839111328 -243.9000005722046
    endloop
  endfacet
  facet normal 0.555569484901264 0 -0.8314701121787506
    outer loop
      vertex 108.08761215209961 90.5 -241.96974830627443
      vertex 108.08761215209961 91.16974830627441 -241.96974830627443
      vertex 108.5789680480957 90.5 -241.6414354324341
    endloop
  endfacet
  facet normal 0.37344318668595416 0.7403869671441716 -0.5588983138289961
    outer loop
      vertex 108.08761215209961 90.5 -241.96974830627443
      vertex 108.5789680480957 90.5 -241.6414354324341
      vertex 109.11479604385062 85.95823542853131 -247.29999961853025
    endloop
  endfacet
  facet normal 0.5057557072915092 0.6988721836531349 -0.5057557072915384
    outer loop
      vertex 108.08761215209961 90.5 -241.96974830627443
      vertex 108.84598102943067 86.09382318764258 -247.29999961853025
      vertex 108.62310436141541 86.25511326257677 -247.29999961853025
    endloop
  endfacet
  facet normal 0.3734441052779077 0.7403867664996018 -0.5588979658447928
    outer loop
      vertex 108.08761215209961 90.5 -241.96974830627443
      vertex 109.11479604385062 85.95823542853131 -247.29999961853025
      vertex 108.84598102943067 86.09382318764258 -247.29999961853025
    endloop
  endfacet
  facet normal 0.5555694849012641 0.8314701121787507 0
    outer loop
      vertex 108.08761215209961 91.16974830627441 -241.96974830627443
      vertex 108.08761215209961 91.16974830627441 -239.5
      vertex 108.5789680480957 90.84143543243408 -241.6414354324341
    endloop
  endfacet
  facet normal 0.555569484901264 0 -0.8314701121787507
    outer loop
      vertex 108.08761215209961 91.16974830627441 -241.96974830627443
      vertex 108.5789680480957 90.84143543243408 -241.6414354324341
      vertex 108.5789680480957 90.5 -241.6414354324341
    endloop
  endfacet
  facet normal 0.555569484901264 0.8314701121787506 0
    outer loop
      vertex 108.08761215209961 91.16974830627441 -239.5
      vertex 108.5789680480957 90.84143543243408 -239.5
      vertex 108.5789680480957 90.84143543243408 -241.6414354324341
    endloop
  endfacet
  facet normal 0 0 -1
    outer loop
      vertex 108.08761215209961 91.16974830627441 -239.5
      vertex 109.83748433367936 91.85000038146973 -239.5
      vertex 108.5789680480957 90.84143543243408 -239.5
    endloop
  endfacet
  facet normal 0.555569484901264 0 -0.8314701121787506
    outer loop
      vertex 108.08761215209961 95.83025169372559 -241.96974830627443
      vertex 108.08761215209961 96.5 -241.96974830627443
      vertex 108.5789680480957 96.15856456756592 -241.6414354324341
    endloop
  endfacet
  facet normal 0.5555694849012641 -0.8314701121787507 0
    outer loop
      vertex 108.08761215209961 95.83025169372559 -241.96974830627443
      vertex 108.5789680480957 96.15856456756592 -241.6414354324341
      vertex 108.08761215209961 95.83025169372559 -239.5
    endloop
  endfacet
  facet normal 0.555569484901264 -0.8314701121787506 0
    outer loop
      vertex 108.08761215209961 95.83025169372559 -239.5
      vertex 108.5789680480957 96.15856456756592 -241.6414354324341
      vertex 108.5789680480957 96.15856456756592 -239.5
    endloop
  endfacet
  facet normal 0.555569484901264 0 -0.8314701121787507
    outer loop
      vertex 108.08761215209961 96.5 -241.96974830627443
      vertex 108.5789680480957 96.5 -241.6414354324341
      vertex 108.5789680480957 96.15856456756592 -241.6414354324341
    endloop
  endfacet
  facet normal 0 -1 0
    outer loop
      vertex 108.08761215209961 96.5 -241.96974830627443
      vertex 108.71836185455322 96.5 -243.24818687438966
      vertex 108.94818687438965 96.5 -243.01836185455323
    endloop
  endfacet
  facet normal 0 -1 0
    outer loop
      vertex 108.08761215209961 96.5 -241.96974830627443
      vertex 108.94818687438965 96.5 -243.01836185455323
      vertex 108.5789680480957 96.5 -241.6414354324341
    endloop
  endfacet
  facet normal 0 0 1
    outer loop
      vertex 108.09469413757324 92.48159217834473 -228
      vertex 108.32998561859131 92.12945461273193 -228
      vertex 110.21175575256348 91.34999942779541 -228
    endloop
  endfacet
  facet normal 0 0 1
    outer loop
      vertex 108.09469413757324 94.51840686798096 -228
      vertex 108.42878364115626 94.01840646112214 -228
      vertex 108.51588623802593 94.22869102483509 -228
    endloop
  endfacet
  facet normal 0 0 1
    outer loop
      vertex 108.09469413757324 94.51840686798096 -228
      vertex 108.51588623802593 94.22869102483509 -228
      vertex 108.53778839111328 94.28156757354736 -228
    endloop
  endfacet
  facet normal 0 0 1
    outer loop
      vertex 108.09469413757324 94.51840686798096 -228
      vertex 108.53778839111328 94.28156757354736 -228
      vertex 108.59724102761987 94.37054463099193 -228
    endloop
  endfacet
  facet normal 0 0 1
    outer loop
      vertex 108.09469413757324 94.51840686798096 -228
      vertex 108.59724102761987 94.37054463099193 -228
      vertex 108.32998561859131 94.87054443359375 -228
    endloop
  endfacet
  facet normal 0 -1 0
    outer loop
      vertex 108.11702570399405 96.5 -247.29999961853025
      vertex 108.35000038146973 96.5 -247.29999961853025
      vertex 108.35000038146973 96.5 -244.13749008178712
    endloop
  endfacet
  facet normal 0 0 -1
    outer loop
      vertex 108.11702570399405 96.5 -247.29999961853025
      vertex 108.35000038146973 99.59999942779541 -247.29999961853025
      vertex 108.35000038146973 96.5 -247.29999961853025
    endloop
  endfacet
  facet normal 0 0 1
    outer loop
      vertex 108.12297435006232 84.54816189513662 -228.5000003814697
      vertex 108.12297630310059 84.54816150665283 -228.5000003814697
      vertex 109.22702312469482 90.95183753967285 -228.5000003814697
    endloop
  endfacet
  facet normal 0.19509047613734157 0.9807852497466024 0
    outer loop
      vertex 108.12297435006232 84.54816189513662 -228.5000003814697
      vertex 108.12297630310059 84.54816150665283 -228.5
      vertex 108.12297630310059 84.54816150665283 -228.5000003814697
    endloop
  endfacet
  facet normal 0.3826832114956157 -0.9238796239983875 0
    outer loop
      vertex 108.12297630310059 79.45183753967285 -228.5000003814697
      vertex 108.20227706305985 79.48468496774353 -228.5000003814697
      vertex 108.12297630310059 79.45183753967285 -228.5
    endloop
  endfacet
  facet normal 0 0 1
    outer loop
      vertex 108.12297630310059 79.45183753967285 -228.5000003814697
      vertex 108.94699764251709 76.73540115356445 -228.5000003814697
      vertex 108.20227706305985 79.48468496774353 -228.5000003814697
    endloop
  endfacet
  facet normal 0.38268321149467016 -0.923879623998751 -2.2775206692448854e-7
    outer loop
      vertex 108.12297630310059 79.45183753967285 -228.5
      vertex 108.20227706305985 79.48468496774353 -228.5000003814697
      vertex 108.20828152724135 79.48717209656053 -228.5000003814697
    endloop
  endfacet
  facet normal 0.3826832114948983 -0.9238796239986691 -1.6940374313071806e-7
    outer loop
      vertex 108.12297630310059 79.45183753967285 -228.5
      vertex 108.20828152724135 79.48717209656053 -228.5000003814697
      vertex 108.21647813313848 79.49056723959279 -228.5000003814697
    endloop
  endfacet
  facet normal 0.3826832114951302 -0.9238796239985829 -1.0368559855569778e-7
    outer loop
      vertex 108.12297630310059 79.45183753967285 -228.5
      vertex 108.21647813313848 79.49056723959279 -228.5000003814697
      vertex 108.22654730020196 79.49473802233206 -228.5000003814697
    endloop
  endfacet
  facet normal 0.3826832114957364 -0.9238796239983331 8.918121248418915e-8
    outer loop
      vertex 108.12297630310059 79.45183753967285 -228.5
      vertex 108.22654730020196 79.49473802233206 -228.5000003814697
      vertex 108.23811278165377 79.49952859836546 -228.5000003814697
    endloop
  endfacet
  facet normal 0.38268321149681156 -0.9238796239977651 4.844067475823656e-7
    outer loop
      vertex 108.12297630310059 79.45183753967285 -228.5
      vertex 108.23811278165377 79.49952859836546 -228.5000003814697
      vertex 108.25075385560433 79.50476469909819 -228.5000003814697
    endloop
  endfacet
  facet normal 0.3826832114950798 -0.9238796239985858 -2.0935224288443298e-7
    outer loop
      vertex 108.12297630310059 79.45183753967285 -228.5
      vertex 108.25075385560433 79.50476469909819 -228.5000003814697
      vertex 108.26401892218121 79.51025926586476 -228.5000003814697
    endloop
  endfacet
  facet normal 0.38268321149494583 -0.9238796239986268 -2.6519872406079293e-7
    outer loop
      vertex 108.12297630310059 79.45183753967285 -228.5
      vertex 108.26401892218121 79.51025926586476 -228.5000003814697
      vertex 108.27743722450731 79.51581730491398 -228.5000003814697
    endloop
  endfacet
  facet normal 0.38268321149554707 -0.9238796239984158 1.3607458453176293e-8
    outer loop
      vertex 108.12297630310059 79.45183753967285 -228.5
      vertex 108.27743722450731 79.51581730491398 -228.5000003814697
      vertex 108.60524559020996 79.6515998840332 -228.5
    endloop
  endfacet
  facet normal 0.38268320834126535 0.9238796253049613 0
    outer loop
      vertex 108.12297630310059 84.54816150665283 -228.5000003814697
      vertex 108.12297630310059 84.54816150665283 -228.5
      vertex 108.12297814282243 84.54816074461561 -228.5000003814697
    endloop
  endfacet
  facet normal 0 0 1
    outer loop
      vertex 108.12297630310059 84.54816150665283 -228.5000003814697
      vertex 108.12297814282243 84.54816074461561 -228.5000003814697
      vertex 109.73899745941162 90.84999942779541 -228.5000003814697
    endloop
  endfacet
  facet normal 0 0 1
    outer loop
      vertex 108.12297630310059 84.54816150665283 -228.5000003814697
      vertex 109.73899550637336 90.8499998162792 -228.5000003814697
      vertex 109.22702312469482 90.95183753967285 -228.5000003814697
    endloop
  endfacet
  facet normal 0 0 1
    outer loop
      vertex 108.12297630310059 84.54816150665283 -228.5000003814697
      vertex 109.73899745941162 90.84999942779541 -228.5000003814697
      vertex 109.73899550637336 90.8499998162792 -228.5000003814697
    endloop
  endfacet
  facet normal 0.382683211495547 0.9238796239984157 1.7822220612508784e-8
    outer loop
      vertex 108.12297630310059 84.54816150665283 -228.5
      vertex 108.60524559020996 84.34839916229248 -228.5
      vertex 108.12297814282243 84.54816074461561 -228.5000003814697
    endloop
  endfacet
  facet normal 0 0 1
    outer loop
      vertex 108.12297814282243 84.54816074461561 -228.5000003814697
      vertex 108.60524559020996 84.34839916229248 -228.5000003814697
      vertex 109.73899745941162 90.84999942779541 -228.5000003814697
    endloop
  endfacet
  facet normal 0.3826832114955591 0.923879623998411 0
    outer loop
      vertex 108.12297814282243 84.54816074461561 -228.5000003814697
      vertex 108.60524559020996 84.34839916229248 -228.5
      vertex 108.60524559020996 84.34839916229248 -228.5000003814697
    endloop
  endfacet
  facet normal -0.38268193980009546 0.9238801507505375 0
    outer loop
      vertex 108.12345080407948 80.5344261724706 -228
      vertex 108.13156795501709 80.53778839111328 -228
      vertex 108.13156795501709 80.53778839111328 -243.9000005722046
    endloop
  endfacet
  facet normal -0.5555706688217531 0.8314693211086925 0
    outer loop
      vertex 108.13156795501709 80.53778839111328 -243.9000005722046
      vertex 108.13156795501709 80.53778839111328 -228
      vertex 108.33758167443438 80.67544251373383 -228
    endloop
  endfacet
  facet normal -0.5555706688217036 0.8314693211087256 -9.278233452966491e-16
    outer loop
      vertex 108.13156795501709 80.53778839111328 -243.9000005722046
      vertex 108.33758167443438 80.67544251373383 -228
      vertex 108.40180948338767 80.71835821233054 -243.9000005722046
    endloop
  endfacet
  facet normal -0.5555706688216837 -0.8314693211087388 0
    outer loop
      vertex 108.13156795501709 83.4622106552124 -243.9000005722046
      vertex 108.26282424099486 83.37450790931857 -228
      vertex 108.13156795501709 83.4622106552124 -228
    endloop
  endfacet
  facet normal -0.5555706688216915 -0.8314693211087337 9.130436540227502e-17
    outer loop
      vertex 108.13156795501709 83.4622106552124 -243.9000005722046
      vertex 108.40181235745365 83.28163891360347 -243.9000005722046
      vertex 108.26282424099486 83.37450790931857 -228
    endloop
  endfacet
  facet normal 0 0 1
    outer loop
      vertex 108.13156795501709 83.4622106552124 -228
      vertex 108.26282424099486 83.37450790931857 -228
      vertex 108.36840629577637 83.90530490875244 -228
    endloop
  endfacet
  facet normal -0.19509095313616145 -0.9807851548654395 0
    outer loop
      vertex 108.13734543938699 84.9021603689392 -247.29999961853025
      vertex 108.22506771087646 84.88471126556396 -247.29999961853025
      vertex 108.22506771087646 84.88471126556396 -244.5
    endloop
  endfacet
  facet normal 0 0 -1
    outer loop
      vertex 108.13734543938699 84.9021603689392 -247.29999961853025
      vertex 108.54870593995861 86.30895347419968 -247.29999961853025
      vertex 108.62310436141541 86.25511326257677 -247.29999961853025
    endloop
  endfacet
  facet normal 0 0 -1
    outer loop
      vertex 108.13734543938699 84.9021603689392 -247.29999961853025
      vertex 108.62310436141541 86.25511326257677 -247.29999961853025
      vertex 108.84598102943067 86.09382318764258 -247.29999961853025
    endloop
  endfacet
  facet normal 0 0 -1
    outer loop
      vertex 108.13734543938699 84.9021603689392 -247.29999961853025
      vertex 108.84598102943067 86.09382318764258 -247.29999961853025
      vertex 108.22506771087646 84.88471126556396 -247.29999961853025
    endloop
  endfacet
  facet normal 0 0 1
    outer loop
      vertex 108.20227706305985 79.48468496774353 -228.5000003814697
      vertex 108.94699764251709 76.73540115356445 -228.5000003814697
      vertex 108.20828152724135 79.48717209656053 -228.5000003814697
    endloop
  endfacet
  facet normal 0 0 1
    outer loop
      vertex 108.20828152724135 79.48717209656053 -228.5000003814697
      vertex 108.94699764251709 76.73540115356445 -228.5000003814697
      vertex 108.21647813313848 79.49056723959279 -228.5000003814697
    endloop
  endfacet
  facet normal 0 0 1
    outer loop
      vertex 108.21647813313848 79.49056723959279 -228.5000003814697
      vertex 108.94699764251709 76.73540115356445 -228.5000003814697
      vertex 108.22654730020196 79.49473802233206 -228.5000003814697
    endloop
  endfacet
  facet normal -0.38268473923084795 0.9238789911886827 0
    outer loop
      vertex 108.22506771087646 79.11528873443604 -247.29999961853025
      vertex 108.22506771087646 79.11528873443604 -244.5
      vertex 108.68839953749298 79.30720782875159 -247.29999961853025
    endloop
  endfacet
  facet normal -0.38268473923082214 0.9238789911886933 4.990339923218113e-15
    outer loop
      vertex 108.22506771087646 79.11528873443604 -244.5
      vertex 108.77103195190429 79.34143543243408 -244.5
      vertex 108.68839953749298 79.30720782875159 -247.29999961853025
    endloop
  endfacet
  facet normal -0.3826847392306778 -0.9238789911887529 0
    outer loop
      vertex 108.22506771087646 84.88471126556396 -247.29999961853025
      vertex 108.30770012528777 84.85048366188147 -247.29999961853025
      vertex 108.22506771087646 84.88471126556396 -244.5
    endloop
  endfacet
  facet normal 0 0 -1
    outer loop
      vertex 108.22506771087646 84.88471126556396 -247.29999961853025
      vertex 108.84598102943067 86.09382318764258 -247.29999961853025
      vertex 108.30770012528777 84.85048366188147 -247.29999961853025
    endloop
  endfacet
  facet normal -0.38268473923082214 -0.9238789911886933 -4.988243141737769e-15
    outer loop
      vertex 108.22506771087646 84.88471126556396 -244.5
      vertex 108.30770012528777 84.85048366188147 -247.29999961853025
      vertex 108.77103195190429 84.65856456756592 -244.5
    endloop
  endfacet
  facet normal 0 0 -1
    outer loop
      vertex 108.22506771087646 84.88471126556396 -244.5
      vertex 108.77103195190429 84.65856456756592 -244.5
      vertex 109.85557356194442 83.64999961853027 -244.5
    endloop
  endfacet
  facet normal 0 0 1
    outer loop
      vertex 108.22654730020196 79.49473802233206 -228.5000003814697
      vertex 108.94699764251709 76.73540115356445 -228.5000003814697
      vertex 108.23811278165377 79.49952859836546 -228.5000003814697
    endloop
  endfacet
  facet normal 0 0 1
    outer loop
      vertex 108.23811278165377 79.49952859836546 -228.5000003814697
      vertex 108.94699764251709 76.73540115356445 -228.5000003814697
      vertex 108.25075385560433 79.50476469909819 -228.5000003814697
    endloop
  endfacet
  facet normal 0 0 1
    outer loop
      vertex 108.25075385560433 79.50476469909819 -228.5000003814697
      vertex 108.94699764251709 76.73540115356445 -228.5000003814697
      vertex 108.26401892218121 79.51025926586476 -228.5000003814697
    endloop
  endfacet
  facet normal 0 0 1
    outer loop
      vertex 108.26282424099486 83.37450790931857 -228
      vertex 108.33758386542638 83.32455506861615 -228
      vertex 108.72054481506348 83.67001342773438 -228
    endloop
  endfacet
  facet normal -0.5555706688218073 -0.8314693211086563 -1.3729881622376503e-15
    outer loop
      vertex 108.26282424099486 83.37450790931857 -228
      vertex 108.40181235745365 83.28163891360347 -243.9000005722046
      vertex 108.33758386542638 83.32455506861615 -228
    endloop
  endfacet
  facet normal 0 0 1
    outer loop
      vertex 108.26282424099486 83.37450790931857 -228
      vertex 108.72054481506348 83.67001342773438 -228
      vertex 108.36840629577637 83.90530490875244 -228
    endloop
  endfacet
  facet normal 0 0 1
    outer loop
      vertex 108.26401892218121 79.51025926586476 -228.5000003814697
      vertex 108.94699764251709 76.73540115356445 -228.5000003814697
      vertex 108.27743722450731 79.51581730491398 -228.5000003814697
    endloop
  endfacet
  facet normal 0.38268321149557827 -0.9238796239984028 -1.778924282994054e-8
    outer loop
      vertex 108.27743722450731 79.51581730491398 -228.5000003814697
      vertex 108.60524375048811 79.65159912199599 -228.5000003814697
      vertex 108.60524559020996 79.6515998840332 -228.5
    endloop
  endfacet
  facet normal 0 0 1
    outer loop
      vertex 108.27743722450731 79.51581730491398 -228.5000003814697
      vertex 108.94699764251709 76.73540115356445 -228.5000003814697
      vertex 108.60524375048811 79.65159912199599 -228.5000003814697
    endloop
  endfacet
  facet normal -0.382684739230833 -0.9238789911886889 -2.8895046669037553e-15
    outer loop
      vertex 108.30770012528777 84.85048366188147 -247.29999961853025
      vertex 108.71655922482594 84.68112800017559 -247.29999961853025
      vertex 108.77103195190429 84.65856456756592 -244.5
    endloop
  endfacet
  facet normal 0 0 -1
    outer loop
      vertex 108.30770012528777 84.85048366188147 -247.29999961853025
      vertex 108.84598102943067 86.09382318764258 -247.29999961853025
      vertex 109.11479604385062 85.95823542853131 -247.29999961853025
    endloop
  endfacet
  facet normal 0 0 -1
    outer loop
      vertex 108.30770012528777 84.85048366188147 -247.29999961853025
      vertex 109.11479604385062 85.95823542853131 -247.29999961853025
      vertex 108.71655922482594 84.68112800017559 -247.29999961853025
    endloop
  endfacet
  facet normal -0.5555709243873012 -0.8314691503450021 0
    outer loop
      vertex 108.31072330474854 91.44161033630371 -228.5000003814697
      vertex 108.7447521818809 91.15160099034162 -228.5000003814697
      vertex 108.31072330474854 91.44161033630371 -228.5
    endloop
  endfacet
  facet normal -0.5555709243873196 -0.8314691503449892 -3.066470037537372e-8
    outer loop
      vertex 108.31072330474854 91.44161033630371 -228.5
      vertex 108.7447521818809 91.15160099034162 -228.5000003814697
      vertex 108.74475383758545 91.1515998840332 -228.5
    endloop
  endfacet
  facet normal -0.39284808653958847 -0.587937651866761 0.7071065679369578
    outer loop
      vertex 108.31072330474854 91.44161033630371 -228.5
      vertex 108.74475383758545 91.1515998840332 -228.5
      vertex 108.98159217834473 91.59469413757324 -228
    endloop
  endfacet
  facet normal -0.39284829069608024 -0.5879373113820581 0.707106737616044
    outer loop
      vertex 108.31072330474854 91.44161033630371 -228.5
      vertex 108.98159217834473 91.59469413757324 -228
      vertex 108.62945461273193 91.82998561859131 -228
    endloop
  endfacet
  facet normal -0.5555709243873012 0.8314691503450021 0
    outer loop
      vertex 108.31072330474854 95.55838871002197 -228.5000003814697
      vertex 108.31072330474854 95.55838871002197 -228.5
      vertex 108.7447521818809 95.84839805598406 -228.5000003814697
    endloop
  endfacet
  facet normal -0.39284829069608024 0.5879373113820581 0.707106737616044
    outer loop
      vertex 108.31072330474854 95.55838871002197 -228.5
      vertex 108.62945461273193 95.17001342773438 -228
      vertex 108.98159217834473 95.40530490875244 -228
    endloop
  endfacet
  facet normal -0.5555709243873196 0.8314691503449892 -3.066470037537372e-8
    outer loop
      vertex 108.31072330474854 95.55838871002197 -228.5
      vertex 108.74475383758545 95.84839916229248 -228.5
      vertex 108.7447521818809 95.84839805598406 -228.5000003814697
    endloop
  endfacet
  facet normal -0.39284808653958847 0.587937651866761 0.7071065679369578
    outer loop
      vertex 108.31072330474854 95.55838871002197 -228.5
      vertex 108.98159217834473 95.40530490875244 -228
      vertex 108.74475383758545 95.84839916229248 -228.5
    endloop
  endfacet
  facet normal 0 0 1
    outer loop
      vertex 108.32998561859131 92.12945461273193 -228
      vertex 108.62945461273193 91.82998561859131 -228
      vertex 110.21175575256348 91.34999942779541 -228
    endloop
  endfacet
  facet normal 0 0 1
    outer loop
      vertex 108.32998561859131 94.87054443359375 -228
      vertex 108.59724102761987 94.37054463099193 -228
      vertex 108.6865622194322 94.5042230897096 -228
    endloop
  endfacet
  facet normal 0 0 1
    outer loop
      vertex 108.32998561859131 94.87054443359375 -228
      vertex 108.6865622194322 94.5042230897096 -228
      vertex 108.7183593186499 94.55181075764 -228
    endloop
  endfacet
  facet normal 0 0 1
    outer loop
      vertex 108.32998561859131 94.87054443359375 -228
      vertex 108.7183593186499 94.55181075764 -228
      vertex 108.7183609008789 94.55181312561035 -228
    endloop
  endfacet
  facet normal 0 0 1
    outer loop
      vertex 108.32998561859131 94.87054443359375 -228
      vertex 108.7183609008789 94.55181312561035 -228
      vertex 108.83656129474156 94.670013519473 -228
    endloop
  endfacet
  facet normal 0 0 1
    outer loop
      vertex 108.32998561859131 94.87054443359375 -228
      vertex 108.83656129474156 94.670013519473 -228
      vertex 108.62945461273193 95.17001342773438 -228
    endloop
  endfacet
  facet normal -0.5555706688214469 0.8314693211088972 5.72011546606705e-16
    outer loop
      vertex 108.33758167443438 80.67544251373383 -228
      vertex 108.40181043969127 80.7183588513129 -228
      vertex 108.40180948338767 80.71835821233054 -243.9000005722046
    endloop
  endfacet
  facet normal -0.5555706688216169 -0.8314693211087836 -2.6128922499326613e-16
    outer loop
      vertex 108.33758386542638 83.32455506861615 -228
      vertex 108.40181235745365 83.28163891360347 -243.9000005722046
      vertex 108.40181263068325 83.28163873103708 -228
    endloop
  endfacet
  facet normal 0 0 1
    outer loop
      vertex 108.33758386542638 83.32455506861615 -228
      vertex 108.40181263068325 83.28163873103708 -228
      vertex 108.72054481506348 83.67001342773438 -228
    endloop
  endfacet
  facet normal 0.9807851938508022 0.1950907571440647 0
    outer loop
      vertex 108.34999942779541 93.3374891281128 -239.30000019073486
      vertex 108.34999942779541 93.3374891281128 -228
      vertex 108.35000038146973 93.33748433367936 -238.9000005722046
    endloop
  endfacet
  facet normal 1 0 0
    outer loop
      vertex 108.34999942779541 93.3374891281128 -239.30000019073486
      vertex 108.34999942779541 93.39644153547843 -228
      vertex 108.34999942779541 93.3374891281128 -228
    endloop
  endfacet
  facet normal 1 0 0
    outer loop
      vertex 108.34999942779541 93.3374891281128 -239.30000019073486
      vertex 108.34999942779541 93.66250991821289 -239.30000019073486
      vertex 108.34999942779541 93.39644153547843 -228
    endloop
  endfacet
  facet normal 0.9807851938508021 0.1950907571440647 0
    outer loop
      vertex 108.34999942779541 93.3374891281128 -239.30000019073486
      vertex 108.35000038146973 93.33748433367936 -238.9000005722046
      vertex 108.35000038146973 93.33748433367936 -239.30000019073486
    endloop
  endfacet
  facet normal 0.9807851940351677 0.19509075621719899 4.238183942090797e-16
    outer loop
      vertex 108.34999942779541 93.3374891281128 -228
      vertex 108.35000021353676 93.33748517793342 -228
      vertex 108.35000038146973 93.33748433367936 -238.9000005722046
    endloop
  endfacet
  facet normal 1 0 0
    outer loop
      vertex 108.34999942779541 93.39644153547843 -228
      vertex 108.34999942779541 93.66250991821289 -239.30000019073486
      vertex 108.34999942779541 93.61855658777725 -228
    endloop
  endfacet
  facet normal 1 0 0
    outer loop
      vertex 108.34999942779541 93.61855658777725 -228
      vertex 108.34999942779541 93.66250991821289 -239.30000019073486
      vertex 108.34999942779541 93.66250991821289 -228
    endloop
  endfacet
  facet normal 0.9807851938508021 -0.1950907571440647 0
    outer loop
      vertex 108.34999942779541 93.66250991821289 -239.30000019073486
      vertex 108.35000038146973 93.66251471264633 -239.30000019073486
      vertex 108.35000038146973 93.66251471264633 -238.9000005722046
    endloop
  endfacet
  facet normal 0.9807851938508022 -0.1950907571440647 0
    outer loop
      vertex 108.34999942779541 93.66250991821289 -239.30000019073486
      vertex 108.35000038146973 93.66251471264633 -238.9000005722046
      vertex 108.34999942779541 93.66250991821289 -228
    endloop
  endfacet
  facet normal 0.9807851940351677 -0.19509075621719899 4.238183942090797e-16
    outer loop
      vertex 108.34999942779541 93.66250991821289 -228
      vertex 108.35000038146973 93.66251471264633 -238.9000005722046
      vertex 108.35000021353676 93.66251386839227 -228
    endloop
  endfacet
  facet normal 0.9807851937995317 0.19509075740181872 3.284338971617659e-16
    outer loop
      vertex 108.35000021353676 93.33748517793342 -228
      vertex 108.36116590840899 93.28135156937597 -228
      vertex 108.35000038146973 93.33748433367936 -238.9000005722046
    endloop
  endfacet
  facet normal 0.9807851937995317 -0.19509075740181872 3.284338971617659e-16
    outer loop
      vertex 108.35000021353676 93.66251386839227 -228
      vertex 108.35000038146973 93.66251471264633 -238.9000005722046
      vertex 108.36116590840899 93.71864747694971 -228
    endloop
  endfacet
  facet normal 0 1 0
    outer loop
      vertex 108.35000038146973 91.85000038146973 -239.30000019073486
      vertex 108.35000038146973 91.85000038146973 -239.10000038146973
      vertex 109.31654834747314 91.85000038146973 -239.10000038146973
    endloop
  endfacet
  facet normal 1 0 0
    outer loop
      vertex 108.35000038146973 91.85000038146973 -239.30000019073486
      vertex 108.35000038146973 92.81654834747314 -239.10000038146973
      vertex 108.35000038146973 91.85000038146973 -239.10000038146973
    endloop
  endfacet
  facet normal 1 0 0
    outer loop
      vertex 108.35000038146973 91.85000038146973 -239.30000019073486
      vertex 108.35000038146973 93.33748433367936 -239.30000019073486
      vertex 108.35000038146973 92.81654834747314 -239.10000038146973
    endloop
  endfacet
  facet normal 0 1 0
    outer loop
      vertex 108.35000038146973 91.85000038146973 -239.30000019073486
      vertex 109.31654834747314 91.85000038146973 -239.10000038146973
      vertex 109.83748433367936 91.85000038146973 -239.5
    endloop
  endfacet
  facet normal 0 0 -1
    outer loop
      vertex 108.35000038146973 91.85000038146973 -239.10000038146973
      vertex 108.35000038146973 92.81654834747314 -239.10000038146973
      vertex 108.71835706009554 92.44819166884733 -239.10000038146973
    endloop
  endfacet
  facet normal 0 0 -1
    outer loop
      vertex 108.35000038146973 91.85000038146973 -239.10000038146973
      vertex 108.71835706009554 92.44819166884733 -239.10000038146973
      vertex 108.7183609008789 92.44818592071533 -239.10000038146973
    endloop
  endfacet
  facet normal 0 0 -1
    outer loop
      vertex 108.35000038146973 91.85000038146973 -239.10000038146973
      vertex 108.7183609008789 92.44818592071533 -239.10000038146973
      vertex 108.94818592071533 92.2183609008789 -239.10000038146973
    endloop
  endfacet
  facet normal 0 0 -1
    outer loop
      vertex 108.35000038146973 91.85000038146973 -239.10000038146973
      vertex 108.94818592071533 92.2183609008789 -239.10000038146973
      vertex 108.94819166884733 92.21835706009554 -239.10000038146973
    endloop
  endfacet
  facet normal 0 0 -1
    outer loop
      vertex 108.35000038146973 91.85000038146973 -239.10000038146973
      vertex 108.94819166884733 92.21835706009554 -239.10000038146973
      vertex 109.31654834747314 91.85000038146973 -239.10000038146973
    endloop
  endfacet
  facet normal 0.7071067811865476 0.7071067811865476 0
    outer loop
      vertex 108.35000038146973 92.81654834747314 -239.10000038146973
      vertex 108.35000038146973 92.81654834747314 -238.9000005722046
      vertex 108.71835706009554 92.44819166884733 -239.10000038146973
    endloop
  endfacet
  facet normal 1 0 0
    outer loop
      vertex 108.35000038146973 92.81654834747314 -239.10000038146973
      vertex 108.35000038146973 93.33748433367936 -239.30000019073486
      vertex 108.35000038146973 93.33748433367936 -238.9000005722046
    endloop
  endfacet
  facet normal 1 0 0
    outer loop
      vertex 108.35000038146973 92.81654834747314 -239.10000038146973
      vertex 108.35000038146973 93.33748433367936 -238.9000005722046
      vertex 108.35000038146973 92.81654834747314 -238.9000005722046
    endloop
  endfacet
  facet normal 0 0 -1
    outer loop
      vertex 108.35000038146973 92.81654834747314 -238.9000005722046
      vertex 108.35000038146973 93.33748433367936 -238.9000005722046
      vertex 108.41340827941895 93.0187120437622 -238.9000005722046
    endloop
  endfacet
  facet normal 0 0 -1
    outer loop
      vertex 108.35000038146973 92.81654834747314 -238.9000005722046
      vertex 108.41340827941895 93.0187120437622 -238.9000005722046
      vertex 108.53778839111328 92.71843147277832 -238.9000005722046
    endloop
  endfacet
  facet normal 0 0 -1
    outer loop
      vertex 108.35000038146973 92.81654834747314 -238.9000005722046
      vertex 108.53778839111328 92.71843147277832 -238.9000005722046
      vertex 108.71835706009554 92.44819166884733 -238.9000005722046
    endloop
  endfacet
  facet normal 0.7071067811865476 0.7071067811865476 0
    outer loop
      vertex 108.35000038146973 92.81654834747314 -238.9000005722046
      vertex 108.71835706009554 92.44819166884733 -238.9000005722046
      vertex 108.71835706009554 92.44819166884733 -239.10000038146973
    endloop
  endfacet
  facet normal 0.9807851937996179 0.19509075740138482 -1.9943747052385196e-15
    outer loop
      vertex 108.35000038146973 93.33748433367936 -238.9000005722046
      vertex 108.36116590840899 93.28135156937597 -228
      vertex 108.38121947763949 93.1805357027194 -228
    endloop
  endfacet
  facet normal 0.9807851937995936 0.195090757401507 -1.659956747591907e-16
    outer loop
      vertex 108.35000038146973 93.33748433367936 -238.9000005722046
      vertex 108.38121947763949 93.1805357027194 -228
      vertex 108.41340827941895 93.0187120437622 -238.9000005722046
    endloop
  endfacet
  facet normal 1 0 0
    outer loop
      vertex 108.35000038146973 93.66251471264633 -239.30000019073486
      vertex 108.35000038146973 94.18345165252686 -239.10000038146973
      vertex 108.35000038146973 93.66251471264633 -238.9000005722046
    endloop
  endfacet
  facet normal 1 0 0
    outer loop
      vertex 108.35000038146973 93.66251471264633 -239.30000019073486
      vertex 108.35000038146973 95.14999961853027 -239.30000019073486
      vertex 108.35000038146973 94.18345165252686 -239.10000038146973
    endloop
  endfacet
  facet normal 1 0 0
    outer loop
      vertex 108.35000038146973 93.66251471264633 -238.9000005722046
      vertex 108.35000038146973 94.18345165252686 -239.10000038146973
      vertex 108.35000038146973 94.18345165252686 -238.9000005722046
    endloop
  endfacet
  facet normal 0 0 -1
    outer loop
      vertex 108.35000038146973 93.66251471264633 -238.9000005722046
      vertex 108.35000038146973 94.18345165252686 -238.9000005722046
      vertex 108.41340827941895 93.98128700256348 -238.9000005722046
    endloop
  endfacet
  facet normal 0.9807851937995936 -0.195090757401507 -1.3404517983872701e-15
    outer loop
      vertex 108.35000038146973 93.66251471264633 -238.9000005722046
      vertex 108.41340827941895 93.98128700256348 -238.9000005722046
      vertex 108.36116590840899 93.71864747694971 -228
    endloop
  endfacet
  facet normal 1 0 0
    outer loop
      vertex 108.35000038146973 94.18345165252686 -239.10000038146973
      vertex 108.35000038146973 95.14999961853027 -239.30000019073486
      vertex 108.35000038146973 95.14999961853027 -239.10000038146973
    endloop
  endfacet
  facet normal 0 0 -1
    outer loop
      vertex 108.35000038146973 94.18345165252686 -239.10000038146973
      vertex 108.35000038146973 95.14999961853027 -239.10000038146973
      vertex 108.71835898048721 94.55181025154434 -239.10000038146973
    endloop
  endfacet
  facet normal 0.7071067811865475 -0.7071067811865475 0
    outer loop
      vertex 108.35000038146973 94.18345165252686 -239.10000038146973
      vertex 108.71835898048721 94.55181025154434 -239.10000038146973
      vertex 108.35000038146973 94.18345165252686 -238.9000005722046
    endloop
  endfacet
  facet normal 0 0 -1
    outer loop
      vertex 108.35000038146973 94.18345165252686 -238.9000005722046
      vertex 108.53778839111328 94.28156757354736 -238.9000005722046
      vertex 108.41340827941895 93.98128700256348 -238.9000005722046
    endloop
  endfacet
  facet normal 0.7071067811865475 -0.7071067811865475 0
    outer loop
      vertex 108.35000038146973 94.18345165252686 -238.9000005722046
      vertex 108.71835898048721 94.55181025154434 -239.10000038146973
      vertex 108.71835898048721 94.55181025154434 -238.9000005722046
    endloop
  endfacet
  facet normal 0 0 -1
    outer loop
      vertex 108.35000038146973 94.18345165252686 -238.9000005722046
      vertex 108.71835898048721 94.55181025154434 -238.9000005722046
      vertex 108.53778839111328 94.28156757354736 -238.9000005722046
    endloop
  endfacet
  facet normal 0 -1 0
    outer loop
      vertex 108.35000038146973 95.14999961853027 -239.30000019073486
      vertex 109.31654834747314 95.14999961853027 -239.10000038146973
      vertex 108.35000038146973 95.14999961853027 -239.10000038146973
    endloop
  endfacet
  facet normal 0 -1 0
    outer loop
      vertex 108.35000038146973 95.14999961853027 -239.30000019073486
      vertex 110.68345165252686 95.14999961853027 -239.10000038146973
      vertex 109.31654834747314 95.14999961853027 -239.10000038146973
    endloop
  endfacet
  facet normal 0 -1 0
    outer loop
      vertex 108.35000038146973 95.14999961853027 -239.30000019073486
      vertex 111.64999961853027 95.14999961853027 -239.30000019073486
      vertex 110.68345165252686 95.14999961853027 -239.10000038146973
    endloop
  endfacet
  facet normal 0 0 -1
    outer loop
      vertex 108.35000038146973 95.14999961853027 -239.10000038146973
      vertex 108.7183609008789 94.55181312561035 -239.10000038146973
      vertex 108.71835898048721 94.55181025154434 -239.10000038146973
    endloop
  endfacet
  facet normal 0 0 -1
    outer loop
      vertex 108.35000038146973 95.14999961853027 -239.10000038146973
      vertex 108.94818592071533 94.78163814544678 -239.10000038146973
      vertex 108.7183609008789 94.55181312561035 -239.10000038146973
    endloop
  endfacet
  facet normal 0 0 -1
    outer loop
      vertex 108.35000038146973 95.14999961853027 -239.10000038146973
      vertex 108.94818879478134 94.78164006583847 -239.10000038146973
      vertex 108.94818592071533 94.78163814544678 -239.10000038146973
    endloop
  endfacet
  facet normal 0 0 -1
    outer loop
      vertex 108.35000038146973 95.14999961853027 -239.10000038146973
      vertex 109.31654834747314 95.14999961853027 -239.10000038146973
      vertex 108.94818879478134 94.78164006583847 -239.10000038146973
    endloop
  endfacet
  facet normal 1 0 0
    outer loop
      vertex 108.35000038146973 96.5 -247.29999961853025
      vertex 108.35000038146973 99.59999942779541 -247.29999961853025
      vertex 108.35000038146973 96.5 -244.13749008178712
    endloop
  endfacet
  facet normal 1 0 0
    outer loop
      vertex 108.35000038146973 96.5 -244.13749008178712
      vertex 108.35000038146973 99.59999942779541 -247.29999961853025
      vertex 108.35000038146973 100 -246.89999904632566
    endloop
  endfacet
  facet normal 1 0 0
    outer loop
      vertex 108.35000038146973 96.5 -244.13749008178712
      vertex 108.35000038146973 100 -246.89999904632566
      vertex 108.35000038146973 100 -244.13749008178712
    endloop
  endfacet
  facet normal 0.9807851937995944 0 -0.1950907574015031
    outer loop
      vertex 108.35000038146973 96.5 -244.13749008178712
      vertex 108.35000038146973 100 -244.13749008178712
      vertex 108.41340923309326 96.5 -243.81871299743653
    endloop
  endfacet
  facet normal 0.9807851937995944 0 -0.1950907574015031
    outer loop
      vertex 108.35000038146973 100 -244.13749008178712
      vertex 108.41340923309326 100 -243.81871299743653
      vertex 108.41340923309326 96.5 -243.81871299743653
    endloop
  endfacet
  facet normal 0.9807851937996042 -0.19509075740145346 0
    outer loop
      vertex 108.36116590840899 93.71864747694971 -228
      vertex 108.41340827941895 93.98128700256348 -238.9000005722046
      vertex 108.41340827941895 93.98128700256348 -228
    endloop
  endfacet
  facet normal 0.3928474269017497 -0.5879376109002058 0.7071069684748076
    outer loop
      vertex 108.36840629577637 80.09469413757324 -228
      vertex 108.60524559020996 79.6515998840332 -228.5
      vertex 108.72054481506348 80.32998561859131 -228
    endloop
  endfacet
  facet normal 0.3928474269017497 0.5879376109002058 0.7071069684748076
    outer loop
      vertex 108.36840629577637 83.90530490875244 -228
      vertex 108.72054481506348 83.67001342773438 -228
      vertex 108.60524559020996 84.34839916229248 -228.5
    endloop
  endfacet
  facet normal 0.9807851937995957 0.1950907574014962 0
    outer loop
      vertex 108.38121947763949 93.1805357027194 -228
      vertex 108.41340827941895 93.0187120437622 -228
      vertex 108.41340827941895 93.0187120437622 -238.9000005722046
    endloop
  endfacet
  facet normal -0.5555706684803038 0.8314693213368418 0
    outer loop
      vertex 108.40180948338767 80.71835821233054 -244.10000038146973
      vertex 108.40180948338767 80.71835821233054 -243.9000005722046
      vertex 108.40181350708008 80.7183609008789 -244.10000038146973
    endloop
  endfacet
  facet normal 0 0 -1
    outer loop
      vertex 108.40180948338767 80.71835821233054 -244.10000038146973
      vertex 108.40181350708008 80.7183609008789 -244.10000038146973
      vertex 108.99999961853027 80.35000038146973 -244.10000038146973
    endloop
  endfacet
  facet normal -0.5555706704237238 0.8314693200382887 7.113803040332587e-16
    outer loop
      vertex 108.40180948338767 80.71835821233054 -243.9000005722046
      vertex 108.40181043969127 80.7183588513129 -228
      vertex 108.40181350708008 80.7183609008789 -228
    endloop
  endfacet
  facet normal -0.5555706684803038 0.8314693213368418 0
    outer loop
      vertex 108.40180948338767 80.71835821233054 -243.9000005722046
      vertex 108.40181350708008 80.7183609008789 -228
      vertex 108.40181350708008 80.7183609008789 -244.10000038146973
    endloop
  endfacet
  facet normal -0.5555706704920551 -0.8314693199926311 0
    outer loop
      vertex 108.40181235745365 83.28163891360347 -244.10000038146973
      vertex 108.40181350708008 83.28163814544678 -244.10000038146973
      vertex 108.40181235745365 83.28163891360347 -243.9000005722046
    endloop
  endfacet
  facet normal 0 0 -1
    outer loop
      vertex 108.40181235745365 83.28163891360347 -244.10000038146973
      vertex 108.99999961853027 83.64999961853027 -244.10000038146973
      vertex 108.40181350708008 83.28163814544678 -244.10000038146973
    endloop
  endfacet
  facet normal -0.5555706704920551 -0.8314693199926312 0
    outer loop
      vertex 108.40181235745365 83.28163891360347 -243.9000005722046
      vertex 108.40181350708008 83.28163814544678 -244.10000038146973
      vertex 108.40181350708008 83.28163814544678 -228
    endloop
  endfacet
  facet normal -0.5555706677364366 -0.8314693218338787 -2.8819486929273987e-16
    outer loop
      vertex 108.40181235745365 83.28163891360347 -243.9000005722046
      vertex 108.40181350708008 83.28163814544678 -228
      vertex 108.40181263068325 83.28163873103708 -228
    endloop
  endfacet
  facet normal 0 0 1
    outer loop
      vertex 108.40181263068325 83.28163873103708 -228
      vertex 108.40181350708008 83.28163814544678 -228
      vertex 108.72054481506348 83.67001342773438 -228
    endloop
  endfacet
  facet normal -0.7071067811865476 0.7071067811865476 0
    outer loop
      vertex 108.40181350708008 80.7183609008789 -244.10000038146973
      vertex 108.40181350708008 80.7183609008789 -228
      vertex 108.57649422161097 80.8930416154098 -228
    endloop
  endfacet
  facet normal -0.7071067811865476 0.7071067811865476 0
    outer loop
      vertex 108.40181350708008 80.7183609008789 -244.10000038146973
      vertex 108.57649422161097 80.8930416154098 -228
      vertex 108.6316385269165 80.94818592071533 -244.10000038146973
    endloop
  endfacet
  facet normal 0 0 -1
    outer loop
      vertex 108.40181350708008 80.7183609008789 -244.10000038146973
      vertex 108.6316385269165 80.94818592071533 -244.10000038146973
      vertex 108.99999961853027 80.35000038146973 -244.10000038146973
    endloop
  endfacet
  facet normal -0.7071067811865476 -0.7071067811865476 0
    outer loop
      vertex 108.40181350708008 83.28163814544678 -244.10000038146973
      vertex 108.5559696821264 83.12748197040045 -228
      vertex 108.40181350708008 83.28163814544678 -228
    endloop
  endfacet
  facet normal -0.7071067811865476 -0.7071067811865476 0
    outer loop
      vertex 108.40181350708008 83.28163814544678 -244.10000038146973
      vertex 108.6316385269165 83.05181312561035 -244.10000038146973
      vertex 108.5559696821264 83.12748197040045 -228
    endloop
  endfacet
  facet normal 0 0 -1
    outer loop
      vertex 108.40181350708008 83.28163814544678 -244.10000038146973
      vertex 108.99999961853027 83.64999961853027 -244.10000038146973
      vertex 108.6316385269165 83.05181312561035 -244.10000038146973
    endloop
  endfacet
  facet normal 0 0 1
    outer loop
      vertex 108.40181350708008 83.28163814544678 -228
      vertex 108.5559696821264 83.12748197040045 -228
      vertex 108.72054481506348 83.67001342773438 -228
    endloop
  endfacet
  facet normal 0.9238797210508521 0.3826829771899966 0
    outer loop
      vertex 108.41340827941895 93.0187120437622 -238.9000005722046
      vertex 108.41340827941895 93.0187120437622 -228
      vertex 108.51588623802593 92.7713080214906 -228
    endloop
  endfacet
  facet normal 0.9238797210508393 0.38268297719002803 8.363340966660815e-16
    outer loop
      vertex 108.41340827941895 93.0187120437622 -238.9000005722046
      vertex 108.51588623802593 92.7713080214906 -228
      vertex 108.53778839111328 92.71843147277832 -238.9000005722046
    endloop
  endfacet
  facet normal 0.9238797210507161 -0.3826829771903255 0
    outer loop
      vertex 108.41340827941895 93.98128700256348 -238.9000005722046
      vertex 108.42878364115626 94.01840646112214 -228
      vertex 108.41340827941895 93.98128700256348 -228
    endloop
  endfacet
  facet normal 0.9238797210508763 -0.38268297718993854 -1.5438704149525777e-15
    outer loop
      vertex 108.41340827941895 93.98128700256348 -238.9000005722046
      vertex 108.51588623802593 94.22869102483509 -228
      vertex 108.42878364115626 94.01840646112214 -228
    endloop
  endfacet
  facet normal 0.9238797210508393 -0.38268297719002803 8.363340966660815e-16
    outer loop
      vertex 108.41340827941895 93.98128700256348 -238.9000005722046
      vertex 108.53778839111328 94.28156757354736 -238.9000005722046
      vertex 108.51588623802593 94.22869102483509 -228
    endloop
  endfacet
  facet normal 0.9238797210508392 0 -0.38268297719002803
    outer loop
      vertex 108.41340923309326 96.5 -243.81871299743653
      vertex 108.41340923309326 100 -243.81871299743653
      vertex 108.5377893447876 96.5 -243.51843242645265
    endloop
  endfacet
  facet normal 0.9238797210508392 0 -0.38268297719002803
    outer loop
      vertex 108.41340923309326 100 -243.81871299743653
      vertex 108.5377893447876 100 -243.51843242645265
      vertex 108.5377893447876 96.5 -243.51843242645265
    endloop
  endfacet
  facet normal 0.9238797210507455 0.3826829771902541 -4.492234293193202e-16
    outer loop
      vertex 108.51588623802593 92.7713080214906 -228
      vertex 108.53442615629305 92.7265486369925 -228
      vertex 108.53778839111328 92.71843147277832 -238.9000005722046
    endloop
  endfacet
  facet normal 0.9238797210507784 -0.3826829771901752 0
    outer loop
      vertex 108.51588623802593 94.22869102483509 -228
      vertex 108.53778839111328 94.28156757354736 -238.9000005722046
      vertex 108.53778839111328 94.28156757354736 -228
    endloop
  endfacet
  facet normal 0.923879721050959 0.38268297718973915 0
    outer loop
      vertex 108.53442615629305 92.7265486369925 -228
      vertex 108.53778839111328 92.71843147277832 -228
      vertex 108.53778839111328 92.71843147277832 -238.9000005722046
    endloop
  endfacet
  facet normal 0.8314693211087586 0.5555706688216542 0
    outer loop
      vertex 108.53778839111328 92.71843147277832 -238.9000005722046
      vertex 108.53778839111328 92.71843147277832 -228
      vertex 108.6865606372032 92.49577832458644 -228
    endloop
  endfacet
  facet normal 0.8314693211087261 0.5555706688217028 1.437661685834695e-15
    outer loop
      vertex 108.53778839111328 92.71843147277832 -238.9000005722046
      vertex 108.6865606372032 92.49577832458644 -228
      vertex 108.71835706009554 92.44819166884733 -238.9000005722046
    endloop
  endfacet
  facet normal 0.8314693211087526 -0.5555706688216633 0
    outer loop
      vertex 108.53778839111328 94.28156757354736 -238.9000005722046
      vertex 108.59724102761987 94.37054463099193 -228
      vertex 108.53778839111328 94.28156757354736 -228
    endloop
  endfacet
  facet normal 0.8314693211087342 -0.5555706688216906 3.231766421786495e-16
    outer loop
      vertex 108.53778839111328 94.28156757354736 -238.9000005722046
      vertex 108.71835898048721 94.55181025154434 -238.9000005722046
      vertex 108.59724102761987 94.37054463099193 -228
    endloop
  endfacet
  facet normal 0.8314693211087288 0 -0.5555706688216985
    outer loop
      vertex 108.5377893447876 96.5 -243.51843242645265
      vertex 108.5377893447876 100 -243.51843242645265
      vertex 108.71836185455322 96.5 -243.24818687438966
    endloop
  endfacet
  facet normal 0.8314693211087288 0 -0.5555706688216985
    outer loop
      vertex 108.5377893447876 100 -243.51843242645265
      vertex 108.71836185455322 100 -243.24818687438966
      vertex 108.71836185455322 96.5 -243.24818687438966
    endloop
  endfacet
  facet normal 0 0 1
    outer loop
      vertex 108.5559696821264 83.12748197040045 -228
      vertex 108.57649422161097 83.10695743091588 -228
      vertex 109.0200138092041 83.37054443359375 -228
    endloop
  endfacet
  facet normal -0.7071067811865476 -0.7071067811865476 0
    outer loop
      vertex 108.5559696821264 83.12748197040045 -228
      vertex 108.6316385269165 83.05181312561035 -244.10000038146973
      vertex 108.57649422161097 83.10695743091588 -228
    endloop
  endfacet
  facet normal 0 0 1
    outer loop
      vertex 108.5559696821264 83.12748197040045 -228
      vertex 109.0200138092041 83.37054443359375 -228
      vertex 108.72054481506348 83.67001342773438 -228
    endloop
  endfacet
  facet normal -0.7071067811865476 0.7071067811865476 0
    outer loop
      vertex 108.57649422161097 80.8930416154098 -228
      vertex 108.6316385269165 80.94818592071533 -228
      vertex 108.6316385269165 80.94818592071533 -244.10000038146973
    endloop
  endfacet
  facet normal 0 0 1
    outer loop
      vertex 108.57649422161097 80.8930416154098 -228
      vertex 109.5 81.7882432937622 -228
      vertex 108.6316385269165 80.94818592071533 -228
    endloop
  endfacet
  facet normal -0.7071067811865476 -0.7071067811865476 0
    outer loop
      vertex 108.57649422161097 83.10695743091588 -228
      vertex 108.6316385269165 83.05181312561035 -244.10000038146973
      vertex 108.6316385269165 83.05181312561035 -228
    endloop
  endfacet
  facet normal 0 0 1
    outer loop
      vertex 108.57649422161097 83.10695743091588 -228
      vertex 108.6316385269165 83.05181312561035 -228
      vertex 109.0200138092041 83.37054443359375 -228
    endloop
  endfacet
  facet normal 0.38268473923082214 0 -0.9238789911886933
    outer loop
      vertex 108.5789680480957 90.5 -241.6414354324341
      vertex 108.5789680480957 90.84143543243408 -241.6414354324341
      vertex 109.12493228912354 90.5 -241.41528873443605
    endloop
  endfacet
  facet normal 0.24572777996435805 0.7666079577387376 -0.5932369655419577
    outer loop
      vertex 108.5789680480957 90.5 -241.6414354324341
      vertex 109.12493228912354 90.5 -241.41528873443605
      vertex 109.16293255976646 85.93395588999633 -247.29999961853025
    endloop
  endfacet
  facet normal 0.3734431866860423 0.7403869671441485 -0.5588983138289678
    outer loop
      vertex 108.5789680480957 90.5 -241.6414354324341
      vertex 109.16293255976646 85.93395588999633 -247.29999961853025
      vertex 109.11479604385062 85.95823542853131 -247.29999961853025
    endloop
  endfacet
  facet normal 0.38268473923082214 0.9238789911886933 0
    outer loop
      vertex 108.5789680480957 90.84143543243408 -241.6414354324341
      vertex 108.5789680480957 90.84143543243408 -239.5
      vertex 109.12493228912354 90.61528873443604 -241.41528873443605
    endloop
  endfacet
  facet normal 0.38268473923082214 0 -0.9238789911886932
    outer loop
      vertex 108.5789680480957 90.84143543243408 -241.6414354324341
      vertex 109.12493228912354 90.61528873443604 -241.41528873443605
      vertex 109.12493228912354 90.5 -241.41528873443605
    endloop
  endfacet
  facet normal 0.38268473923082214 0.9238789911886932 0
    outer loop
      vertex 108.5789680480957 90.84143543243408 -239.5
      vertex 109.12493228912354 90.61528873443604 -239.5
      vertex 109.12493228912354 90.61528873443604 -241.41528873443605
    endloop
  endfacet
  facet normal 0 0 -1
    outer loop
      vertex 108.5789680480957 90.84143543243408 -239.5
      vertex 109.83748433367936 91.85000038146973 -239.5
      vertex 109.12493228912354 90.61528873443604 -239.5
    endloop
  endfacet
  facet normal 0.38268473923082214 0 -0.9238789911886933
    outer loop
      vertex 108.5789680480957 96.15856456756592 -241.6414354324341
      vertex 108.5789680480957 96.5 -241.6414354324341
      vertex 109.12493228912354 96.38471126556396 -241.41528873443605
    endloop
  endfacet
  facet normal 0.38268473923082214 -0.9238789911886933 0
    outer loop
      vertex 108.5789680480957 96.15856456756592 -241.6414354324341
      vertex 109.12493228912354 96.38471126556396 -241.41528873443605
      vertex 108.5789680480957 96.15856456756592 -239.5
    endloop
  endfacet
  facet normal 0.38268473923082214 -0.9238789911886932 0
    outer loop
      vertex 108.5789680480957 96.15856456756592 -239.5
      vertex 109.12493228912354 96.38471126556396 -241.41528873443605
      vertex 109.12493228912354 96.38471126556396 -239.5
    endloop
  endfacet
  facet normal 0 -1 0
    outer loop
      vertex 108.5789680480957 96.5 -241.6414354324341
      vertex 108.94818687438965 96.5 -243.01836185455323
      vertex 109.21843242645264 96.5 -242.8377893447876
    endloop
  endfacet
  facet normal 0.38268473923082214 0 -0.9238789911886932
    outer loop
      vertex 108.5789680480957 96.5 -241.6414354324341
      vertex 109.12493228912354 96.5 -241.41528873443605
      vertex 109.12493228912354 96.38471126556396 -241.41528873443605
    endloop
  endfacet
  facet normal 0 -1 0
    outer loop
      vertex 108.5789680480957 96.5 -241.6414354324341
      vertex 109.21843242645264 96.5 -242.8377893447876
      vertex 109.51871299743652 96.5 -242.71340923309327
    endloop
  endfacet
  facet normal 0 -1 0
    outer loop
      vertex 108.5789680480957 96.5 -241.6414354324341
      vertex 109.51871299743652 96.5 -242.71340923309327
      vertex 109.12493228912354 96.5 -241.41528873443605
    endloop
  endfacet
  facet normal 0.831469321108753 -0.5555706688216625 9.978127917395168e-16
    outer loop
      vertex 108.59724102761987 94.37054463099193 -228
      vertex 108.71835898048721 94.55181025154434 -238.9000005722046
      vertex 108.6865622194322 94.5042230897096 -228
    endloop
  endfacet
  facet normal 0.38268320834126535 -0.9238796253049613 0
    outer loop
      vertex 108.60524375048811 79.65159912199599 -228.5000003814697
      vertex 108.60524559020996 79.6515998840332 -228.5000003814697
      vertex 108.60524559020996 79.6515998840332 -228.5
    endloop
  endfacet
  facet normal 0 0 1
    outer loop
      vertex 108.60524375048811 79.65159912199599 -228.5000003814697
      vertex 108.94699764251709 76.73540115356445 -228.5000003814697
      vertex 108.60524559020996 79.6515998840332 -228.5000003814697
    endloop
  endfacet
  facet normal 0 0 1
    outer loop
      vertex 108.60524559020996 79.6515998840332 -228.5000003814697
      vertex 108.94699764251709 76.73540115356445 -228.5000003814697
      vertex 109.03927446734232 79.9416092299953 -228.5000003814697
    endloop
  endfacet
  facet normal 0.5555709243873012 -0.8314691503450021 0
    outer loop
      vertex 108.60524559020996 79.6515998840332 -228.5000003814697
      vertex 109.03927446734232 79.9416092299953 -228.5000003814697
      vertex 108.60524559020996 79.6515998840332 -228.5
    endloop
  endfacet
  facet normal 0.5555709243873196 -0.8314691503449892 3.066470037537372e-8
    outer loop
      vertex 108.60524559020996 79.6515998840332 -228.5
      vertex 109.03927446734232 79.9416092299953 -228.5000003814697
      vertex 109.03927612304688 79.94161033630371 -228.5
    endloop
  endfacet
  facet normal 0.3928480020904169 -0.5879375254798717 0.7071067199413205
    outer loop
      vertex 108.60524559020996 79.6515998840332 -228.5
      vertex 109.03927612304688 79.94161033630371 -228.5
      vertex 108.72054481506348 80.32998561859131 -228
    endloop
  endfacet
  facet normal 0.5555709292827 0.8314691470739952 0
    outer loop
      vertex 108.60524559020996 84.34839916229248 -228.5000003814697
      vertex 108.60524559020996 84.34839916229248 -228.5
      vertex 108.60524724591451 84.34839805598406 -228.5000003814697
    endloop
  endfacet
  facet normal 0 0 1
    outer loop
      vertex 108.60524559020996 84.34839916229248 -228.5000003814697
      vertex 108.60524724591451 84.34839805598406 -228.5000003814697
      vertex 110.26100158691406 90.84999942779541 -228.5000003814697
    endloop
  endfacet
  facet normal 0 0 1
    outer loop
      vertex 108.60524559020996 84.34839916229248 -228.5000003814697
      vertex 110.26099959561495 90.84999942779541 -228.5000003814697
      vertex 109.73899745941162 90.84999942779541 -228.5000003814697
    endloop
  endfacet
  facet normal 0 0 1
    outer loop
      vertex 108.60524559020996 84.34839916229248 -228.5000003814697
      vertex 110.26100158691406 90.84999942779541 -228.5000003814697
      vertex 110.26099959561495 90.84999942779541 -228.5000003814697
    endloop
  endfacet
  facet normal 0.3928480020904169 0.5879375254798717 0.7071067199413205
    outer loop
      vertex 108.60524559020996 84.34839916229248 -228.5
      vertex 108.72054481506348 83.67001342773438 -228
      vertex 109.03927612304688 84.05838871002197 -228.5
    endloop
  endfacet
  facet normal 0.5555709243873196 0.8314691503449892 -3.0733848403563925e-8
    outer loop
      vertex 108.60524559020996 84.34839916229248 -228.5
      vertex 109.03927612304688 84.05838871002197 -228.5
      vertex 108.60524724591451 84.34839805598406 -228.5000003814697
    endloop
  endfacet
  facet normal 0 0 1
    outer loop
      vertex 108.60524724591451 84.34839805598406 -228.5000003814697
      vertex 109.03927612304688 84.05838871002197 -228.5000003814697
      vertex 110.26100158691406 90.84999942779541 -228.5000003814697
    endloop
  endfacet
  facet normal 0.5555709243873012 0.8314691503450021 0
    outer loop
      vertex 108.60524724591451 84.34839805598406 -228.5000003814697
      vertex 109.03927612304688 84.05838871002197 -228.5
      vertex 109.03927612304688 84.05838871002197 -228.5000003814697
    endloop
  endfacet
  facet normal 0 0 1
    outer loop
      vertex 108.62945461273193 91.82998561859131 -228
      vertex 108.98159217834473 91.59469413757324 -228
      vertex 110.21175575256348 91.34999942779541 -228
    endloop
  endfacet
  facet normal 0 0 1
    outer loop
      vertex 108.62945461273193 95.17001342773438 -228
      vertex 108.83656129474156 94.670013519473 -228
      vertex 108.90710608509238 94.74055830982383 -228
    endloop
  endfacet
  facet normal 0 0 1
    outer loop
      vertex 108.62945461273193 95.17001342773438 -228
      vertex 108.90710608509238 94.74055830982383 -228
      vertex 108.94818592071533 94.78163814544678 -228
    endloop
  endfacet
  facet normal 0 0 1
    outer loop
      vertex 108.62945461273193 95.17001342773438 -228
      vertex 108.94818592071533 94.78163814544678 -228
      vertex 108.94818828868569 94.78163972767578 -228
    endloop
  endfacet
  facet normal 0 0 1
    outer loop
      vertex 108.62945461273193 95.17001342773438 -228
      vertex 108.94818828868569 94.78163972767578 -228
      vertex 108.99577595661609 94.81343682689348 -228
    endloop
  endfacet
  facet normal 0 0 1
    outer loop
      vertex 108.62945461273193 95.17001342773438 -228
      vertex 108.99577595661609 94.81343682689348 -228
      vertex 109.13326562891635 94.90530459309568 -228
    endloop
  endfacet
  facet normal 0 0 1
    outer loop
      vertex 108.62945461273193 95.17001342773438 -228
      vertex 109.13326562891635 94.90530459309568 -228
      vertex 108.98159217834473 95.40530490875244 -228
    endloop
  endfacet
  facet normal -0.8314706762191493 0.555568640752581 0
    outer loop
      vertex 108.6316385269165 80.94818592071533 -244.10000038146973
      vertex 108.6316385269165 80.94818592071533 -228
      vertex 108.63164121542209 80.94818994436497 -243.9000005722046
    endloop
  endfacet
  facet normal 0 0 -1
    outer loop
      vertex 108.6316385269165 80.94818592071533 -244.10000038146973
      vertex 108.63164121542209 80.94818994436497 -244.10000038146973
      vertex 108.99999961853027 80.35000038146973 -244.10000038146973
    endloop
  endfacet
  facet normal -0.8314706762191493 0.555568640752581 0
    outer loop
      vertex 108.6316385269165 80.94818592071533 -244.10000038146973
      vertex 108.63164121542209 80.94818994436497 -243.9000005722046
      vertex 108.63164121542209 80.94818994436497 -244.10000038146973
    endloop
  endfacet
  facet normal -0.8314706781141102 0.55556863791656 -1.0380986027808484e-15
    outer loop
      vertex 108.6316385269165 80.94818592071533 -228
      vertex 108.63164057644988 80.94818898807154 -228
      vertex 108.63164121542209 80.94818994436497 -243.9000005722046
    endloop
  endfacet
  facet normal 0 0 1
    outer loop
      vertex 108.6316385269165 80.94818592071533 -228
      vertex 109.5 81.7882432937622 -228
      vertex 108.63164057644988 80.94818898807154 -228
    endloop
  endfacet
  facet normal -0.8314706780258181 -0.5555686380486992 0
    outer loop
      vertex 108.6316385269165 83.05181312561035 -244.10000038146973
      vertex 108.63163929506095 83.05181197599617 -244.10000038146973
      vertex 108.63163929506095 83.05181197599617 -243.9000005722046
    endloop
  endfacet
  facet normal -0.8314706780258181 -0.5555686380486992 0
    outer loop
      vertex 108.6316385269165 83.05181312561035 -244.10000038146973
      vertex 108.63163929506095 83.05181197599617 -243.9000005722046
      vertex 108.6316385269165 83.05181312561035 -228
    endloop
  endfacet
  facet normal 0 0 -1
    outer loop
      vertex 108.6316385269165 83.05181312561035 -244.10000038146973
      vertex 108.99999961853027 83.64999961853027 -244.10000038146973
      vertex 108.63163929506095 83.05181197599617 -244.10000038146973
    endloop
  endfacet
  facet normal 0 0 1
    outer loop
      vertex 108.6316385269165 83.05181312561035 -228
      vertex 108.63163911249748 83.05181224922285 -228
      vertex 109.0200138092041 83.37054443359375 -228
    endloop
  endfacet
  facet normal -0.8314706775317 -0.5555686387882021 7.733944334234874e-17
    outer loop
      vertex 108.6316385269165 83.05181312561035 -228
      vertex 108.63163929506095 83.05181197599617 -243.9000005722046
      vertex 108.63163911249748 83.05181224922285 -228
    endloop
  endfacet
  facet normal -0.8314706765266244 -0.5555686402924103 1.1472811418350166e-16
    outer loop
      vertex 108.63163911249748 83.05181224922285 -228
      vertex 108.63163929506095 83.05181197599617 -243.9000005722046
      vertex 108.6957969992495 82.95579278801975 -228
    endloop
  endfacet
  facet normal 0 0 1
    outer loop
      vertex 108.63163911249748 83.05181224922285 -228
      vertex 108.6957969992495 82.95579278801975 -228
      vertex 109.0200138092041 83.37054443359375 -228
    endloop
  endfacet
  facet normal -0.7071067811865476 -0.7071067811865476 0
    outer loop
      vertex 108.63163929506095 83.05181197599617 -244.10000038146973
      vertex 108.99999961853027 82.68345165252686 -244.10000038146973
      vertex 108.63163929506095 83.05181197599617 -243.9000005722046
    endloop
  endfacet
  facet normal 0 0 -1
    outer loop
      vertex 108.63163929506095 83.05181197599617 -244.10000038146973
      vertex 108.99999961853027 83.64999961853027 -244.10000038146973
      vertex 108.99999961853027 82.68345165252686 -244.10000038146973
    endloop
  endfacet
  facet normal -0.8314706765266092 -0.5555686402924328 -8.224172204261555e-17
    outer loop
      vertex 108.63163929506095 83.05181197599617 -243.9000005722046
      vertex 108.70386715042932 82.94371490317437 -243.9000005722046
      vertex 108.6957969992495 82.95579278801975 -228
    endloop
  endfacet
  facet normal -0.7071067811865476 -0.7071067811865476 0
    outer loop
      vertex 108.63163929506095 83.05181197599617 -243.9000005722046
      vertex 108.99999961853027 82.68345165252686 -244.10000038146973
      vertex 108.99999961853027 82.68345165252686 -243.9000005722046
    endloop
  endfacet
  facet normal 0 0 -1
    outer loop
      vertex 108.63163929506095 83.05181197599617 -243.9000005722046
      vertex 108.99999961853027 82.68345165252686 -243.9000005722046
      vertex 108.70386715042932 82.94371490317437 -243.9000005722046
    endloop
  endfacet
  facet normal -0.8314706765266152 0.555568640292424 -8.314075087052052e-16
    outer loop
      vertex 108.63164057644988 80.94818898807154 -228
      vertex 108.67455668737094 81.0124177533284 -228
      vertex 108.63164121542209 80.94818994436497 -243.9000005722046
    endloop
  endfacet
  facet normal 0 0 1
    outer loop
      vertex 108.63164057644988 80.94818898807154 -228
      vertex 109.5 81.7882432937622 -228
      vertex 108.67455668737094 81.0124177533284 -228
    endloop
  endfacet
  facet normal -0.7071067811865475 0.7071067811865475 0
    outer loop
      vertex 108.63164121542209 80.94818994436497 -244.10000038146973
      vertex 108.63164121542209 80.94818994436497 -243.9000005722046
      vertex 108.99999961853027 81.31654834747314 -244.10000038146973
    endloop
  endfacet
  facet normal 0 0 -1
    outer loop
      vertex 108.63164121542209 80.94818994436497 -244.10000038146973
      vertex 108.99999961853027 81.31654834747314 -244.10000038146973
      vertex 108.99999961853027 80.35000038146973 -244.10000038146973
    endloop
  endfacet
  facet normal -0.8314706765266299 0.555568640292402 -7.032536457140734e-16
    outer loop
      vertex 108.63164121542209 80.94818994436497 -243.9000005722046
      vertex 108.67455668737094 81.0124177533284 -228
      vertex 108.81221008300781 81.21843147277832 -243.9000005722046
    endloop
  endfacet
  facet normal 0 0 -1
    outer loop
      vertex 108.63164121542209 80.94818994436497 -243.9000005722046
      vertex 108.81221008300781 81.21843147277832 -243.9000005722046
      vertex 108.99999961853027 81.31654834747314 -243.9000005722046
    endloop
  endfacet
  facet normal -0.7071067811865475 0.7071067811865475 0
    outer loop
      vertex 108.63164121542209 80.94818994436497 -243.9000005722046
      vertex 108.99999961853027 81.31654834747314 -243.9000005722046
      vertex 108.99999961853027 81.31654834747314 -244.10000038146973
    endloop
  endfacet
  facet normal -0.8314706765266048 0.5555686402924396 0
    outer loop
      vertex 108.67455668737094 81.0124177533284 -228
      vertex 108.81221008300781 81.21843147277832 -228
      vertex 108.81221008300781 81.21843147277832 -243.9000005722046
    endloop
  endfacet
  facet normal 0 0 1
    outer loop
      vertex 108.67455668737094 81.0124177533284 -228
      vertex 109.5 81.7882432937622 -228
      vertex 108.81221008300781 81.21843147277832 -228
    endloop
  endfacet
  facet normal 0.8314693211086446 0.5555706688218248 6.68760514166052e-16
    outer loop
      vertex 108.6865606372032 92.49577832458644 -228
      vertex 108.7183577364209 92.44819065665604 -228
      vertex 108.71835706009554 92.44819166884733 -238.9000005722046
    endloop
  endfacet
  facet normal 0.8314693211086446 -0.5555706688218248 -2.5373969612329417e-17
    outer loop
      vertex 108.6865622194322 94.5042230897096 -228
      vertex 108.71835898048721 94.55181025154434 -238.9000005722046
      vertex 108.7183593186499 94.55181075764 -228
    endloop
  endfacet
  facet normal 0 0 -1
    outer loop
      vertex 108.68839953749298 79.30720782875159 -247.29999961853025
      vertex 108.77103195190429 79.34143543243408 -247.29999961853025
      vertex 112.61459827423096 80.403000831604 -247.29999961853025
    endloop
  endfacet
  facet normal -0.3826847392306778 0.9238789911887529 0
    outer loop
      vertex 108.68839953749298 79.30720782875159 -247.29999961853025
      vertex 108.77103195190429 79.34143543243408 -244.5
      vertex 108.77103195190429 79.34143543243408 -247.29999961853025
    endloop
  endfacet
  facet normal -0.8314706765265594 -0.5555686402925076 0
    outer loop
      vertex 108.6957969992495 82.95579278801975 -228
      vertex 108.70386715042932 82.94371490317437 -243.9000005722046
      vertex 108.70386715042932 82.94371490317437 -228
    endloop
  endfacet
  facet normal 0 0 1
    outer loop
      vertex 108.6957969992495 82.95579278801975 -228
      vertex 108.70386715042932 82.94371490317437 -228
      vertex 109.0200138092041 83.37054443359375 -228
    endloop
  endfacet
  facet normal -0.831469321108534 -0.5555706688219902 0
    outer loop
      vertex 108.70386715042932 82.94371490317437 -243.9000005722046
      vertex 108.71597256957119 82.92559788368345 -228
      vertex 108.70386715042932 82.94371490317437 -228
    endloop
  endfacet
  facet normal -0.8314693211088164 -0.5555706688215678 6.962077492639748e-16
    outer loop
      vertex 108.70386715042932 82.94371490317437 -243.9000005722046
      vertex 108.78988904707825 82.81497418300842 -228
      vertex 108.71597256957119 82.92559788368345 -228
    endloop
  endfacet
  facet normal -0.831469321108729 -0.5555706688216985 -8.341558275046265e-16
    outer loop
      vertex 108.70386715042932 82.94371490317437 -243.9000005722046
      vertex 108.8122106552124 82.78156757354736 -243.9000005722046
      vertex 108.78988904707825 82.81497418300842 -228
    endloop
  endfacet
  facet normal 0 0 -1
    outer loop
      vertex 108.70386715042932 82.94371490317437 -243.9000005722046
      vertex 108.99999961853027 82.68345165252686 -243.9000005722046
      vertex 108.8122106552124 82.78156757354736 -243.9000005722046
    endloop
  endfacet
  facet normal 0 0 1
    outer loop
      vertex 108.70386715042932 82.94371490317437 -228
      vertex 108.71597256957119 82.92559788368345 -228
      vertex 109.0200138092041 83.37054443359375 -228
    endloop
  endfacet
  facet normal 0 0 1
    outer loop
      vertex 108.71597256957119 82.92559788368345 -228
      vertex 108.78988904707825 82.81497418300842 -228
      vertex 109.0200138092041 83.37054443359375 -228
    endloop
  endfacet
  facet normal -0.38268473923083624 -0.9238789911886873 -2.8094653025398567e-15
    outer loop
      vertex 108.71655922482594 84.68112800017559 -247.29999961853025
      vertex 108.75180522227026 84.66652857160372 -247.29999961853025
      vertex 108.77103195190429 84.65856456756592 -244.5
    endloop
  endfacet
  facet normal 0 0 -1
    outer loop
      vertex 108.71655922482594 84.68112800017559 -247.29999961853025
      vertex 109.11479604385062 85.95823542853131 -247.29999961853025
      vertex 109.16293255976646 85.93395588999633 -247.29999961853025
    endloop
  endfacet
  facet normal 0 0 -1
    outer loop
      vertex 108.71655922482594 84.68112800017559 -247.29999961853025
      vertex 109.16293255976646 85.93395588999633 -247.29999961853025
      vertex 109.21060318133337 85.91867559465254 -247.29999961853025
    endloop
  endfacet
  facet normal 0 0 -1
    outer loop
      vertex 108.71655922482594 84.68112800017559 -247.29999961853025
      vertex 109.21060318133337 85.91867559465254 -247.29999961853025
      vertex 109.34454300456571 85.87574288230743 -247.29999961853025
    endloop
  endfacet
  facet normal 0 0 -1
    outer loop
      vertex 108.71655922482594 84.68112800017559 -247.29999961853025
      vertex 109.34454300456571 85.87574288230743 -247.29999961853025
      vertex 108.75180522227026 84.66652857160372 -247.29999961853025
    endloop
  endfacet
  facet normal 0.8314693212443549 0.5555706686187201 0
    outer loop
      vertex 108.71835706009554 92.44819166884733 -239.10000038146973
      vertex 108.71835706009554 92.44819166884733 -238.9000005722046
      vertex 108.7183609008789 92.44818592071533 -239.10000038146973
    endloop
  endfacet
  facet normal 0.8314693205624005 0.5555706696393359 7.785204208838226e-16
    outer loop
      vertex 108.71835706009554 92.44819166884733 -238.9000005722046
      vertex 108.7183577364209 92.44819065665604 -228
      vertex 108.7183609008789 92.44818592071533 -228
    endloop
  endfacet
  facet normal 0.8314693212443549 0.5555706686187201 0
    outer loop
      vertex 108.71835706009554 92.44819166884733 -238.9000005722046
      vertex 108.7183609008789 92.44818592071533 -228
      vertex 108.7183609008789 92.44818592071533 -239.10000038146973
    endloop
  endfacet
  facet normal 0.8314693206141837 -0.555570669561837 0
    outer loop
      vertex 108.71835898048721 94.55181025154434 -239.10000038146973
      vertex 108.7183609008789 94.55181312561035 -239.10000038146973
      vertex 108.71835898048721 94.55181025154434 -238.9000005722046
    endloop
  endfacet
  facet normal 0.8314693206141837 -0.555570669561837 0
    outer loop
      vertex 108.71835898048721 94.55181025154434 -238.9000005722046
      vertex 108.7183609008789 94.55181312561035 -239.10000038146973
      vertex 108.7183609008789 94.55181312561035 -228
    endloop
  endfacet
  facet normal 0.8314693205624005 -0.5555706696393359 2.9557876628647164e-17
    outer loop
      vertex 108.71835898048721 94.55181025154434 -238.9000005722046
      vertex 108.7183609008789 94.55181312561035 -228
      vertex 108.7183593186499 94.55181075764 -228
    endloop
  endfacet
  facet normal 0.7071067811865476 0.7071067811865476 0
    outer loop
      vertex 108.7183609008789 92.44818592071533 -239.10000038146973
      vertex 108.7183609008789 92.44818592071533 -228
      vertex 108.90710608509238 92.25944073650186 -228
    endloop
  endfacet
  facet normal 0.7071067811865476 0.7071067811865476 0
    outer loop
      vertex 108.7183609008789 92.44818592071533 -239.10000038146973
      vertex 108.90710608509238 92.25944073650186 -228
      vertex 108.94818592071533 92.2183609008789 -239.10000038146973
    endloop
  endfacet
  facet normal 0.7071067811865476 -0.7071067811865476 0
    outer loop
      vertex 108.7183609008789 94.55181312561035 -239.10000038146973
      vertex 108.83656129474156 94.670013519473 -228
      vertex 108.7183609008789 94.55181312561035 -228
    endloop
  endfacet
  facet normal 0.7071067811865476 -0.7071067811865476 0
    outer loop
      vertex 108.7183609008789 94.55181312561035 -239.10000038146973
      vertex 108.94818592071533 94.78163814544678 -239.10000038146973
      vertex 108.83656129474156 94.670013519473 -228
    endloop
  endfacet
  facet normal 0.7071067811865475 0 -0.7071067811865475
    outer loop
      vertex 108.71836185455322 96.5 -243.24818687438966
      vertex 108.71836185455322 100 -243.24818687438966
      vertex 108.94818687438965 96.5 -243.01836185455323
    endloop
  endfacet
  facet normal 0.7071067811865475 0 -0.7071067811865475
    outer loop
      vertex 108.71836185455322 100 -243.24818687438966
      vertex 108.94818687438965 100 -243.01836185455323
      vertex 108.94818687438965 96.5 -243.01836185455323
    endloop
  endfacet
  facet normal 0.5000000674988451 -0.5000000674988451 0.7071066857287525
    outer loop
      vertex 108.72054481506348 80.32998561859131 -228
      vertex 109.03927612304688 79.94161033630371 -228.5
      vertex 109.0200138092041 80.62945461273193 -228
    endloop
  endfacet
  facet normal 0.5000000674988451 0.5000000674988451 0.7071066857287525
    outer loop
      vertex 108.72054481506348 83.67001342773438 -228
      vertex 109.0200138092041 83.37054443359375 -228
      vertex 109.4083890914917 83.68927574157715 -228.5
    endloop
  endfacet
  facet normal 0.5000000674988451 0.5000000674988451 0.7071066857287526
    outer loop
      vertex 108.72054481506348 83.67001342773438 -228
      vertex 109.4083890914917 83.68927574157715 -228.5
      vertex 109.03927612304688 84.05838871002197 -228.5
    endloop
  endfacet
  facet normal -0.5555709292827 -0.8314691470739952 0
    outer loop
      vertex 108.7447521818809 91.15160099034162 -228.5000003814697
      vertex 108.74475383758545 91.1515998840332 -228.5000003814697
      vertex 108.74475383758545 91.1515998840332 -228.5
    endloop
  endfacet
  facet normal -0.5555709292827 0.8314691470739952 0
    outer loop
      vertex 108.7447521818809 95.84839805598406 -228.5000003814697
      vertex 108.74475383758545 95.84839916229248 -228.5
      vertex 108.74475383758545 95.84839916229248 -228.5000003814697
    endloop
  endfacet
  facet normal -0.38268320834126535 -0.9238796253049613 0
    outer loop
      vertex 108.74475383758545 91.1515998840332 -228.5000003814697
      vertex 108.7447556773073 91.15159912199599 -228.5000003814697
      vertex 108.74475383758545 91.1515998840332 -228.5
    endloop
  endfacet
  facet normal -0.382683211495547 -0.9238796239984157 -1.7822220612508784e-8
    outer loop
      vertex 108.74475383758545 91.1515998840332 -228.5
      vertex 108.7447556773073 91.15159912199599 -228.5000003814697
      vertex 109.22702312469482 90.95183753967285 -228.5
    endloop
  endfacet
  facet normal -0.270597945523892 -0.6532816717732237 0.7071066462729866
    outer loop
      vertex 108.74475383758545 91.1515998840332 -228.5
      vertex 109.22702312469482 90.95183753967285 -228.5
      vertex 108.98159217834473 91.59469413757324 -228
    endloop
  endfacet
  facet normal -0.38268320834126535 0.9238796253049613 0
    outer loop
      vertex 108.74475383758545 95.84839916229248 -228.5000003814697
      vertex 108.74475383758545 95.84839916229248 -228.5
      vertex 108.7447556773073 95.8483999243297 -228.5000003814697
    endloop
  endfacet
  facet normal -0.270597945523892 0.6532816717732237 0.7071066462729866
    outer loop
      vertex 108.74475383758545 95.84839916229248 -228.5
      vertex 108.98159217834473 95.40530490875244 -228
      vertex 109.22702312469482 96.04816150665283 -228.5
    endloop
  endfacet
  facet normal -0.382683211495547 0.9238796239984157 -1.7822220612508784e-8
    outer loop
      vertex 108.74475383758545 95.84839916229248 -228.5
      vertex 109.22702312469482 96.04816150665283 -228.5
      vertex 108.7447556773073 95.8483999243297 -228.5000003814697
    endloop
  endfacet
  facet normal -0.3826832114955591 -0.923879623998411 0
    outer loop
      vertex 108.7447556773073 91.15159912199599 -228.5000003814697
      vertex 109.22702312469482 90.95183753967285 -228.5000003814697
      vertex 109.22702312469482 90.95183753967285 -228.5
    endloop
  endfacet
  facet normal -0.3826832114955591 0.923879623998411 0
    outer loop
      vertex 108.7447556773073 95.8483999243297 -228.5000003814697
      vertex 109.22702312469482 96.04816150665283 -228.5
      vertex 109.22702312469482 96.04816150665283 -228.5000003814697
    endloop
  endfacet
  facet normal -0.38268473923118546 -0.9238789911885429 0
    outer loop
      vertex 108.75180522227026 84.66652857160372 -247.29999961853025
      vertex 108.77103195190429 84.65856456756592 -247.29999961853025
      vertex 108.77103195190429 84.65856456756592 -244.5
    endloop
  endfacet
  facet normal 0 0 -1
    outer loop
      vertex 108.75180522227026 84.66652857160372 -247.29999961853025
      vertex 109.34454300456571 85.87574288230743 -247.29999961853025
      vertex 109.38711536418501 85.86209685213299 -247.29999961853025
    endloop
  endfacet
  facet normal 0 0 -1
    outer loop
      vertex 108.75180522227026 84.66652857160372 -247.29999961853025
      vertex 109.38711536418501 85.86209685213299 -247.29999961853025
      vertex 108.77103195190429 84.65856456756592 -247.29999961853025
    endloop
  endfacet
  facet normal -0.5555694849013709 0.8314701121786793 0
    outer loop
      vertex 108.77103195190429 79.34143543243408 -247.29999961853025
      vertex 108.77103195190429 79.34143543243408 -244.5
      vertex 108.845399320626 79.39112602278607 -247.29999961853025
    endloop
  endfacet
  facet normal 0 0 -1
    outer loop
      vertex 108.77103195190429 79.34143543243408 -247.29999961853025
      vertex 108.845399320626 79.39112602278607 -247.29999961853025
      vertex 112.61459827423096 80.403000831604 -247.29999961853025
    endloop
  endfacet
  facet normal -0.5555694849012641 0.8314701121787506 4.1054941522032495e-15
    outer loop
      vertex 108.77103195190429 79.34143543243408 -244.5
      vertex 109.26238784790038 79.66974830627441 -244.5
      vertex 108.845399320626 79.39112602278607 -247.29999961853025
    endloop
  endfacet
  facet normal -0.5555694849006435 -0.8314701121791653 0
    outer loop
      vertex 108.77103195190429 84.65856456756592 -247.29999961853025
      vertex 108.78666316324774 84.64812014640484 -247.29999961853025
      vertex 108.77103195190429 84.65856456756592 -244.5
    endloop
  endfacet
  facet normal 0 0 -1
    outer loop
      vertex 108.77103195190429 84.65856456756592 -247.29999961853025
      vertex 109.38711536418501 85.86209685213299 -247.29999961853025
      vertex 108.78666316324774 84.64812014640484 -247.29999961853025
    endloop
  endfacet
  facet normal -0.5555694849012562 -0.8314701121787558 -4.9475991865589575e-15
    outer loop
      vertex 108.77103195190429 84.65856456756592 -244.5
      vertex 108.78666316324774 84.64812014640484 -247.29999961853025
      vertex 108.81959037459004 84.6261189300331 -247.29999961853025
    endloop
  endfacet
  facet normal -0.5555694849019577 -0.831470112178287 -2.2549193161734875e-14
    outer loop
      vertex 108.77103195190429 84.65856456756592 -244.5
      vertex 108.81959037459004 84.6261189300331 -247.29999961853025
      vertex 108.845399320626 84.60887397721393 -247.29999961853025
    endloop
  endfacet
  facet normal -0.5555694849019263 -0.8314701121783081 -2.129535002943865e-14
    outer loop
      vertex 108.77103195190429 84.65856456756592 -244.5
      vertex 108.845399320626 84.60887397721393 -247.29999961853025
      vertex 108.85132584708822 84.60491400654794 -247.29999961853025
    endloop
  endfacet
  facet normal -0.5555694849010319 -0.8314701121789059 1.5767913368927437e-14
    outer loop
      vertex 108.77103195190429 84.65856456756592 -244.5
      vertex 108.85132584708822 84.60491400654794 -247.29999961853025
      vertex 108.88072854694676 84.58526778887176 -247.29999961853025
    endloop
  endfacet
  facet normal -0.555569484901151 -0.8314701121788262 9.015244899354666e-15
    outer loop
      vertex 108.77103195190429 84.65856456756592 -244.5
      vertex 108.88072854694676 84.58526778887176 -247.29999961853025
      vertex 108.9067273164826 84.56789600029208 -247.29999961853025
    endloop
  endfacet
  facet normal -0.555569484900753 -0.831470112179092 3.6923718910898497e-14
    outer loop
      vertex 108.77103195190429 84.65856456756592 -244.5
      vertex 108.9067273164826 84.56789600029208 -247.29999961853025
      vertex 108.92835177236319 84.55344702895943 -247.29999961853025
    endloop
  endfacet
  facet normal -0.5555694849012641 -0.8314701121787506 -4.621301895534199e-15
    outer loop
      vertex 108.77103195190429 84.65856456756592 -244.5
      vertex 108.92835177236319 84.55344702895943 -247.29999961853025
      vertex 109.26238784790038 84.33025169372559 -244.5
    endloop
  endfacet
  facet normal 0 0 -1
    outer loop
      vertex 108.77103195190429 84.65856456756592 -244.5
      vertex 109.26238784790038 84.33025169372559 -244.5
      vertex 109.85557356194442 83.64999961853027 -244.5
    endloop
  endfacet
  facet normal 0 0 -1
    outer loop
      vertex 108.78666316324774 84.64812014640484 -247.29999961853025
      vertex 109.38711536418501 85.86209685213299 -247.29999961853025
      vertex 109.43136026568783 85.84791470986107 -247.29999961853025
    endloop
  endfacet
  facet normal 0 0 -1
    outer loop
      vertex 108.78666316324774 84.64812014640484 -247.29999961853025
      vertex 109.43136026568783 85.84791470986107 -247.29999961853025
      vertex 108.81959037459004 84.6261189300331 -247.29999961853025
    endloop
  endfacet
  facet normal -0.8314693211085454 -0.5555706688219729 0
    outer loop
      vertex 108.78988904707825 82.81497418300842 -228
      vertex 108.8122106552124 82.78156757354736 -243.9000005722046
      vertex 108.8122106552124 82.78156757354736 -228
    endloop
  endfacet
  facet normal 0 0 1
    outer loop
      vertex 108.78988904707825 82.81497418300842 -228
      vertex 108.8122106552124 82.78156757354736 -228
      vertex 109.25530433654785 83.01840686798096 -228
    endloop
  endfacet
  facet normal 0 0 1
    outer loop
      vertex 108.78988904707825 82.81497418300842 -228
      vertex 109.25530433654785 83.01840686798096 -228
      vertex 109.0200138092041 83.37054443359375 -228
    endloop
  endfacet
  facet normal -0.923878696180357 0.38268545144032245 0
    outer loop
      vertex 108.81221008300781 81.21843147277832 -243.9000005722046
      vertex 108.81221008300781 81.21843147277832 -228
      vertex 108.81221017720839 81.21843170019721 -228
    endloop
  endfacet
  facet normal -0.92387869513565 0.38268545396245257 -4.2263649017513085e-17
    outer loop
      vertex 108.81221008300781 81.21843147277832 -243.9000005722046
      vertex 108.81221017720839 81.21843170019721 -228
      vertex 108.81221018905751 81.21843172880335 -243.9000005722046
    endloop
  endfacet
  facet normal 0 0 -1
    outer loop
      vertex 108.81221008300781 81.21843147277832 -243.9000005722046
      vertex 108.81221018905751 81.21843172880335 -243.9000005722046
      vertex 108.8122106552124 81.21843242645264 -243.9000005722046
    endloop
  endfacet
  facet normal 0 0 -1
    outer loop
      vertex 108.81221008300781 81.21843147277832 -243.9000005722046
      vertex 108.8122106552124 81.21843242645264 -243.9000005722046
      vertex 108.99999961853027 81.31654834747314 -243.9000005722046
    endloop
  endfacet
  facet normal 0 0 1
    outer loop
      vertex 108.81221008300781 81.21843147277832 -228
      vertex 108.81221024114186 81.21843180675299 -228
      vertex 108.81221017720839 81.21843170019721 -228
    endloop
  endfacet
  facet normal 0 0 1
    outer loop
      vertex 108.81221008300781 81.21843147277832 -228
      vertex 108.8122106552124 81.21843242645264 -228
      vertex 108.81221024114186 81.21843180675299 -228
    endloop
  endfacet
  facet normal 0 0 1
    outer loop
      vertex 108.81221008300781 81.21843147277832 -228
      vertex 109.5 81.7882432937622 -228
      vertex 108.8122106552124 81.21843242645264 -228
    endloop
  endfacet
  facet normal -0.923878686830226 0.38268547401339564 0
    outer loop
      vertex 108.81221017720839 81.21843170019721 -228
      vertex 108.81221018905751 81.21843172880335 -228
      vertex 108.81221018905751 81.21843172880335 -243.9000005722046
    endloop
  endfacet
  facet normal 0 0 1
    outer loop
      vertex 108.81221017720839 81.21843170019721 -228
      vertex 108.81221024114186 81.21843180675299 -228
      vertex 108.81221018905751 81.21843172880335 -228
    endloop
  endfacet
  facet normal -0.8314692966360636 0.5555707054475871 0
    outer loop
      vertex 108.81221018905751 81.21843172880335 -243.9000005722046
      vertex 108.81221018905751 81.21843172880335 -228
      vertex 108.81221024114186 81.21843180675299 -228
    endloop
  endfacet
  facet normal -0.8314693157081723 0.5555706769041933 2.02409141558197e-16
    outer loop
      vertex 108.81221018905751 81.21843172880335 -243.9000005722046
      vertex 108.81221024114186 81.21843180675299 -228
      vertex 108.8122106552124 81.21843242645264 -243.9000005722046
    endloop
  endfacet
  facet normal -0.8314693181071796 0.5555706733138295 0
    outer loop
      vertex 108.81221024114186 81.21843180675299 -228
      vertex 108.8122106552124 81.21843242645264 -228
      vertex 108.8122106552124 81.21843242645264 -243.9000005722046
    endloop
  endfacet
  facet normal -0.9238797210510074 0.38268297718962213 0
    outer loop
      vertex 108.8122106552124 81.21843242645264 -243.9000005722046
      vertex 108.8122106552124 81.21843242645264 -228
      vertex 108.81479253377688 81.22466564138543 -228
    endloop
  endfacet
  facet normal -0.923879721050787 0.3826829771901542 -2.4434333490591032e-16
    outer loop
      vertex 108.8122106552124 81.21843242645264 -243.9000005722046
      vertex 108.81479253377688 81.22466564138543 -228
      vertex 108.83531846910327 81.2742197018845 -243.9000005722046
    endloop
  endfacet
  facet normal 0 0 -1
    outer loop
      vertex 108.8122106552124 81.21843242645264 -243.9000005722046
      vertex 108.83531846910327 81.2742197018845 -243.9000005722046
      vertex 108.99999961853027 81.31654834747314 -243.9000005722046
    endloop
  endfacet
  facet normal 0 0 1
    outer loop
      vertex 108.8122106552124 81.21843242645264 -228
      vertex 109.5 81.7882432937622 -228
      vertex 108.81479253377688 81.22466564138543 -228
    endloop
  endfacet
  facet normal -0.9238797210509389 -0.38268297718978755 0
    outer loop
      vertex 108.8122106552124 82.78156757354736 -243.9000005722046
      vertex 108.82054898637324 82.76143703331931 -228
      vertex 108.8122106552124 82.78156757354736 -228
    endloop
  endfacet
  facet normal -0.9238797210508393 -0.3826829771900281 -3.5665659615601263e-16
    outer loop
      vertex 108.8122106552124 82.78156757354736 -243.9000005722046
      vertex 108.88683872148763 82.60139923274684 -243.9000005722046
      vertex 108.82054898637324 82.76143703331931 -228
    endloop
  endfacet
  facet normal 0 0 -1
    outer loop
      vertex 108.8122106552124 82.78156757354736 -243.9000005722046
      vertex 108.99999961853027 82.68345165252686 -243.9000005722046
      vertex 108.88683872148763 82.60139923274684 -243.9000005722046
    endloop
  endfacet
  facet normal 0 0 1
    outer loop
      vertex 108.8122106552124 82.78156757354736 -228
      vertex 108.82054898637324 82.76143703331931 -228
      vertex 109.25530433654785 83.01840686798096 -228
    endloop
  endfacet
  facet normal -0.9238797210507593 0.3826829771902211 0
    outer loop
      vertex 108.81479253377688 81.22466564138543 -228
      vertex 108.83531846910327 81.2742197018845 -228
      vertex 108.83531846910327 81.2742197018845 -243.9000005722046
    endloop
  endfacet
  facet normal 0 0 1
    outer loop
      vertex 108.81479253377688 81.22466564138543 -228
      vertex 109.5 81.7882432937622 -228
      vertex 108.83531846910327 81.2742197018845 -228
    endloop
  endfacet
  facet normal 0 0 -1
    outer loop
      vertex 108.81959037459004 84.6261189300331 -247.29999961853025
      vertex 109.43136026568783 85.84791470986107 -247.29999961853025
      vertex 109.47569912821308 85.83370244957456 -247.29999961853025
    endloop
  endfacet
  facet normal 0 0 -1
    outer loop
      vertex 108.81959037459004 84.6261189300331 -247.29999961853025
      vertex 109.47569912821308 85.83370244957456 -247.29999961853025
      vertex 108.845399320626 84.60887397721393 -247.29999961853025
    endloop
  endfacet
  facet normal -0.9238797210508267 -0.3826829771900583 0
    outer loop
      vertex 108.82054898637324 82.76143703331931 -228
      vertex 108.88683872148763 82.60139923274684 -243.9000005722046
      vertex 108.88683872148763 82.60139923274684 -228
    endloop
  endfacet
  facet normal 0 0 1
    outer loop
      vertex 108.82054898637324 82.76143703331931 -228
      vertex 108.88683872148763 82.60139923274684 -228
      vertex 109.25530433654785 83.01840686798096 -228
    endloop
  endfacet
  facet normal -0.9238786836566151 0.3826854816751219 0
    outer loop
      vertex 108.83531846910327 81.2742197018845 -243.9000005722046
      vertex 108.83531846910327 81.2742197018845 -228
      vertex 108.84663385190058 81.30153728110932 -228
    endloop
  endfacet
  facet normal -0.9238786836566876 0.382685481674947 3.5207944665214644e-16
    outer loop
      vertex 108.83531846910327 81.2742197018845 -243.9000005722046
      vertex 108.84663385190058 81.30153728110932 -228
      vertex 108.93659114837646 81.5187120437622 -243.9000005722046
    endloop
  endfacet
  facet normal 0 0 -1
    outer loop
      vertex 108.83531846910327 81.2742197018845 -243.9000005722046
      vertex 108.93659114837646 81.5187120437622 -243.9000005722046
      vertex 108.99999961853027 81.31654834747314 -243.9000005722046
    endloop
  endfacet
  facet normal 0 0 1
    outer loop
      vertex 108.83531846910327 81.2742197018845 -228
      vertex 109.5 81.7882432937622 -228
      vertex 108.84663385190058 81.30153728110932 -228
    endloop
  endfacet
  facet normal 0.7071067811865476 -0.7071067811865476 0
    outer loop
      vertex 108.83656129474156 94.670013519473 -228
      vertex 108.94818592071533 94.78163814544678 -239.10000038146973
      vertex 108.90710608509238 94.74055830982383 -228
    endloop
  endfacet
  facet normal 0 0 -1
    outer loop
      vertex 108.845399320626 79.39112602278607 -247.29999961853025
      vertex 109.26238784790038 79.66974830627441 -247.29999961853025
      vertex 112.61459827423096 80.403000831604 -247.29999961853025
    endloop
  endfacet
  facet normal -0.555569484901245 0.8314701121787634 0
    outer loop
      vertex 108.845399320626 79.39112602278607 -247.29999961853025
      vertex 109.26238784790038 79.66974830627441 -244.5
      vertex 109.26238784790038 79.66974830627441 -247.29999961853025
    endloop
  endfacet
  facet normal 0 0 -1
    outer loop
      vertex 108.845399320626 84.60887397721393 -247.29999961853025
      vertex 109.47569912821308 85.83370244957456 -247.29999961853025
      vertex 108.85132584708822 84.60491400654794 -247.29999961853025
    endloop
  endfacet
  facet normal -0.9238786836566968 0.382685481674925 0
    outer loop
      vertex 108.84663385190058 81.30153728110932 -228
      vertex 108.93659114837646 81.5187120437622 -228
      vertex 108.93659114837646 81.5187120437622 -243.9000005722046
    endloop
  endfacet
  facet normal 0 0 1
    outer loop
      vertex 108.84663385190058 81.30153728110932 -228
      vertex 109.5 81.7882432937622 -228
      vertex 108.93659114837646 81.5187120437622 -228
    endloop
  endfacet
  facet normal 0 0 -1
    outer loop
      vertex 108.85132584708822 84.60491400654794 -247.29999961853025
      vertex 109.47569912821308 85.83370244957456 -247.29999961853025
      vertex 109.4928652258684 85.82820007459051 -247.29999961853025
    endloop
  endfacet
  facet normal 0 0 -1
    outer loop
      vertex 108.85132584708822 84.60491400654794 -247.29999961853025
      vertex 109.4928652258684 85.82820007459051 -247.29999961853025
      vertex 109.52068007485997 85.82386165893834 -247.29999961853025
    endloop
  endfacet
  facet normal 0 0 -1
    outer loop
      vertex 108.85132584708822 84.60491400654794 -247.29999961853025
      vertex 109.52068007485997 85.82386165893834 -247.29999961853025
      vertex 108.88072854694676 84.58526778887176 -247.29999961853025
    endloop
  endfacet
  facet normal 0 0 -1
    outer loop
      vertex 108.88072854694676 84.58526778887176 -247.29999961853025
      vertex 109.52068007485997 85.82386165893834 -247.29999961853025
      vertex 109.53069051072495 85.82230028315468 -247.29999961853025
    endloop
  endfacet
  facet normal 0 0 -1
    outer loop
      vertex 108.88072854694676 84.58526778887176 -247.29999961853025
      vertex 109.53069051072495 85.82230028315468 -247.29999961853025
      vertex 109.56383212576631 85.81713103162852 -247.29999961853025
    endloop
  endfacet
  facet normal 0 0 -1
    outer loop
      vertex 108.88072854694676 84.58526778887176 -247.29999961853025
      vertex 109.56383212576631 85.81713103162852 -247.29999961853025
      vertex 108.9067273164826 84.56789600029208 -247.29999961853025
    endloop
  endfacet
  facet normal -0.9238786836563585 -0.38268548167574123 0
    outer loop
      vertex 108.88683872148763 82.60139923274684 -243.9000005722046
      vertex 108.89239765168858 82.58797887226152 -228
      vertex 108.88683872148763 82.60139923274684 -228
    endloop
  endfacet
  facet normal -0.9238786836566757 -0.3826854816749758 7.56897857647811e-16
    outer loop
      vertex 108.88683872148763 82.60139923274684 -243.9000005722046
      vertex 108.93659114837646 82.48128700256348 -243.9000005722046
      vertex 108.89239765168858 82.58797887226152 -228
    endloop
  endfacet
  facet normal 0 0 -1
    outer loop
      vertex 108.88683872148763 82.60139923274684 -243.9000005722046
      vertex 108.99999961853027 82.68345165252686 -243.9000005722046
      vertex 108.93659114837646 82.48128700256348 -243.9000005722046
    endloop
  endfacet
  facet normal 0 0 1
    outer loop
      vertex 108.88683872148763 82.60139923274684 -228
      vertex 108.89239765168858 82.58797887226152 -228
      vertex 109.25530433654785 83.01840686798096 -228
    endloop
  endfacet
  facet normal -0.9238786836567155 -0.38268548167487954 0
    outer loop
      vertex 108.89239765168858 82.58797887226152 -228
      vertex 108.93659114837646 82.48128700256348 -243.9000005722046
      vertex 108.93659114837646 82.48128700256348 -228
    endloop
  endfacet
  facet normal 0 0 1
    outer loop
      vertex 108.89239765168858 82.58797887226152 -228
      vertex 108.93659114837646 82.48128700256348 -228
      vertex 109.25530433654785 83.01840686798096 -228
    endloop
  endfacet
  facet normal 0 0 -1
    outer loop
      vertex 108.9067273164826 84.56789600029208 -247.29999961853025
      vertex 109.56383212576631 85.81713103162852 -247.29999961853025
      vertex 109.60212271293128 85.81115867102105 -247.29999961853025
    endloop
  endfacet
  facet normal 0 0 -1
    outer loop
      vertex 108.9067273164826 84.56789600029208 -247.29999961853025
      vertex 109.60212271293128 85.81115867102105 -247.29999961853025
      vertex 108.92835177236319 84.55344702895943 -247.29999961853025
    endloop
  endfacet
  facet normal 0.7071067811865476 0.7071067811865476 0
    outer loop
      vertex 108.90710608509238 92.25944073650186 -228
      vertex 108.94818592071533 92.2183609008789 -228
      vertex 108.94818592071533 92.2183609008789 -239.10000038146973
    endloop
  endfacet
  facet normal 0.7071067811865476 -0.7071067811865476 0
    outer loop
      vertex 108.90710608509238 94.74055830982383 -228
      vertex 108.94818592071533 94.78163814544678 -239.10000038146973
      vertex 108.94818592071533 94.78163814544678 -228
    endloop
  endfacet
  facet normal -0.5555694849012908 -0.8314701121787327 0
    outer loop
      vertex 108.92835177236319 84.55344702895943 -247.29999961853025
      vertex 109.26238784790038 84.33025169372559 -247.29999961853025
      vertex 109.26238784790038 84.33025169372559 -244.5
    endloop
  endfacet
  facet normal 0 0 -1
    outer loop
      vertex 108.92835177236319 84.55344702895943 -247.29999961853025
      vertex 109.60212271293128 85.81115867102105 -247.29999961853025
      vertex 109.63406731115472 85.80617612376398 -247.29999961853025
    endloop
  endfacet
  facet normal 0 0 -1
    outer loop
      vertex 108.92835177236319 84.55344702895943 -247.29999961853025
      vertex 109.63406731115472 85.80617612376398 -247.29999961853025
      vertex 109.26238784790038 84.33025169372559 -247.29999961853025
    endloop
  endfacet
  facet normal -0.9807851937998215 0.1950907574003614 0
    outer loop
      vertex 108.93659114837646 81.5187120437622 -243.9000005722046
      vertex 108.93659114837646 81.5187120437622 -228
      vertex 108.93830512290279 81.52732875559607 -228
    endloop
  endfacet
  facet normal -0.9807851937995813 0.1950907574015689 -6.802679252336697e-16
    outer loop
      vertex 108.93659114837646 81.5187120437622 -243.9000005722046
      vertex 108.93830512290279 81.52732875559607 -228
      vertex 108.98492944359597 81.76172450050936 -228
    endloop
  endfacet
  facet normal -0.9807851937995941 0.19509075740150453 3.417199337641377e-16
    outer loop
      vertex 108.93659114837646 81.5187120437622 -243.9000005722046
      vertex 108.98492944359597 81.76172450050936 -228
      vertex 108.99999961853027 81.83748721033939 -243.9000005722046
    endloop
  endfacet
  facet normal 0 0 -1
    outer loop
      vertex 108.93659114837646 81.5187120437622 -243.9000005722046
      vertex 108.99999961853027 81.83748721033939 -243.9000005722046
      vertex 108.99999961853027 81.31654834747314 -243.9000005722046
    endloop
  endfacet
  facet normal 0 0 1
    outer loop
      vertex 108.93659114837646 81.5187120437622 -228
      vertex 109.5 81.7882432937622 -228
      vertex 108.93830512290279 81.52732875559607 -228
    endloop
  endfacet
  facet normal -0.9807851937996283 -0.19509075740133278 0
    outer loop
      vertex 108.93659114837646 82.48128700256348 -243.9000005722046
      vertex 108.94516597902464 82.43817851781981 -228
      vertex 108.93659114837646 82.48128700256348 -228
    endloop
  endfacet
  facet normal -0.9807851937995815 -0.19509075740156775 -6.622821590342839e-16
    outer loop
      vertex 108.93659114837646 82.48128700256348 -243.9000005722046
      vertex 108.98492944359597 82.23827454581632 -228
      vertex 108.94516597902464 82.43817851781981 -228
    endloop
  endfacet
  facet normal -0.9807851937995941 -0.19509075740150453 3.417199337641377e-16
    outer loop
      vertex 108.93659114837646 82.48128700256348 -243.9000005722046
      vertex 108.99999961853027 82.1625118359863 -243.9000005722046
      vertex 108.98492944359597 82.23827454581632 -228
    endloop
  endfacet
  facet normal 0 0 -1
    outer loop
      vertex 108.93659114837646 82.48128700256348 -243.9000005722046
      vertex 108.99999961853027 82.68345165252686 -243.9000005722046
      vertex 108.99999961853027 82.1625118359863 -243.9000005722046
    endloop
  endfacet
  facet normal 0 0 1
    outer loop
      vertex 108.93659114837646 82.48128700256348 -228
      vertex 108.94516597902464 82.43817851781981 -228
      vertex 109.25530433654785 83.01840686798096 -228
    endloop
  endfacet
  facet normal 0 0 1
    outer loop
      vertex 108.93830512290279 81.52732875559607 -228
      vertex 109.5 81.7882432937622 -228
      vertex 109.5 82.21175575256348 -228
    endloop
  endfacet
  facet normal 0 0 1
    outer loop
      vertex 108.93830512290279 81.52732875559607 -228
      vertex 109.5 82.21175575256348 -228
      vertex 108.98492944359597 81.76172450050936 -228
    endloop
  endfacet
  facet normal 0 0 1
    outer loop
      vertex 108.94516597902464 82.43817851781981 -228
      vertex 108.98492944359597 82.23827454581632 -228
      vertex 109.41737651824951 82.62713146209717 -228
    endloop
  endfacet
  facet normal 0 0 1
    outer loop
      vertex 108.94516597902464 82.43817851781981 -228
      vertex 109.41737651824951 82.62713146209717 -228
      vertex 109.25530433654785 83.01840686798096 -228
    endloop
  endfacet
  facet normal 0.2705976244021682 -0.6532818815942826 -0.7071065753113436
    outer loop
      vertex 108.94699764251709 76.73540115356445 -247.29999961853025
      vertex 109.94338417053223 77.14811706542969 -247.29999961853025
      vertex 109.0636739730835 76.35077285766602 -246.89999904632566
    endloop
  endfacet
  facet normal 0 0 1
    outer loop
      vertex 108.94699764251709 76.73540115356445 -228.5000003814697
      vertex 109.03927612304688 79.94161033630371 -228.5000003814697
      vertex 109.03927446734232 79.9416092299953 -228.5000003814697
    endloop
  endfacet
  facet normal 0 0 1
    outer loop
      vertex 108.94699764251709 76.73540115356445 -228.5000003814697
      vertex 109.03927753110915 79.94161174436599 -228.5000003814697
      vertex 109.03927612304688 79.94161033630371 -228.5000003814697
    endloop
  endfacet
  facet normal 0.2705976244021682 -0.6532818815942826 0.7071065753113436
    outer loop
      vertex 108.94699764251709 76.73540115356445 -228.5000003814697
      vertex 109.0636739730835 76.35077285766602 -228.9000009536743
      vertex 109.94338417053223 77.14811706542969 -228.5000003814697
    endloop
  endfacet
  facet normal 0 0 1
    outer loop
      vertex 108.94699764251709 76.73540115356445 -228.5000003814697
      vertex 109.4083890914917 80.31072330474854 -228.5000003814697
      vertex 109.03927753110915 79.94161174436599 -228.5000003814697
    endloop
  endfacet
  facet normal 0 0 1
    outer loop
      vertex 108.94699764251709 76.73540115356445 -228.5000003814697
      vertex 109.40839019779648 80.31072496045309 -228.5000003814697
      vertex 109.4083890914917 80.31072330474854 -228.5000003814697
    endloop
  endfacet
  facet normal 0 0 1
    outer loop
      vertex 108.94699764251709 76.73540115356445 -228.5000003814697
      vertex 109.69839859008789 80.74475383758545 -228.5000003814697
      vertex 109.40839019779648 80.31072496045309 -228.5000003814697
    endloop
  endfacet
  facet normal 0 0 1
    outer loop
      vertex 108.94699764251709 76.73540115356445 -228.5000003814697
      vertex 109.8981611260817 81.22702128497298 -228.5000003814697
      vertex 109.69839859008789 80.74475383758545 -228.5000003814697
    endloop
  endfacet
  facet normal 0 0 1
    outer loop
      vertex 108.94699764251709 76.73540115356445 -228.5000003814697
      vertex 109.89816188812256 81.22702312469482 -228.5000003814697
      vertex 109.8981611260817 81.22702128497298 -228.5000003814697
    endloop
  endfacet
  facet normal 0 0 1
    outer loop
      vertex 108.94699764251709 76.73540115356445 -228.5000003814697
      vertex 109.94338417053223 77.14811706542969 -228.5000003814697
      vertex 110.84010887145996 77.74728965759277 -228.5000003814697
    endloop
  endfacet
  facet normal 0 0 1
    outer loop
      vertex 108.94699764251709 76.73540115356445 -228.5000003814697
      vertex 110.84010887145996 77.74728965759277 -228.5000003814697
      vertex 111.60270977020264 78.50989055633545 -228.5000003814697
    endloop
  endfacet
  facet normal 0 0 1
    outer loop
      vertex 108.94699764251709 76.73540115356445 -228.5000003814697
      vertex 111.60270977020264 78.50989055633545 -228.5000003814697
      vertex 112.2018814086914 79.40661430358887 -228.5000003814697
    endloop
  endfacet
  facet normal 0 0 1
    outer loop
      vertex 108.94699764251709 76.73540115356445 -228.5000003814697
      vertex 112.2018814086914 79.40661430358887 -228.5000003814697
      vertex 112.61459827423096 80.403000831604 -228.5000003814697
    endloop
  endfacet
  facet normal 0 0 1
    outer loop
      vertex 108.94699764251709 76.73540115356445 -228.5000003814697
      vertex 112.61459827423096 80.403000831604 -228.5000003814697
      vertex 117.07694149017334 95.82498550415039 -228.5000003814697
    endloop
  endfacet
  facet normal 0 0 1
    outer loop
      vertex 108.94699764251709 76.73540115356445 -228.5000003814697
      vertex 116.55909442901611 99.59999942779541 -228.5000003814697
      vertex 109.89816188812256 81.22702312469482 -228.5000003814697
    endloop
  endfacet
  facet normal 0 0 1
    outer loop
      vertex 108.94699764251709 76.73540115356445 -228.5000003814697
      vertex 116.6750135421753 99.57694149017334 -228.5000003814697
      vertex 116.55909442901611 99.59999942779541 -228.5000003814697
    endloop
  endfacet
  facet normal 0 0 1
    outer loop
      vertex 108.94699764251709 76.73540115356445 -228.5000003814697
      vertex 116.78420639038086 99.53171253204346 -228.5000003814697
      vertex 116.6750135421753 99.57694149017334 -228.5000003814697
    endloop
  endfacet
  facet normal 0 0 1
    outer loop
      vertex 108.94699764251709 76.73540115356445 -228.5000003814697
      vertex 116.88247680664062 99.46605014801025 -228.5000003814697
      vertex 116.78420639038086 99.53171253204346 -228.5000003814697
    endloop
  endfacet
  facet normal 0 0 1
    outer loop
      vertex 108.94699764251709 76.73540115356445 -228.5000003814697
      vertex 116.96605014801025 99.38247680664062 -228.5000003814697
      vertex 116.88247680664062 99.46605014801025 -228.5000003814697
    endloop
  endfacet
  facet normal 0 0 1
    outer loop
      vertex 108.94699764251709 76.73540115356445 -228.5000003814697
      vertex 117.03171253204346 99.28420639038086 -228.5000003814697
      vertex 116.96605014801025 99.38247680664062 -228.5000003814697
    endloop
  endfacet
  facet normal 0 0 1
    outer loop
      vertex 108.94699764251709 76.73540115356445 -228.5000003814697
      vertex 117.07694149017334 95.82498550415039 -228.5000003814697
      vertex 117.09999942779541 95.94090461730957 -228.5000003814697
    endloop
  endfacet
  facet normal 0 0 1
    outer loop
      vertex 108.94699764251709 76.73540115356445 -228.5000003814697
      vertex 117.07694149017334 99.1750135421753 -228.5000003814697
      vertex 117.03171253204346 99.28420639038086 -228.5000003814697
    endloop
  endfacet
  facet normal 0 0 1
    outer loop
      vertex 108.94699764251709 76.73540115356445 -228.5000003814697
      vertex 117.09999942779541 95.94090461730957 -228.5000003814697
      vertex 117.09999942779541 99.05909442901611 -228.5000003814697
    endloop
  endfacet
  facet normal 0 0 1
    outer loop
      vertex 108.94699764251709 76.73540115356445 -228.5000003814697
      vertex 117.09999942779541 99.05909442901611 -228.5000003814697
      vertex 117.07694149017334 99.1750135421753 -228.5000003814697
    endloop
  endfacet
  facet normal 0.5555706686187201 0.8314693212443549 0
    outer loop
      vertex 108.94818592071533 92.2183609008789 -239.10000038146973
      vertex 108.94818592071533 92.2183609008789 -228
      vertex 108.94819166884733 92.21835706009554 -238.9000005722046
    endloop
  endfacet
  facet normal 0.5555706686187201 0.8314693212443549 0
    outer loop
      vertex 108.94818592071533 92.2183609008789 -239.10000038146973
      vertex 108.94819166884733 92.21835706009554 -238.9000005722046
      vertex 108.94819166884733 92.21835706009554 -239.10000038146973
    endloop
  endfacet
  facet normal 0.5555706696393359 0.8314693205624005 7.785204208838226e-16
    outer loop
      vertex 108.94818592071533 92.2183609008789 -228
      vertex 108.94819065665604 92.2183577364209 -228
      vertex 108.94819166884733 92.21835706009554 -238.9000005722046
    endloop
  endfacet
  facet normal 0.555570669561837 -0.8314693206141837 0
    outer loop
      vertex 108.94818592071533 94.78163814544678 -239.10000038146973
      vertex 108.94818879478134 94.78164006583847 -239.10000038146973
      vertex 108.94818879478134 94.78164006583847 -238.9000005722046
    endloop
  endfacet
  facet normal 0.555570669561837 -0.8314693206141837 0
    outer loop
      vertex 108.94818592071533 94.78163814544678 -239.10000038146973
      vertex 108.94818879478134 94.78164006583847 -238.9000005722046
      vertex 108.94818592071533 94.78163814544678 -228
    endloop
  endfacet
  facet normal 0.5555706696393359 -0.8314693205624005 2.9557876628647164e-17
    outer loop
      vertex 108.94818592071533 94.78163814544678 -228
      vertex 108.94818879478134 94.78164006583847 -238.9000005722046
      vertex 108.94818828868569 94.78163972767578 -228
    endloop
  endfacet
  facet normal 0.5555706688216985 0 -0.8314693211087288
    outer loop
      vertex 108.94818687438965 96.5 -243.01836185455323
      vertex 108.94818687438965 100 -243.01836185455323
      vertex 109.21843242645264 96.5 -242.8377893447876
    endloop
  endfacet
  facet normal 0.5555706688216985 0 -0.8314693211087288
    outer loop
      vertex 108.94818687438965 100 -243.01836185455323
      vertex 109.21843242645264 100 -242.8377893447876
      vertex 109.21843242645264 96.5 -242.8377893447876
    endloop
  endfacet
  facet normal 0.5555706688218248 -0.8314693211086446 -2.53465384543765e-17
    outer loop
      vertex 108.94818828868569 94.78163972767578 -228
      vertex 108.94818879478134 94.78164006583847 -238.9000005722046
      vertex 108.99577595661609 94.81343682689348 -228
    endloop
  endfacet
  facet normal 0.7071067811865476 -0.7071067811865476 0
    outer loop
      vertex 108.94818879478134 94.78164006583847 -239.10000038146973
      vertex 109.31654834747314 95.14999961853027 -239.10000038146973
      vertex 108.94818879478134 94.78164006583847 -238.9000005722046
    endloop
  endfacet
  facet normal 0.5555706688216242 -0.8314693211087786 1.2420466183018812e-15
    outer loop
      vertex 108.94818879478134 94.78164006583847 -238.9000005722046
      vertex 109.13326562891635 94.90530459309568 -228
      vertex 108.99577595661609 94.81343682689348 -228
    endloop
  endfacet
  facet normal 0.5555706688216906 -0.8314693211087342 -3.936879095630821e-16
    outer loop
      vertex 108.94818879478134 94.78164006583847 -238.9000005722046
      vertex 109.21843147277832 94.9622106552124 -238.9000005722046
      vertex 109.13326562891635 94.90530459309568 -228
    endloop
  endfacet
  facet normal 0.7071067811865476 -0.7071067811865476 0
    outer loop
      vertex 108.94818879478134 94.78164006583847 -238.9000005722046
      vertex 109.31654834747314 95.14999961853027 -239.10000038146973
      vertex 109.31654834747314 95.14999961853027 -238.9000005722046
    endloop
  endfacet
  facet normal 0 0 -1
    outer loop
      vertex 108.94818879478134 94.78164006583847 -238.9000005722046
      vertex 109.31654834747314 95.14999961853027 -238.9000005722046
      vertex 109.21843147277832 94.9622106552124 -238.9000005722046
    endloop
  endfacet
  facet normal 0.5555706688218248 0.8314693211086446 6.687115920854338e-16
    outer loop
      vertex 108.94819065665604 92.2183577364209 -228
      vertex 108.99577832458644 92.1865606372032 -228
      vertex 108.94819166884733 92.21835706009554 -238.9000005722046
    endloop
  endfacet
  facet normal 0.7071067811865476 0.7071067811865476 0
    outer loop
      vertex 108.94819166884733 92.21835706009554 -239.10000038146973
      vertex 108.94819166884733 92.21835706009554 -238.9000005722046
      vertex 109.31654834747314 91.85000038146973 -239.10000038146973
    endloop
  endfacet
  facet normal 0.5555706688217028 0.8314693211087261 1.4386410194081518e-15
    outer loop
      vertex 108.94819166884733 92.21835706009554 -238.9000005722046
      vertex 108.99577832458644 92.1865606372032 -228
      vertex 109.21843147277832 92.03778839111328 -238.9000005722046
    endloop
  endfacet
  facet normal 0 0 -1
    outer loop
      vertex 108.94819166884733 92.21835706009554 -238.9000005722046
      vertex 109.21843147277832 92.03778839111328 -238.9000005722046
      vertex 109.31654834747314 91.85000038146973 -238.9000005722046
    endloop
  endfacet
  facet normal 0.7071067811865476 0.7071067811865476 0
    outer loop
      vertex 108.94819166884733 92.21835706009554 -238.9000005722046
      vertex 109.31654834747314 91.85000038146973 -238.9000005722046
      vertex 109.31654834747314 91.85000038146973 -239.10000038146973
    endloop
  endfacet
  facet normal -0.2705975329035326 -0.6532816515718541 0.7071068228394296
    outer loop
      vertex 108.98159217834473 91.59469413757324 -228
      vertex 109.22702312469482 90.95183753967285 -228.5
      vertex 109.37286758422852 91.4326229095459 -228
    endloop
  endfacet
  facet normal 0 0 1
    outer loop
      vertex 108.98159217834473 91.59469413757324 -228
      vertex 109.37286758422852 91.4326229095459 -228
      vertex 110.21175575256348 91.34999942779541 -228
    endloop
  endfacet
  facet normal 0 0 1
    outer loop
      vertex 108.98159217834473 95.40530490875244 -228
      vertex 109.13326562891635 94.90530459309568 -228
      vertex 109.21843147277832 94.9622106552124 -228
    endloop
  endfacet
  facet normal 0 0 1
    outer loop
      vertex 108.98159217834473 95.40530490875244 -228
      vertex 109.21843147277832 94.9622106552124 -228
      vertex 109.46583549504993 95.06468861381938 -228
    endloop
  endfacet
  facet normal -0.2705975329035326 0.6532816515718541 0.7071068228394296
    outer loop
      vertex 108.98159217834473 95.40530490875244 -228
      vertex 109.37286758422852 95.56737613677979 -228
      vertex 109.22702312469482 96.04816150665283 -228.5
    endloop
  endfacet
  facet normal 0 0 1
    outer loop
      vertex 108.98159217834473 95.40530490875244 -228
      vertex 109.46583549504993 95.06468861381938 -228
      vertex 109.37286758422852 95.56737613677979 -228
    endloop
  endfacet
  facet normal -0.9807851937996245 0.19509075740135154 -4.162964602083831e-16
    outer loop
      vertex 108.98492944359597 81.76172450050936 -228
      vertex 108.99999970919347 81.83748766613309 -228
      vertex 108.99999961853027 81.83748721033939 -243.9000005722046
    endloop
  endfacet
  facet normal 0 0 1
    outer loop
      vertex 108.98492944359597 81.76172450050936 -228
      vertex 109.5 82.21175575256348 -228
      vertex 108.99999970919347 81.83748766613309 -228
    endloop
  endfacet
  facet normal -0.9807851937996245 -0.19509075740135154 -4.162964602083831e-16
    outer loop
      vertex 108.98492944359597 82.23827454581632 -228
      vertex 108.99999961853027 82.1625118359863 -243.9000005722046
      vertex 108.99999970919347 82.1625113801926 -228
    endloop
  endfacet
  facet normal 0 0 1
    outer loop
      vertex 108.98492944359597 82.23827454581632 -228
      vertex 108.99999970919347 82.1625113801926 -228
      vertex 109.41737651824951 82.62713146209717 -228
    endloop
  endfacet
  facet normal 0.5555706688216542 0.8314693211087586 0
    outer loop
      vertex 108.99577832458644 92.1865606372032 -228
      vertex 109.21843147277832 92.03778839111328 -228
      vertex 109.21843147277832 92.03778839111328 -238.9000005722046
    endloop
  endfacet
  facet normal 0 0 1
    outer loop
      vertex 108.99577832458644 92.1865606372032 -228
      vertex 110.21175575256348 91.34999942779541 -228
      vertex 109.21843147277832 92.03778839111328 -228
    endloop
  endfacet
  facet normal -1 0 0
    outer loop
      vertex 108.99999961853027 80.35000038146973 -244.30000019073486
      vertex 108.99999961853027 80.35000038146973 -244.10000038146973
      vertex 108.99999961853027 81.31654834747314 -244.10000038146973
    endloop
  endfacet
  facet normal -1 0 0
    outer loop
      vertex 108.99999961853027 80.35000038146973 -244.30000019073486
      vertex 108.99999961853027 81.31654834747314 -244.10000038146973
      vertex 108.99999961853027 81.83748721033939 -244.30000019073486
    endloop
  endfacet
  facet normal 0 0 -1
    outer loop
      vertex 108.99999961853027 80.35000038146973 -244.30000019073486
      vertex 108.99999961853027 81.83748721033939 -244.30000019073486
      vertex 110.00856456756591 80.5789680480957 -244.30000019073486
    endloop
  endfacet
  facet normal 0 1 0
    outer loop
      vertex 108.99999961853027 80.35000038146973 -244.30000019073486
      vertex 109.85557356194442 80.35000038146973 -244.30000019073486
      vertex 109.85557356194442 80.35000038146973 -244.5
    endloop
  endfacet
  facet normal 0 0 -1
    outer loop
      vertex 108.99999961853027 80.35000038146973 -244.30000019073486
      vertex 110.00856456756591 80.5789680480957 -244.30000019073486
      vertex 109.85557356194442 80.35000038146973 -244.30000019073486
    endloop
  endfacet
  facet normal -1 0 0
    outer loop
      vertex 108.99999961853027 81.31654834747314 -244.10000038146973
      vertex 108.99999961853027 81.31654834747314 -243.9000005722046
      vertex 108.99999961853027 81.83748721033939 -243.9000005722046
    endloop
  endfacet
  facet normal -1 0 0
    outer loop
      vertex 108.99999961853027 81.31654834747314 -244.10000038146973
      vertex 108.99999961853027 81.83748721033939 -243.9000005722046
      vertex 108.99999961853027 81.83748721033939 -244.30000019073486
    endloop
  endfacet
  facet normal -0.9807851938477784 0.19509075715926572 0
    outer loop
      vertex 108.99999961853027 81.83748721033939 -244.30000019073486
      vertex 108.99999961853027 81.83748721033939 -243.9000005722046
      vertex 109 81.8374891281128 -244.30000019073486
    endloop
  endfacet
  facet normal 0 0 -1
    outer loop
      vertex 108.99999961853027 81.83748721033939 -244.30000019073486
      vertex 109 81.8374891281128 -244.30000019073486
      vertex 110.35 81.7045259475708 -244.30000019073486
    endloop
  endfacet
  facet normal 0 0 -1
    outer loop
      vertex 108.99999961853027 81.83748721033939 -244.30000019073486
      vertex 110.23471126556396 81.12493228912354 -244.30000019073486
      vertex 110.00856456756591 80.5789680480957 -244.30000019073486
    endloop
  endfacet
  facet normal 0 0 -1
    outer loop
      vertex 108.99999961853027 81.83748721033939 -244.30000019073486
      vertex 110.35 81.7045259475708 -244.30000019073486
      vertex 110.23471126556396 81.12493228912354 -244.30000019073486
    endloop
  endfacet
  facet normal -0.9807851929961953 0.19509076144045392 -5.368051428266383e-16
    outer loop
      vertex 108.99999961853027 81.83748721033939 -243.9000005722046
      vertex 108.99999970919347 81.83748766613309 -228
      vertex 109 81.8374891281128 -228
    endloop
  endfacet
  facet normal -0.9807851938477784 0.19509075715926572 0
    outer loop
      vertex 108.99999961853027 81.83748721033939 -243.9000005722046
      vertex 109 81.8374891281128 -228
      vertex 109 81.8374891281128 -244.30000019073486
    endloop
  endfacet
  facet normal -1 0 0
    outer loop
      vertex 108.99999961853027 82.1625118359863 -244.30000019073486
      vertex 108.99999961853027 82.1625118359863 -243.9000005722046
      vertex 108.99999961853027 82.68345165252686 -244.10000038146973
    endloop
  endfacet
  facet normal -1 0 0
    outer loop
      vertex 108.99999961853027 82.1625118359863 -244.30000019073486
      vertex 108.99999961853027 82.68345165252686 -244.10000038146973
      vertex 108.99999961853027 83.64999961853027 -244.30000019073486
    endloop
  endfacet
  facet normal 0 0 -1
    outer loop
      vertex 108.99999961853027 82.1625118359863 -244.30000019073486
      vertex 108.99999961853027 83.64999961853027 -244.30000019073486
      vertex 110.00856456756591 83.4210319519043 -244.30000019073486
    endloop
  endfacet
  facet normal -0.9807851938477784 -0.19509075715926572 0
    outer loop
      vertex 108.99999961853027 82.1625118359863 -244.30000019073486
      vertex 109 82.16250991821289 -244.30000019073486
      vertex 108.99999961853027 82.1625118359863 -243.9000005722046
    endloop
  endfacet
  facet normal 0 0 -1
    outer loop
      vertex 108.99999961853027 82.1625118359863 -244.30000019073486
      vertex 110.00856456756591 83.4210319519043 -244.30000019073486
      vertex 110.23471126556396 82.87506771087646 -244.30000019073486
    endloop
  endfacet
  facet normal 0 0 -1
    outer loop
      vertex 108.99999961853027 82.1625118359863 -244.30000019073486
      vertex 110.23471126556396 82.87506771087646 -244.30000019073486
      vertex 110.35 82.2954740524292 -244.30000019073486
    endloop
  endfacet
  facet normal 0 0 -1
    outer loop
      vertex 108.99999961853027 82.1625118359863 -244.30000019073486
      vertex 110.35 82.2954740524292 -244.30000019073486
      vertex 109 82.16250991821289 -244.30000019073486
    endloop
  endfacet
  facet normal -1 0 0
    outer loop
      vertex 108.99999961853027 82.1625118359863 -243.9000005722046
      vertex 108.99999961853027 82.68345165252686 -243.9000005722046
      vertex 108.99999961853027 82.68345165252686 -244.10000038146973
    endloop
  endfacet
  facet normal -0.9807851938477784 -0.19509075715926572 0
    outer loop
      vertex 108.99999961853027 82.1625118359863 -243.9000005722046
      vertex 109 82.16250991821289 -244.30000019073486
      vertex 109 82.16250991821289 -228
    endloop
  endfacet
  facet normal -0.9807851929961953 -0.19509076144045392 -5.368051428266383e-16
    outer loop
      vertex 108.99999961853027 82.1625118359863 -243.9000005722046
      vertex 109 82.16250991821289 -228
      vertex 108.99999970919347 82.1625113801926 -228
    endloop
  endfacet
  facet normal -1 0 0
    outer loop
      vertex 108.99999961853027 82.68345165252686 -244.10000038146973
      vertex 108.99999961853027 83.64999961853027 -244.10000038146973
      vertex 108.99999961853027 83.64999961853027 -244.30000019073486
    endloop
  endfacet
  facet normal 0 -1 0
    outer loop
      vertex 108.99999961853027 83.64999961853027 -244.30000019073486
      vertex 109.85557356194442 83.64999961853027 -244.5
      vertex 109.85557356194442 83.64999961853027 -244.30000019073486
    endloop
  endfacet
  facet normal 0 0 -1
    outer loop
      vertex 108.99999961853027 83.64999961853027 -244.30000019073486
      vertex 109.85557356194442 83.64999961853027 -244.30000019073486
      vertex 110.00856456756591 83.4210319519043 -244.30000019073486
    endloop
  endfacet
  facet normal 0 0 1
    outer loop
      vertex 108.99999970919347 81.83748766613309 -228
      vertex 109.5 82.21175575256348 -228
      vertex 109 81.8374891281128 -228
    endloop
  endfacet
  facet normal 0 0 1
    outer loop
      vertex 108.99999970919347 82.1625113801926 -228
      vertex 109 82.16250991821289 -228
      vertex 109.41737651824951 82.62713146209717 -228
    endloop
  endfacet
  facet normal -1 0 0
    outer loop
      vertex 109 81.8374891281128 -244.30000019073486
      vertex 109 81.8374891281128 -228
      vertex 109 81.91620887440715 -228
    endloop
  endfacet
  facet normal -1 0 0
    outer loop
      vertex 109 81.8374891281128 -244.30000019073486
      vertex 109 81.91620887440715 -228
      vertex 109 82.0024833880324 -228
    endloop
  endfacet
  facet normal -1 0 0
    outer loop
      vertex 109 81.8374891281128 -244.30000019073486
      vertex 109 82.0024833880324 -228
      vertex 109 82.16250991821289 -244.30000019073486
    endloop
  endfacet
  facet normal 0 0 -1
    outer loop
      vertex 109 81.8374891281128 -244.30000019073486
      vertex 109 82.16250991821289 -244.30000019073486
      vertex 110.35 81.7045259475708 -244.30000019073486
    endloop
  endfacet
  facet normal 0 0 1
    outer loop
      vertex 109 81.8374891281128 -228
      vertex 109.5 82.21175575256348 -228
      vertex 109 81.91620887440715 -228
    endloop
  endfacet
  facet normal 0 0 1
    outer loop
      vertex 109 81.91620887440715 -228
      vertex 109.5 82.21175575256348 -228
      vertex 109 82.0024833880324 -228
    endloop
  endfacet
  facet normal -1 0 0
    outer loop
      vertex 109 82.0024833880324 -228
      vertex 109 82.16250991821289 -228
      vertex 109 82.16250991821289 -244.30000019073486
    endloop
  endfacet
  facet normal 0 0 1
    outer loop
      vertex 109 82.0024833880324 -228
      vertex 109.41737651824951 82.62713146209717 -228
      vertex 109 82.16250991821289 -228
    endloop
  endfacet
  facet normal 0 0 1
    outer loop
      vertex 109 82.0024833880324 -228
      vertex 109.5 82.21175575256348 -228
      vertex 109.41737651824951 82.62713146209717 -228
    endloop
  endfacet
  facet normal 0 0 -1
    outer loop
      vertex 109 82.16250991821289 -244.30000019073486
      vertex 110.35 82.2954740524292 -244.30000019073486
      vertex 110.35 81.7045259475708 -244.30000019073486
    endloop
  endfacet
  facet normal 0.5000000674988451 -0.5000000674988451 0.7071066857287526
    outer loop
      vertex 109.0200138092041 80.62945461273193 -228
      vertex 109.03927612304688 79.94161033630371 -228.5
      vertex 109.4083890914917 80.31072330474854 -228.5
    endloop
  endfacet
  facet normal 0.587938101128866 -0.3928472261099434 0.7071066724184593
    outer loop
      vertex 109.0200138092041 80.62945461273193 -228
      vertex 109.4083890914917 80.31072330474854 -228.5
      vertex 109.25530433654785 80.98159217834473 -228
    endloop
  endfacet
  facet normal 0.587938101128866 0.3928472261099434 0.7071066724184593
    outer loop
      vertex 109.0200138092041 83.37054443359375 -228
      vertex 109.25530433654785 83.01840686798096 -228
      vertex 109.4083890914917 83.68927574157715 -228.5
    endloop
  endfacet
  facet normal 0.5555709292827 -0.8314691470739952 0
    outer loop
      vertex 109.03927446734232 79.9416092299953 -228.5000003814697
      vertex 109.03927612304688 79.94161033630371 -228.5000003814697
      vertex 109.03927612304688 79.94161033630371 -228.5
    endloop
  endfacet
  facet normal 0.7071067811865476 -0.7071067811865476 0
    outer loop
      vertex 109.03927612304688 79.94161033630371 -228.5000003814697
      vertex 109.03927753110915 79.94161174436599 -228.5000003814697
      vertex 109.03927612304688 79.94161033630371 -228.5
    endloop
  endfacet
  facet normal 0.7071067811865476 -0.7071067811865476 0
    outer loop
      vertex 109.03927612304688 79.94161033630371 -228.5
      vertex 109.03927753110915 79.94161174436599 -228.5000003814697
      vertex 109.4083890914917 80.31072330474854 -228.5
    endloop
  endfacet
  facet normal 0.7071067811865476 0.7071067811865476 0
    outer loop
      vertex 109.03927612304688 84.05838871002197 -228.5000003814697
      vertex 109.03927612304688 84.05838871002197 -228.5
      vertex 109.40838768342942 83.68927714963942 -228.5000003814697
    endloop
  endfacet
  facet normal 0 0 1
    outer loop
      vertex 109.03927612304688 84.05838871002197 -228.5000003814697
      vertex 109.40838768342942 83.68927714963942 -228.5000003814697
      vertex 110.77297592163086 90.95183753967285 -228.5000003814697
    endloop
  endfacet
  facet normal 0 0 1
    outer loop
      vertex 109.03927612304688 84.05838871002197 -228.5000003814697
      vertex 110.26100353995233 90.8499998162792 -228.5000003814697
      vertex 110.26100158691406 90.84999942779541 -228.5000003814697
    endloop
  endfacet
  facet normal 0 0 1
    outer loop
      vertex 109.03927612304688 84.05838871002197 -228.5000003814697
      vertex 110.77297592163086 90.95183753967285 -228.5000003814697
      vertex 110.26100353995233 90.8499998162792 -228.5000003814697
    endloop
  endfacet
  facet normal 0.7071067811865476 0.7071067811865476 0
    outer loop
      vertex 109.03927612304688 84.05838871002197 -228.5
      vertex 109.4083890914917 83.68927574157715 -228.5
      vertex 109.40838768342942 83.68927714963942 -228.5000003814697
    endloop
  endfacet
  facet normal 0.7071067811865476 -0.7071067811865476 0
    outer loop
      vertex 109.03927753110915 79.94161174436599 -228.5000003814697
      vertex 109.4083890914917 80.31072330474854 -228.5000003814697
      vertex 109.4083890914917 80.31072330474854 -228.5
    endloop
  endfacet
  facet normal 0.27059820047978994 -0.6532822403226247 -0.7071060234336517
    outer loop
      vertex 109.0636739730835 76.35077285766602 -246.89999904632566
      vertex 109.94338417053223 77.14811706542969 -247.29999961853025
      vertex 110.13285541534424 76.79364204406738 -246.89999904632566
    endloop
  endfacet
  facet normal 0.3826832349800115 -0.9238796142708385 0
    outer loop
      vertex 109.0636739730835 76.35077285766602 -246.89999904632566
      vertex 110.13285541534424 76.79364204406738 -246.89999904632566
      vertex 109.0636739730835 76.35077285766602 -228.9000009536743
    endloop
  endfacet
  facet normal 0.3826832349800115 -0.9238796142708385 0
    outer loop
      vertex 109.0636739730835 76.35077285766602 -228.9000009536743
      vertex 110.13285541534424 76.79364204406738 -246.89999904632566
      vertex 110.13285541534424 76.79364204406738 -228.9000009536743
    endloop
  endfacet
  facet normal 0.27059820047978994 -0.6532822403226247 0.7071060234336517
    outer loop
      vertex 109.0636739730835 76.35077285766602 -228.9000009536743
      vertex 110.13285541534424 76.79364204406738 -228.9000009536743
      vertex 109.94338417053223 77.14811706542969 -228.5000003814697
    endloop
  endfacet
  facet normal 0.19509095313605423 0 -0.9807851548654608
    outer loop
      vertex 109.12493228912354 90.5 -241.41528873443605
      vertex 109.12493228912354 90.61528873443604 -241.41528873443605
      vertex 109.7045259475708 90.5 -241.3
    endloop
  endfacet
  facet normal 0.2457277799641003 0.7666079577387883 -0.5932369655419988
    outer loop
      vertex 109.12493228912354 90.5 -241.41528873443605
      vertex 109.21060318133337 85.91867559465254 -247.29999961853025
      vertex 109.16293255976646 85.93395588999633 -247.29999961853025
    endloop
  endfacet
  facet normal 0.24572653911632775 0.7666081972220685 -0.5932371700473952
    outer loop
      vertex 109.12493228912354 90.5 -241.41528873443605
      vertex 109.34454300456571 85.87574288230743 -247.29999961853025
      vertex 109.21060318133337 85.91867559465254 -247.29999961853025
    endloop
  endfacet
  facet normal 0.24572653911634615 0.7666081972220652 -0.5932371700473918
    outer loop
      vertex 109.12493228912354 90.5 -241.41528873443605
      vertex 109.38711536418501 85.86209685213299 -247.29999961853025
      vertex 109.34454300456571 85.87574288230743 -247.29999961853025
    endloop
  endfacet
  facet normal 0.24572653911617295 0.7666081972220957 -0.5932371700474239
    outer loop
      vertex 109.12493228912354 90.5 -241.41528873443605
      vertex 109.43136026568783 85.84791470986107 -247.29999961853025
      vertex 109.38711536418501 85.86209685213299 -247.29999961853025
    endloop
  endfacet
  facet normal 0.24572653911653425 0.7666081972220335 -0.5932371700473548
    outer loop
      vertex 109.12493228912354 90.5 -241.41528873443605
      vertex 109.47569912821308 85.83370244957456 -247.29999961853025
      vertex 109.43136026568783 85.84791470986107 -247.29999961853025
    endloop
  endfacet
  facet normal 0.2457265391155436 0.7666081972222014 -0.5932371700475482
    outer loop
      vertex 109.12493228912354 90.5 -241.41528873443605
      vertex 109.4928652258684 85.82820007459051 -247.29999961853025
      vertex 109.47569912821308 85.83370244957456 -247.29999961853025
    endloop
  endfacet
  facet normal 0.12182569374529391 0.7810600796451207 -0.6124570616200254
    outer loop
      vertex 109.12493228912354 90.5 -241.41528873443605
      vertex 109.52068007485997 85.82386165893834 -247.29999961853025
      vertex 109.4928652258684 85.82820007459051 -247.29999961853025
    endloop
  endfacet
  facet normal 0.1218256937454709 0.78106007964511 -0.6124570616200037
    outer loop
      vertex 109.12493228912354 90.5 -241.41528873443605
      vertex 109.53069051072495 85.82230028315468 -247.29999961853025
      vertex 109.52068007485997 85.82386165893834 -247.29999961853025
    endloop
  endfacet
  facet normal 0.12182569374508231 0.7810600796451339 -0.6124570616200505
    outer loop
      vertex 109.12493228912354 90.5 -241.41528873443605
      vertex 109.7045259475708 90.5 -241.3
      vertex 109.53069051072495 85.82230028315468 -247.29999961853025
    endloop
  endfacet
  facet normal 0.19509095313605423 0.9807851548654607 0
    outer loop
      vertex 109.12493228912354 90.61528873443604 -241.41528873443605
      vertex 109.12493228912354 90.61528873443604 -239.5
      vertex 109.7045259475708 90.5 -241.3
    endloop
  endfacet
  facet normal 0.19509095313605423 0.9807851548654607 0
    outer loop
      vertex 109.12493228912354 90.61528873443604 -239.5
      vertex 109.7045259475708 90.5 -239.5
      vertex 109.7045259475708 90.5 -241.3
    endloop
  endfacet
  facet normal 0 0 -1
    outer loop
      vertex 109.12493228912354 90.61528873443604 -239.5
      vertex 109.83748433367936 91.85000038146973 -239.5
      vertex 109.7045259475708 90.5 -239.5
    endloop
  endfacet
  facet normal 0.19509095313605423 0 -0.9807851548654608
    outer loop
      vertex 109.12493228912354 96.38471126556396 -241.41528873443605
      vertex 109.12493228912354 96.5 -241.41528873443605
      vertex 109.7045259475708 96.5 -241.3
    endloop
  endfacet
  facet normal 0.19509095313605423 -0.9807851548654607 0
    outer loop
      vertex 109.12493228912354 96.38471126556396 -241.41528873443605
      vertex 109.7045259475708 96.5 -241.3
      vertex 109.12493228912354 96.38471126556396 -239.5
    endloop
  endfacet
  facet normal 0.19509095313605423 -0.9807851548654607 0
    outer loop
      vertex 109.12493228912354 96.38471126556396 -239.5
      vertex 109.7045259475708 96.5 -241.3
      vertex 109.7045259475708 96.5 -239.5
    endloop
  endfacet
  facet normal 0 -1 0
    outer loop
      vertex 109.12493228912354 96.5 -241.41528873443605
      vertex 109.51871299743652 96.5 -242.71340923309327
      vertex 109.83749008178711 96.5 -242.65000038146974
    endloop
  endfacet
  facet normal 0 -1 0
    outer loop
      vertex 109.12493228912354 96.5 -241.41528873443605
      vertex 109.83749008178711 96.5 -242.65000038146974
      vertex 109.7045259475708 96.5 -241.3
    endloop
  endfacet
  facet normal 0.5555706688217253 -0.831469321108711 0
    outer loop
      vertex 109.13326562891635 94.90530459309568 -228
      vertex 109.21843147277832 94.9622106552124 -238.9000005722046
      vertex 109.21843147277832 94.9622106552124 -228
    endloop
  endfacet
  facet normal 0.3826829771899966 0.9238797210508521 0
    outer loop
      vertex 109.21843147277832 92.03778839111328 -238.9000005722046
      vertex 109.21843147277832 92.03778839111328 -228
      vertex 109.46583549504993 91.9353104325063 -228
    endloop
  endfacet
  facet normal 0.38268297719002803 0.9238797210508393 -8.363340966660815e-16
    outer loop
      vertex 109.21843147277832 92.03778839111328 -238.9000005722046
      vertex 109.46583549504993 91.9353104325063 -228
      vertex 109.5187120437622 91.91340827941895 -238.9000005722046
    endloop
  endfacet
  facet normal 0 0 -1
    outer loop
      vertex 109.21843147277832 92.03778839111328 -238.9000005722046
      vertex 109.5187120437622 91.91340827941895 -238.9000005722046
      vertex 109.31654834747314 91.85000038146973 -238.9000005722046
    endloop
  endfacet
  facet normal 0 0 1
    outer loop
      vertex 109.21843147277832 92.03778839111328 -228
      vertex 110.21175575256348 91.34999942779541 -228
      vertex 109.46583549504993 91.9353104325063 -228
    endloop
  endfacet
  facet normal 0 0 -1
    outer loop
      vertex 109.21843147277832 94.9622106552124 -238.9000005722046
      vertex 109.31654834747314 95.14999961853027 -238.9000005722046
      vertex 109.5187120437622 95.08659076690674 -238.9000005722046
    endloop
  endfacet
  facet normal 0.3826829771899966 -0.9238797210508521 0
    outer loop
      vertex 109.21843147277832 94.9622106552124 -238.9000005722046
      vertex 109.46583549504993 95.06468861381938 -228
      vertex 109.21843147277832 94.9622106552124 -228
    endloop
  endfacet
  facet normal 0.38268297719002803 -0.9238797210508393 -8.363340966660815e-16
    outer loop
      vertex 109.21843147277832 94.9622106552124 -238.9000005722046
      vertex 109.5187120437622 95.08659076690674 -238.9000005722046
      vertex 109.46583549504993 95.06468861381938 -228
    endloop
  endfacet
  facet normal 0.38268297719002803 0 -0.9238797210508392
    outer loop
      vertex 109.21843242645264 96.5 -242.8377893447876
      vertex 109.21843242645264 100 -242.8377893447876
      vertex 109.51871299743652 96.5 -242.71340923309327
    endloop
  endfacet
  facet normal 0.38268297719002803 0 -0.9238797210508392
    outer loop
      vertex 109.21843242645264 100 -242.8377893447876
      vertex 109.51871299743652 100 -242.71340923309327
      vertex 109.51871299743652 96.5 -242.71340923309327
    endloop
  endfacet
  facet normal -0.1950904785074488 -0.9807852492751584 0
    outer loop
      vertex 109.22702312469482 90.95183753967285 -228.5000003814697
      vertex 109.73899550637336 90.8499998162792 -228.5000003814697
      vertex 109.22702312469482 90.95183753967285 -228.5
    endloop
  endfacet
  facet normal -0.19509047850743974 -0.9807852492751602 1.261433907645403e-8
    outer loop
      vertex 109.22702312469482 90.95183753967285 -228.5
      vertex 109.73899550637336 90.8499998162792 -228.5000003814697
      vertex 109.73899745941162 90.84999942779541 -228.5
    endloop
  endfacet
  facet normal -0.13794979781092026 -0.6935198881491378 0.7071067939325246
    outer loop
      vertex 109.22702312469482 90.95183753967285 -228.5
      vertex 109.73899745941162 90.84999942779541 -228.5
      vertex 109.7882432937622 91.34999942779541 -228
    endloop
  endfacet
  facet normal -0.1379498663677001 -0.6935198373218242 0.7071068304084215
    outer loop
      vertex 109.22702312469482 90.95183753967285 -228.5
      vertex 109.7882432937622 91.34999942779541 -228
      vertex 109.37286758422852 91.4326229095459 -228
    endloop
  endfacet
  facet normal -0.1950904785074488 0.9807852492751584 0
    outer loop
      vertex 109.22702312469482 96.04816150665283 -228.5000003814697
      vertex 109.22702312469482 96.04816150665283 -228.5
      vertex 109.73899550637336 96.14999923004649 -228.5000003814697
    endloop
  endfacet
  facet normal -0.1379498663677001 0.6935198373218242 0.7071068304084215
    outer loop
      vertex 109.22702312469482 96.04816150665283 -228.5
      vertex 109.37286758422852 95.56737613677979 -228
      vertex 109.7882432937622 95.64999961853027 -228
    endloop
  endfacet
  facet normal -0.19509047850743974 0.9807852492751602 1.261433907645403e-8
    outer loop
      vertex 109.22702312469482 96.04816150665283 -228.5
      vertex 109.73899745941162 96.14999961853027 -228.5
      vertex 109.73899550637336 96.14999923004649 -228.5000003814697
    endloop
  endfacet
  facet normal -0.13794979781092026 0.6935198881491378 0.7071067939325246
    outer loop
      vertex 109.22702312469482 96.04816150665283 -228.5
      vertex 109.7882432937622 95.64999961853027 -228
      vertex 109.73899745941162 96.14999961853027 -228.5
    endloop
  endfacet
  facet normal 0.5879382046404591 -0.3928471640436235 0.7071066208338288
    outer loop
      vertex 109.25530433654785 80.98159217834473 -228
      vertex 109.4083890914917 80.31072330474854 -228.5
      vertex 109.69839859008789 80.74475383758545 -228.5
    endloop
  endfacet
  facet normal 0.6532811607356888 -0.27059902569097344 0.707106705047355
    outer loop
      vertex 109.25530433654785 80.98159217834473 -228
      vertex 109.69839859008789 80.74475383758545 -228.5
      vertex 109.89816188812256 81.22702312469482 -228.5
    endloop
  endfacet
  facet normal 0.6532811555474455 -0.27059891971743977 0.7071067503951216
    outer loop
      vertex 109.25530433654785 80.98159217834473 -228
      vertex 109.89816188812256 81.22702312469482 -228.5
      vertex 109.41737651824951 81.37286758422852 -228
    endloop
  endfacet
  facet normal 0.6532811555474455 0.27059891971743977 0.7071067503951216
    outer loop
      vertex 109.25530433654785 83.01840686798096 -228
      vertex 109.41737651824951 82.62713146209717 -228
      vertex 109.89816188812256 82.77297592163086 -228.5
    endloop
  endfacet
  facet normal 0.5879382046404591 0.3928471640436235 0.7071066208338288
    outer loop
      vertex 109.25530433654785 83.01840686798096 -228
      vertex 109.69839859008789 83.25524520874023 -228.5
      vertex 109.4083890914917 83.68927574157715 -228.5
    endloop
  endfacet
  facet normal 0.6532811607356888 0.27059902569097344 0.707106705047355
    outer loop
      vertex 109.25530433654785 83.01840686798096 -228
      vertex 109.89816188812256 82.77297592163086 -228.5
      vertex 109.69839859008789 83.25524520874023 -228.5
    endloop
  endfacet
  facet normal -0.7071067811865476 0.7071067811865476 0
    outer loop
      vertex 109.26238784790038 79.66974830627441 -247.29999961853025
      vertex 109.26238784790038 79.66974830627441 -244.5
      vertex 109.32563209703056 79.73299255540459 -247.29999961853025
    endloop
  endfacet
  facet normal 0 0 -1
    outer loop
      vertex 109.26238784790038 79.66974830627441 -247.29999961853025
      vertex 109.32563209703056 79.73299255540459 -247.29999961853025
      vertex 112.61459827423096 80.403000831604 -247.29999961853025
    endloop
  endfacet
  facet normal -0.7071067811865475 0.7071067811865475 0
    outer loop
      vertex 109.26238784790038 79.66974830627441 -244.5
      vertex 109.68025169372558 80.08761215209961 -244.5
      vertex 109.32563209703056 79.73299255540459 -247.29999961853025
    endloop
  endfacet
  facet normal -0.7071067811865475 -0.7071067811865475 0
    outer loop
      vertex 109.26238784790038 84.33025169372559 -247.29999961853025
      vertex 109.39007898306374 84.20256055856223 -247.29999961853025
      vertex 109.26238784790038 84.33025169372559 -244.5
    endloop
  endfacet
  facet normal 0 0 -1
    outer loop
      vertex 109.26238784790038 84.33025169372559 -247.29999961853025
      vertex 109.63406731115472 85.80617612376398 -247.29999961853025
      vertex 109.83016135331334 85.77559042582988 -247.29999961853025
    endloop
  endfacet
  facet normal 0 0 -1
    outer loop
      vertex 109.26238784790038 84.33025169372559 -247.29999961853025
      vertex 109.83016135331334 85.77559042582988 -247.29999961853025
      vertex 109.39007898306374 84.20256055856223 -247.29999961853025
    endloop
  endfacet
  facet normal -0.7071067811865476 -0.7071067811865476 0
    outer loop
      vertex 109.26238784790038 84.33025169372559 -244.5
      vertex 109.39007898306374 84.20256055856223 -247.29999961853025
      vertex 109.40215898421582 84.19048055741015 -247.29999961853025
    endloop
  endfacet
  facet normal -0.7071067811865475 -0.7071067811865475 0
    outer loop
      vertex 109.26238784790038 84.33025169372559 -244.5
      vertex 109.40215898421582 84.19048055741015 -247.29999961853025
      vertex 109.68025169372558 83.91238784790039 -244.5
    endloop
  endfacet
  facet normal 0 0 -1
    outer loop
      vertex 109.26238784790038 84.33025169372559 -244.5
      vertex 109.68025169372558 83.91238784790039 -244.5
      vertex 109.85557356194442 83.64999961853027 -244.5
    endloop
  endfacet
  facet normal 0 1 0
    outer loop
      vertex 109.31654834747314 91.85000038146973 -239.10000038146973
      vertex 109.31654834747314 91.85000038146973 -238.9000005722046
      vertex 109.83748433367936 91.85000038146973 -238.9000005722046
    endloop
  endfacet
  facet normal 0 1 0
    outer loop
      vertex 109.31654834747314 91.85000038146973 -239.10000038146973
      vertex 109.83748433367936 91.85000038146973 -238.9000005722046
      vertex 109.83748433367936 91.85000038146973 -239.5
    endloop
  endfacet
  facet normal 0 0 -1
    outer loop
      vertex 109.31654834747314 91.85000038146973 -238.9000005722046
      vertex 109.5187120437622 91.91340827941895 -238.9000005722046
      vertex 109.83748433367936 91.85000038146973 -238.9000005722046
    endloop
  endfacet
  facet normal 0 -1 0
    outer loop
      vertex 109.31654834747314 95.14999961853027 -239.10000038146973
      vertex 109.8374891281128 95.14999961853027 -238.9000005722046
      vertex 109.31654834747314 95.14999961853027 -238.9000005722046
    endloop
  endfacet
  facet normal 0 -1 0
    outer loop
      vertex 109.31654834747314 95.14999961853027 -239.10000038146973
      vertex 110.16250991821289 95.14999961853027 -238.9000005722046
      vertex 109.8374891281128 95.14999961853027 -238.9000005722046
    endloop
  endfacet
  facet normal 0 -1 0
    outer loop
      vertex 109.31654834747314 95.14999961853027 -239.10000038146973
      vertex 110.68345165252686 95.14999961853027 -239.10000038146973
      vertex 110.16250991821289 95.14999961853027 -238.9000005722046
    endloop
  endfacet
  facet normal 0 0 -1
    outer loop
      vertex 109.31654834747314 95.14999961853027 -238.9000005722046
      vertex 109.8374891281128 95.14999961853027 -238.9000005722046
      vertex 109.5187120437622 95.08659076690674 -238.9000005722046
    endloop
  endfacet
  facet normal 0 0 -1
    outer loop
      vertex 109.32563209703056 79.73299255540459 -247.29999961853025
      vertex 109.68025169372558 80.08761215209961 -247.29999961853025
      vertex 112.61459827423096 80.403000831604 -247.29999961853025
    endloop
  endfacet
  facet normal -0.7071067811865476 0.7071067811865476 0
    outer loop
      vertex 109.32563209703056 79.73299255540459 -247.29999961853025
      vertex 109.68025169372558 80.08761215209961 -244.5
      vertex 109.68025169372558 80.08761215209961 -247.29999961853025
    endloop
  endfacet
  facet normal 0 0 1
    outer loop
      vertex 109.37286758422852 91.4326229095459 -228
      vertex 109.7882432937622 91.34999942779541 -228
      vertex 110.21175575256348 91.34999942779541 -228
    endloop
  endfacet
  facet normal 0 0 1
    outer loop
      vertex 109.37286758422852 95.56737613677979 -228
      vertex 109.46583549504993 95.06468861381938 -228
      vertex 109.47232374343278 95.06737613055054 -228
    endloop
  endfacet
  facet normal 0 0 1
    outer loop
      vertex 109.37286758422852 95.56737613677979 -228
      vertex 109.47232374343278 95.06737613055054 -228
      vertex 109.5187120437622 95.08659076690674 -228
    endloop
  endfacet
  facet normal 0 0 1
    outer loop
      vertex 109.37286758422852 95.56737613677979 -228
      vertex 109.5187120437622 95.08659076690674 -228
      vertex 109.78135551955532 95.13883392365807 -228
    endloop
  endfacet
  facet normal 0 0 1
    outer loop
      vertex 109.37286758422852 95.56737613677979 -228
      vertex 109.78135551955532 95.13883392365807 -228
      vertex 109.7882432937622 95.64999961853027 -228
    endloop
  endfacet
  facet normal 0 0 -1
    outer loop
      vertex 109.39007898306374 84.20256055856223 -247.29999961853025
      vertex 109.83016135331334 85.77559042582988 -247.29999961853025
      vertex 110.13726671871439 85.77559042582988 -247.29999961853025
    endloop
  endfacet
  facet normal 0 0 -1
    outer loop
      vertex 109.39007898306374 84.20256055856223 -247.29999961853025
      vertex 110.13726671871439 85.77559042582988 -247.29999961853025
      vertex 110.16983864668666 85.77559042582988 -247.29999961853025
    endloop
  endfacet
  facet normal 0 0 -1
    outer loop
      vertex 109.39007898306374 84.20256055856223 -247.29999961853025
      vertex 110.16983864668666 85.77559042582988 -247.29999961853025
      vertex 110.45219501101383 85.81963085854272 -247.29999961853025
    endloop
  endfacet
  facet normal 0 0 -1
    outer loop
      vertex 109.39007898306374 84.20256055856223 -247.29999961853025
      vertex 110.45219501101383 85.81963085854272 -247.29999961853025
      vertex 109.40215898421582 84.19048055741015 -247.29999961853025
    endloop
  endfacet
  facet normal -0.7071067811865476 -0.7071067811865476 0
    outer loop
      vertex 109.40215898421582 84.19048055741015 -247.29999961853025
      vertex 109.6170074445954 83.97563209703057 -247.29999961853025
      vertex 109.68025169372558 83.91238784790039 -244.5
    endloop
  endfacet
  facet normal 0 0 -1
    outer loop
      vertex 109.40215898421582 84.19048055741015 -247.29999961853025
      vertex 110.45219501101383 85.81963085854272 -247.29999961853025
      vertex 110.46930948927505 85.82230028315468 -247.29999961853025
    endloop
  endfacet
  facet normal 0 0 -1
    outer loop
      vertex 109.40215898421582 84.19048055741015 -247.29999961853025
      vertex 110.46930948927505 85.82230028315468 -247.29999961853025
      vertex 110.47966583473433 85.82391561211992 -247.29999961853025
    endloop
  endfacet
  facet normal 0 0 -1
    outer loop
      vertex 109.40215898421582 84.19048055741015 -247.29999961853025
      vertex 110.47966583473433 85.82391561211992 -247.29999961853025
      vertex 109.6170074445954 83.97563209703057 -247.29999961853025
    endloop
  endfacet
  facet normal 0 0 1
    outer loop
      vertex 109.40838768342942 83.68927714963942 -228.5000003814697
      vertex 109.4083890914917 83.68927574157715 -228.5000003814697
      vertex 110.77297592163086 90.95183753967285 -228.5000003814697
    endloop
  endfacet
  facet normal 0.7071067811865476 0.7071067811865476 0
    outer loop
      vertex 109.40838768342942 83.68927714963942 -228.5000003814697
      vertex 109.4083890914917 83.68927574157715 -228.5
      vertex 109.4083890914917 83.68927574157715 -228.5000003814697
    endloop
  endfacet
  facet normal 0.8314699910091139 -0.555569666244751 0
    outer loop
      vertex 109.4083890914917 80.31072330474854 -228.5000003814697
      vertex 109.40839019779648 80.31072496045309 -228.5000003814697
      vertex 109.4083890914917 80.31072330474854 -228.5
    endloop
  endfacet
  facet normal 0.8314699942849313 -0.5555696613421357 3.0779206993568886e-8
    outer loop
      vertex 109.4083890914917 80.31072330474854 -228.5
      vertex 109.40839019779648 80.31072496045309 -228.5000003814697
      vertex 109.69839859008789 80.74475383758545 -228.5
    endloop
  endfacet
  facet normal 0.8314699910091139 0.555569666244751 0
    outer loop
      vertex 109.4083890914917 83.68927574157715 -228.5000003814697
      vertex 109.4083890914917 83.68927574157715 -228.5
      vertex 109.40839019779648 83.6892740858726 -228.5000003814697
    endloop
  endfacet
  facet normal 0 0 1
    outer loop
      vertex 109.4083890914917 83.68927574157715 -228.5000003814697
      vertex 109.40839019779648 83.6892740858726 -228.5000003814697
      vertex 111.25524520874023 91.1515998840332 -228.5000003814697
    endloop
  endfacet
  facet normal 0 0 1
    outer loop
      vertex 109.4083890914917 83.68927574157715 -228.5000003814697
      vertex 111.25524336901839 91.15159912199599 -228.5000003814697
      vertex 110.77297592163086 90.95183753967285 -228.5000003814697
    endloop
  endfacet
  facet normal 0 0 1
    outer loop
      vertex 109.4083890914917 83.68927574157715 -228.5000003814697
      vertex 111.25524520874023 91.1515998840332 -228.5000003814697
      vertex 111.25524336901839 91.15159912199599 -228.5000003814697
    endloop
  endfacet
  facet normal 0.8314699942849313 0.5555696613421357 3.0779206993568886e-8
    outer loop
      vertex 109.4083890914917 83.68927574157715 -228.5
      vertex 109.69839859008789 83.25524520874023 -228.5
      vertex 109.40839019779648 83.6892740858726 -228.5000003814697
    endloop
  endfacet
  facet normal 0.8314699942849442 -0.5555696613421173 0
    outer loop
      vertex 109.40839019779648 80.31072496045309 -228.5000003814697
      vertex 109.69839859008789 80.74475383758545 -228.5000003814697
      vertex 109.69839859008789 80.74475383758545 -228.5
    endloop
  endfacet
  facet normal 0 0 1
    outer loop
      vertex 109.40839019779648 83.6892740858726 -228.5000003814697
      vertex 109.69839859008789 83.25524520874023 -228.5000003814697
      vertex 111.25524520874023 91.1515998840332 -228.5000003814697
    endloop
  endfacet
  facet normal 0.8314699942849442 0.5555696613421173 0
    outer loop
      vertex 109.40839019779648 83.6892740858726 -228.5000003814697
      vertex 109.69839859008789 83.25524520874023 -228.5
      vertex 109.69839859008789 83.25524520874023 -228.5000003814697
    endloop
  endfacet
  facet normal 0.6935198373218242 -0.1379498663677001 0.7071068304084215
    outer loop
      vertex 109.41737651824951 81.37286758422852 -228
      vertex 109.89816188812256 81.22702312469482 -228.5
      vertex 109.5 81.7882432937622 -228
    endloop
  endfacet
  facet normal 0.6935198373218242 0.1379498663677001 0.7071068304084215
    outer loop
      vertex 109.41737651824951 82.62713146209717 -228
      vertex 109.5 82.21175575256348 -228
      vertex 109.89816188812256 82.77297592163086 -228.5
    endloop
  endfacet
  facet normal 0.3826829771901752 0.9238797210507784 0
    outer loop
      vertex 109.46583549504993 91.9353104325063 -228
      vertex 109.5187120437622 91.91340827941895 -228
      vertex 109.5187120437622 91.91340827941895 -238.9000005722046
    endloop
  endfacet
  facet normal 0 0 1
    outer loop
      vertex 109.46583549504993 91.9353104325063 -228
      vertex 110.21175575256348 91.34999942779541 -228
      vertex 109.5187120437622 91.91340827941895 -228
    endloop
  endfacet
  facet normal 0.38268297719044636 -0.9238797210506658 1.5417009967639113e-15
    outer loop
      vertex 109.46583549504993 95.06468861381938 -228
      vertex 109.5187120437622 95.08659076690674 -238.9000005722046
      vertex 109.47232374343278 95.06737613055054 -228
    endloop
  endfacet
  facet normal 0.38268297719013716 -0.923879721050794 0
    outer loop
      vertex 109.47232374343278 95.06737613055054 -228
      vertex 109.5187120437622 95.08659076690674 -238.9000005722046
      vertex 109.5187120437622 95.08659076690674 -228
    endloop
  endfacet
  facet normal 0.6935198881491378 -0.13794979781092026 0.7071067939325246
    outer loop
      vertex 109.5 81.7882432937622 -228
      vertex 109.89816188812256 81.22702312469482 -228.5
      vertex 110 81.73899745941162 -228.5
    endloop
  endfacet
  facet normal 0.7071067811865476 0 0.7071067811865476
    outer loop
      vertex 109.5 81.7882432937622 -228
      vertex 110 81.73899745941162 -228.5
      vertex 109.5 82.21175575256348 -228
    endloop
  endfacet
  facet normal 0.7071067811865476 0 0.7071067811865476
    outer loop
      vertex 109.5 82.21175575256348 -228
      vertex 110 81.73899745941162 -228.5
      vertex 110 82.26100158691406 -228.5
    endloop
  endfacet
  facet normal 0.6935198881491378 0.13794979781092026 0.7071067939325246
    outer loop
      vertex 109.5 82.21175575256348 -228
      vertex 110 82.26100158691406 -228.5
      vertex 109.89816188812256 82.77297592163086 -228.5
    endloop
  endfacet
  facet normal 0.19509075740036136 0.9807851937998214 0
    outer loop
      vertex 109.5187120437622 91.91340827941895 -238.9000005722046
      vertex 109.5187120437622 91.91340827941895 -228
      vertex 109.52732875559607 91.91169430489262 -228
    endloop
  endfacet
  facet normal 0.19509075740156004 0.9807851937995831 -9.85075478780291e-16
    outer loop
      vertex 109.5187120437622 91.91340827941895 -238.9000005722046
      vertex 109.52732875559607 91.91169430489262 -228
      vertex 109.6805357027194 91.88121947763949 -228
    endloop
  endfacet
  facet normal 0.195090757401507 0.9807851937995936 -1.659956747591907e-16
    outer loop
      vertex 109.5187120437622 91.91340827941895 -238.9000005722046
      vertex 109.6805357027194 91.88121947763949 -228
      vertex 109.83748433367936 91.85000038146973 -238.9000005722046
    endloop
  endfacet
  facet normal 0 0 1
    outer loop
      vertex 109.5187120437622 91.91340827941895 -228
      vertex 110.21175575256348 91.34999942779541 -228
      vertex 109.52732875559607 91.91169430489262 -228
    endloop
  endfacet
  facet normal 0.19509075740155804 -0.9807851937995834 0
    outer loop
      vertex 109.5187120437622 95.08659076690674 -238.9000005722046
      vertex 109.78135551955532 95.13883392365807 -228
      vertex 109.5187120437622 95.08659076690674 -228
    endloop
  endfacet
  facet normal 0.19509075740150308 -0.9807851937995943 1.3759316538629727e-15
    outer loop
      vertex 109.5187120437622 95.08659076690674 -238.9000005722046
      vertex 109.8374891281128 95.14999961853027 -238.9000005722046
      vertex 109.78135551955532 95.13883392365807 -228
    endloop
  endfacet
  facet normal 0.1950907574015031 0 -0.9807851937995944
    outer loop
      vertex 109.51871299743652 96.5 -242.71340923309327
      vertex 109.51871299743652 100 -242.71340923309327
      vertex 109.83749008178711 96.5 -242.65000038146974
    endloop
  endfacet
  facet normal 0.1950907574015031 0 -0.9807851937995944
    outer loop
      vertex 109.51871299743652 100 -242.71340923309327
      vertex 109.83749008178711 100 -242.65000038146974
      vertex 109.83749008178711 96.5 -242.65000038146974
    endloop
  endfacet
  facet normal 0 0 1
    outer loop
      vertex 109.52732875559607 91.91169430489262 -228
      vertex 110.21175575256348 91.34999942779541 -228
      vertex 109.6805357027194 91.88121947763949 -228
    endloop
  endfacet
  facet normal 0.12182556811740262 0.7810600935770241 -0.612457068841827
    outer loop
      vertex 109.53069051072495 85.82230028315468 -247.29999961853025
      vertex 109.7045259475708 90.5 -241.3
      vertex 109.56383212576631 85.81713103162852 -247.29999961853025
    endloop
  endfacet
  facet normal 0.12182556811810805 0.7810600935769477 -0.6124570688417841
    outer loop
      vertex 109.56383212576631 85.81713103162852 -247.29999961853025
      vertex 109.7045259475708 90.5 -241.3
      vertex 109.60212271293128 85.81115867102105 -247.29999961853025
    endloop
  endfacet
  facet normal 0.12182556811761078 0.781060093577 -0.6124570688418164
    outer loop
      vertex 109.60212271293128 85.81115867102105 -247.29999961853025
      vertex 109.7045259475708 90.5 -241.3
      vertex 109.63406731115472 85.80617612376398 -247.29999961853025
    endloop
  endfacet
  facet normal -0.7071067811865476 -0.7071067811865476 0
    outer loop
      vertex 109.6170074445954 83.97563209703057 -247.29999961853025
      vertex 109.68025169372558 83.91238784790039 -247.29999961853025
      vertex 109.68025169372558 83.91238784790039 -244.5
    endloop
  endfacet
  facet normal 0 0 -1
    outer loop
      vertex 109.6170074445954 83.97563209703057 -247.29999961853025
      vertex 110.47966583473433 85.82391561211992 -247.29999961853025
      vertex 109.68025169372558 83.91238784790039 -247.29999961853025
    endloop
  endfacet
  facet normal 0.12182556811797972 0.7810600935769623 -0.6124570688417912
    outer loop
      vertex 109.63406731115472 85.80617612376398 -247.29999961853025
      vertex 109.7045259475708 90.5 -241.3
      vertex 109.83016135331334 85.77559042582988 -247.29999961853025
    endloop
  endfacet
  facet normal -0.831470112178755 0.5555694849012573 0
    outer loop
      vertex 109.68025169372558 80.08761215209961 -247.29999961853025
      vertex 109.68025169372558 80.08761215209961 -244.5
      vertex 109.8290383638832 80.31028757378633 -247.29999961853025
    endloop
  endfacet
  facet normal 0 0 -1
    outer loop
      vertex 109.68025169372558 80.08761215209961 -247.29999961853025
      vertex 109.8290383638832 80.31028757378633 -247.29999961853025
      vertex 112.61459827423096 80.403000831604 -247.29999961853025
    endloop
  endfacet
  facet normal -0.8314701121787503 0.5555694849012646 8.167100657705917e-16
    outer loop
      vertex 109.68025169372558 80.08761215209961 -244.5
      vertex 109.85557356194442 80.35000038146973 -244.5
      vertex 109.8290383638832 80.31028757378633 -247.29999961853025
    endloop
  endfacet
  facet normal -0.831470112178755 -0.5555694849012573 0
    outer loop
      vertex 109.68025169372558 83.91238784790039 -247.29999961853025
      vertex 109.8290383638832 83.68971242621367 -247.29999961853025
      vertex 109.68025169372558 83.91238784790039 -244.5
    endloop
  endfacet
  facet normal 0 0 -1
    outer loop
      vertex 109.68025169372558 83.91238784790039 -247.29999961853025
      vertex 110.47966583473433 85.82391561211992 -247.29999961853025
      vertex 110.5071347741316 85.82820007459051 -247.29999961853025
    endloop
  endfacet
  facet normal 0 0 -1
    outer loop
      vertex 109.68025169372558 83.91238784790039 -247.29999961853025
      vertex 110.5071347741316 85.82820007459051 -247.29999961853025
      vertex 109.8290383638832 83.68971242621367 -247.29999961853025
    endloop
  endfacet
  facet normal -0.8314701121787503 -0.5555694849012646 8.167100657705917e-16
    outer loop
      vertex 109.68025169372558 83.91238784790039 -244.5
      vertex 109.8290383638832 83.68971242621367 -247.29999961853025
      vertex 109.85557356194442 83.64999961853027 -244.5
    endloop
  endfacet
  facet normal 0.19509075740138482 0.9807851937996179 -1.9945682399018128e-15
    outer loop
      vertex 109.6805357027194 91.88121947763949 -228
      vertex 109.78135156937597 91.86116590840899 -228
      vertex 109.83748433367936 91.85000038146973 -238.9000005722046
    endloop
  endfacet
  facet normal 0 0 1
    outer loop
      vertex 109.6805357027194 91.88121947763949 -228
      vertex 110.21175575256348 91.34999942779541 -228
      vertex 109.78135156937597 91.86116590840899 -228
    endloop
  endfacet
  facet normal 0.9238789780746651 -0.3826847708907585 0
    outer loop
      vertex 109.69839859008789 80.74475383758545 -228.5000003814697
      vertex 109.8981611260817 81.22702128497298 -228.5000003814697
      vertex 109.69839859008789 80.74475383758545 -228.5
    endloop
  endfacet
  facet normal 0.92387897807467 -0.38268477089074643 1.791095711898805e-8
    outer loop
      vertex 109.69839859008789 80.74475383758545 -228.5
      vertex 109.8981611260817 81.22702128497298 -228.5000003814697
      vertex 109.89816188812256 81.22702312469482 -228.5
    endloop
  endfacet
  facet normal 0.9238789793849113 0.3826847677275577 0
    outer loop
      vertex 109.69839859008789 83.25524520874023 -228.5000003814697
      vertex 109.69839859008789 83.25524520874023 -228.5
      vertex 109.69839935212875 83.25524336901839 -228.5000003814697
    endloop
  endfacet
  facet normal 0 0 1
    outer loop
      vertex 109.69839859008789 83.25524520874023 -228.5000003814697
      vertex 109.69839935212875 83.25524336901839 -228.5000003814697
      vertex 111.68927574157715 91.44161033630371 -228.5000003814697
    endloop
  endfacet
  facet normal 0 0 1
    outer loop
      vertex 109.69839859008789 83.25524520874023 -228.5000003814697
      vertex 111.6892740858726 91.4416092299953 -228.5000003814697
      vertex 111.25524520874023 91.1515998840332 -228.5000003814697
    endloop
  endfacet
  facet normal 0 0 1
    outer loop
      vertex 109.69839859008789 83.25524520874023 -228.5000003814697
      vertex 111.68927574157715 91.44161033630371 -228.5000003814697
      vertex 111.6892740858726 91.4416092299953 -228.5000003814697
    endloop
  endfacet
  facet normal 0.92387897807467 0.38268477089074643 -1.7872571829685745e-8
    outer loop
      vertex 109.69839859008789 83.25524520874023 -228.5
      vertex 109.89816188812256 82.77297592163086 -228.5
      vertex 109.69839935212875 83.25524336901839 -228.5000003814697
    endloop
  endfacet
  facet normal 0 0 1
    outer loop
      vertex 109.69839935212875 83.25524336901839 -228.5000003814697
      vertex 109.89816188812256 82.77297592163086 -228.5000003814697
      vertex 111.68927574157715 91.44161033630371 -228.5000003814697
    endloop
  endfacet
  facet normal 0.9238789780746651 0.3826847708907585 0
    outer loop
      vertex 109.69839935212875 83.25524336901839 -228.5000003814697
      vertex 109.89816188812256 82.77297592163086 -228.5
      vertex 109.89816188812256 82.77297592163086 -228.5000003814697
    endloop
  endfacet
  facet normal 0 1 0
    outer loop
      vertex 109.7045259475708 90.5 -241.3
      vertex 109.7045259475708 90.5 -239.5
      vertex 110.2954740524292 90.5 -241.3
    endloop
  endfacet
  facet normal 0 0.7856738735323275 -0.6186409010473752
    outer loop
      vertex 109.7045259475708 90.5 -241.3
      vertex 110.13726671871439 85.77559042582988 -247.29999961853025
      vertex 109.83016135331334 85.77559042582988 -247.29999961853025
    endloop
  endfacet
  facet normal 0 0.7856738735323273 -0.6186409010473752
    outer loop
      vertex 109.7045259475708 90.5 -241.3
      vertex 110.2954740524292 90.5 -241.3
      vertex 110.13726671871439 85.77559042582988 -247.29999961853025
    endloop
  endfacet
  facet normal 0 0 -1
    outer loop
      vertex 109.7045259475708 90.5 -239.5
      vertex 109.83748433367936 91.85000038146973 -239.5
      vertex 109.8374891281128 91.84999942779541 -239.5
    endloop
  endfacet
  facet normal 0 0 -1
    outer loop
      vertex 109.7045259475708 90.5 -239.5
      vertex 109.8374891281128 91.84999942779541 -239.5
      vertex 110.16250991821289 91.84999942779541 -239.5
    endloop
  endfacet
  facet normal 0 0 -1
    outer loop
      vertex 109.7045259475708 90.5 -239.5
      vertex 110.16250991821289 91.84999942779541 -239.5
      vertex 110.2954740524292 90.5 -239.5
    endloop
  endfacet
  facet normal 0 1 0
    outer loop
      vertex 109.7045259475708 90.5 -239.5
      vertex 110.2954740524292 90.5 -239.5
      vertex 110.2954740524292 90.5 -241.3
    endloop
  endfacet
  facet normal 0 -1 0
    outer loop
      vertex 109.7045259475708 96.5 -241.3
      vertex 109.83749008178711 96.5 -242.65000038146974
      vertex 110.16250991821289 96.5 -242.65000038146974
    endloop
  endfacet
  facet normal 0 -1 0
    outer loop
      vertex 109.7045259475708 96.5 -241.3
      vertex 110.16250991821289 96.5 -242.65000038146974
      vertex 110.2954740524292 96.5 -241.3
    endloop
  endfacet
  facet normal 0 -1 0
    outer loop
      vertex 109.7045259475708 96.5 -241.3
      vertex 110.2954740524292 96.5 -241.3
      vertex 109.7045259475708 96.5 -239.5
    endloop
  endfacet
  facet normal 0 -1 0
    outer loop
      vertex 109.7045259475708 96.5 -239.5
      vertex 110.2954740524292 96.5 -241.3
      vertex 110.2954740524292 96.5 -239.5
    endloop
  endfacet
  facet normal 0 0 -1
    outer loop
      vertex 109.7045259475708 96.5 -239.5
      vertex 110.2954740524292 96.5 -239.5
      vertex 112.50557356194443 95.14999961853027 -239.5
    endloop
  endfacet
  facet normal -0.19509047613734157 -0.9807852497466024 0
    outer loop
      vertex 109.73899550637336 90.8499998162792 -228.5000003814697
      vertex 109.73899745941162 90.84999942779541 -228.5000003814697
      vertex 109.73899745941162 90.84999942779541 -228.5
    endloop
  endfacet
  facet normal -0.19509047613734157 0.9807852497466024 0
    outer loop
      vertex 109.73899550637336 96.14999923004649 -228.5000003814697
      vertex 109.73899745941162 96.14999961853027 -228.5
      vertex 109.73899745941162 96.14999961853027 -228.5000003814697
    endloop
  endfacet
  facet normal 0 -1 0
    outer loop
      vertex 109.73899745941162 90.84999942779541 -228.5000003814697
      vertex 110.26099959561495 90.84999942779541 -228.5000003814697
      vertex 109.73899745941162 90.84999942779541 -228.5
    endloop
  endfacet
  facet normal 0 -0.7071067811865476 0.7071067811865476
    outer loop
      vertex 109.73899745941162 90.84999942779541 -228.5
      vertex 110.21175575256348 91.34999942779541 -228
      vertex 109.7882432937622 91.34999942779541 -228
    endloop
  endfacet
  facet normal 0 -1 0
    outer loop
      vertex 109.73899745941162 90.84999942779541 -228.5
      vertex 110.26099959561495 90.84999942779541 -228.5000003814697
      vertex 110.26100158691406 90.84999942779541 -228.5
    endloop
  endfacet
  facet normal 0 -0.7071067811865476 0.7071067811865476
    outer loop
      vertex 109.73899745941162 90.84999942779541 -228.5
      vertex 110.26100158691406 90.84999942779541 -228.5
      vertex 110.21175575256348 91.34999942779541 -228
    endloop
  endfacet
  facet normal 0 1 0
    outer loop
      vertex 109.73899745941162 96.14999961853027 -228.5000003814697
      vertex 109.73899745941162 96.14999961853027 -228.5
      vertex 109.73899945071074 96.14999961853027 -228.5000003814697
    endloop
  endfacet
  facet normal 0 0.7071067811865476 0.7071067811865476
    outer loop
      vertex 109.73899745941162 96.14999961853027 -228.5
      vertex 109.7882432937622 95.64999961853027 -228
      vertex 110.26100158691406 96.14999961853027 -228.5
    endloop
  endfacet
  facet normal 0 1 0
    outer loop
      vertex 109.73899745941162 96.14999961853027 -228.5
      vertex 110.26100158691406 96.14999961853027 -228.5
      vertex 109.73899945071074 96.14999961853027 -228.5000003814697
    endloop
  endfacet
  facet normal 0 0 1
    outer loop
      vertex 109.73899945071074 96.14999961853027 -228.5000003814697
      vertex 110.26100158691406 96.14999961853027 -228.5000003814697
      vertex 116.55909442901611 99.59999942779541 -228.5000003814697
    endloop
  endfacet
  facet normal 0 1 0
    outer loop
      vertex 109.73899945071074 96.14999961853027 -228.5000003814697
      vertex 110.26100158691406 96.14999961853027 -228.5
      vertex 110.26100158691406 96.14999961853027 -228.5000003814697
    endloop
  endfacet
  facet normal 0.19509075740296447 0.9807851937993036 6.462260224318562e-15
    outer loop
      vertex 109.78135156937597 91.86116590840899 -228
      vertex 109.79437900225287 91.85857458488266 -228
      vertex 109.83748433367936 91.85000038146973 -238.9000005722046
    endloop
  endfacet
  facet normal 0 0 1
    outer loop
      vertex 109.78135156937597 91.86116590840899 -228
      vertex 110.21175575256348 91.34999942779541 -228
      vertex 109.79437900225287 91.85857458488266 -228
    endloop
  endfacet
  facet normal 0 0 1
    outer loop
      vertex 109.78135551955532 95.13883392365807 -228
      vertex 109.8374889301995 95.1499995791628 -228
      vertex 109.7882432937622 95.64999961853027 -228
    endloop
  endfacet
  facet normal 0.19509075740150042 -0.9807851937995948 1.362201900883957e-15
    outer loop
      vertex 109.78135551955532 95.13883392365807 -228
      vertex 109.8374891281128 95.14999961853027 -238.9000005722046
      vertex 109.8374889301995 95.1499995791628 -228
    endloop
  endfacet
  facet normal 0 0 1
    outer loop
      vertex 109.7882432937622 95.64999961853027 -228
      vertex 109.8374889301995 95.1499995791628 -228
      vertex 109.8374891281128 95.14999961853027 -228
    endloop
  endfacet
  facet normal 0 0 1
    outer loop
      vertex 109.7882432937622 95.64999961853027 -228
      vertex 109.8374891281128 95.14999961853027 -228
      vertex 109.8947221937884 95.14999961853027 -228
    endloop
  endfacet
  facet normal 0 0 1
    outer loop
      vertex 109.7882432937622 95.64999961853027 -228
      vertex 109.8947221937884 95.14999961853027 -228
      vertex 110.21175575256348 95.64999961853027 -228
    endloop
  endfacet
  facet normal 0 0.7071067811865476 0.7071067811865476
    outer loop
      vertex 109.7882432937622 95.64999961853027 -228
      vertex 110.21175575256348 95.64999961853027 -228
      vertex 110.26100158691406 96.14999961853027 -228.5
    endloop
  endfacet
  facet normal 0.19509075740147244 0.9807851937996005 3.283867089745214e-16
    outer loop
      vertex 109.79437900225287 91.85857458488266 -228
      vertex 109.83748517793342 91.85000021353676 -228
      vertex 109.83748433367936 91.85000038146973 -238.9000005722046
    endloop
  endfacet
  facet normal 0 0 1
    outer loop
      vertex 109.79437900225287 91.85857458488266 -228
      vertex 110.21175575256348 91.34999942779541 -228
      vertex 109.83748517793342 91.85000021353676 -228
    endloop
  endfacet
  facet normal -0.8314701121788259 0.5555694849011512 3.1413317393918626e-15
    outer loop
      vertex 109.8290383638832 80.31028757378633 -247.29999961853025
      vertex 109.85557356194442 80.35000038146973 -244.5
      vertex 109.87872895423516 80.38465494250804 -247.29999961853025
    endloop
  endfacet
  facet normal 0 0 -1
    outer loop
      vertex 109.8290383638832 80.31028757378633 -247.29999961853025
      vertex 109.87872895423516 80.38465494250804 -247.29999961853025
      vertex 112.61459827423096 80.403000831604 -247.29999961853025
    endloop
  endfacet
  facet normal -0.8314701121788259 -0.5555694849011512 3.1413317393918626e-15
    outer loop
      vertex 109.8290383638832 83.68971242621367 -247.29999961853025
      vertex 109.87872895423516 83.61534505749196 -247.29999961853025
      vertex 109.85557356194442 83.64999961853027 -244.5
    endloop
  endfacet
  facet normal 0 0 -1
    outer loop
      vertex 109.8290383638832 83.68971242621367 -247.29999961853025
      vertex 110.5071347741316 85.82820007459051 -247.29999961853025
      vertex 109.87872895423516 83.61534505749196 -247.29999961853025
    endloop
  endfacet
  facet normal 0.1950907571440647 0.9807851938508022 0
    outer loop
      vertex 109.83748433367936 91.85000038146973 -239.5
      vertex 109.83748433367936 91.85000038146973 -238.9000005722046
      vertex 109.8374891281128 91.84999942779541 -239.5
    endloop
  endfacet
  facet normal 0.19509075621719899 0.9807851940351677 4.238183942090797e-16
    outer loop
      vertex 109.83748433367936 91.85000038146973 -238.9000005722046
      vertex 109.83748517793342 91.85000021353676 -228
      vertex 109.8374891281128 91.84999942779541 -228
    endloop
  endfacet
  facet normal 0.1950907571440647 0.9807851938508022 0
    outer loop
      vertex 109.83748433367936 91.85000038146973 -238.9000005722046
      vertex 109.8374891281128 91.84999942779541 -228
      vertex 109.8374891281128 91.84999942779541 -239.5
    endloop
  endfacet
  facet normal 0 0 1
    outer loop
      vertex 109.83748517793342 91.85000021353676 -228
      vertex 110.21175575256348 91.34999942779541 -228
      vertex 109.8374891281128 91.84999942779541 -228
    endloop
  endfacet
  facet normal 0.19509068523027334 -0.9807852081553751 0
    outer loop
      vertex 109.8374889301995 95.1499995791628 -228
      vertex 109.8374891281128 95.14999961853027 -238.9000005722046
      vertex 109.8374891281128 95.14999961853027 -228
    endloop
  endfacet
  facet normal 0 1 0
    outer loop
      vertex 109.8374891281128 91.84999942779541 -239.5
      vertex 109.8374891281128 91.84999942779541 -228
      vertex 109.87766652083477 91.84999942779541 -228
    endloop
  endfacet
  facet normal 0 1 0
    outer loop
      vertex 109.8374891281128 91.84999942779541 -239.5
      vertex 109.87766652083477 91.84999942779541 -228
      vertex 109.94450023802341 91.84999942779541 -228
    endloop
  endfacet
  facet normal 0 1 0
    outer loop
      vertex 109.8374891281128 91.84999942779541 -239.5
      vertex 109.94450023802341 91.84999942779541 -228
      vertex 110.00464903255448 91.84999942779541 -228
    endloop
  endfacet
  facet normal 0 1 0
    outer loop
      vertex 109.8374891281128 91.84999942779541 -239.5
      vertex 110.00464903255448 91.84999942779541 -228
      vertex 110.16250991821289 91.84999942779541 -239.5
    endloop
  endfacet
  facet normal 0 0 1
    outer loop
      vertex 109.8374891281128 91.84999942779541 -228
      vertex 110.21175575256348 91.34999942779541 -228
      vertex 109.87766652083477 91.84999942779541 -228
    endloop
  endfacet
  facet normal 0 -1 0
    outer loop
      vertex 109.8374891281128 95.14999961853027 -238.9000005722046
      vertex 109.8947221937884 95.14999961853027 -228
      vertex 109.8374891281128 95.14999961853027 -228
    endloop
  endfacet
  facet normal 0 -1 0
    outer loop
      vertex 109.8374891281128 95.14999961853027 -238.9000005722046
      vertex 110.16250991821289 95.14999961853027 -238.9000005722046
      vertex 109.8947221937884 95.14999961853027 -228
    endloop
  endfacet
  facet normal 0 0 -1
    outer loop
      vertex 109.83749008178711 96.5 -242.65000038146974
      vertex 109.83749008178711 100 -242.65000038146974
      vertex 110.16250991821289 96.5 -242.65000038146974
    endloop
  endfacet
  facet normal 0 0 -1
    outer loop
      vertex 109.83749008178711 100 -242.65000038146974
      vertex 110.16250991821289 100 -242.65000038146974
      vertex 110.16250991821289 96.5 -242.65000038146974
    endloop
  endfacet
  facet normal 0 1 0
    outer loop
      vertex 109.83749008178711 100 -242.65000038146974
      vertex 116.59849071502686 100 -228.9000009536743
      vertex 110.16250991821289 100 -242.65000038146974
    endloop
  endfacet
  facet normal -0.8314701121787509 0.5555694849012635 0
    outer loop
      vertex 109.85557356194442 80.35000038146973 -244.5
      vertex 109.85557356194442 80.35000038146973 -244.30000019073486
      vertex 110.00856456756591 80.5789680480957 -244.30000019073486
    endloop
  endfacet
  facet normal -0.8314701121787167 0.5555694849013149 6.0708893295670886e-15
    outer loop
      vertex 109.85557356194442 80.35000038146973 -244.5
      vertex 110.00856456756591 80.5789680480957 -247.29999961853025
      vertex 109.87872895423516 80.38465494250804 -247.29999961853025
    endloop
  endfacet
  facet normal -0.831470112178751 0.5555694849012636 0
    outer loop
      vertex 109.85557356194442 80.35000038146973 -244.5
      vertex 110.00856456756591 80.5789680480957 -244.30000019073486
      vertex 110.00856456756591 80.5789680480957 -247.29999961853025
    endloop
  endfacet
  facet normal -0.8314701121787167 -0.5555694849013149 6.0708893295670886e-15
    outer loop
      vertex 109.85557356194442 83.64999961853027 -244.5
      vertex 109.87872895423516 83.61534505749196 -247.29999961853025
      vertex 110.00856456756591 83.4210319519043 -247.29999961853025
    endloop
  endfacet
  facet normal -0.831470112178751 -0.5555694849012636 0
    outer loop
      vertex 109.85557356194442 83.64999961853027 -244.5
      vertex 110.00856456756591 83.4210319519043 -247.29999961853025
      vertex 110.00856456756591 83.4210319519043 -244.30000019073486
    endloop
  endfacet
  facet normal -0.8314701121787509 -0.5555694849012635 0
    outer loop
      vertex 109.85557356194442 83.64999961853027 -244.5
      vertex 110.00856456756591 83.4210319519043 -244.30000019073486
      vertex 109.85557356194442 83.64999961853027 -244.30000019073486
    endloop
  endfacet
  facet normal 0 0 1
    outer loop
      vertex 109.87766652083477 91.84999942779541 -228
      vertex 110.21175575256348 91.34999942779541 -228
      vertex 109.94450023802341 91.84999942779541 -228
    endloop
  endfacet
  facet normal 0 0 -1
    outer loop
      vertex 109.87872895423516 80.38465494250804 -247.29999961853025
      vertex 110.00856456756591 80.5789680480957 -247.29999961853025
      vertex 112.61459827423096 80.403000831604 -247.29999961853025
    endloop
  endfacet
  facet normal 0 0 -1
    outer loop
      vertex 109.87872895423516 83.61534505749196 -247.29999961853025
      vertex 110.5071347741316 85.82820007459051 -247.29999961853025
      vertex 110.78939681866663 85.91867559465254 -247.29999961853025
    endloop
  endfacet
  facet normal 0 0 -1
    outer loop
      vertex 109.87872895423516 83.61534505749196 -247.29999961853025
      vertex 110.78939681866663 85.91867559465254 -247.29999961853025
      vertex 110.00856456756591 83.4210319519043 -247.29999961853025
    endloop
  endfacet
  facet normal 0 -1 0
    outer loop
      vertex 109.8947221937884 95.14999961853027 -228
      vertex 110.16250991821289 95.14999961853027 -238.9000005722046
      vertex 110.16250991821289 95.14999961853027 -228
    endloop
  endfacet
  facet normal 0 0 1
    outer loop
      vertex 109.8947221937884 95.14999961853027 -228
      vertex 110.16250991821289 95.14999961853027 -228
      vertex 110.21175575256348 95.64999961853027 -228
    endloop
  endfacet
  facet normal 0.9238789793849113 -0.3826847677275577 0
    outer loop
      vertex 109.8981611260817 81.22702128497298 -228.5000003814697
      vertex 109.89816188812256 81.22702312469482 -228.5000003814697
      vertex 109.89816188812256 81.22702312469482 -228.5
    endloop
  endfacet
  facet normal 0.9807852492751584 -0.1950904785074488 0
    outer loop
      vertex 109.89816188812256 81.22702312469482 -228.5000003814697
      vertex 109.99999961151622 81.73899550637336 -228.5000003814697
      vertex 109.89816188812256 81.22702312469482 -228.5
    endloop
  endfacet
  facet normal 0 0 1
    outer loop
      vertex 109.89816188812256 81.22702312469482 -228.5000003814697
      vertex 116.55909442901611 99.59999942779541 -228.5000003814697
      vertex 109.99999961151622 81.73899550637336 -228.5000003814697
    endloop
  endfacet
  facet normal 0.9807852492751602 -0.19509047850743974 1.261433907645403e-8
    outer loop
      vertex 109.89816188812256 81.22702312469482 -228.5
      vertex 109.99999961151622 81.73899550637336 -228.5000003814697
      vertex 110 81.73899745941162 -228.5
    endloop
  endfacet
  facet normal 0.9807852497466024 0.19509047613734157 0
    outer loop
      vertex 109.89816188812256 82.77297592163086 -228.5000003814697
      vertex 109.89816188812256 82.77297592163086 -228.5
      vertex 109.89816227660634 82.7729739685926 -228.5000003814697
    endloop
  endfacet
  facet normal 0 0 1
    outer loop
      vertex 109.89816188812256 82.77297592163086 -228.5000003814697
      vertex 109.89816227660634 82.7729739685926 -228.5000003814697
      vertex 112.05838871002197 91.81072330474854 -228.5000003814697
    endloop
  endfacet
  facet normal 0 0 1
    outer loop
      vertex 109.89816188812256 82.77297592163086 -228.5000003814697
      vertex 111.68927714963942 91.44161174436599 -228.5000003814697
      vertex 111.68927574157715 91.44161033630371 -228.5000003814697
    endloop
  endfacet
  facet normal 0 0 1
    outer loop
      vertex 109.89816188812256 82.77297592163086 -228.5000003814697
      vertex 112.05838871002197 91.81072330474854 -228.5000003814697
      vertex 111.68927714963942 91.44161174436599 -228.5000003814697
    endloop
  endfacet
  facet normal 0.9807852492751602 0.19509047850743974 -1.2614475194581149e-8
    outer loop
      vertex 109.89816188812256 82.77297592163086 -228.5
      vertex 110 82.26100158691406 -228.5
      vertex 109.89816227660634 82.7729739685926 -228.5000003814697
    endloop
  endfacet
  facet normal 0 0 1
    outer loop
      vertex 109.89816227660634 82.7729739685926 -228.5000003814697
      vertex 110 82.26100158691406 -228.5000003814697
      vertex 112.05838871002197 91.81072330474854 -228.5000003814697
    endloop
  endfacet
  facet normal 0.9807852492751584 0.1950904785074488 0
    outer loop
      vertex 109.89816227660634 82.7729739685926 -228.5000003814697
      vertex 110 82.26100158691406 -228.5
      vertex 110 82.26100158691406 -228.5000003814697
    endloop
  endfacet
  facet normal 0.39284791723464946 -0.5879381595552687 -0.7071062398700505
    outer loop
      vertex 109.94338417053223 77.14811706542969 -247.29999961853025
      vertex 110.84010887145996 77.74728965759277 -247.29999961853025
      vertex 111.09509372711182 77.43658924102783 -246.89999904632566
    endloop
  endfacet
  facet normal 0.39284791127873664 -0.5879383450419247 -0.7071060889522142
    outer loop
      vertex 109.94338417053223 77.14811706542969 -247.29999961853025
      vertex 111.09509372711182 77.43658924102783 -246.89999904632566
      vertex 110.13285541534424 76.79364204406738 -246.89999904632566
    endloop
  endfacet
  facet normal 0.39284791127873664 -0.5879383450419247 0.7071060889522142
    outer loop
      vertex 109.94338417053223 77.14811706542969 -228.5000003814697
      vertex 110.13285541534424 76.79364204406738 -228.9000009536743
      vertex 111.09509372711182 77.43658924102783 -228.9000009536743
    endloop
  endfacet
  facet normal 0.39284791723464946 -0.5879381595552687 0.7071062398700505
    outer loop
      vertex 109.94338417053223 77.14811706542969 -228.5000003814697
      vertex 111.09509372711182 77.43658924102783 -228.9000009536743
      vertex 110.84010887145996 77.74728965759277 -228.5000003814697
    endloop
  endfacet
  facet normal 0 0 1
    outer loop
      vertex 109.94450023802341 91.84999942779541 -228
      vertex 110.21175575256348 91.34999942779541 -228
      vertex 110.00464903255448 91.84999942779541 -228
    endloop
  endfacet
  facet normal 0.9807852497466024 -0.19509047613734157 0
    outer loop
      vertex 109.99999961151622 81.73899550637336 -228.5000003814697
      vertex 110 81.73899745941162 -228.5000003814697
      vertex 110 81.73899745941162 -228.5
    endloop
  endfacet
  facet normal 0 0 1
    outer loop
      vertex 109.99999961151622 81.73899550637336 -228.5000003814697
      vertex 116.55909442901611 99.59999942779541 -228.5000003814697
      vertex 110 81.73899745941162 -228.5000003814697
    endloop
  endfacet
  facet normal 1 0 0
    outer loop
      vertex 110 81.73899745941162 -228.5000003814697
      vertex 110 81.73899945071074 -228.5000003814697
      vertex 110 81.73899745941162 -228.5
    endloop
  endfacet
  facet normal 0 0 1
    outer loop
      vertex 110 81.73899745941162 -228.5000003814697
      vertex 112.34839916229248 92.24475383758545 -228.5000003814697
      vertex 110 81.73899945071074 -228.5000003814697
    endloop
  endfacet
  facet normal 0 0 1
    outer loop
      vertex 110 81.73899745941162 -228.5000003814697
      vertex 116.55909442901611 99.59999942779541 -228.5000003814697
      vertex 112.34839916229248 92.24475383758545 -228.5000003814697
    endloop
  endfacet
  facet normal 1 0 0
    outer loop
      vertex 110 81.73899745941162 -228.5
      vertex 110 81.73899945071074 -228.5000003814697
      vertex 110 82.26100158691406 -228.5
    endloop
  endfacet
  facet normal 1 0 0
    outer loop
      vertex 110 81.73899945071074 -228.5000003814697
      vertex 110 82.26100158691406 -228.5000003814697
      vertex 110 82.26100158691406 -228.5
    endloop
  endfacet
  facet normal 0 0 1
    outer loop
      vertex 110 81.73899945071074 -228.5000003814697
      vertex 112.34839916229248 92.24475383758545 -228.5000003814697
      vertex 110 82.26100158691406 -228.5000003814697
    endloop
  endfacet
  facet normal 0 0 1
    outer loop
      vertex 110 82.26100158691406 -228.5000003814697
      vertex 112.34839805598406 92.2447521818809 -228.5000003814697
      vertex 112.05838871002197 91.81072330474854 -228.5000003814697
    endloop
  endfacet
  facet normal 0 0 1
    outer loop
      vertex 110 82.26100158691406 -228.5000003814697
      vertex 112.34839916229248 92.24475383758545 -228.5000003814697
      vertex 112.34839805598406 92.2447521818809 -228.5000003814697
    endloop
  endfacet
  facet normal 0 1 0
    outer loop
      vertex 110.00464903255448 91.84999942779541 -228
      vertex 110.06008239774528 91.84999942779541 -228
      vertex 110.16250991821289 91.84999942779541 -239.5
    endloop
  endfacet
  facet normal 0 0 1
    outer loop
      vertex 110.00464903255448 91.84999942779541 -228
      vertex 110.21175575256348 91.34999942779541 -228
      vertex 110.06008239774528 91.84999942779541 -228
    endloop
  endfacet
  facet normal -0.9238789911886589 0.3826847392309052 0
    outer loop
      vertex 110.00856456756591 80.5789680480957 -247.29999961853025
      vertex 110.00856456756591 80.5789680480957 -244.30000019073486
      vertex 110.04484477994623 80.66655587843721 -247.29999961853025
    endloop
  endfacet
  facet normal 0 0 -1
    outer loop
      vertex 110.00856456756591 80.5789680480957 -247.29999961853025
      vertex 110.04484477994623 80.66655587843721 -247.29999961853025
      vertex 112.61459827423096 80.403000831604 -247.29999961853025
    endloop
  endfacet
  facet normal -0.9238789911886933 0.38268473923082214 -2.839601420859539e-15
    outer loop
      vertex 110.00856456756591 80.5789680480957 -244.30000019073486
      vertex 110.23471126556396 81.12493228912354 -244.30000019073486
      vertex 110.04484477994623 80.66655587843721 -247.29999961853025
    endloop
  endfacet
  facet normal -0.9238789911886589 -0.3826847392309052 0
    outer loop
      vertex 110.00856456756591 83.4210319519043 -247.29999961853025
      vertex 110.04484477994623 83.33344412156279 -247.29999961853025
      vertex 110.00856456756591 83.4210319519043 -244.30000019073486
    endloop
  endfacet
  facet normal 0 0 -1
    outer loop
      vertex 110.00856456756591 83.4210319519043 -247.29999961853025
      vertex 110.78939681866663 85.91867559465254 -247.29999961853025
      vertex 110.83706744023354 85.93395588999633 -247.29999961853025
    endloop
  endfacet
  facet normal 0 0 -1
    outer loop
      vertex 110.00856456756591 83.4210319519043 -247.29999961853025
      vertex 110.83706744023354 85.93395588999633 -247.29999961853025
      vertex 110.88520395614938 85.95823542853131 -247.29999961853025
    endloop
  endfacet
  facet normal 0 0 -1
    outer loop
      vertex 110.00856456756591 83.4210319519043 -247.29999961853025
      vertex 110.88520395614938 85.95823542853131 -247.29999961853025
      vertex 110.04484477994623 83.33344412156279 -247.29999961853025
    endloop
  endfacet
  facet normal -0.9238789911886933 -0.38268473923082214 -2.839601420859539e-15
    outer loop
      vertex 110.00856456756591 83.4210319519043 -244.30000019073486
      vertex 110.04484477994623 83.33344412156279 -247.29999961853025
      vertex 110.23471126556396 82.87506771087646 -244.30000019073486
    endloop
  endfacet
  facet normal 0 0 -1
    outer loop
      vertex 110.04484477994623 80.66655587843721 -247.29999961853025
      vertex 110.23471126556396 81.12493228912354 -247.29999961853025
      vertex 112.61459827423096 80.403000831604 -247.29999961853025
    endloop
  endfacet
  facet normal -0.9238789911886999 0.3826847392308063 0
    outer loop
      vertex 110.04484477994623 80.66655587843721 -247.29999961853025
      vertex 110.23471126556396 81.12493228912354 -244.30000019073486
      vertex 110.23471126556396 81.12493228912354 -247.29999961853025
    endloop
  endfacet
  facet normal -0.9238789911886999 -0.3826847392308063 0
    outer loop
      vertex 110.04484477994623 83.33344412156279 -247.29999961853025
      vertex 110.23471126556396 82.87506771087646 -247.29999961853025
      vertex 110.23471126556396 82.87506771087646 -244.30000019073486
    endloop
  endfacet
  facet normal 0 0 -1
    outer loop
      vertex 110.04484477994623 83.33344412156279 -247.29999961853025
      vertex 110.88520395614938 85.95823542853131 -247.29999961853025
      vertex 111.15401897056933 86.09382318764258 -247.29999961853025
    endloop
  endfacet
  facet normal 0 0 -1
    outer loop
      vertex 110.04484477994623 83.33344412156279 -247.29999961853025
      vertex 111.15401897056933 86.09382318764258 -247.29999961853025
      vertex 110.23471126556396 82.87506771087646 -247.29999961853025
    endloop
  endfacet
  facet normal 0 1 0
    outer loop
      vertex 110.06008239774528 91.84999942779541 -228
      vertex 110.10270609283447 91.84999942779541 -228
      vertex 110.16250991821289 91.84999942779541 -239.5
    endloop
  endfacet
  facet normal 0 0 1
    outer loop
      vertex 110.06008239774528 91.84999942779541 -228
      vertex 110.21175575256348 91.34999942779541 -228
      vertex 110.10270609283447 91.84999942779541 -228
    endloop
  endfacet
  facet normal 0 1 0
    outer loop
      vertex 110.10270609283447 91.84999942779541 -228
      vertex 110.11229959459828 91.84999942779541 -228
      vertex 110.16250991821289 91.84999942779541 -239.5
    endloop
  endfacet
  facet normal 0 0 1
    outer loop
      vertex 110.10270609283447 91.84999942779541 -228
      vertex 110.21175575256348 91.34999942779541 -228
      vertex 110.11229959459828 91.84999942779541 -228
    endloop
  endfacet
  facet normal 0 1 0
    outer loop
      vertex 110.11229959459828 91.84999942779541 -228
      vertex 110.16250991821289 91.84999942779541 -228
      vertex 110.16250991821289 91.84999942779541 -239.5
    endloop
  endfacet
  facet normal 0 0 1
    outer loop
      vertex 110.11229959459828 91.84999942779541 -228
      vertex 110.21175575256348 91.34999942779541 -228
      vertex 110.16250991821289 91.84999942779541 -228
    endloop
  endfacet
  facet normal 0.5555703001957727 -0.8314695674168593 0
    outer loop
      vertex 110.13285541534424 76.79364204406738 -246.89999904632566
      vertex 111.09509372711182 77.43658924102783 -246.89999904632566
      vertex 111.09509372711182 77.43658924102783 -228.9000009536743
    endloop
  endfacet
  facet normal 0.5555703001957727 -0.8314695674168593 0
    outer loop
      vertex 110.13285541534424 76.79364204406738 -246.89999904632566
      vertex 111.09509372711182 77.43658924102783 -228.9000009536743
      vertex 110.13285541534424 76.79364204406738 -228.9000009536743
    endloop
  endfacet
  facet normal 0 0.7856738735323274 -0.6186409010473752
    outer loop
      vertex 110.13726671871439 85.77559042582988 -247.29999961853025
      vertex 110.2954740524292 90.5 -241.3
      vertex 110.16983864668666 85.77559042582988 -247.29999961853025
    endloop
  endfacet
  facet normal -0.1950907571440647 0.9807851938508022 0
    outer loop
      vertex 110.16250991821289 91.84999942779541 -239.5
      vertex 110.16250991821289 91.84999942779541 -228
      vertex 110.16251471264633 91.85000038146973 -238.9000005722046
    endloop
  endfacet
  facet normal 0 0 -1
    outer loop
      vertex 110.16250991821289 91.84999942779541 -239.5
      vertex 110.16251471264633 91.85000038146973 -239.5
      vertex 110.2954740524292 90.5 -239.5
    endloop
  endfacet
  facet normal -0.1950907571440647 0.9807851938508022 0
    outer loop
      vertex 110.16250991821289 91.84999942779541 -239.5
      vertex 110.16251471264633 91.85000038146973 -238.9000005722046
      vertex 110.16251471264633 91.85000038146973 -239.5
    endloop
  endfacet
  facet normal -0.19509068523027334 0.9807852081553751 3.288328172519602e-14
    outer loop
      vertex 110.16250991821289 91.84999942779541 -228
      vertex 110.16251011612619 91.84999946716289 -228
      vertex 110.16251471264633 91.85000038146973 -238.9000005722046
    endloop
  endfacet
  facet normal 0 0 1
    outer loop
      vertex 110.16250991821289 91.84999942779541 -228
      vertex 110.21175575256348 91.34999942779541 -228
      vertex 110.16251011612619 91.84999946716289 -228
    endloop
  endfacet
  facet normal -0.1950907574015475 -0.9807851937995855 0
    outer loop
      vertex 110.16250991821289 95.14999961853027 -238.9000005722046
      vertex 110.21175575256348 95.14020399031008 -228
      vertex 110.16250991821289 95.14999961853027 -228
    endloop
  endfacet
  facet normal -0.19509075740156048 -0.980785193799583 6.107654987959372e-17
    outer loop
      vertex 110.16250991821289 95.14999961853027 -238.9000005722046
      vertex 110.425153394006 95.09775646177894 -228
      vertex 110.21175575256348 95.14020399031008 -228
    endloop
  endfacet
  facet normal -0.19509075740150308 -0.9807851937995943 -1.3759316538629727e-15
    outer loop
      vertex 110.16250991821289 95.14999961853027 -238.9000005722046
      vertex 110.48128700256348 95.08659076690674 -238.9000005722046
      vertex 110.425153394006 95.09775646177894 -228
    endloop
  endfacet
  facet normal 0 -1 0
    outer loop
      vertex 110.16250991821289 95.14999961853027 -238.9000005722046
      vertex 110.68345165252686 95.14999961853027 -239.10000038146973
      vertex 110.68345165252686 95.14999961853027 -238.9000005722046
    endloop
  endfacet
  facet normal 0 0 -1
    outer loop
      vertex 110.16250991821289 95.14999961853027 -238.9000005722046
      vertex 110.68345165252686 95.14999961853027 -238.9000005722046
      vertex 110.48128700256348 95.08659076690674 -238.9000005722046
    endloop
  endfacet
  facet normal 0 0 1
    outer loop
      vertex 110.16250991821289 95.14999961853027 -228
      vertex 110.21175575256348 95.14020399031008 -228
      vertex 110.21175575256348 95.64999961853027 -228
    endloop
  endfacet
  facet normal -0.1950907574015031 0 -0.9807851937995944
    outer loop
      vertex 110.16250991821289 96.5 -242.65000038146974
      vertex 110.16250991821289 100 -242.65000038146974
      vertex 110.48128700256348 96.5 -242.71340923309327
    endloop
  endfacet
  facet normal 0 -1 0
    outer loop
      vertex 110.16250991821289 96.5 -242.65000038146974
      vertex 110.48128700256348 96.5 -242.71340923309327
      vertex 110.87506771087646 96.5 -241.41528873443605
    endloop
  endfacet
  facet normal 0 -1 0
    outer loop
      vertex 110.16250991821289 96.5 -242.65000038146974
      vertex 110.87506771087646 96.5 -241.41528873443605
      vertex 110.2954740524292 96.5 -241.3
    endloop
  endfacet
  facet normal -0.1950907574015031 0 -0.9807851937995944
    outer loop
      vertex 110.16250991821289 100 -242.65000038146974
      vertex 110.48128700256348 100 -242.71340923309327
      vertex 110.48128700256348 96.5 -242.71340923309327
    endloop
  endfacet
  facet normal 0 1 0
    outer loop
      vertex 110.16250991821289 100 -242.65000038146974
      vertex 116.59849071502686 100 -228.9000009536743
      vertex 110.48128700256348 100 -242.71340923309327
    endloop
  endfacet
  facet normal -0.19509075996140463 0.980785193290397 1.2233837493851796e-16
    outer loop
      vertex 110.16251011612619 91.84999946716289 -228
      vertex 110.16251386839227 91.85000021353676 -228
      vertex 110.16251471264633 91.85000038146973 -238.9000005722046
    endloop
  endfacet
  facet normal 0 0 1
    outer loop
      vertex 110.16251011612619 91.84999946716289 -228
      vertex 110.21175575256348 91.34999942779541 -228
      vertex 110.16251386839227 91.85000021353676 -228
    endloop
  endfacet
  facet normal 0 0 1
    outer loop
      vertex 110.16251386839227 91.85000021353676 -228
      vertex 110.21175575256348 91.34999942779541 -228
      vertex 110.21175575256348 91.8597950560156 -228
    endloop
  endfacet
  facet normal -0.19509075740164247 0.9807851937995667 3.2844808300164054e-16
    outer loop
      vertex 110.16251386839227 91.85000021353676 -228
      vertex 110.21175575256348 91.8597950560156 -228
      vertex 110.16251471264633 91.85000038146973 -238.9000005722046
    endloop
  endfacet
  facet normal 0 1 0
    outer loop
      vertex 110.16251471264633 91.85000038146973 -239.5
      vertex 110.16251471264633 91.85000038146973 -238.9000005722046
      vertex 110.68345165252686 91.85000038146973 -239.10000038146973
    endloop
  endfacet
  facet normal 0 1 0
    outer loop
      vertex 110.16251471264633 91.85000038146973 -239.5
      vertex 110.68345165252686 91.85000038146973 -239.10000038146973
      vertex 111.64999961853027 91.85000038146973 -239.30000019073486
    endloop
  endfacet
  facet normal 0 0 -1
    outer loop
      vertex 110.16251471264633 91.85000038146973 -239.5
      vertex 110.87506771087646 90.61528873443604 -239.5
      vertex 110.2954740524292 90.5 -239.5
    endloop
  endfacet
  facet normal 0 0 -1
    outer loop
      vertex 110.16251471264633 91.85000038146973 -239.5
      vertex 111.4210319519043 90.84143543243408 -239.5
      vertex 110.87506771087646 90.61528873443604 -239.5
    endloop
  endfacet
  facet normal 0 1 0
    outer loop
      vertex 110.16251471264633 91.85000038146973 -239.5
      vertex 111.64999961853027 91.85000038146973 -239.30000019073486
      vertex 112.50557356194443 91.85000038146973 -239.5
    endloop
  endfacet
  facet normal 0 0 -1
    outer loop
      vertex 110.16251471264633 91.85000038146973 -239.5
      vertex 111.91238784790039 91.16974830627441 -239.5
      vertex 111.4210319519043 90.84143543243408 -239.5
    endloop
  endfacet
  facet normal 0 0 -1
    outer loop
      vertex 110.16251471264633 91.85000038146973 -239.5
      vertex 112.33025169372559 91.58761215209961 -239.5
      vertex 111.91238784790039 91.16974830627441 -239.5
    endloop
  endfacet
  facet normal 0 0 -1
    outer loop
      vertex 110.16251471264633 91.85000038146973 -239.5
      vertex 112.50557356194443 91.85000038146973 -239.5
      vertex 112.33025169372559 91.58761215209961 -239.5
    endloop
  endfacet
  facet normal -0.195090757403078 0.9807851937992811 7.0693305760884166e-15
    outer loop
      vertex 110.16251471264633 91.85000038146973 -238.9000005722046
      vertex 110.21175575256348 91.8597950560156 -228
      vertex 110.21864747694971 91.86116590840899 -228
    endloop
  endfacet
  facet normal -0.19509075740113005 0.9807851937996686 -3.3584157898806357e-15
    outer loop
      vertex 110.16251471264633 91.85000038146973 -238.9000005722046
      vertex 110.21864747694971 91.86116590840899 -228
      vertex 110.26296962507945 91.86998215227456 -228
    endloop
  endfacet
  facet normal -0.19509075740139875 0.980785193799615 -7.844974481004167e-16
    outer loop
      vertex 110.16251471264633 91.85000038146973 -238.9000005722046
      vertex 110.26296962507945 91.86998215227456 -228
      vertex 110.31733798991428 91.88079671752428 -228
    endloop
  endfacet
  facet normal -0.195090757401507 0.9807851937995936 8.13819502801696e-16
    outer loop
      vertex 110.16251471264633 91.85000038146973 -238.9000005722046
      vertex 110.31733798991428 91.88079671752428 -228
      vertex 110.48128700256348 91.91340827941895 -238.9000005722046
    endloop
  endfacet
  facet normal 0 0 -1
    outer loop
      vertex 110.16251471264633 91.85000038146973 -238.9000005722046
      vertex 110.48128700256348 91.91340827941895 -238.9000005722046
      vertex 110.68345165252686 91.85000038146973 -238.9000005722046
    endloop
  endfacet
  facet normal 0 1 0
    outer loop
      vertex 110.16251471264633 91.85000038146973 -238.9000005722046
      vertex 110.68345165252686 91.85000038146973 -238.9000005722046
      vertex 110.68345165252686 91.85000038146973 -239.10000038146973
    endloop
  endfacet
  facet normal -0.1218255681179161 0.7810600935769677 -0.6124570688417968
    outer loop
      vertex 110.16983864668666 85.77559042582988 -247.29999961853025
      vertex 110.2954740524292 90.5 -241.3
      vertex 110.45219501101383 85.81963085854272 -247.29999961853025
    endloop
  endfacet
  facet normal 0 0 1
    outer loop
      vertex 110.21175575256348 91.34999942779541 -228
      vertex 110.21864747694971 91.86116590840899 -228
      vertex 110.21175575256348 91.8597950560156 -228
    endloop
  endfacet
  facet normal 0.13794979781092026 -0.6935198881491378 0.7071067939325246
    outer loop
      vertex 110.21175575256348 91.34999942779541 -228
      vertex 110.26100158691406 90.84999942779541 -228.5
      vertex 110.77297592163086 90.95183753967285 -228.5
    endloop
  endfacet
  facet normal 0 0 1
    outer loop
      vertex 110.21175575256348 91.34999942779541 -228
      vertex 110.26296962507945 91.86998215227456 -228
      vertex 110.21864747694971 91.86116590840899 -228
    endloop
  endfacet
  facet normal 0 0 1
    outer loop
      vertex 110.21175575256348 91.34999942779541 -228
      vertex 110.31733798991428 91.88079671752428 -228
      vertex 110.26296962507945 91.86998215227456 -228
    endloop
  endfacet
  facet normal 0 0 1
    outer loop
      vertex 110.21175575256348 91.34999942779541 -228
      vertex 110.37633097464521 91.89253117899995 -228
      vertex 110.31733798991428 91.88079671752428 -228
    endloop
  endfacet
  facet normal 0 0 1
    outer loop
      vertex 110.21175575256348 91.34999942779541 -228
      vertex 110.44188058017016 91.9055698364655 -228
      vertex 110.37633097464521 91.89253117899995 -228
    endloop
  endfacet
  facet normal 0 0 1
    outer loop
      vertex 110.21175575256348 91.34999942779541 -228
      vertex 110.48128700256348 91.91340827941895 -228
      vertex 110.44188058017016 91.9055698364655 -228
    endloop
  endfacet
  facet normal 0 0 1
    outer loop
      vertex 110.21175575256348 91.34999942779541 -228
      vertex 110.52189467262724 91.93022850365665 -228
      vertex 110.48128700256348 91.91340827941895 -228
    endloop
  endfacet
  facet normal 0 0 1
    outer loop
      vertex 110.21175575256348 91.34999942779541 -228
      vertex 110.62713146209717 91.4326229095459 -228
      vertex 111.01840686798096 91.59469413757324 -228
    endloop
  endfacet
  facet normal 0 0 1
    outer loop
      vertex 110.21175575256348 91.34999942779541 -228
      vertex 110.62913246248365 91.9746477887156 -228
      vertex 110.52189467262724 91.93022850365665 -228
    endloop
  endfacet
  facet normal 0 0 1
    outer loop
      vertex 110.21175575256348 91.34999942779541 -228
      vertex 110.72869102483509 92.01588623802593 -228
      vertex 110.62913246248365 91.9746477887156 -228
    endloop
  endfacet
  facet normal 0.1379498663677001 -0.6935198373218242 0.7071068304084215
    outer loop
      vertex 110.21175575256348 91.34999942779541 -228
      vertex 110.77297592163086 90.95183753967285 -228.5
      vertex 110.62713146209717 91.4326229095459 -228
    endloop
  endfacet
  facet normal 0 0 1
    outer loop
      vertex 110.21175575256348 91.34999942779541 -228
      vertex 110.77345040933318 92.03442615629305 -228
      vertex 110.72869102483509 92.01588623802593 -228
    endloop
  endfacet
  facet normal 0 0 1
    outer loop
      vertex 110.21175575256348 91.34999942779541 -228
      vertex 110.78156757354736 92.03778839111328 -228
      vertex 110.77345040933318 92.03442615629305 -228
    endloop
  endfacet
  facet normal 0 0 1
    outer loop
      vertex 110.21175575256348 91.34999942779541 -228
      vertex 111.0042230897096 92.1865622194322 -228
      vertex 110.78156757354736 92.03778839111328 -228
    endloop
  endfacet
  facet normal 0 0 1
    outer loop
      vertex 110.21175575256348 91.34999942779541 -228
      vertex 111.01840686798096 91.59469413757324 -228
      vertex 111.37054443359375 91.82998561859131 -228
    endloop
  endfacet
  facet normal 0 0 1
    outer loop
      vertex 110.21175575256348 91.34999942779541 -228
      vertex 111.05181075764 92.2183593186499 -228
      vertex 111.0042230897096 92.1865622194322 -228
    endloop
  endfacet
  facet normal 0 0 1
    outer loop
      vertex 110.21175575256348 91.34999942779541 -228
      vertex 111.05181312561035 92.2183609008789 -228
      vertex 111.05181075764 92.2183593186499 -228
    endloop
  endfacet
  facet normal 0 0 1
    outer loop
      vertex 110.21175575256348 91.34999942779541 -228
      vertex 111.24055830982383 92.40710608509238 -228
      vertex 111.05181312561035 92.2183609008789 -228
    endloop
  endfacet
  facet normal 0 0 1
    outer loop
      vertex 110.21175575256348 91.34999942779541 -228
      vertex 111.37054443359375 91.82998561859131 -228
      vertex 111.67001342773438 92.12945461273193 -228
    endloop
  endfacet
  facet normal 0 0 1
    outer loop
      vertex 110.21175575256348 91.34999942779541 -228
      vertex 111.67001342773438 92.12945461273193 -228
      vertex 111.90530490875244 92.48159217834473 -228
    endloop
  endfacet
  facet normal 0 0 1
    outer loop
      vertex 110.21175575256348 91.34999942779541 -228
      vertex 111.90530490875244 92.48159217834473 -228
      vertex 112.06737613677979 92.87286758422852 -228
    endloop
  endfacet
  facet normal 0 0 1
    outer loop
      vertex 110.21175575256348 91.34999942779541 -228
      vertex 112.06737613677979 92.87286758422852 -228
      vertex 112.14999961853027 93.2882432937622 -228
    endloop
  endfacet
  facet normal 0 0 1
    outer loop
      vertex 110.21175575256348 91.34999942779541 -228
      vertex 112.14999961853027 93.2882432937622 -228
      vertex 111.24055830982383 92.40710608509238 -228
    endloop
  endfacet
  facet normal 0 0 1
    outer loop
      vertex 110.21175575256348 95.14020399031008 -228
      vertex 110.425153394006 95.09775646177894 -228
      vertex 110.21175575256348 95.64999961853027 -228
    endloop
  endfacet
  facet normal 0 0 1
    outer loop
      vertex 110.21175575256348 95.64999961853027 -228
      vertex 110.425153394006 95.09775646177894 -228
      vertex 110.62713146209717 95.56737613677979 -228
    endloop
  endfacet
  facet normal 0.1379498663677001 0.6935198373218242 0.7071068304084215
    outer loop
      vertex 110.21175575256348 95.64999961853027 -228
      vertex 110.62713146209717 95.56737613677979 -228
      vertex 110.77297592163086 96.04816150665283 -228.5
    endloop
  endfacet
  facet normal 0.13794979781092026 0.6935198881491378 0.7071067939325246
    outer loop
      vertex 110.21175575256348 95.64999961853027 -228
      vertex 110.77297592163086 96.04816150665283 -228.5
      vertex 110.26100158691406 96.14999961853027 -228.5
    endloop
  endfacet
  facet normal -0.9807851548654868 0.1950909531359235 0
    outer loop
      vertex 110.23471126556396 81.12493228912354 -247.29999961853025
      vertex 110.23471126556396 81.12493228912354 -244.30000019073486
      vertex 110.25320678111834 81.2179152121947 -247.29999961853025
    endloop
  endfacet
  facet normal 0 0 -1
    outer loop
      vertex 110.23471126556396 81.12493228912354 -247.29999961853025
      vertex 110.25320678111834 81.2179152121947 -247.29999961853025
      vertex 112.61459827423096 80.403000831604 -247.29999961853025
    endloop
  endfacet
  facet normal -0.9807851548654608 0.19509095313605423 4.2114495768812e-15
    outer loop
      vertex 110.23471126556396 81.12493228912354 -244.30000019073486
      vertex 110.35 81.7045259475708 -244.30000019073486
      vertex 110.25320678111834 81.2179152121947 -247.29999961853025
    endloop
  endfacet
  facet normal -0.9807851548654868 -0.1950909531359235 0
    outer loop
      vertex 110.23471126556396 82.87506771087646 -247.29999961853025
      vertex 110.25320678111834 82.7820847878053 -247.29999961853025
      vertex 110.23471126556396 82.87506771087646 -244.30000019073486
    endloop
  endfacet
  facet normal 0 0 -1
    outer loop
      vertex 110.23471126556396 82.87506771087646 -247.29999961853025
      vertex 111.15401897056933 86.09382318764258 -247.29999961853025
      vertex 111.21491412872194 86.1378914371773 -247.29999961853025
    endloop
  endfacet
  facet normal 0 0 -1
    outer loop
      vertex 110.23471126556396 82.87506771087646 -247.29999961853025
      vertex 111.21491412872194 86.1378914371773 -247.29999961853025
      vertex 111.45129406004139 86.30895347419968 -247.29999961853025
    endloop
  endfacet
  facet normal 0 0 -1
    outer loop
      vertex 110.23471126556396 82.87506771087646 -247.29999961853025
      vertex 111.45129406004139 86.30895347419968 -247.29999961853025
      vertex 112.61459827423096 80.403000831604 -247.29999961853025
    endloop
  endfacet
  facet normal 0 0 -1
    outer loop
      vertex 110.23471126556396 82.87506771087646 -247.29999961853025
      vertex 112.61459827423096 80.403000831604 -247.29999961853025
      vertex 110.25320678111834 82.7820847878053 -247.29999961853025
    endloop
  endfacet
  facet normal -0.9807851548654608 -0.19509095313605423 4.2114495768812e-15
    outer loop
      vertex 110.23471126556396 82.87506771087646 -244.30000019073486
      vertex 110.25320678111834 82.7820847878053 -247.29999961853025
      vertex 110.35 82.2954740524292 -244.30000019073486
    endloop
  endfacet
  facet normal 0 0 -1
    outer loop
      vertex 110.25320678111834 81.2179152121947 -247.29999961853025
      vertex 110.35 81.7045259475708 -247.29999961853025
      vertex 112.61459827423096 80.403000831604 -247.29999961853025
    endloop
  endfacet
  facet normal -0.9807851548654559 0.19509095313607921 0
    outer loop
      vertex 110.25320678111834 81.2179152121947 -247.29999961853025
      vertex 110.35 81.7045259475708 -244.30000019073486
      vertex 110.35 81.7045259475708 -247.29999961853025
    endloop
  endfacet
  facet normal -0.9807851548654559 -0.19509095313607921 0
    outer loop
      vertex 110.25320678111834 82.7820847878053 -247.29999961853025
      vertex 110.35 82.2954740524292 -247.29999961853025
      vertex 110.35 82.2954740524292 -244.30000019073486
    endloop
  endfacet
  facet normal 0 0 -1
    outer loop
      vertex 110.25320678111834 82.7820847878053 -247.29999961853025
      vertex 112.61459827423096 80.403000831604 -247.29999961853025
      vertex 110.35 82.2954740524292 -247.29999961853025
    endloop
  endfacet
  facet normal 0 -1 0
    outer loop
      vertex 110.26099959561495 90.84999942779541 -228.5000003814697
      vertex 110.26100158691406 90.84999942779541 -228.5000003814697
      vertex 110.26100158691406 90.84999942779541 -228.5
    endloop
  endfacet
  facet normal 0.19509047613734157 -0.9807852497466024 0
    outer loop
      vertex 110.26100158691406 90.84999942779541 -228.5000003814697
      vertex 110.26100353995233 90.8499998162792 -228.5000003814697
      vertex 110.26100158691406 90.84999942779541 -228.5
    endloop
  endfacet
  facet normal 0.19509047850743974 -0.9807852492751602 1.2614475194581149e-8
    outer loop
      vertex 110.26100158691406 90.84999942779541 -228.5
      vertex 110.26100353995233 90.8499998162792 -228.5000003814697
      vertex 110.77297592163086 90.95183753967285 -228.5
    endloop
  endfacet
  facet normal 0.1950904785074488 0.9807852492751584 0
    outer loop
      vertex 110.26100158691406 96.14999961853027 -228.5000003814697
      vertex 110.26100158691406 96.14999961853027 -228.5
      vertex 110.7729739685926 96.04816189513662 -228.5000003814697
    endloop
  endfacet
  facet normal 0 0 1
    outer loop
      vertex 110.26100158691406 96.14999961853027 -228.5000003814697
      vertex 110.7729739685926 96.04816189513662 -228.5000003814697
      vertex 116.55909442901611 99.59999942779541 -228.5000003814697
    endloop
  endfacet
  facet normal 0.19509047850743974 0.9807852492751602 -1.261433907645403e-8
    outer loop
      vertex 110.26100158691406 96.14999961853027 -228.5
      vertex 110.77297592163086 96.04816150665283 -228.5
      vertex 110.7729739685926 96.04816189513662 -228.5000003814697
    endloop
  endfacet
  facet normal 0.1950904785074488 -0.9807852492751584 0
    outer loop
      vertex 110.26100353995233 90.8499998162792 -228.5000003814697
      vertex 110.77297592163086 90.95183753967285 -228.5000003814697
      vertex 110.77297592163086 90.95183753967285 -228.5
    endloop
  endfacet
  facet normal -0.19509095313605423 0.9807851548654607 0
    outer loop
      vertex 110.2954740524292 90.5 -241.3
      vertex 110.2954740524292 90.5 -239.5
      vertex 110.87506771087646 90.61528873443604 -241.41528873443605
    endloop
  endfacet
  facet normal -0.12182556811751605 0.781060093577012 -0.6124570688418199
    outer loop
      vertex 110.2954740524292 90.5 -241.3
      vertex 110.46930948927505 85.82230028315468 -247.29999961853025
      vertex 110.45219501101383 85.81963085854272 -247.29999961853025
    endloop
  endfacet
  facet normal -0.12182569374508231 0.7810600796451339 -0.6124570616200505
    outer loop
      vertex 110.2954740524292 90.5 -241.3
      vertex 110.87506771087646 90.5 -241.41528873443605
      vertex 110.46930948927505 85.82230028315468 -247.29999961853025
    endloop
  endfacet
  facet normal -0.19509095313605423 0 -0.9807851548654608
    outer loop
      vertex 110.2954740524292 90.5 -241.3
      vertex 110.87506771087646 90.61528873443604 -241.41528873443605
      vertex 110.87506771087646 90.5 -241.41528873443605
    endloop
  endfacet
  facet normal -0.19509095313605423 0.9807851548654607 0
    outer loop
      vertex 110.2954740524292 90.5 -239.5
      vertex 110.87506771087646 90.61528873443604 -239.5
      vertex 110.87506771087646 90.61528873443604 -241.41528873443605
    endloop
  endfacet
  facet normal -0.19509095313605423 -0.9807851548654607 0
    outer loop
      vertex 110.2954740524292 96.5 -241.3
      vertex 110.87506771087646 96.38471126556396 -241.41528873443605
      vertex 110.2954740524292 96.5 -239.5
    endloop
  endfacet
  facet normal -0.19509095313605423 0 -0.9807851548654608
    outer loop
      vertex 110.2954740524292 96.5 -241.3
      vertex 110.87506771087646 96.5 -241.41528873443605
      vertex 110.87506771087646 96.38471126556396 -241.41528873443605
    endloop
  endfacet
  facet normal -0.19509095313605423 -0.9807851548654607 0
    outer loop
      vertex 110.2954740524292 96.5 -239.5
      vertex 110.87506771087646 96.38471126556396 -241.41528873443605
      vertex 110.87506771087646 96.38471126556396 -239.5
    endloop
  endfacet
  facet normal 0 0 -1
    outer loop
      vertex 110.2954740524292 96.5 -239.5
      vertex 110.87506771087646 96.38471126556396 -239.5
      vertex 112.50557356194443 95.14999961853027 -239.5
    endloop
  endfacet
  facet normal -0.1950907574017381 0.9807851937995476 -2.7997176927582664e-15
    outer loop
      vertex 110.31733798991428 91.88079671752428 -228
      vertex 110.37633097464521 91.89253117899995 -228
      vertex 110.48128700256348 91.91340827941895 -238.9000005722046
    endloop
  endfacet
  facet normal -1 0 0
    outer loop
      vertex 110.35 81.7045259475708 -247.29999961853025
      vertex 110.35 81.7045259475708 -244.30000019073486
      vertex 110.35 82.20066956074393 -247.29999961853025
    endloop
  endfacet
  facet normal 0 0 -1
    outer loop
      vertex 110.35 81.7045259475708 -247.29999961853025
      vertex 110.35 82.20066956074393 -247.29999961853025
      vertex 112.61459827423096 80.403000831604 -247.29999961853025
    endloop
  endfacet
  facet normal -1 0 0
    outer loop
      vertex 110.35 81.7045259475708 -244.30000019073486
      vertex 110.35 82.2954740524292 -244.30000019073486
      vertex 110.35 82.20066956074393 -247.29999961853025
    endloop
  endfacet
  facet normal 0 0 -1
    outer loop
      vertex 110.35 82.20066956074393 -247.29999961853025
      vertex 110.35 82.2954740524292 -247.29999961853025
      vertex 112.61459827423096 80.403000831604 -247.29999961853025
    endloop
  endfacet
  facet normal -1 0 0
    outer loop
      vertex 110.35 82.20066956074393 -247.29999961853025
      vertex 110.35 82.2954740524292 -244.30000019073486
      vertex 110.35 82.2954740524292 -247.29999961853025
    endloop
  endfacet
  facet normal -0.19509075740166484 0.9807851937995622 -2.0666395286004078e-15
    outer loop
      vertex 110.37633097464521 91.89253117899995 -228
      vertex 110.44188058017016 91.9055698364655 -228
      vertex 110.48128700256348 91.91340827941895 -238.9000005722046
    endloop
  endfacet
  facet normal -0.19509075740124598 -0.9807851937996456 0
    outer loop
      vertex 110.425153394006 95.09775646177894 -228
      vertex 110.48128700256348 95.08659076690674 -238.9000005722046
      vertex 110.48128700256348 95.08659076690674 -228
    endloop
  endfacet
  facet normal 0 0 1
    outer loop
      vertex 110.425153394006 95.09775646177894 -228
      vertex 110.48128700256348 95.08659076690674 -228
      vertex 110.62713146209717 95.56737613677979 -228
    endloop
  endfacet
  facet normal -0.19509075740111495 0.9807851937996716 0
    outer loop
      vertex 110.44188058017016 91.9055698364655 -228
      vertex 110.48128700256348 91.91340827941895 -228
      vertex 110.48128700256348 91.91340827941895 -238.9000005722046
    endloop
  endfacet
  facet normal -0.12182569374556518 0.7810600796451036 -0.6124570616199932
    outer loop
      vertex 110.46930948927505 85.82230028315468 -247.29999961853025
      vertex 110.87506771087646 90.5 -241.41528873443605
      vertex 110.47966583473433 85.82391561211992 -247.29999961853025
    endloop
  endfacet
  facet normal -0.12182569374525458 0.7810600796451234 -0.6124570616200298
    outer loop
      vertex 110.47966583473433 85.82391561211992 -247.29999961853025
      vertex 110.87506771087646 90.5 -241.41528873443605
      vertex 110.5071347741316 85.82820007459051 -247.29999961853025
    endloop
  endfacet
  facet normal -0.3826829771898548 0.923879721050911 0
    outer loop
      vertex 110.48128700256348 91.91340827941895 -238.9000005722046
      vertex 110.48128700256348 91.91340827941895 -228
      vertex 110.52189467262724 91.93022850365665 -228
    endloop
  endfacet
  facet normal -0.3826829771901077 0.9238797210508061 1.1040838274853543e-15
    outer loop
      vertex 110.48128700256348 91.91340827941895 -238.9000005722046
      vertex 110.52189467262724 91.93022850365665 -228
      vertex 110.62913246248365 91.9746477887156 -228
    endloop
  endfacet
  facet normal -0.38268297719002803 0.9238797210508393 -1.615867985361867e-16
    outer loop
      vertex 110.48128700256348 91.91340827941895 -238.9000005722046
      vertex 110.62913246248365 91.9746477887156 -228
      vertex 110.78156757354736 92.03778839111328 -238.9000005722046
    endloop
  endfacet
  facet normal 0 0 -1
    outer loop
      vertex 110.48128700256348 91.91340827941895 -238.9000005722046
      vertex 110.78156757354736 92.03778839111328 -238.9000005722046
      vertex 110.68345165252686 91.85000038146973 -238.9000005722046
    endloop
  endfacet
  facet normal -0.3826829771900641 -0.9238797210508244 0
    outer loop
      vertex 110.48128700256348 95.08659076690674 -238.9000005722046
      vertex 110.57591760251435 95.04739354361311 -228
      vertex 110.48128700256348 95.08659076690674 -228
    endloop
  endfacet
  facet normal 0 0 -1
    outer loop
      vertex 110.48128700256348 95.08659076690674 -238.9000005722046
      vertex 110.68345165252686 95.14999961853027 -238.9000005722046
      vertex 110.78156757354736 94.9622106552124 -238.9000005722046
    endloop
  endfacet
  facet normal -0.38268297719002803 -0.9238797210508393 -3.6626341001535655e-16
    outer loop
      vertex 110.48128700256348 95.08659076690674 -238.9000005722046
      vertex 110.78156757354736 94.9622106552124 -238.9000005722046
      vertex 110.57591760251435 95.04739354361311 -228
    endloop
  endfacet
  facet normal 0 0 1
    outer loop
      vertex 110.48128700256348 95.08659076690674 -228
      vertex 110.57591760251435 95.04739354361311 -228
      vertex 110.62713146209717 95.56737613677979 -228
    endloop
  endfacet
  facet normal -0.38268297719002803 0 -0.9238797210508392
    outer loop
      vertex 110.48128700256348 96.5 -242.71340923309327
      vertex 110.48128700256348 100 -242.71340923309327
      vertex 110.78156757354736 96.5 -242.8377893447876
    endloop
  endfacet
  facet normal 0 -1 0
    outer loop
      vertex 110.48128700256348 96.5 -242.71340923309327
      vertex 110.78156757354736 96.5 -242.8377893447876
      vertex 111.4210319519043 96.5 -241.6414354324341
    endloop
  endfacet
  facet normal 0 -1 0
    outer loop
      vertex 110.48128700256348 96.5 -242.71340923309327
      vertex 111.4210319519043 96.5 -241.6414354324341
      vertex 110.87506771087646 96.5 -241.41528873443605
    endloop
  endfacet
  facet normal -0.38268297719002803 0 -0.9238797210508392
    outer loop
      vertex 110.48128700256348 100 -242.71340923309327
      vertex 110.78156757354736 100 -242.8377893447876
      vertex 110.78156757354736 96.5 -242.8377893447876
    endloop
  endfacet
  facet normal 0 1 0
    outer loop
      vertex 110.48128700256348 100 -242.71340923309327
      vertex 116.59849071502686 100 -228.9000009536743
      vertex 110.78156757354736 100 -242.8377893447876
    endloop
  endfacet
  facet normal -0.24572653911629078 0.7666081972220756 -0.5932371700474012
    outer loop
      vertex 110.5071347741316 85.82820007459051 -247.29999961853025
      vertex 110.87506771087646 90.5 -241.41528873443605
      vertex 110.78939681866663 85.91867559465254 -247.29999961853025
    endloop
  endfacet
  facet normal 0 0 1
    outer loop
      vertex 110.57591760251435 95.04739354361311 -228
      vertex 110.72869102483509 94.98411280829976 -228
      vertex 111.01840686798096 95.40530490875244 -228
    endloop
  endfacet
  facet normal -0.38268297718995475 -0.9238797210508696 1.2521278021830314e-15
    outer loop
      vertex 110.57591760251435 95.04739354361311 -228
      vertex 110.78156757354736 94.9622106552124 -238.9000005722046
      vertex 110.72869102483509 94.98411280829976 -228
    endloop
  endfacet
  facet normal 0 0 1
    outer loop
      vertex 110.57591760251435 95.04739354361311 -228
      vertex 111.01840686798096 95.40530490875244 -228
      vertex 110.62713146209717 95.56737613677979 -228
    endloop
  endfacet
  facet normal 0.2705975329035326 -0.6532816515718541 0.7071068228394296
    outer loop
      vertex 110.62713146209717 91.4326229095459 -228
      vertex 110.77297592163086 90.95183753967285 -228.5
      vertex 111.01840686798096 91.59469413757324 -228
    endloop
  endfacet
  facet normal 0.2705975329035326 0.6532816515718541 0.7071068228394296
    outer loop
      vertex 110.62713146209717 95.56737613677979 -228
      vertex 111.01840686798096 95.40530490875244 -228
      vertex 110.77297592163086 96.04816150665283 -228.5
    endloop
  endfacet
  facet normal -0.38268297718993477 0.9238797210508778 1.3668377852570674e-15
    outer loop
      vertex 110.62913246248365 91.9746477887156 -228
      vertex 110.72869102483509 92.01588623802593 -228
      vertex 110.78156757354736 92.03778839111328 -238.9000005722046
    endloop
  endfacet
  facet normal -0.7071067811865475 0.7071067811865475 0
    outer loop
      vertex 110.68345165252686 91.85000038146973 -239.10000038146973
      vertex 110.68345165252686 91.85000038146973 -238.9000005722046
      vertex 111.05181025154434 92.21835898048721 -239.10000038146973
    endloop
  endfacet
  facet normal 0 0 -1
    outer loop
      vertex 110.68345165252686 91.85000038146973 -239.10000038146973
      vertex 111.05181025154434 92.21835898048721 -239.10000038146973
      vertex 111.64999961853027 91.85000038146973 -239.10000038146973
    endloop
  endfacet
  facet normal 0 1 0
    outer loop
      vertex 110.68345165252686 91.85000038146973 -239.10000038146973
      vertex 111.64999961853027 91.85000038146973 -239.10000038146973
      vertex 111.64999961853027 91.85000038146973 -239.30000019073486
    endloop
  endfacet
  facet normal 0 0 -1
    outer loop
      vertex 110.68345165252686 91.85000038146973 -238.9000005722046
      vertex 110.78156757354736 92.03778839111328 -238.9000005722046
      vertex 111.05181025154434 92.21835898048721 -238.9000005722046
    endloop
  endfacet
  facet normal -0.7071067811865475 0.7071067811865475 0
    outer loop
      vertex 110.68345165252686 91.85000038146973 -238.9000005722046
      vertex 111.05181025154434 92.21835898048721 -238.9000005722046
      vertex 111.05181025154434 92.21835898048721 -239.10000038146973
    endloop
  endfacet
  facet normal -0.7071067811865476 -0.7071067811865476 0
    outer loop
      vertex 110.68345165252686 95.14999961853027 -239.10000038146973
      vertex 111.05181312561035 94.78163814544678 -238.9000005722046
      vertex 110.68345165252686 95.14999961853027 -238.9000005722046
    endloop
  endfacet
  facet normal -0.7071067811865475 -0.7071067811865475 0
    outer loop
      vertex 110.68345165252686 95.14999961853027 -239.10000038146973
      vertex 111.28163814544678 94.55181312561035 -238.9000005722046
      vertex 111.05181312561035 94.78163814544678 -238.9000005722046
    endloop
  endfacet
  facet normal -0.7071067811865475 -0.7071067811865475 0
    outer loop
      vertex 110.68345165252686 95.14999961853027 -239.10000038146973
      vertex 111.64999961853027 94.18345165252686 -239.10000038146973
      vertex 111.28163814544678 94.55181312561035 -238.9000005722046
    endloop
  endfacet
  facet normal 0 -1 0
    outer loop
      vertex 110.68345165252686 95.14999961853027 -239.10000038146973
      vertex 111.64999961853027 95.14999961853027 -239.30000019073486
      vertex 111.64999961853027 95.14999961853027 -239.10000038146973
    endloop
  endfacet
  facet normal 0 0 -1
    outer loop
      vertex 110.68345165252686 95.14999961853027 -239.10000038146973
      vertex 111.64999961853027 95.14999961853027 -239.10000038146973
      vertex 111.64999961853027 94.18345165252686 -239.10000038146973
    endloop
  endfacet
  facet normal 0 0 -1
    outer loop
      vertex 110.68345165252686 95.14999961853027 -238.9000005722046
      vertex 111.05181312561035 94.78163814544678 -238.9000005722046
      vertex 110.78156757354736 94.9622106552124 -238.9000005722046
    endloop
  endfacet
  facet normal -0.3826829771902541 0.9238797210507455 -4.492234293193202e-16
    outer loop
      vertex 110.72869102483509 92.01588623802593 -228
      vertex 110.77345040933318 92.03442615629305 -228
      vertex 110.78156757354736 92.03778839111328 -238.9000005722046
    endloop
  endfacet
  facet normal -0.3826829771901752 -0.9238797210507784 0
    outer loop
      vertex 110.72869102483509 94.98411280829976 -228
      vertex 110.78156757354736 94.9622106552124 -238.9000005722046
      vertex 110.78156757354736 94.9622106552124 -228
    endloop
  endfacet
  facet normal 0 0 1
    outer loop
      vertex 110.72869102483509 94.98411280829976 -228
      vertex 110.78156757354736 94.9622106552124 -228
      vertex 111.01840686798096 95.40530490875244 -228
    endloop
  endfacet
  facet normal 0 0 1
    outer loop
      vertex 110.7729739685926 96.04816189513662 -228.5000003814697
      vertex 110.77297592163086 96.04816150665283 -228.5000003814697
      vertex 116.55909442901611 99.59999942779541 -228.5000003814697
    endloop
  endfacet
  facet normal 0.19509047613734157 0.9807852497466024 0
    outer loop
      vertex 110.7729739685926 96.04816189513662 -228.5000003814697
      vertex 110.77297592163086 96.04816150665283 -228.5
      vertex 110.77297592163086 96.04816150665283 -228.5000003814697
    endloop
  endfacet
  facet normal 0.3826832114955591 -0.923879623998411 0
    outer loop
      vertex 110.77297592163086 90.95183753967285 -228.5000003814697
      vertex 111.25524336901839 91.15159912199599 -228.5000003814697
      vertex 110.77297592163086 90.95183753967285 -228.5
    endloop
  endfacet
  facet normal 0.382683211495547 -0.9238796239984157 -1.7841277152436006e-8
    outer loop
      vertex 110.77297592163086 90.95183753967285 -228.5
      vertex 111.25524336901839 91.15159912199599 -228.5000003814697
      vertex 111.25524520874023 91.1515998840332 -228.5
    endloop
  endfacet
  facet normal 0.270597945523892 -0.6532816717732237 0.7071066462729866
    outer loop
      vertex 110.77297592163086 90.95183753967285 -228.5
      vertex 111.25524520874023 91.1515998840332 -228.5
      vertex 111.01840686798096 91.59469413757324 -228
    endloop
  endfacet
  facet normal 0.38268320834126535 0.9238796253049613 0
    outer loop
      vertex 110.77297592163086 96.04816150665283 -228.5000003814697
      vertex 110.77297592163086 96.04816150665283 -228.5
      vertex 110.7729777613527 96.04816074461561 -228.5000003814697
    endloop
  endfacet
  facet normal 0 0 1
    outer loop
      vertex 110.77297592163086 96.04816150665283 -228.5000003814697
      vertex 110.7729777613527 96.04816074461561 -228.5000003814697
      vertex 116.55909442901611 99.59999942779541 -228.5000003814697
    endloop
  endfacet
  facet normal 0.270597945523892 0.6532816717732237 0.7071066462729866
    outer loop
      vertex 110.77297592163086 96.04816150665283 -228.5
      vertex 111.01840686798096 95.40530490875244 -228
      vertex 111.25524520874023 95.84839916229248 -228.5
    endloop
  endfacet
  facet normal 0.382683211495547 0.9238796239984157 1.7822220612508784e-8
    outer loop
      vertex 110.77297592163086 96.04816150665283 -228.5
      vertex 111.25524520874023 95.84839916229248 -228.5
      vertex 110.7729777613527 96.04816074461561 -228.5000003814697
    endloop
  endfacet
  facet normal 0 0 1
    outer loop
      vertex 110.7729777613527 96.04816074461561 -228.5000003814697
      vertex 111.25524520874023 95.84839916229248 -228.5000003814697
      vertex 116.55909442901611 99.59999942779541 -228.5000003814697
    endloop
  endfacet
  facet normal 0.3826832114955591 0.923879623998411 0
    outer loop
      vertex 110.7729777613527 96.04816074461561 -228.5000003814697
      vertex 111.25524520874023 95.84839916229248 -228.5
      vertex 111.25524520874023 95.84839916229248 -228.5000003814697
    endloop
  endfacet
  facet normal -0.38268297718973915 0.923879721050959 0
    outer loop
      vertex 110.77345040933318 92.03442615629305 -228
      vertex 110.78156757354736 92.03778839111328 -228
      vertex 110.78156757354736 92.03778839111328 -238.9000005722046
    endloop
  endfacet
  facet normal -0.5555706688216628 0.8314693211087528 0
    outer loop
      vertex 110.78156757354736 92.03778839111328 -238.9000005722046
      vertex 110.78156757354736 92.03778839111328 -228
      vertex 111.0042230897096 92.1865622194322 -228
    endloop
  endfacet
  facet normal -0.5555706688216906 0.8314693211087342 8.206728065021462e-16
    outer loop
      vertex 110.78156757354736 92.03778839111328 -238.9000005722046
      vertex 111.0042230897096 92.1865622194322 -228
      vertex 111.05181025154434 92.21835898048721 -238.9000005722046
    endloop
  endfacet
  facet normal -0.555570668821739 -0.8314693211087019 0
    outer loop
      vertex 110.78156757354736 94.9622106552124 -238.9000005722046
      vertex 110.91282459113566 94.87450742047147 -228
      vertex 110.78156757354736 94.9622106552124 -228
    endloop
  endfacet
  facet normal -0.5555706688216985 -0.831469321108729 -7.060844877021194e-16
    outer loop
      vertex 110.78156757354736 94.9622106552124 -238.9000005722046
      vertex 111.05181312561035 94.78163814544678 -238.9000005722046
      vertex 110.91282459113566 94.87450742047147 -228
    endloop
  endfacet
  facet normal 0 0 1
    outer loop
      vertex 110.78156757354736 94.9622106552124 -228
      vertex 110.91282459113566 94.87450742047147 -228
      vertex 111.01840686798096 95.40530490875244 -228
    endloop
  endfacet
  facet normal -0.5555706688216985 0 -0.8314693211087288
    outer loop
      vertex 110.78156757354736 96.5 -242.8377893447876
      vertex 110.78156757354736 100 -242.8377893447876
      vertex 111.05181312561035 96.5 -243.01836185455323
    endloop
  endfacet
  facet normal 0 -1 0
    outer loop
      vertex 110.78156757354736 96.5 -242.8377893447876
      vertex 111.05181312561035 96.5 -243.01836185455323
      vertex 111.4210319519043 96.5 -241.6414354324341
    endloop
  endfacet
  facet normal -0.5555706688216985 0 -0.8314693211087288
    outer loop
      vertex 110.78156757354736 100 -242.8377893447876
      vertex 111.05181312561035 100 -243.01836185455323
      vertex 111.05181312561035 96.5 -243.01836185455323
    endloop
  endfacet
  facet normal 0 1 0
    outer loop
      vertex 110.78156757354736 100 -242.8377893447876
      vertex 116.59849071502686 100 -228.9000009536743
      vertex 111.05181312561035 100 -243.01836185455323
    endloop
  endfacet
  facet normal -0.24572777996409786 0.766607957738789 -0.5932369655419992
    outer loop
      vertex 110.78939681866663 85.91867559465254 -247.29999961853025
      vertex 110.87506771087646 90.5 -241.41528873443605
      vertex 110.83706744023354 85.93395588999633 -247.29999961853025
    endloop
  endfacet
  facet normal -0.2457277799643582 0.7666079577387376 -0.5932369655419577
    outer loop
      vertex 110.83706744023354 85.93395588999633 -247.29999961853025
      vertex 110.87506771087646 90.5 -241.41528873443605
      vertex 111.4210319519043 90.5 -241.6414354324341
    endloop
  endfacet
  facet normal -0.3734431866860469 0.7403869671441464 -0.5588983138289673
    outer loop
      vertex 110.83706744023354 85.93395588999633 -247.29999961853025
      vertex 111.4210319519043 90.5 -241.6414354324341
      vertex 110.88520395614938 85.95823542853131 -247.29999961853025
    endloop
  endfacet
  facet normal 0.5000004251262818 -0.5000004251262818 -0.707106179966683
    outer loop
      vertex 110.84010887145996 77.74728965759277 -247.29999961853025
      vertex 111.60270977020264 78.50989055633545 -247.29999961853025
      vertex 111.09509372711182 77.43658924102783 -246.89999904632566
    endloop
  endfacet
  facet normal 0.5000004251262817 -0.5000004251262817 0.707106179966683
    outer loop
      vertex 110.84010887145996 77.74728965759277 -228.5000003814697
      vertex 111.09509372711182 77.43658924102783 -228.9000009536743
      vertex 111.91341018676758 78.2549057006836 -228.9000009536743
    endloop
  endfacet
  facet normal 0.5000004251262818 -0.5000004251262818 0.707106179966683
    outer loop
      vertex 110.84010887145996 77.74728965759277 -228.5000003814697
      vertex 111.91341018676758 78.2549057006836 -228.9000009536743
      vertex 111.60270977020264 78.50989055633545 -228.5000003814697
    endloop
  endfacet
  facet normal -0.38268473923082214 0 -0.9238789911886932
    outer loop
      vertex 110.87506771087646 90.5 -241.41528873443605
      vertex 110.87506771087646 90.61528873443604 -241.41528873443605
      vertex 111.4210319519043 90.5 -241.6414354324341
    endloop
  endfacet
  facet normal -0.38268473923082214 0.9238789911886932 0
    outer loop
      vertex 110.87506771087646 90.61528873443604 -241.41528873443605
      vertex 110.87506771087646 90.61528873443604 -239.5
      vertex 111.4210319519043 90.84143543243408 -241.6414354324341
    endloop
  endfacet
  facet normal -0.38268473923082214 0 -0.9238789911886933
    outer loop
      vertex 110.87506771087646 90.61528873443604 -241.41528873443605
      vertex 111.4210319519043 90.84143543243408 -241.6414354324341
      vertex 111.4210319519043 90.5 -241.6414354324341
    endloop
  endfacet
  facet normal -0.38268473923082214 0.9238789911886933 0
    outer loop
      vertex 110.87506771087646 90.61528873443604 -239.5
      vertex 111.4210319519043 90.84143543243408 -239.5
      vertex 111.4210319519043 90.84143543243408 -241.6414354324341
    endloop
  endfacet
  facet normal -0.38268473923082214 0 -0.9238789911886932
    outer loop
      vertex 110.87506771087646 96.38471126556396 -241.41528873443605
      vertex 110.87506771087646 96.5 -241.41528873443605
      vertex 111.4210319519043 96.15856456756592 -241.6414354324341
    endloop
  endfacet
  facet normal -0.38268473923082214 -0.9238789911886932 0
    outer loop
      vertex 110.87506771087646 96.38471126556396 -241.41528873443605
      vertex 111.4210319519043 96.15856456756592 -241.6414354324341
      vertex 110.87506771087646 96.38471126556396 -239.5
    endloop
  endfacet
  facet normal -0.38268473923082214 -0.9238789911886933 0
    outer loop
      vertex 110.87506771087646 96.38471126556396 -239.5
      vertex 111.4210319519043 96.15856456756592 -241.6414354324341
      vertex 111.4210319519043 96.15856456756592 -239.5
    endloop
  endfacet
  facet normal 0 0 -1
    outer loop
      vertex 110.87506771087646 96.38471126556396 -239.5
      vertex 111.4210319519043 96.15856456756592 -239.5
      vertex 112.50557356194443 95.14999961853027 -239.5
    endloop
  endfacet
  facet normal -0.38268473923082214 0 -0.9238789911886933
    outer loop
      vertex 110.87506771087646 96.5 -241.41528873443605
      vertex 111.4210319519043 96.5 -241.6414354324341
      vertex 111.4210319519043 96.15856456756592 -241.6414354324341
    endloop
  endfacet
  facet normal -0.37344318668595405 0.7403869671441716 -0.5588983138289961
    outer loop
      vertex 110.88520395614938 85.95823542853131 -247.29999961853025
      vertex 111.4210319519043 90.5 -241.6414354324341
      vertex 111.91238784790039 90.5 -241.96974830627443
    endloop
  endfacet
  facet normal -0.3734441052779079 0.7403867664996018 -0.5588979658447928
    outer loop
      vertex 110.88520395614938 85.95823542853131 -247.29999961853025
      vertex 111.91238784790039 90.5 -241.96974830627443
      vertex 111.15401897056933 86.09382318764258 -247.29999961853025
    endloop
  endfacet
  facet normal 0 0 1
    outer loop
      vertex 110.91282459113566 94.87450742047147 -228
      vertex 111.00422545767995 94.81343524466448 -228
      vertex 111.37054443359375 95.17001342773438 -228
    endloop
  endfacet
  facet normal -0.5555706688215746 -0.8314693211088117 1.5795173550442947e-15
    outer loop
      vertex 110.91282459113566 94.87450742047147 -228
      vertex 111.05181312561035 94.78163814544678 -238.9000005722046
      vertex 111.00422545767995 94.81343524466448 -228
    endloop
  endfacet
  facet normal 0 0 1
    outer loop
      vertex 110.91282459113566 94.87450742047147 -228
      vertex 111.37054443359375 95.17001342773438 -228
      vertex 111.01840686798096 95.40530490875244 -228
    endloop
  endfacet
  facet normal -0.5555706688218248 0.8314693211086446 -2.5373969612329417e-17
    outer loop
      vertex 111.0042230897096 92.1865622194322 -228
      vertex 111.05181075764 92.2183593186499 -228
      vertex 111.05181025154434 92.21835898048721 -238.9000005722046
    endloop
  endfacet
  facet normal -0.5555706688218248 -0.8314693211086446 0
    outer loop
      vertex 111.00422545767995 94.81343524466448 -228
      vertex 111.05181312561035 94.78163814544678 -238.9000005722046
      vertex 111.05181312561035 94.78163814544678 -228
    endloop
  endfacet
  facet normal 0 0 1
    outer loop
      vertex 111.00422545767995 94.81343524466448 -228
      vertex 111.05181312561035 94.78163814544678 -228
      vertex 111.37054443359375 95.17001342773438 -228
    endloop
  endfacet
  facet normal 0.39284808653958847 -0.587937651866761 0.7071065679369578
    outer loop
      vertex 111.01840686798096 91.59469413757324 -228
      vertex 111.25524520874023 91.1515998840332 -228.5
      vertex 111.68927574157715 91.44161033630371 -228.5
    endloop
  endfacet
  facet normal 0.39284829069608024 -0.5879373113820581 0.707106737616044
    outer loop
      vertex 111.01840686798096 91.59469413757324 -228
      vertex 111.68927574157715 91.44161033630371 -228.5
      vertex 111.37054443359375 91.82998561859131 -228
    endloop
  endfacet
  facet normal 0.39284829069608024 0.5879373113820581 0.707106737616044
    outer loop
      vertex 111.01840686798096 95.40530490875244 -228
      vertex 111.37054443359375 95.17001342773438 -228
      vertex 111.68927574157715 95.55838871002197 -228.5
    endloop
  endfacet
  facet normal 0.39284808653958847 0.587937651866761 0.7071065679369578
    outer loop
      vertex 111.01840686798096 95.40530490875244 -228
      vertex 111.68927574157715 95.55838871002197 -228.5
      vertex 111.25524520874023 95.84839916229248 -228.5
    endloop
  endfacet
  facet normal -0.555570669561837 0.8314693206141837 0
    outer loop
      vertex 111.05181025154434 92.21835898048721 -239.10000038146973
      vertex 111.05181025154434 92.21835898048721 -238.9000005722046
      vertex 111.05181312561035 92.2183609008789 -239.10000038146973
    endloop
  endfacet
  facet normal 0 0 -1
    outer loop
      vertex 111.05181025154434 92.21835898048721 -239.10000038146973
      vertex 111.05181312561035 92.2183609008789 -239.10000038146973
      vertex 111.64999961853027 91.85000038146973 -239.10000038146973
    endloop
  endfacet
  facet normal -0.5555706696393359 0.8314693205624005 2.9557876628647164e-17
    outer loop
      vertex 111.05181025154434 92.21835898048721 -238.9000005722046
      vertex 111.05181075764 92.2183593186499 -228
      vertex 111.05181312561035 92.2183609008789 -228
    endloop
  endfacet
  facet normal -0.555570669561837 0.8314693206141837 0
    outer loop
      vertex 111.05181025154434 92.21835898048721 -238.9000005722046
      vertex 111.05181312561035 92.2183609008789 -228
      vertex 111.05181312561035 92.2183609008789 -239.10000038146973
    endloop
  endfacet
  facet normal -0.7071067811865476 0.7071067811865476 0
    outer loop
      vertex 111.05181312561035 92.2183609008789 -239.10000038146973
      vertex 111.05181312561035 92.2183609008789 -228
      vertex 111.24055830982383 92.40710608509238 -228
    endloop
  endfacet
  facet normal -0.7071067811865476 0.7071067811865476 0
    outer loop
      vertex 111.05181312561035 92.2183609008789 -239.10000038146973
      vertex 111.24055830982383 92.40710608509238 -228
      vertex 111.28163814544678 92.44818592071533 -239.10000038146973
    endloop
  endfacet
  facet normal 0 0 -1
    outer loop
      vertex 111.05181312561035 92.2183609008789 -239.10000038146973
      vertex 111.28163814544678 92.44818592071533 -239.10000038146973
      vertex 111.64999961853027 91.85000038146973 -239.10000038146973
    endloop
  endfacet
  facet normal -0.7071067811865475 -0.7071067811865475 0
    outer loop
      vertex 111.05181312561035 94.78163814544678 -238.9000005722046
      vertex 111.09228312277622 94.7411681482809 -228
      vertex 111.05181312561035 94.78163814544678 -228
    endloop
  endfacet
  facet normal -0.7071067811865476 -0.7071067811865476 0
    outer loop
      vertex 111.05181312561035 94.78163814544678 -238.9000005722046
      vertex 111.20596930065668 94.62748197040045 -228
      vertex 111.09228312277622 94.7411681482809 -228
    endloop
  endfacet
  facet normal -0.7071067811865475 -0.7071067811865475 0
    outer loop
      vertex 111.05181312561035 94.78163814544678 -238.9000005722046
      vertex 111.28163814544678 94.55181312561035 -238.9000005722046
      vertex 111.20596930065668 94.62748197040045 -228
    endloop
  endfacet
  facet normal 0 0 1
    outer loop
      vertex 111.05181312561035 94.78163814544678 -228
      vertex 111.09228312277622 94.7411681482809 -228
      vertex 111.37054443359375 95.17001342773438 -228
    endloop
  endfacet
  facet normal -0.7071067811865475 0 -0.7071067811865475
    outer loop
      vertex 111.05181312561035 96.5 -243.01836185455323
      vertex 111.05181312561035 100 -243.01836185455323
      vertex 111.28163814544678 96.5 -243.24818687438966
    endloop
  endfacet
  facet normal 0 -1 0
    outer loop
      vertex 111.05181312561035 96.5 -243.01836185455323
      vertex 111.28163814544678 96.5 -243.24818687438966
      vertex 111.91238784790039 96.5 -241.96974830627443
    endloop
  endfacet
  facet normal 0 -1 0
    outer loop
      vertex 111.05181312561035 96.5 -243.01836185455323
      vertex 111.91238784790039 96.5 -241.96974830627443
      vertex 111.4210319519043 96.5 -241.6414354324341
    endloop
  endfacet
  facet normal -0.7071067811865475 0 -0.7071067811865475
    outer loop
      vertex 111.05181312561035 100 -243.01836185455323
      vertex 111.28163814544678 100 -243.24818687438966
      vertex 111.28163814544678 96.5 -243.24818687438966
    endloop
  endfacet
  facet normal 0 1 0
    outer loop
      vertex 111.05181312561035 100 -243.01836185455323
      vertex 116.59849071502686 100 -228.9000009536743
      vertex 111.28163814544678 100 -243.24818687438966
    endloop
  endfacet
  facet normal 0 0 1
    outer loop
      vertex 111.09228312277622 94.7411681482809 -228
      vertex 111.20596930065668 94.62748197040045 -228
      vertex 111.37054443359375 95.17001342773438 -228
    endloop
  endfacet
  facet normal 0.5000004251262817 -0.5000004251262817 -0.707106179966683
    outer loop
      vertex 111.09509372711182 77.43658924102783 -246.89999904632566
      vertex 111.60270977020264 78.50989055633545 -247.29999961853025
      vertex 111.91341018676758 78.2549057006836 -246.89999904632566
    endloop
  endfacet
  facet normal 0.7071067811865476 -0.7071067811865476 0
    outer loop
      vertex 111.09509372711182 77.43658924102783 -246.89999904632566
      vertex 111.91341018676758 78.2549057006836 -246.89999904632566
      vertex 111.09509372711182 77.43658924102783 -228.9000009536743
    endloop
  endfacet
  facet normal 0.7071067811865476 -0.7071067811865476 0
    outer loop
      vertex 111.09509372711182 77.43658924102783 -228.9000009536743
      vertex 111.91341018676758 78.2549057006836 -246.89999904632566
      vertex 111.91341018676758 78.2549057006836 -228.9000009536743
    endloop
  endfacet
  facet normal -0.5057557072914249 0.6988721836531675 -0.5057557072915774
    outer loop
      vertex 111.15401897056933 86.09382318764258 -247.29999961853025
      vertex 111.91238784790039 90.5 -241.96974830627443
      vertex 111.21491412872194 86.1378914371773 -247.29999961853025
    endloop
  endfacet
  facet normal -0.7071067811865476 -0.7071067811865476 0
    outer loop
      vertex 111.20596930065668 94.62748197040045 -228
      vertex 111.28163814544678 94.55181312561035 -238.9000005722046
      vertex 111.28163814544678 94.55181312561035 -228
    endloop
  endfacet
  facet normal 0 0 1
    outer loop
      vertex 111.20596930065668 94.62748197040045 -228
      vertex 111.28163814544678 94.55181312561035 -228
      vertex 111.67001342773438 94.87054443359375 -228
    endloop
  endfacet
  facet normal 0 0 1
    outer loop
      vertex 111.20596930065668 94.62748197040045 -228
      vertex 111.67001342773438 94.87054443359375 -228
      vertex 111.37054443359375 95.17001342773438 -228
    endloop
  endfacet
  facet normal -0.5057557072915057 0.6988721836531357 -0.5057557072915406
    outer loop
      vertex 111.21491412872194 86.1378914371773 -247.29999961853025
      vertex 111.91238784790039 90.5 -241.96974830627443
      vertex 111.45129406004139 86.30895347419968 -247.29999961853025
    endloop
  endfacet
  facet normal -0.7071067811865476 0.7071067811865476 0
    outer loop
      vertex 111.24055830982383 92.40710608509238 -228
      vertex 111.28163814544678 92.44818592071533 -228
      vertex 111.28163814544678 92.44818592071533 -239.10000038146973
    endloop
  endfacet
  facet normal 0 0 1
    outer loop
      vertex 111.24055830982383 92.40710608509238 -228
      vertex 112.14999961853027 93.2882432937622 -228
      vertex 111.28163814544678 92.44818592071533 -228
    endloop
  endfacet
  facet normal 0.38268320834126535 -0.9238796253049613 0
    outer loop
      vertex 111.25524336901839 91.15159912199599 -228.5000003814697
      vertex 111.25524520874023 91.1515998840332 -228.5000003814697
      vertex 111.25524520874023 91.1515998840332 -228.5
    endloop
  endfacet
  facet normal 0.5555709243873012 -0.8314691503450021 0
    outer loop
      vertex 111.25524520874023 91.1515998840332 -228.5000003814697
      vertex 111.6892740858726 91.4416092299953 -228.5000003814697
      vertex 111.25524520874023 91.1515998840332 -228.5
    endloop
  endfacet
  facet normal 0.5555709243873196 -0.8314691503449892 3.066470037537372e-8
    outer loop
      vertex 111.25524520874023 91.1515998840332 -228.5
      vertex 111.6892740858726 91.4416092299953 -228.5000003814697
      vertex 111.68927574157715 91.44161033630371 -228.5
    endloop
  endfacet
  facet normal 0.5555709292827 0.8314691470739952 0
    outer loop
      vertex 111.25524520874023 95.84839916229248 -228.5000003814697
      vertex 111.25524520874023 95.84839916229248 -228.5
      vertex 111.25524686444479 95.84839805598406 -228.5000003814697
    endloop
  endfacet
  facet normal 0 0 1
    outer loop
      vertex 111.25524520874023 95.84839916229248 -228.5000003814697
      vertex 111.25524686444479 95.84839805598406 -228.5000003814697
      vertex 116.55909442901611 99.59999942779541 -228.5000003814697
    endloop
  endfacet
  facet normal 0.5555709243873196 0.8314691503449892 -3.0733848403563925e-8
    outer loop
      vertex 111.25524520874023 95.84839916229248 -228.5
      vertex 111.68927574157715 95.55838871002197 -228.5
      vertex 111.25524686444479 95.84839805598406 -228.5000003814697
    endloop
  endfacet
  facet normal 0 0 1
    outer loop
      vertex 111.25524686444479 95.84839805598406 -228.5000003814697
      vertex 111.68927574157715 95.55838871002197 -228.5000003814697
      vertex 116.55909442901611 99.59999942779541 -228.5000003814697
    endloop
  endfacet
  facet normal 0.5555709243873012 0.8314691503450021 0
    outer loop
      vertex 111.25524686444479 95.84839805598406 -228.5000003814697
      vertex 111.68927574157715 95.55838871002197 -228.5
      vertex 111.68927574157715 95.55838871002197 -228.5000003814697
    endloop
  endfacet
  facet normal -0.8314693206141837 0.555570669561837 0
    outer loop
      vertex 111.28163814544678 92.44818592071533 -239.10000038146973
      vertex 111.28163814544678 92.44818592071533 -228
      vertex 111.28164006583847 92.44818879478134 -238.9000005722046
    endloop
  endfacet
  facet normal 0 0 -1
    outer loop
      vertex 111.28163814544678 92.44818592071533 -239.10000038146973
      vertex 111.28164006583847 92.44818879478134 -239.10000038146973
      vertex 111.64999961853027 91.85000038146973 -239.10000038146973
    endloop
  endfacet
  facet normal -0.8314693206141837 0.555570669561837 0
    outer loop
      vertex 111.28163814544678 92.44818592071533 -239.10000038146973
      vertex 111.28164006583847 92.44818879478134 -238.9000005722046
      vertex 111.28164006583847 92.44818879478134 -239.10000038146973
    endloop
  endfacet
  facet normal -0.8314693205624005 0.5555706696393359 2.9557876628647164e-17
    outer loop
      vertex 111.28163814544678 92.44818592071533 -228
      vertex 111.28163972767578 92.44818828868569 -228
      vertex 111.28164006583847 92.44818879478134 -238.9000005722046
    endloop
  endfacet
  facet normal 0 0 1
    outer loop
      vertex 111.28163814544678 92.44818592071533 -228
      vertex 112.14999961853027 93.2882432937622 -228
      vertex 111.28163972767578 92.44818828868569 -228
    endloop
  endfacet
  facet normal -0.8314693211087469 -0.5555706688216715 0
    outer loop
      vertex 111.28163814544678 94.55181312561035 -238.9000005722046
      vertex 111.4304135559947 94.32915524147776 -228
      vertex 111.28163814544678 94.55181312561035 -228
    endloop
  endfacet
  facet normal -0.831469321108729 -0.5555706688216985 -7.971605728010058e-16
    outer loop
      vertex 111.28163814544678 94.55181312561035 -238.9000005722046
      vertex 111.4622106552124 94.28156757354736 -238.9000005722046
      vertex 111.4304135559947 94.32915524147776 -228
    endloop
  endfacet
  facet normal -0.7071067811865476 -0.7071067811865476 0
    outer loop
      vertex 111.28163814544678 94.55181312561035 -238.9000005722046
      vertex 111.64999961853027 94.18345165252686 -239.10000038146973
      vertex 111.64999961853027 94.18345165252686 -238.9000005722046
    endloop
  endfacet
  facet normal 0 0 -1
    outer loop
      vertex 111.28163814544678 94.55181312561035 -238.9000005722046
      vertex 111.64999961853027 94.18345165252686 -238.9000005722046
      vertex 111.4622106552124 94.28156757354736 -238.9000005722046
    endloop
  endfacet
  facet normal 0 0 1
    outer loop
      vertex 111.28163814544678 94.55181312561035 -228
      vertex 111.4304135559947 94.32915524147776 -228
      vertex 111.67001342773438 94.87054443359375 -228
    endloop
  endfacet
  facet normal -0.8314693211087288 0 -0.5555706688216985
    outer loop
      vertex 111.28163814544678 96.5 -243.24818687438966
      vertex 111.28163814544678 100 -243.24818687438966
      vertex 111.4622106552124 96.5 -243.51843242645265
    endloop
  endfacet
  facet normal 0 -1 0
    outer loop
      vertex 111.28163814544678 96.5 -243.24818687438966
      vertex 111.4622106552124 96.5 -243.51843242645265
      vertex 112.65856456756592 96.5 -242.87896804809571
    endloop
  endfacet
  facet normal 0 -1 0
    outer loop
      vertex 111.28163814544678 96.5 -243.24818687438966
      vertex 112.33025169372559 96.5 -242.38761215209962
      vertex 111.91238784790039 96.5 -241.96974830627443
    endloop
  endfacet
  facet normal 0 -1 0
    outer loop
      vertex 111.28163814544678 96.5 -243.24818687438966
      vertex 112.65856456756592 96.5 -242.87896804809571
      vertex 112.33025169372559 96.5 -242.38761215209962
    endloop
  endfacet
  facet normal -0.8314693211087288 0 -0.5555706688216985
    outer loop
      vertex 111.28163814544678 100 -243.24818687438966
      vertex 111.4622106552124 100 -243.51843242645265
      vertex 111.4622106552124 96.5 -243.51843242645265
    endloop
  endfacet
  facet normal 0 1 0
    outer loop
      vertex 111.28163814544678 100 -243.24818687438966
      vertex 116.59849071502686 100 -246.89999904632566
      vertex 111.4622106552124 100 -243.51843242645265
    endloop
  endfacet
  facet normal 0 1 0
    outer loop
      vertex 111.28163814544678 100 -243.24818687438966
      vertex 116.59849071502686 100 -228.9000009536743
      vertex 116.59849071502686 100 -246.89999904632566
    endloop
  endfacet
  facet normal -0.8314693211086446 0.5555706688218248 -2.53465384543765e-17
    outer loop
      vertex 111.28163972767578 92.44818828868569 -228
      vertex 111.31343682689348 92.49577595661609 -228
      vertex 111.28164006583847 92.44818879478134 -238.9000005722046
    endloop
  endfacet
  facet normal 0 0 1
    outer loop
      vertex 111.28163972767578 92.44818828868569 -228
      vertex 112.14999961853027 93.2882432937622 -228
      vertex 111.31343682689348 92.49577595661609 -228
    endloop
  endfacet
  facet normal -0.7071067811865476 0.7071067811865476 0
    outer loop
      vertex 111.28164006583847 92.44818879478134 -239.10000038146973
      vertex 111.28164006583847 92.44818879478134 -238.9000005722046
      vertex 111.64999961853027 92.81654834747314 -239.10000038146973
    endloop
  endfacet
  facet normal 0 0 -1
    outer loop
      vertex 111.28164006583847 92.44818879478134 -239.10000038146973
      vertex 111.64999961853027 92.81654834747314 -239.10000038146973
      vertex 111.64999961853027 91.85000038146973 -239.10000038146973
    endloop
  endfacet
  facet normal -0.8314693211087342 0.5555706688216906 8.216521296602634e-16
    outer loop
      vertex 111.28164006583847 92.44818879478134 -238.9000005722046
      vertex 111.31343682689348 92.49577595661609 -228
      vertex 111.4622106552124 92.71843147277832 -238.9000005722046
    endloop
  endfacet
  facet normal 0 0 -1
    outer loop
      vertex 111.28164006583847 92.44818879478134 -238.9000005722046
      vertex 111.4622106552124 92.71843147277832 -238.9000005722046
      vertex 111.64999961853027 92.81654834747314 -238.9000005722046
    endloop
  endfacet
  facet normal -0.7071067811865476 0.7071067811865476 0
    outer loop
      vertex 111.28164006583847 92.44818879478134 -238.9000005722046
      vertex 111.64999961853027 92.81654834747314 -238.9000005722046
      vertex 111.64999961853027 92.81654834747314 -239.10000038146973
    endloop
  endfacet
  facet normal -0.8314693211087528 0.5555706688216628 0
    outer loop
      vertex 111.31343682689348 92.49577595661609 -228
      vertex 111.4622106552124 92.71843147277832 -228
      vertex 111.4622106552124 92.71843147277832 -238.9000005722046
    endloop
  endfacet
  facet normal 0 0 1
    outer loop
      vertex 111.31343682689348 92.49577595661609 -228
      vertex 112.14999961853027 93.2882432937622 -228
      vertex 111.4622106552124 92.71843147277832 -228
    endloop
  endfacet
  facet normal 0.5000000674988451 -0.5000000674988451 0.7071066857287525
    outer loop
      vertex 111.37054443359375 91.82998561859131 -228
      vertex 111.68927574157715 91.44161033630371 -228.5
      vertex 111.67001342773438 92.12945461273193 -228
    endloop
  endfacet
  facet normal 0.5000000674988451 0.5000000674988451 0.7071066857287525
    outer loop
      vertex 111.37054443359375 95.17001342773438 -228
      vertex 111.67001342773438 94.87054443359375 -228
      vertex 112.05838871002197 95.18927574157715 -228.5
    endloop
  endfacet
  facet normal 0.5000000674988451 0.5000000674988451 0.7071066857287526
    outer loop
      vertex 111.37054443359375 95.17001342773438 -228
      vertex 112.05838871002197 95.18927574157715 -228.5
      vertex 111.68927574157715 95.55838871002197 -228.5
    endloop
  endfacet
  facet normal -0.555569484901264 0 -0.8314701121787507
    outer loop
      vertex 111.4210319519043 90.5 -241.6414354324341
      vertex 111.4210319519043 90.84143543243408 -241.6414354324341
      vertex 111.91238784790039 90.5 -241.96974830627443
    endloop
  endfacet
  facet normal -0.555569484901264 0.8314701121787506 0
    outer loop
      vertex 111.4210319519043 90.84143543243408 -241.6414354324341
      vertex 111.4210319519043 90.84143543243408 -239.5
      vertex 111.91238784790039 91.16974830627441 -241.96974830627443
    endloop
  endfacet
  facet normal -0.555569484901264 0 -0.8314701121787506
    outer loop
      vertex 111.4210319519043 90.84143543243408 -241.6414354324341
      vertex 111.91238784790039 91.16974830627441 -241.96974830627443
      vertex 111.91238784790039 90.5 -241.96974830627443
    endloop
  endfacet
  facet normal -0.5555694849012641 0.8314701121787507 0
    outer loop
      vertex 111.4210319519043 90.84143543243408 -239.5
      vertex 111.91238784790039 91.16974830627441 -239.5
      vertex 111.91238784790039 91.16974830627441 -241.96974830627443
    endloop
  endfacet
  facet normal -0.555569484901264 0 -0.8314701121787507
    outer loop
      vertex 111.4210319519043 96.15856456756592 -241.6414354324341
      vertex 111.4210319519043 96.5 -241.6414354324341
      vertex 111.91238784790039 95.83025169372559 -241.96974830627443
    endloop
  endfacet
  facet normal -0.555569484901264 -0.8314701121787506 0
    outer loop
      vertex 111.4210319519043 96.15856456756592 -241.6414354324341
      vertex 111.91238784790039 95.83025169372559 -241.96974830627443
      vertex 111.4210319519043 96.15856456756592 -239.5
    endloop
  endfacet
  facet normal -0.5555694849012641 -0.8314701121787507 0
    outer loop
      vertex 111.4210319519043 96.15856456756592 -239.5
      vertex 111.91238784790039 95.83025169372559 -241.96974830627443
      vertex 111.91238784790039 95.83025169372559 -239.5
    endloop
  endfacet
  facet normal 0 0 -1
    outer loop
      vertex 111.4210319519043 96.15856456756592 -239.5
      vertex 111.91238784790039 95.83025169372559 -239.5
      vertex 112.50557356194443 95.14999961853027 -239.5
    endloop
  endfacet
  facet normal -0.555569484901264 0 -0.8314701121787506
    outer loop
      vertex 111.4210319519043 96.5 -241.6414354324341
      vertex 111.91238784790039 96.5 -241.96974830627443
      vertex 111.91238784790039 95.83025169372559 -241.96974830627443
    endloop
  endfacet
  facet normal 0 0 1
    outer loop
      vertex 111.4304135559947 94.32915524147776 -228
      vertex 111.43988881159058 94.31497453544023 -228
      vertex 111.67001342773438 94.87054443359375 -228
    endloop
  endfacet
  facet normal -0.8314693211088906 -0.5555706688214566 -2.325005026591778e-15
    outer loop
      vertex 111.4304135559947 94.32915524147776 -228
      vertex 111.4622106552124 94.28156757354736 -238.9000005722046
      vertex 111.43988881159058 94.31497453544023 -228
    endloop
  endfacet
  facet normal -0.8314693211085402 -0.555570668821981 0
    outer loop
      vertex 111.43988881159058 94.31497453544023 -228
      vertex 111.4622106552124 94.28156757354736 -238.9000005722046
      vertex 111.4622106552124 94.28156757354736 -228
    endloop
  endfacet
  facet normal 0 0 1
    outer loop
      vertex 111.43988881159058 94.31497453544023 -228
      vertex 111.4622106552124 94.28156757354736 -228
      vertex 111.90530490875244 94.51840686798096 -228
    endloop
  endfacet
  facet normal 0 0 1
    outer loop
      vertex 111.43988881159058 94.31497453544023 -228
      vertex 111.90530490875244 94.51840686798096 -228
      vertex 111.67001342773438 94.87054443359375 -228
    endloop
  endfacet
  facet normal 0 0 -1
    outer loop
      vertex 111.45129406004139 86.30895347419968 -247.29999961853025
      vertex 111.63472411496349 86.49369414634222 -247.29999961853025
      vertex 112.61459827423096 80.403000831604 -247.29999961853025
    endloop
  endfacet
  facet normal -0.5057557072915307 0.6988721836531251 -0.5057557072915303
    outer loop
      vertex 111.45129406004139 86.30895347419968 -247.29999961853025
      vertex 111.91238784790039 90.5 -241.96974830627443
      vertex 112.33025169372559 90.5 -242.38761215209962
    endloop
  endfacet
  facet normal -0.6411935875637659 0.6366447280854992 -0.4284323440965307
    outer loop
      vertex 111.45129406004139 86.30895347419968 -247.29999961853025
      vertex 112.33025169372559 90.5 -242.38761215209962
      vertex 111.63472411496349 86.49369414634222 -247.29999961853025
    endloop
  endfacet
  facet normal -0.9238797210508521 0.3826829771899966 0
    outer loop
      vertex 111.4622106552124 92.71843147277832 -238.9000005722046
      vertex 111.4622106552124 92.71843147277832 -228
      vertex 111.56468861381938 92.96583549504993 -228
    endloop
  endfacet
  facet normal -0.9238797210508393 0.38268297719002803 -8.363340966660815e-16
    outer loop
      vertex 111.4622106552124 92.71843147277832 -238.9000005722046
      vertex 111.56468861381938 92.96583549504993 -228
      vertex 111.58659076690674 93.0187120437622 -238.9000005722046
    endloop
  endfacet
  facet normal 0 0 -1
    outer loop
      vertex 111.4622106552124 92.71843147277832 -238.9000005722046
      vertex 111.58659076690674 93.0187120437622 -238.9000005722046
      vertex 111.64999961853027 92.81654834747314 -238.9000005722046
    endloop
  endfacet
  facet normal 0 0 1
    outer loop
      vertex 111.4622106552124 92.71843147277832 -228
      vertex 112.14999961853027 93.2882432937622 -228
      vertex 111.56468861381938 92.96583549504993 -228
    endloop
  endfacet
  facet normal -0.9238797210508521 -0.3826829771899966 0
    outer loop
      vertex 111.4622106552124 94.28156757354736 -238.9000005722046
      vertex 111.56468861381938 94.03416355127575 -228
      vertex 111.4622106552124 94.28156757354736 -228
    endloop
  endfacet
  facet normal -0.9238797210508393 -0.38268297719002803 -8.363340966660815e-16
    outer loop
      vertex 111.4622106552124 94.28156757354736 -238.9000005722046
      vertex 111.58659076690674 93.98128700256348 -238.9000005722046
      vertex 111.56468861381938 94.03416355127575 -228
    endloop
  endfacet
  facet normal 0 0 -1
    outer loop
      vertex 111.4622106552124 94.28156757354736 -238.9000005722046
      vertex 111.64999961853027 94.18345165252686 -238.9000005722046
      vertex 111.58659076690674 93.98128700256348 -238.9000005722046
    endloop
  endfacet
  facet normal 0 0 1
    outer loop
      vertex 111.4622106552124 94.28156757354736 -228
      vertex 111.56468861381938 94.03416355127575 -228
      vertex 111.90530490875244 94.51840686798096 -228
    endloop
  endfacet
  facet normal -0.9238797210508392 0 -0.38268297719002803
    outer loop
      vertex 111.4622106552124 96.5 -243.51843242645265
      vertex 111.4622106552124 100 -243.51843242645265
      vertex 111.58659076690674 96.5 -243.81871299743653
    endloop
  endfacet
  facet normal 0 -1 0
    outer loop
      vertex 111.4622106552124 96.5 -243.51843242645265
      vertex 111.58659076690674 96.5 -243.81871299743653
      vertex 112.65856456756592 96.5 -242.87896804809571
    endloop
  endfacet
  facet normal -0.9238797210508392 0 -0.38268297719002803
    outer loop
      vertex 111.4622106552124 100 -243.51843242645265
      vertex 111.58659076690674 100 -243.81871299743653
      vertex 111.58659076690674 96.5 -243.81871299743653
    endloop
  endfacet
  facet normal 0 1 0
    outer loop
      vertex 111.4622106552124 100 -243.51843242645265
      vertex 116.59849071502686 100 -246.89999904632566
      vertex 111.58659076690674 100 -243.81871299743653
    endloop
  endfacet
  facet normal -0.9238797210507784 0.3826829771901752 0
    outer loop
      vertex 111.56468861381938 92.96583549504993 -228
      vertex 111.58659076690674 93.0187120437622 -228
      vertex 111.58659076690674 93.0187120437622 -238.9000005722046
    endloop
  endfacet
  facet normal 0 0 1
    outer loop
      vertex 111.56468861381938 92.96583549504993 -228
      vertex 112.14999961853027 93.2882432937622 -228
      vertex 111.58659076690674 93.0187120437622 -228
    endloop
  endfacet
  facet normal -0.9238797210507784 -0.3826829771901752 0
    outer loop
      vertex 111.56468861381938 94.03416355127575 -228
      vertex 111.58659076690674 93.98128700256348 -238.9000005722046
      vertex 111.58659076690674 93.98128700256348 -228
    endloop
  endfacet
  facet normal 0 0 1
    outer loop
      vertex 111.56468861381938 94.03416355127575 -228
      vertex 111.58659076690674 93.98128700256348 -228
      vertex 111.90530490875244 94.51840686798096 -228
    endloop
  endfacet
  facet normal -0.9807851937998214 0.19509075740036136 0
    outer loop
      vertex 111.58659076690674 93.0187120437622 -238.9000005722046
      vertex 111.58659076690674 93.0187120437622 -228
      vertex 111.58830474143306 93.02732875559607 -228
    endloop
  endfacet
  facet normal -0.9807851937995754 0.19509075740159867 -1.0167691209446674e-15
    outer loop
      vertex 111.58659076690674 93.0187120437622 -238.9000005722046
      vertex 111.58830474143306 93.02732875559607 -228
      vertex 111.63883392365807 93.28135551955532 -228
    endloop
  endfacet
  facet normal -0.9807851937995943 0.19509075740150308 1.3759316538629727e-15
    outer loop
      vertex 111.58659076690674 93.0187120437622 -238.9000005722046
      vertex 111.63883392365807 93.28135551955532 -228
      vertex 111.64999961853027 93.3374891281128 -238.9000005722046
    endloop
  endfacet
  facet normal 0 0 -1
    outer loop
      vertex 111.58659076690674 93.0187120437622 -238.9000005722046
      vertex 111.64999961853027 93.3374891281128 -238.9000005722046
      vertex 111.64999961853027 92.81654834747314 -238.9000005722046
    endloop
  endfacet
  facet normal 0 0 1
    outer loop
      vertex 111.58659076690674 93.0187120437622 -228
      vertex 112.14999961853027 93.2882432937622 -228
      vertex 111.58830474143306 93.02732875559607 -228
    endloop
  endfacet
  facet normal -0.9807851937996132 -0.19509075740140855 0
    outer loop
      vertex 111.58659076690674 93.98128700256348 -238.9000005722046
      vertex 111.59516580883621 93.93817745563945 -228
      vertex 111.58659076690674 93.98128700256348 -228
    endloop
  endfacet
  facet normal -0.9807851937995775 -0.1950907574015874 -7.351848095795873e-16
    outer loop
      vertex 111.58659076690674 93.98128700256348 -238.9000005722046
      vertex 111.63883392365807 93.71864352677036 -228
      vertex 111.59516580883621 93.93817745563945 -228
    endloop
  endfacet
  facet normal -0.9807851937995943 -0.19509075740150308 1.3759316538629727e-15
    outer loop
      vertex 111.58659076690674 93.98128700256348 -238.9000005722046
      vertex 111.64999961853027 93.66250991821289 -238.9000005722046
      vertex 111.63883392365807 93.71864352677036 -228
    endloop
  endfacet
  facet normal 0 0 -1
    outer loop
      vertex 111.58659076690674 93.98128700256348 -238.9000005722046
      vertex 111.64999961853027 94.18345165252686 -238.9000005722046
      vertex 111.64999961853027 93.66250991821289 -238.9000005722046
    endloop
  endfacet
  facet normal 0 0 1
    outer loop
      vertex 111.58659076690674 93.98128700256348 -228
      vertex 111.59516580883621 93.93817745563945 -228
      vertex 111.90530490875244 94.51840686798096 -228
    endloop
  endfacet
  facet normal -0.9807851937995944 0 -0.1950907574015031
    outer loop
      vertex 111.58659076690674 96.5 -243.81871299743653
      vertex 111.58659076690674 100 -243.81871299743653
      vertex 111.64999961853027 96.5 -244.13749008178712
    endloop
  endfacet
  facet normal 0 -1 0
    outer loop
      vertex 111.58659076690674 96.5 -243.81871299743653
      vertex 111.64999961853027 96.5 -244.13749008178712
      vertex 112.88471126556396 96.5 -243.42493228912355
    endloop
  endfacet
  facet normal 0 -1 0
    outer loop
      vertex 111.58659076690674 96.5 -243.81871299743653
      vertex 112.88471126556396 96.5 -243.42493228912355
      vertex 112.65856456756592 96.5 -242.87896804809571
    endloop
  endfacet
  facet normal -0.9807851937995944 0 -0.1950907574015031
    outer loop
      vertex 111.58659076690674 100 -243.81871299743653
      vertex 111.64999961853027 100 -244.13749008178712
      vertex 111.64999961853027 96.5 -244.13749008178712
    endloop
  endfacet
  facet normal 0 1 0
    outer loop
      vertex 111.58659076690674 100 -243.81871299743653
      vertex 116.59849071502686 100 -246.89999904632566
      vertex 111.64999961853027 100 -244.13749008178712
    endloop
  endfacet
  facet normal 0 0 1
    outer loop
      vertex 111.58830474143306 93.02732875559607 -228
      vertex 112.14999961853027 93.2882432937622 -228
      vertex 112.14999961853027 93.71175575256348 -228
    endloop
  endfacet
  facet normal 0 0 1
    outer loop
      vertex 111.58830474143306 93.02732875559607 -228
      vertex 112.14999961853027 93.71175575256348 -228
      vertex 111.63883392365807 93.28135551955532 -228
    endloop
  endfacet
  facet normal 0 0 1
    outer loop
      vertex 111.59516580883621 93.93817745563945 -228
      vertex 111.63883392365807 93.71864352677036 -228
      vertex 112.06737613677979 94.12713146209717 -228
    endloop
  endfacet
  facet normal 0 0 1
    outer loop
      vertex 111.59516580883621 93.93817745563945 -228
      vertex 112.06737613677979 94.12713146209717 -228
      vertex 111.90530490875244 94.51840686798096 -228
    endloop
  endfacet
  facet normal 0.5879377954836976 -0.39284746648946234 -0.7071067930055407
    outer loop
      vertex 111.60270977020264 78.50989055633545 -247.29999961853025
      vertex 112.2018814086914 79.40661430358887 -247.29999961853025
      vertex 112.55635738372803 79.21714305877686 -246.89999904632566
    endloop
  endfacet
  facet normal 0.5879380308681691 -0.39284809070622023 -0.7071062504937552
    outer loop
      vertex 111.60270977020264 78.50989055633545 -247.29999961853025
      vertex 112.55635738372803 79.21714305877686 -246.89999904632566
      vertex 111.91341018676758 78.2549057006836 -246.89999904632566
    endloop
  endfacet
  facet normal 0.5879380308681691 -0.39284809070622023 0.7071062504937552
    outer loop
      vertex 111.60270977020264 78.50989055633545 -228.5000003814697
      vertex 111.91341018676758 78.2549057006836 -228.9000009536743
      vertex 112.55635738372803 79.21714305877686 -228.9000009536743
    endloop
  endfacet
  facet normal 0.5879377954836976 -0.39284746648946234 0.7071067930055407
    outer loop
      vertex 111.60270977020264 78.50989055633545 -228.5000003814697
      vertex 112.55635738372803 79.21714305877686 -228.9000009536743
      vertex 112.2018814086914 79.40661430358887 -228.5000003814697
    endloop
  endfacet
  facet normal 0 0 -1
    outer loop
      vertex 111.63472411496349 86.49369414634222 -247.29999961853025
      vertex 111.72068838722248 86.58027285797729 -247.29999961853025
      vertex 112.61459827423096 80.403000831604 -247.29999961853025
    endloop
  endfacet
  facet normal -0.6411946113540831 0.6366441253338434 -0.42843170756655236
    outer loop
      vertex 111.63472411496349 86.49369414634222 -247.29999961853025
      vertex 112.33025169372559 90.5 -242.38761215209962
      vertex 111.72068838722248 86.58027285797729 -247.29999961853025
    endloop
  endfacet
  facet normal -0.9807851937996456 0.19509075740124598 0
    outer loop
      vertex 111.63883392365807 93.28135551955532 -228
      vertex 111.64999961853027 93.3374891281128 -228
      vertex 111.64999961853027 93.3374891281128 -238.9000005722046
    endloop
  endfacet
  facet normal 0 0 1
    outer loop
      vertex 111.63883392365807 93.28135551955532 -228
      vertex 112.14999961853027 93.71175575256348 -228
      vertex 111.64999961853027 93.3374891281128 -228
    endloop
  endfacet
  facet normal -0.9807851937996456 -0.19509075740124598 0
    outer loop
      vertex 111.63883392365807 93.71864352677036 -228
      vertex 111.64999961853027 93.66250991821289 -238.9000005722046
      vertex 111.64999961853027 93.66250991821289 -228
    endloop
  endfacet
  facet normal 0 0 1
    outer loop
      vertex 111.63883392365807 93.71864352677036 -228
      vertex 111.64999961853027 93.66250991821289 -228
      vertex 112.06737613677979 94.12713146209717 -228
    endloop
  endfacet
  facet normal -1 0 0
    outer loop
      vertex 111.64999961853027 91.85000038146973 -239.30000019073486
      vertex 111.64999961853027 91.85000038146973 -239.10000038146973
      vertex 111.64999961853027 92.81654834747314 -239.10000038146973
    endloop
  endfacet
  facet normal -1 0 0
    outer loop
      vertex 111.64999961853027 91.85000038146973 -239.30000019073486
      vertex 111.64999961853027 92.81654834747314 -239.10000038146973
      vertex 111.64999961853027 95.14999961853027 -239.30000019073486
    endloop
  endfacet
  facet normal 0 0 -1
    outer loop
      vertex 111.64999961853027 91.85000038146973 -239.30000019073486
      vertex 111.64999961853027 95.14999961853027 -239.30000019073486
      vertex 113 93.2045259475708 -239.30000019073486
    endloop
  endfacet
  facet normal 0 1 0
    outer loop
      vertex 111.64999961853027 91.85000038146973 -239.30000019073486
      vertex 112.50557356194443 91.85000038146973 -239.30000019073486
      vertex 112.50557356194443 91.85000038146973 -239.5
    endloop
  endfacet
  facet normal 0 0 -1
    outer loop
      vertex 111.64999961853027 91.85000038146973 -239.30000019073486
      vertex 112.65856456756592 92.0789680480957 -239.30000019073486
      vertex 112.50557356194443 91.85000038146973 -239.30000019073486
    endloop
  endfacet
  facet normal 0 0 -1
    outer loop
      vertex 111.64999961853027 91.85000038146973 -239.30000019073486
      vertex 112.88471126556396 92.62493228912354 -239.30000019073486
      vertex 112.65856456756592 92.0789680480957 -239.30000019073486
    endloop
  endfacet
  facet normal 0 0 -1
    outer loop
      vertex 111.64999961853027 91.85000038146973 -239.30000019073486
      vertex 113 93.2045259475708 -239.30000019073486
      vertex 112.88471126556396 92.62493228912354 -239.30000019073486
    endloop
  endfacet
  facet normal -1 0 0
    outer loop
      vertex 111.64999961853027 92.81654834747314 -239.10000038146973
      vertex 111.64999961853027 92.81654834747314 -238.9000005722046
      vertex 111.64999961853027 93.3374891281128 -238.9000005722046
    endloop
  endfacet
  facet normal -1 0 0
    outer loop
      vertex 111.64999961853027 92.81654834747314 -239.10000038146973
      vertex 111.64999961853027 93.3374891281128 -238.9000005722046
      vertex 111.64999961853027 93.66250991821289 -238.9000005722046
    endloop
  endfacet
  facet normal -1 0 0
    outer loop
      vertex 111.64999961853027 92.81654834747314 -239.10000038146973
      vertex 111.64999961853027 93.66250991821289 -238.9000005722046
      vertex 111.64999961853027 94.18345165252686 -239.10000038146973
    endloop
  endfacet
  facet normal -1 0 0
    outer loop
      vertex 111.64999961853027 92.81654834747314 -239.10000038146973
      vertex 111.64999961853027 94.18345165252686 -239.10000038146973
      vertex 111.64999961853027 95.14999961853027 -239.30000019073486
    endloop
  endfacet
  facet normal -1 0 0
    outer loop
      vertex 111.64999961853027 93.3374891281128 -238.9000005722046
      vertex 111.64999961853027 93.3374891281128 -228
      vertex 111.64999961853027 93.3947221937884 -228
    endloop
  endfacet
  facet normal -1 0 0
    outer loop
      vertex 111.64999961853027 93.3374891281128 -238.9000005722046
      vertex 111.64999961853027 93.3947221937884 -228
      vertex 111.64999961853027 93.5024833880324 -228
    endloop
  endfacet
  facet normal -1 0 0
    outer loop
      vertex 111.64999961853027 93.3374891281128 -238.9000005722046
      vertex 111.64999961853027 93.5024833880324 -228
      vertex 111.64999961853027 93.66250991821289 -238.9000005722046
    endloop
  endfacet
  facet normal 0 0 1
    outer loop
      vertex 111.64999961853027 93.3374891281128 -228
      vertex 112.14999961853027 93.71175575256348 -228
      vertex 111.64999961853027 93.3947221937884 -228
    endloop
  endfacet
  facet normal 0 0 1
    outer loop
      vertex 111.64999961853027 93.3947221937884 -228
      vertex 112.14999961853027 93.71175575256348 -228
      vertex 111.64999961853027 93.5024833880324 -228
    endloop
  endfacet
  facet normal -1 0 0
    outer loop
      vertex 111.64999961853027 93.5024833880324 -228
      vertex 111.64999961853027 93.66250991821289 -228
      vertex 111.64999961853027 93.66250991821289 -238.9000005722046
    endloop
  endfacet
  facet normal 0 0 1
    outer loop
      vertex 111.64999961853027 93.5024833880324 -228
      vertex 112.06737613677979 94.12713146209717 -228
      vertex 111.64999961853027 93.66250991821289 -228
    endloop
  endfacet
  facet normal 0 0 1
    outer loop
      vertex 111.64999961853027 93.5024833880324 -228
      vertex 112.14999961853027 93.71175575256348 -228
      vertex 112.06737613677979 94.12713146209717 -228
    endloop
  endfacet
  facet normal -1 0 0
    outer loop
      vertex 111.64999961853027 93.66250991821289 -238.9000005722046
      vertex 111.64999961853027 94.18345165252686 -238.9000005722046
      vertex 111.64999961853027 94.18345165252686 -239.10000038146973
    endloop
  endfacet
  facet normal -1 0 0
    outer loop
      vertex 111.64999961853027 94.18345165252686 -239.10000038146973
      vertex 111.64999961853027 95.14999961853027 -239.10000038146973
      vertex 111.64999961853027 95.14999961853027 -239.30000019073486
    endloop
  endfacet
  facet normal 0 -1 0
    outer loop
      vertex 111.64999961853027 95.14999961853027 -239.30000019073486
      vertex 112.50557356194443 95.14999961853027 -239.5
      vertex 112.50557356194443 95.14999961853027 -239.30000019073486
    endloop
  endfacet
  facet normal 0 0 -1
    outer loop
      vertex 111.64999961853027 95.14999961853027 -239.30000019073486
      vertex 112.50557356194443 95.14999961853027 -239.30000019073486
      vertex 112.65856456756592 94.9210319519043 -239.30000019073486
    endloop
  endfacet
  facet normal 0 0 -1
    outer loop
      vertex 111.64999961853027 95.14999961853027 -239.30000019073486
      vertex 112.65856456756592 94.9210319519043 -239.30000019073486
      vertex 112.88471126556396 94.37506771087646 -239.30000019073486
    endloop
  endfacet
  facet normal 0 0 -1
    outer loop
      vertex 111.64999961853027 95.14999961853027 -239.30000019073486
      vertex 112.88471126556396 94.37506771087646 -239.30000019073486
      vertex 113 93.7954740524292 -239.30000019073486
    endloop
  endfacet
  facet normal 0 0 -1
    outer loop
      vertex 111.64999961853027 95.14999961853027 -239.30000019073486
      vertex 113 93.7954740524292 -239.30000019073486
      vertex 113 93.2045259475708 -239.30000019073486
    endloop
  endfacet
  facet normal -1 0 0
    outer loop
      vertex 111.64999961853027 96.5 -247.29999961853025
      vertex 111.64999961853027 96.5 -244.13749008178712
      vertex 111.64999961853027 99.59999942779541 -247.29999961853025
    endloop
  endfacet
  facet normal 0 0 -1
    outer loop
      vertex 111.64999961853027 96.5 -247.29999961853025
      vertex 111.64999961853027 99.59999942779541 -247.29999961853025
      vertex 111.88297429600595 96.5 -247.29999961853025
    endloop
  endfacet
  facet normal 0 -1 0
    outer loop
      vertex 111.64999961853027 96.5 -247.29999961853025
      vertex 111.88297429600595 96.5 -247.29999961853025
      vertex 111.64999961853027 96.5 -244.13749008178712
    endloop
  endfacet
  facet normal -1 0 0
    outer loop
      vertex 111.64999961853027 96.5 -244.13749008178712
      vertex 111.64999961853027 100 -246.89999904632566
      vertex 111.64999961853027 99.59999942779541 -247.29999961853025
    endloop
  endfacet
  facet normal -1 0 0
    outer loop
      vertex 111.64999961853027 96.5 -244.13749008178712
      vertex 111.64999961853027 100 -244.13749008178712
      vertex 111.64999961853027 100 -246.89999904632566
    endloop
  endfacet
  facet normal 0 -1 0
    outer loop
      vertex 111.64999961853027 96.5 -244.13749008178712
      vertex 111.88297429600595 96.5 -247.29999961853025
      vertex 113.0163963518805 96.5 -247.29999961853025
    endloop
  endfacet
  facet normal 0 -1 0
    outer loop
      vertex 111.64999961853027 96.5 -244.13749008178712
      vertex 113 96.5 -244.0045259475708
      vertex 112.88471126556396 96.5 -243.42493228912355
    endloop
  endfacet
  facet normal 0 -1 0
    outer loop
      vertex 111.64999961853027 96.5 -244.13749008178712
      vertex 113.0163963518805 96.5 -247.29999961853025
      vertex 113 96.5 -244.0045259475708
    endloop
  endfacet
  facet normal 0 0.7071067811865476 -0.7071067811865476
    outer loop
      vertex 111.64999961853027 99.59999942779541 -247.29999961853025
      vertex 111.64999961853027 100 -246.89999904632566
      vertex 116.55909442901611 99.59999942779541 -247.29999961853025
    endloop
  endfacet
  facet normal 0 0 -1
    outer loop
      vertex 111.64999961853027 99.59999942779541 -247.29999961853025
      vertex 113.0163963518805 96.5 -247.29999961853025
      vertex 111.88297429600595 96.5 -247.29999961853025
    endloop
  endfacet
  facet normal 0 0 -1
    outer loop
      vertex 111.64999961853027 99.59999942779541 -247.29999961853025
      vertex 113.04855923886194 96.49360228717765 -247.29999961853025
      vertex 113.0163963518805 96.5 -247.29999961853025
    endloop
  endfacet
  facet normal 0 0 -1
    outer loop
      vertex 111.64999961853027 99.59999942779541 -247.29999961853025
      vertex 113.07885585504835 96.48105294572966 -247.29999961853025
      vertex 113.04855923886194 96.49360228717765 -247.29999961853025
    endloop
  endfacet
  facet normal 0 0 -1
    outer loop
      vertex 111.64999961853027 99.59999942779541 -247.29999961853025
      vertex 116.55909442901611 99.59999942779541 -247.29999961853025
      vertex 113.07885585504835 96.48105294572966 -247.29999961853025
    endloop
  endfacet
  facet normal 0 1 0
    outer loop
      vertex 111.64999961853027 100 -246.89999904632566
      vertex 111.64999961853027 100 -244.13749008178712
      vertex 116.59849071502686 100 -246.89999904632566
    endloop
  endfacet
  facet normal 0 0.7071067811865476 -0.7071067811865476
    outer loop
      vertex 111.64999961853027 100 -246.89999904632566
      vertex 116.59849071502686 100 -246.89999904632566
      vertex 116.55909442901611 99.59999942779541 -247.29999961853025
    endloop
  endfacet
  facet normal 0.5000000674988451 -0.5000000674988451 0.7071066857287526
    outer loop
      vertex 111.67001342773438 92.12945461273193 -228
      vertex 111.68927574157715 91.44161033630371 -228.5
      vertex 112.05838871002197 91.81072330474854 -228.5
    endloop
  endfacet
  facet normal 0.5879373113820581 -0.39284829069608024 0.707106737616044
    outer loop
      vertex 111.67001342773438 92.12945461273193 -228
      vertex 112.05838871002197 91.81072330474854 -228.5
      vertex 111.90530490875244 92.48159217834473 -228
    endloop
  endfacet
  facet normal 0.5879373113820581 0.39284829069608024 0.707106737616044
    outer loop
      vertex 111.67001342773438 94.87054443359375 -228
      vertex 111.90530490875244 94.51840686798096 -228
      vertex 112.05838871002197 95.18927574157715 -228.5
    endloop
  endfacet
  facet normal 0.5555709292827 -0.8314691470739952 0
    outer loop
      vertex 111.6892740858726 91.4416092299953 -228.5000003814697
      vertex 111.68927574157715 91.44161033630371 -228.5000003814697
      vertex 111.68927574157715 91.44161033630371 -228.5
    endloop
  endfacet
  facet normal 0.7071067811865476 -0.7071067811865476 0
    outer loop
      vertex 111.68927574157715 91.44161033630371 -228.5000003814697
      vertex 111.68927714963942 91.44161174436599 -228.5000003814697
      vertex 111.68927574157715 91.44161033630371 -228.5
    endloop
  endfacet
  facet normal 0.7071067811865476 -0.7071067811865476 0
    outer loop
      vertex 111.68927574157715 91.44161033630371 -228.5
      vertex 111.68927714963942 91.44161174436599 -228.5000003814697
      vertex 112.05838871002197 91.81072330474854 -228.5
    endloop
  endfacet
  facet normal 0.7071067811865476 0.7071067811865476 0
    outer loop
      vertex 111.68927574157715 95.55838871002197 -228.5000003814697
      vertex 111.68927574157715 95.55838871002197 -228.5
      vertex 112.0583873019597 95.18927714963942 -228.5000003814697
    endloop
  endfacet
  facet normal 0 0 1
    outer loop
      vertex 111.68927574157715 95.55838871002197 -228.5000003814697
      vertex 112.0583873019597 95.18927714963942 -228.5000003814697
      vertex 116.55909442901611 99.59999942779541 -228.5000003814697
    endloop
  endfacet
  facet normal 0.7071067811865476 0.7071067811865476 0
    outer loop
      vertex 111.68927574157715 95.55838871002197 -228.5
      vertex 112.05838871002197 95.18927574157715 -228.5
      vertex 112.0583873019597 95.18927714963942 -228.5000003814697
    endloop
  endfacet
  facet normal 0.7071067811865476 -0.7071067811865476 0
    outer loop
      vertex 111.68927714963942 91.44161174436599 -228.5000003814697
      vertex 112.05838871002197 91.81072330474854 -228.5000003814697
      vertex 112.05838871002197 91.81072330474854 -228.5
    endloop
  endfacet
  facet normal 0 0 -1
    outer loop
      vertex 111.72068838722248 86.58027285797729 -247.29999961853025
      vertex 111.8024914707864 86.69606562238985 -247.29999961853025
      vertex 112.61459827423096 80.403000831604 -247.29999961853025
    endloop
  endfacet
  facet normal -0.6411946113539325 0.6366441253339339 -0.4284317075666433
    outer loop
      vertex 111.72068838722248 86.58027285797729 -247.29999961853025
      vertex 112.33025169372559 90.5 -242.38761215209962
      vertex 112.65856456756592 90.5 -242.87896804809571
    endloop
  endfacet
  facet normal -0.7736700119181206 0.5465677666209737 -0.3204658938944608
    outer loop
      vertex 111.72068838722248 86.58027285797729 -247.29999961853025
      vertex 112.65856456756592 90.5 -242.87896804809571
      vertex 111.8024914707864 86.69606562238985 -247.29999961853025
    endloop
  endfacet
  facet normal 0 0 -1
    outer loop
      vertex 111.8024914707864 86.69606562238985 -247.29999961853025
      vertex 111.95209915257331 86.90783689204758 -247.29999961853025
      vertex 112.61459827423096 80.403000831604 -247.29999961853025
    endloop
  endfacet
  facet normal -0.7736700119181237 0.5465677666209711 -0.3204658938944579
    outer loop
      vertex 111.8024914707864 86.69606562238985 -247.29999961853025
      vertex 112.65856456756592 90.5 -242.87896804809571
      vertex 112.88471126556396 90.5 -243.42493228912355
    endloop
  endfacet
  facet normal -0.7736711852134693 0.5465668344539187 -0.3204646511636008
    outer loop
      vertex 111.8024914707864 86.69606562238985 -247.29999961853025
      vertex 112.88471126556396 90.5 -243.42493228912355
      vertex 111.95209915257331 86.90783689204758 -247.29999961853025
    endloop
  endfacet
  facet normal 0.587937651866761 -0.39284808653958847 0.7071065679369578
    outer loop
      vertex 111.90530490875244 92.48159217834473 -228
      vertex 112.05838871002197 91.81072330474854 -228.5
      vertex 112.34839916229248 92.24475383758545 -228.5
    endloop
  endfacet
  facet normal 0.6532816717732237 -0.270597945523892 0.7071066462729866
    outer loop
      vertex 111.90530490875244 92.48159217834473 -228
      vertex 112.34839916229248 92.24475383758545 -228.5
      vertex 112.54816150665283 92.72702312469482 -228.5
    endloop
  endfacet
  facet normal 0.6532816515718541 -0.2705975329035326 0.7071068228394296
    outer loop
      vertex 111.90530490875244 92.48159217834473 -228
      vertex 112.54816150665283 92.72702312469482 -228.5
      vertex 112.06737613677979 92.87286758422852 -228
    endloop
  endfacet
  facet normal 0.6532816515718541 0.2705975329035326 0.7071068228394296
    outer loop
      vertex 111.90530490875244 94.51840686798096 -228
      vertex 112.06737613677979 94.12713146209717 -228
      vertex 112.54816150665283 94.27297592163086 -228.5
    endloop
  endfacet
  facet normal 0.587937651866761 0.39284808653958847 0.7071065679369578
    outer loop
      vertex 111.90530490875244 94.51840686798096 -228
      vertex 112.34839916229248 94.75524520874023 -228.5
      vertex 112.05838871002197 95.18927574157715 -228.5
    endloop
  endfacet
  facet normal 0.6532816717732237 0.270597945523892 0.7071066462729866
    outer loop
      vertex 111.90530490875244 94.51840686798096 -228
      vertex 112.54816150665283 94.27297592163086 -228.5
      vertex 112.34839916229248 94.75524520874023 -228.5
    endloop
  endfacet
  facet normal -0.7071067811865476 0 -0.7071067811865476
    outer loop
      vertex 111.91238784790039 90.5 -241.96974830627443
      vertex 111.91238784790039 91.16974830627441 -241.96974830627443
      vertex 112.33025169372559 90.5 -242.38761215209962
    endloop
  endfacet
  facet normal -0.7071067811865475 0.7071067811865475 0
    outer loop
      vertex 111.91238784790039 91.16974830627441 -241.96974830627443
      vertex 111.91238784790039 91.16974830627441 -239.5
      vertex 112.33025169372559 91.58761215209961 -242.38761215209962
    endloop
  endfacet
  facet normal -0.7071067811865475 0 -0.7071067811865475
    outer loop
      vertex 111.91238784790039 91.16974830627441 -241.96974830627443
      vertex 112.33025169372559 91.58761215209961 -242.38761215209962
      vertex 112.33025169372559 90.5 -242.38761215209962
    endloop
  endfacet
  facet normal -0.7071067811865476 0.7071067811865476 0
    outer loop
      vertex 111.91238784790039 91.16974830627441 -239.5
      vertex 112.33025169372559 91.58761215209961 -239.5
      vertex 112.33025169372559 91.58761215209961 -242.38761215209962
    endloop
  endfacet
  facet normal -0.7071067811865476 0 -0.7071067811865476
    outer loop
      vertex 111.91238784790039 95.83025169372559 -241.96974830627443
      vertex 111.91238784790039 96.5 -241.96974830627443
      vertex 112.33025169372559 95.41238784790039 -242.38761215209962
    endloop
  endfacet
  facet normal -0.7071067811865475 -0.7071067811865475 0
    outer loop
      vertex 111.91238784790039 95.83025169372559 -241.96974830627443
      vertex 112.33025169372559 95.41238784790039 -242.38761215209962
      vertex 111.91238784790039 95.83025169372559 -239.5
    endloop
  endfacet
  facet normal -0.7071067811865476 -0.7071067811865476 0
    outer loop
      vertex 111.91238784790039 95.83025169372559 -239.5
      vertex 112.33025169372559 95.41238784790039 -242.38761215209962
      vertex 112.33025169372559 95.41238784790039 -239.5
    endloop
  endfacet
  facet normal 0 0 -1
    outer loop
      vertex 111.91238784790039 95.83025169372559 -239.5
      vertex 112.33025169372559 95.41238784790039 -239.5
      vertex 112.50557356194443 95.14999961853027 -239.5
    endloop
  endfacet
  facet normal -0.7071067811865475 0 -0.7071067811865475
    outer loop
      vertex 111.91238784790039 96.5 -241.96974830627443
      vertex 112.33025169372559 96.5 -242.38761215209962
      vertex 112.33025169372559 95.41238784790039 -242.38761215209962
    endloop
  endfacet
  facet normal 0.8314693130606823 -0.5555706808664379 0
    outer loop
      vertex 111.91341018676758 78.2549057006836 -246.89999904632566
      vertex 112.55635738372803 79.21714305877686 -246.89999904632566
      vertex 112.55635738372803 79.21714305877686 -228.9000009536743
    endloop
  endfacet
  facet normal 0.8314693130606823 -0.5555706808664379 0
    outer loop
      vertex 111.91341018676758 78.2549057006836 -246.89999904632566
      vertex 112.55635738372803 79.21714305877686 -228.9000009536743
      vertex 111.91341018676758 78.2549057006836 -228.9000009536743
    endloop
  endfacet
  facet normal 0 0 -1
    outer loop
      vertex 111.95209915257331 86.90783689204758 -247.29999961853025
      vertex 112.03247343977111 87.07733040942622 -247.29999961853025
      vertex 112.61459827423096 80.403000831604 -247.29999961853025
    endloop
  endfacet
  facet normal -0.8893072060162264 0.4217118972387778 -0.17689479657379298
    outer loop
      vertex 111.95209915257331 86.90783689204758 -247.29999961853025
      vertex 112.88471126556396 90.5 -243.42493228912355
      vertex 112.03247343977111 87.07733040942622 -247.29999961853025
    endloop
  endfacet
  facet normal 0 0 -1
    outer loop
      vertex 112.03247343977111 87.07733040942622 -247.29999961853025
      vertex 112.13327048014224 87.28989157427435 -247.29999961853025
      vertex 112.61459827423096 80.403000831604 -247.29999961853025
    endloop
  endfacet
  facet normal -0.889307206016259 0.42171189723872965 -0.17689479657374363
    outer loop
      vertex 112.03247343977111 87.07733040942622 -247.29999961853025
      vertex 112.88471126556396 90.5 -243.42493228912355
      vertex 113 90.5 -244.0045259475708
    endloop
  endfacet
  facet normal -0.8893073016628162 0.4217117649505659 -0.17689463109851447
    outer loop
      vertex 112.03247343977111 87.07733040942622 -247.29999961853025
      vertex 113 90.5 -244.0045259475708
      vertex 112.13327048014224 87.28989157427435 -247.29999961853025
    endloop
  endfacet
  facet normal 0 0 1
    outer loop
      vertex 112.0583873019597 95.18927714963942 -228.5000003814697
      vertex 112.05838871002197 95.18927574157715 -228.5000003814697
      vertex 116.55909442901611 99.59999942779541 -228.5000003814697
    endloop
  endfacet
  facet normal 0.7071067811865476 0.7071067811865476 0
    outer loop
      vertex 112.0583873019597 95.18927714963942 -228.5000003814697
      vertex 112.05838871002197 95.18927574157715 -228.5
      vertex 112.05838871002197 95.18927574157715 -228.5000003814697
    endloop
  endfacet
  facet normal 0.8314691503450021 -0.5555709243873012 0
    outer loop
      vertex 112.05838871002197 91.81072330474854 -228.5000003814697
      vertex 112.34839805598406 92.2447521818809 -228.5000003814697
      vertex 112.05838871002197 91.81072330474854 -228.5
    endloop
  endfacet
  facet normal 0.8314691503449892 -0.5555709243873196 -3.066470037537372e-8
    outer loop
      vertex 112.05838871002197 91.81072330474854 -228.5
      vertex 112.34839805598406 92.2447521818809 -228.5000003814697
      vertex 112.34839916229248 92.24475383758545 -228.5
    endloop
  endfacet
  facet normal 0.8314691470739952 0.5555709292827 0
    outer loop
      vertex 112.05838871002197 95.18927574157715 -228.5000003814697
      vertex 112.05838871002197 95.18927574157715 -228.5
      vertex 112.05838981633039 95.1892740858726 -228.5000003814697
    endloop
  endfacet
  facet normal 0 0 1
    outer loop
      vertex 112.05838871002197 95.18927574157715 -228.5000003814697
      vertex 112.05838981633039 95.1892740858726 -228.5000003814697
      vertex 116.55909442901611 99.59999942779541 -228.5000003814697
    endloop
  endfacet
  facet normal 0.8314691503449892 0.5555709243873196 3.0733848403563925e-8
    outer loop
      vertex 112.05838871002197 95.18927574157715 -228.5
      vertex 112.34839916229248 94.75524520874023 -228.5
      vertex 112.05838981633039 95.1892740858726 -228.5000003814697
    endloop
  endfacet
  facet normal 0 0 1
    outer loop
      vertex 112.05838981633039 95.1892740858726 -228.5000003814697
      vertex 112.34839916229248 94.75524520874023 -228.5000003814697
      vertex 116.55909442901611 99.59999942779541 -228.5000003814697
    endloop
  endfacet
  facet normal 0.8314691503450021 0.5555709243873012 0
    outer loop
      vertex 112.05838981633039 95.1892740858726 -228.5000003814697
      vertex 112.34839916229248 94.75524520874023 -228.5
      vertex 112.34839916229248 94.75524520874023 -228.5000003814697
    endloop
  endfacet
  facet normal 0.6935198373218242 -0.1379498663677001 0.7071068304084215
    outer loop
      vertex 112.06737613677979 92.87286758422852 -228
      vertex 112.54816150665283 92.72702312469482 -228.5
      vertex 112.14999961853027 93.2882432937622 -228
    endloop
  endfacet
  facet normal 0.6935198373218242 0.1379498663677001 0.7071068304084215
    outer loop
      vertex 112.06737613677979 94.12713146209717 -228
      vertex 112.14999961853027 93.71175575256348 -228
      vertex 112.54816150665283 94.27297592163086 -228.5
    endloop
  endfacet
  facet normal 0 0 -1
    outer loop
      vertex 112.13327048014224 87.28989157427435 -247.29999961853025
      vertex 112.73655691785942 89.24522565582348 -247.29999961853025
      vertex 112.61459827423096 80.403000831604 -247.29999961853025
    endloop
  endfacet
  facet normal -0.9549386993018377 0.2946307598155588 -0.03584405036014548
    outer loop
      vertex 112.13327048014224 87.28989157427435 -247.29999961853025
      vertex 113 90.5 -244.0045259475708
      vertex 112.73655691785942 89.24522565582348 -247.29999961853025
    endloop
  endfacet
  facet normal 0.6935198881491378 -0.13794979781092026 0.7071067939325246
    outer loop
      vertex 112.14999961853027 93.2882432937622 -228
      vertex 112.54816150665283 92.72702312469482 -228.5
      vertex 112.64999961853027 93.23899745941162 -228.5
    endloop
  endfacet
  facet normal 0.7071067811865476 0 0.7071067811865476
    outer loop
      vertex 112.14999961853027 93.2882432937622 -228
      vertex 112.64999961853027 93.23899745941162 -228.5
      vertex 112.14999961853027 93.71175575256348 -228
    endloop
  endfacet
  facet normal 0.7071067811865476 0 0.7071067811865476
    outer loop
      vertex 112.14999961853027 93.71175575256348 -228
      vertex 112.64999961853027 93.23899745941162 -228.5
      vertex 112.64999961853027 93.76100158691406 -228.5
    endloop
  endfacet
  facet normal 0.6935198881491378 0.13794979781092026 0.7071067939325246
    outer loop
      vertex 112.14999961853027 93.71175575256348 -228
      vertex 112.64999961853027 93.76100158691406 -228.5
      vertex 112.54816150665283 94.27297592163086 -228.5
    endloop
  endfacet
  facet normal 0.6532814425883142 -0.27059806783749396 -0.7071068112048885
    outer loop
      vertex 112.2018814086914 79.40661430358887 -247.29999961853025
      vertex 112.61459827423096 80.403000831604 -247.29999961853025
      vertex 112.55635738372803 79.21714305877686 -246.89999904632566
    endloop
  endfacet
  facet normal 0.6532814425883142 -0.27059806783749396 0.7071068112048885
    outer loop
      vertex 112.2018814086914 79.40661430358887 -228.5000003814697
      vertex 112.55635738372803 79.21714305877686 -228.9000009536743
      vertex 112.61459827423096 80.403000831604 -228.5000003814697
    endloop
  endfacet
  facet normal -0.8314701121787506 0 -0.555569484901264
    outer loop
      vertex 112.33025169372559 90.5 -242.38761215209962
      vertex 112.33025169372559 91.58761215209961 -242.38761215209962
      vertex 112.65856456756592 90.5 -242.87896804809571
    endloop
  endfacet
  facet normal -0.8314701121787503 0.5555694849012645 0
    outer loop
      vertex 112.33025169372559 91.58761215209961 -242.38761215209962
      vertex 112.33025169372559 91.58761215209961 -239.5
      vertex 112.50557356194443 91.85000038146973 -239.5
    endloop
  endfacet
  facet normal -0.8314701121787507 0.5555694849012641 5.218649718733122e-17
    outer loop
      vertex 112.33025169372559 91.58761215209961 -242.38761215209962
      vertex 112.50557356194443 91.85000038146973 -239.5
      vertex 112.65856456756592 92.0789680480957 -242.87896804809571
    endloop
  endfacet
  facet normal -0.8314701121787507 0 -0.555569484901264
    outer loop
      vertex 112.33025169372559 91.58761215209961 -242.38761215209962
      vertex 112.65856456756592 92.0789680480957 -242.87896804809571
      vertex 112.65856456756592 90.5 -242.87896804809571
    endloop
  endfacet
  facet normal -0.8314701121787506 0 -0.555569484901264
    outer loop
      vertex 112.33025169372559 95.41238784790039 -242.38761215209962
      vertex 112.33025169372559 96.5 -242.38761215209962
      vertex 112.65856456756592 94.9210319519043 -242.87896804809571
    endloop
  endfacet
  facet normal -0.8314701121787503 -0.5555694849012645 0
    outer loop
      vertex 112.33025169372559 95.41238784790039 -242.38761215209962
      vertex 112.50557356194443 95.14999961853027 -239.5
      vertex 112.33025169372559 95.41238784790039 -239.5
    endloop
  endfacet
  facet normal -0.8314701121787507 -0.5555694849012641 5.218649718733122e-17
    outer loop
      vertex 112.33025169372559 95.41238784790039 -242.38761215209962
      vertex 112.65856456756592 94.9210319519043 -242.87896804809571
      vertex 112.50557356194443 95.14999961853027 -239.5
    endloop
  endfacet
  facet normal -0.8314701121787507 0 -0.555569484901264
    outer loop
      vertex 112.33025169372559 96.5 -242.38761215209962
      vertex 112.65856456756592 96.5 -242.87896804809571
      vertex 112.65856456756592 94.9210319519043 -242.87896804809571
    endloop
  endfacet
  facet normal 0.8314691470739952 -0.5555709292827 0
    outer loop
      vertex 112.34839805598406 92.2447521818809 -228.5000003814697
      vertex 112.34839916229248 92.24475383758545 -228.5000003814697
      vertex 112.34839916229248 92.24475383758545 -228.5
    endloop
  endfacet
  facet normal 0.923879623998411 -0.3826832114955591 0
    outer loop
      vertex 112.34839916229248 92.24475383758545 -228.5000003814697
      vertex 112.54816074461561 92.72702128497298 -228.5000003814697
      vertex 112.34839916229248 92.24475383758545 -228.5
    endloop
  endfacet
  facet normal 0 0 1
    outer loop
      vertex 112.34839916229248 92.24475383758545 -228.5000003814697
      vertex 116.55909442901611 99.59999942779541 -228.5000003814697
      vertex 112.54816074461561 92.72702128497298 -228.5000003814697
    endloop
  endfacet
  facet normal 0.9238796239984157 -0.382683211495547 1.7841277152436006e-8
    outer loop
      vertex 112.34839916229248 92.24475383758545 -228.5
      vertex 112.54816074461561 92.72702128497298 -228.5000003814697
      vertex 112.54816150665283 92.72702312469482 -228.5
    endloop
  endfacet
  facet normal 0.9238796253049613 0.38268320834126535 0
    outer loop
      vertex 112.34839916229248 94.75524520874023 -228.5000003814697
      vertex 112.34839916229248 94.75524520874023 -228.5
      vertex 112.3483999243297 94.75524336901839 -228.5000003814697
    endloop
  endfacet
  facet normal 0 0 1
    outer loop
      vertex 112.34839916229248 94.75524520874023 -228.5000003814697
      vertex 112.3483999243297 94.75524336901839 -228.5000003814697
      vertex 116.55909442901611 99.59999942779541 -228.5000003814697
    endloop
  endfacet
  facet normal 0.9238796239984157 0.382683211495547 -1.7822220612508784e-8
    outer loop
      vertex 112.34839916229248 94.75524520874023 -228.5
      vertex 112.54816150665283 94.27297592163086 -228.5
      vertex 112.3483999243297 94.75524336901839 -228.5000003814697
    endloop
  endfacet
  facet normal 0 0 1
    outer loop
      vertex 112.3483999243297 94.75524336901839 -228.5000003814697
      vertex 112.54816150665283 94.27297592163086 -228.5000003814697
      vertex 116.55909442901611 99.59999942779541 -228.5000003814697
    endloop
  endfacet
  facet normal 0.923879623998411 0.3826832114955591 0
    outer loop
      vertex 112.3483999243297 94.75524336901839 -228.5000003814697
      vertex 112.54816150665283 94.27297592163086 -228.5
      vertex 112.54816150665283 94.27297592163086 -228.5000003814697
    endloop
  endfacet
  facet normal -0.8314701121787509 0.5555694849012635 0
    outer loop
      vertex 112.50557356194443 91.85000038146973 -239.5
      vertex 112.50557356194443 91.85000038146973 -239.30000019073486
      vertex 112.65856456756592 92.0789680480957 -239.30000019073486
    endloop
  endfacet
  facet normal -0.8314701121787509 0.5555694849012635 0
    outer loop
      vertex 112.50557356194443 91.85000038146973 -239.5
      vertex 112.65856456756592 92.0789680480957 -239.30000019073486
      vertex 112.65856456756592 92.0789680480957 -242.87896804809571
    endloop
  endfacet
  facet normal -0.8314701121787509 -0.5555694849012635 0
    outer loop
      vertex 112.50557356194443 95.14999961853027 -239.5
      vertex 112.65856456756592 94.9210319519043 -242.87896804809571
      vertex 112.65856456756592 94.9210319519043 -239.30000019073486
    endloop
  endfacet
  facet normal -0.8314701121787509 -0.5555694849012635 0
    outer loop
      vertex 112.50557356194443 95.14999961853027 -239.5
      vertex 112.65856456756592 94.9210319519043 -239.30000019073486
      vertex 112.50557356194443 95.14999961853027 -239.30000019073486
    endloop
  endfacet
  facet normal 0.9238796253049613 -0.38268320834126535 0
    outer loop
      vertex 112.54816074461561 92.72702128497298 -228.5000003814697
      vertex 112.54816150665283 92.72702312469482 -228.5000003814697
      vertex 112.54816150665283 92.72702312469482 -228.5
    endloop
  endfacet
  facet normal 0 0 1
    outer loop
      vertex 112.54816074461561 92.72702128497298 -228.5000003814697
      vertex 116.55909442901611 99.59999942779541 -228.5000003814697
      vertex 112.54816150665283 92.72702312469482 -228.5000003814697
    endloop
  endfacet
  facet normal 0.9807852492751584 -0.1950904785074488 0
    outer loop
      vertex 112.54816150665283 92.72702312469482 -228.5000003814697
      vertex 112.64999923004649 93.23899550637336 -228.5000003814697
      vertex 112.54816150665283 92.72702312469482 -228.5
    endloop
  endfacet
  facet normal 0 0 1
    outer loop
      vertex 112.54816150665283 92.72702312469482 -228.5000003814697
      vertex 116.55909442901611 99.59999942779541 -228.5000003814697
      vertex 112.64999923004649 93.23899550637336 -228.5000003814697
    endloop
  endfacet
  facet normal 0.9807852492751602 -0.19509047850743974 1.261433907645403e-8
    outer loop
      vertex 112.54816150665283 92.72702312469482 -228.5
      vertex 112.64999923004649 93.23899550637336 -228.5000003814697
      vertex 112.64999961853027 93.23899745941162 -228.5
    endloop
  endfacet
  facet normal 0.9807852497466024 0.19509047613734157 0
    outer loop
      vertex 112.54816150665283 94.27297592163086 -228.5000003814697
      vertex 112.54816150665283 94.27297592163086 -228.5
      vertex 112.54816189513662 94.2729739685926 -228.5000003814697
    endloop
  endfacet
  facet normal 0 0 1
    outer loop
      vertex 112.54816150665283 94.27297592163086 -228.5000003814697
      vertex 112.54816189513662 94.2729739685926 -228.5000003814697
      vertex 116.55909442901611 99.59999942779541 -228.5000003814697
    endloop
  endfacet
  facet normal 0.9807852492751602 0.19509047850743974 -1.2614475194581149e-8
    outer loop
      vertex 112.54816150665283 94.27297592163086 -228.5
      vertex 112.64999961853027 93.76100158691406 -228.5
      vertex 112.54816189513662 94.2729739685926 -228.5000003814697
    endloop
  endfacet
  facet normal 0 0 1
    outer loop
      vertex 112.54816189513662 94.2729739685926 -228.5000003814697
      vertex 112.64999961853027 93.76100158691406 -228.5000003814697
      vertex 116.55909442901611 99.59999942779541 -228.5000003814697
    endloop
  endfacet
  facet normal 0.9807852492751584 0.1950904785074488 0
    outer loop
      vertex 112.54816189513662 94.2729739685926 -228.5000003814697
      vertex 112.64999961853027 93.76100158691406 -228.5
      vertex 112.64999961853027 93.76100158691406 -228.5000003814697
    endloop
  endfacet
  facet normal 0.6532821216357904 -0.27059790995377975 -0.707106244265801
    outer loop
      vertex 112.55635738372803 79.21714305877686 -246.89999904632566
      vertex 112.61459827423096 80.403000831604 -247.29999961853025
      vertex 112.9992265701294 80.28632545471191 -246.89999904632566
    endloop
  endfacet
  facet normal 0.923879734952821 -0.3826829436276265 0
    outer loop
      vertex 112.55635738372803 79.21714305877686 -246.89999904632566
      vertex 112.9992265701294 80.28632545471191 -246.89999904632566
      vertex 112.55635738372803 79.21714305877686 -228.9000009536743
    endloop
  endfacet
  facet normal 0.923879734952821 -0.3826829436276265 0
    outer loop
      vertex 112.55635738372803 79.21714305877686 -228.9000009536743
      vertex 112.9992265701294 80.28632545471191 -246.89999904632566
      vertex 112.9992265701294 80.28632545471191 -228.9000009536743
    endloop
  endfacet
  facet normal 0.6532821216357904 -0.27059790995377975 0.707106244265801
    outer loop
      vertex 112.55635738372803 79.21714305877686 -228.9000009536743
      vertex 112.9992265701294 80.28632545471191 -228.9000009536743
      vertex 112.61459827423096 80.403000831604 -228.5000003814697
    endloop
  endfacet
  facet normal 0 0 -1
    outer loop
      vertex 112.61459827423096 80.403000831604 -247.29999961853025
      vertex 112.73655691785942 89.24522565582348 -247.29999961853025
      vertex 117.07694149017334 95.82498550415039 -247.29999961853025
    endloop
  endfacet
  facet normal 0.677631426789594 -0.1960722996714421 -0.7087815620687741
    outer loop
      vertex 112.61459827423096 80.403000831604 -247.29999961853025
      vertex 117.07694149017334 95.82498550415039 -247.29999961853025
      vertex 117.46156978607178 95.7083101272583 -246.89999904632566
    endloop
  endfacet
  facet normal 0.677631426789594 -0.1960722996714421 -0.7087815620687741
    outer loop
      vertex 112.61459827423096 80.403000831604 -247.29999961853025
      vertex 117.46156978607178 95.7083101272583 -246.89999904632566
      vertex 112.9992265701294 80.28632545471191 -246.89999904632566
    endloop
  endfacet
  facet normal 0.677631426789594 -0.1960722996714421 0.7087815620687741
    outer loop
      vertex 112.61459827423096 80.403000831604 -228.5000003814697
      vertex 112.9992265701294 80.28632545471191 -228.9000009536743
      vertex 117.07694149017334 95.82498550415039 -228.5000003814697
    endloop
  endfacet
  facet normal 0.9807852497466024 -0.19509047613734157 0
    outer loop
      vertex 112.64999923004649 93.23899550637336 -228.5000003814697
      vertex 112.64999961853027 93.23899745941162 -228.5000003814697
      vertex 112.64999961853027 93.23899745941162 -228.5
    endloop
  endfacet
  facet normal 0 0 1
    outer loop
      vertex 112.64999923004649 93.23899550637336 -228.5000003814697
      vertex 116.55909442901611 99.59999942779541 -228.5000003814697
      vertex 112.64999961853027 93.23899745941162 -228.5000003814697
    endloop
  endfacet
  facet normal 1 0 0
    outer loop
      vertex 112.64999961853027 93.23899745941162 -228.5000003814697
      vertex 112.64999961853027 93.23899945071074 -228.5000003814697
      vertex 112.64999961853027 93.23899745941162 -228.5
    endloop
  endfacet
  facet normal 0 0 1
    outer loop
      vertex 112.64999961853027 93.23899745941162 -228.5000003814697
      vertex 116.55909442901611 99.59999942779541 -228.5000003814697
      vertex 112.64999961853027 93.23899945071074 -228.5000003814697
    endloop
  endfacet
  facet normal 1 0 0
    outer loop
      vertex 112.64999961853027 93.23899745941162 -228.5
      vertex 112.64999961853027 93.23899945071074 -228.5000003814697
      vertex 112.64999961853027 93.76100158691406 -228.5
    endloop
  endfacet
  facet normal 1 0 0
    outer loop
      vertex 112.64999961853027 93.23899945071074 -228.5000003814697
      vertex 112.64999961853027 93.76100158691406 -228.5000003814697
      vertex 112.64999961853027 93.76100158691406 -228.5
    endloop
  endfacet
  facet normal 0 0 1
    outer loop
      vertex 112.64999961853027 93.23899945071074 -228.5000003814697
      vertex 116.55909442901611 99.59999942779541 -228.5000003814697
      vertex 112.64999961853027 93.76100158691406 -228.5000003814697
    endloop
  endfacet
  facet normal -0.9238789911886932 0 -0.38268473923082214
    outer loop
      vertex 112.65856456756592 90.5 -242.87896804809571
      vertex 112.65856456756592 92.0789680480957 -242.87896804809571
      vertex 112.88471126556396 90.5 -243.42493228912355
    endloop
  endfacet
  facet normal -0.9238789911886932 0.38268473923082214 0
    outer loop
      vertex 112.65856456756592 92.0789680480957 -242.87896804809571
      vertex 112.65856456756592 92.0789680480957 -239.30000019073486
      vertex 112.88471126556396 92.62493228912354 -243.42493228912355
    endloop
  endfacet
  facet normal -0.9238789911886932 0 -0.38268473923082214
    outer loop
      vertex 112.65856456756592 92.0789680480957 -242.87896804809571
      vertex 112.88471126556396 92.62493228912354 -243.42493228912355
      vertex 112.88471126556396 90.5 -243.42493228912355
    endloop
  endfacet
  facet normal -0.9238789911886933 0.38268473923082214 0
    outer loop
      vertex 112.65856456756592 92.0789680480957 -239.30000019073486
      vertex 112.88471126556396 92.62493228912354 -239.30000019073486
      vertex 112.88471126556396 92.62493228912354 -243.42493228912355
    endloop
  endfacet
  facet normal -0.9238789911886932 0 -0.38268473923082214
    outer loop
      vertex 112.65856456756592 94.9210319519043 -242.87896804809571
      vertex 112.65856456756592 96.5 -242.87896804809571
      vertex 112.88471126556396 94.37506771087646 -243.42493228912355
    endloop
  endfacet
  facet normal -0.9238789911886932 -0.38268473923082214 0
    outer loop
      vertex 112.65856456756592 94.9210319519043 -242.87896804809571
      vertex 112.88471126556396 94.37506771087646 -243.42493228912355
      vertex 112.65856456756592 94.9210319519043 -239.30000019073486
    endloop
  endfacet
  facet normal -0.9238789911886933 -0.38268473923082214 0
    outer loop
      vertex 112.65856456756592 94.9210319519043 -239.30000019073486
      vertex 112.88471126556396 94.37506771087646 -243.42493228912355
      vertex 112.88471126556396 94.37506771087646 -239.30000019073486
    endloop
  endfacet
  facet normal -0.9238789911886932 0 -0.38268473923082214
    outer loop
      vertex 112.65856456756592 96.5 -242.87896804809571
      vertex 112.88471126556396 96.5 -243.42493228912355
      vertex 112.88471126556396 94.37506771087646 -243.42493228912355
    endloop
  endfacet
  facet normal 0 0 -1
    outer loop
      vertex 112.73655691785942 89.24522565582348 -247.29999961853025
      vertex 112.76701317689708 89.34393856824727 -247.29999961853025
      vertex 117.07694149017334 95.82498550415039 -247.29999961853025
    endloop
  endfacet
  facet normal -0.9549386993018456 0.294630759815535 -0.035844050360135785
    outer loop
      vertex 112.73655691785942 89.24522565582348 -247.29999961853025
      vertex 113 90.5 -244.0045259475708
      vertex 112.76701317689708 89.34393856824727 -247.29999961853025
    endloop
  endfacet
  facet normal -0.9549386993018314 0.2946307598155786 -0.03584405036015209
    outer loop
      vertex 112.76701317689708 89.34393856824727 -247.29999961853025
      vertex 113 90.5 -244.0045259475708
      vertex 113.16007840501302 90.61791687897343 -247.29999961853025
    endloop
  endfacet
  facet normal 0 0 -1
    outer loop
      vertex 112.76701317689708 89.34393856824727 -247.29999961853025
      vertex 113.16007840501302 90.61791687897343 -247.29999961853025
      vertex 117.09999942779541 95.94090461730957 -247.29999961853025
    endloop
  endfacet
  facet normal 0 0 -1
    outer loop
      vertex 112.76701317689708 89.34393856824727 -247.29999961853025
      vertex 117.09999942779541 95.94090461730957 -247.29999961853025
      vertex 117.07694149017334 95.82498550415039 -247.29999961853025
    endloop
  endfacet
  facet normal -0.9807851548654608 0 -0.19509095313605423
    outer loop
      vertex 112.88471126556396 90.5 -243.42493228912355
      vertex 112.88471126556396 92.62493228912354 -243.42493228912355
      vertex 113 90.5 -244.0045259475708
    endloop
  endfacet
  facet normal -0.9807851548654608 0.19509095313605423 0
    outer loop
      vertex 112.88471126556396 92.62493228912354 -243.42493228912355
      vertex 112.88471126556396 92.62493228912354 -239.30000019073486
      vertex 113 93.2045259475708 -244.0045259475708
    endloop
  endfacet
  facet normal -0.9807851548654608 0 -0.19509095313605423
    outer loop
      vertex 112.88471126556396 92.62493228912354 -243.42493228912355
      vertex 113 93.2045259475708 -244.0045259475708
      vertex 113 90.5 -244.0045259475708
    endloop
  endfacet
  facet normal -0.9807851548654608 0.19509095313605423 0
    outer loop
      vertex 112.88471126556396 92.62493228912354 -239.30000019073486
      vertex 113 93.2045259475708 -239.30000019073486
      vertex 113 93.2045259475708 -244.0045259475708
    endloop
  endfacet
  facet normal -0.9807851548654608 0 -0.19509095313605423
    outer loop
      vertex 112.88471126556396 94.37506771087646 -243.42493228912355
      vertex 112.88471126556396 96.5 -243.42493228912355
      vertex 113 93.7954740524292 -244.0045259475708
    endloop
  endfacet
  facet normal -0.9807851548654608 -0.19509095313605423 0
    outer loop
      vertex 112.88471126556396 94.37506771087646 -243.42493228912355
      vertex 113 93.7954740524292 -244.0045259475708
      vertex 112.88471126556396 94.37506771087646 -239.30000019073486
    endloop
  endfacet
  facet normal -0.9807851548654608 -0.19509095313605423 0
    outer loop
      vertex 112.88471126556396 94.37506771087646 -239.30000019073486
      vertex 113 93.7954740524292 -244.0045259475708
      vertex 113 93.7954740524292 -239.30000019073486
    endloop
  endfacet
  facet normal -0.9807851548654608 0 -0.19509095313605423
    outer loop
      vertex 112.88471126556396 96.5 -243.42493228912355
      vertex 113 96.5 -244.0045259475708
      vertex 113 93.7954740524292 -244.0045259475708
    endloop
  endfacet
  facet normal 0.9605961254456373 -0.2779479875423268 0
    outer loop
      vertex 112.9992265701294 80.28632545471191 -246.89999904632566
      vertex 117.46156978607178 95.7083101272583 -246.89999904632566
      vertex 112.9992265701294 80.28632545471191 -228.9000009536743
    endloop
  endfacet
  facet normal 0.9605961254456373 -0.2779479875423268 0
    outer loop
      vertex 112.9992265701294 80.28632545471191 -228.9000009536743
      vertex 117.46156978607178 95.7083101272583 -246.89999904632566
      vertex 117.46156978607178 95.7083101272583 -228.9000009536743
    endloop
  endfacet
  facet normal 0.677631426789594 -0.1960722996714421 0.7087815620687741
    outer loop
      vertex 112.9992265701294 80.28632545471191 -228.9000009536743
      vertex 117.46156978607178 95.7083101272583 -228.9000009536743
      vertex 117.07694149017334 95.82498550415039 -228.5000003814697
    endloop
  endfacet
  facet normal -0.9987264736175675 0 -0.05045226353116598
    outer loop
      vertex 113 90.5 -244.0045259475708
      vertex 113 93.2045259475708 -244.0045259475708
      vertex 113.16647611783537 92.07662227895301 -247.29999961853025
    endloop
  endfacet
  facet normal -0.9799748247643068 0.19493267210718532 -0.0406275297466959
    outer loop
      vertex 113 90.5 -244.0045259475708
      vertex 113.16647611783537 90.65007976595487 -247.29999961853025
      vertex 113.16007840501302 90.61791687897343 -247.29999961853025
    endloop
  endfacet
  facet normal -0.9987264736175674 0 -0.050452263531165976
    outer loop
      vertex 113 90.5 -244.0045259475708
      vertex 113.16647611783537 92.07662227895301 -247.29999961853025
      vertex 113.16647611783537 90.65007976595487 -247.29999961853025
    endloop
  endfacet
  facet normal -1 0 0
    outer loop
      vertex 113 93.2045259475708 -244.0045259475708
      vertex 113 93.2045259475708 -239.30000019073486
      vertex 113 93.7954740524292 -239.30000019073486
    endloop
  endfacet
  facet normal -0.9987264736175675 0 -0.05045226353116598
    outer loop
      vertex 113 93.2045259475708 -244.0045259475708
      vertex 113 93.7954740524292 -244.0045259475708
      vertex 113.16647611783537 93.39693609170843 -247.29999961853025
    endloop
  endfacet
  facet normal -1 0 0
    outer loop
      vertex 113 93.2045259475708 -244.0045259475708
      vertex 113 93.7954740524292 -239.30000019073486
      vertex 113 93.7954740524292 -244.0045259475708
    endloop
  endfacet
  facet normal -0.9987264736175675 0 -0.05045226353116596
    outer loop
      vertex 113 93.2045259475708 -244.0045259475708
      vertex 113.16647611783537 92.18368796332558 -247.29999961853025
      vertex 113.16647611783537 92.07662227895301 -247.29999961853025
    endloop
  endfacet
  facet normal -0.9987264736175675 0 -0.05045226353116595
    outer loop
      vertex 113 93.2045259475708 -244.0045259475708
      vertex 113.16647611783537 92.31389791760722 -247.29999961853025
      vertex 113.16647611783537 92.18368796332558 -247.29999961853025
    endloop
  endfacet
  facet normal -0.9987264736175675 0 -0.05045226353116602
    outer loop
      vertex 113 93.2045259475708 -244.0045259475708
      vertex 113.16647611783537 92.46314821797489 -247.29999961853025
      vertex 113.16647611783537 92.31389791760722 -247.29999961853025
    endloop
  endfacet
  facet normal -0.9987264736175675 0 -0.05045226353116597
    outer loop
      vertex 113 93.2045259475708 -244.0045259475708
      vertex 113.16647611783537 92.62666389439528 -247.29999961853025
      vertex 113.16647611783537 92.46314821797489 -247.29999961853025
    endloop
  endfacet
  facet normal -0.9987264736175676 0 -0.050452263531166
    outer loop
      vertex 113 93.2045259475708 -244.0045259475708
      vertex 113.16647611783537 92.7990421095725 -247.29999961853025
      vertex 113.16647611783537 92.62666389439528 -247.29999961853025
    endloop
  endfacet
  facet normal -0.9987264736175675 0 -0.050452263531165976
    outer loop
      vertex 113 93.2045259475708 -244.0045259475708
      vertex 113.16647611783537 92.90436673318902 -247.29999961853025
      vertex 113.16647611783537 92.7990421095725 -247.29999961853025
    endloop
  endfacet
  facet normal -0.9987264736175674 0 -0.05045226353116599
    outer loop
      vertex 113 93.2045259475708 -244.0045259475708
      vertex 113.16647611783537 92.97434572025804 -247.29999961853025
      vertex 113.16647611783537 92.90436673318902 -247.29999961853025
    endloop
  endfacet
  facet normal -0.9987264736175676 0 -0.05045226353116598
    outer loop
      vertex 113 93.2045259475708 -244.0045259475708
      vertex 113.16647611783537 93.14621438639048 -247.29999961853025
      vertex 113.16647611783537 92.97434572025804 -247.29999961853025
    endloop
  endfacet
  facet normal -0.9987264736175675 0 -0.05045226353116599
    outer loop
      vertex 113 93.2045259475708 -244.0045259475708
      vertex 113.16647611783537 93.39693609170843 -247.29999961853025
      vertex 113.16647611783537 93.14621438639048 -247.29999961853025
    endloop
  endfacet
  facet normal -0.9987264736175675 0 -0.05045226353116598
    outer loop
      vertex 113 93.7954740524292 -244.0045259475708
      vertex 113 96.5 -244.0045259475708
      vertex 113.16647611783537 94.09563326681098 -247.29999961853025
    endloop
  endfacet
  facet normal -0.9987264736175675 0 -0.05045226353116598
    outer loop
      vertex 113 93.7954740524292 -244.0045259475708
      vertex 113.16647611783537 94.09563326681098 -247.29999961853025
      vertex 113.16647611783537 93.39693609170843 -247.29999961853025
    endloop
  endfacet
  facet normal -0.19509365719165186 -0.9807841366576627 -0.0009706720709551409
    outer loop
      vertex 113 96.5 -244.0045259475708
      vertex 113.0163963518805 96.5 -247.29999961853025
      vertex 113.04855923886194 96.49360228717765 -247.29999961853025
    endloop
  endfacet
  facet normal -0.38268248052481973 -0.9238719244168554 -0.0038453054062319277
    outer loop
      vertex 113 96.5 -244.0045259475708
      vertex 113.04855923886194 96.49360228717765 -247.29999961853025
      vertex 113.07885585504835 96.48105294572966 -247.29999961853025
    endloop
  endfacet
  facet normal -0.5555456305525028 -0.8314424693241117 -0.008513082769819639
    outer loop
      vertex 113 96.5 -244.0045259475708
      vertex 113.07885585504835 96.48105294572966 -247.29999961853025
      vertex 113.10612230157133 96.46283430068155 -247.29999961853025
    endloop
  endfacet
  facet normal -0.7070293938808234 -0.7070293938808234 -0.014794335978033198
    outer loop
      vertex 113 96.5 -244.0045259475708
      vertex 113.10612230157133 96.46283430068155 -247.29999961853025
      vertex 113.12931041851692 96.43964618373596 -247.29999961853025
    endloop
  endfacet
  facet normal -0.8312631227735089 -0.5554257964133796 -0.022445609713200934
    outer loop
      vertex 113 96.5 -244.0045259475708
      vertex 113.12931041851692 96.43964618373596 -247.29999961853025
      vertex 113.14752906356503 96.41237973721297 -247.29999961853025
    endloop
  endfacet
  facet normal -0.9234298561806633 -0.38249936881342705 -0.031169433287905737
    outer loop
      vertex 113 96.5 -244.0045259475708
      vertex 113.14752906356503 96.41237973721297 -247.29999961853025
      vertex 113.16007840501302 96.38208312102657 -247.29999961853025
    endloop
  endfacet
  facet normal -0.9799748247643068 -0.19493267210718532 -0.0406275297466959
    outer loop
      vertex 113 96.5 -244.0045259475708
      vertex 113.16007840501302 96.38208312102657 -247.29999961853025
      vertex 113.16647611783537 96.34992023404513 -247.29999961853025
    endloop
  endfacet
  facet normal -0.9987264736175675 0 -0.05045226353116598
    outer loop
      vertex 113 96.5 -244.0045259475708
      vertex 113.16647611783537 96.34992023404513 -247.29999961853025
      vertex 113.16647611783537 94.09563326681098 -247.29999961853025
    endloop
  endfacet
  facet normal 0 0 -1
    outer loop
      vertex 113.07885585504835 96.48105294572966 -247.29999961853025
      vertex 116.55909442901611 99.59999942779541 -247.29999961853025
      vertex 113.10612230157133 96.46283430068155 -247.29999961853025
    endloop
  endfacet
  facet normal 0 0 -1
    outer loop
      vertex 113.10612230157133 96.46283430068155 -247.29999961853025
      vertex 116.55909442901611 99.59999942779541 -247.29999961853025
      vertex 113.12931041851692 96.43964618373596 -247.29999961853025
    endloop
  endfacet
  facet normal 0 0 -1
    outer loop
      vertex 113.12931041851692 96.43964618373596 -247.29999961853025
      vertex 116.55909442901611 99.59999942779541 -247.29999961853025
      vertex 113.14752906356503 96.41237973721297 -247.29999961853025
    endloop
  endfacet
  facet normal 0 0 -1
    outer loop
      vertex 113.14752906356503 96.41237973721297 -247.29999961853025
      vertex 116.55909442901611 99.59999942779541 -247.29999961853025
      vertex 113.16007840501302 96.38208312102657 -247.29999961853025
    endloop
  endfacet
  facet normal 0 0 -1
    outer loop
      vertex 113.16007840501302 90.61791687897343 -247.29999961853025
      vertex 113.16647611783537 90.65007976595487 -247.29999961853025
      vertex 117.09999942779541 95.94090461730957 -247.29999961853025
    endloop
  endfacet
  facet normal 0 0 -1
    outer loop
      vertex 113.16007840501302 96.38208312102657 -247.29999961853025
      vertex 116.55909442901611 99.59999942779541 -247.29999961853025
      vertex 113.16647611783537 96.34992023404513 -247.29999961853025
    endloop
  endfacet
  facet normal 0 0 -1
    outer loop
      vertex 113.16647611783537 90.65007976595487 -247.29999961853025
      vertex 113.16647611783537 92.07662227895301 -247.29999961853025
      vertex 117.09999942779541 95.94090461730957 -247.29999961853025
    endloop
  endfacet
  facet normal 0 0 -1
    outer loop
      vertex 113.16647611783537 92.07662227895301 -247.29999961853025
      vertex 113.16647611783537 92.18368796332558 -247.29999961853025
      vertex 117.09999942779541 99.05909442901611 -247.29999961853025
    endloop
  endfacet
  facet normal 0 0 -1
    outer loop
      vertex 113.16647611783537 92.07662227895301 -247.29999961853025
      vertex 117.09999942779541 99.05909442901611 -247.29999961853025
      vertex 117.09999942779541 95.94090461730957 -247.29999961853025
    endloop
  endfacet
  facet normal 0 0 -1
    outer loop
      vertex 113.16647611783537 92.18368796332558 -247.29999961853025
      vertex 113.16647611783537 92.31389791760722 -247.29999961853025
      vertex 117.07694149017334 99.1750135421753 -247.29999961853025
    endloop
  endfacet
  facet normal 0 0 -1
    outer loop
      vertex 113.16647611783537 92.18368796332558 -247.29999961853025
      vertex 117.07694149017334 99.1750135421753 -247.29999961853025
      vertex 117.09999942779541 99.05909442901611 -247.29999961853025
    endloop
  endfacet
  facet normal 0 0 -1
    outer loop
      vertex 113.16647611783537 92.31389791760722 -247.29999961853025
      vertex 113.16647611783537 92.46314821797489 -247.29999961853025
      vertex 117.03171253204346 99.28420639038086 -247.29999961853025
    endloop
  endfacet
  facet normal 0 0 -1
    outer loop
      vertex 113.16647611783537 92.31389791760722 -247.29999961853025
      vertex 117.03171253204346 99.28420639038086 -247.29999961853025
      vertex 117.07694149017334 99.1750135421753 -247.29999961853025
    endloop
  endfacet
  facet normal 0 0 -1
    outer loop
      vertex 113.16647611783537 92.46314821797489 -247.29999961853025
      vertex 113.16647611783537 92.62666389439528 -247.29999961853025
      vertex 116.96605014801025 99.38247680664062 -247.29999961853025
    endloop
  endfacet
  facet normal 0 0 -1
    outer loop
      vertex 113.16647611783537 92.46314821797489 -247.29999961853025
      vertex 116.96605014801025 99.38247680664062 -247.29999961853025
      vertex 117.03171253204346 99.28420639038086 -247.29999961853025
    endloop
  endfacet
  facet normal 0 0 -1
    outer loop
      vertex 113.16647611783537 92.62666389439528 -247.29999961853025
      vertex 113.16647611783537 92.7990421095725 -247.29999961853025
      vertex 116.88247680664062 99.46605014801025 -247.29999961853025
    endloop
  endfacet
  facet normal 0 0 -1
    outer loop
      vertex 113.16647611783537 92.62666389439528 -247.29999961853025
      vertex 116.88247680664062 99.46605014801025 -247.29999961853025
      vertex 116.96605014801025 99.38247680664062 -247.29999961853025
    endloop
  endfacet
  facet normal 0 0 -1
    outer loop
      vertex 113.16647611783537 92.7990421095725 -247.29999961853025
      vertex 113.16647611783537 92.90436673318902 -247.29999961853025
      vertex 116.78420639038086 99.53171253204346 -247.29999961853025
    endloop
  endfacet
  facet normal 0 0 -1
    outer loop
      vertex 113.16647611783537 92.7990421095725 -247.29999961853025
      vertex 116.78420639038086 99.53171253204346 -247.29999961853025
      vertex 116.88247680664062 99.46605014801025 -247.29999961853025
    endloop
  endfacet
  facet normal 0 0 -1
    outer loop
      vertex 113.16647611783537 92.90436673318902 -247.29999961853025
      vertex 113.16647611783537 92.97434572025804 -247.29999961853025
      vertex 116.78420639038086 99.53171253204346 -247.29999961853025
    endloop
  endfacet
  facet normal 0 0 -1
    outer loop
      vertex 113.16647611783537 92.97434572025804 -247.29999961853025
      vertex 113.16647611783537 93.14621438639048 -247.29999961853025
      vertex 116.6750135421753 99.57694149017334 -247.29999961853025
    endloop
  endfacet
  facet normal 0 0 -1
    outer loop
      vertex 113.16647611783537 92.97434572025804 -247.29999961853025
      vertex 116.6750135421753 99.57694149017334 -247.29999961853025
      vertex 116.78420639038086 99.53171253204346 -247.29999961853025
    endloop
  endfacet
  facet normal 0 0 -1
    outer loop
      vertex 113.16647611783537 93.14621438639048 -247.29999961853025
      vertex 113.16647611783537 93.39693609170843 -247.29999961853025
      vertex 116.55909442901611 99.59999942779541 -247.29999961853025
    endloop
  endfacet
  facet normal 0 0 -1
    outer loop
      vertex 113.16647611783537 93.14621438639048 -247.29999961853025
      vertex 116.55909442901611 99.59999942779541 -247.29999961853025
      vertex 116.6750135421753 99.57694149017334 -247.29999961853025
    endloop
  endfacet
  facet normal 0 0 -1
    outer loop
      vertex 113.16647611783537 93.39693609170843 -247.29999961853025
      vertex 113.16647611783537 94.09563326681098 -247.29999961853025
      vertex 116.55909442901611 99.59999942779541 -247.29999961853025
    endloop
  endfacet
  facet normal 0 0 -1
    outer loop
      vertex 113.16647611783537 94.09563326681098 -247.29999961853025
      vertex 113.16647611783537 96.34992023404513 -247.29999961853025
      vertex 116.55909442901611 99.59999942779541 -247.29999961853025
    endloop
  endfacet
  facet normal 0.13795081891878622 0.6935198130357542 -0.7071066683934532
    outer loop
      vertex 116.55909442901611 99.59999942779541 -247.29999961853025
      vertex 116.59849071502686 100 -246.89999904632566
      vertex 116.6750135421753 99.57694149017334 -247.29999961853025
    endloop
  endfacet
  facet normal 0.13795081891878622 0.6935198130357542 0.7071066683934532
    outer loop
      vertex 116.55909442901611 99.59999942779541 -228.5000003814697
      vertex 116.6750135421753 99.57694149017334 -228.5000003814697
      vertex 116.59849071502686 100 -228.9000009536743
    endloop
  endfacet
  facet normal 0.19509374910093288 0.9807845987074544 0
    outer loop
      vertex 116.59849071502686 100 -246.89999904632566
      vertex 116.59849071502686 100 -228.9000009536743
      vertex 116.79168891906738 99.96156978607178 -246.89999904632566
    endloop
  endfacet
  facet normal 0.13795218652868188 0.6935198104955694 -0.7071064040737752
    outer loop
      vertex 116.59849071502686 100 -246.89999904632566
      vertex 116.79168891906738 99.96156978607178 -246.89999904632566
      vertex 116.6750135421753 99.57694149017334 -247.29999961853025
    endloop
  endfacet
  facet normal 0.13795218652868188 0.6935198104955694 0.7071064040737752
    outer loop
      vertex 116.59849071502686 100 -228.9000009536743
      vertex 116.6750135421753 99.57694149017334 -228.5000003814697
      vertex 116.79168891906738 99.96156978607178 -228.9000009536743
    endloop
  endfacet
  facet normal 0.19509374910093288 0.9807845987074544 0
    outer loop
      vertex 116.59849071502686 100 -228.9000009536743
      vertex 116.79168891906738 99.96156978607178 -228.9000009536743
      vertex 116.79168891906738 99.96156978607178 -246.89999904632566
    endloop
  endfacet
  facet normal 0.2705972177634232 0.6532823692122183 -0.7071062804240713
    outer loop
      vertex 116.6750135421753 99.57694149017334 -247.29999961853025
      vertex 116.79168891906738 99.96156978607178 -246.89999904632566
      vertex 116.78420639038086 99.53171253204346 -247.29999961853025
    endloop
  endfacet
  facet normal 0.2705972177634232 0.6532823692122183 0.7071062804240713
    outer loop
      vertex 116.6750135421753 99.57694149017334 -228.5000003814697
      vertex 116.78420639038086 99.53171253204346 -228.5000003814697
      vertex 116.79168891906738 99.96156978607178 -228.9000009536743
    endloop
  endfacet
  facet normal 0.2705997611198681 0.6532818583950988 -0.7071057790555217
    outer loop
      vertex 116.78420639038086 99.53171253204346 -247.29999961853025
      vertex 116.79168891906738 99.96156978607178 -246.89999904632566
      vertex 116.97367668151855 99.88618755340576 -246.89999904632566
    endloop
  endfacet
  facet normal 0.3928448572833574 0.5879407203259032 -0.7071058106738176
    outer loop
      vertex 116.78420639038086 99.53171253204346 -247.29999961853025
      vertex 116.97367668151855 99.88618755340576 -246.89999904632566
      vertex 117.1374626159668 99.7767505645752 -246.89999904632566
    endloop
  endfacet
  facet normal 0.39284828888468615 0.5879373014557835 -0.7071067468757921
    outer loop
      vertex 116.78420639038086 99.53171253204346 -247.29999961853025
      vertex 117.1374626159668 99.7767505645752 -246.89999904632566
      vertex 116.88247680664062 99.46605014801025 -247.29999961853025
    endloop
  endfacet
  facet normal 0.39284828888468615 0.5879373014557835 0.7071067468757921
    outer loop
      vertex 116.78420639038086 99.53171253204346 -228.5000003814697
      vertex 116.88247680664062 99.46605014801025 -228.5000003814697
      vertex 117.1374626159668 99.7767505645752 -228.9000009536743
    endloop
  endfacet
  facet normal 0.2705997611198681 0.6532818583950988 0.7071057790555217
    outer loop
      vertex 116.78420639038086 99.53171253204346 -228.5000003814697
      vertex 116.97367668151855 99.88618755340576 -228.9000009536743
      vertex 116.79168891906738 99.96156978607178 -228.9000009536743
    endloop
  endfacet
  facet normal 0.3928448572833574 0.5879407203259032 0.7071058106738176
    outer loop
      vertex 116.78420639038086 99.53171253204346 -228.5000003814697
      vertex 117.1374626159668 99.7767505645752 -228.9000009536743
      vertex 116.97367668151855 99.88618755340576 -228.9000009536743
    endloop
  endfacet
  facet normal 0.3826853097993421 0.923878754850322 0
    outer loop
      vertex 116.79168891906738 99.96156978607178 -246.89999904632566
      vertex 116.79168891906738 99.96156978607178 -228.9000009536743
      vertex 116.97367668151855 99.88618755340576 -246.89999904632566
    endloop
  endfacet
  facet normal 0.3826853097993421 0.923878754850322 0
    outer loop
      vertex 116.79168891906738 99.96156978607178 -228.9000009536743
      vertex 116.97367668151855 99.88618755340576 -228.9000009536743
      vertex 116.97367668151855 99.88618755340576 -246.89999904632566
    endloop
  endfacet
  facet normal 0.5000000036582188 0.5000000036582188 -0.7071067760130447
    outer loop
      vertex 116.88247680664062 99.46605014801025 -247.29999961853025
      vertex 117.1374626159668 99.7767505645752 -246.89999904632566
      vertex 117.2767505645752 99.6374626159668 -246.89999904632566
    endloop
  endfacet
  facet normal 0.5000000036582188 0.5000000036582188 -0.7071067760130447
    outer loop
      vertex 116.88247680664062 99.46605014801025 -247.29999961853025
      vertex 117.2767505645752 99.6374626159668 -246.89999904632566
      vertex 116.96605014801025 99.38247680664062 -247.29999961853025
    endloop
  endfacet
  facet normal 0.5000000036582188 0.5000000036582188 0.7071067760130447
    outer loop
      vertex 116.88247680664062 99.46605014801025 -228.5000003814697
      vertex 116.96605014801025 99.38247680664062 -228.5000003814697
      vertex 117.2767505645752 99.6374626159668 -228.9000009536743
    endloop
  endfacet
  facet normal 0.5000000036582188 0.5000000036582188 0.7071067760130447
    outer loop
      vertex 116.88247680664062 99.46605014801025 -228.5000003814697
      vertex 117.2767505645752 99.6374626159668 -228.9000009536743
      vertex 117.1374626159668 99.7767505645752 -228.9000009536743
    endloop
  endfacet
  facet normal 0.5879373014557835 0.39284828888468615 -0.7071067468757921
    outer loop
      vertex 116.96605014801025 99.38247680664062 -247.29999961853025
      vertex 117.2767505645752 99.6374626159668 -246.89999904632566
      vertex 117.03171253204346 99.28420639038086 -247.29999961853025
    endloop
  endfacet
  facet normal 0.5879373014557835 0.39284828888468615 0.7071067468757921
    outer loop
      vertex 116.96605014801025 99.38247680664062 -228.5000003814697
      vertex 117.03171253204346 99.28420639038086 -228.5000003814697
      vertex 117.2767505645752 99.6374626159668 -228.9000009536743
    endloop
  endfacet
  facet normal 0.5555657625588702 0.8314725993515246 0
    outer loop
      vertex 116.97367668151855 99.88618755340576 -246.89999904632566
      vertex 116.97367668151855 99.88618755340576 -228.9000009536743
      vertex 117.1374626159668 99.7767505645752 -228.9000009536743
    endloop
  endfacet
  facet normal 0.5555657625588702 0.8314725993515246 0
    outer loop
      vertex 116.97367668151855 99.88618755340576 -246.89999904632566
      vertex 117.1374626159668 99.7767505645752 -228.9000009536743
      vertex 117.1374626159668 99.7767505645752 -246.89999904632566
    endloop
  endfacet
  facet normal 0.5879407203259032 0.3928448572833574 -0.7071058106738176
    outer loop
      vertex 117.03171253204346 99.28420639038086 -247.29999961853025
      vertex 117.2767505645752 99.6374626159668 -246.89999904632566
      vertex 117.38618755340576 99.47367668151855 -246.89999904632566
    endloop
  endfacet
  facet normal 0.6532818583950988 0.2705997611198681 -0.7071057790555217
    outer loop
      vertex 117.03171253204346 99.28420639038086 -247.29999961853025
      vertex 117.38618755340576 99.47367668151855 -246.89999904632566
      vertex 117.46156978607178 99.29168891906738 -246.89999904632566
    endloop
  endfacet
  facet normal 0.6532823692122183 0.2705972177634232 -0.7071062804240713
    outer loop
      vertex 117.03171253204346 99.28420639038086 -247.29999961853025
      vertex 117.46156978607178 99.29168891906738 -246.89999904632566
      vertex 117.07694149017334 99.1750135421753 -247.29999961853025
    endloop
  endfacet
  facet normal 0.6532823692122183 0.2705972177634232 0.7071062804240713
    outer loop
      vertex 117.03171253204346 99.28420639038086 -228.5000003814697
      vertex 117.07694149017334 99.1750135421753 -228.5000003814697
      vertex 117.46156978607178 99.29168891906738 -228.9000009536743
    endloop
  endfacet
  facet normal 0.5879407203259032 0.3928448572833574 0.7071058106738176
    outer loop
      vertex 117.03171253204346 99.28420639038086 -228.5000003814697
      vertex 117.38618755340576 99.47367668151855 -228.9000009536743
      vertex 117.2767505645752 99.6374626159668 -228.9000009536743
    endloop
  endfacet
  facet normal 0.6532818583950988 0.2705997611198681 0.7071057790555217
    outer loop
      vertex 117.03171253204346 99.28420639038086 -228.5000003814697
      vertex 117.46156978607178 99.29168891906738 -228.9000009536743
      vertex 117.38618755340576 99.47367668151855 -228.9000009536743
    endloop
  endfacet
  facet normal 0.6935198130357539 -0.1379508189187862 -0.707106668393453
    outer loop
      vertex 117.07694149017334 95.82498550415039 -247.29999961853025
      vertex 117.09999942779541 95.94090461730957 -247.29999961853025
      vertex 117.5 95.90150833129883 -246.89999904632566
    endloop
  endfacet
  facet normal 0.6935198104955694 -0.13795218652868188 -0.7071064040737752
    outer loop
      vertex 117.07694149017334 95.82498550415039 -247.29999961853025
      vertex 117.5 95.90150833129883 -246.89999904632566
      vertex 117.46156978607178 95.7083101272583 -246.89999904632566
    endloop
  endfacet
  facet normal 0.6935198104955694 -0.13795218652868188 0.7071064040737752
    outer loop
      vertex 117.07694149017334 95.82498550415039 -228.5000003814697
      vertex 117.46156978607178 95.7083101272583 -228.9000009536743
      vertex 117.5 95.90150833129883 -228.9000009536743
    endloop
  endfacet
  facet normal 0.6935198130357539 -0.1379508189187862 0.707106668393453
    outer loop
      vertex 117.07694149017334 95.82498550415039 -228.5000003814697
      vertex 117.5 95.90150833129883 -228.9000009536743
      vertex 117.09999942779541 95.94090461730957 -228.5000003814697
    endloop
  endfacet
  facet normal 0.6935198104955694 0.13795218652868188 -0.7071064040737752
    outer loop
      vertex 117.07694149017334 99.1750135421753 -247.29999961853025
      vertex 117.46156978607178 99.29168891906738 -246.89999904632566
      vertex 117.5 99.09849071502686 -246.89999904632566
    endloop
  endfacet
  facet normal 0.6935198130357539 0.1379508189187862 -0.707106668393453
    outer loop
      vertex 117.07694149017334 99.1750135421753 -247.29999961853025
      vertex 117.5 99.09849071502686 -246.89999904632566
      vertex 117.09999942779541 99.05909442901611 -247.29999961853025
    endloop
  endfacet
  facet normal 0.6935198130357539 0.1379508189187862 0.707106668393453
    outer loop
      vertex 117.07694149017334 99.1750135421753 -228.5000003814697
      vertex 117.09999942779541 99.05909442901611 -228.5000003814697
      vertex 117.5 99.09849071502686 -228.9000009536743
    endloop
  endfacet
  facet normal 0.6935198104955694 0.13795218652868188 0.7071064040737752
    outer loop
      vertex 117.07694149017334 99.1750135421753 -228.5000003814697
      vertex 117.5 99.09849071502686 -228.9000009536743
      vertex 117.46156978607178 99.29168891906738 -228.9000009536743
    endloop
  endfacet
  facet normal 0.7071067811865476 0 -0.7071067811865476
    outer loop
      vertex 117.09999942779541 95.94090461730957 -247.29999961853025
      vertex 117.09999942779541 99.05909442901611 -247.29999961853025
      vertex 117.5 99.09849071502686 -246.89999904632566
    endloop
  endfacet
  facet normal 0.7071067811865475 0 -0.7071067811865475
    outer loop
      vertex 117.09999942779541 95.94090461730957 -247.29999961853025
      vertex 117.5 99.09849071502686 -246.89999904632566
      vertex 117.5 95.90150833129883 -246.89999904632566
    endloop
  endfacet
  facet normal 0.7071067811865475 0 0.7071067811865475
    outer loop
      vertex 117.09999942779541 95.94090461730957 -228.5000003814697
      vertex 117.5 95.90150833129883 -228.9000009536743
      vertex 117.5 99.09849071502686 -228.9000009536743
    endloop
  endfacet
  facet normal 0.7071067811865476 0 0.7071067811865476
    outer loop
      vertex 117.09999942779541 95.94090461730957 -228.5000003814697
      vertex 117.5 99.09849071502686 -228.9000009536743
      vertex 117.09999942779541 99.05909442901611 -228.5000003814697
    endloop
  endfacet
  facet normal 0.7071067811865476 0.7071067811865476 0
    outer loop
      vertex 117.1374626159668 99.7767505645752 -246.89999904632566
      vertex 117.1374626159668 99.7767505645752 -228.9000009536743
      vertex 117.2767505645752 99.6374626159668 -246.89999904632566
    endloop
  endfacet
  facet normal 0.7071067811865476 0.7071067811865476 0
    outer loop
      vertex 117.1374626159668 99.7767505645752 -228.9000009536743
      vertex 117.2767505645752 99.6374626159668 -228.9000009536743
      vertex 117.2767505645752 99.6374626159668 -246.89999904632566
    endloop
  endfacet
  facet normal 0.8314725993515246 0.5555657625588702 0
    outer loop
      vertex 117.2767505645752 99.6374626159668 -246.89999904632566
      vertex 117.2767505645752 99.6374626159668 -228.9000009536743
      vertex 117.38618755340576 99.47367668151855 -246.89999904632566
    endloop
  endfacet
  facet normal 0.8314725993515246 0.5555657625588702 0
    outer loop
      vertex 117.2767505645752 99.6374626159668 -228.9000009536743
      vertex 117.38618755340576 99.47367668151855 -228.9000009536743
      vertex 117.38618755340576 99.47367668151855 -246.89999904632566
    endloop
  endfacet
  facet normal 0.923878754850322 0.3826853097993421 0
    outer loop
      vertex 117.38618755340576 99.47367668151855 -246.89999904632566
      vertex 117.38618755340576 99.47367668151855 -228.9000009536743
      vertex 117.46156978607178 99.29168891906738 -228.9000009536743
    endloop
  endfacet
  facet normal 0.923878754850322 0.3826853097993421 0
    outer loop
      vertex 117.38618755340576 99.47367668151855 -246.89999904632566
      vertex 117.46156978607178 99.29168891906738 -228.9000009536743
      vertex 117.46156978607178 99.29168891906738 -246.89999904632566
    endloop
  endfacet
  facet normal 0.9807845987074544 -0.19509374910093288 0
    outer loop
      vertex 117.46156978607178 95.7083101272583 -246.89999904632566
      vertex 117.5 95.90150833129883 -246.89999904632566
      vertex 117.5 95.90150833129883 -228.9000009536743
    endloop
  endfacet
  facet normal 0.9807845987074544 -0.19509374910093288 0
    outer loop
      vertex 117.46156978607178 95.7083101272583 -246.89999904632566
      vertex 117.5 95.90150833129883 -228.9000009536743
      vertex 117.46156978607178 95.7083101272583 -228.9000009536743
    endloop
  endfacet
  facet normal 0.9807845987074544 0.19509374910093288 0
    outer loop
      vertex 117.46156978607178 99.29168891906738 -246.89999904632566
      vertex 117.46156978607178 99.29168891906738 -228.9000009536743
      vertex 117.5 99.09849071502686 -228.9000009536743
    endloop
  endfacet
  facet normal 0.9807845987074544 0.19509374910093288 0
    outer loop
      vertex 117.46156978607178 99.29168891906738 -246.89999904632566
      vertex 117.5 99.09849071502686 -228.9000009536743
      vertex 117.5 99.09849071502686 -246.89999904632566
    endloop
  endfacet
  facet normal 1 0 0
    outer loop
      vertex 117.5 95.90150833129883 -246.89999904632566
      vertex 117.5 99.09849071502686 -246.89999904632566
      vertex 117.5 95.90150833129883 -228.9000009536743
    endloop
  endfacet
  facet normal 1 0 0
    outer loop
      vertex 117.5 95.90150833129883 -228.9000009536743
      vertex 117.5 99.09849071502686 -246.89999904632566
      vertex 117.5 99.09849071502686 -228.9000009536743
    endloop
  endfacet
endsolid OpenSCAD_Model
