solid OpenSCAD_Model
  facet normal -1 0 0
    outer loop
      vertex -65 -52.698490142822266 -2.5999999046325684
      vertex -65 -52.698490142822266 -0.6000000238418579
      vertex -65 -46.301509857177734 -0.6000000238418579
    endloop
  endfacet
  facet normal -0.9797618808581611 0 -0.20016657267705473
    outer loop
      vertex -65 -52.698490142822266 -2.5999999046325684
      vertex -65 -46.301509857177734 -2.5999999046325684
      vertex -63.099998474121094 -49.90381622314453 -11.899999618530273
    endloop
  endfacet
  facet normal -1 0 0
    outer loop
      vertex -65 -52.698490142822266 -2.5999999046325684
      vertex -65 -46.301509857177734 -0.6000000238418579
      vertex -65 -46.301509857177734 -2.5999999046325684
    endloop
  endfacet
  facet normal -0.9807857093352048 -0.19508816561708434 0
    outer loop
      vertex -65 -52.698490142822266 -2.5999999046325684
      vertex -64.9615707397461 -52.89168930053711 -2.5999999046325684
      vertex -65 -52.698490142822266 -0.6000000238418579
    endloop
  endfacet
  facet normal -0.9494573336858984 -0.18885626208531142 -0.25072711018401816
    outer loop
      vertex -65 -52.698490142822266 -2.5999999046325684
      vertex -63.099998474121094 -49.90381622314453 -11.899999618530273
      vertex -62.942440032958984 -50.695926666259766 -11.899999618530273
    endloop
  endfacet
  facet normal -0.9494572475051579 -0.18885661871356002 -0.25072716790968275
    outer loop
      vertex -65 -52.698490142822266 -2.5999999046325684
      vertex -62.942440032958984 -50.695926666259766 -11.899999618530273
      vertex -64.9615707397461 -52.89168930053711 -2.5999999046325684
    endloop
  endfacet
  facet normal -0.9807857093352048 -0.19508816561708434 0
    outer loop
      vertex -65 -52.698490142822266 -0.6000000238418579
      vertex -64.9615707397461 -52.89168930053711 -2.5999999046325684
      vertex -64.9615707397461 -52.89168930053711 -0.6000000238418579
    endloop
  endfacet
  facet normal 0 0 1
    outer loop
      vertex -65 -52.698490142822266 -0.6000000238418579
      vertex -64.9615707397461 -52.89168930053711 -0.6000000238418579
      vertex -64.88618469238281 -53.07367706298828 -0.6000000238418579
    endloop
  endfacet
  facet normal 0 0 1
    outer loop
      vertex -65 -52.698490142822266 -0.6000000238418579
      vertex -64.88618469238281 -53.07367706298828 -0.6000000238418579
      vertex -64.77674865722656 -53.23746109008789 -0.6000000238418579
    endloop
  endfacet
  facet normal 0 0 1
    outer loop
      vertex -65 -52.698490142822266 -0.6000000238418579
      vertex -64.77674865722656 -53.23746109008789 -0.6000000238418579
      vertex -64.63746643066406 -53.37675094604492 -0.6000000238418579
    endloop
  endfacet
  facet normal 0 0 1
    outer loop
      vertex -65 -52.698490142822266 -0.6000000238418579
      vertex -64.63746643066406 -53.37675094604492 -0.6000000238418579
      vertex -64.47367858886719 -53.48618698120117 -0.6000000238418579
    endloop
  endfacet
  facet normal 0 0 1
    outer loop
      vertex -65 -52.698490142822266 -0.6000000238418579
      vertex -64.47367858886719 -53.48618698120117 -0.6000000238418579
      vertex -64.29168701171875 -53.56156921386719 -0.6000000238418579
    endloop
  endfacet
  facet normal 0 0 1
    outer loop
      vertex -65 -52.698490142822266 -0.6000000238418579
      vertex -64.29168701171875 -53.56156921386719 -0.6000000238418579
      vertex -64.0984878540039 -53.599998474121094 -0.6000000238418579
    endloop
  endfacet
  facet normal 0 0 1
    outer loop
      vertex -65 -52.698490142822266 -0.6000000238418579
      vertex -64.0984878540039 -53.599998474121094 -0.6000000238418579
      vertex -60.41790008544922 -50.25788497924805 -0.6000000238418579
    endloop
  endfacet
  facet normal 0 0 1
    outer loop
      vertex -65 -52.698490142822266 -0.6000000238418579
      vertex -60.599998474121094 -49.65758514404297 -0.6000000238418579
      vertex -65 -46.301509857177734 -0.6000000238418579
    endloop
  endfacet
  facet normal 0 0 1
    outer loop
      vertex -65 -52.698490142822266 -0.6000000238418579
      vertex -60.53851318359375 -49.96670150756836 -0.6000000238418579
      vertex -60.599998474121094 -49.65758514404297 -0.6000000238418579
    endloop
  endfacet
  facet normal 0 0 1
    outer loop
      vertex -65 -52.698490142822266 -0.6000000238418579
      vertex -60.41790008544922 -50.25788497924805 -0.6000000238418579
      vertex -60.53851318359375 -49.96670150756836 -0.6000000238418579
    endloop
  endfacet
  facet normal -0.9807857093352048 0.19508816561708434 0
    outer loop
      vertex -65 -46.301509857177734 -2.5999999046325684
      vertex -65 -46.301509857177734 -0.6000000238418579
      vertex -64.9615707397461 -46.10831069946289 -0.6000000238418579
    endloop
  endfacet
  facet normal -0.9494572475051579 0.18885661871356002 -0.25072716790968275
    outer loop
      vertex -65 -46.301509857177734 -2.5999999046325684
      vertex -64.9615707397461 -46.10831069946289 -2.5999999046325684
      vertex -62.942440032958984 -48.304073333740234 -11.899999618530273
    endloop
  endfacet
  facet normal -0.9807857093352048 0.19508816561708434 0
    outer loop
      vertex -65 -46.301509857177734 -2.5999999046325684
      vertex -64.9615707397461 -46.10831069946289 -0.6000000238418579
      vertex -64.9615707397461 -46.10831069946289 -2.5999999046325684
    endloop
  endfacet
  facet normal -0.9797618808581611 0 -0.20016657267705473
    outer loop
      vertex -65 -46.301509857177734 -2.5999999046325684
      vertex -63.099998474121094 -49.09618377685547 -11.899999618530273
      vertex -63.099998474121094 -49.90381622314453 -11.899999618530273
    endloop
  endfacet
  facet normal -0.9494573336858984 0.18885626208531142 -0.25072711018401816
    outer loop
      vertex -65 -46.301509857177734 -2.5999999046325684
      vertex -62.942440032958984 -48.304073333740234 -11.899999618530273
      vertex -63.099998474121094 -49.09618377685547 -11.899999618530273
    endloop
  endfacet
  facet normal 0 0 1
    outer loop
      vertex -65 -46.301509857177734 -0.6000000238418579
      vertex -64.88618469238281 -45.92632293701172 -0.6000000238418579
      vertex -64.9615707397461 -46.10831069946289 -0.6000000238418579
    endloop
  endfacet
  facet normal 0 0 1
    outer loop
      vertex -65 -46.301509857177734 -0.6000000238418579
      vertex -64.77674865722656 -45.76253890991211 -0.6000000238418579
      vertex -64.88618469238281 -45.92632293701172 -0.6000000238418579
    endloop
  endfacet
  facet normal 0 0 1
    outer loop
      vertex -65 -46.301509857177734 -0.6000000238418579
      vertex -64.63746643066406 -45.62324905395508 -0.6000000238418579
      vertex -64.77674865722656 -45.76253890991211 -0.6000000238418579
    endloop
  endfacet
  facet normal 0 0 1
    outer loop
      vertex -65 -46.301509857177734 -0.6000000238418579
      vertex -64.47367858886719 -45.51381301879883 -0.6000000238418579
      vertex -64.63746643066406 -45.62324905395508 -0.6000000238418579
    endloop
  endfacet
  facet normal 0 0 1
    outer loop
      vertex -65 -46.301509857177734 -0.6000000238418579
      vertex -64.29168701171875 -45.43843078613281 -0.6000000238418579
      vertex -64.47367858886719 -45.51381301879883 -0.6000000238418579
    endloop
  endfacet
  facet normal 0 0 1
    outer loop
      vertex -65 -46.301509857177734 -0.6000000238418579
      vertex -64.0984878540039 -45.400001525878906 -0.6000000238418579
      vertex -64.29168701171875 -45.43843078613281 -0.6000000238418579
    endloop
  endfacet
  facet normal 0 0 1
    outer loop
      vertex -65 -46.301509857177734 -0.6000000238418579
      vertex -60.599998474121094 -49.65758514404297 -0.6000000238418579
      vertex -60.599998474121094 -49.34241485595703 -0.6000000238418579
    endloop
  endfacet
  facet normal 0 0 1
    outer loop
      vertex -65 -46.301509857177734 -0.6000000238418579
      vertex -60.599998474121094 -49.34241485595703 -0.6000000238418579
      vertex -60.53851318359375 -49.03329849243164 -0.6000000238418579
    endloop
  endfacet
  facet normal 0 0 1
    outer loop
      vertex -65 -46.301509857177734 -0.6000000238418579
      vertex -60.53851318359375 -49.03329849243164 -0.6000000238418579
      vertex -60.41790008544922 -48.74211502075195 -0.6000000238418579
    endloop
  endfacet
  facet normal 0 0 1
    outer loop
      vertex -65 -46.301509857177734 -0.6000000238418579
      vertex -60.41790008544922 -48.74211502075195 -0.6000000238418579
      vertex -64.0984878540039 -45.400001525878906 -0.6000000238418579
    endloop
  endfacet
  facet normal -0.9238719079216241 -0.38270183923422424 0
    outer loop
      vertex -64.9615707397461 -52.89168930053711 -2.5999999046325684
      vertex -64.88618469238281 -53.07367706298828 -2.5999999046325684
      vertex -64.9615707397461 -52.89168930053711 -0.6000000238418579
    endloop
  endfacet
  facet normal -0.8870901414757275 -0.3674654741619328 -0.2793567722385113
    outer loop
      vertex -64.9615707397461 -52.89168930053711 -2.5999999046325684
      vertex -62.942440032958984 -50.695926666259766 -11.899999618530273
      vertex -64.88618469238281 -53.07367706298828 -2.5999999046325684
    endloop
  endfacet
  facet normal -0.9238719079216241 -0.38270183923422424 0
    outer loop
      vertex -64.9615707397461 -52.89168930053711 -0.6000000238418579
      vertex -64.88618469238281 -53.07367706298828 -2.5999999046325684
      vertex -64.88618469238281 -53.07367706298828 -0.6000000238418579
    endloop
  endfacet
  facet normal -0.9238719079216241 0.38270183923422424 0
    outer loop
      vertex -64.9615707397461 -46.10831069946289 -2.5999999046325684
      vertex -64.9615707397461 -46.10831069946289 -0.6000000238418579
      vertex -64.88618469238281 -45.92632293701172 -0.6000000238418579
    endloop
  endfacet
  facet normal -0.8870901414757275 0.3674654741619328 -0.2793567722385113
    outer loop
      vertex -64.9615707397461 -46.10831069946289 -2.5999999046325684
      vertex -64.88618469238281 -45.92632293701172 -2.5999999046325684
      vertex -62.942440032958984 -48.304073333740234 -11.899999618530273
    endloop
  endfacet
  facet normal -0.9238719079216241 0.38270183923422424 0
    outer loop
      vertex -64.9615707397461 -46.10831069946289 -2.5999999046325684
      vertex -64.88618469238281 -45.92632293701172 -0.6000000238418579
      vertex -64.88618469238281 -45.92632293701172 -2.5999999046325684
    endloop
  endfacet
  facet normal -0.8314718471387762 -0.5555668883362574 0
    outer loop
      vertex -64.88618469238281 -53.07367706298828 -2.5999999046325684
      vertex -64.77674865722656 -53.23746109008789 -2.5999999046325684
      vertex -64.88618469238281 -53.07367706298828 -0.6000000238418579
    endloop
  endfacet
  facet normal -0.8870977768785526 -0.3674490252133208 -0.2793541625372886
    outer loop
      vertex -64.88618469238281 -53.07367706298828 -2.5999999046325684
      vertex -62.942440032958984 -50.695926666259766 -11.899999618530273
      vertex -62.63337326049805 -51.44207763671875 -11.899999618530273
    endloop
  endfacet
  facet normal -0.7966475697809365 -0.5323036731351327 -0.2863659356993665
    outer loop
      vertex -64.88618469238281 -53.07367706298828 -2.5999999046325684
      vertex -62.63337326049805 -51.44207763671875 -11.899999618530273
      vertex -62.18467712402344 -52.11359786987305 -11.899999618530273
    endloop
  endfacet
  facet normal -0.7966499959958075 -0.5322998738820944 -0.2863662482643272
    outer loop
      vertex -64.88618469238281 -53.07367706298828 -2.5999999046325684
      vertex -62.18467712402344 -52.11359786987305 -11.899999618530273
      vertex -64.77674865722656 -53.23746109008789 -2.5999999046325684
    endloop
  endfacet
  facet normal -0.8314718471387762 -0.5555668883362574 0
    outer loop
      vertex -64.88618469238281 -53.07367706298828 -0.6000000238418579
      vertex -64.77674865722656 -53.23746109008789 -2.5999999046325684
      vertex -64.77674865722656 -53.23746109008789 -0.6000000238418579
    endloop
  endfacet
  facet normal -0.8314718471387762 0.5555668883362574 0
    outer loop
      vertex -64.88618469238281 -45.92632293701172 -2.5999999046325684
      vertex -64.88618469238281 -45.92632293701172 -0.6000000238418579
      vertex -64.77674865722656 -45.76253890991211 -0.6000000238418579
    endloop
  endfacet
  facet normal -0.7966499959958075 0.5322998738820944 -0.2863662482643272
    outer loop
      vertex -64.88618469238281 -45.92632293701172 -2.5999999046325684
      vertex -64.77674865722656 -45.76253890991211 -2.5999999046325684
      vertex -62.18467712402344 -46.88640213012695 -11.899999618530273
    endloop
  endfacet
  facet normal -0.8314718471387762 0.5555668883362574 0
    outer loop
      vertex -64.88618469238281 -45.92632293701172 -2.5999999046325684
      vertex -64.77674865722656 -45.76253890991211 -0.6000000238418579
      vertex -64.77674865722656 -45.76253890991211 -2.5999999046325684
    endloop
  endfacet
  facet normal -0.8870977768785526 0.3674490252133208 -0.2793541625372886
    outer loop
      vertex -64.88618469238281 -45.92632293701172 -2.5999999046325684
      vertex -62.63337326049805 -47.55792236328125 -11.899999618530273
      vertex -62.942440032958984 -48.304073333740234 -11.899999618530273
    endloop
  endfacet
  facet normal -0.7966475697809365 0.5323036731351327 -0.2863659356993665
    outer loop
      vertex -64.88618469238281 -45.92632293701172 -2.5999999046325684
      vertex -62.18467712402344 -46.88640213012695 -11.899999618530273
      vertex -62.63337326049805 -47.55792236328125 -11.899999618530273
    endloop
  endfacet
  facet normal -0.7071261468124335 -0.707087415030278 0
    outer loop
      vertex -64.77674865722656 -53.23746109008789 -2.5999999046325684
      vertex -64.63746643066406 -53.37675094604492 -2.5999999046325684
      vertex -64.77674865722656 -53.23746109008789 -0.6000000238418579
    endloop
  endfacet
  facet normal -0.6804688711313184 -0.6804688711313184 -0.27189010802627345
    outer loop
      vertex -64.77674865722656 -53.23746109008789 -2.5999999046325684
      vertex -62.18467712402344 -52.11359786987305 -11.899999618530273
      vertex -61.61359786987305 -52.68467712402344 -11.899999618530273
    endloop
  endfacet
  facet normal -0.6804865394166382 -0.6804492667793255 -0.27189495216396803
    outer loop
      vertex -64.77674865722656 -53.23746109008789 -2.5999999046325684
      vertex -61.61359786987305 -52.68467712402344 -11.899999618530273
      vertex -64.63746643066406 -53.37675094604492 -2.5999999046325684
    endloop
  endfacet
  facet normal -0.7071261468124335 -0.707087415030278 0
    outer loop
      vertex -64.77674865722656 -53.23746109008789 -0.6000000238418579
      vertex -64.63746643066406 -53.37675094604492 -2.5999999046325684
      vertex -64.63746643066406 -53.37675094604492 -0.6000000238418579
    endloop
  endfacet
  facet normal -0.7071261468124335 0.707087415030278 0
    outer loop
      vertex -64.77674865722656 -45.76253890991211 -2.5999999046325684
      vertex -64.77674865722656 -45.76253890991211 -0.6000000238418579
      vertex -64.63746643066406 -45.62324905395508 -0.6000000238418579
    endloop
  endfacet
  facet normal -0.6804865394166382 0.6804492667793255 -0.27189495216396803
    outer loop
      vertex -64.77674865722656 -45.76253890991211 -2.5999999046325684
      vertex -64.63746643066406 -45.62324905395508 -2.5999999046325684
      vertex -61.61359786987305 -46.31532287597656 -11.899999618530273
    endloop
  endfacet
  facet normal -0.7071261468124335 0.707087415030278 0
    outer loop
      vertex -64.77674865722656 -45.76253890991211 -2.5999999046325684
      vertex -64.63746643066406 -45.62324905395508 -0.6000000238418579
      vertex -64.63746643066406 -45.62324905395508 -2.5999999046325684
    endloop
  endfacet
  facet normal -0.6804688711313184 0.6804688711313184 -0.27189010802627345
    outer loop
      vertex -64.77674865722656 -45.76253890991211 -2.5999999046325684
      vertex -61.61359786987305 -46.31532287597656 -11.899999618530273
      vertex -62.18467712402344 -46.88640213012695 -11.899999618530273
    endloop
  endfacet
  facet normal -0.5555579426316641 -0.8314778243458285 0
    outer loop
      vertex -64.63746643066406 -53.37675094604492 -2.5999999046325684
      vertex -64.47367858886719 -53.48618698120117 -2.5999999046325684
      vertex -64.47367858886719 -53.48618698120117 -0.6000000238418579
    endloop
  endfacet
  facet normal -0.5555579426316641 -0.8314778243458285 0
    outer loop
      vertex -64.63746643066406 -53.37675094604492 -2.5999999046325684
      vertex -64.47367858886719 -53.48618698120117 -0.6000000238418579
      vertex -64.63746643066406 -53.37675094604492 -0.6000000238418579
    endloop
  endfacet
  facet normal -0.5399200293575898 -0.8080462355828649 -0.23568547485761712
    outer loop
      vertex -64.63746643066406 -53.37675094604492 -2.5999999046325684
      vertex -61.61359786987305 -52.68467712402344 -11.899999618530273
      vertex -60.94207763671875 -53.13337326049805 -11.899999618530273
    endloop
  endfacet
  facet normal -0.5399081386458935 -0.8080554880402985 -0.23568099217349228
    outer loop
      vertex -64.63746643066406 -53.37675094604492 -2.5999999046325684
      vertex -60.94207763671875 -53.13337326049805 -11.899999618530273
      vertex -64.47367858886719 -53.48618698120117 -2.5999999046325684
    endloop
  endfacet
  facet normal -0.5555579426316641 0.8314778243458285 0
    outer loop
      vertex -64.63746643066406 -45.62324905395508 -2.5999999046325684
      vertex -64.63746643066406 -45.62324905395508 -0.6000000238418579
      vertex -64.47367858886719 -45.51381301879883 -2.5999999046325684
    endloop
  endfacet
  facet normal -0.5399081386458935 0.8080554880402985 -0.23568099217349228
    outer loop
      vertex -64.63746643066406 -45.62324905395508 -2.5999999046325684
      vertex -64.47367858886719 -45.51381301879883 -2.5999999046325684
      vertex -60.94207763671875 -45.86662673950195 -11.899999618530273
    endloop
  endfacet
  facet normal -0.5399200293575898 0.8080462355828649 -0.23568547485761712
    outer loop
      vertex -64.63746643066406 -45.62324905395508 -2.5999999046325684
      vertex -60.94207763671875 -45.86662673950195 -11.899999618530273
      vertex -61.61359786987305 -46.31532287597656 -11.899999618530273
    endloop
  endfacet
  facet normal -0.5555579426316641 0.8314778243458285 0
    outer loop
      vertex -64.63746643066406 -45.62324905395508 -0.6000000238418579
      vertex -64.47367858886719 -45.51381301879883 -0.6000000238418579
      vertex -64.47367858886719 -45.51381301879883 -2.5999999046325684
    endloop
  endfacet
  facet normal -0.38267846307975967 -0.9238815908410087 0
    outer loop
      vertex -64.47367858886719 -53.48618698120117 -2.5999999046325684
      vertex -64.29168701171875 -53.56156921386719 -2.5999999046325684
      vertex -64.29168701171875 -53.56156921386719 -0.6000000238418579
    endloop
  endfacet
  facet normal -0.38267846307975967 -0.9238815908410087 0
    outer loop
      vertex -64.47367858886719 -53.48618698120117 -2.5999999046325684
      vertex -64.29168701171875 -53.56156921386719 -0.6000000238418579
      vertex -64.47367858886719 -53.48618698120117 -0.6000000238418579
    endloop
  endfacet
  facet normal -0.3766015507893481 -0.9092104035756399 -0.17750412381936434
    outer loop
      vertex -64.47367858886719 -53.48618698120117 -2.5999999046325684
      vertex -60.94207763671875 -53.13337326049805 -11.899999618530273
      vertex -64.29168701171875 -53.56156921386719 -2.5999999046325684
    endloop
  endfacet
  facet normal -0.38267846307975967 0.9238815908410087 0
    outer loop
      vertex -64.47367858886719 -45.51381301879883 -2.5999999046325684
      vertex -64.47367858886719 -45.51381301879883 -0.6000000238418579
      vertex -64.29168701171875 -45.43843078613281 -2.5999999046325684
    endloop
  endfacet
  facet normal -0.3766015507893481 0.9092104035756399 -0.17750412381936434
    outer loop
      vertex -64.47367858886719 -45.51381301879883 -2.5999999046325684
      vertex -64.29168701171875 -45.43843078613281 -2.5999999046325684
      vertex -60.94207763671875 -45.86662673950195 -11.899999618530273
    endloop
  endfacet
  facet normal -0.38267846307975967 0.9238815908410087 0
    outer loop
      vertex -64.47367858886719 -45.51381301879883 -0.6000000238418579
      vertex -64.29168701171875 -45.43843078613281 -0.6000000238418579
      vertex -64.29168701171875 -45.43843078613281 -2.5999999046325684
    endloop
  endfacet
  facet normal -0.19508816561708434 -0.9807857093352048 0
    outer loop
      vertex -64.29168701171875 -53.56156921386719 -2.5999999046325684
      vertex -64.0984878540039 -53.599998474121094 -2.5999999046325684
      vertex -64.0984878540039 -53.599998474121094 -0.6000000238418579
    endloop
  endfacet
  facet normal -0.19508816561708434 -0.9807857093352048 0
    outer loop
      vertex -64.29168701171875 -53.56156921386719 -2.5999999046325684
      vertex -64.0984878540039 -53.599998474121094 -0.6000000238418579
      vertex -64.29168701171875 -53.56156921386719 -0.6000000238418579
    endloop
  endfacet
  facet normal -0.37660726563901176 -0.9092076592412375 -0.1775060557980393
    outer loop
      vertex -64.29168701171875 -53.56156921386719 -2.5999999046325684
      vertex -60.94207763671875 -53.13337326049805 -11.899999618530273
      vertex -60.195926666259766 -53.442440032958984 -11.899999618530273
    endloop
  endfacet
  facet normal -0.19414859060213457 -0.9760640242297518 -0.09800686390058248
    outer loop
      vertex -64.29168701171875 -53.56156921386719 -2.5999999046325684
      vertex -60.195926666259766 -53.442440032958984 -11.899999618530273
      vertex -59.40381622314453 -53.599998474121094 -11.899999618530273
    endloop
  endfacet
  facet normal -0.19414895652045464 -0.9760639320959842 -0.09800705659973898
    outer loop
      vertex -64.29168701171875 -53.56156921386719 -2.5999999046325684
      vertex -59.40381622314453 -53.599998474121094 -11.899999618530273
      vertex -64.0984878540039 -53.599998474121094 -2.5999999046325684
    endloop
  endfacet
  facet normal -0.19508816561708434 0.9807857093352048 0
    outer loop
      vertex -64.29168701171875 -45.43843078613281 -2.5999999046325684
      vertex -64.29168701171875 -45.43843078613281 -0.6000000238418579
      vertex -64.0984878540039 -45.400001525878906 -2.5999999046325684
    endloop
  endfacet
  facet normal -0.19414895652045464 0.9760639320959842 -0.09800705659973898
    outer loop
      vertex -64.29168701171875 -45.43843078613281 -2.5999999046325684
      vertex -64.0984878540039 -45.400001525878906 -2.5999999046325684
      vertex -59.40381622314453 -45.400001525878906 -11.899999618530273
    endloop
  endfacet
  facet normal -0.37660726563901176 0.9092076592412375 -0.1775060557980393
    outer loop
      vertex -64.29168701171875 -45.43843078613281 -2.5999999046325684
      vertex -60.195926666259766 -45.557559967041016 -11.899999618530273
      vertex -60.94207763671875 -45.86662673950195 -11.899999618530273
    endloop
  endfacet
  facet normal -0.19414859060213457 0.9760640242297518 -0.09800686390058248
    outer loop
      vertex -64.29168701171875 -45.43843078613281 -2.5999999046325684
      vertex -59.40381622314453 -45.400001525878906 -11.899999618530273
      vertex -60.195926666259766 -45.557559967041016 -11.899999618530273
    endloop
  endfacet
  facet normal -0.19508816561708434 0.9807857093352048 0
    outer loop
      vertex -64.29168701171875 -45.43843078613281 -0.6000000238418579
      vertex -64.0984878540039 -45.400001525878906 -0.6000000238418579
      vertex -64.0984878540039 -45.400001525878906 -2.5999999046325684
    endloop
  endfacet
  facet normal 0 -1 0
    outer loop
      vertex -64.0984878540039 -53.599998474121094 -2.5999999046325684
      vertex -59.40381622314453 -53.599998474121094 -11.899999618530273
      vertex -64.0984878540039 -53.599998474121094 -0.6000000238418579
    endloop
  endfacet
  facet normal 0 0 1
    outer loop
      vertex -64.0984878540039 -53.599998474121094 -0.6000000238418579
      vertex -60.242801666259766 -50.51993942260742 -0.6000000238418579
      vertex -60.41790008544922 -50.25788497924805 -0.6000000238418579
    endloop
  endfacet
  facet normal 0 0 1
    outer loop
      vertex -64.0984878540039 -53.599998474121094 -0.6000000238418579
      vertex -60.01993942260742 -50.742801666259766 -0.6000000238418579
      vertex -60.242801666259766 -50.51993942260742 -0.6000000238418579
    endloop
  endfacet
  facet normal 0 0 1
    outer loop
      vertex -64.0984878540039 -53.599998474121094 -0.6000000238418579
      vertex -59.75788497924805 -50.91790008544922 -0.6000000238418579
      vertex -60.01993942260742 -50.742801666259766 -0.6000000238418579
    endloop
  endfacet
  facet normal 0 0 1
    outer loop
      vertex -64.0984878540039 -53.599998474121094 -0.6000000238418579
      vertex -59.46670150756836 -51.03851318359375 -0.6000000238418579
      vertex -59.75788497924805 -50.91790008544922 -0.6000000238418579
    endloop
  endfacet
  facet normal 0 -1 0
    outer loop
      vertex -64.0984878540039 -53.599998474121094 -0.6000000238418579
      vertex -59.40381622314453 -53.599998474121094 -11.899999618530273
      vertex -35.90150833129883 -53.599998474121094 -0.6000000238418579
    endloop
  endfacet
  facet normal 0 0 1
    outer loop
      vertex -64.0984878540039 -53.599998474121094 -0.6000000238418579
      vertex -59.15758514404297 -51.099998474121094 -0.6000000238418579
      vertex -59.46670150756836 -51.03851318359375 -0.6000000238418579
    endloop
  endfacet
  facet normal 0 0 1
    outer loop
      vertex -64.0984878540039 -53.599998474121094 -0.6000000238418579
      vertex -58.84241485595703 -51.099998474121094 -0.6000000238418579
      vertex -59.15758514404297 -51.099998474121094 -0.6000000238418579
    endloop
  endfacet
  facet normal 0 0 1
    outer loop
      vertex -64.0984878540039 -53.599998474121094 -0.6000000238418579
      vertex -58.53329849243164 -51.03851318359375 -0.6000000238418579
      vertex -58.84241485595703 -51.099998474121094 -0.6000000238418579
    endloop
  endfacet
  facet normal 0 0 1
    outer loop
      vertex -64.0984878540039 -53.599998474121094 -0.6000000238418579
      vertex -54.09849166870117 -50.900001525878906 -0.6000000238418579
      vertex -58.53329849243164 -51.03851318359375 -0.6000000238418579
    endloop
  endfacet
  facet normal 0 0 1
    outer loop
      vertex -64.0984878540039 -53.599998474121094 -0.6000000238418579
      vertex -35.90150833129883 -53.599998474121094 -0.6000000238418579
      vertex -54.09849166870117 -50.900001525878906 -0.6000000238418579
    endloop
  endfacet
  facet normal 0 1 0
    outer loop
      vertex -64.0984878540039 -45.400001525878906 -2.5999999046325684
      vertex -64.0984878540039 -45.400001525878906 -0.6000000238418579
      vertex -37.12132263183594 -45.400001525878906 -0.6000000238418579
    endloop
  endfacet
  facet normal 0 1 0
    outer loop
      vertex -64.0984878540039 -45.400001525878906 -2.5999999046325684
      vertex -37.12132263183594 -45.400001525878906 -0.6000000238418579
      vertex -59.40381622314453 -45.400001525878906 -11.899999618530273
    endloop
  endfacet
  facet normal 0 0 1
    outer loop
      vertex -64.0984878540039 -45.400001525878906 -0.6000000238418579
      vertex -60.41790008544922 -48.74211502075195 -0.6000000238418579
      vertex -60.242801666259766 -48.48006057739258 -0.6000000238418579
    endloop
  endfacet
  facet normal 0 0 1
    outer loop
      vertex -64.0984878540039 -45.400001525878906 -0.6000000238418579
      vertex -60.242801666259766 -48.48006057739258 -0.6000000238418579
      vertex -60.01993942260742 -48.257198333740234 -0.6000000238418579
    endloop
  endfacet
  facet normal 0 0 1
    outer loop
      vertex -64.0984878540039 -45.400001525878906 -0.6000000238418579
      vertex -60.01993942260742 -48.257198333740234 -0.6000000238418579
      vertex -59.75788497924805 -48.08209991455078 -0.6000000238418579
    endloop
  endfacet
  facet normal 0 0 1
    outer loop
      vertex -64.0984878540039 -45.400001525878906 -0.6000000238418579
      vertex -59.75788497924805 -48.08209991455078 -0.6000000238418579
      vertex -59.46670150756836 -47.96148681640625 -0.6000000238418579
    endloop
  endfacet
  facet normal 0 0 1
    outer loop
      vertex -64.0984878540039 -45.400001525878906 -0.6000000238418579
      vertex -59.46670150756836 -47.96148681640625 -0.6000000238418579
      vertex -59.15758514404297 -47.900001525878906 -0.6000000238418579
    endloop
  endfacet
  facet normal 0 0 1
    outer loop
      vertex -64.0984878540039 -45.400001525878906 -0.6000000238418579
      vertex -59.15758514404297 -47.900001525878906 -0.6000000238418579
      vertex -58.84241485595703 -47.900001525878906 -0.6000000238418579
    endloop
  endfacet
  facet normal 0 0 1
    outer loop
      vertex -64.0984878540039 -45.400001525878906 -0.6000000238418579
      vertex -58.84241485595703 -47.900001525878906 -0.6000000238418579
      vertex -58.53329849243164 -47.96148681640625 -0.6000000238418579
    endloop
  endfacet
  facet normal 0 0 1
    outer loop
      vertex -64.0984878540039 -45.400001525878906 -0.6000000238418579
      vertex -58.53329849243164 -47.96148681640625 -0.6000000238418579
      vertex -54.09849166870117 -48.099998474121094 -0.6000000238418579
    endloop
  endfacet
  facet normal 0 0 1
    outer loop
      vertex -64.0984878540039 -45.400001525878906 -0.6000000238418579
      vertex -54.09849166870117 -48.099998474121094 -0.6000000238418579
      vertex -37.12132263183594 -45.400001525878906 -0.6000000238418579
    endloop
  endfacet
  facet normal 0 0 -1
    outer loop
      vertex -63.099998474121094 -49.90381622314453 -11.899999618530273
      vertex -63.099998474121094 -49.09618377685547 -11.899999618530273
      vertex -62.099998474121094 -49.194679260253906 -11.899999618530273
    endloop
  endfacet
  facet normal 0 0 -1
    outer loop
      vertex -63.099998474121094 -49.90381622314453 -11.899999618530273
      vertex -62.099998474121094 -49.805320739746094 -11.899999618530273
      vertex -62.942440032958984 -50.695926666259766 -11.899999618530273
    endloop
  endfacet
  facet normal 0 0 -1
    outer loop
      vertex -63.099998474121094 -49.90381622314453 -11.899999618530273
      vertex -62.099998474121094 -49.194679260253906 -11.899999618530273
      vertex -62.099998474121094 -49.805320739746094 -11.899999618530273
    endloop
  endfacet
  facet normal 0 0 -1
    outer loop
      vertex -63.099998474121094 -49.09618377685547 -11.899999618530273
      vertex -62.942440032958984 -48.304073333740234 -11.899999618530273
      vertex -62.099998474121094 -49.194679260253906 -11.899999618530273
    endloop
  endfacet
  facet normal 0 0 -1
    outer loop
      vertex -62.942440032958984 -50.695926666259766 -11.899999618530273
      vertex -62.099998474121094 -49.805320739746094 -11.899999618530273
      vertex -61.98086929321289 -50.40423583984375 -11.899999618530273
    endloop
  endfacet
  facet normal 0 0 -1
    outer loop
      vertex -62.942440032958984 -50.695926666259766 -11.899999618530273
      vertex -61.98086929321289 -50.40423583984375 -11.899999618530273
      vertex -62.63337326049805 -51.44207763671875 -11.899999618530273
    endloop
  endfacet
  facet normal 0 0 -1
    outer loop
      vertex -62.942440032958984 -48.304073333740234 -11.899999618530273
      vertex -62.63337326049805 -47.55792236328125 -11.899999618530273
      vertex -61.98086929321289 -48.59576416015625 -11.899999618530273
    endloop
  endfacet
  facet normal 0 0 -1
    outer loop
      vertex -62.942440032958984 -48.304073333740234 -11.899999618530273
      vertex -61.98086929321289 -48.59576416015625 -11.899999618530273
      vertex -62.099998474121094 -49.194679260253906 -11.899999618530273
    endloop
  endfacet
  facet normal 0 0 -1
    outer loop
      vertex -62.63337326049805 -51.44207763671875 -11.899999618530273
      vertex -61.98086929321289 -50.40423583984375 -11.899999618530273
      vertex -61.74718475341797 -50.96839904785156 -11.899999618530273
    endloop
  endfacet
  facet normal 0 0 -1
    outer loop
      vertex -62.63337326049805 -51.44207763671875 -11.899999618530273
      vertex -61.74718475341797 -50.96839904785156 -11.899999618530273
      vertex -62.18467712402344 -52.11359786987305 -11.899999618530273
    endloop
  endfacet
  facet normal 0 0 -1
    outer loop
      vertex -62.63337326049805 -47.55792236328125 -11.899999618530273
      vertex -62.18467712402344 -46.88640213012695 -11.899999618530273
      vertex -61.74718475341797 -48.03160095214844 -11.899999618530273
    endloop
  endfacet
  facet normal 0 0 -1
    outer loop
      vertex -62.63337326049805 -47.55792236328125 -11.899999618530273
      vertex -61.74718475341797 -48.03160095214844 -11.899999618530273
      vertex -61.98086929321289 -48.59576416015625 -11.899999618530273
    endloop
  endfacet
  facet normal 0 0 -1
    outer loop
      vertex -62.18467712402344 -52.11359786987305 -11.899999618530273
      vertex -61.74718475341797 -50.96839904785156 -11.899999618530273
      vertex -61.407928466796875 -51.47613525390625 -11.899999618530273
    endloop
  endfacet
  facet normal 0 0 -1
    outer loop
      vertex -62.18467712402344 -52.11359786987305 -11.899999618530273
      vertex -61.407928466796875 -51.47613525390625 -11.899999618530273
      vertex -61.61359786987305 -52.68467712402344 -11.899999618530273
    endloop
  endfacet
  facet normal 0 0 -1
    outer loop
      vertex -62.18467712402344 -46.88640213012695 -11.899999618530273
      vertex -61.61359786987305 -46.31532287597656 -11.899999618530273
      vertex -61.407928466796875 -47.52386474609375 -11.899999618530273
    endloop
  endfacet
  facet normal 0 0 -1
    outer loop
      vertex -62.18467712402344 -46.88640213012695 -11.899999618530273
      vertex -61.407928466796875 -47.52386474609375 -11.899999618530273
      vertex -61.74718475341797 -48.03160095214844 -11.899999618530273
    endloop
  endfacet
  facet normal 0.9807860447972812 0.19508647910838264 0
    outer loop
      vertex -62.099998474121094 -49.805320739746094 -11.899999618530273
      vertex -62.099998474121094 -49.805320739746094 -3.4000000953674316
      vertex -61.98086929321289 -50.40423583984375 -3.4000000953674316
    endloop
  endfacet
  facet normal 1 0 0
    outer loop
      vertex -62.099998474121094 -49.805320739746094 -11.899999618530273
      vertex -62.099998474121094 -49.194679260253906 -11.899999618530273
      vertex -62.099998474121094 -49.805320739746094 -3.4000000953674316
    endloop
  endfacet
  facet normal 0.9807860447972812 0.19508647910838264 0
    outer loop
      vertex -62.099998474121094 -49.805320739746094 -11.899999618530273
      vertex -61.98086929321289 -50.40423583984375 -3.4000000953674316
      vertex -61.98086929321289 -50.40423583984375 -11.899999618530273
    endloop
  endfacet
  facet normal 1 0 0
    outer loop
      vertex -62.099998474121094 -49.805320739746094 -3.4000000953674316
      vertex -62.099998474121094 -49.194679260253906 -11.899999618530273
      vertex -62.099998474121094 -49.194679260253906 -3.4000000953674316
    endloop
  endfacet
  facet normal 0 0 -1
    outer loop
      vertex -62.099998474121094 -49.805320739746094 -3.4000000953674316
      vertex -62.099998474121094 -49.194679260253906 -3.4000000953674316
      vertex -60.599998474121094 -47.900001525878906 -3.4000000953674316
    endloop
  endfacet
  facet normal 0 0 -1
    outer loop
      vertex -62.099998474121094 -49.805320739746094 -3.4000000953674316
      vertex -60.599998474121094 -51.099998474121094 -3.4000000953674316
      vertex -61.98086929321289 -50.40423583984375 -3.4000000953674316
    endloop
  endfacet
  facet normal 0 0 -1
    outer loop
      vertex -62.099998474121094 -49.805320739746094 -3.4000000953674316
      vertex -60.599998474121094 -47.900001525878906 -3.4000000953674316
      vertex -60.599998474121094 -51.099998474121094 -3.4000000953674316
    endloop
  endfacet
  facet normal 0.9807860447972812 -0.19508647910838264 0
    outer loop
      vertex -62.099998474121094 -49.194679260253906 -11.899999618530273
      vertex -61.98086929321289 -48.59576416015625 -11.899999618530273
      vertex -62.099998474121094 -49.194679260253906 -3.4000000953674316
    endloop
  endfacet
  facet normal 0.9807860447972812 -0.19508647910838264 0
    outer loop
      vertex -62.099998474121094 -49.194679260253906 -3.4000000953674316
      vertex -61.98086929321289 -48.59576416015625 -11.899999618530273
      vertex -61.98086929321289 -48.59576416015625 -3.4000000953674316
    endloop
  endfacet
  facet normal 0 0 -1
    outer loop
      vertex -62.099998474121094 -49.194679260253906 -3.4000000953674316
      vertex -61.98086929321289 -48.59576416015625 -3.4000000953674316
      vertex -60.599998474121094 -47.900001525878906 -3.4000000953674316
    endloop
  endfacet
  facet normal 0.9238792501724207 0.38268411399069807 0
    outer loop
      vertex -61.98086929321289 -50.40423583984375 -11.899999618530273
      vertex -61.98086929321289 -50.40423583984375 -3.4000000953674316
      vertex -61.74718475341797 -50.96839904785156 -3.4000000953674316
    endloop
  endfacet
  facet normal 0.9238792501724207 0.38268411399069807 0
    outer loop
      vertex -61.98086929321289 -50.40423583984375 -11.899999618530273
      vertex -61.74718475341797 -50.96839904785156 -3.4000000953674316
      vertex -61.74718475341797 -50.96839904785156 -11.899999618530273
    endloop
  endfacet
  facet normal 0 0 -1
    outer loop
      vertex -61.98086929321289 -50.40423583984375 -3.4000000953674316
      vertex -60.599998474121094 -51.099998474121094 -3.4000000953674316
      vertex -61.74718475341797 -50.96839904785156 -3.4000000953674316
    endloop
  endfacet
  facet normal 0.9238792501724207 -0.38268411399069807 0
    outer loop
      vertex -61.98086929321289 -48.59576416015625 -11.899999618530273
      vertex -61.74718475341797 -48.03160095214844 -11.899999618530273
      vertex -61.98086929321289 -48.59576416015625 -3.4000000953674316
    endloop
  endfacet
  facet normal 0.9238792501724207 -0.38268411399069807 0
    outer loop
      vertex -61.98086929321289 -48.59576416015625 -3.4000000953674316
      vertex -61.74718475341797 -48.03160095214844 -11.899999618530273
      vertex -61.74718475341797 -48.03160095214844 -3.4000000953674316
    endloop
  endfacet
  facet normal 0 0 -1
    outer loop
      vertex -61.98086929321289 -48.59576416015625 -3.4000000953674316
      vertex -61.74718475341797 -48.03160095214844 -3.4000000953674316
      vertex -60.599998474121094 -47.900001525878906 -3.4000000953674316
    endloop
  endfacet
  facet normal 0.8314676822931371 0.5555731214719434 0
    outer loop
      vertex -61.74718475341797 -50.96839904785156 -11.899999618530273
      vertex -61.74718475341797 -50.96839904785156 -3.4000000953674316
      vertex -61.65925216674805 -51.099998474121094 -3.5999999046325684
    endloop
  endfacet
  facet normal 0.8314712765152673 0.5555677423411629 -1.2336624202556316e-7
    outer loop
      vertex -61.74718475341797 -50.96839904785156 -11.899999618530273
      vertex -61.65925216674805 -51.099998474121094 -3.5999999046325684
      vertex -61.407928466796875 -51.47613525390625 -11.899999618530273
    endloop
  endfacet
  facet normal 0.8314676822931371 0.5555731214719434 0
    outer loop
      vertex -61.74718475341797 -50.96839904785156 -3.4000000953674316
      vertex -61.65925216674805 -51.099998474121094 -3.4000000953674316
      vertex -61.65925216674805 -51.099998474121094 -3.5999999046325684
    endloop
  endfacet
  facet normal 0 0 -1
    outer loop
      vertex -61.74718475341797 -50.96839904785156 -3.4000000953674316
      vertex -60.599998474121094 -51.099998474121094 -3.4000000953674316
      vertex -61.65925216674805 -51.099998474121094 -3.4000000953674316
    endloop
  endfacet
  facet normal 0.8314676822931371 -0.5555731214719434 0
    outer loop
      vertex -61.74718475341797 -48.03160095214844 -11.899999618530273
      vertex -61.65925216674805 -47.900001525878906 -3.5999999046325684
      vertex -61.74718475341797 -48.03160095214844 -3.4000000953674316
    endloop
  endfacet
  facet normal 0.8314712765152673 -0.5555677423411629 -1.2336624202556316e-7
    outer loop
      vertex -61.74718475341797 -48.03160095214844 -11.899999618530273
      vertex -61.407928466796875 -47.52386474609375 -11.899999618530273
      vertex -61.65925216674805 -47.900001525878906 -3.5999999046325684
    endloop
  endfacet
  facet normal 0.8314676822931371 -0.5555731214719434 0
    outer loop
      vertex -61.74718475341797 -48.03160095214844 -3.4000000953674316
      vertex -61.65925216674805 -47.900001525878906 -3.5999999046325684
      vertex -61.65925216674805 -47.900001525878906 -3.4000000953674316
    endloop
  endfacet
  facet normal 0 0 -1
    outer loop
      vertex -61.74718475341797 -48.03160095214844 -3.4000000953674316
      vertex -61.65925216674805 -47.900001525878906 -3.4000000953674316
      vertex -60.599998474121094 -47.900001525878906 -3.4000000953674316
    endloop
  endfacet
  facet normal 0 1 0
    outer loop
      vertex -61.65925216674805 -51.099998474121094 -3.5999999046325684
      vertex -61.65925216674805 -51.099998474121094 -3.4000000953674316
      vertex -60.599998474121094 -51.099998474121094 -3.4000000953674316
    endloop
  endfacet
  facet normal 0.8314725340292033 0.5555658603217583 0
    outer loop
      vertex -61.65925216674805 -51.099998474121094 -3.5999999046325684
      vertex -61.407928466796875 -51.47613525390625 -3.5999999046325684
      vertex -61.407928466796875 -51.47613525390625 -11.899999618530273
    endloop
  endfacet
  facet normal 0 0 -1
    outer loop
      vertex -61.65925216674805 -51.099998474121094 -3.5999999046325684
      vertex -60.97613525390625 -51.907928466796875 -3.5999999046325684
      vertex -61.407928466796875 -51.47613525390625 -3.5999999046325684
    endloop
  endfacet
  facet normal 0 1 0
    outer loop
      vertex -61.65925216674805 -51.099998474121094 -3.5999999046325684
      vertex -60.599998474121094 -51.099998474121094 -3.4000000953674316
      vertex -56.34074783325195 -51.099998474121094 -3.5999999046325684
    endloop
  endfacet
  facet normal 0 0 -1
    outer loop
      vertex -61.65925216674805 -51.099998474121094 -3.5999999046325684
      vertex -56.34074783325195 -51.099998474121094 -3.5999999046325684
      vertex -60.97613525390625 -51.907928466796875 -3.5999999046325684
    endloop
  endfacet
  facet normal 0.8314725340292033 -0.5555658603217583 0
    outer loop
      vertex -61.65925216674805 -47.900001525878906 -3.5999999046325684
      vertex -61.407928466796875 -47.52386474609375 -11.899999618530273
      vertex -61.407928466796875 -47.52386474609375 -3.5999999046325684
    endloop
  endfacet
  facet normal 0 0 -1
    outer loop
      vertex -61.65925216674805 -47.900001525878906 -3.5999999046325684
      vertex -61.407928466796875 -47.52386474609375 -3.5999999046325684
      vertex -60.97613525390625 -47.092071533203125 -3.5999999046325684
    endloop
  endfacet
  facet normal 0 0 -1
    outer loop
      vertex -61.65925216674805 -47.900001525878906 -3.5999999046325684
      vertex -60.97613525390625 -47.092071533203125 -3.5999999046325684
      vertex -56.34074783325195 -47.900001525878906 -3.5999999046325684
    endloop
  endfacet
  facet normal 0 -1 0
    outer loop
      vertex -61.65925216674805 -47.900001525878906 -3.5999999046325684
      vertex -60.599998474121094 -47.900001525878906 -3.4000000953674316
      vertex -61.65925216674805 -47.900001525878906 -3.4000000953674316
    endloop
  endfacet
  facet normal 0 -1 0
    outer loop
      vertex -61.65925216674805 -47.900001525878906 -3.5999999046325684
      vertex -57.400001525878906 -47.900001525878906 -3.4000000953674316
      vertex -60.599998474121094 -47.900001525878906 -3.4000000953674316
    endloop
  endfacet
  facet normal 0 -1 0
    outer loop
      vertex -61.65925216674805 -47.900001525878906 -3.5999999046325684
      vertex -56.34074783325195 -47.900001525878906 -3.5999999046325684
      vertex -57.400001525878906 -47.900001525878906 -3.4000000953674316
    endloop
  endfacet
  facet normal 0 0 -1
    outer loop
      vertex -61.61359786987305 -52.68467712402344 -11.899999618530273
      vertex -61.407928466796875 -51.47613525390625 -11.899999618530273
      vertex -60.97613525390625 -51.907928466796875 -11.899999618530273
    endloop
  endfacet
  facet normal 0 0 -1
    outer loop
      vertex -61.61359786987305 -52.68467712402344 -11.899999618530273
      vertex -60.97613525390625 -51.907928466796875 -11.899999618530273
      vertex -60.94207763671875 -53.13337326049805 -11.899999618530273
    endloop
  endfacet
  facet normal 0 0 -1
    outer loop
      vertex -61.61359786987305 -46.31532287597656 -11.899999618530273
      vertex -60.97613525390625 -47.092071533203125 -11.899999618530273
      vertex -61.407928466796875 -47.52386474609375 -11.899999618530273
    endloop
  endfacet
  facet normal 0 0 -1
    outer loop
      vertex -61.61359786987305 -46.31532287597656 -11.899999618530273
      vertex -60.94207763671875 -45.86662673950195 -11.899999618530273
      vertex -60.97613525390625 -47.092071533203125 -11.899999618530273
    endloop
  endfacet
  facet normal 0.7071067811865476 0.7071067811865476 0
    outer loop
      vertex -61.407928466796875 -51.47613525390625 -11.899999618530273
      vertex -61.407928466796875 -51.47613525390625 -3.5999999046325684
      vertex -60.97613525390625 -51.907928466796875 -3.5999999046325684
    endloop
  endfacet
  facet normal 0.7071067811865476 0.7071067811865476 0
    outer loop
      vertex -61.407928466796875 -51.47613525390625 -11.899999618530273
      vertex -60.97613525390625 -51.907928466796875 -3.5999999046325684
      vertex -60.97613525390625 -51.907928466796875 -11.899999618530273
    endloop
  endfacet
  facet normal 0.7071067811865476 -0.7071067811865476 0
    outer loop
      vertex -61.407928466796875 -47.52386474609375 -11.899999618530273
      vertex -60.97613525390625 -47.092071533203125 -11.899999618530273
      vertex -61.407928466796875 -47.52386474609375 -3.5999999046325684
    endloop
  endfacet
  facet normal 0.7071067811865476 -0.7071067811865476 0
    outer loop
      vertex -61.407928466796875 -47.52386474609375 -3.5999999046325684
      vertex -60.97613525390625 -47.092071533203125 -11.899999618530273
      vertex -60.97613525390625 -47.092071533203125 -3.5999999046325684
    endloop
  endfacet
  facet normal 0.5555677423411671 0.8314712765152736 0
    outer loop
      vertex -60.97613525390625 -51.907928466796875 -11.899999618530273
      vertex -60.97613525390625 -51.907928466796875 -3.5999999046325684
      vertex -60.46839904785156 -52.24718475341797 -11.899999618530273
    endloop
  endfacet
  facet normal 0 0 -1
    outer loop
      vertex -60.97613525390625 -51.907928466796875 -11.899999618530273
      vertex -60.46839904785156 -52.24718475341797 -11.899999618530273
      vertex -60.94207763671875 -53.13337326049805 -11.899999618530273
    endloop
  endfacet
  facet normal 0.5555677423411671 0.8314712765152736 0
    outer loop
      vertex -60.97613525390625 -51.907928466796875 -3.5999999046325684
      vertex -60.46839904785156 -52.24718475341797 -3.5999999046325684
      vertex -60.46839904785156 -52.24718475341797 -11.899999618530273
    endloop
  endfacet
  facet normal 0 0 -1
    outer loop
      vertex -60.97613525390625 -51.907928466796875 -3.5999999046325684
      vertex -56.34074783325195 -51.099998474121094 -3.5999999046325684
      vertex -60.46839904785156 -52.24718475341797 -3.5999999046325684
    endloop
  endfacet
  facet normal 0 0 -1
    outer loop
      vertex -60.97613525390625 -47.092071533203125 -11.899999618530273
      vertex -60.94207763671875 -45.86662673950195 -11.899999618530273
      vertex -60.46839904785156 -46.75281524658203 -11.899999618530273
    endloop
  endfacet
  facet normal 0.5555677423411671 -0.8314712765152736 0
    outer loop
      vertex -60.97613525390625 -47.092071533203125 -11.899999618530273
      vertex -60.46839904785156 -46.75281524658203 -11.899999618530273
      vertex -60.46839904785156 -46.75281524658203 -3.5999999046325684
    endloop
  endfacet
  facet normal 0.5555677423411671 -0.8314712765152736 0
    outer loop
      vertex -60.97613525390625 -47.092071533203125 -11.899999618530273
      vertex -60.46839904785156 -46.75281524658203 -3.5999999046325684
      vertex -60.97613525390625 -47.092071533203125 -3.5999999046325684
    endloop
  endfacet
  facet normal 0 0 -1
    outer loop
      vertex -60.97613525390625 -47.092071533203125 -3.5999999046325684
      vertex -60.46839904785156 -46.75281524658203 -3.5999999046325684
      vertex -56.34074783325195 -47.900001525878906 -3.5999999046325684
    endloop
  endfacet
  facet normal 0 0 -1
    outer loop
      vertex -60.94207763671875 -53.13337326049805 -11.899999618530273
      vertex -60.46839904785156 -52.24718475341797 -11.899999618530273
      vertex -60.195926666259766 -53.442440032958984 -11.899999618530273
    endloop
  endfacet
  facet normal 0 0 -1
    outer loop
      vertex -60.94207763671875 -45.86662673950195 -11.899999618530273
      vertex -60.195926666259766 -45.557559967041016 -11.899999618530273
      vertex -60.46839904785156 -46.75281524658203 -11.899999618530273
    endloop
  endfacet
  facet normal 0 1 0
    outer loop
      vertex -60.599998474121094 -51.099998474121094 -3.4000000953674316
      vertex -60.599998474121094 -51.099998474121094 -3.200000286102295
      vertex -59.662742614746094 -51.099998474121094 -3.200000286102295
    endloop
  endfacet
  facet normal 1 0 0
    outer loop
      vertex -60.599998474121094 -51.099998474121094 -3.4000000953674316
      vertex -60.599998474121094 -50.162742614746094 -3.200000286102295
      vertex -60.599998474121094 -51.099998474121094 -3.200000286102295
    endloop
  endfacet
  facet normal 1 0 0
    outer loop
      vertex -60.599998474121094 -51.099998474121094 -3.4000000953674316
      vertex -60.599998474121094 -47.900001525878906 -3.4000000953674316
      vertex -60.599998474121094 -50.162742614746094 -3.200000286102295
    endloop
  endfacet
  facet normal 0 1 0
    outer loop
      vertex -60.599998474121094 -51.099998474121094 -3.4000000953674316
      vertex -59.662742614746094 -51.099998474121094 -3.200000286102295
      vertex -57.400001525878906 -51.099998474121094 -3.4000000953674316
    endloop
  endfacet
  facet normal 0 1 0
    outer loop
      vertex -60.599998474121094 -51.099998474121094 -3.4000000953674316
      vertex -57.400001525878906 -51.099998474121094 -3.4000000953674316
      vertex -56.34074783325195 -51.099998474121094 -3.5999999046325684
    endloop
  endfacet
  facet normal 0 0 -1
    outer loop
      vertex -60.599998474121094 -51.099998474121094 -3.200000286102295
      vertex -60.599998474121094 -50.162742614746094 -3.200000286102295
      vertex -59.662742614746094 -51.099998474121094 -3.200000286102295
    endloop
  endfacet
  facet normal 0.7071067811865476 0.7071067811865476 0
    outer loop
      vertex -60.599998474121094 -50.162742614746094 -3.200000286102295
      vertex -60.599998474121094 -50.162742614746094 -3.000000476837158
      vertex -60.242801666259766 -50.51993942260742 -3.000000476837158
    endloop
  endfacet
  facet normal 1 0 0
    outer loop
      vertex -60.599998474121094 -50.162742614746094 -3.200000286102295
      vertex -60.599998474121094 -49.65758514404297 -3.000000476837158
      vertex -60.599998474121094 -50.162742614746094 -3.000000476837158
    endloop
  endfacet
  facet normal 1 0 0
    outer loop
      vertex -60.599998474121094 -50.162742614746094 -3.200000286102295
      vertex -60.599998474121094 -48.837257385253906 -3.200000286102295
      vertex -60.599998474121094 -49.65758514404297 -3.000000476837158
    endloop
  endfacet
  facet normal 1 0 0
    outer loop
      vertex -60.599998474121094 -50.162742614746094 -3.200000286102295
      vertex -60.599998474121094 -47.900001525878906 -3.4000000953674316
      vertex -60.599998474121094 -48.837257385253906 -3.200000286102295
    endloop
  endfacet
  facet normal 0.7071067811865476 0.7071067811865476 0
    outer loop
      vertex -60.599998474121094 -50.162742614746094 -3.200000286102295
      vertex -60.242801666259766 -50.51993942260742 -3.000000476837158
      vertex -60.01993942260742 -50.742801666259766 -3.000000476837158
    endloop
  endfacet
  facet normal 0.7071067811865476 0.7071067811865476 0
    outer loop
      vertex -60.599998474121094 -50.162742614746094 -3.200000286102295
      vertex -60.01993942260742 -50.742801666259766 -3.000000476837158
      vertex -59.662742614746094 -51.099998474121094 -3.200000286102295
    endloop
  endfacet
  facet normal 0 0 -1
    outer loop
      vertex -60.599998474121094 -50.162742614746094 -3.000000476837158
      vertex -60.599998474121094 -49.65758514404297 -3.000000476837158
      vertex -60.53851318359375 -49.96670150756836 -3.000000476837158
    endloop
  endfacet
  facet normal 0 0 -1
    outer loop
      vertex -60.599998474121094 -50.162742614746094 -3.000000476837158
      vertex -60.53851318359375 -49.96670150756836 -3.000000476837158
      vertex -60.41790008544922 -50.25788497924805 -3.000000476837158
    endloop
  endfacet
  facet normal 0 0 -1
    outer loop
      vertex -60.599998474121094 -50.162742614746094 -3.000000476837158
      vertex -60.41790008544922 -50.25788497924805 -3.000000476837158
      vertex -60.242801666259766 -50.51993942260742 -3.000000476837158
    endloop
  endfacet
  facet normal 0.980786359292881 0.19508489799319606 0
    outer loop
      vertex -60.599998474121094 -49.65758514404297 -3.000000476837158
      vertex -60.599998474121094 -49.65758514404297 -0.6000000238418579
      vertex -60.53851318359375 -49.96670150756836 -0.6000000238418579
    endloop
  endfacet
  facet normal 1 0 0
    outer loop
      vertex -60.599998474121094 -49.65758514404297 -3.000000476837158
      vertex -60.599998474121094 -49.34241485595703 -3.000000476837158
      vertex -60.599998474121094 -49.65758514404297 -0.6000000238418579
    endloop
  endfacet
  facet normal 1 0 0
    outer loop
      vertex -60.599998474121094 -49.65758514404297 -3.000000476837158
      vertex -60.599998474121094 -48.837257385253906 -3.200000286102295
      vertex -60.599998474121094 -49.34241485595703 -3.000000476837158
    endloop
  endfacet
  facet normal 0.980786359292881 0.19508489799319606 0
    outer loop
      vertex -60.599998474121094 -49.65758514404297 -3.000000476837158
      vertex -60.53851318359375 -49.96670150756836 -0.6000000238418579
      vertex -60.53851318359375 -49.96670150756836 -3.000000476837158
    endloop
  endfacet
  facet normal 1 0 0
    outer loop
      vertex -60.599998474121094 -49.65758514404297 -0.6000000238418579
      vertex -60.599998474121094 -49.34241485595703 -3.000000476837158
      vertex -60.599998474121094 -49.34241485595703 -0.6000000238418579
    endloop
  endfacet
  facet normal 1 0 0
    outer loop
      vertex -60.599998474121094 -49.34241485595703 -3.000000476837158
      vertex -60.599998474121094 -48.837257385253906 -3.200000286102295
      vertex -60.599998474121094 -48.837257385253906 -3.000000476837158
    endloop
  endfacet
  facet normal 0 0 -1
    outer loop
      vertex -60.599998474121094 -49.34241485595703 -3.000000476837158
      vertex -60.599998474121094 -48.837257385253906 -3.000000476837158
      vertex -60.53851318359375 -49.03329849243164 -3.000000476837158
    endloop
  endfacet
  facet normal 0.980786359292881 -0.19508489799319606 0
    outer loop
      vertex -60.599998474121094 -49.34241485595703 -3.000000476837158
      vertex -60.53851318359375 -49.03329849243164 -3.000000476837158
      vertex -60.599998474121094 -49.34241485595703 -0.6000000238418579
    endloop
  endfacet
  facet normal 0.980786359292881 -0.19508489799319606 0
    outer loop
      vertex -60.599998474121094 -49.34241485595703 -0.6000000238418579
      vertex -60.53851318359375 -49.03329849243164 -3.000000476837158
      vertex -60.53851318359375 -49.03329849243164 -0.6000000238418579
    endloop
  endfacet
  facet normal 1 0 0
    outer loop
      vertex -60.599998474121094 -48.837257385253906 -3.200000286102295
      vertex -60.599998474121094 -47.900001525878906 -3.4000000953674316
      vertex -60.599998474121094 -47.900001525878906 -3.200000286102295
    endloop
  endfacet
  facet normal 0 0 -1
    outer loop
      vertex -60.599998474121094 -48.837257385253906 -3.200000286102295
      vertex -60.599998474121094 -47.900001525878906 -3.200000286102295
      vertex -59.662742614746094 -47.900001525878906 -3.200000286102295
    endloop
  endfacet
  facet normal 0.7071067811865476 -0.7071067811865476 0
    outer loop
      vertex -60.599998474121094 -48.837257385253906 -3.200000286102295
      vertex -60.242801666259766 -48.48006057739258 -3.000000476837158
      vertex -60.599998474121094 -48.837257385253906 -3.000000476837158
    endloop
  endfacet
  facet normal 0.7071067811865476 -0.7071067811865476 0
    outer loop
      vertex -60.599998474121094 -48.837257385253906 -3.200000286102295
      vertex -59.662742614746094 -47.900001525878906 -3.200000286102295
      vertex -60.242801666259766 -48.48006057739258 -3.000000476837158
    endloop
  endfacet
  facet normal 0 0 -1
    outer loop
      vertex -60.599998474121094 -48.837257385253906 -3.000000476837158
      vertex -60.41790008544922 -48.74211502075195 -3.000000476837158
      vertex -60.53851318359375 -49.03329849243164 -3.000000476837158
    endloop
  endfacet
  facet normal 0 0 -1
    outer loop
      vertex -60.599998474121094 -48.837257385253906 -3.000000476837158
      vertex -60.242801666259766 -48.48006057739258 -3.000000476837158
      vertex -60.41790008544922 -48.74211502075195 -3.000000476837158
    endloop
  endfacet
  facet normal 0 -1 0
    outer loop
      vertex -60.599998474121094 -47.900001525878906 -3.4000000953674316
      vertex -59.662742614746094 -47.900001525878906 -3.200000286102295
      vertex -60.599998474121094 -47.900001525878906 -3.200000286102295
    endloop
  endfacet
  facet normal 0 -1 0
    outer loop
      vertex -60.599998474121094 -47.900001525878906 -3.4000000953674316
      vertex -58.337257385253906 -47.900001525878906 -3.200000286102295
      vertex -59.662742614746094 -47.900001525878906 -3.200000286102295
    endloop
  endfacet
  facet normal 0 -1 0
    outer loop
      vertex -60.599998474121094 -47.900001525878906 -3.4000000953674316
      vertex -57.400001525878906 -47.900001525878906 -3.4000000953674316
      vertex -58.337257385253906 -47.900001525878906 -3.200000286102295
    endloop
  endfacet
  facet normal 0.9238784611787269 0.3826860187804458 0
    outer loop
      vertex -60.53851318359375 -49.96670150756836 -3.000000476837158
      vertex -60.53851318359375 -49.96670150756836 -0.6000000238418579
      vertex -60.41790008544922 -50.25788497924805 -0.6000000238418579
    endloop
  endfacet
  facet normal 0.9238784611787269 0.3826860187804458 0
    outer loop
      vertex -60.53851318359375 -49.96670150756836 -3.000000476837158
      vertex -60.41790008544922 -50.25788497924805 -0.6000000238418579
      vertex -60.41790008544922 -50.25788497924805 -3.000000476837158
    endloop
  endfacet
  facet normal 0.9238784611787269 -0.3826860187804458 0
    outer loop
      vertex -60.53851318359375 -49.03329849243164 -3.000000476837158
      vertex -60.41790008544922 -48.74211502075195 -3.000000476837158
      vertex -60.53851318359375 -49.03329849243164 -0.6000000238418579
    endloop
  endfacet
  facet normal 0.9238784611787269 -0.3826860187804458 0
    outer loop
      vertex -60.53851318359375 -49.03329849243164 -0.6000000238418579
      vertex -60.41790008544922 -48.74211502075195 -3.000000476837158
      vertex -60.41790008544922 -48.74211502075195 -0.6000000238418579
    endloop
  endfacet
  facet normal 0.3826841139906981 0.9238792501724208 0
    outer loop
      vertex -60.46839904785156 -52.24718475341797 -11.899999618530273
      vertex -60.46839904785156 -52.24718475341797 -3.5999999046325684
      vertex -59.90423583984375 -52.48086929321289 -11.899999618530273
    endloop
  endfacet
  facet normal 0 0 -1
    outer loop
      vertex -60.46839904785156 -52.24718475341797 -11.899999618530273
      vertex -59.90423583984375 -52.48086929321289 -11.899999618530273
      vertex -60.195926666259766 -53.442440032958984 -11.899999618530273
    endloop
  endfacet
  facet normal 0.3826841139906981 0.9238792501724208 0
    outer loop
      vertex -60.46839904785156 -52.24718475341797 -3.5999999046325684
      vertex -59.90423583984375 -52.48086929321289 -3.5999999046325684
      vertex -59.90423583984375 -52.48086929321289 -11.899999618530273
    endloop
  endfacet
  facet normal 0 0 -1
    outer loop
      vertex -60.46839904785156 -52.24718475341797 -3.5999999046325684
      vertex -56.34074783325195 -51.099998474121094 -3.5999999046325684
      vertex -59.90423583984375 -52.48086929321289 -3.5999999046325684
    endloop
  endfacet
  facet normal 0 0 -1
    outer loop
      vertex -60.46839904785156 -46.75281524658203 -11.899999618530273
      vertex -60.195926666259766 -45.557559967041016 -11.899999618530273
      vertex -59.90423583984375 -46.51913070678711 -11.899999618530273
    endloop
  endfacet
  facet normal 0.3826841139906981 -0.9238792501724208 0
    outer loop
      vertex -60.46839904785156 -46.75281524658203 -11.899999618530273
      vertex -59.90423583984375 -46.51913070678711 -11.899999618530273
      vertex -59.90423583984375 -46.51913070678711 -3.5999999046325684
    endloop
  endfacet
  facet normal 0.3826841139906981 -0.9238792501724208 0
    outer loop
      vertex -60.46839904785156 -46.75281524658203 -11.899999618530273
      vertex -59.90423583984375 -46.51913070678711 -3.5999999046325684
      vertex -60.46839904785156 -46.75281524658203 -3.5999999046325684
    endloop
  endfacet
  facet normal 0 0 -1
    outer loop
      vertex -60.46839904785156 -46.75281524658203 -3.5999999046325684
      vertex -59.90423583984375 -46.51913070678711 -3.5999999046325684
      vertex -56.34074783325195 -47.900001525878906 -3.5999999046325684
    endloop
  endfacet
  facet normal 0.8314707289115353 0.5555685618925175 0
    outer loop
      vertex -60.41790008544922 -50.25788497924805 -3.000000476837158
      vertex -60.41790008544922 -50.25788497924805 -0.6000000238418579
      vertex -60.242801666259766 -50.51993942260742 -0.6000000238418579
    endloop
  endfacet
  facet normal 0.8314707289115353 0.5555685618925175 0
    outer loop
      vertex -60.41790008544922 -50.25788497924805 -3.000000476837158
      vertex -60.242801666259766 -50.51993942260742 -0.6000000238418579
      vertex -60.242801666259766 -50.51993942260742 -3.000000476837158
    endloop
  endfacet
  facet normal 0.8314707289115353 -0.5555685618925175 0
    outer loop
      vertex -60.41790008544922 -48.74211502075195 -3.000000476837158
      vertex -60.242801666259766 -48.48006057739258 -3.000000476837158
      vertex -60.41790008544922 -48.74211502075195 -0.6000000238418579
    endloop
  endfacet
  facet normal 0.8314707289115353 -0.5555685618925175 0
    outer loop
      vertex -60.41790008544922 -48.74211502075195 -0.6000000238418579
      vertex -60.242801666259766 -48.48006057739258 -3.000000476837158
      vertex -60.242801666259766 -48.48006057739258 -0.6000000238418579
    endloop
  endfacet
  facet normal 0.7071067811865476 0.7071067811865476 0
    outer loop
      vertex -60.242801666259766 -50.51993942260742 -3.000000476837158
      vertex -60.242801666259766 -50.51993942260742 -0.6000000238418579
      vertex -60.01993942260742 -50.742801666259766 -0.6000000238418579
    endloop
  endfacet
  facet normal 0.7071067811865476 0.7071067811865476 0
    outer loop
      vertex -60.242801666259766 -50.51993942260742 -3.000000476837158
      vertex -60.01993942260742 -50.742801666259766 -0.6000000238418579
      vertex -60.01993942260742 -50.742801666259766 -3.000000476837158
    endloop
  endfacet
  facet normal 0.7071067811865476 -0.7071067811865476 0
    outer loop
      vertex -60.242801666259766 -48.48006057739258 -3.000000476837158
      vertex -60.01993942260742 -48.257198333740234 -3.000000476837158
      vertex -60.242801666259766 -48.48006057739258 -0.6000000238418579
    endloop
  endfacet
  facet normal 0.7071067811865476 -0.7071067811865476 0
    outer loop
      vertex -60.242801666259766 -48.48006057739258 -3.000000476837158
      vertex -59.662742614746094 -47.900001525878906 -3.200000286102295
      vertex -60.01993942260742 -48.257198333740234 -3.000000476837158
    endloop
  endfacet
  facet normal 0.7071067811865476 -0.7071067811865476 0
    outer loop
      vertex -60.242801666259766 -48.48006057739258 -0.6000000238418579
      vertex -60.01993942260742 -48.257198333740234 -3.000000476837158
      vertex -60.01993942260742 -48.257198333740234 -0.6000000238418579
    endloop
  endfacet
  facet normal 0 0 -1
    outer loop
      vertex -60.195926666259766 -53.442440032958984 -11.899999618530273
      vertex -59.90423583984375 -52.48086929321289 -11.899999618530273
      vertex -59.40381622314453 -53.599998474121094 -11.899999618530273
    endloop
  endfacet
  facet normal 0 0 -1
    outer loop
      vertex -60.195926666259766 -45.557559967041016 -11.899999618530273
      vertex -59.40381622314453 -45.400001525878906 -11.899999618530273
      vertex -59.90423583984375 -46.51913070678711 -11.899999618530273
    endloop
  endfacet
  facet normal 0.5555685618925175 0.8314707289115353 0
    outer loop
      vertex -60.01993942260742 -50.742801666259766 -3.000000476837158
      vertex -60.01993942260742 -50.742801666259766 -0.6000000238418579
      vertex -59.75788497924805 -50.91790008544922 -3.000000476837158
    endloop
  endfacet
  facet normal 0 0 -1
    outer loop
      vertex -60.01993942260742 -50.742801666259766 -3.000000476837158
      vertex -59.75788497924805 -50.91790008544922 -3.000000476837158
      vertex -59.662742614746094 -51.099998474121094 -3.000000476837158
    endloop
  endfacet
  facet normal 0.7071067811865476 0.7071067811865476 0
    outer loop
      vertex -60.01993942260742 -50.742801666259766 -3.000000476837158
      vertex -59.662742614746094 -51.099998474121094 -3.000000476837158
      vertex -59.662742614746094 -51.099998474121094 -3.200000286102295
    endloop
  endfacet
  facet normal 0.5555685618925175 0.8314707289115353 0
    outer loop
      vertex -60.01993942260742 -50.742801666259766 -0.6000000238418579
      vertex -59.75788497924805 -50.91790008544922 -0.6000000238418579
      vertex -59.75788497924805 -50.91790008544922 -3.000000476837158
    endloop
  endfacet
  facet normal 0.5555685618925175 -0.8314707289115353 0
    outer loop
      vertex -60.01993942260742 -48.257198333740234 -3.000000476837158
      vertex -59.75788497924805 -48.08209991455078 -3.000000476837158
      vertex -59.75788497924805 -48.08209991455078 -0.6000000238418579
    endloop
  endfacet
  facet normal 0.5555685618925175 -0.8314707289115353 0
    outer loop
      vertex -60.01993942260742 -48.257198333740234 -3.000000476837158
      vertex -59.75788497924805 -48.08209991455078 -0.6000000238418579
      vertex -60.01993942260742 -48.257198333740234 -0.6000000238418579
    endloop
  endfacet
  facet normal 0.7071067811865476 -0.7071067811865476 0
    outer loop
      vertex -60.01993942260742 -48.257198333740234 -3.000000476837158
      vertex -59.662742614746094 -47.900001525878906 -3.200000286102295
      vertex -59.662742614746094 -47.900001525878906 -3.000000476837158
    endloop
  endfacet
  facet normal 0 0 -1
    outer loop
      vertex -60.01993942260742 -48.257198333740234 -3.000000476837158
      vertex -59.662742614746094 -47.900001525878906 -3.000000476837158
      vertex -59.75788497924805 -48.08209991455078 -3.000000476837158
    endloop
  endfacet
  facet normal 0.19508647910838267 0.9807860447972813 0
    outer loop
      vertex -59.90423583984375 -52.48086929321289 -11.899999618530273
      vertex -59.90423583984375 -52.48086929321289 -3.5999999046325684
      vertex -59.305320739746094 -52.599998474121094 -11.899999618530273
    endloop
  endfacet
  facet normal 0 0 -1
    outer loop
      vertex -59.90423583984375 -52.48086929321289 -11.899999618530273
      vertex -59.305320739746094 -52.599998474121094 -11.899999618530273
      vertex -59.40381622314453 -53.599998474121094 -11.899999618530273
    endloop
  endfacet
  facet normal 0.19508647910838267 0.9807860447972813 0
    outer loop
      vertex -59.90423583984375 -52.48086929321289 -3.5999999046325684
      vertex -59.305320739746094 -52.599998474121094 -3.5999999046325684
      vertex -59.305320739746094 -52.599998474121094 -11.899999618530273
    endloop
  endfacet
  facet normal 0 0 -1
    outer loop
      vertex -59.90423583984375 -52.48086929321289 -3.5999999046325684
      vertex -56.34074783325195 -51.099998474121094 -3.5999999046325684
      vertex -59.305320739746094 -52.599998474121094 -3.5999999046325684
    endloop
  endfacet
  facet normal 0 0 -1
    outer loop
      vertex -59.90423583984375 -46.51913070678711 -11.899999618530273
      vertex -59.40381622314453 -45.400001525878906 -11.899999618530273
      vertex -59.305320739746094 -46.400001525878906 -11.899999618530273
    endloop
  endfacet
  facet normal 0.19508647910838267 -0.9807860447972813 0
    outer loop
      vertex -59.90423583984375 -46.51913070678711 -11.899999618530273
      vertex -59.305320739746094 -46.400001525878906 -11.899999618530273
      vertex -59.305320739746094 -46.400001525878906 -3.5999999046325684
    endloop
  endfacet
  facet normal 0.19508647910838267 -0.9807860447972813 0
    outer loop
      vertex -59.90423583984375 -46.51913070678711 -11.899999618530273
      vertex -59.305320739746094 -46.400001525878906 -3.5999999046325684
      vertex -59.90423583984375 -46.51913070678711 -3.5999999046325684
    endloop
  endfacet
  facet normal 0 0 -1
    outer loop
      vertex -59.90423583984375 -46.51913070678711 -3.5999999046325684
      vertex -59.305320739746094 -46.400001525878906 -3.5999999046325684
      vertex -56.34074783325195 -47.900001525878906 -3.5999999046325684
    endloop
  endfacet
  facet normal 0.3826860187804458 0.9238784611787269 0
    outer loop
      vertex -59.75788497924805 -50.91790008544922 -3.000000476837158
      vertex -59.75788497924805 -50.91790008544922 -0.6000000238418579
      vertex -59.46670150756836 -51.03851318359375 -3.000000476837158
    endloop
  endfacet
  facet normal 0 0 -1
    outer loop
      vertex -59.75788497924805 -50.91790008544922 -3.000000476837158
      vertex -59.46670150756836 -51.03851318359375 -3.000000476837158
      vertex -59.662742614746094 -51.099998474121094 -3.000000476837158
    endloop
  endfacet
  facet normal 0.3826860187804458 0.9238784611787269 0
    outer loop
      vertex -59.75788497924805 -50.91790008544922 -0.6000000238418579
      vertex -59.46670150756836 -51.03851318359375 -0.6000000238418579
      vertex -59.46670150756836 -51.03851318359375 -3.000000476837158
    endloop
  endfacet
  facet normal 0 0 -1
    outer loop
      vertex -59.75788497924805 -48.08209991455078 -3.000000476837158
      vertex -59.662742614746094 -47.900001525878906 -3.000000476837158
      vertex -59.46670150756836 -47.96148681640625 -3.000000476837158
    endloop
  endfacet
  facet normal 0.3826860187804458 -0.9238784611787269 0
    outer loop
      vertex -59.75788497924805 -48.08209991455078 -3.000000476837158
      vertex -59.46670150756836 -47.96148681640625 -3.000000476837158
      vertex -59.46670150756836 -47.96148681640625 -0.6000000238418579
    endloop
  endfacet
  facet normal 0.3826860187804458 -0.9238784611787269 0
    outer loop
      vertex -59.75788497924805 -48.08209991455078 -3.000000476837158
      vertex -59.46670150756836 -47.96148681640625 -0.6000000238418579
      vertex -59.75788497924805 -48.08209991455078 -0.6000000238418579
    endloop
  endfacet
  facet normal 0 1 0
    outer loop
      vertex -59.662742614746094 -51.099998474121094 -3.200000286102295
      vertex -59.662742614746094 -51.099998474121094 -3.000000476837158
      vertex -59.15758514404297 -51.099998474121094 -3.000000476837158
    endloop
  endfacet
  facet normal 0 1 0
    outer loop
      vertex -59.662742614746094 -51.099998474121094 -3.200000286102295
      vertex -59.15758514404297 -51.099998474121094 -3.000000476837158
      vertex -58.337257385253906 -51.099998474121094 -3.200000286102295
    endloop
  endfacet
  facet normal 0 1 0
    outer loop
      vertex -59.662742614746094 -51.099998474121094 -3.200000286102295
      vertex -58.337257385253906 -51.099998474121094 -3.200000286102295
      vertex -57.400001525878906 -51.099998474121094 -3.4000000953674316
    endloop
  endfacet
  facet normal 0 0 -1
    outer loop
      vertex -59.662742614746094 -51.099998474121094 -3.000000476837158
      vertex -59.46670150756836 -51.03851318359375 -3.000000476837158
      vertex -59.15758514404297 -51.099998474121094 -3.000000476837158
    endloop
  endfacet
  facet normal 0 -1 0
    outer loop
      vertex -59.662742614746094 -47.900001525878906 -3.200000286102295
      vertex -59.15758514404297 -47.900001525878906 -3.000000476837158
      vertex -59.662742614746094 -47.900001525878906 -3.000000476837158
    endloop
  endfacet
  facet normal 0 -1 0
    outer loop
      vertex -59.662742614746094 -47.900001525878906 -3.200000286102295
      vertex -58.84241485595703 -47.900001525878906 -3.000000476837158
      vertex -59.15758514404297 -47.900001525878906 -3.000000476837158
    endloop
  endfacet
  facet normal 0 -1 0
    outer loop
      vertex -59.662742614746094 -47.900001525878906 -3.200000286102295
      vertex -58.337257385253906 -47.900001525878906 -3.200000286102295
      vertex -58.84241485595703 -47.900001525878906 -3.000000476837158
    endloop
  endfacet
  facet normal 0 0 -1
    outer loop
      vertex -59.662742614746094 -47.900001525878906 -3.000000476837158
      vertex -59.15758514404297 -47.900001525878906 -3.000000476837158
      vertex -59.46670150756836 -47.96148681640625 -3.000000476837158
    endloop
  endfacet
  facet normal 0.19508489799319606 0.980786359292881 0
    outer loop
      vertex -59.46670150756836 -51.03851318359375 -3.000000476837158
      vertex -59.46670150756836 -51.03851318359375 -0.6000000238418579
      vertex -59.15758514404297 -51.099998474121094 -3.000000476837158
    endloop
  endfacet
  facet normal 0.19508489799319606 0.980786359292881 0
    outer loop
      vertex -59.46670150756836 -51.03851318359375 -0.6000000238418579
      vertex -59.15758514404297 -51.099998474121094 -0.6000000238418579
      vertex -59.15758514404297 -51.099998474121094 -3.000000476837158
    endloop
  endfacet
  facet normal 0.19508489799319606 -0.980786359292881 0
    outer loop
      vertex -59.46670150756836 -47.96148681640625 -3.000000476837158
      vertex -59.15758514404297 -47.900001525878906 -3.000000476837158
      vertex -59.15758514404297 -47.900001525878906 -0.6000000238418579
    endloop
  endfacet
  facet normal 0.19508489799319606 -0.980786359292881 0
    outer loop
      vertex -59.46670150756836 -47.96148681640625 -3.000000476837158
      vertex -59.15758514404297 -47.900001525878906 -0.6000000238418579
      vertex -59.46670150756836 -47.96148681640625 -0.6000000238418579
    endloop
  endfacet
  facet normal 0 0 -1
    outer loop
      vertex -59.40381622314453 -53.599998474121094 -11.899999618530273
      vertex -59.305320739746094 -52.599998474121094 -11.899999618530273
      vertex -58.694679260253906 -52.599998474121094 -11.899999618530273
    endloop
  endfacet
  facet normal 0 0 -1
    outer loop
      vertex -59.40381622314453 -53.599998474121094 -11.899999618530273
      vertex -58.694679260253906 -52.599998474121094 -11.899999618530273
      vertex -58.09576416015625 -52.48086929321289 -11.899999618530273
    endloop
  endfacet
  facet normal 0 0 -1
    outer loop
      vertex -59.40381622314453 -53.599998474121094 -11.899999618530273
      vertex -58.09576416015625 -52.48086929321289 -11.899999618530273
      vertex -57.53160095214844 -52.24718475341797 -11.899999618530273
    endloop
  endfacet
  facet normal 0 0 -1
    outer loop
      vertex -59.40381622314453 -53.599998474121094 -11.899999618530273
      vertex -57.53160095214844 -52.24718475341797 -11.899999618530273
      vertex -40.59618377685547 -53.599998474121094 -11.899999618530273
    endloop
  endfacet
  facet normal 0 -1 0
    outer loop
      vertex -59.40381622314453 -53.599998474121094 -11.899999618530273
      vertex -40.59618377685547 -53.599998474121094 -11.899999618530273
      vertex -35.90150833129883 -53.599998474121094 -0.6000000238418579
    endloop
  endfacet
  facet normal 0 0 -1
    outer loop
      vertex -59.40381622314453 -45.400001525878906 -11.899999618530273
      vertex -58.694679260253906 -46.400001525878906 -11.899999618530273
      vertex -59.305320739746094 -46.400001525878906 -11.899999618530273
    endloop
  endfacet
  facet normal 0 0 -1
    outer loop
      vertex -59.40381622314453 -45.400001525878906 -11.899999618530273
      vertex -58.09576416015625 -46.51913070678711 -11.899999618530273
      vertex -58.694679260253906 -46.400001525878906 -11.899999618530273
    endloop
  endfacet
  facet normal 0 0 -1
    outer loop
      vertex -59.40381622314453 -45.400001525878906 -11.899999618530273
      vertex -57.53160095214844 -46.75281524658203 -11.899999618530273
      vertex -58.09576416015625 -46.51913070678711 -11.899999618530273
    endloop
  endfacet
  facet normal 0 0 -1
    outer loop
      vertex -59.40381622314453 -45.400001525878906 -11.899999618530273
      vertex -40.59618377685547 -45.400001525878906 -11.899999618530273
      vertex -57.53160095214844 -46.75281524658203 -11.899999618530273
    endloop
  endfacet
  facet normal 0 1 0
    outer loop
      vertex -59.40381622314453 -45.400001525878906 -11.899999618530273
      vertex -37.12132263183594 -45.400001525878906 -3.59999942779541
      vertex -40.59618377685547 -45.400001525878906 -11.899999618530273
    endloop
  endfacet
  facet normal 0 1 0
    outer loop
      vertex -59.40381622314453 -45.400001525878906 -11.899999618530273
      vertex -37.12132263183594 -45.400001525878906 -0.6000000238418579
      vertex -37.12132263183594 -45.400001525878906 -3.59999942779541
    endloop
  endfacet
  facet normal 0 1 0
    outer loop
      vertex -59.305320739746094 -52.599998474121094 -11.899999618530273
      vertex -59.305320739746094 -52.599998474121094 -3.5999999046325684
      vertex -58.694679260253906 -52.599998474121094 -11.899999618530273
    endloop
  endfacet
  facet normal 0 1 0
    outer loop
      vertex -59.305320739746094 -52.599998474121094 -3.5999999046325684
      vertex -58.694679260253906 -52.599998474121094 -3.5999999046325684
      vertex -58.694679260253906 -52.599998474121094 -11.899999618530273
    endloop
  endfacet
  facet normal 0 0 -1
    outer loop
      vertex -59.305320739746094 -52.599998474121094 -3.5999999046325684
      vertex -56.34074783325195 -51.099998474121094 -3.5999999046325684
      vertex -58.694679260253906 -52.599998474121094 -3.5999999046325684
    endloop
  endfacet
  facet normal 0 -1 0
    outer loop
      vertex -59.305320739746094 -46.400001525878906 -11.899999618530273
      vertex -58.694679260253906 -46.400001525878906 -11.899999618530273
      vertex -58.694679260253906 -46.400001525878906 -3.5999999046325684
    endloop
  endfacet
  facet normal 0 -1 0
    outer loop
      vertex -59.305320739746094 -46.400001525878906 -11.899999618530273
      vertex -58.694679260253906 -46.400001525878906 -3.5999999046325684
      vertex -59.305320739746094 -46.400001525878906 -3.5999999046325684
    endloop
  endfacet
  facet normal 0 0 -1
    outer loop
      vertex -59.305320739746094 -46.400001525878906 -3.5999999046325684
      vertex -58.694679260253906 -46.400001525878906 -3.5999999046325684
      vertex -56.34074783325195 -47.900001525878906 -3.5999999046325684
    endloop
  endfacet
  facet normal 0 1 0
    outer loop
      vertex -59.15758514404297 -51.099998474121094 -3.000000476837158
      vertex -59.15758514404297 -51.099998474121094 -0.6000000238418579
      vertex -58.84241485595703 -51.099998474121094 -3.000000476837158
    endloop
  endfacet
  facet normal 0 1 0
    outer loop
      vertex -59.15758514404297 -51.099998474121094 -3.000000476837158
      vertex -58.84241485595703 -51.099998474121094 -3.000000476837158
      vertex -58.337257385253906 -51.099998474121094 -3.200000286102295
    endloop
  endfacet
  facet normal 0 1 0
    outer loop
      vertex -59.15758514404297 -51.099998474121094 -0.6000000238418579
      vertex -58.84241485595703 -51.099998474121094 -0.6000000238418579
      vertex -58.84241485595703 -51.099998474121094 -3.000000476837158
    endloop
  endfacet
  facet normal 0 -1 0
    outer loop
      vertex -59.15758514404297 -47.900001525878906 -3.000000476837158
      vertex -58.84241485595703 -47.900001525878906 -3.000000476837158
      vertex -58.84241485595703 -47.900001525878906 -0.6000000238418579
    endloop
  endfacet
  facet normal 0 -1 0
    outer loop
      vertex -59.15758514404297 -47.900001525878906 -3.000000476837158
      vertex -58.84241485595703 -47.900001525878906 -0.6000000238418579
      vertex -59.15758514404297 -47.900001525878906 -0.6000000238418579
    endloop
  endfacet
  facet normal -0.19508489799319606 0.980786359292881 0
    outer loop
      vertex -58.84241485595703 -51.099998474121094 -3.000000476837158
      vertex -58.84241485595703 -51.099998474121094 -0.6000000238418579
      vertex -58.53329849243164 -51.03851318359375 -3.000000476837158
    endloop
  endfacet
  facet normal 0 0 -1
    outer loop
      vertex -58.84241485595703 -51.099998474121094 -3.000000476837158
      vertex -58.53329849243164 -51.03851318359375 -3.000000476837158
      vertex -58.337257385253906 -51.099998474121094 -3.000000476837158
    endloop
  endfacet
  facet normal 0 1 0
    outer loop
      vertex -58.84241485595703 -51.099998474121094 -3.000000476837158
      vertex -58.337257385253906 -51.099998474121094 -3.000000476837158
      vertex -58.337257385253906 -51.099998474121094 -3.200000286102295
    endloop
  endfacet
  facet normal -0.19508489799319606 0.980786359292881 0
    outer loop
      vertex -58.84241485595703 -51.099998474121094 -0.6000000238418579
      vertex -58.53329849243164 -51.03851318359375 -0.6000000238418579
      vertex -58.53329849243164 -51.03851318359375 -3.000000476837158
    endloop
  endfacet
  facet normal -0.19508489799319606 -0.980786359292881 0
    outer loop
      vertex -58.84241485595703 -47.900001525878906 -3.000000476837158
      vertex -58.53329849243164 -47.96148681640625 -3.000000476837158
      vertex -58.53329849243164 -47.96148681640625 -0.6000000238418579
    endloop
  endfacet
  facet normal -0.19508489799319606 -0.980786359292881 0
    outer loop
      vertex -58.84241485595703 -47.900001525878906 -3.000000476837158
      vertex -58.53329849243164 -47.96148681640625 -0.6000000238418579
      vertex -58.84241485595703 -47.900001525878906 -0.6000000238418579
    endloop
  endfacet
  facet normal 0 -1 0
    outer loop
      vertex -58.84241485595703 -47.900001525878906 -3.000000476837158
      vertex -58.337257385253906 -47.900001525878906 -3.200000286102295
      vertex -58.337257385253906 -47.900001525878906 -3.000000476837158
    endloop
  endfacet
  facet normal 0 0 -1
    outer loop
      vertex -58.84241485595703 -47.900001525878906 -3.000000476837158
      vertex -58.337257385253906 -47.900001525878906 -3.000000476837158
      vertex -58.53329849243164 -47.96148681640625 -3.000000476837158
    endloop
  endfacet
  facet normal -0.19508647910838267 0.9807860447972813 0
    outer loop
      vertex -58.694679260253906 -52.599998474121094 -11.899999618530273
      vertex -58.694679260253906 -52.599998474121094 -3.5999999046325684
      vertex -58.09576416015625 -52.48086929321289 -11.899999618530273
    endloop
  endfacet
  facet normal -0.19508647910838267 0.9807860447972813 0
    outer loop
      vertex -58.694679260253906 -52.599998474121094 -3.5999999046325684
      vertex -58.09576416015625 -52.48086929321289 -3.5999999046325684
      vertex -58.09576416015625 -52.48086929321289 -11.899999618530273
    endloop
  endfacet
  facet normal 0 0 -1
    outer loop
      vertex -58.694679260253906 -52.599998474121094 -3.5999999046325684
      vertex -56.34074783325195 -51.099998474121094 -3.5999999046325684
      vertex -58.09576416015625 -52.48086929321289 -3.5999999046325684
    endloop
  endfacet
  facet normal -0.19508647910838267 -0.9807860447972813 0
    outer loop
      vertex -58.694679260253906 -46.400001525878906 -11.899999618530273
      vertex -58.09576416015625 -46.51913070678711 -11.899999618530273
      vertex -58.09576416015625 -46.51913070678711 -3.5999999046325684
    endloop
  endfacet
  facet normal -0.19508647910838267 -0.9807860447972813 0
    outer loop
      vertex -58.694679260253906 -46.400001525878906 -11.899999618530273
      vertex -58.09576416015625 -46.51913070678711 -3.5999999046325684
      vertex -58.694679260253906 -46.400001525878906 -3.5999999046325684
    endloop
  endfacet
  facet normal 0 0 -1
    outer loop
      vertex -58.694679260253906 -46.400001525878906 -3.5999999046325684
      vertex -58.09576416015625 -46.51913070678711 -3.5999999046325684
      vertex -56.34074783325195 -47.900001525878906 -3.5999999046325684
    endloop
  endfacet
  facet normal -0.3826860187804458 0.9238784611787269 0
    outer loop
      vertex -58.53329849243164 -51.03851318359375 -3.000000476837158
      vertex -58.53329849243164 -51.03851318359375 -0.6000000238418579
      vertex -58.24211502075195 -50.91790008544922 -3.000000476837158
    endloop
  endfacet
  facet normal 0 0 -1
    outer loop
      vertex -58.53329849243164 -51.03851318359375 -3.000000476837158
      vertex -58.24211502075195 -50.91790008544922 -3.000000476837158
      vertex -58.337257385253906 -51.099998474121094 -3.000000476837158
    endloop
  endfacet
  facet normal -0.3826860187804458 0.9238784611787269 0
    outer loop
      vertex -58.53329849243164 -51.03851318359375 -0.6000000238418579
      vertex -58.24211502075195 -50.91790008544922 -0.6000000238418579
      vertex -58.24211502075195 -50.91790008544922 -3.000000476837158
    endloop
  endfacet
  facet normal 0 0 1
    outer loop
      vertex -58.53329849243164 -51.03851318359375 -0.6000000238418579
      vertex -54.29168701171875 -50.861572265625 -0.6000000238418579
      vertex -58.24211502075195 -50.91790008544922 -0.6000000238418579
    endloop
  endfacet
  facet normal 0 0 1
    outer loop
      vertex -58.53329849243164 -51.03851318359375 -0.6000000238418579
      vertex -54.09849166870117 -50.900001525878906 -0.6000000238418579
      vertex -54.29168701171875 -50.861572265625 -0.6000000238418579
    endloop
  endfacet
  facet normal 0 0 -1
    outer loop
      vertex -58.53329849243164 -47.96148681640625 -3.000000476837158
      vertex -58.337257385253906 -47.900001525878906 -3.000000476837158
      vertex -58.24211502075195 -48.08209991455078 -3.000000476837158
    endloop
  endfacet
  facet normal -0.3826860187804458 -0.9238784611787269 0
    outer loop
      vertex -58.53329849243164 -47.96148681640625 -3.000000476837158
      vertex -58.24211502075195 -48.08209991455078 -3.000000476837158
      vertex -58.24211502075195 -48.08209991455078 -0.6000000238418579
    endloop
  endfacet
  facet normal -0.3826860187804458 -0.9238784611787269 0
    outer loop
      vertex -58.53329849243164 -47.96148681640625 -3.000000476837158
      vertex -58.24211502075195 -48.08209991455078 -0.6000000238418579
      vertex -58.53329849243164 -47.96148681640625 -0.6000000238418579
    endloop
  endfacet
  facet normal 0 0 1
    outer loop
      vertex -58.53329849243164 -47.96148681640625 -0.6000000238418579
      vertex -58.24211502075195 -48.08209991455078 -0.6000000238418579
      vertex -54.29168701171875 -48.138427734375 -0.6000000238418579
    endloop
  endfacet
  facet normal 0 0 1
    outer loop
      vertex -58.53329849243164 -47.96148681640625 -0.6000000238418579
      vertex -54.29168701171875 -48.138427734375 -0.6000000238418579
      vertex -54.09849166870117 -48.099998474121094 -0.6000000238418579
    endloop
  endfacet
  facet normal -0.7071067811865476 0.7071067811865476 0
    outer loop
      vertex -58.337257385253906 -51.099998474121094 -3.200000286102295
      vertex -58.337257385253906 -51.099998474121094 -3.000000476837158
      vertex -57.98006057739258 -50.742801666259766 -3.000000476837158
    endloop
  endfacet
  facet normal -0.7071067811865476 0.7071067811865476 0
    outer loop
      vertex -58.337257385253906 -51.099998474121094 -3.200000286102295
      vertex -57.98006057739258 -50.742801666259766 -3.000000476837158
      vertex -57.400001525878906 -50.162742614746094 -3.200000286102295
    endloop
  endfacet
  facet normal 0 1 0
    outer loop
      vertex -58.337257385253906 -51.099998474121094 -3.200000286102295
      vertex -57.400001525878906 -51.099998474121094 -3.200000286102295
      vertex -57.400001525878906 -51.099998474121094 -3.4000000953674316
    endloop
  endfacet
  facet normal 0 0 -1
    outer loop
      vertex -58.337257385253906 -51.099998474121094 -3.200000286102295
      vertex -57.400001525878906 -50.162742614746094 -3.200000286102295
      vertex -57.400001525878906 -51.099998474121094 -3.200000286102295
    endloop
  endfacet
  facet normal 0 0 -1
    outer loop
      vertex -58.337257385253906 -51.099998474121094 -3.000000476837158
      vertex -58.24211502075195 -50.91790008544922 -3.000000476837158
      vertex -57.98006057739258 -50.742801666259766 -3.000000476837158
    endloop
  endfacet
  facet normal -0.7071067811865476 -0.7071067811865476 0
    outer loop
      vertex -58.337257385253906 -47.900001525878906 -3.200000286102295
      vertex -57.98006057739258 -48.257198333740234 -3.000000476837158
      vertex -58.337257385253906 -47.900001525878906 -3.000000476837158
    endloop
  endfacet
  facet normal -0.7071067811865476 -0.7071067811865476 0
    outer loop
      vertex -58.337257385253906 -47.900001525878906 -3.200000286102295
      vertex -57.757198333740234 -48.48006057739258 -3.000000476837158
      vertex -57.98006057739258 -48.257198333740234 -3.000000476837158
    endloop
  endfacet
  facet normal -0.7071067811865476 -0.7071067811865476 0
    outer loop
      vertex -58.337257385253906 -47.900001525878906 -3.200000286102295
      vertex -57.400001525878906 -48.837257385253906 -3.200000286102295
      vertex -57.757198333740234 -48.48006057739258 -3.000000476837158
    endloop
  endfacet
  facet normal 0 -1 0
    outer loop
      vertex -58.337257385253906 -47.900001525878906 -3.200000286102295
      vertex -57.400001525878906 -47.900001525878906 -3.4000000953674316
      vertex -57.400001525878906 -47.900001525878906 -3.200000286102295
    endloop
  endfacet
  facet normal 0 0 -1
    outer loop
      vertex -58.337257385253906 -47.900001525878906 -3.200000286102295
      vertex -57.400001525878906 -47.900001525878906 -3.200000286102295
      vertex -57.400001525878906 -48.837257385253906 -3.200000286102295
    endloop
  endfacet
  facet normal 0 0 -1
    outer loop
      vertex -58.337257385253906 -47.900001525878906 -3.000000476837158
      vertex -57.98006057739258 -48.257198333740234 -3.000000476837158
      vertex -58.24211502075195 -48.08209991455078 -3.000000476837158
    endloop
  endfacet
  facet normal -0.5555685618925175 0.8314707289115353 0
    outer loop
      vertex -58.24211502075195 -50.91790008544922 -3.000000476837158
      vertex -58.24211502075195 -50.91790008544922 -0.6000000238418579
      vertex -57.98006057739258 -50.742801666259766 -3.000000476837158
    endloop
  endfacet
  facet normal -0.5555685618925175 0.8314707289115353 0
    outer loop
      vertex -58.24211502075195 -50.91790008544922 -0.6000000238418579
      vertex -57.98006057739258 -50.742801666259766 -0.6000000238418579
      vertex -57.98006057739258 -50.742801666259766 -3.000000476837158
    endloop
  endfacet
  facet normal 0 0 1
    outer loop
      vertex -58.24211502075195 -50.91790008544922 -0.6000000238418579
      vertex -54.47367858886719 -50.78618621826172 -0.6000000238418579
      vertex -57.98006057739258 -50.742801666259766 -0.6000000238418579
    endloop
  endfacet
  facet normal 0 0 1
    outer loop
      vertex -58.24211502075195 -50.91790008544922 -0.6000000238418579
      vertex -54.29168701171875 -50.861572265625 -0.6000000238418579
      vertex -54.47367858886719 -50.78618621826172 -0.6000000238418579
    endloop
  endfacet
  facet normal -0.5555685618925175 -0.8314707289115353 0
    outer loop
      vertex -58.24211502075195 -48.08209991455078 -3.000000476837158
      vertex -57.98006057739258 -48.257198333740234 -3.000000476837158
      vertex -57.98006057739258 -48.257198333740234 -0.6000000238418579
    endloop
  endfacet
  facet normal -0.5555685618925175 -0.8314707289115353 0
    outer loop
      vertex -58.24211502075195 -48.08209991455078 -3.000000476837158
      vertex -57.98006057739258 -48.257198333740234 -0.6000000238418579
      vertex -58.24211502075195 -48.08209991455078 -0.6000000238418579
    endloop
  endfacet
  facet normal 0 0 1
    outer loop
      vertex -58.24211502075195 -48.08209991455078 -0.6000000238418579
      vertex -57.98006057739258 -48.257198333740234 -0.6000000238418579
      vertex -54.47367858886719 -48.21381378173828 -0.6000000238418579
    endloop
  endfacet
  facet normal 0 0 1
    outer loop
      vertex -58.24211502075195 -48.08209991455078 -0.6000000238418579
      vertex -54.47367858886719 -48.21381378173828 -0.6000000238418579
      vertex -54.29168701171875 -48.138427734375 -0.6000000238418579
    endloop
  endfacet
  facet normal -0.3826841139906981 0.9238792501724208 0
    outer loop
      vertex -58.09576416015625 -52.48086929321289 -11.899999618530273
      vertex -58.09576416015625 -52.48086929321289 -3.5999999046325684
      vertex -57.53160095214844 -52.24718475341797 -11.899999618530273
    endloop
  endfacet
  facet normal -0.3826841139906981 0.9238792501724208 0
    outer loop
      vertex -58.09576416015625 -52.48086929321289 -3.5999999046325684
      vertex -57.53160095214844 -52.24718475341797 -3.5999999046325684
      vertex -57.53160095214844 -52.24718475341797 -11.899999618530273
    endloop
  endfacet
  facet normal 0 0 -1
    outer loop
      vertex -58.09576416015625 -52.48086929321289 -3.5999999046325684
      vertex -56.34074783325195 -51.099998474121094 -3.5999999046325684
      vertex -57.53160095214844 -52.24718475341797 -3.5999999046325684
    endloop
  endfacet
  facet normal -0.3826841139906981 -0.9238792501724208 0
    outer loop
      vertex -58.09576416015625 -46.51913070678711 -11.899999618530273
      vertex -57.53160095214844 -46.75281524658203 -11.899999618530273
      vertex -57.53160095214844 -46.75281524658203 -3.5999999046325684
    endloop
  endfacet
  facet normal -0.3826841139906981 -0.9238792501724208 0
    outer loop
      vertex -58.09576416015625 -46.51913070678711 -11.899999618530273
      vertex -57.53160095214844 -46.75281524658203 -3.5999999046325684
      vertex -58.09576416015625 -46.51913070678711 -3.5999999046325684
    endloop
  endfacet
  facet normal 0 0 -1
    outer loop
      vertex -58.09576416015625 -46.51913070678711 -3.5999999046325684
      vertex -57.53160095214844 -46.75281524658203 -3.5999999046325684
      vertex -56.34074783325195 -47.900001525878906 -3.5999999046325684
    endloop
  endfacet
  facet normal -0.7071067811865476 0.7071067811865476 0
    outer loop
      vertex -57.98006057739258 -50.742801666259766 -3.000000476837158
      vertex -57.98006057739258 -50.742801666259766 -0.6000000238418579
      vertex -57.757198333740234 -50.51993942260742 -0.6000000238418579
    endloop
  endfacet
  facet normal -0.7071067811865476 0.7071067811865476 0
    outer loop
      vertex -57.98006057739258 -50.742801666259766 -3.000000476837158
      vertex -57.757198333740234 -50.51993942260742 -3.000000476837158
      vertex -57.400001525878906 -50.162742614746094 -3.200000286102295
    endloop
  endfacet
  facet normal -0.7071067811865476 0.7071067811865476 0
    outer loop
      vertex -57.98006057739258 -50.742801666259766 -3.000000476837158
      vertex -57.757198333740234 -50.51993942260742 -0.6000000238418579
      vertex -57.757198333740234 -50.51993942260742 -3.000000476837158
    endloop
  endfacet
  facet normal 0 0 1
    outer loop
      vertex -57.98006057739258 -50.742801666259766 -0.6000000238418579
      vertex -54.6374626159668 -50.67675018310547 -0.6000000238418579
      vertex -57.757198333740234 -50.51993942260742 -0.6000000238418579
    endloop
  endfacet
  facet normal 0 0 1
    outer loop
      vertex -57.98006057739258 -50.742801666259766 -0.6000000238418579
      vertex -54.47367858886719 -50.78618621826172 -0.6000000238418579
      vertex -54.6374626159668 -50.67675018310547 -0.6000000238418579
    endloop
  endfacet
  facet normal -0.7071067811865476 -0.7071067811865476 0
    outer loop
      vertex -57.98006057739258 -48.257198333740234 -3.000000476837158
      vertex -57.757198333740234 -48.48006057739258 -3.000000476837158
      vertex -57.98006057739258 -48.257198333740234 -0.6000000238418579
    endloop
  endfacet
  facet normal -0.7071067811865476 -0.7071067811865476 0
    outer loop
      vertex -57.98006057739258 -48.257198333740234 -0.6000000238418579
      vertex -57.757198333740234 -48.48006057739258 -3.000000476837158
      vertex -57.757198333740234 -48.48006057739258 -0.6000000238418579
    endloop
  endfacet
  facet normal 0 0 1
    outer loop
      vertex -57.98006057739258 -48.257198333740234 -0.6000000238418579
      vertex -57.757198333740234 -48.48006057739258 -0.6000000238418579
      vertex -54.6374626159668 -48.32324981689453 -0.6000000238418579
    endloop
  endfacet
  facet normal 0 0 1
    outer loop
      vertex -57.98006057739258 -48.257198333740234 -0.6000000238418579
      vertex -54.6374626159668 -48.32324981689453 -0.6000000238418579
      vertex -54.47367858886719 -48.21381378173828 -0.6000000238418579
    endloop
  endfacet
  facet normal -0.8314707289115353 0.5555685618925175 0
    outer loop
      vertex -57.757198333740234 -50.51993942260742 -3.000000476837158
      vertex -57.757198333740234 -50.51993942260742 -0.6000000238418579
      vertex -57.58209991455078 -50.25788497924805 -0.6000000238418579
    endloop
  endfacet
  facet normal 0 0 -1
    outer loop
      vertex -57.757198333740234 -50.51993942260742 -3.000000476837158
      vertex -57.58209991455078 -50.25788497924805 -3.000000476837158
      vertex -57.400001525878906 -50.162742614746094 -3.000000476837158
    endloop
  endfacet
  facet normal -0.8314707289115353 0.5555685618925175 0
    outer loop
      vertex -57.757198333740234 -50.51993942260742 -3.000000476837158
      vertex -57.58209991455078 -50.25788497924805 -0.6000000238418579
      vertex -57.58209991455078 -50.25788497924805 -3.000000476837158
    endloop
  endfacet
  facet normal -0.7071067811865476 0.7071067811865476 0
    outer loop
      vertex -57.757198333740234 -50.51993942260742 -3.000000476837158
      vertex -57.400001525878906 -50.162742614746094 -3.000000476837158
      vertex -57.400001525878906 -50.162742614746094 -3.200000286102295
    endloop
  endfacet
  facet normal 0 0 1
    outer loop
      vertex -57.757198333740234 -50.51993942260742 -0.6000000238418579
      vertex -54.88618850708008 -50.37367630004883 -0.6000000238418579
      vertex -57.58209991455078 -50.25788497924805 -0.6000000238418579
    endloop
  endfacet
  facet normal 0 0 1
    outer loop
      vertex -57.757198333740234 -50.51993942260742 -0.6000000238418579
      vertex -54.77674865722656 -50.53746032714844 -0.6000000238418579
      vertex -54.88618850708008 -50.37367630004883 -0.6000000238418579
    endloop
  endfacet
  facet normal 0 0 1
    outer loop
      vertex -57.757198333740234 -50.51993942260742 -0.6000000238418579
      vertex -54.6374626159668 -50.67675018310547 -0.6000000238418579
      vertex -54.77674865722656 -50.53746032714844 -0.6000000238418579
    endloop
  endfacet
  facet normal -0.8314707289115353 -0.5555685618925175 0
    outer loop
      vertex -57.757198333740234 -48.48006057739258 -3.000000476837158
      vertex -57.58209991455078 -48.74211502075195 -3.000000476837158
      vertex -57.757198333740234 -48.48006057739258 -0.6000000238418579
    endloop
  endfacet
  facet normal -0.7071067811865476 -0.7071067811865476 0
    outer loop
      vertex -57.757198333740234 -48.48006057739258 -3.000000476837158
      vertex -57.400001525878906 -48.837257385253906 -3.200000286102295
      vertex -57.400001525878906 -48.837257385253906 -3.000000476837158
    endloop
  endfacet
  facet normal 0 0 -1
    outer loop
      vertex -57.757198333740234 -48.48006057739258 -3.000000476837158
      vertex -57.400001525878906 -48.837257385253906 -3.000000476837158
      vertex -57.58209991455078 -48.74211502075195 -3.000000476837158
    endloop
  endfacet
  facet normal -0.8314707289115353 -0.5555685618925175 0
    outer loop
      vertex -57.757198333740234 -48.48006057739258 -0.6000000238418579
      vertex -57.58209991455078 -48.74211502075195 -3.000000476837158
      vertex -57.58209991455078 -48.74211502075195 -0.6000000238418579
    endloop
  endfacet
  facet normal 0 0 1
    outer loop
      vertex -57.757198333740234 -48.48006057739258 -0.6000000238418579
      vertex -57.58209991455078 -48.74211502075195 -0.6000000238418579
      vertex -54.88618850708008 -48.62632369995117 -0.6000000238418579
    endloop
  endfacet
  facet normal 0 0 1
    outer loop
      vertex -57.757198333740234 -48.48006057739258 -0.6000000238418579
      vertex -54.88618850708008 -48.62632369995117 -0.6000000238418579
      vertex -54.77674865722656 -48.46253967285156 -0.6000000238418579
    endloop
  endfacet
  facet normal 0 0 1
    outer loop
      vertex -57.757198333740234 -48.48006057739258 -0.6000000238418579
      vertex -54.77674865722656 -48.46253967285156 -0.6000000238418579
      vertex -54.6374626159668 -48.32324981689453 -0.6000000238418579
    endloop
  endfacet
  facet normal -0.9238784611787269 0.3826860187804458 0
    outer loop
      vertex -57.58209991455078 -50.25788497924805 -3.000000476837158
      vertex -57.58209991455078 -50.25788497924805 -0.6000000238418579
      vertex -57.46148681640625 -49.96670150756836 -0.6000000238418579
    endloop
  endfacet
  facet normal 0 0 -1
    outer loop
      vertex -57.58209991455078 -50.25788497924805 -3.000000476837158
      vertex -57.46148681640625 -49.96670150756836 -3.000000476837158
      vertex -57.400001525878906 -50.162742614746094 -3.000000476837158
    endloop
  endfacet
  facet normal -0.9238784611787269 0.3826860187804458 0
    outer loop
      vertex -57.58209991455078 -50.25788497924805 -3.000000476837158
      vertex -57.46148681640625 -49.96670150756836 -0.6000000238418579
      vertex -57.46148681640625 -49.96670150756836 -3.000000476837158
    endloop
  endfacet
  facet normal 0 0 1
    outer loop
      vertex -57.58209991455078 -50.25788497924805 -0.6000000238418579
      vertex -54.961570739746094 -50.191688537597656 -0.6000000238418579
      vertex -57.46148681640625 -49.96670150756836 -0.6000000238418579
    endloop
  endfacet
  facet normal 0 0 1
    outer loop
      vertex -57.58209991455078 -50.25788497924805 -0.6000000238418579
      vertex -54.88618850708008 -50.37367630004883 -0.6000000238418579
      vertex -54.961570739746094 -50.191688537597656 -0.6000000238418579
    endloop
  endfacet
  facet normal -0.9238784611787269 -0.3826860187804458 0
    outer loop
      vertex -57.58209991455078 -48.74211502075195 -3.000000476837158
      vertex -57.46148681640625 -49.03329849243164 -3.000000476837158
      vertex -57.58209991455078 -48.74211502075195 -0.6000000238418579
    endloop
  endfacet
  facet normal 0 0 -1
    outer loop
      vertex -57.58209991455078 -48.74211502075195 -3.000000476837158
      vertex -57.400001525878906 -48.837257385253906 -3.000000476837158
      vertex -57.46148681640625 -49.03329849243164 -3.000000476837158
    endloop
  endfacet
  facet normal -0.9238784611787269 -0.3826860187804458 0
    outer loop
      vertex -57.58209991455078 -48.74211502075195 -0.6000000238418579
      vertex -57.46148681640625 -49.03329849243164 -3.000000476837158
      vertex -57.46148681640625 -49.03329849243164 -0.6000000238418579
    endloop
  endfacet
  facet normal 0 0 1
    outer loop
      vertex -57.58209991455078 -48.74211502075195 -0.6000000238418579
      vertex -57.46148681640625 -49.03329849243164 -0.6000000238418579
      vertex -54.961570739746094 -48.808311462402344 -0.6000000238418579
    endloop
  endfacet
  facet normal 0 0 1
    outer loop
      vertex -57.58209991455078 -48.74211502075195 -0.6000000238418579
      vertex -54.961570739746094 -48.808311462402344 -0.6000000238418579
      vertex -54.88618850708008 -48.62632369995117 -0.6000000238418579
    endloop
  endfacet
  facet normal -0.5555677423411671 0.8314712765152736 0
    outer loop
      vertex -57.53160095214844 -52.24718475341797 -11.899999618530273
      vertex -57.53160095214844 -52.24718475341797 -3.5999999046325684
      vertex -57.02386474609375 -51.907928466796875 -11.899999618530273
    endloop
  endfacet
  facet normal 0 0 -1
    outer loop
      vertex -57.53160095214844 -52.24718475341797 -11.899999618530273
      vertex -57.02386474609375 -51.907928466796875 -11.899999618530273
      vertex -42.97613525390625 -51.907928466796875 -11.899999618530273
    endloop
  endfacet
  facet normal 0 0 -1
    outer loop
      vertex -57.53160095214844 -52.24718475341797 -11.899999618530273
      vertex -42.97613525390625 -51.907928466796875 -11.899999618530273
      vertex -42.46839904785156 -52.24718475341797 -11.899999618530273
    endloop
  endfacet
  facet normal 0 0 -1
    outer loop
      vertex -57.53160095214844 -52.24718475341797 -11.899999618530273
      vertex -42.46839904785156 -52.24718475341797 -11.899999618530273
      vertex -40.59618377685547 -53.599998474121094 -11.899999618530273
    endloop
  endfacet
  facet normal -0.5555677423411671 0.8314712765152736 0
    outer loop
      vertex -57.53160095214844 -52.24718475341797 -3.5999999046325684
      vertex -57.02386474609375 -51.907928466796875 -3.5999999046325684
      vertex -57.02386474609375 -51.907928466796875 -11.899999618530273
    endloop
  endfacet
  facet normal 0 0 -1
    outer loop
      vertex -57.53160095214844 -52.24718475341797 -3.5999999046325684
      vertex -56.34074783325195 -51.099998474121094 -3.5999999046325684
      vertex -57.02386474609375 -51.907928466796875 -3.5999999046325684
    endloop
  endfacet
  facet normal -0.5555677423411671 -0.8314712765152736 0
    outer loop
      vertex -57.53160095214844 -46.75281524658203 -11.899999618530273
      vertex -57.02386474609375 -47.092071533203125 -11.899999618530273
      vertex -57.02386474609375 -47.092071533203125 -3.5999999046325684
    endloop
  endfacet
  facet normal -0.5555677423411671 -0.8314712765152736 0
    outer loop
      vertex -57.53160095214844 -46.75281524658203 -11.899999618530273
      vertex -57.02386474609375 -47.092071533203125 -3.5999999046325684
      vertex -57.53160095214844 -46.75281524658203 -3.5999999046325684
    endloop
  endfacet
  facet normal 0 0 -1
    outer loop
      vertex -57.53160095214844 -46.75281524658203 -11.899999618530273
      vertex -42.97613525390625 -47.092071533203125 -11.899999618530273
      vertex -57.02386474609375 -47.092071533203125 -11.899999618530273
    endloop
  endfacet
  facet normal 0 0 -1
    outer loop
      vertex -57.53160095214844 -46.75281524658203 -11.899999618530273
      vertex -42.46839904785156 -46.75281524658203 -11.899999618530273
      vertex -42.97613525390625 -47.092071533203125 -11.899999618530273
    endloop
  endfacet
  facet normal 0 0 -1
    outer loop
      vertex -57.53160095214844 -46.75281524658203 -11.899999618530273
      vertex -40.59618377685547 -45.400001525878906 -11.899999618530273
      vertex -42.46839904785156 -46.75281524658203 -11.899999618530273
    endloop
  endfacet
  facet normal 0 0 -1
    outer loop
      vertex -57.53160095214844 -46.75281524658203 -3.5999999046325684
      vertex -57.02386474609375 -47.092071533203125 -3.5999999046325684
      vertex -56.34074783325195 -47.900001525878906 -3.5999999046325684
    endloop
  endfacet
  facet normal -0.980786359292881 0.19508489799319606 0
    outer loop
      vertex -57.46148681640625 -49.96670150756836 -3.000000476837158
      vertex -57.46148681640625 -49.96670150756836 -0.6000000238418579
      vertex -57.400001525878906 -49.65758514404297 -0.6000000238418579
    endloop
  endfacet
  facet normal 0 0 -1
    outer loop
      vertex -57.46148681640625 -49.96670150756836 -3.000000476837158
      vertex -57.400001525878906 -49.65758514404297 -3.000000476837158
      vertex -57.400001525878906 -50.162742614746094 -3.000000476837158
    endloop
  endfacet
  facet normal -0.980786359292881 0.19508489799319606 0
    outer loop
      vertex -57.46148681640625 -49.96670150756836 -3.000000476837158
      vertex -57.400001525878906 -49.65758514404297 -0.6000000238418579
      vertex -57.400001525878906 -49.65758514404297 -3.000000476837158
    endloop
  endfacet
  facet normal 0 0 1
    outer loop
      vertex -57.46148681640625 -49.96670150756836 -0.6000000238418579
      vertex -55 -49.99848937988281 -0.6000000238418579
      vertex -57.400001525878906 -49.65758514404297 -0.6000000238418579
    endloop
  endfacet
  facet normal 0 0 1
    outer loop
      vertex -57.46148681640625 -49.96670150756836 -0.6000000238418579
      vertex -54.961570739746094 -50.191688537597656 -0.6000000238418579
      vertex -55 -49.99848937988281 -0.6000000238418579
    endloop
  endfacet
  facet normal -0.980786359292881 -0.19508489799319606 0
    outer loop
      vertex -57.46148681640625 -49.03329849243164 -3.000000476837158
      vertex -57.400001525878906 -49.34241485595703 -3.000000476837158
      vertex -57.46148681640625 -49.03329849243164 -0.6000000238418579
    endloop
  endfacet
  facet normal 0 0 -1
    outer loop
      vertex -57.46148681640625 -49.03329849243164 -3.000000476837158
      vertex -57.400001525878906 -48.837257385253906 -3.000000476837158
      vertex -57.400001525878906 -49.34241485595703 -3.000000476837158
    endloop
  endfacet
  facet normal -0.980786359292881 -0.19508489799319606 0
    outer loop
      vertex -57.46148681640625 -49.03329849243164 -0.6000000238418579
      vertex -57.400001525878906 -49.34241485595703 -3.000000476837158
      vertex -57.400001525878906 -49.34241485595703 -0.6000000238418579
    endloop
  endfacet
  facet normal 0 0 1
    outer loop
      vertex -57.46148681640625 -49.03329849243164 -0.6000000238418579
      vertex -57.400001525878906 -49.34241485595703 -0.6000000238418579
      vertex -55 -49.00151062011719 -0.6000000238418579
    endloop
  endfacet
  facet normal 0 0 1
    outer loop
      vertex -57.46148681640625 -49.03329849243164 -0.6000000238418579
      vertex -55 -49.00151062011719 -0.6000000238418579
      vertex -54.961570739746094 -48.808311462402344 -0.6000000238418579
    endloop
  endfacet
  facet normal -1 0 0
    outer loop
      vertex -57.400001525878906 -51.099998474121094 -3.4000000953674316
      vertex -57.400001525878906 -51.099998474121094 -3.200000286102295
      vertex -57.400001525878906 -50.162742614746094 -3.200000286102295
    endloop
  endfacet
  facet normal -1 0 0
    outer loop
      vertex -57.400001525878906 -51.099998474121094 -3.4000000953674316
      vertex -57.400001525878906 -50.162742614746094 -3.200000286102295
      vertex -57.400001525878906 -47.900001525878906 -3.4000000953674316
    endloop
  endfacet
  facet normal 0 0 -1
    outer loop
      vertex -57.400001525878906 -51.099998474121094 -3.4000000953674316
      vertex -57.400001525878906 -47.900001525878906 -3.4000000953674316
      vertex -55.900001525878906 -49.194679260253906 -3.4000000953674316
    endloop
  endfacet
  facet normal 0 1 0
    outer loop
      vertex -57.400001525878906 -51.099998474121094 -3.4000000953674316
      vertex -56.34074783325195 -51.099998474121094 -3.4000000953674316
      vertex -56.34074783325195 -51.099998474121094 -3.5999999046325684
    endloop
  endfacet
  facet normal 0 0 -1
    outer loop
      vertex -57.400001525878906 -51.099998474121094 -3.4000000953674316
      vertex -56.25281524658203 -50.96839904785156 -3.4000000953674316
      vertex -56.34074783325195 -51.099998474121094 -3.4000000953674316
    endloop
  endfacet
  facet normal 0 0 -1
    outer loop
      vertex -57.400001525878906 -51.099998474121094 -3.4000000953674316
      vertex -56.01913070678711 -50.40423583984375 -3.4000000953674316
      vertex -56.25281524658203 -50.96839904785156 -3.4000000953674316
    endloop
  endfacet
  facet normal 0 0 -1
    outer loop
      vertex -57.400001525878906 -51.099998474121094 -3.4000000953674316
      vertex -55.900001525878906 -49.805320739746094 -3.4000000953674316
      vertex -56.01913070678711 -50.40423583984375 -3.4000000953674316
    endloop
  endfacet
  facet normal 0 0 -1
    outer loop
      vertex -57.400001525878906 -51.099998474121094 -3.4000000953674316
      vertex -55.900001525878906 -49.194679260253906 -3.4000000953674316
      vertex -55.900001525878906 -49.805320739746094 -3.4000000953674316
    endloop
  endfacet
  facet normal -1 0 0
    outer loop
      vertex -57.400001525878906 -50.162742614746094 -3.200000286102295
      vertex -57.400001525878906 -50.162742614746094 -3.000000476837158
      vertex -57.400001525878906 -49.65758514404297 -3.000000476837158
    endloop
  endfacet
  facet normal -1 0 0
    outer loop
      vertex -57.400001525878906 -50.162742614746094 -3.200000286102295
      vertex -57.400001525878906 -49.65758514404297 -3.000000476837158
      vertex -57.400001525878906 -48.837257385253906 -3.200000286102295
    endloop
  endfacet
  facet normal -1 0 0
    outer loop
      vertex -57.400001525878906 -50.162742614746094 -3.200000286102295
      vertex -57.400001525878906 -48.837257385253906 -3.200000286102295
      vertex -57.400001525878906 -47.900001525878906 -3.4000000953674316
    endloop
  endfacet
  facet normal -1 0 0
    outer loop
      vertex -57.400001525878906 -49.65758514404297 -3.000000476837158
      vertex -57.400001525878906 -49.65758514404297 -0.6000000238418579
      vertex -57.400001525878906 -49.34241485595703 -0.6000000238418579
    endloop
  endfacet
  facet normal -1 0 0
    outer loop
      vertex -57.400001525878906 -49.65758514404297 -3.000000476837158
      vertex -57.400001525878906 -49.34241485595703 -3.000000476837158
      vertex -57.400001525878906 -48.837257385253906 -3.200000286102295
    endloop
  endfacet
  facet normal -1 0 0
    outer loop
      vertex -57.400001525878906 -49.65758514404297 -3.000000476837158
      vertex -57.400001525878906 -49.34241485595703 -0.6000000238418579
      vertex -57.400001525878906 -49.34241485595703 -3.000000476837158
    endloop
  endfacet
  facet normal 0 0 1
    outer loop
      vertex -57.400001525878906 -49.65758514404297 -0.6000000238418579
      vertex -55 -49.99848937988281 -0.6000000238418579
      vertex -57.400001525878906 -49.34241485595703 -0.6000000238418579
    endloop
  endfacet
  facet normal -1 0 0
    outer loop
      vertex -57.400001525878906 -49.34241485595703 -3.000000476837158
      vertex -57.400001525878906 -48.837257385253906 -3.000000476837158
      vertex -57.400001525878906 -48.837257385253906 -3.200000286102295
    endloop
  endfacet
  facet normal 0 0 1
    outer loop
      vertex -57.400001525878906 -49.34241485595703 -0.6000000238418579
      vertex -55 -49.99848937988281 -0.6000000238418579
      vertex -55 -49.00151062011719 -0.6000000238418579
    endloop
  endfacet
  facet normal -1 0 0
    outer loop
      vertex -57.400001525878906 -48.837257385253906 -3.200000286102295
      vertex -57.400001525878906 -47.900001525878906 -3.200000286102295
      vertex -57.400001525878906 -47.900001525878906 -3.4000000953674316
    endloop
  endfacet
  facet normal 0 -1 0
    outer loop
      vertex -57.400001525878906 -47.900001525878906 -3.4000000953674316
      vertex -56.34074783325195 -47.900001525878906 -3.5999999046325684
      vertex -56.34074783325195 -47.900001525878906 -3.4000000953674316
    endloop
  endfacet
  facet normal 0 0 -1
    outer loop
      vertex -57.400001525878906 -47.900001525878906 -3.4000000953674316
      vertex -56.34074783325195 -47.900001525878906 -3.4000000953674316
      vertex -56.25281524658203 -48.03160095214844 -3.4000000953674316
    endloop
  endfacet
  facet normal 0 0 -1
    outer loop
      vertex -57.400001525878906 -47.900001525878906 -3.4000000953674316
      vertex -56.25281524658203 -48.03160095214844 -3.4000000953674316
      vertex -56.01913070678711 -48.59576416015625 -3.4000000953674316
    endloop
  endfacet
  facet normal 0 0 -1
    outer loop
      vertex -57.400001525878906 -47.900001525878906 -3.4000000953674316
      vertex -56.01913070678711 -48.59576416015625 -3.4000000953674316
      vertex -55.900001525878906 -49.194679260253906 -3.4000000953674316
    endloop
  endfacet
  facet normal -0.7071067811865476 0.7071067811865476 0
    outer loop
      vertex -57.02386474609375 -51.907928466796875 -11.899999618530273
      vertex -57.02386474609375 -51.907928466796875 -3.5999999046325684
      vertex -56.592071533203125 -51.47613525390625 -3.5999999046325684
    endloop
  endfacet
  facet normal 0 0 -1
    outer loop
      vertex -57.02386474609375 -51.907928466796875 -11.899999618530273
      vertex -56.592071533203125 -51.47613525390625 -11.899999618530273
      vertex -42.97613525390625 -51.907928466796875 -11.899999618530273
    endloop
  endfacet
  facet normal -0.7071067811865476 0.7071067811865476 0
    outer loop
      vertex -57.02386474609375 -51.907928466796875 -11.899999618530273
      vertex -56.592071533203125 -51.47613525390625 -3.5999999046325684
      vertex -56.592071533203125 -51.47613525390625 -11.899999618530273
    endloop
  endfacet
  facet normal 0 0 -1
    outer loop
      vertex -57.02386474609375 -51.907928466796875 -3.5999999046325684
      vertex -56.34074783325195 -51.099998474121094 -3.5999999046325684
      vertex -56.592071533203125 -51.47613525390625 -3.5999999046325684
    endloop
  endfacet
  facet normal -0.7071067811865476 -0.7071067811865476 0
    outer loop
      vertex -57.02386474609375 -47.092071533203125 -11.899999618530273
      vertex -56.592071533203125 -47.52386474609375 -11.899999618530273
      vertex -57.02386474609375 -47.092071533203125 -3.5999999046325684
    endloop
  endfacet
  facet normal 0 0 -1
    outer loop
      vertex -57.02386474609375 -47.092071533203125 -11.899999618530273
      vertex -42.97613525390625 -47.092071533203125 -11.899999618530273
      vertex -56.592071533203125 -47.52386474609375 -11.899999618530273
    endloop
  endfacet
  facet normal -0.7071067811865476 -0.7071067811865476 0
    outer loop
      vertex -57.02386474609375 -47.092071533203125 -3.5999999046325684
      vertex -56.592071533203125 -47.52386474609375 -11.899999618530273
      vertex -56.592071533203125 -47.52386474609375 -3.5999999046325684
    endloop
  endfacet
  facet normal 0 0 -1
    outer loop
      vertex -57.02386474609375 -47.092071533203125 -3.5999999046325684
      vertex -56.592071533203125 -47.52386474609375 -3.5999999046325684
      vertex -56.34074783325195 -47.900001525878906 -3.5999999046325684
    endloop
  endfacet
  facet normal -0.8314725340292033 0.5555658603217583 0
    outer loop
      vertex -56.592071533203125 -51.47613525390625 -11.899999618530273
      vertex -56.592071533203125 -51.47613525390625 -3.5999999046325684
      vertex -56.34074783325195 -51.099998474121094 -3.5999999046325684
    endloop
  endfacet
  facet normal -0.8314712765152673 0.5555677423411629 -1.2336624202556316e-7
    outer loop
      vertex -56.592071533203125 -51.47613525390625 -11.899999618530273
      vertex -56.34074783325195 -51.099998474121094 -3.5999999046325684
      vertex -56.25281524658203 -50.96839904785156 -11.899999618530273
    endloop
  endfacet
  facet normal 0 0 -1
    outer loop
      vertex -56.592071533203125 -51.47613525390625 -11.899999618530273
      vertex -56.25281524658203 -50.96839904785156 -11.899999618530273
      vertex -43.407928466796875 -51.47613525390625 -11.899999618530273
    endloop
  endfacet
  facet normal 0 0 -1
    outer loop
      vertex -56.592071533203125 -51.47613525390625 -11.899999618530273
      vertex -43.407928466796875 -51.47613525390625 -11.899999618530273
      vertex -42.97613525390625 -51.907928466796875 -11.899999618530273
    endloop
  endfacet
  facet normal -0.8314725340292033 -0.5555658603217583 0
    outer loop
      vertex -56.592071533203125 -47.52386474609375 -11.899999618530273
      vertex -56.34074783325195 -47.900001525878906 -3.5999999046325684
      vertex -56.592071533203125 -47.52386474609375 -3.5999999046325684
    endloop
  endfacet
  facet normal -0.8314712765152673 -0.5555677423411629 -1.2336624202556316e-7
    outer loop
      vertex -56.592071533203125 -47.52386474609375 -11.899999618530273
      vertex -56.25281524658203 -48.03160095214844 -11.899999618530273
      vertex -56.34074783325195 -47.900001525878906 -3.5999999046325684
    endloop
  endfacet
  facet normal 0 0 -1
    outer loop
      vertex -56.592071533203125 -47.52386474609375 -11.899999618530273
      vertex -43.407928466796875 -47.52386474609375 -11.899999618530273
      vertex -56.25281524658203 -48.03160095214844 -11.899999618530273
    endloop
  endfacet
  facet normal 0 0 -1
    outer loop
      vertex -56.592071533203125 -47.52386474609375 -11.899999618530273
      vertex -42.97613525390625 -47.092071533203125 -11.899999618530273
      vertex -43.407928466796875 -47.52386474609375 -11.899999618530273
    endloop
  endfacet
  facet normal -0.8314676822931371 0.5555731214719434 0
    outer loop
      vertex -56.34074783325195 -51.099998474121094 -3.5999999046325684
      vertex -56.34074783325195 -51.099998474121094 -3.4000000953674316
      vertex -56.25281524658203 -50.96839904785156 -3.4000000953674316
    endloop
  endfacet
  facet normal -0.8314676822931371 0.5555731214719434 0
    outer loop
      vertex -56.34074783325195 -51.099998474121094 -3.5999999046325684
      vertex -56.25281524658203 -50.96839904785156 -3.4000000953674316
      vertex -56.25281524658203 -50.96839904785156 -11.899999618530273
    endloop
  endfacet
  facet normal -0.8314676822931371 -0.5555731214719434 0
    outer loop
      vertex -56.34074783325195 -47.900001525878906 -3.5999999046325684
      vertex -56.25281524658203 -48.03160095214844 -11.899999618530273
      vertex -56.25281524658203 -48.03160095214844 -3.4000000953674316
    endloop
  endfacet
  facet normal -0.8314676822931371 -0.5555731214719434 0
    outer loop
      vertex -56.34074783325195 -47.900001525878906 -3.5999999046325684
      vertex -56.25281524658203 -48.03160095214844 -3.4000000953674316
      vertex -56.34074783325195 -47.900001525878906 -3.4000000953674316
    endloop
  endfacet
  facet normal -0.9238792501724207 0.38268411399069807 0
    outer loop
      vertex -56.25281524658203 -50.96839904785156 -11.899999618530273
      vertex -56.25281524658203 -50.96839904785156 -3.4000000953674316
      vertex -56.01913070678711 -50.40423583984375 -3.4000000953674316
    endloop
  endfacet
  facet normal 0 0 -1
    outer loop
      vertex -56.25281524658203 -50.96839904785156 -11.899999618530273
      vertex -56.01913070678711 -50.40423583984375 -11.899999618530273
      vertex -43.74718475341797 -50.96839904785156 -11.899999618530273
    endloop
  endfacet
  facet normal -0.9238792501724207 0.38268411399069807 0
    outer loop
      vertex -56.25281524658203 -50.96839904785156 -11.899999618530273
      vertex -56.01913070678711 -50.40423583984375 -3.4000000953674316
      vertex -56.01913070678711 -50.40423583984375 -11.899999618530273
    endloop
  endfacet
  facet normal 0 0 -1
    outer loop
      vertex -56.25281524658203 -50.96839904785156 -11.899999618530273
      vertex -43.74718475341797 -50.96839904785156 -11.899999618530273
      vertex -43.407928466796875 -51.47613525390625 -11.899999618530273
    endloop
  endfacet
  facet normal -0.9238792501724207 -0.38268411399069807 0
    outer loop
      vertex -56.25281524658203 -48.03160095214844 -11.899999618530273
      vertex -56.01913070678711 -48.59576416015625 -11.899999618530273
      vertex -56.25281524658203 -48.03160095214844 -3.4000000953674316
    endloop
  endfacet
  facet normal 0 0 -1
    outer loop
      vertex -56.25281524658203 -48.03160095214844 -11.899999618530273
      vertex -43.74718475341797 -48.03160095214844 -11.899999618530273
      vertex -56.01913070678711 -48.59576416015625 -11.899999618530273
    endloop
  endfacet
  facet normal 0 0 -1
    outer loop
      vertex -56.25281524658203 -48.03160095214844 -11.899999618530273
      vertex -43.407928466796875 -47.52386474609375 -11.899999618530273
      vertex -43.74718475341797 -48.03160095214844 -11.899999618530273
    endloop
  endfacet
  facet normal -0.9238792501724207 -0.38268411399069807 0
    outer loop
      vertex -56.25281524658203 -48.03160095214844 -3.4000000953674316
      vertex -56.01913070678711 -48.59576416015625 -11.899999618530273
      vertex -56.01913070678711 -48.59576416015625 -3.4000000953674316
    endloop
  endfacet
  facet normal -0.9807860447972812 0.19508647910838264 0
    outer loop
      vertex -56.01913070678711 -50.40423583984375 -11.899999618530273
      vertex -56.01913070678711 -50.40423583984375 -3.4000000953674316
      vertex -55.900001525878906 -49.805320739746094 -3.4000000953674316
    endloop
  endfacet
  facet normal 0 0 -1
    outer loop
      vertex -56.01913070678711 -50.40423583984375 -11.899999618530273
      vertex -55.900001525878906 -49.805320739746094 -11.899999618530273
      vertex -43.98086929321289 -50.40423583984375 -11.899999618530273
    endloop
  endfacet
  facet normal -0.9807860447972812 0.19508647910838264 0
    outer loop
      vertex -56.01913070678711 -50.40423583984375 -11.899999618530273
      vertex -55.900001525878906 -49.805320739746094 -3.4000000953674316
      vertex -55.900001525878906 -49.805320739746094 -11.899999618530273
    endloop
  endfacet
  facet normal 0 0 -1
    outer loop
      vertex -56.01913070678711 -50.40423583984375 -11.899999618530273
      vertex -43.98086929321289 -50.40423583984375 -11.899999618530273
      vertex -43.74718475341797 -50.96839904785156 -11.899999618530273
    endloop
  endfacet
  facet normal -0.9807860447972812 -0.19508647910838264 0
    outer loop
      vertex -56.01913070678711 -48.59576416015625 -11.899999618530273
      vertex -55.900001525878906 -49.194679260253906 -11.899999618530273
      vertex -56.01913070678711 -48.59576416015625 -3.4000000953674316
    endloop
  endfacet
  facet normal 0 0 -1
    outer loop
      vertex -56.01913070678711 -48.59576416015625 -11.899999618530273
      vertex -43.98086929321289 -48.59576416015625 -11.899999618530273
      vertex -55.900001525878906 -49.194679260253906 -11.899999618530273
    endloop
  endfacet
  facet normal 0 0 -1
    outer loop
      vertex -56.01913070678711 -48.59576416015625 -11.899999618530273
      vertex -43.74718475341797 -48.03160095214844 -11.899999618530273
      vertex -43.98086929321289 -48.59576416015625 -11.899999618530273
    endloop
  endfacet
  facet normal -0.9807860447972812 -0.19508647910838264 0
    outer loop
      vertex -56.01913070678711 -48.59576416015625 -3.4000000953674316
      vertex -55.900001525878906 -49.194679260253906 -11.899999618530273
      vertex -55.900001525878906 -49.194679260253906 -3.4000000953674316
    endloop
  endfacet
  facet normal -1 0 0
    outer loop
      vertex -55.900001525878906 -49.805320739746094 -11.899999618530273
      vertex -55.900001525878906 -49.805320739746094 -3.4000000953674316
      vertex -55.900001525878906 -49.194679260253906 -3.4000000953674316
    endloop
  endfacet
  facet normal 0 0 -1
    outer loop
      vertex -55.900001525878906 -49.805320739746094 -11.899999618530273
      vertex -55.900001525878906 -49.194679260253906 -11.899999618530273
      vertex -44.099998474121094 -49.194679260253906 -11.899999618530273
    endloop
  endfacet
  facet normal -1 0 0
    outer loop
      vertex -55.900001525878906 -49.805320739746094 -11.899999618530273
      vertex -55.900001525878906 -49.194679260253906 -3.4000000953674316
      vertex -55.900001525878906 -49.194679260253906 -11.899999618530273
    endloop
  endfacet
  facet normal 0 0 -1
    outer loop
      vertex -55.900001525878906 -49.805320739746094 -11.899999618530273
      vertex -44.099998474121094 -49.805320739746094 -11.899999618530273
      vertex -43.98086929321289 -50.40423583984375 -11.899999618530273
    endloop
  endfacet
  facet normal 0 0 -1
    outer loop
      vertex -55.900001525878906 -49.805320739746094 -11.899999618530273
      vertex -44.099998474121094 -49.194679260253906 -11.899999618530273
      vertex -44.099998474121094 -49.805320739746094 -11.899999618530273
    endloop
  endfacet
  facet normal 0 0 -1
    outer loop
      vertex -55.900001525878906 -49.194679260253906 -11.899999618530273
      vertex -43.98086929321289 -48.59576416015625 -11.899999618530273
      vertex -44.099998474121094 -49.194679260253906 -11.899999618530273
    endloop
  endfacet
  facet normal -1 0 0
    outer loop
      vertex -55 -49.99848937988281 -0.6000000238418579
      vertex -55 -49.99848937988281 0.4000000059604645
      vertex -55 -49.00151062011719 0.4000000059604645
    endloop
  endfacet
  facet normal -1 0 0
    outer loop
      vertex -55 -49.99848937988281 -0.6000000238418579
      vertex -55 -49.00151062011719 0.4000000059604645
      vertex -55 -49.00151062011719 -0.6000000238418579
    endloop
  endfacet
  facet normal -0.9807857093352049 -0.19508816561708436 0
    outer loop
      vertex -55 -49.99848937988281 -0.6000000238418579
      vertex -54.961570739746094 -50.191688537597656 -0.6000000238418579
      vertex -55 -49.99848937988281 0.4000000059604645
    endloop
  endfacet
  facet normal -0.9807857093352049 -0.19508816561708436 0
    outer loop
      vertex -55 -49.99848937988281 0.4000000059604645
      vertex -54.961570739746094 -50.191688537597656 -0.6000000238418579
      vertex -54.961570739746094 -50.191688537597656 0.4000000059604645
    endloop
  endfacet
  facet normal 0 0 1
    outer loop
      vertex -55 -49.99848937988281 0.4000000059604645
      vertex -54.961570739746094 -50.191688537597656 0.4000000059604645
      vertex -54.88618850708008 -50.37367630004883 0.4000000059604645
    endloop
  endfacet
  facet normal 0 0 1
    outer loop
      vertex -55 -49.99848937988281 0.4000000059604645
      vertex -54.88618850708008 -50.37367630004883 0.4000000059604645
      vertex -54.77674865722656 -50.53746032714844 0.4000000059604645
    endloop
  endfacet
  facet normal 0 0 1
    outer loop
      vertex -55 -49.99848937988281 0.4000000059604645
      vertex -54.77674865722656 -50.53746032714844 0.4000000059604645
      vertex -54.6374626159668 -50.67675018310547 0.4000000059604645
    endloop
  endfacet
  facet normal 0 0 1
    outer loop
      vertex -55 -49.99848937988281 0.4000000059604645
      vertex -54.6374626159668 -50.67675018310547 0.4000000059604645
      vertex -54.47367858886719 -50.78618621826172 0.4000000059604645
    endloop
  endfacet
  facet normal 0 0 1
    outer loop
      vertex -55 -49.99848937988281 0.4000000059604645
      vertex -54.47367858886719 -50.78618621826172 0.4000000059604645
      vertex -54.29168701171875 -50.861572265625 0.4000000059604645
    endloop
  endfacet
  facet normal 0 0 1
    outer loop
      vertex -55 -49.99848937988281 0.4000000059604645
      vertex -54.29168701171875 -50.861572265625 0.4000000059604645
      vertex -54.09849166870117 -50.900001525878906 0.4000000059604645
    endloop
  endfacet
  facet normal 0 0 1
    outer loop
      vertex -55 -49.99848937988281 0.4000000059604645
      vertex -54.09849166870117 -50.900001525878906 0.4000000059604645
      vertex -55 -49.00151062011719 0.4000000059604645
    endloop
  endfacet
  facet normal -0.9807857093352049 0.19508816561708436 0
    outer loop
      vertex -55 -49.00151062011719 -0.6000000238418579
      vertex -55 -49.00151062011719 0.4000000059604645
      vertex -54.961570739746094 -48.808311462402344 0.4000000059604645
    endloop
  endfacet
  facet normal -0.9807857093352049 0.19508816561708436 0
    outer loop
      vertex -55 -49.00151062011719 -0.6000000238418579
      vertex -54.961570739746094 -48.808311462402344 0.4000000059604645
      vertex -54.961570739746094 -48.808311462402344 -0.6000000238418579
    endloop
  endfacet
  facet normal 0 0 1
    outer loop
      vertex -55 -49.00151062011719 0.4000000059604645
      vertex -54.88618850708008 -48.62632369995117 0.4000000059604645
      vertex -54.961570739746094 -48.808311462402344 0.4000000059604645
    endloop
  endfacet
  facet normal 0 0 1
    outer loop
      vertex -55 -49.00151062011719 0.4000000059604645
      vertex -54.77674865722656 -48.46253967285156 0.4000000059604645
      vertex -54.88618850708008 -48.62632369995117 0.4000000059604645
    endloop
  endfacet
  facet normal 0 0 1
    outer loop
      vertex -55 -49.00151062011719 0.4000000059604645
      vertex -54.6374626159668 -48.32324981689453 0.4000000059604645
      vertex -54.77674865722656 -48.46253967285156 0.4000000059604645
    endloop
  endfacet
  facet normal 0 0 1
    outer loop
      vertex -55 -49.00151062011719 0.4000000059604645
      vertex -54.47367858886719 -48.21381378173828 0.4000000059604645
      vertex -54.6374626159668 -48.32324981689453 0.4000000059604645
    endloop
  endfacet
  facet normal 0 0 1
    outer loop
      vertex -55 -49.00151062011719 0.4000000059604645
      vertex -54.29168701171875 -48.138427734375 0.4000000059604645
      vertex -54.47367858886719 -48.21381378173828 0.4000000059604645
    endloop
  endfacet
  facet normal 0 0 1
    outer loop
      vertex -55 -49.00151062011719 0.4000000059604645
      vertex -54.09849166870117 -50.900001525878906 0.4000000059604645
      vertex -54.09849166870117 -48.099998474121094 0.4000000059604645
    endloop
  endfacet
  facet normal 0 0 1
    outer loop
      vertex -55 -49.00151062011719 0.4000000059604645
      vertex -54.09849166870117 -48.099998474121094 0.4000000059604645
      vertex -54.29168701171875 -48.138427734375 0.4000000059604645
    endloop
  endfacet
  facet normal -0.9238787548503221 -0.3826853097993421 0
    outer loop
      vertex -54.961570739746094 -50.191688537597656 -0.6000000238418579
      vertex -54.88618850708008 -50.37367630004883 -0.6000000238418579
      vertex -54.961570739746094 -50.191688537597656 0.4000000059604645
    endloop
  endfacet
  facet normal -0.9238787548503221 -0.3826853097993421 0
    outer loop
      vertex -54.961570739746094 -50.191688537597656 0.4000000059604645
      vertex -54.88618850708008 -50.37367630004883 -0.6000000238418579
      vertex -54.88618850708008 -50.37367630004883 0.4000000059604645
    endloop
  endfacet
  facet normal -0.9238787548503221 0.3826853097993421 0
    outer loop
      vertex -54.961570739746094 -48.808311462402344 -0.6000000238418579
      vertex -54.961570739746094 -48.808311462402344 0.4000000059604645
      vertex -54.88618850708008 -48.62632369995117 0.4000000059604645
    endloop
  endfacet
  facet normal -0.9238787548503221 0.3826853097993421 0
    outer loop
      vertex -54.961570739746094 -48.808311462402344 -0.6000000238418579
      vertex -54.88618850708008 -48.62632369995117 0.4000000059604645
      vertex -54.88618850708008 -48.62632369995117 -0.6000000238418579
    endloop
  endfacet
  facet normal -0.8314629013107512 -0.5555802765972782 0
    outer loop
      vertex -54.88618850708008 -50.37367630004883 -0.6000000238418579
      vertex -54.77674865722656 -50.53746032714844 -0.6000000238418579
      vertex -54.88618850708008 -50.37367630004883 0.4000000059604645
    endloop
  endfacet
  facet normal -0.8314629013107512 -0.5555802765972782 0
    outer loop
      vertex -54.88618850708008 -50.37367630004883 0.4000000059604645
      vertex -54.77674865722656 -50.53746032714844 -0.6000000238418579
      vertex -54.77674865722656 -50.53746032714844 0.4000000059604645
    endloop
  endfacet
  facet normal -0.8314629013107512 0.5555802765972782 0
    outer loop
      vertex -54.88618850708008 -48.62632369995117 -0.6000000238418579
      vertex -54.88618850708008 -48.62632369995117 0.4000000059604645
      vertex -54.77674865722656 -48.46253967285156 0.4000000059604645
    endloop
  endfacet
  facet normal -0.8314629013107512 0.5555802765972782 0
    outer loop
      vertex -54.88618850708008 -48.62632369995117 -0.6000000238418579
      vertex -54.77674865722656 -48.46253967285156 0.4000000059604645
      vertex -54.77674865722656 -48.46253967285156 -0.6000000238418579
    endloop
  endfacet
  facet normal -0.7071164639331989 -0.7070970983073038 0
    outer loop
      vertex -54.77674865722656 -50.53746032714844 -0.6000000238418579
      vertex -54.6374626159668 -50.67675018310547 -0.6000000238418579
      vertex -54.77674865722656 -50.53746032714844 0.4000000059604645
    endloop
  endfacet
  facet normal -0.7071164639331989 -0.7070970983073038 0
    outer loop
      vertex -54.77674865722656 -50.53746032714844 0.4000000059604645
      vertex -54.6374626159668 -50.67675018310547 -0.6000000238418579
      vertex -54.6374626159668 -50.67675018310547 0.4000000059604645
    endloop
  endfacet
  facet normal -0.7071164639331989 0.7070970983073038 0
    outer loop
      vertex -54.77674865722656 -48.46253967285156 -0.6000000238418579
      vertex -54.77674865722656 -48.46253967285156 0.4000000059604645
      vertex -54.6374626159668 -48.32324981689453 0.4000000059604645
    endloop
  endfacet
  facet normal -0.7071164639331989 0.7070970983073038 0
    outer loop
      vertex -54.77674865722656 -48.46253967285156 -0.6000000238418579
      vertex -54.6374626159668 -48.32324981689453 0.4000000059604645
      vertex -54.6374626159668 -48.32324981689453 -0.6000000238418579
    endloop
  endfacet
  facet normal -0.5555668883362574 -0.8314718471387763 0
    outer loop
      vertex -54.6374626159668 -50.67675018310547 -0.6000000238418579
      vertex -54.47367858886719 -50.78618621826172 -0.6000000238418579
      vertex -54.47367858886719 -50.78618621826172 0.4000000059604645
    endloop
  endfacet
  facet normal -0.5555668883362574 -0.8314718471387763 0
    outer loop
      vertex -54.6374626159668 -50.67675018310547 -0.6000000238418579
      vertex -54.47367858886719 -50.78618621826172 0.4000000059604645
      vertex -54.6374626159668 -50.67675018310547 0.4000000059604645
    endloop
  endfacet
  facet normal -0.5555668883362574 0.8314718471387763 0
    outer loop
      vertex -54.6374626159668 -48.32324981689453 -0.6000000238418579
      vertex -54.6374626159668 -48.32324981689453 0.4000000059604645
      vertex -54.47367858886719 -48.21381378173828 -0.6000000238418579
    endloop
  endfacet
  facet normal -0.5555668883362574 0.8314718471387763 0
    outer loop
      vertex -54.6374626159668 -48.32324981689453 0.4000000059604645
      vertex -54.47367858886719 -48.21381378173828 0.4000000059604645
      vertex -54.47367858886719 -48.21381378173828 -0.6000000238418579
    endloop
  endfacet
  facet normal -0.3826949923203938 -0.9238747441362891 0
    outer loop
      vertex -54.47367858886719 -50.78618621826172 -0.6000000238418579
      vertex -54.29168701171875 -50.861572265625 -0.6000000238418579
      vertex -54.29168701171875 -50.861572265625 0.4000000059604645
    endloop
  endfacet
  facet normal -0.3826949923203938 -0.9238747441362891 0
    outer loop
      vertex -54.47367858886719 -50.78618621826172 -0.6000000238418579
      vertex -54.29168701171875 -50.861572265625 0.4000000059604645
      vertex -54.47367858886719 -50.78618621826172 0.4000000059604645
    endloop
  endfacet
  facet normal -0.3826949923203938 0.9238747441362891 0
    outer loop
      vertex -54.47367858886719 -48.21381378173828 -0.6000000238418579
      vertex -54.47367858886719 -48.21381378173828 0.4000000059604645
      vertex -54.29168701171875 -48.138427734375 -0.6000000238418579
    endloop
  endfacet
  facet normal -0.3826949923203938 0.9238747441362891 0
    outer loop
      vertex -54.47367858886719 -48.21381378173828 0.4000000059604645
      vertex -54.29168701171875 -48.138427734375 0.4000000059604645
      vertex -54.29168701171875 -48.138427734375 -0.6000000238418579
    endloop
  endfacet
  facet normal -0.1950918710769922 -0.980784972274595 0
    outer loop
      vertex -54.29168701171875 -50.861572265625 -0.6000000238418579
      vertex -54.09849166870117 -50.900001525878906 -0.6000000238418579
      vertex -54.09849166870117 -50.900001525878906 0.4000000059604645
    endloop
  endfacet
  facet normal -0.1950918710769922 -0.980784972274595 0
    outer loop
      vertex -54.29168701171875 -50.861572265625 -0.6000000238418579
      vertex -54.09849166870117 -50.900001525878906 0.4000000059604645
      vertex -54.29168701171875 -50.861572265625 0.4000000059604645
    endloop
  endfacet
  facet normal -0.1950918710769922 0.980784972274595 0
    outer loop
      vertex -54.29168701171875 -48.138427734375 -0.6000000238418579
      vertex -54.29168701171875 -48.138427734375 0.4000000059604645
      vertex -54.09849166870117 -48.099998474121094 -0.6000000238418579
    endloop
  endfacet
  facet normal -0.1950918710769922 0.980784972274595 0
    outer loop
      vertex -54.29168701171875 -48.138427734375 0.4000000059604645
      vertex -54.09849166870117 -48.099998474121094 0.4000000059604645
      vertex -54.09849166870117 -48.099998474121094 -0.6000000238418579
    endloop
  endfacet
  facet normal 0 -1 0
    outer loop
      vertex -54.09849166870117 -50.900001525878906 -0.6000000238418579
      vertex -45.90150833129883 -50.900001525878906 -0.6000000238418579
      vertex -45.90150833129883 -50.900001525878906 0.4000000059604645
    endloop
  endfacet
  facet normal 0 -1 0
    outer loop
      vertex -54.09849166870117 -50.900001525878906 -0.6000000238418579
      vertex -45.90150833129883 -50.900001525878906 0.4000000059604645
      vertex -54.09849166870117 -50.900001525878906 0.4000000059604645
    endloop
  endfacet
  facet normal 0 0 1
    outer loop
      vertex -54.09849166870117 -50.900001525878906 -0.6000000238418579
      vertex -35.90150833129883 -53.599998474121094 -0.6000000238418579
      vertex -45.90150833129883 -50.900001525878906 -0.6000000238418579
    endloop
  endfacet
  facet normal 0 0 1
    outer loop
      vertex -54.09849166870117 -50.900001525878906 0.4000000059604645
      vertex -45.90150833129883 -50.900001525878906 0.4000000059604645
      vertex -54.09849166870117 -48.099998474121094 0.4000000059604645
    endloop
  endfacet
  facet normal 0 1 0
    outer loop
      vertex -54.09849166870117 -48.099998474121094 -0.6000000238418579
      vertex -54.09849166870117 -48.099998474121094 0.4000000059604645
      vertex -45.90150833129883 -48.099998474121094 -0.6000000238418579
    endloop
  endfacet
  facet normal 0 0 1
    outer loop
      vertex -54.09849166870117 -48.099998474121094 -0.6000000238418579
      vertex -45.90150833129883 -48.099998474121094 -0.6000000238418579
      vertex -37.12132263183594 -45.400001525878906 -0.6000000238418579
    endloop
  endfacet
  facet normal 0 0 1
    outer loop
      vertex -54.09849166870117 -48.099998474121094 0.4000000059604645
      vertex -45.90150833129883 -50.900001525878906 0.4000000059604645
      vertex -45.90150833129883 -48.099998474121094 0.4000000059604645
    endloop
  endfacet
  facet normal 0 1 0
    outer loop
      vertex -54.09849166870117 -48.099998474121094 0.4000000059604645
      vertex -45.90150833129883 -48.099998474121094 0.4000000059604645
      vertex -45.90150833129883 -48.099998474121094 -0.6000000238418579
    endloop
  endfacet
  facet normal 0.1950918710769922 -0.980784972274595 0
    outer loop
      vertex -45.90150833129883 -50.900001525878906 -0.6000000238418579
      vertex -45.70831298828125 -50.861572265625 -0.6000000238418579
      vertex -45.70831298828125 -50.861572265625 0.4000000059604645
    endloop
  endfacet
  facet normal 0.1950918710769922 -0.980784972274595 0
    outer loop
      vertex -45.90150833129883 -50.900001525878906 -0.6000000238418579
      vertex -45.70831298828125 -50.861572265625 0.4000000059604645
      vertex -45.90150833129883 -50.900001525878906 0.4000000059604645
    endloop
  endfacet
  facet normal 0 0 1
    outer loop
      vertex -45.90150833129883 -50.900001525878906 -0.6000000238418579
      vertex -41.46670150756836 -51.03851318359375 -0.6000000238418579
      vertex -45.70831298828125 -50.861572265625 -0.6000000238418579
    endloop
  endfacet
  facet normal 0 0 1
    outer loop
      vertex -45.90150833129883 -50.900001525878906 -0.6000000238418579
      vertex -35.90150833129883 -53.599998474121094 -0.6000000238418579
      vertex -41.46670150756836 -51.03851318359375 -0.6000000238418579
    endloop
  endfacet
  facet normal 0 0 1
    outer loop
      vertex -45.90150833129883 -50.900001525878906 0.4000000059604645
      vertex -45.70831298828125 -50.861572265625 0.4000000059604645
      vertex -45.52632141113281 -50.78618621826172 0.4000000059604645
    endloop
  endfacet
  facet normal 0 0 1
    outer loop
      vertex -45.90150833129883 -50.900001525878906 0.4000000059604645
      vertex -45.52632141113281 -50.78618621826172 0.4000000059604645
      vertex -45.3625373840332 -50.67675018310547 0.4000000059604645
    endloop
  endfacet
  facet normal 0 0 1
    outer loop
      vertex -45.90150833129883 -50.900001525878906 0.4000000059604645
      vertex -45.3625373840332 -50.67675018310547 0.4000000059604645
      vertex -45.22325134277344 -50.53746032714844 0.4000000059604645
    endloop
  endfacet
  facet normal 0 0 1
    outer loop
      vertex -45.90150833129883 -50.900001525878906 0.4000000059604645
      vertex -45.22325134277344 -50.53746032714844 0.4000000059604645
      vertex -45.11381149291992 -50.37367630004883 0.4000000059604645
    endloop
  endfacet
  facet normal 0 0 1
    outer loop
      vertex -45.90150833129883 -50.900001525878906 0.4000000059604645
      vertex -45.11381149291992 -50.37367630004883 0.4000000059604645
      vertex -45.038429260253906 -50.191688537597656 0.4000000059604645
    endloop
  endfacet
  facet normal 0 0 1
    outer loop
      vertex -45.90150833129883 -50.900001525878906 0.4000000059604645
      vertex -45.038429260253906 -50.191688537597656 0.4000000059604645
      vertex -45 -49.99848937988281 0.4000000059604645
    endloop
  endfacet
  facet normal 0 0 1
    outer loop
      vertex -45.90150833129883 -50.900001525878906 0.4000000059604645
      vertex -45 -49.99848937988281 0.4000000059604645
      vertex -45.90150833129883 -48.099998474121094 0.4000000059604645
    endloop
  endfacet
  facet normal 0.1950918710769922 0.980784972274595 0
    outer loop
      vertex -45.90150833129883 -48.099998474121094 -0.6000000238418579
      vertex -45.90150833129883 -48.099998474121094 0.4000000059604645
      vertex -45.70831298828125 -48.138427734375 -0.6000000238418579
    endloop
  endfacet
  facet normal 0 0 1
    outer loop
      vertex -45.90150833129883 -48.099998474121094 -0.6000000238418579
      vertex -45.70831298828125 -48.138427734375 -0.6000000238418579
      vertex -37.12132263183594 -45.400001525878906 -0.6000000238418579
    endloop
  endfacet
  facet normal 0.1950918710769922 0.980784972274595 0
    outer loop
      vertex -45.90150833129883 -48.099998474121094 0.4000000059604645
      vertex -45.70831298828125 -48.138427734375 0.4000000059604645
      vertex -45.70831298828125 -48.138427734375 -0.6000000238418579
    endloop
  endfacet
  facet normal 0 0 1
    outer loop
      vertex -45.90150833129883 -48.099998474121094 0.4000000059604645
      vertex -45.52632141113281 -48.21381378173828 0.4000000059604645
      vertex -45.70831298828125 -48.138427734375 0.4000000059604645
    endloop
  endfacet
  facet normal 0 0 1
    outer loop
      vertex -45.90150833129883 -48.099998474121094 0.4000000059604645
      vertex -45.3625373840332 -48.32324981689453 0.4000000059604645
      vertex -45.52632141113281 -48.21381378173828 0.4000000059604645
    endloop
  endfacet
  facet normal 0 0 1
    outer loop
      vertex -45.90150833129883 -48.099998474121094 0.4000000059604645
      vertex -45.22325134277344 -48.46253967285156 0.4000000059604645
      vertex -45.3625373840332 -48.32324981689453 0.4000000059604645
    endloop
  endfacet
  facet normal 0 0 1
    outer loop
      vertex -45.90150833129883 -48.099998474121094 0.4000000059604645
      vertex -45.11381149291992 -48.62632369995117 0.4000000059604645
      vertex -45.22325134277344 -48.46253967285156 0.4000000059604645
    endloop
  endfacet
  facet normal 0 0 1
    outer loop
      vertex -45.90150833129883 -48.099998474121094 0.4000000059604645
      vertex -45.038429260253906 -48.808311462402344 0.4000000059604645
      vertex -45.11381149291992 -48.62632369995117 0.4000000059604645
    endloop
  endfacet
  facet normal 0 0 1
    outer loop
      vertex -45.90150833129883 -48.099998474121094 0.4000000059604645
      vertex -45 -49.99848937988281 0.4000000059604645
      vertex -45 -49.00151062011719 0.4000000059604645
    endloop
  endfacet
  facet normal 0 0 1
    outer loop
      vertex -45.90150833129883 -48.099998474121094 0.4000000059604645
      vertex -45 -49.00151062011719 0.4000000059604645
      vertex -45.038429260253906 -48.808311462402344 0.4000000059604645
    endloop
  endfacet
  facet normal 0.3826949923203938 -0.9238747441362891 0
    outer loop
      vertex -45.70831298828125 -50.861572265625 -0.6000000238418579
      vertex -45.52632141113281 -50.78618621826172 -0.6000000238418579
      vertex -45.52632141113281 -50.78618621826172 0.4000000059604645
    endloop
  endfacet
  facet normal 0.3826949923203938 -0.9238747441362891 0
    outer loop
      vertex -45.70831298828125 -50.861572265625 -0.6000000238418579
      vertex -45.52632141113281 -50.78618621826172 0.4000000059604645
      vertex -45.70831298828125 -50.861572265625 0.4000000059604645
    endloop
  endfacet
  facet normal 0 0 1
    outer loop
      vertex -45.70831298828125 -50.861572265625 -0.6000000238418579
      vertex -41.75788497924805 -50.91790008544922 -0.6000000238418579
      vertex -45.52632141113281 -50.78618621826172 -0.6000000238418579
    endloop
  endfacet
  facet normal 0 0 1
    outer loop
      vertex -45.70831298828125 -50.861572265625 -0.6000000238418579
      vertex -41.46670150756836 -51.03851318359375 -0.6000000238418579
      vertex -41.75788497924805 -50.91790008544922 -0.6000000238418579
    endloop
  endfacet
  facet normal 0.3826949923203938 0.9238747441362891 0
    outer loop
      vertex -45.70831298828125 -48.138427734375 -0.6000000238418579
      vertex -45.70831298828125 -48.138427734375 0.4000000059604645
      vertex -45.52632141113281 -48.21381378173828 -0.6000000238418579
    endloop
  endfacet
  facet normal 0 0 1
    outer loop
      vertex -45.70831298828125 -48.138427734375 -0.6000000238418579
      vertex -45.52632141113281 -48.21381378173828 -0.6000000238418579
      vertex -41.75788497924805 -48.08209991455078 -0.6000000238418579
    endloop
  endfacet
  facet normal 0 0 1
    outer loop
      vertex -45.70831298828125 -48.138427734375 -0.6000000238418579
      vertex -41.75788497924805 -48.08209991455078 -0.6000000238418579
      vertex -41.46670150756836 -47.96148681640625 -0.6000000238418579
    endloop
  endfacet
  facet normal 0 0 1
    outer loop
      vertex -45.70831298828125 -48.138427734375 -0.6000000238418579
      vertex -41.46670150756836 -47.96148681640625 -0.6000000238418579
      vertex -37.12132263183594 -45.400001525878906 -0.6000000238418579
    endloop
  endfacet
  facet normal 0.3826949923203938 0.9238747441362891 0
    outer loop
      vertex -45.70831298828125 -48.138427734375 0.4000000059604645
      vertex -45.52632141113281 -48.21381378173828 0.4000000059604645
      vertex -45.52632141113281 -48.21381378173828 -0.6000000238418579
    endloop
  endfacet
  facet normal 0.5555668883362574 -0.8314718471387763 0
    outer loop
      vertex -45.52632141113281 -50.78618621826172 -0.6000000238418579
      vertex -45.3625373840332 -50.67675018310547 -0.6000000238418579
      vertex -45.3625373840332 -50.67675018310547 0.4000000059604645
    endloop
  endfacet
  facet normal 0.5555668883362574 -0.8314718471387763 0
    outer loop
      vertex -45.52632141113281 -50.78618621826172 -0.6000000238418579
      vertex -45.3625373840332 -50.67675018310547 0.4000000059604645
      vertex -45.52632141113281 -50.78618621826172 0.4000000059604645
    endloop
  endfacet
  facet normal 0 0 1
    outer loop
      vertex -45.52632141113281 -50.78618621826172 -0.6000000238418579
      vertex -42.01993942260742 -50.742801666259766 -0.6000000238418579
      vertex -45.3625373840332 -50.67675018310547 -0.6000000238418579
    endloop
  endfacet
  facet normal 0 0 1
    outer loop
      vertex -45.52632141113281 -50.78618621826172 -0.6000000238418579
      vertex -41.75788497924805 -50.91790008544922 -0.6000000238418579
      vertex -42.01993942260742 -50.742801666259766 -0.6000000238418579
    endloop
  endfacet
  facet normal 0.5555668883362574 0.8314718471387763 0
    outer loop
      vertex -45.52632141113281 -48.21381378173828 -0.6000000238418579
      vertex -45.52632141113281 -48.21381378173828 0.4000000059604645
      vertex -45.3625373840332 -48.32324981689453 -0.6000000238418579
    endloop
  endfacet
  facet normal 0 0 1
    outer loop
      vertex -45.52632141113281 -48.21381378173828 -0.6000000238418579
      vertex -45.3625373840332 -48.32324981689453 -0.6000000238418579
      vertex -42.01993942260742 -48.257198333740234 -0.6000000238418579
    endloop
  endfacet
  facet normal 0 0 1
    outer loop
      vertex -45.52632141113281 -48.21381378173828 -0.6000000238418579
      vertex -42.01993942260742 -48.257198333740234 -0.6000000238418579
      vertex -41.75788497924805 -48.08209991455078 -0.6000000238418579
    endloop
  endfacet
  facet normal 0.5555668883362574 0.8314718471387763 0
    outer loop
      vertex -45.52632141113281 -48.21381378173828 0.4000000059604645
      vertex -45.3625373840332 -48.32324981689453 0.4000000059604645
      vertex -45.3625373840332 -48.32324981689453 -0.6000000238418579
    endloop
  endfacet
  facet normal 0.7071164639331989 -0.7070970983073038 0
    outer loop
      vertex -45.3625373840332 -50.67675018310547 -0.6000000238418579
      vertex -45.22325134277344 -50.53746032714844 -0.6000000238418579
      vertex -45.3625373840332 -50.67675018310547 0.4000000059604645
    endloop
  endfacet
  facet normal 0 0 1
    outer loop
      vertex -45.3625373840332 -50.67675018310547 -0.6000000238418579
      vertex -42.242801666259766 -50.51993942260742 -0.6000000238418579
      vertex -45.22325134277344 -50.53746032714844 -0.6000000238418579
    endloop
  endfacet
  facet normal 0 0 1
    outer loop
      vertex -45.3625373840332 -50.67675018310547 -0.6000000238418579
      vertex -42.01993942260742 -50.742801666259766 -0.6000000238418579
      vertex -42.242801666259766 -50.51993942260742 -0.6000000238418579
    endloop
  endfacet
  facet normal 0.7071164639331989 -0.7070970983073038 0
    outer loop
      vertex -45.3625373840332 -50.67675018310547 0.4000000059604645
      vertex -45.22325134277344 -50.53746032714844 -0.6000000238418579
      vertex -45.22325134277344 -50.53746032714844 0.4000000059604645
    endloop
  endfacet
  facet normal 0.7071164639331989 0.7070970983073038 0
    outer loop
      vertex -45.3625373840332 -48.32324981689453 -0.6000000238418579
      vertex -45.3625373840332 -48.32324981689453 0.4000000059604645
      vertex -45.22325134277344 -48.46253967285156 0.4000000059604645
    endloop
  endfacet
  facet normal 0 0 1
    outer loop
      vertex -45.3625373840332 -48.32324981689453 -0.6000000238418579
      vertex -45.22325134277344 -48.46253967285156 -0.6000000238418579
      vertex -42.242801666259766 -48.48006057739258 -0.6000000238418579
    endloop
  endfacet
  facet normal 0.7071164639331989 0.7070970983073038 0
    outer loop
      vertex -45.3625373840332 -48.32324981689453 -0.6000000238418579
      vertex -45.22325134277344 -48.46253967285156 0.4000000059604645
      vertex -45.22325134277344 -48.46253967285156 -0.6000000238418579
    endloop
  endfacet
  facet normal 0 0 1
    outer loop
      vertex -45.3625373840332 -48.32324981689453 -0.6000000238418579
      vertex -42.242801666259766 -48.48006057739258 -0.6000000238418579
      vertex -42.01993942260742 -48.257198333740234 -0.6000000238418579
    endloop
  endfacet
  facet normal 0.8314629013107512 -0.5555802765972782 0
    outer loop
      vertex -45.22325134277344 -50.53746032714844 -0.6000000238418579
      vertex -45.11381149291992 -50.37367630004883 -0.6000000238418579
      vertex -45.22325134277344 -50.53746032714844 0.4000000059604645
    endloop
  endfacet
  facet normal 0 0 1
    outer loop
      vertex -45.22325134277344 -50.53746032714844 -0.6000000238418579
      vertex -42.242801666259766 -50.51993942260742 -0.6000000238418579
      vertex -45.11381149291992 -50.37367630004883 -0.6000000238418579
    endloop
  endfacet
  facet normal 0.8314629013107512 -0.5555802765972782 0
    outer loop
      vertex -45.22325134277344 -50.53746032714844 0.4000000059604645
      vertex -45.11381149291992 -50.37367630004883 -0.6000000238418579
      vertex -45.11381149291992 -50.37367630004883 0.4000000059604645
    endloop
  endfacet
  facet normal 0.8314629013107512 0.5555802765972782 0
    outer loop
      vertex -45.22325134277344 -48.46253967285156 -0.6000000238418579
      vertex -45.22325134277344 -48.46253967285156 0.4000000059604645
      vertex -45.11381149291992 -48.62632369995117 0.4000000059604645
    endloop
  endfacet
  facet normal 0 0 1
    outer loop
      vertex -45.22325134277344 -48.46253967285156 -0.6000000238418579
      vertex -45.11381149291992 -48.62632369995117 -0.6000000238418579
      vertex -42.242801666259766 -48.48006057739258 -0.6000000238418579
    endloop
  endfacet
  facet normal 0.8314629013107512 0.5555802765972782 0
    outer loop
      vertex -45.22325134277344 -48.46253967285156 -0.6000000238418579
      vertex -45.11381149291992 -48.62632369995117 0.4000000059604645
      vertex -45.11381149291992 -48.62632369995117 -0.6000000238418579
    endloop
  endfacet
  facet normal 0.9238787548503221 -0.3826853097993421 0
    outer loop
      vertex -45.11381149291992 -50.37367630004883 -0.6000000238418579
      vertex -45.038429260253906 -50.191688537597656 -0.6000000238418579
      vertex -45.11381149291992 -50.37367630004883 0.4000000059604645
    endloop
  endfacet
  facet normal 0 0 1
    outer loop
      vertex -45.11381149291992 -50.37367630004883 -0.6000000238418579
      vertex -42.41790008544922 -50.25788497924805 -0.6000000238418579
      vertex -45.038429260253906 -50.191688537597656 -0.6000000238418579
    endloop
  endfacet
  facet normal 0 0 1
    outer loop
      vertex -45.11381149291992 -50.37367630004883 -0.6000000238418579
      vertex -42.242801666259766 -50.51993942260742 -0.6000000238418579
      vertex -42.41790008544922 -50.25788497924805 -0.6000000238418579
    endloop
  endfacet
  facet normal 0.9238787548503221 -0.3826853097993421 0
    outer loop
      vertex -45.11381149291992 -50.37367630004883 0.4000000059604645
      vertex -45.038429260253906 -50.191688537597656 -0.6000000238418579
      vertex -45.038429260253906 -50.191688537597656 0.4000000059604645
    endloop
  endfacet
  facet normal 0.9238787548503221 0.3826853097993421 0
    outer loop
      vertex -45.11381149291992 -48.62632369995117 -0.6000000238418579
      vertex -45.11381149291992 -48.62632369995117 0.4000000059604645
      vertex -45.038429260253906 -48.808311462402344 0.4000000059604645
    endloop
  endfacet
  facet normal 0 0 1
    outer loop
      vertex -45.11381149291992 -48.62632369995117 -0.6000000238418579
      vertex -45.038429260253906 -48.808311462402344 -0.6000000238418579
      vertex -42.41790008544922 -48.74211502075195 -0.6000000238418579
    endloop
  endfacet
  facet normal 0.9238787548503221 0.3826853097993421 0
    outer loop
      vertex -45.11381149291992 -48.62632369995117 -0.6000000238418579
      vertex -45.038429260253906 -48.808311462402344 0.4000000059604645
      vertex -45.038429260253906 -48.808311462402344 -0.6000000238418579
    endloop
  endfacet
  facet normal 0 0 1
    outer loop
      vertex -45.11381149291992 -48.62632369995117 -0.6000000238418579
      vertex -42.41790008544922 -48.74211502075195 -0.6000000238418579
      vertex -42.242801666259766 -48.48006057739258 -0.6000000238418579
    endloop
  endfacet
  facet normal 0.9807857093352049 -0.19508816561708436 0
    outer loop
      vertex -45.038429260253906 -50.191688537597656 -0.6000000238418579
      vertex -45 -49.99848937988281 -0.6000000238418579
      vertex -45.038429260253906 -50.191688537597656 0.4000000059604645
    endloop
  endfacet
  facet normal 0 0 1
    outer loop
      vertex -45.038429260253906 -50.191688537597656 -0.6000000238418579
      vertex -42.53851318359375 -49.96670150756836 -0.6000000238418579
      vertex -45 -49.99848937988281 -0.6000000238418579
    endloop
  endfacet
  facet normal 0 0 1
    outer loop
      vertex -45.038429260253906 -50.191688537597656 -0.6000000238418579
      vertex -42.41790008544922 -50.25788497924805 -0.6000000238418579
      vertex -42.53851318359375 -49.96670150756836 -0.6000000238418579
    endloop
  endfacet
  facet normal 0.9807857093352049 -0.19508816561708436 0
    outer loop
      vertex -45.038429260253906 -50.191688537597656 0.4000000059604645
      vertex -45 -49.99848937988281 -0.6000000238418579
      vertex -45 -49.99848937988281 0.4000000059604645
    endloop
  endfacet
  facet normal 0.9807857093352049 0.19508816561708436 0
    outer loop
      vertex -45.038429260253906 -48.808311462402344 -0.6000000238418579
      vertex -45.038429260253906 -48.808311462402344 0.4000000059604645
      vertex -45 -49.00151062011719 0.4000000059604645
    endloop
  endfacet
  facet normal 0 0 1
    outer loop
      vertex -45.038429260253906 -48.808311462402344 -0.6000000238418579
      vertex -45 -49.00151062011719 -0.6000000238418579
      vertex -42.53851318359375 -49.03329849243164 -0.6000000238418579
    endloop
  endfacet
  facet normal 0.9807857093352049 0.19508816561708436 0
    outer loop
      vertex -45.038429260253906 -48.808311462402344 -0.6000000238418579
      vertex -45 -49.00151062011719 0.4000000059604645
      vertex -45 -49.00151062011719 -0.6000000238418579
    endloop
  endfacet
  facet normal 0 0 1
    outer loop
      vertex -45.038429260253906 -48.808311462402344 -0.6000000238418579
      vertex -42.53851318359375 -49.03329849243164 -0.6000000238418579
      vertex -42.41790008544922 -48.74211502075195 -0.6000000238418579
    endloop
  endfacet
  facet normal 1 0 0
    outer loop
      vertex -45 -49.99848937988281 -0.6000000238418579
      vertex -45 -49.00151062011719 -0.6000000238418579
      vertex -45 -49.99848937988281 0.4000000059604645
    endloop
  endfacet
  facet normal 0 0 1
    outer loop
      vertex -45 -49.99848937988281 -0.6000000238418579
      vertex -42.599998474121094 -49.65758514404297 -0.6000000238418579
      vertex -45 -49.00151062011719 -0.6000000238418579
    endloop
  endfacet
  facet normal 0 0 1
    outer loop
      vertex -45 -49.99848937988281 -0.6000000238418579
      vertex -42.53851318359375 -49.96670150756836 -0.6000000238418579
      vertex -42.599998474121094 -49.65758514404297 -0.6000000238418579
    endloop
  endfacet
  facet normal 1 0 0
    outer loop
      vertex -45 -49.99848937988281 0.4000000059604645
      vertex -45 -49.00151062011719 -0.6000000238418579
      vertex -45 -49.00151062011719 0.4000000059604645
    endloop
  endfacet
  facet normal 0 0 1
    outer loop
      vertex -45 -49.00151062011719 -0.6000000238418579
      vertex -42.599998474121094 -49.65758514404297 -0.6000000238418579
      vertex -42.599998474121094 -49.34241485595703 -0.6000000238418579
    endloop
  endfacet
  facet normal 0 0 1
    outer loop
      vertex -45 -49.00151062011719 -0.6000000238418579
      vertex -42.599998474121094 -49.34241485595703 -0.6000000238418579
      vertex -42.53851318359375 -49.03329849243164 -0.6000000238418579
    endloop
  endfacet
  facet normal 0.9807860447972812 0.19508647910838264 0
    outer loop
      vertex -44.099998474121094 -49.805320739746094 -11.899999618530273
      vertex -44.099998474121094 -49.805320739746094 -3.4000000953674316
      vertex -43.98086929321289 -50.40423583984375 -3.4000000953674316
    endloop
  endfacet
  facet normal 1 0 0
    outer loop
      vertex -44.099998474121094 -49.805320739746094 -11.899999618530273
      vertex -44.099998474121094 -49.194679260253906 -11.899999618530273
      vertex -44.099998474121094 -49.805320739746094 -3.4000000953674316
    endloop
  endfacet
  facet normal 0.9807860447972812 0.19508647910838264 0
    outer loop
      vertex -44.099998474121094 -49.805320739746094 -11.899999618530273
      vertex -43.98086929321289 -50.40423583984375 -3.4000000953674316
      vertex -43.98086929321289 -50.40423583984375 -11.899999618530273
    endloop
  endfacet
  facet normal 1 0 0
    outer loop
      vertex -44.099998474121094 -49.805320739746094 -3.4000000953674316
      vertex -44.099998474121094 -49.194679260253906 -11.899999618530273
      vertex -44.099998474121094 -49.194679260253906 -3.4000000953674316
    endloop
  endfacet
  facet normal 0 0 -1
    outer loop
      vertex -44.099998474121094 -49.805320739746094 -3.4000000953674316
      vertex -44.099998474121094 -49.194679260253906 -3.4000000953674316
      vertex -42.599998474121094 -47.900001525878906 -3.4000000953674316
    endloop
  endfacet
  facet normal 0 0 -1
    outer loop
      vertex -44.099998474121094 -49.805320739746094 -3.4000000953674316
      vertex -42.599998474121094 -51.099998474121094 -3.4000000953674316
      vertex -43.98086929321289 -50.40423583984375 -3.4000000953674316
    endloop
  endfacet
  facet normal 0 0 -1
    outer loop
      vertex -44.099998474121094 -49.805320739746094 -3.4000000953674316
      vertex -42.599998474121094 -47.900001525878906 -3.4000000953674316
      vertex -42.599998474121094 -51.099998474121094 -3.4000000953674316
    endloop
  endfacet
  facet normal 0.9807860447972812 -0.19508647910838264 0
    outer loop
      vertex -44.099998474121094 -49.194679260253906 -11.899999618530273
      vertex -43.98086929321289 -48.59576416015625 -11.899999618530273
      vertex -44.099998474121094 -49.194679260253906 -3.4000000953674316
    endloop
  endfacet
  facet normal 0.9807860447972812 -0.19508647910838264 0
    outer loop
      vertex -44.099998474121094 -49.194679260253906 -3.4000000953674316
      vertex -43.98086929321289 -48.59576416015625 -11.899999618530273
      vertex -43.98086929321289 -48.59576416015625 -3.4000000953674316
    endloop
  endfacet
  facet normal 0 0 -1
    outer loop
      vertex -44.099998474121094 -49.194679260253906 -3.4000000953674316
      vertex -43.98086929321289 -48.59576416015625 -3.4000000953674316
      vertex -42.599998474121094 -47.900001525878906 -3.4000000953674316
    endloop
  endfacet
  facet normal 0.9238792501724207 0.38268411399069807 0
    outer loop
      vertex -43.98086929321289 -50.40423583984375 -11.899999618530273
      vertex -43.98086929321289 -50.40423583984375 -3.4000000953674316
      vertex -43.74718475341797 -50.96839904785156 -3.4000000953674316
    endloop
  endfacet
  facet normal 0.9238792501724207 0.38268411399069807 0
    outer loop
      vertex -43.98086929321289 -50.40423583984375 -11.899999618530273
      vertex -43.74718475341797 -50.96839904785156 -3.4000000953674316
      vertex -43.74718475341797 -50.96839904785156 -11.899999618530273
    endloop
  endfacet
  facet normal 0 0 -1
    outer loop
      vertex -43.98086929321289 -50.40423583984375 -3.4000000953674316
      vertex -42.599998474121094 -51.099998474121094 -3.4000000953674316
      vertex -43.74718475341797 -50.96839904785156 -3.4000000953674316
    endloop
  endfacet
  facet normal 0.9238792501724207 -0.38268411399069807 0
    outer loop
      vertex -43.98086929321289 -48.59576416015625 -11.899999618530273
      vertex -43.74718475341797 -48.03160095214844 -11.899999618530273
      vertex -43.98086929321289 -48.59576416015625 -3.4000000953674316
    endloop
  endfacet
  facet normal 0.9238792501724207 -0.38268411399069807 0
    outer loop
      vertex -43.98086929321289 -48.59576416015625 -3.4000000953674316
      vertex -43.74718475341797 -48.03160095214844 -11.899999618530273
      vertex -43.74718475341797 -48.03160095214844 -3.4000000953674316
    endloop
  endfacet
  facet normal 0 0 -1
    outer loop
      vertex -43.98086929321289 -48.59576416015625 -3.4000000953674316
      vertex -43.74718475341797 -48.03160095214844 -3.4000000953674316
      vertex -42.599998474121094 -47.900001525878906 -3.4000000953674316
    endloop
  endfacet
  facet normal -1 0 0
    outer loop
      vertex -43.75 -31.805011749267578 -11.899999618530273
      vertex -43.75 -31.805011749267578 -1.8999996185302734
      vertex -43.75 -29.194988250732422 -1.8999996185302734
    endloop
  endfacet
  facet normal 0 0 -1
    outer loop
      vertex -43.75 -31.805011749267578 -11.899999618530273
      vertex -43.75 -29.194988250732422 -11.899999618530273
      vertex -37.90685272216797 -25.015504837036133 -11.899999618530273
    endloop
  endfacet
  facet normal -1 0 0
    outer loop
      vertex -43.75 -31.805011749267578 -11.899999618530273
      vertex -43.75 -29.194988250732422 -1.8999996185302734
      vertex -43.75 -29.194988250732422 -11.899999618530273
    endloop
  endfacet
  facet normal -0.9807853191893706 -0.19509012702493295 0
    outer loop
      vertex -43.75 -31.805011749267578 -11.899999618530273
      vertex -43.24081039428711 -34.36488342285156 -11.899999618530273
      vertex -43.75 -31.805011749267578 -1.8999996185302734
    endloop
  endfacet
  facet normal 0 0 -1
    outer loop
      vertex -43.75 -31.805011749267578 -11.899999618530273
      vertex -37.90685272216797 -35.984493255615234 -11.899999618530273
      vertex -43.24081039428711 -34.36488342285156 -11.899999618530273
    endloop
  endfacet
  facet normal 0 0 -1
    outer loop
      vertex -43.75 -31.805011749267578 -11.899999618530273
      vertex -37.90685272216797 -25.015504837036133 -11.899999618530273
      vertex -37.90685272216797 -35.984493255615234 -11.899999618530273
    endloop
  endfacet
  facet normal -0.9807853191893706 -0.19509012702493295 0
    outer loop
      vertex -43.75 -31.805011749267578 -1.8999996185302734
      vertex -43.24081039428711 -34.36488342285156 -11.899999618530273
      vertex -43.24081039428711 -34.36488342285156 -1.8999996185302734
    endloop
  endfacet
  facet normal 0 0 1
    outer loop
      vertex -43.75 -31.805011749267578 -1.8999996185302734
      vertex -43.24081039428711 -34.36488342285156 -1.8999996185302734
      vertex -39.40685272216797 -35.83675765991211 -1.8999996185302734
    endloop
  endfacet
  facet normal 0 0 1
    outer loop
      vertex -43.75 -31.805011749267578 -1.8999996185302734
      vertex -39.40685272216797 -35.83675765991211 -1.8999996185302734
      vertex -43.75 -29.194988250732422 -1.8999996185302734
    endloop
  endfacet
  facet normal -0.9807853191893706 0.19509012702493295 0
    outer loop
      vertex -43.75 -29.194988250732422 -11.899999618530273
      vertex -43.75 -29.194988250732422 -1.8999996185302734
      vertex -43.24081039428711 -26.635116577148438 -1.8999996185302734
    endloop
  endfacet
  facet normal 0 0 -1
    outer loop
      vertex -43.75 -29.194988250732422 -11.899999618530273
      vertex -43.24081039428711 -26.635116577148438 -11.899999618530273
      vertex -37.90685272216797 -25.015504837036133 -11.899999618530273
    endloop
  endfacet
  facet normal -0.9807853191893706 0.19509012702493295 0
    outer loop
      vertex -43.75 -29.194988250732422 -11.899999618530273
      vertex -43.24081039428711 -26.635116577148438 -1.8999996185302734
      vertex -43.24081039428711 -26.635116577148438 -11.899999618530273
    endloop
  endfacet
  facet normal 0 0 1
    outer loop
      vertex -43.75 -29.194988250732422 -1.8999996185302734
      vertex -39.40685272216797 -35.83675765991211 -1.8999996185302734
      vertex -39.40685272216797 -25.163244247436523 -1.8999996185302734
    endloop
  endfacet
  facet normal 0 0 1
    outer loop
      vertex -43.75 -29.194988250732422 -1.8999996185302734
      vertex -39.40685272216797 -25.163244247436523 -1.8999996185302734
      vertex -43.24081039428711 -26.635116577148438 -1.8999996185302734
    endloop
  endfacet
  facet normal 0.8314676822931371 0.5555731214719434 0
    outer loop
      vertex -43.74718475341797 -50.96839904785156 -11.899999618530273
      vertex -43.74718475341797 -50.96839904785156 -3.4000000953674316
      vertex -43.65925216674805 -51.099998474121094 -3.5999999046325684
    endloop
  endfacet
  facet normal 0.8314712765152673 0.5555677423411629 -1.2336624202556316e-7
    outer loop
      vertex -43.74718475341797 -50.96839904785156 -11.899999618530273
      vertex -43.65925216674805 -51.099998474121094 -3.5999999046325684
      vertex -43.407928466796875 -51.47613525390625 -11.899999618530273
    endloop
  endfacet
  facet normal 0.8314676822931371 0.5555731214719434 0
    outer loop
      vertex -43.74718475341797 -50.96839904785156 -3.4000000953674316
      vertex -43.65925216674805 -51.099998474121094 -3.4000000953674316
      vertex -43.65925216674805 -51.099998474121094 -3.5999999046325684
    endloop
  endfacet
  facet normal 0 0 -1
    outer loop
      vertex -43.74718475341797 -50.96839904785156 -3.4000000953674316
      vertex -42.599998474121094 -51.099998474121094 -3.4000000953674316
      vertex -43.65925216674805 -51.099998474121094 -3.4000000953674316
    endloop
  endfacet
  facet normal 0.8314676822931371 -0.5555731214719434 0
    outer loop
      vertex -43.74718475341797 -48.03160095214844 -11.899999618530273
      vertex -43.65925216674805 -47.900001525878906 -3.5999999046325684
      vertex -43.74718475341797 -48.03160095214844 -3.4000000953674316
    endloop
  endfacet
  facet normal 0.8314712765152673 -0.5555677423411629 -1.2336624202556316e-7
    outer loop
      vertex -43.74718475341797 -48.03160095214844 -11.899999618530273
      vertex -43.407928466796875 -47.52386474609375 -11.899999618530273
      vertex -43.65925216674805 -47.900001525878906 -3.5999999046325684
    endloop
  endfacet
  facet normal 0.8314676822931371 -0.5555731214719434 0
    outer loop
      vertex -43.74718475341797 -48.03160095214844 -3.4000000953674316
      vertex -43.65925216674805 -47.900001525878906 -3.5999999046325684
      vertex -43.65925216674805 -47.900001525878906 -3.4000000953674316
    endloop
  endfacet
  facet normal 0 0 -1
    outer loop
      vertex -43.74718475341797 -48.03160095214844 -3.4000000953674316
      vertex -43.65925216674805 -47.900001525878906 -3.4000000953674316
      vertex -42.599998474121094 -47.900001525878906 -3.4000000953674316
    endloop
  endfacet
  facet normal 0 1 0
    outer loop
      vertex -43.65925216674805 -51.099998474121094 -3.5999999046325684
      vertex -43.65925216674805 -51.099998474121094 -3.4000000953674316
      vertex -42.599998474121094 -51.099998474121094 -3.4000000953674316
    endloop
  endfacet
  facet normal 0.8314725340292033 0.5555658603217583 0
    outer loop
      vertex -43.65925216674805 -51.099998474121094 -3.5999999046325684
      vertex -43.407928466796875 -51.47613525390625 -3.5999999046325684
      vertex -43.407928466796875 -51.47613525390625 -11.899999618530273
    endloop
  endfacet
  facet normal 0 0 -1
    outer loop
      vertex -43.65925216674805 -51.099998474121094 -3.5999999046325684
      vertex -42.97613525390625 -51.907928466796875 -3.5999999046325684
      vertex -43.407928466796875 -51.47613525390625 -3.5999999046325684
    endloop
  endfacet
  facet normal 0 1 0
    outer loop
      vertex -43.65925216674805 -51.099998474121094 -3.5999999046325684
      vertex -42.599998474121094 -51.099998474121094 -3.4000000953674316
      vertex -39.6047477722168 -51.099998474121094 -3.59999942779541
    endloop
  endfacet
  facet normal 0 1 0
    outer loop
      vertex -43.65925216674805 -51.099998474121094 -3.5999999046325684
      vertex -39.6047477722168 -51.099998474121094 -3.59999942779541
      vertex -38.34074783325195 -51.099998474121094 -3.5999999046325684
    endloop
  endfacet
  facet normal 0 0 -1
    outer loop
      vertex -43.65925216674805 -51.099998474121094 -3.5999999046325684
      vertex -38.34074783325195 -51.099998474121094 -3.5999999046325684
      vertex -42.97613525390625 -51.907928466796875 -3.5999999046325684
    endloop
  endfacet
  facet normal 0.8314725340292033 -0.5555658603217583 0
    outer loop
      vertex -43.65925216674805 -47.900001525878906 -3.5999999046325684
      vertex -43.407928466796875 -47.52386474609375 -11.899999618530273
      vertex -43.407928466796875 -47.52386474609375 -3.5999999046325684
    endloop
  endfacet
  facet normal 0 0 -1
    outer loop
      vertex -43.65925216674805 -47.900001525878906 -3.5999999046325684
      vertex -43.407928466796875 -47.52386474609375 -3.5999999046325684
      vertex -42.97613525390625 -47.092071533203125 -3.5999999046325684
    endloop
  endfacet
  facet normal 0 0 -1
    outer loop
      vertex -43.65925216674805 -47.900001525878906 -3.5999999046325684
      vertex -42.97613525390625 -47.092071533203125 -3.5999999046325684
      vertex -38.34074783325195 -47.900001525878906 -3.5999999046325684
    endloop
  endfacet
  facet normal 0 -1 0
    outer loop
      vertex -43.65925216674805 -47.900001525878906 -3.5999999046325684
      vertex -42.599998474121094 -47.900001525878906 -3.4000000953674316
      vertex -43.65925216674805 -47.900001525878906 -3.4000000953674316
    endloop
  endfacet
  facet normal 0 -1 0
    outer loop
      vertex -43.65925216674805 -47.900001525878906 -3.5999999046325684
      vertex -39.62132263183594 -47.900001525878906 -3.59999942779541
      vertex -42.599998474121094 -47.900001525878906 -3.4000000953674316
    endloop
  endfacet
  facet normal 0 -1 0
    outer loop
      vertex -43.65925216674805 -47.900001525878906 -3.5999999046325684
      vertex -38.34074783325195 -47.900001525878906 -3.5999999046325684
      vertex -39.62132263183594 -47.900001525878906 -3.59999942779541
    endloop
  endfacet
  facet normal 0.7071067811865476 0.7071067811865476 0
    outer loop
      vertex -43.407928466796875 -51.47613525390625 -11.899999618530273
      vertex -43.407928466796875 -51.47613525390625 -3.5999999046325684
      vertex -42.97613525390625 -51.907928466796875 -3.5999999046325684
    endloop
  endfacet
  facet normal 0.7071067811865476 0.7071067811865476 0
    outer loop
      vertex -43.407928466796875 -51.47613525390625 -11.899999618530273
      vertex -42.97613525390625 -51.907928466796875 -3.5999999046325684
      vertex -42.97613525390625 -51.907928466796875 -11.899999618530273
    endloop
  endfacet
  facet normal 0.7071067811865476 -0.7071067811865476 0
    outer loop
      vertex -43.407928466796875 -47.52386474609375 -11.899999618530273
      vertex -42.97613525390625 -47.092071533203125 -11.899999618530273
      vertex -43.407928466796875 -47.52386474609375 -3.5999999046325684
    endloop
  endfacet
  facet normal 0.7071067811865476 -0.7071067811865476 0
    outer loop
      vertex -43.407928466796875 -47.52386474609375 -3.5999999046325684
      vertex -42.97613525390625 -47.092071533203125 -11.899999618530273
      vertex -42.97613525390625 -47.092071533203125 -3.5999999046325684
    endloop
  endfacet
  facet normal -0.9238793656291251 -0.38268383525401933 0
    outer loop
      vertex -43.24081039428711 -34.36488342285156 -11.899999618530273
      vertex -42.24199676513672 -36.77622985839844 -11.899999618530273
      vertex -43.24081039428711 -34.36488342285156 -1.8999996185302734
    endloop
  endfacet
  facet normal 0 0 -1
    outer loop
      vertex -43.24081039428711 -34.36488342285156 -11.899999618530273
      vertex -37.90685272216797 -35.984493255615234 -11.899999618530273
      vertex -42.24199676513672 -36.77622985839844 -11.899999618530273
    endloop
  endfacet
  facet normal -0.9238793656291251 -0.38268383525401933 0
    outer loop
      vertex -43.24081039428711 -34.36488342285156 -1.8999996185302734
      vertex -42.24199676513672 -36.77622985839844 -11.899999618530273
      vertex -42.24199676513672 -36.77622985839844 -1.8999996185302734
    endloop
  endfacet
  facet normal 0 0 1
    outer loop
      vertex -43.24081039428711 -34.36488342285156 -1.8999996185302734
      vertex -42.24199676513672 -36.77622985839844 -1.8999996185302734
      vertex -39.40685272216797 -35.83675765991211 -1.8999996185302734
    endloop
  endfacet
  facet normal -0.9238793656291251 0.38268383525401933 0
    outer loop
      vertex -43.24081039428711 -26.635116577148438 -11.899999618530273
      vertex -43.24081039428711 -26.635116577148438 -1.8999996185302734
      vertex -42.24199676513672 -24.223770141601562 -1.8999996185302734
    endloop
  endfacet
  facet normal 0 0 -1
    outer loop
      vertex -43.24081039428711 -26.635116577148438 -11.899999618530273
      vertex -42.24199676513672 -24.223770141601562 -11.899999618530273
      vertex -37.90685272216797 -25.015504837036133 -11.899999618530273
    endloop
  endfacet
  facet normal -0.9238793656291251 0.38268383525401933 0
    outer loop
      vertex -43.24081039428711 -26.635116577148438 -11.899999618530273
      vertex -42.24199676513672 -24.223770141601562 -1.8999996185302734
      vertex -42.24199676513672 -24.223770141601562 -11.899999618530273
    endloop
  endfacet
  facet normal 0 0 1
    outer loop
      vertex -43.24081039428711 -26.635116577148438 -1.8999996185302734
      vertex -39.40685272216797 -25.163244247436523 -1.8999996185302734
      vertex -42.24199676513672 -24.223770141601562 -1.8999996185302734
    endloop
  endfacet
  facet normal 0.5555677423411671 0.8314712765152736 0
    outer loop
      vertex -42.97613525390625 -51.907928466796875 -11.899999618530273
      vertex -42.97613525390625 -51.907928466796875 -3.5999999046325684
      vertex -42.46839904785156 -52.24718475341797 -11.899999618530273
    endloop
  endfacet
  facet normal 0.5555677423411671 0.8314712765152736 0
    outer loop
      vertex -42.97613525390625 -51.907928466796875 -3.5999999046325684
      vertex -42.46839904785156 -52.24718475341797 -3.5999999046325684
      vertex -42.46839904785156 -52.24718475341797 -11.899999618530273
    endloop
  endfacet
  facet normal 0 0 -1
    outer loop
      vertex -42.97613525390625 -51.907928466796875 -3.5999999046325684
      vertex -38.34074783325195 -51.099998474121094 -3.5999999046325684
      vertex -42.46839904785156 -52.24718475341797 -3.5999999046325684
    endloop
  endfacet
  facet normal 0.5555677423411671 -0.8314712765152736 0
    outer loop
      vertex -42.97613525390625 -47.092071533203125 -11.899999618530273
      vertex -42.46839904785156 -46.75281524658203 -11.899999618530273
      vertex -42.46839904785156 -46.75281524658203 -3.5999999046325684
    endloop
  endfacet
  facet normal 0.5555677423411671 -0.8314712765152736 0
    outer loop
      vertex -42.97613525390625 -47.092071533203125 -11.899999618530273
      vertex -42.46839904785156 -46.75281524658203 -3.5999999046325684
      vertex -42.97613525390625 -47.092071533203125 -3.5999999046325684
    endloop
  endfacet
  facet normal 0 0 -1
    outer loop
      vertex -42.97613525390625 -47.092071533203125 -3.5999999046325684
      vertex -42.46839904785156 -46.75281524658203 -3.5999999046325684
      vertex -38.34074783325195 -47.900001525878906 -3.5999999046325684
    endloop
  endfacet
  facet normal 0 1 0
    outer loop
      vertex -42.599998474121094 -51.099998474121094 -3.4000000953674316
      vertex -42.599998474121094 -51.099998474121094 -3.200000286102295
      vertex -41.662742614746094 -51.099998474121094 -3.200000286102295
    endloop
  endfacet
  facet normal 1 0 0
    outer loop
      vertex -42.599998474121094 -51.099998474121094 -3.4000000953674316
      vertex -42.599998474121094 -50.162742614746094 -3.200000286102295
      vertex -42.599998474121094 -51.099998474121094 -3.200000286102295
    endloop
  endfacet
  facet normal 1 0 0
    outer loop
      vertex -42.599998474121094 -51.099998474121094 -3.4000000953674316
      vertex -42.599998474121094 -47.900001525878906 -3.4000000953674316
      vertex -42.599998474121094 -50.162742614746094 -3.200000286102295
    endloop
  endfacet
  facet normal 0 1 0
    outer loop
      vertex -42.599998474121094 -51.099998474121094 -3.4000000953674316
      vertex -41.662742614746094 -51.099998474121094 -3.200000286102295
      vertex -39.6047477722168 -51.099998474121094 -3.59999942779541
    endloop
  endfacet
  facet normal 0 0 -1
    outer loop
      vertex -42.599998474121094 -51.099998474121094 -3.200000286102295
      vertex -42.599998474121094 -50.162742614746094 -3.200000286102295
      vertex -41.662742614746094 -51.099998474121094 -3.200000286102295
    endloop
  endfacet
  facet normal 0.7071067811865476 0.7071067811865476 0
    outer loop
      vertex -42.599998474121094 -50.162742614746094 -3.200000286102295
      vertex -42.599998474121094 -50.162742614746094 -3.000000476837158
      vertex -42.242801666259766 -50.51993942260742 -3.000000476837158
    endloop
  endfacet
  facet normal 1 0 0
    outer loop
      vertex -42.599998474121094 -50.162742614746094 -3.200000286102295
      vertex -42.599998474121094 -49.65758514404297 -3.000000476837158
      vertex -42.599998474121094 -50.162742614746094 -3.000000476837158
    endloop
  endfacet
  facet normal 1 0 0
    outer loop
      vertex -42.599998474121094 -50.162742614746094 -3.200000286102295
      vertex -42.599998474121094 -48.837257385253906 -3.200000286102295
      vertex -42.599998474121094 -49.65758514404297 -3.000000476837158
    endloop
  endfacet
  facet normal 1 0 0
    outer loop
      vertex -42.599998474121094 -50.162742614746094 -3.200000286102295
      vertex -42.599998474121094 -47.900001525878906 -3.4000000953674316
      vertex -42.599998474121094 -48.837257385253906 -3.200000286102295
    endloop
  endfacet
  facet normal 0.7071067811865476 0.7071067811865476 0
    outer loop
      vertex -42.599998474121094 -50.162742614746094 -3.200000286102295
      vertex -42.242801666259766 -50.51993942260742 -3.000000476837158
      vertex -42.01993942260742 -50.742801666259766 -3.000000476837158
    endloop
  endfacet
  facet normal 0.7071067811865476 0.7071067811865476 0
    outer loop
      vertex -42.599998474121094 -50.162742614746094 -3.200000286102295
      vertex -42.01993942260742 -50.742801666259766 -3.000000476837158
      vertex -41.662742614746094 -51.099998474121094 -3.200000286102295
    endloop
  endfacet
  facet normal 0 0 -1
    outer loop
      vertex -42.599998474121094 -50.162742614746094 -3.000000476837158
      vertex -42.599998474121094 -49.65758514404297 -3.000000476837158
      vertex -42.53851318359375 -49.96670150756836 -3.000000476837158
    endloop
  endfacet
  facet normal 0 0 -1
    outer loop
      vertex -42.599998474121094 -50.162742614746094 -3.000000476837158
      vertex -42.53851318359375 -49.96670150756836 -3.000000476837158
      vertex -42.41790008544922 -50.25788497924805 -3.000000476837158
    endloop
  endfacet
  facet normal 0 0 -1
    outer loop
      vertex -42.599998474121094 -50.162742614746094 -3.000000476837158
      vertex -42.41790008544922 -50.25788497924805 -3.000000476837158
      vertex -42.242801666259766 -50.51993942260742 -3.000000476837158
    endloop
  endfacet
  facet normal 0.980786359292881 0.19508489799319606 0
    outer loop
      vertex -42.599998474121094 -49.65758514404297 -3.000000476837158
      vertex -42.599998474121094 -49.65758514404297 -0.6000000238418579
      vertex -42.53851318359375 -49.96670150756836 -0.6000000238418579
    endloop
  endfacet
  facet normal 1 0 0
    outer loop
      vertex -42.599998474121094 -49.65758514404297 -3.000000476837158
      vertex -42.599998474121094 -49.34241485595703 -3.000000476837158
      vertex -42.599998474121094 -49.65758514404297 -0.6000000238418579
    endloop
  endfacet
  facet normal 1 0 0
    outer loop
      vertex -42.599998474121094 -49.65758514404297 -3.000000476837158
      vertex -42.599998474121094 -48.837257385253906 -3.200000286102295
      vertex -42.599998474121094 -49.34241485595703 -3.000000476837158
    endloop
  endfacet
  facet normal 0.980786359292881 0.19508489799319606 0
    outer loop
      vertex -42.599998474121094 -49.65758514404297 -3.000000476837158
      vertex -42.53851318359375 -49.96670150756836 -0.6000000238418579
      vertex -42.53851318359375 -49.96670150756836 -3.000000476837158
    endloop
  endfacet
  facet normal 1 0 0
    outer loop
      vertex -42.599998474121094 -49.65758514404297 -0.6000000238418579
      vertex -42.599998474121094 -49.34241485595703 -3.000000476837158
      vertex -42.599998474121094 -49.34241485595703 -0.6000000238418579
    endloop
  endfacet
  facet normal 1 0 0
    outer loop
      vertex -42.599998474121094 -49.34241485595703 -3.000000476837158
      vertex -42.599998474121094 -48.837257385253906 -3.200000286102295
      vertex -42.599998474121094 -48.837257385253906 -3.000000476837158
    endloop
  endfacet
  facet normal 0 0 -1
    outer loop
      vertex -42.599998474121094 -49.34241485595703 -3.000000476837158
      vertex -42.599998474121094 -48.837257385253906 -3.000000476837158
      vertex -42.53851318359375 -49.03329849243164 -3.000000476837158
    endloop
  endfacet
  facet normal 0.980786359292881 -0.19508489799319606 0
    outer loop
      vertex -42.599998474121094 -49.34241485595703 -3.000000476837158
      vertex -42.53851318359375 -49.03329849243164 -3.000000476837158
      vertex -42.599998474121094 -49.34241485595703 -0.6000000238418579
    endloop
  endfacet
  facet normal 0.980786359292881 -0.19508489799319606 0
    outer loop
      vertex -42.599998474121094 -49.34241485595703 -0.6000000238418579
      vertex -42.53851318359375 -49.03329849243164 -3.000000476837158
      vertex -42.53851318359375 -49.03329849243164 -0.6000000238418579
    endloop
  endfacet
  facet normal 1 0 0
    outer loop
      vertex -42.599998474121094 -48.837257385253906 -3.200000286102295
      vertex -42.599998474121094 -47.900001525878906 -3.4000000953674316
      vertex -42.599998474121094 -47.900001525878906 -3.200000286102295
    endloop
  endfacet
  facet normal 0 0 -1
    outer loop
      vertex -42.599998474121094 -48.837257385253906 -3.200000286102295
      vertex -42.599998474121094 -47.900001525878906 -3.200000286102295
      vertex -41.662742614746094 -47.900001525878906 -3.200000286102295
    endloop
  endfacet
  facet normal 0.7071067811865476 -0.7071067811865476 0
    outer loop
      vertex -42.599998474121094 -48.837257385253906 -3.200000286102295
      vertex -42.242801666259766 -48.48006057739258 -3.000000476837158
      vertex -42.599998474121094 -48.837257385253906 -3.000000476837158
    endloop
  endfacet
  facet normal 0.7071067811865476 -0.7071067811865476 0
    outer loop
      vertex -42.599998474121094 -48.837257385253906 -3.200000286102295
      vertex -41.662742614746094 -47.900001525878906 -3.200000286102295
      vertex -42.242801666259766 -48.48006057739258 -3.000000476837158
    endloop
  endfacet
  facet normal 0 0 -1
    outer loop
      vertex -42.599998474121094 -48.837257385253906 -3.000000476837158
      vertex -42.41790008544922 -48.74211502075195 -3.000000476837158
      vertex -42.53851318359375 -49.03329849243164 -3.000000476837158
    endloop
  endfacet
  facet normal 0 0 -1
    outer loop
      vertex -42.599998474121094 -48.837257385253906 -3.000000476837158
      vertex -42.242801666259766 -48.48006057739258 -3.000000476837158
      vertex -42.41790008544922 -48.74211502075195 -3.000000476837158
    endloop
  endfacet
  facet normal 0 -1 0
    outer loop
      vertex -42.599998474121094 -47.900001525878906 -3.4000000953674316
      vertex -41.662742614746094 -47.900001525878906 -3.200000286102295
      vertex -42.599998474121094 -47.900001525878906 -3.200000286102295
    endloop
  endfacet
  facet normal 0 -1 0
    outer loop
      vertex -42.599998474121094 -47.900001525878906 -3.4000000953674316
      vertex -39.62132263183594 -47.900001525878906 -3.59999942779541
      vertex -41.662742614746094 -47.900001525878906 -3.200000286102295
    endloop
  endfacet
  facet normal 0.9238784611787269 0.3826860187804458 0
    outer loop
      vertex -42.53851318359375 -49.96670150756836 -3.000000476837158
      vertex -42.53851318359375 -49.96670150756836 -0.6000000238418579
      vertex -42.41790008544922 -50.25788497924805 -0.6000000238418579
    endloop
  endfacet
  facet normal 0.9238784611787269 0.3826860187804458 0
    outer loop
      vertex -42.53851318359375 -49.96670150756836 -3.000000476837158
      vertex -42.41790008544922 -50.25788497924805 -0.6000000238418579
      vertex -42.41790008544922 -50.25788497924805 -3.000000476837158
    endloop
  endfacet
  facet normal 0.9238784611787269 -0.3826860187804458 0
    outer loop
      vertex -42.53851318359375 -49.03329849243164 -3.000000476837158
      vertex -42.41790008544922 -48.74211502075195 -3.000000476837158
      vertex -42.53851318359375 -49.03329849243164 -0.6000000238418579
    endloop
  endfacet
  facet normal 0.9238784611787269 -0.3826860187804458 0
    outer loop
      vertex -42.53851318359375 -49.03329849243164 -0.6000000238418579
      vertex -42.41790008544922 -48.74211502075195 -3.000000476837158
      vertex -42.41790008544922 -48.74211502075195 -0.6000000238418579
    endloop
  endfacet
  facet normal 0.3826841139906981 0.9238792501724208 0
    outer loop
      vertex -42.46839904785156 -52.24718475341797 -11.899999618530273
      vertex -42.46839904785156 -52.24718475341797 -3.5999999046325684
      vertex -41.90423583984375 -52.48086929321289 -11.899999618530273
    endloop
  endfacet
  facet normal 0 0 -1
    outer loop
      vertex -42.46839904785156 -52.24718475341797 -11.899999618530273
      vertex -41.90423583984375 -52.48086929321289 -11.899999618530273
      vertex -40.59618377685547 -53.599998474121094 -11.899999618530273
    endloop
  endfacet
  facet normal 0.3826841139906981 0.9238792501724208 0
    outer loop
      vertex -42.46839904785156 -52.24718475341797 -3.5999999046325684
      vertex -41.90423583984375 -52.48086929321289 -3.5999999046325684
      vertex -41.90423583984375 -52.48086929321289 -11.899999618530273
    endloop
  endfacet
  facet normal 0 0 -1
    outer loop
      vertex -42.46839904785156 -52.24718475341797 -3.5999999046325684
      vertex -38.34074783325195 -51.099998474121094 -3.5999999046325684
      vertex -41.90423583984375 -52.48086929321289 -3.5999999046325684
    endloop
  endfacet
  facet normal 0.3826841139906981 -0.9238792501724208 0
    outer loop
      vertex -42.46839904785156 -46.75281524658203 -11.899999618530273
      vertex -41.90423583984375 -46.51913070678711 -11.899999618530273
      vertex -41.90423583984375 -46.51913070678711 -3.5999999046325684
    endloop
  endfacet
  facet normal 0.3826841139906981 -0.9238792501724208 0
    outer loop
      vertex -42.46839904785156 -46.75281524658203 -11.899999618530273
      vertex -41.90423583984375 -46.51913070678711 -3.5999999046325684
      vertex -42.46839904785156 -46.75281524658203 -3.5999999046325684
    endloop
  endfacet
  facet normal 0 0 -1
    outer loop
      vertex -42.46839904785156 -46.75281524658203 -11.899999618530273
      vertex -40.59618377685547 -45.400001525878906 -11.899999618530273
      vertex -41.90423583984375 -46.51913070678711 -11.899999618530273
    endloop
  endfacet
  facet normal 0 0 -1
    outer loop
      vertex -42.46839904785156 -46.75281524658203 -3.5999999046325684
      vertex -41.90423583984375 -46.51913070678711 -3.5999999046325684
      vertex -38.34074783325195 -47.900001525878906 -3.5999999046325684
    endloop
  endfacet
  facet normal 0.8314707289115353 0.5555685618925175 0
    outer loop
      vertex -42.41790008544922 -50.25788497924805 -3.000000476837158
      vertex -42.41790008544922 -50.25788497924805 -0.6000000238418579
      vertex -42.242801666259766 -50.51993942260742 -0.6000000238418579
    endloop
  endfacet
  facet normal 0.8314707289115353 0.5555685618925175 0
    outer loop
      vertex -42.41790008544922 -50.25788497924805 -3.000000476837158
      vertex -42.242801666259766 -50.51993942260742 -0.6000000238418579
      vertex -42.242801666259766 -50.51993942260742 -3.000000476837158
    endloop
  endfacet
  facet normal 0.8314707289115353 -0.5555685618925175 0
    outer loop
      vertex -42.41790008544922 -48.74211502075195 -3.000000476837158
      vertex -42.242801666259766 -48.48006057739258 -3.000000476837158
      vertex -42.41790008544922 -48.74211502075195 -0.6000000238418579
    endloop
  endfacet
  facet normal 0.8314707289115353 -0.5555685618925175 0
    outer loop
      vertex -42.41790008544922 -48.74211502075195 -0.6000000238418579
      vertex -42.242801666259766 -48.48006057739258 -3.000000476837158
      vertex -42.242801666259766 -48.48006057739258 -0.6000000238418579
    endloop
  endfacet
  facet normal 0.7071067811865476 0.7071067811865476 0
    outer loop
      vertex -42.242801666259766 -50.51993942260742 -3.000000476837158
      vertex -42.242801666259766 -50.51993942260742 -0.6000000238418579
      vertex -42.01993942260742 -50.742801666259766 -0.6000000238418579
    endloop
  endfacet
  facet normal 0.7071067811865476 0.7071067811865476 0
    outer loop
      vertex -42.242801666259766 -50.51993942260742 -3.000000476837158
      vertex -42.01993942260742 -50.742801666259766 -0.6000000238418579
      vertex -42.01993942260742 -50.742801666259766 -3.000000476837158
    endloop
  endfacet
  facet normal 0.7071067811865476 -0.7071067811865476 0
    outer loop
      vertex -42.242801666259766 -48.48006057739258 -3.000000476837158
      vertex -42.01993942260742 -48.257198333740234 -3.000000476837158
      vertex -42.242801666259766 -48.48006057739258 -0.6000000238418579
    endloop
  endfacet
  facet normal 0.7071067811865476 -0.7071067811865476 0
    outer loop
      vertex -42.242801666259766 -48.48006057739258 -3.000000476837158
      vertex -41.662742614746094 -47.900001525878906 -3.200000286102295
      vertex -42.01993942260742 -48.257198333740234 -3.000000476837158
    endloop
  endfacet
  facet normal 0.7071067811865476 -0.7071067811865476 0
    outer loop
      vertex -42.242801666259766 -48.48006057739258 -0.6000000238418579
      vertex -42.01993942260742 -48.257198333740234 -3.000000476837158
      vertex -42.01993942260742 -48.257198333740234 -0.6000000238418579
    endloop
  endfacet
  facet normal -0.8314692623596143 -0.5555707567458521 0
    outer loop
      vertex -42.24199676513672 -36.77622985839844 -11.899999618530273
      vertex -40.79194641113281 -38.946380615234375 -11.899999618530273
      vertex -42.24199676513672 -36.77622985839844 -1.8999996185302734
    endloop
  endfacet
  facet normal 0 0 -1
    outer loop
      vertex -42.24199676513672 -36.77622985839844 -11.899999618530273
      vertex -37.90685272216797 -36.3292121887207 -11.899999618530273
      vertex -40.79194641113281 -38.946380615234375 -11.899999618530273
    endloop
  endfacet
  facet normal 0 0 -1
    outer loop
      vertex -42.24199676513672 -36.77622985839844 -11.899999618530273
      vertex -37.90685272216797 -35.984493255615234 -11.899999618530273
      vertex -37.90685272216797 -36.3292121887207 -11.899999618530273
    endloop
  endfacet
  facet normal -0.8314692623596143 -0.5555707567458521 0
    outer loop
      vertex -42.24199676513672 -36.77622985839844 -1.8999996185302734
      vertex -40.79194641113281 -38.946380615234375 -11.899999618530273
      vertex -40.79194641113281 -38.946380615234375 -1.8999996185302734
    endloop
  endfacet
  facet normal 0 0 1
    outer loop
      vertex -42.24199676513672 -36.77622985839844 -1.8999996185302734
      vertex -40.79194641113281 -38.946380615234375 -1.8999996185302734
      vertex -39.28195571899414 -37.10484313964844 -1.8999996185302734
    endloop
  endfacet
  facet normal 0 0 1
    outer loop
      vertex -42.24199676513672 -36.77622985839844 -1.8999996185302734
      vertex -39.40685272216797 -36.476951599121094 -1.8999996185302734
      vertex -39.40685272216797 -35.83675765991211 -1.8999996185302734
    endloop
  endfacet
  facet normal 0 0 1
    outer loop
      vertex -42.24199676513672 -36.77622985839844 -1.8999996185302734
      vertex -39.28195571899414 -37.10484313964844 -1.8999996185302734
      vertex -39.40685272216797 -36.476951599121094 -1.8999996185302734
    endloop
  endfacet
  facet normal -0.8314697134819568 0.5555700815938821 0
    outer loop
      vertex -42.24199676513672 -24.223770141601562 -11.899999618530273
      vertex -42.24199676513672 -24.223770141601562 -1.8999996185302734
      vertex -40.79194641113281 -22.05361557006836 -1.8999996185302734
    endloop
  endfacet
  facet normal 0 0 -1
    outer loop
      vertex -42.24199676513672 -24.223770141601562 -11.899999618530273
      vertex -40.79194641113281 -22.05361557006836 -11.899999618530273
      vertex -37.90685272216797 -24.670785903930664 -11.899999618530273
    endloop
  endfacet
  facet normal -0.8314697134819568 0.5555700815938821 0
    outer loop
      vertex -42.24199676513672 -24.223770141601562 -11.899999618530273
      vertex -40.79194641113281 -22.05361557006836 -1.8999996185302734
      vertex -40.79194641113281 -22.05361557006836 -11.899999618530273
    endloop
  endfacet
  facet normal 0 0 -1
    outer loop
      vertex -42.24199676513672 -24.223770141601562 -11.899999618530273
      vertex -37.90685272216797 -24.670785903930664 -11.899999618530273
      vertex -37.90685272216797 -25.015504837036133 -11.899999618530273
    endloop
  endfacet
  facet normal 0 0 1
    outer loop
      vertex -42.24199676513672 -24.223770141601562 -1.8999996185302734
      vertex -39.40685272216797 -25.163244247436523 -1.8999996185302734
      vertex -39.40685272216797 -24.523048400878906 -1.8999996185302734
    endloop
  endfacet
  facet normal 0 0 1
    outer loop
      vertex -42.24199676513672 -24.223770141601562 -1.8999996185302734
      vertex -39.40685272216797 -24.523048400878906 -1.8999996185302734
      vertex -39.28195571899414 -23.89515495300293 -1.8999996185302734
    endloop
  endfacet
  facet normal 0 0 1
    outer loop
      vertex -42.24199676513672 -24.223770141601562 -1.8999996185302734
      vertex -39.28195571899414 -23.89515495300293 -1.8999996185302734
      vertex -40.79194641113281 -22.05361557006836 -1.8999996185302734
    endloop
  endfacet
  facet normal 0.5555685618925175 0.8314707289115353 0
    outer loop
      vertex -42.01993942260742 -50.742801666259766 -3.000000476837158
      vertex -42.01993942260742 -50.742801666259766 -0.6000000238418579
      vertex -41.75788497924805 -50.91790008544922 -3.000000476837158
    endloop
  endfacet
  facet normal 0 0 -1
    outer loop
      vertex -42.01993942260742 -50.742801666259766 -3.000000476837158
      vertex -41.75788497924805 -50.91790008544922 -3.000000476837158
      vertex -41.662742614746094 -51.099998474121094 -3.000000476837158
    endloop
  endfacet
  facet normal 0.7071067811865476 0.7071067811865476 0
    outer loop
      vertex -42.01993942260742 -50.742801666259766 -3.000000476837158
      vertex -41.662742614746094 -51.099998474121094 -3.000000476837158
      vertex -41.662742614746094 -51.099998474121094 -3.200000286102295
    endloop
  endfacet
  facet normal 0.5555685618925175 0.8314707289115353 0
    outer loop
      vertex -42.01993942260742 -50.742801666259766 -0.6000000238418579
      vertex -41.75788497924805 -50.91790008544922 -0.6000000238418579
      vertex -41.75788497924805 -50.91790008544922 -3.000000476837158
    endloop
  endfacet
  facet normal 0.5555685618925175 -0.8314707289115353 0
    outer loop
      vertex -42.01993942260742 -48.257198333740234 -3.000000476837158
      vertex -41.75788497924805 -48.08209991455078 -3.000000476837158
      vertex -41.75788497924805 -48.08209991455078 -0.6000000238418579
    endloop
  endfacet
  facet normal 0.5555685618925175 -0.8314707289115353 0
    outer loop
      vertex -42.01993942260742 -48.257198333740234 -3.000000476837158
      vertex -41.75788497924805 -48.08209991455078 -0.6000000238418579
      vertex -42.01993942260742 -48.257198333740234 -0.6000000238418579
    endloop
  endfacet
  facet normal 0.7071067811865476 -0.7071067811865476 0
    outer loop
      vertex -42.01993942260742 -48.257198333740234 -3.000000476837158
      vertex -41.662742614746094 -47.900001525878906 -3.200000286102295
      vertex -41.662742614746094 -47.900001525878906 -3.000000476837158
    endloop
  endfacet
  facet normal 0 0 -1
    outer loop
      vertex -42.01993942260742 -48.257198333740234 -3.000000476837158
      vertex -41.662742614746094 -47.900001525878906 -3.000000476837158
      vertex -41.75788497924805 -48.08209991455078 -3.000000476837158
    endloop
  endfacet
  facet normal 0.19508647910838267 0.9807860447972813 0
    outer loop
      vertex -41.90423583984375 -52.48086929321289 -11.899999618530273
      vertex -41.90423583984375 -52.48086929321289 -3.5999999046325684
      vertex -41.305320739746094 -52.599998474121094 -11.899999618530273
    endloop
  endfacet
  facet normal 0 0 -1
    outer loop
      vertex -41.90423583984375 -52.48086929321289 -11.899999618530273
      vertex -41.305320739746094 -52.599998474121094 -11.899999618530273
      vertex -40.59618377685547 -53.599998474121094 -11.899999618530273
    endloop
  endfacet
  facet normal 0.19508647910838267 0.9807860447972813 0
    outer loop
      vertex -41.90423583984375 -52.48086929321289 -3.5999999046325684
      vertex -41.305320739746094 -52.599998474121094 -3.5999999046325684
      vertex -41.305320739746094 -52.599998474121094 -11.899999618530273
    endloop
  endfacet
  facet normal 0 0 -1
    outer loop
      vertex -41.90423583984375 -52.48086929321289 -3.5999999046325684
      vertex -38.34074783325195 -51.099998474121094 -3.5999999046325684
      vertex -41.305320739746094 -52.599998474121094 -3.5999999046325684
    endloop
  endfacet
  facet normal 0.19508647910838267 -0.9807860447972813 0
    outer loop
      vertex -41.90423583984375 -46.51913070678711 -11.899999618530273
      vertex -41.305320739746094 -46.400001525878906 -11.899999618530273
      vertex -41.305320739746094 -46.400001525878906 -3.5999999046325684
    endloop
  endfacet
  facet normal 0.19508647910838267 -0.9807860447972813 0
    outer loop
      vertex -41.90423583984375 -46.51913070678711 -11.899999618530273
      vertex -41.305320739746094 -46.400001525878906 -3.5999999046325684
      vertex -41.90423583984375 -46.51913070678711 -3.5999999046325684
    endloop
  endfacet
  facet normal 0 0 -1
    outer loop
      vertex -41.90423583984375 -46.51913070678711 -11.899999618530273
      vertex -40.59618377685547 -45.400001525878906 -11.899999618530273
      vertex -41.305320739746094 -46.400001525878906 -11.899999618530273
    endloop
  endfacet
  facet normal 0 0 -1
    outer loop
      vertex -41.90423583984375 -46.51913070678711 -3.5999999046325684
      vertex -41.305320739746094 -46.400001525878906 -3.5999999046325684
      vertex -38.34074783325195 -47.900001525878906 -3.5999999046325684
    endloop
  endfacet
  facet normal 0.3826860187804458 0.9238784611787269 0
    outer loop
      vertex -41.75788497924805 -50.91790008544922 -3.000000476837158
      vertex -41.75788497924805 -50.91790008544922 -0.6000000238418579
      vertex -41.46670150756836 -51.03851318359375 -3.000000476837158
    endloop
  endfacet
  facet normal 0 0 -1
    outer loop
      vertex -41.75788497924805 -50.91790008544922 -3.000000476837158
      vertex -41.46670150756836 -51.03851318359375 -3.000000476837158
      vertex -41.662742614746094 -51.099998474121094 -3.000000476837158
    endloop
  endfacet
  facet normal 0.3826860187804458 0.9238784611787269 0
    outer loop
      vertex -41.75788497924805 -50.91790008544922 -0.6000000238418579
      vertex -41.46670150756836 -51.03851318359375 -0.6000000238418579
      vertex -41.46670150756836 -51.03851318359375 -3.000000476837158
    endloop
  endfacet
  facet normal 0 0 -1
    outer loop
      vertex -41.75788497924805 -48.08209991455078 -3.000000476837158
      vertex -41.662742614746094 -47.900001525878906 -3.000000476837158
      vertex -41.46670150756836 -47.96148681640625 -3.000000476837158
    endloop
  endfacet
  facet normal 0.3826860187804458 -0.9238784611787269 0
    outer loop
      vertex -41.75788497924805 -48.08209991455078 -3.000000476837158
      vertex -41.46670150756836 -47.96148681640625 -3.000000476837158
      vertex -41.46670150756836 -47.96148681640625 -0.6000000238418579
    endloop
  endfacet
  facet normal 0.3826860187804458 -0.9238784611787269 0
    outer loop
      vertex -41.75788497924805 -48.08209991455078 -3.000000476837158
      vertex -41.46670150756836 -47.96148681640625 -0.6000000238418579
      vertex -41.75788497924805 -48.08209991455078 -0.6000000238418579
    endloop
  endfacet
  facet normal 0 1 0
    outer loop
      vertex -41.662742614746094 -51.099998474121094 -3.200000286102295
      vertex -41.662742614746094 -51.099998474121094 -3.000000476837158
      vertex -41.15758514404297 -51.099998474121094 -3.000000476837158
    endloop
  endfacet
  facet normal 0 1 0
    outer loop
      vertex -41.662742614746094 -51.099998474121094 -3.200000286102295
      vertex -41.15758514404297 -51.099998474121094 -3.000000476837158
      vertex -40.337257385253906 -51.099998474121094 -3.200000286102295
    endloop
  endfacet
  facet normal 0 1 0
    outer loop
      vertex -41.662742614746094 -51.099998474121094 -3.200000286102295
      vertex -40.337257385253906 -51.099998474121094 -3.200000286102295
      vertex -39.6047477722168 -51.099998474121094 -3.59999942779541
    endloop
  endfacet
  facet normal 0 0 -1
    outer loop
      vertex -41.662742614746094 -51.099998474121094 -3.000000476837158
      vertex -41.46670150756836 -51.03851318359375 -3.000000476837158
      vertex -41.15758514404297 -51.099998474121094 -3.000000476837158
    endloop
  endfacet
  facet normal 0 -1 0
    outer loop
      vertex -41.662742614746094 -47.900001525878906 -3.200000286102295
      vertex -41.15758514404297 -47.900001525878906 -3.000000476837158
      vertex -41.662742614746094 -47.900001525878906 -3.000000476837158
    endloop
  endfacet
  facet normal 0 -1 0
    outer loop
      vertex -41.662742614746094 -47.900001525878906 -3.200000286102295
      vertex -40.84241485595703 -47.900001525878906 -3.000000476837158
      vertex -41.15758514404297 -47.900001525878906 -3.000000476837158
    endloop
  endfacet
  facet normal 0 -1 0
    outer loop
      vertex -41.662742614746094 -47.900001525878906 -3.200000286102295
      vertex -40.337257385253906 -47.900001525878906 -3.200000286102295
      vertex -40.84241485595703 -47.900001525878906 -3.000000476837158
    endloop
  endfacet
  facet normal 0 -1 0
    outer loop
      vertex -41.662742614746094 -47.900001525878906 -3.200000286102295
      vertex -39.62132263183594 -47.900001525878906 -3.59999942779541
      vertex -40.337257385253906 -47.900001525878906 -3.200000286102295
    endloop
  endfacet
  facet normal 0 0 -1
    outer loop
      vertex -41.662742614746094 -47.900001525878906 -3.000000476837158
      vertex -41.15758514404297 -47.900001525878906 -3.000000476837158
      vertex -41.46670150756836 -47.96148681640625 -3.000000476837158
    endloop
  endfacet
  facet normal 0.19508489799319606 0.980786359292881 0
    outer loop
      vertex -41.46670150756836 -51.03851318359375 -3.000000476837158
      vertex -41.46670150756836 -51.03851318359375 -0.6000000238418579
      vertex -41.15758514404297 -51.099998474121094 -3.000000476837158
    endloop
  endfacet
  facet normal 0.19508489799319606 0.980786359292881 0
    outer loop
      vertex -41.46670150756836 -51.03851318359375 -0.6000000238418579
      vertex -41.15758514404297 -51.099998474121094 -0.6000000238418579
      vertex -41.15758514404297 -51.099998474121094 -3.000000476837158
    endloop
  endfacet
  facet normal 0 0 1
    outer loop
      vertex -41.46670150756836 -51.03851318359375 -0.6000000238418579
      vertex -35.90150833129883 -53.599998474121094 -0.6000000238418579
      vertex -41.15758514404297 -51.099998474121094 -0.6000000238418579
    endloop
  endfacet
  facet normal 0.19508489799319606 -0.980786359292881 0
    outer loop
      vertex -41.46670150756836 -47.96148681640625 -3.000000476837158
      vertex -41.15758514404297 -47.900001525878906 -3.000000476837158
      vertex -41.15758514404297 -47.900001525878906 -0.6000000238418579
    endloop
  endfacet
  facet normal 0.19508489799319606 -0.980786359292881 0
    outer loop
      vertex -41.46670150756836 -47.96148681640625 -3.000000476837158
      vertex -41.15758514404297 -47.900001525878906 -0.6000000238418579
      vertex -41.46670150756836 -47.96148681640625 -0.6000000238418579
    endloop
  endfacet
  facet normal 0 0 1
    outer loop
      vertex -41.46670150756836 -47.96148681640625 -0.6000000238418579
      vertex -41.15758514404297 -47.900001525878906 -0.6000000238418579
      vertex -37.12132263183594 -45.400001525878906 -0.6000000238418579
    endloop
  endfacet
  facet normal 0 1 0
    outer loop
      vertex -41.305320739746094 -52.599998474121094 -11.899999618530273
      vertex -41.305320739746094 -52.599998474121094 -3.5999999046325684
      vertex -40.694679260253906 -52.599998474121094 -11.899999618530273
    endloop
  endfacet
  facet normal 0 0 -1
    outer loop
      vertex -41.305320739746094 -52.599998474121094 -11.899999618530273
      vertex -40.694679260253906 -52.599998474121094 -11.899999618530273
      vertex -40.59618377685547 -53.599998474121094 -11.899999618530273
    endloop
  endfacet
  facet normal 0 1 0
    outer loop
      vertex -41.305320739746094 -52.599998474121094 -3.5999999046325684
      vertex -40.694679260253906 -52.599998474121094 -3.5999999046325684
      vertex -40.694679260253906 -52.599998474121094 -11.899999618530273
    endloop
  endfacet
  facet normal 0 0 -1
    outer loop
      vertex -41.305320739746094 -52.599998474121094 -3.5999999046325684
      vertex -38.34074783325195 -51.099998474121094 -3.5999999046325684
      vertex -40.694679260253906 -52.599998474121094 -3.5999999046325684
    endloop
  endfacet
  facet normal 0 -1 0
    outer loop
      vertex -41.305320739746094 -46.400001525878906 -11.899999618530273
      vertex -40.694679260253906 -46.400001525878906 -11.899999618530273
      vertex -40.694679260253906 -46.400001525878906 -3.5999999046325684
    endloop
  endfacet
  facet normal 0 -1 0
    outer loop
      vertex -41.305320739746094 -46.400001525878906 -11.899999618530273
      vertex -40.694679260253906 -46.400001525878906 -3.5999999046325684
      vertex -41.305320739746094 -46.400001525878906 -3.5999999046325684
    endloop
  endfacet
  facet normal 0 0 -1
    outer loop
      vertex -41.305320739746094 -46.400001525878906 -11.899999618530273
      vertex -40.59618377685547 -45.400001525878906 -11.899999618530273
      vertex -40.694679260253906 -46.400001525878906 -11.899999618530273
    endloop
  endfacet
  facet normal 0 0 -1
    outer loop
      vertex -41.305320739746094 -46.400001525878906 -3.5999999046325684
      vertex -40.694679260253906 -46.400001525878906 -3.5999999046325684
      vertex -38.34074783325195 -47.900001525878906 -3.5999999046325684
    endloop
  endfacet
  facet normal 0 1 0
    outer loop
      vertex -41.15758514404297 -51.099998474121094 -3.000000476837158
      vertex -41.15758514404297 -51.099998474121094 -0.6000000238418579
      vertex -40.84241485595703 -51.099998474121094 -3.000000476837158
    endloop
  endfacet
  facet normal 0 1 0
    outer loop
      vertex -41.15758514404297 -51.099998474121094 -3.000000476837158
      vertex -40.84241485595703 -51.099998474121094 -3.000000476837158
      vertex -40.337257385253906 -51.099998474121094 -3.200000286102295
    endloop
  endfacet
  facet normal 0 1 0
    outer loop
      vertex -41.15758514404297 -51.099998474121094 -0.6000000238418579
      vertex -40.84241485595703 -51.099998474121094 -0.6000000238418579
      vertex -40.84241485595703 -51.099998474121094 -3.000000476837158
    endloop
  endfacet
  facet normal 0 0 1
    outer loop
      vertex -41.15758514404297 -51.099998474121094 -0.6000000238418579
      vertex -35.90150833129883 -53.599998474121094 -0.6000000238418579
      vertex -40.84241485595703 -51.099998474121094 -0.6000000238418579
    endloop
  endfacet
  facet normal 0 -1 0
    outer loop
      vertex -41.15758514404297 -47.900001525878906 -3.000000476837158
      vertex -40.84241485595703 -47.900001525878906 -3.000000476837158
      vertex -40.84241485595703 -47.900001525878906 -0.6000000238418579
    endloop
  endfacet
  facet normal 0 -1 0
    outer loop
      vertex -41.15758514404297 -47.900001525878906 -3.000000476837158
      vertex -40.84241485595703 -47.900001525878906 -0.6000000238418579
      vertex -41.15758514404297 -47.900001525878906 -0.6000000238418579
    endloop
  endfacet
  facet normal 0 0 1
    outer loop
      vertex -41.15758514404297 -47.900001525878906 -0.6000000238418579
      vertex -40.84241485595703 -47.900001525878906 -0.6000000238418579
      vertex -37.12132263183594 -45.400001525878906 -0.6000000238418579
    endloop
  endfacet
  facet normal -0.19508489799319606 0.980786359292881 0
    outer loop
      vertex -40.84241485595703 -51.099998474121094 -3.000000476837158
      vertex -40.84241485595703 -51.099998474121094 -0.6000000238418579
      vertex -40.53329849243164 -51.03851318359375 -3.000000476837158
    endloop
  endfacet
  facet normal 0 0 -1
    outer loop
      vertex -40.84241485595703 -51.099998474121094 -3.000000476837158
      vertex -40.53329849243164 -51.03851318359375 -3.000000476837158
      vertex -40.337257385253906 -51.099998474121094 -3.000000476837158
    endloop
  endfacet
  facet normal 0 1 0
    outer loop
      vertex -40.84241485595703 -51.099998474121094 -3.000000476837158
      vertex -40.337257385253906 -51.099998474121094 -3.000000476837158
      vertex -40.337257385253906 -51.099998474121094 -3.200000286102295
    endloop
  endfacet
  facet normal -0.19508489799319606 0.980786359292881 0
    outer loop
      vertex -40.84241485595703 -51.099998474121094 -0.6000000238418579
      vertex -40.53329849243164 -51.03851318359375 -0.6000000238418579
      vertex -40.53329849243164 -51.03851318359375 -3.000000476837158
    endloop
  endfacet
  facet normal 0 0 1
    outer loop
      vertex -40.84241485595703 -51.099998474121094 -0.6000000238418579
      vertex -39.68017578125 -51.08499526977539 -0.6000000238418579
      vertex -40.53329849243164 -51.03851318359375 -0.6000000238418579
    endloop
  endfacet
  facet normal 0 0 1
    outer loop
      vertex -40.84241485595703 -51.099998474121094 -0.6000000238418579
      vertex -39.390377044677734 -51.14263916015625 -0.6000000238418579
      vertex -39.68017578125 -51.08499526977539 -0.6000000238418579
    endloop
  endfacet
  facet normal 0 0 1
    outer loop
      vertex -40.84241485595703 -51.099998474121094 -0.6000000238418579
      vertex -35.90150833129883 -53.599998474121094 -0.6000000238418579
      vertex -39.390377044677734 -51.14263916015625 -0.6000000238418579
    endloop
  endfacet
  facet normal -0.19508489799319606 -0.980786359292881 0
    outer loop
      vertex -40.84241485595703 -47.900001525878906 -3.000000476837158
      vertex -40.53329849243164 -47.96148681640625 -3.000000476837158
      vertex -40.53329849243164 -47.96148681640625 -0.6000000238418579
    endloop
  endfacet
  facet normal -0.19508489799319606 -0.980786359292881 0
    outer loop
      vertex -40.84241485595703 -47.900001525878906 -3.000000476837158
      vertex -40.53329849243164 -47.96148681640625 -0.6000000238418579
      vertex -40.84241485595703 -47.900001525878906 -0.6000000238418579
    endloop
  endfacet
  facet normal 0 -1 0
    outer loop
      vertex -40.84241485595703 -47.900001525878906 -3.000000476837158
      vertex -40.337257385253906 -47.900001525878906 -3.200000286102295
      vertex -40.337257385253906 -47.900001525878906 -3.000000476837158
    endloop
  endfacet
  facet normal 0 0 -1
    outer loop
      vertex -40.84241485595703 -47.900001525878906 -3.000000476837158
      vertex -40.337257385253906 -47.900001525878906 -3.000000476837158
      vertex -40.53329849243164 -47.96148681640625 -3.000000476837158
    endloop
  endfacet
  facet normal 0 0 1
    outer loop
      vertex -40.84241485595703 -47.900001525878906 -0.6000000238418579
      vertex -40.53329849243164 -47.96148681640625 -0.6000000238418579
      vertex -37.12132263183594 -45.400001525878906 -0.6000000238418579
    endloop
  endfacet
  facet normal -0.7071067811865475 -0.7071067811865475 0
    outer loop
      vertex -40.79194641113281 -38.946380615234375 -11.899999618530273
      vertex -38.946380615234375 -40.79194641113281 -11.899999618530273
      vertex -40.79194641113281 -38.946380615234375 -1.8999996185302734
    endloop
  endfacet
  facet normal 0 0 -1
    outer loop
      vertex -40.79194641113281 -38.946380615234375 -11.899999618530273
      vertex -37.90685272216797 -36.3292121887207 -11.899999618530273
      vertex -37.839603424072266 -36.66730880737305 -11.899999618530273
    endloop
  endfacet
  facet normal 0 0 -1
    outer loop
      vertex -40.79194641113281 -38.946380615234375 -11.899999618530273
      vertex -37.839603424072266 -36.66730880737305 -11.899999618530273
      vertex -37.70768356323242 -36.98579025268555 -11.899999618530273
    endloop
  endfacet
  facet normal 0 0 -1
    outer loop
      vertex -40.79194641113281 -38.946380615234375 -11.899999618530273
      vertex -37.70768356323242 -36.98579025268555 -11.899999618530273
      vertex -37.51616668701172 -37.27241516113281 -11.899999618530273
    endloop
  endfacet
  facet normal 0 0 -1
    outer loop
      vertex -40.79194641113281 -38.946380615234375 -11.899999618530273
      vertex -37.51616668701172 -37.27241516113281 -11.899999618530273
      vertex -38.946380615234375 -40.79194641113281 -11.899999618530273
    endloop
  endfacet
  facet normal 0 0 1
    outer loop
      vertex -40.79194641113281 -38.946380615234375 -1.8999996185302734
      vertex -39.036964416503906 -37.69630813598633 -1.8999996185302734
      vertex -39.28195571899414 -37.10484313964844 -1.8999996185302734
    endloop
  endfacet
  facet normal -0.7071067811865475 -0.7071067811865475 0
    outer loop
      vertex -40.79194641113281 -38.946380615234375 -1.8999996185302734
      vertex -38.946380615234375 -40.79194641113281 -11.899999618530273
      vertex -38.946380615234375 -40.79194641113281 -1.8999996185302734
    endloop
  endfacet
  facet normal 0 0 1
    outer loop
      vertex -40.79194641113281 -38.946380615234375 -1.8999996185302734
      vertex -38.946380615234375 -40.79194641113281 -1.8999996185302734
      vertex -38.68129348754883 -38.228607177734375 -1.8999996185302734
    endloop
  endfacet
  facet normal 0 0 1
    outer loop
      vertex -40.79194641113281 -38.946380615234375 -1.8999996185302734
      vertex -38.68129348754883 -38.228607177734375 -1.8999996185302734
      vertex -39.036964416503906 -37.69630813598633 -1.8999996185302734
    endloop
  endfacet
  facet normal -0.7071060504072677 0.707107511965072 0
    outer loop
      vertex -40.79194641113281 -22.05361557006836 -11.899999618530273
      vertex -40.79194641113281 -22.05361557006836 -1.8999996185302734
      vertex -38.946380615234375 -20.208053588867188 -11.899999618530273
    endloop
  endfacet
  facet normal 0 0 -1
    outer loop
      vertex -40.79194641113281 -22.05361557006836 -11.899999618530273
      vertex -38.946380615234375 -20.208053588867188 -11.899999618530273
      vertex -37.51616668701172 -23.727584838867188 -11.899999618530273
    endloop
  endfacet
  facet normal 0 0 -1
    outer loop
      vertex -40.79194641113281 -22.05361557006836 -11.899999618530273
      vertex -37.839603424072266 -24.33268928527832 -11.899999618530273
      vertex -37.90685272216797 -24.670785903930664 -11.899999618530273
    endloop
  endfacet
  facet normal 0 0 -1
    outer loop
      vertex -40.79194641113281 -22.05361557006836 -11.899999618530273
      vertex -37.70768356323242 -24.014209747314453 -11.899999618530273
      vertex -37.839603424072266 -24.33268928527832 -11.899999618530273
    endloop
  endfacet
  facet normal 0 0 -1
    outer loop
      vertex -40.79194641113281 -22.05361557006836 -11.899999618530273
      vertex -37.51616668701172 -23.727584838867188 -11.899999618530273
      vertex -37.70768356323242 -24.014209747314453 -11.899999618530273
    endloop
  endfacet
  facet normal 0 0 1
    outer loop
      vertex -40.79194641113281 -22.05361557006836 -1.8999996185302734
      vertex -39.28195571899414 -23.89515495300293 -1.8999996185302734
      vertex -39.036964416503906 -23.303693771362305 -1.8999996185302734
    endloop
  endfacet
  facet normal 0 0 1
    outer loop
      vertex -40.79194641113281 -22.05361557006836 -1.8999996185302734
      vertex -39.036964416503906 -23.303693771362305 -1.8999996185302734
      vertex -38.68129348754883 -22.771390914916992 -1.8999996185302734
    endloop
  endfacet
  facet normal -0.7071060504072677 0.707107511965072 0
    outer loop
      vertex -40.79194641113281 -22.05361557006836 -1.8999996185302734
      vertex -38.946380615234375 -20.208053588867188 -1.8999996185302734
      vertex -38.946380615234375 -20.208053588867188 -11.899999618530273
    endloop
  endfacet
  facet normal 0 0 1
    outer loop
      vertex -40.79194641113281 -22.05361557006836 -1.8999996185302734
      vertex -38.68129348754883 -22.771390914916992 -1.8999996185302734
      vertex -38.946380615234375 -20.208053588867188 -1.8999996185302734
    endloop
  endfacet
  facet normal -1 0 0
    outer loop
      vertex -40.74264144897461 -49.79037857055664 -3.59999942779541
      vertex -40.74264144897461 -49.79037857055664 -0.5999994277954102
      vertex -40.74264144897461 -49.494903564453125 -0.5999994277954102
    endloop
  endfacet
  facet normal 0 0 -1
    outer loop
      vertex -40.74264144897461 -49.79037857055664 -3.59999942779541
      vertex -40.74264144897461 -49.494903564453125 -3.59999942779541
      vertex -37.900001525878906 -49.805320739746094 -3.59999942779541
    endloop
  endfacet
  facet normal -1 0 0
    outer loop
      vertex -40.74264144897461 -49.79037857055664 -3.59999942779541
      vertex -40.74264144897461 -49.494903564453125 -0.5999994277954102
      vertex -40.74264144897461 -49.494903564453125 -3.59999942779541
    endloop
  endfacet
  facet normal -0.9807852179661316 -0.19509063590835896 0
    outer loop
      vertex -40.74264144897461 -49.79037857055664 -3.59999942779541
      vertex -40.68499755859375 -50.08017349243164 -3.59999942779541
      vertex -40.74264144897461 -49.79037857055664 -0.5999994277954102
    endloop
  endfacet
  facet normal 0 0 -1
    outer loop
      vertex -40.74264144897461 -49.79037857055664 -3.59999942779541
      vertex -37.900001525878906 -49.805320739746094 -3.59999942779541
      vertex -40.68499755859375 -50.08017349243164 -3.59999942779541
    endloop
  endfacet
  facet normal -0.9807852179661316 -0.19509063590835896 0
    outer loop
      vertex -40.74264144897461 -49.79037857055664 -0.5999994277954102
      vertex -40.68499755859375 -50.08017349243164 -3.59999942779541
      vertex -40.68499755859375 -50.08017349243164 -0.5999994277954102
    endloop
  endfacet
  facet normal 0 0 1
    outer loop
      vertex -40.74264144897461 -49.79037857055664 -0.5999994277954102
      vertex -40.68499755859375 -50.08017349243164 -0.5999994277954102
      vertex -40.74264144897461 -49.494903564453125 -0.5999994277954102
    endloop
  endfacet
  facet normal -0.9807852179661316 0.19509063590835896 0
    outer loop
      vertex -40.74264144897461 -49.494903564453125 -3.59999942779541
      vertex -40.74264144897461 -49.494903564453125 -0.5999994277954102
      vertex -40.68499755859375 -49.205108642578125 -0.5999994277954102
    endloop
  endfacet
  facet normal 0 0 -1
    outer loop
      vertex -40.74264144897461 -49.494903564453125 -3.59999942779541
      vertex -40.68499755859375 -49.205108642578125 -3.59999942779541
      vertex -37.900001525878906 -49.805320739746094 -3.59999942779541
    endloop
  endfacet
  facet normal -0.9807852179661316 0.19509063590835896 0
    outer loop
      vertex -40.74264144897461 -49.494903564453125 -3.59999942779541
      vertex -40.68499755859375 -49.205108642578125 -0.5999994277954102
      vertex -40.68499755859375 -49.205108642578125 -3.59999942779541
    endloop
  endfacet
  facet normal 0 0 1
    outer loop
      vertex -40.74264144897461 -49.494903564453125 -0.5999994277954102
      vertex -40.68499755859375 -50.08017349243164 -0.5999994277954102
      vertex -40.68499755859375 -49.205108642578125 -0.5999994277954102
    endloop
  endfacet
  facet normal -0.19508647910838267 0.9807860447972813 0
    outer loop
      vertex -40.694679260253906 -52.599998474121094 -11.899999618530273
      vertex -40.694679260253906 -52.599998474121094 -3.5999999046325684
      vertex -40.09576416015625 -52.48086929321289 -11.899999618530273
    endloop
  endfacet
  facet normal 0 0 -1
    outer loop
      vertex -40.694679260253906 -52.599998474121094 -11.899999618530273
      vertex -40.09576416015625 -52.48086929321289 -11.899999618530273
      vertex -40.59618377685547 -53.599998474121094 -11.899999618530273
    endloop
  endfacet
  facet normal -0.19508647910838267 0.9807860447972813 0
    outer loop
      vertex -40.694679260253906 -52.599998474121094 -3.5999999046325684
      vertex -40.09576416015625 -52.48086929321289 -3.5999999046325684
      vertex -40.09576416015625 -52.48086929321289 -11.899999618530273
    endloop
  endfacet
  facet normal 0 0 -1
    outer loop
      vertex -40.694679260253906 -52.599998474121094 -3.5999999046325684
      vertex -38.34074783325195 -51.099998474121094 -3.5999999046325684
      vertex -40.09576416015625 -52.48086929321289 -3.5999999046325684
    endloop
  endfacet
  facet normal 0 0 -1
    outer loop
      vertex -40.694679260253906 -46.400001525878906 -11.899999618530273
      vertex -40.59618377685547 -45.400001525878906 -11.899999618530273
      vertex -40.09576416015625 -46.51913070678711 -11.899999618530273
    endloop
  endfacet
  facet normal -0.19508647910838267 -0.9807860447972813 0
    outer loop
      vertex -40.694679260253906 -46.400001525878906 -11.899999618530273
      vertex -40.09576416015625 -46.51913070678711 -11.899999618530273
      vertex -40.09576416015625 -46.51913070678711 -3.5999999046325684
    endloop
  endfacet
  facet normal -0.19508647910838267 -0.9807860447972813 0
    outer loop
      vertex -40.694679260253906 -46.400001525878906 -11.899999618530273
      vertex -40.09576416015625 -46.51913070678711 -3.5999999046325684
      vertex -40.694679260253906 -46.400001525878906 -3.5999999046325684
    endloop
  endfacet
  facet normal 0 0 -1
    outer loop
      vertex -40.694679260253906 -46.400001525878906 -3.5999999046325684
      vertex -40.09576416015625 -46.51913070678711 -3.5999999046325684
      vertex -38.34074783325195 -47.900001525878906 -3.5999999046325684
    endloop
  endfacet
  facet normal -0.9238774179343685 -0.3826885373654721 0
    outer loop
      vertex -40.68499755859375 -50.08017349243164 -3.59999942779541
      vertex -40.571922302246094 -50.35315704345703 -3.59999942779541
      vertex -40.68499755859375 -50.08017349243164 -0.5999994277954102
    endloop
  endfacet
  facet normal 0 0 -1
    outer loop
      vertex -40.68499755859375 -50.08017349243164 -3.59999942779541
      vertex -37.900001525878906 -49.805320739746094 -3.59999942779541
      vertex -40.571922302246094 -50.35315704345703 -3.59999942779541
    endloop
  endfacet
  facet normal -0.9238774179343685 -0.3826885373654721 0
    outer loop
      vertex -40.68499755859375 -50.08017349243164 -0.5999994277954102
      vertex -40.571922302246094 -50.35315704345703 -3.59999942779541
      vertex -40.571922302246094 -50.35315704345703 -0.5999994277954102
    endloop
  endfacet
  facet normal 0 0 1
    outer loop
      vertex -40.68499755859375 -50.08017349243164 -0.5999994277954102
      vertex -40.571922302246094 -50.35315704345703 -0.5999994277954102
      vertex -40.68499755859375 -49.205108642578125 -0.5999994277954102
    endloop
  endfacet
  facet normal -0.9238774179343685 0.3826885373654721 0
    outer loop
      vertex -40.68499755859375 -49.205108642578125 -3.59999942779541
      vertex -40.68499755859375 -49.205108642578125 -0.5999994277954102
      vertex -40.571922302246094 -48.932125091552734 -0.5999994277954102
    endloop
  endfacet
  facet normal 0 0 -1
    outer loop
      vertex -40.68499755859375 -49.205108642578125 -3.59999942779541
      vertex -40.571922302246094 -48.932125091552734 -3.59999942779541
      vertex -37.900001525878906 -49.805320739746094 -3.59999942779541
    endloop
  endfacet
  facet normal -0.9238774179343685 0.3826885373654721 0
    outer loop
      vertex -40.68499755859375 -49.205108642578125 -3.59999942779541
      vertex -40.571922302246094 -48.932125091552734 -0.5999994277954102
      vertex -40.571922302246094 -48.932125091552734 -3.59999942779541
    endloop
  endfacet
  facet normal 0 0 1
    outer loop
      vertex -40.68499755859375 -49.205108642578125 -0.5999994277954102
      vertex -40.571922302246094 -50.35315704345703 -0.5999994277954102
      vertex -40.571922302246094 -48.932125091552734 -0.5999994277954102
    endloop
  endfacet
  facet normal 0 0 -1
    outer loop
      vertex -40.59618377685547 -53.599998474121094 -11.899999618530273
      vertex -40.09576416015625 -52.48086929321289 -11.899999618530273
      vertex -39.804073333740234 -53.442440032958984 -11.899999618530273
    endloop
  endfacet
  facet normal 0.19414859060213457 -0.9760640242297518 -0.09800686390058248
    outer loop
      vertex -40.59618377685547 -53.599998474121094 -11.899999618530273
      vertex -39.804073333740234 -53.442440032958984 -11.899999618530273
      vertex -35.70831298828125 -53.56156921386719 -2.5999999046325684
    endloop
  endfacet
  facet normal 0 -1 0
    outer loop
      vertex -40.59618377685547 -53.599998474121094 -11.899999618530273
      vertex -35.90150833129883 -53.599998474121094 -2.5999999046325684
      vertex -35.90150833129883 -53.599998474121094 -0.6000000238418579
    endloop
  endfacet
  facet normal 0.19415260720382313 -0.9760630128883883 -0.09800897911518126
    outer loop
      vertex -40.59618377685547 -53.599998474121094 -11.899999618530273
      vertex -35.70831298828125 -53.56156921386719 -2.5999999046325684
      vertex -35.90150833129883 -53.599998474121094 -2.5999999046325684
    endloop
  endfacet
  facet normal 0 0 -1
    outer loop
      vertex -40.59618377685547 -45.400001525878906 -11.899999618530273
      vertex -39.804073333740234 -45.557559967041016 -11.899999618530273
      vertex -40.09576416015625 -46.51913070678711 -11.899999618530273
    endloop
  endfacet
  facet normal 0 1 0
    outer loop
      vertex -40.59618377685547 -45.400001525878906 -11.899999618530273
      vertex -37.12132263183594 -45.400001525878906 -3.59999942779541
      vertex -36.406314849853516 -45.400001525878906 -3.59999942779541
    endloop
  endfacet
  facet normal 0.19415439383350763 0.9760625738265538 -0.09800981241807531
    outer loop
      vertex -40.59618377685547 -45.400001525878906 -11.899999618530273
      vertex -36.406314849853516 -45.400001525878906 -3.59999942779541
      vertex -36.233890533447266 -45.43429946899414 -3.59999942779541
    endloop
  endfacet
  facet normal 0.19414859264808396 0.9760640345155724 -0.09800675740963873
    outer loop
      vertex -40.59618377685547 -45.400001525878906 -11.899999618530273
      vertex -36.233890533447266 -45.43429946899414 -3.59999942779541
      vertex -39.804073333740234 -45.557559967041016 -11.899999618530273
    endloop
  endfacet
  facet normal -0.8314738395732089 -0.5555639064098618 0
    outer loop
      vertex -40.571922302246094 -50.35315704345703 -3.59999942779541
      vertex -40.40776824951172 -50.59883499145508 -3.59999942779541
      vertex -40.571922302246094 -50.35315704345703 -0.5999994277954102
    endloop
  endfacet
  facet normal 0 0 -1
    outer loop
      vertex -40.571922302246094 -50.35315704345703 -3.59999942779541
      vertex -37.900001525878906 -49.805320739746094 -3.59999942779541
      vertex -40.40776824951172 -50.59883499145508 -3.59999942779541
    endloop
  endfacet
  facet normal -0.8314738395732089 -0.5555639064098618 0
    outer loop
      vertex -40.571922302246094 -50.35315704345703 -0.5999994277954102
      vertex -40.40776824951172 -50.59883499145508 -3.59999942779541
      vertex -40.40776824951172 -50.59883499145508 -0.5999994277954102
    endloop
  endfacet
  facet normal 0 0 1
    outer loop
      vertex -40.571922302246094 -50.35315704345703 -0.5999994277954102
      vertex -40.40776824951172 -50.59883499145508 -0.5999994277954102
      vertex -40.571922302246094 -48.932125091552734 -0.5999994277954102
    endloop
  endfacet
  facet normal -0.8314738395732089 0.5555639064098618 0
    outer loop
      vertex -40.571922302246094 -48.932125091552734 -3.59999942779541
      vertex -40.571922302246094 -48.932125091552734 -0.5999994277954102
      vertex -40.40776824951172 -48.68644714355469 -0.5999994277954102
    endloop
  endfacet
  facet normal 0 0 -1
    outer loop
      vertex -40.571922302246094 -48.932125091552734 -3.59999942779541
      vertex -40.40776824951172 -48.68644714355469 -3.59999942779541
      vertex -37.900001525878906 -49.805320739746094 -3.59999942779541
    endloop
  endfacet
  facet normal -0.8314738395732089 0.5555639064098618 0
    outer loop
      vertex -40.571922302246094 -48.932125091552734 -3.59999942779541
      vertex -40.40776824951172 -48.68644714355469 -0.5999994277954102
      vertex -40.40776824951172 -48.68644714355469 -3.59999942779541
    endloop
  endfacet
  facet normal 0 0 1
    outer loop
      vertex -40.571922302246094 -48.932125091552734 -0.5999994277954102
      vertex -40.40776824951172 -50.59883499145508 -0.5999994277954102
      vertex -40.40776824951172 -48.68644714355469 -0.5999994277954102
    endloop
  endfacet
  facet normal -0.3826860187804458 0.9238784611787269 0
    outer loop
      vertex -40.53329849243164 -51.03851318359375 -3.000000476837158
      vertex -40.53329849243164 -51.03851318359375 -0.6000000238418579
      vertex -40.24211502075195 -50.91790008544922 -3.000000476837158
    endloop
  endfacet
  facet normal 0 0 -1
    outer loop
      vertex -40.53329849243164 -51.03851318359375 -3.000000476837158
      vertex -40.24211502075195 -50.91790008544922 -3.000000476837158
      vertex -40.337257385253906 -51.099998474121094 -3.000000476837158
    endloop
  endfacet
  facet normal -0.3826860187804458 0.9238784611787269 0
    outer loop
      vertex -40.53329849243164 -51.03851318359375 -0.6000000238418579
      vertex -40.24211502075195 -50.91790008544922 -0.6000000238418579
      vertex -40.24211502075195 -50.91790008544922 -3.000000476837158
    endloop
  endfacet
  facet normal 0 0 1
    outer loop
      vertex -40.53329849243164 -51.03851318359375 -0.6000000238418579
      vertex -39.953155517578125 -50.971923828125 -0.6000000238418579
      vertex -40.24211502075195 -50.91790008544922 -0.6000000238418579
    endloop
  endfacet
  facet normal 0 0 1
    outer loop
      vertex -40.53329849243164 -51.03851318359375 -0.6000000238418579
      vertex -39.68017578125 -51.08499526977539 -0.6000000238418579
      vertex -39.953155517578125 -50.971923828125 -0.6000000238418579
    endloop
  endfacet
  facet normal 0 0 -1
    outer loop
      vertex -40.53329849243164 -47.96148681640625 -3.000000476837158
      vertex -40.337257385253906 -47.900001525878906 -3.000000476837158
      vertex -40.24211502075195 -48.08209991455078 -3.000000476837158
    endloop
  endfacet
  facet normal -0.3826860187804458 -0.9238784611787269 0
    outer loop
      vertex -40.53329849243164 -47.96148681640625 -3.000000476837158
      vertex -40.24211502075195 -48.08209991455078 -3.000000476837158
      vertex -40.24211502075195 -48.08209991455078 -0.6000000238418579
    endloop
  endfacet
  facet normal -0.3826860187804458 -0.9238784611787269 0
    outer loop
      vertex -40.53329849243164 -47.96148681640625 -3.000000476837158
      vertex -40.24211502075195 -48.08209991455078 -0.6000000238418579
      vertex -40.53329849243164 -47.96148681640625 -0.6000000238418579
    endloop
  endfacet
  facet normal 0 0 1
    outer loop
      vertex -40.53329849243164 -47.96148681640625 -0.6000000238418579
      vertex -40.24211502075195 -48.08209991455078 -0.6000000238418579
      vertex -37.12132263183594 -45.400001525878906 -0.6000000238418579
    endloop
  endfacet
  facet normal -0.7071003259779156 -0.7071132363362501 0
    outer loop
      vertex -40.40776824951172 -50.59883499145508 -3.59999942779541
      vertex -40.19883346557617 -50.80776596069336 -3.59999942779541
      vertex -40.19883346557617 -50.80776596069336 -0.5999994277954102
    endloop
  endfacet
  facet normal -0.7071003259779156 -0.7071132363362501 0
    outer loop
      vertex -40.40776824951172 -50.59883499145508 -3.59999942779541
      vertex -40.19883346557617 -50.80776596069336 -0.5999994277954102
      vertex -40.40776824951172 -50.59883499145508 -0.5999994277954102
    endloop
  endfacet
  facet normal 0 0 -1
    outer loop
      vertex -40.40776824951172 -50.59883499145508 -3.59999942779541
      vertex -37.900001525878906 -49.805320739746094 -3.59999942779541
      vertex -40.19883346557617 -50.80776596069336 -3.59999942779541
    endloop
  endfacet
  facet normal 0 0 1
    outer loop
      vertex -40.40776824951172 -50.59883499145508 -0.5999994277954102
      vertex -40.19883346557617 -50.80776596069336 -0.5999994277954102
      vertex -40.40776824951172 -48.68644714355469 -0.5999994277954102
    endloop
  endfacet
  facet normal -0.7071067811865475 0.7071067811865475 0
    outer loop
      vertex -40.40776824951172 -48.68644714355469 -3.59999942779541
      vertex -40.40776824951172 -48.68644714355469 -0.5999994277954102
      vertex -39.97929000854492 -48.25796890258789 -3.200000286102295
    endloop
  endfacet
  facet normal -0.7071067811865475 0.7071067811865475 0
    outer loop
      vertex -40.40776824951172 -48.68644714355469 -3.59999942779541
      vertex -39.97929000854492 -48.25796890258789 -3.200000286102295
      vertex -39.62132263183594 -47.900001525878906 -3.59999942779541
    endloop
  endfacet
  facet normal 0 0 -1
    outer loop
      vertex -40.40776824951172 -48.68644714355469 -3.59999942779541
      vertex -39.62132263183594 -47.900001525878906 -3.59999942779541
      vertex -38.01913070678711 -48.59576416015625 -3.59999942779541
    endloop
  endfacet
  facet normal 0 0 -1
    outer loop
      vertex -40.40776824951172 -48.68644714355469 -3.59999942779541
      vertex -38.01913070678711 -48.59576416015625 -3.59999942779541
      vertex -37.900001525878906 -49.194679260253906 -3.59999942779541
    endloop
  endfacet
  facet normal 0 0 -1
    outer loop
      vertex -40.40776824951172 -48.68644714355469 -3.59999942779541
      vertex -37.900001525878906 -49.194679260253906 -3.59999942779541
      vertex -37.900001525878906 -49.805320739746094 -3.59999942779541
    endloop
  endfacet
  facet normal 0 0 1
    outer loop
      vertex -40.40776824951172 -48.68644714355469 -0.5999994277954102
      vertex -40.19883346557617 -50.80776596069336 -0.5999994277954102
      vertex -39.953155517578125 -50.971923828125 -0.5999994277954102
    endloop
  endfacet
  facet normal -0.7071067811865476 0.7071067811865476 0
    outer loop
      vertex -40.40776824951172 -48.68644714355469 -0.5999994277954102
      vertex -39.97929000854492 -48.25796890258789 -0.6000000238418579
      vertex -39.97929000854492 -48.25796890258789 -3.200000286102295
    endloop
  endfacet
  facet normal 0 0 1
    outer loop
      vertex -40.40776824951172 -48.68644714355469 -0.5999994277954102
      vertex -39.953155517578125 -50.971923828125 -0.5999994277954102
      vertex -39.68017578125 -51.08499526977539 -0.5999994277954102
    endloop
  endfacet
  facet normal 0 0 1
    outer loop
      vertex -40.40776824951172 -48.68644714355469 -0.5999994277954102
      vertex -39.68017578125 -51.08499526977539 -0.5999994277954102
      vertex -39.390377044677734 -51.14263916015625 -0.5999994277954102
    endloop
  endfacet
  facet normal 0 0 1
    outer loop
      vertex -40.40776824951172 -48.68644714355469 -0.5999994277954102
      vertex -39.390377044677734 -51.14263916015625 -0.5999994277954102
      vertex -39.09490203857422 -51.14263916015625 -0.5999994277954102
    endloop
  endfacet
  facet normal 0 0 1
    outer loop
      vertex -40.40776824951172 -48.68644714355469 -0.5999994277954102
      vertex -39.09490203857422 -51.14263916015625 -0.5999994277954102
      vertex -38.80510711669922 -51.08499526977539 -0.5999994277954102
    endloop
  endfacet
  facet normal 0 0 1
    outer loop
      vertex -40.40776824951172 -48.68644714355469 -0.5999994277954102
      vertex -38.80510711669922 -51.08499526977539 -0.5999994277954102
      vertex -38.53212356567383 -50.971923828125 -0.5999994277954102
    endloop
  endfacet
  facet normal 0 0 1
    outer loop
      vertex -40.40776824951172 -48.68644714355469 -0.5999994277954102
      vertex -38.53212356567383 -50.971923828125 -0.5999994277954102
      vertex -38.28644561767578 -50.80776596069336 -0.5999994277954102
    endloop
  endfacet
  facet normal 0 0 1
    outer loop
      vertex -40.40776824951172 -48.68644714355469 -0.5999994277954102
      vertex -38.28644561767578 -50.80776596069336 -0.5999994277954102
      vertex -29.59223175048828 -37.87091064453125 -0.5999994277954102
    endloop
  endfacet
  facet normal -0.7071067811865475 0.7071067811865475 0
    outer loop
      vertex -40.40776824951172 -48.68644714355469 -0.5999994277954102
      vertex -29.59223175048828 -37.87091064453125 -0.5999994277954102
      vertex -39.97929000854492 -48.25796890258789 -0.6000000238418579
    endloop
  endfacet
  facet normal -0.7071067811865476 0.7071067811865476 0
    outer loop
      vertex -40.337257385253906 -51.099998474121094 -3.200000286102295
      vertex -40.337257385253906 -51.099998474121094 -3.000000476837158
      vertex -40.106632232666016 -50.8693733215332 -3.000000476837158
    endloop
  endfacet
  facet normal 0 0 -1
    outer loop
      vertex -40.337257385253906 -51.099998474121094 -3.200000286102295
      vertex -40.106632232666016 -50.8693733215332 -3.200000286102295
      vertex -39.953155517578125 -50.971923828125 -3.200000286102295
    endloop
  endfacet
  facet normal -0.7071067811865476 0.7071067811865476 0
    outer loop
      vertex -40.337257385253906 -51.099998474121094 -3.200000286102295
      vertex -40.106632232666016 -50.8693733215332 -3.000000476837158
      vertex -40.106632232666016 -50.8693733215332 -3.200000286102295
    endloop
  endfacet
  facet normal 0 0 -1
    outer loop
      vertex -40.337257385253906 -51.099998474121094 -3.200000286102295
      vertex -39.953155517578125 -50.971923828125 -3.200000286102295
      vertex -39.68017578125 -51.08499526977539 -3.200000286102295
    endloop
  endfacet
  facet normal 0 0 -1
    outer loop
      vertex -40.337257385253906 -51.099998474121094 -3.200000286102295
      vertex -39.68017578125 -51.08499526977539 -3.200000286102295
      vertex -39.6047477722168 -51.099998474121094 -3.200000286102295
    endloop
  endfacet
  facet normal 0 1 0
    outer loop
      vertex -40.337257385253906 -51.099998474121094 -3.200000286102295
      vertex -39.6047477722168 -51.099998474121094 -3.200000286102295
      vertex -39.6047477722168 -51.099998474121094 -3.59999942779541
    endloop
  endfacet
  facet normal 0 0 -1
    outer loop
      vertex -40.337257385253906 -51.099998474121094 -3.000000476837158
      vertex -40.24211502075195 -50.91790008544922 -3.000000476837158
      vertex -40.106632232666016 -50.8693733215332 -3.000000476837158
    endloop
  endfacet
  facet normal -0.7071067811865476 -0.7071067811865476 0
    outer loop
      vertex -40.337257385253906 -47.900001525878906 -3.200000286102295
      vertex -39.98006057739258 -48.257198333740234 -3.000000476837158
      vertex -40.337257385253906 -47.900001525878906 -3.000000476837158
    endloop
  endfacet
  facet normal -0.7071067811865475 -0.7071067811865475 0
    outer loop
      vertex -40.337257385253906 -47.900001525878906 -3.200000286102295
      vertex -39.97929000854492 -48.25796890258789 -3.200000286102295
      vertex -39.98006057739258 -48.257198333740234 -3.000000476837158
    endloop
  endfacet
  facet normal 0 -1 0
    outer loop
      vertex -40.337257385253906 -47.900001525878906 -3.200000286102295
      vertex -39.62132263183594 -47.900001525878906 -3.59999942779541
      vertex -39.62132263183594 -47.900001525878906 -3.200000286102295
    endloop
  endfacet
  facet normal 0 0 -1
    outer loop
      vertex -40.337257385253906 -47.900001525878906 -3.200000286102295
      vertex -39.62132263183594 -47.900001525878906 -3.200000286102295
      vertex -39.97929000854492 -48.25796890258789 -3.200000286102295
    endloop
  endfacet
  facet normal 0 0 -1
    outer loop
      vertex -40.337257385253906 -47.900001525878906 -3.000000476837158
      vertex -39.98006057739258 -48.257198333740234 -3.000000476837158
      vertex -40.24211502075195 -48.08209991455078 -3.000000476837158
    endloop
  endfacet
  facet normal -0.5555721569141947 0.8314683267940574 0
    outer loop
      vertex -40.24211502075195 -50.91790008544922 -3.000000476837158
      vertex -40.24211502075195 -50.91790008544922 -0.6000000238418579
      vertex -40.1380615234375 -50.84837341308594 -3.000000476837158
    endloop
  endfacet
  facet normal 0 0 -1
    outer loop
      vertex -40.24211502075195 -50.91790008544922 -3.000000476837158
      vertex -40.1380615234375 -50.84837341308594 -3.000000476837158
      vertex -40.106632232666016 -50.8693733215332 -3.000000476837158
    endloop
  endfacet
  facet normal -0.5555721569141947 0.8314683267940574 0
    outer loop
      vertex -40.24211502075195 -50.91790008544922 -0.6000000238418579
      vertex -40.1380615234375 -50.84837341308594 -0.6000000238418579
      vertex -40.1380615234375 -50.84837341308594 -3.000000476837158
    endloop
  endfacet
  facet normal 0 0 1
    outer loop
      vertex -40.24211502075195 -50.91790008544922 -0.6000000238418579
      vertex -39.953155517578125 -50.971923828125 -0.6000000238418579
      vertex -40.1380615234375 -50.84837341308594 -0.6000000238418579
    endloop
  endfacet
  facet normal -0.5555685618925175 -0.8314707289115353 0
    outer loop
      vertex -40.24211502075195 -48.08209991455078 -3.000000476837158
      vertex -39.98006057739258 -48.257198333740234 -3.000000476837158
      vertex -39.98006057739258 -48.257198333740234 -0.6000000238418579
    endloop
  endfacet
  facet normal -0.5555685618925175 -0.8314707289115353 0
    outer loop
      vertex -40.24211502075195 -48.08209991455078 -3.000000476837158
      vertex -39.98006057739258 -48.257198333740234 -0.6000000238418579
      vertex -40.24211502075195 -48.08209991455078 -0.6000000238418579
    endloop
  endfacet
  facet normal 0 0 1
    outer loop
      vertex -40.24211502075195 -48.08209991455078 -0.6000000238418579
      vertex -39.98006057739258 -48.257198333740234 -0.6000000238418579
      vertex -37.12132263183594 -45.400001525878906 -0.6000000238418579
    endloop
  endfacet
  facet normal -0.5555791135139693 -0.8314636784773175 0
    outer loop
      vertex -40.19883346557617 -50.80776596069336 -3.59999942779541
      vertex -40.1380615234375 -50.84837341308594 -3.000000476837158
      vertex -40.19883346557617 -50.80776596069336 -0.5999994277954102
    endloop
  endfacet
  facet normal -0.5555684614358612 -0.8314707960327617 -0.0000015606248424238945
    outer loop
      vertex -40.19883346557617 -50.80776596069336 -3.59999942779541
      vertex -40.106632232666016 -50.8693733215332 -3.200000286102295
      vertex -40.1380615234375 -50.84837341308594 -3.000000476837158
    endloop
  endfacet
  facet normal -0.5555728319600914 -0.8314678757401475 -1.0342360728214624e-7
    outer loop
      vertex -40.19883346557617 -50.80776596069336 -3.59999942779541
      vertex -39.953155517578125 -50.971923828125 -3.59999942779541
      vertex -40.106632232666016 -50.8693733215332 -3.200000286102295
    endloop
  endfacet
  facet normal 0 0 -1
    outer loop
      vertex -40.19883346557617 -50.80776596069336 -3.59999942779541
      vertex -39.6047477722168 -51.099998474121094 -3.59999942779541
      vertex -39.953155517578125 -50.971923828125 -3.59999942779541
    endloop
  endfacet
  facet normal 0 0 -1
    outer loop
      vertex -40.19883346557617 -50.80776596069336 -3.59999942779541
      vertex -37.900001525878906 -49.805320739746094 -3.59999942779541
      vertex -39.6047477722168 -51.099998474121094 -3.59999942779541
    endloop
  endfacet
  facet normal -0.5555791135139693 -0.8314636784773175 0
    outer loop
      vertex -40.19883346557617 -50.80776596069336 -0.5999994277954102
      vertex -40.1380615234375 -50.84837341308594 -3.000000476837158
      vertex -40.1380615234375 -50.84837341308594 -0.6000000238418579
    endloop
  endfacet
  facet normal -0.40755947322179137 -0.609951728996422 0.6795985315474505
    outer loop
      vertex -40.19883346557617 -50.80776596069336 -0.5999994277954102
      vertex -40.1380615234375 -50.84837341308594 -0.6000000238418579
      vertex -39.953155517578125 -50.971923828125 -0.5999994277954102
    endloop
  endfacet
  facet normal -0.5555615956371337 -0.8314753835521062 0
    outer loop
      vertex -40.1380615234375 -50.84837341308594 -3.000000476837158
      vertex -40.106632232666016 -50.8693733215332 -3.200000286102295
      vertex -40.106632232666016 -50.8693733215332 -3.000000476837158
    endloop
  endfacet
  facet normal -0.5555707674188834 -0.8314692552281129 0
    outer loop
      vertex -40.1380615234375 -50.84837341308594 -0.6000000238418579
      vertex -39.953155517578125 -50.971923828125 -0.6000000238418579
      vertex -39.953155517578125 -50.971923828125 -0.5999994277954102
    endloop
  endfacet
  facet normal -0.5555726456109974 -0.8314680002554499 0
    outer loop
      vertex -40.106632232666016 -50.8693733215332 -3.200000286102295
      vertex -39.953155517578125 -50.971923828125 -3.59999942779541
      vertex -39.953155517578125 -50.971923828125 -3.200000286102295
    endloop
  endfacet
  facet normal -0.3826841139906981 0.9238792501724208 0
    outer loop
      vertex -40.09576416015625 -52.48086929321289 -11.899999618530273
      vertex -40.09576416015625 -52.48086929321289 -3.5999999046325684
      vertex -39.53160095214844 -52.24718475341797 -11.899999618530273
    endloop
  endfacet
  facet normal 0 0 -1
    outer loop
      vertex -40.09576416015625 -52.48086929321289 -11.899999618530273
      vertex -39.53160095214844 -52.24718475341797 -11.899999618530273
      vertex -39.804073333740234 -53.442440032958984 -11.899999618530273
    endloop
  endfacet
  facet normal -0.3826841139906981 0.9238792501724208 0
    outer loop
      vertex -40.09576416015625 -52.48086929321289 -3.5999999046325684
      vertex -39.53160095214844 -52.24718475341797 -3.5999999046325684
      vertex -39.53160095214844 -52.24718475341797 -11.899999618530273
    endloop
  endfacet
  facet normal 0 0 -1
    outer loop
      vertex -40.09576416015625 -52.48086929321289 -3.5999999046325684
      vertex -38.34074783325195 -51.099998474121094 -3.5999999046325684
      vertex -39.53160095214844 -52.24718475341797 -3.5999999046325684
    endloop
  endfacet
  facet normal 0 0 -1
    outer loop
      vertex -40.09576416015625 -46.51913070678711 -11.899999618530273
      vertex -39.804073333740234 -45.557559967041016 -11.899999618530273
      vertex -39.53160095214844 -46.75281524658203 -11.899999618530273
    endloop
  endfacet
  facet normal -0.3826841139906981 -0.9238792501724208 0
    outer loop
      vertex -40.09576416015625 -46.51913070678711 -11.899999618530273
      vertex -39.53160095214844 -46.75281524658203 -11.899999618530273
      vertex -39.53160095214844 -46.75281524658203 -3.5999999046325684
    endloop
  endfacet
  facet normal -0.3826841139906981 -0.9238792501724208 0
    outer loop
      vertex -40.09576416015625 -46.51913070678711 -11.899999618530273
      vertex -39.53160095214844 -46.75281524658203 -3.5999999046325684
      vertex -40.09576416015625 -46.51913070678711 -3.5999999046325684
    endloop
  endfacet
  facet normal 0 0 -1
    outer loop
      vertex -40.09576416015625 -46.51913070678711 -3.5999999046325684
      vertex -39.53160095214844 -46.75281524658203 -3.5999999046325684
      vertex -38.34074783325195 -47.900001525878906 -3.5999999046325684
    endloop
  endfacet
  facet normal -0.7071067811865475 -0.7071067811865475 0
    outer loop
      vertex -39.98006057739258 -48.257198333740234 -3.000000476837158
      vertex -39.97929000854492 -48.25796890258789 -3.200000286102295
      vertex -39.97929000854492 -48.25796890258789 -0.6000000238418579
    endloop
  endfacet
  facet normal -0.7071067811865476 -0.7071067811865476 0
    outer loop
      vertex -39.98006057739258 -48.257198333740234 -3.000000476837158
      vertex -39.97929000854492 -48.25796890258789 -0.6000000238418579
      vertex -39.98006057739258 -48.257198333740234 -0.6000000238418579
    endloop
  endfacet
  facet normal 0 0 1
    outer loop
      vertex -39.98006057739258 -48.257198333740234 -0.6000000238418579
      vertex -39.97929000854492 -48.25796890258789 -0.6000000238418579
      vertex -37.12132263183594 -45.400001525878906 -0.6000000238418579
    endloop
  endfacet
  facet normal -0.7071067811865476 0.7071067811865476 0
    outer loop
      vertex -39.97929000854492 -48.25796890258789 -3.200000286102295
      vertex -39.62132263183594 -47.900001525878906 -3.200000286102295
      vertex -39.62132263183594 -47.900001525878906 -3.59999942779541
    endloop
  endfacet
  facet normal -0.7071067811865476 0.7071067811865476 0
    outer loop
      vertex -39.97929000854492 -48.25796890258789 -0.6000000238418579
      vertex -29.59223175048828 -37.87091064453125 -0.5999994277954102
      vertex -37.12132263183594 -45.400001525878906 -0.6000000238418579
    endloop
  endfacet
  facet normal -0.3826820821740974 -0.9238800917775516 0
    outer loop
      vertex -39.953155517578125 -50.971923828125 -3.59999942779541
      vertex -39.68017578125 -51.08499526977539 -3.59999942779541
      vertex -39.68017578125 -51.08499526977539 -3.200000286102295
    endloop
  endfacet
  facet normal -0.3826820821740974 -0.9238800917775516 0
    outer loop
      vertex -39.953155517578125 -50.971923828125 -3.59999942779541
      vertex -39.68017578125 -51.08499526977539 -3.200000286102295
      vertex -39.953155517578125 -50.971923828125 -3.200000286102295
    endloop
  endfacet
  facet normal 0 0 -1
    outer loop
      vertex -39.953155517578125 -50.971923828125 -3.59999942779541
      vertex -39.6047477722168 -51.099998474121094 -3.59999942779541
      vertex -39.68017578125 -51.08499526977539 -3.59999942779541
    endloop
  endfacet
  facet normal -0.3826820821740974 -0.9238800917775517 0
    outer loop
      vertex -39.953155517578125 -50.971923828125 -0.6000000238418579
      vertex -39.68017578125 -51.08499526977539 -0.6000000238418579
      vertex -39.68017578125 -51.08499526977539 -0.5999994277954102
    endloop
  endfacet
  facet normal -0.3826820821740974 -0.9238800917775517 0
    outer loop
      vertex -39.953155517578125 -50.971923828125 -0.6000000238418579
      vertex -39.68017578125 -51.08499526977539 -0.5999994277954102
      vertex -39.953155517578125 -50.971923828125 -0.5999994277954102
    endloop
  endfacet
  facet normal 0 0 -1
    outer loop
      vertex -39.804073333740234 -53.442440032958984 -11.899999618530273
      vertex -39.53160095214844 -52.24718475341797 -11.899999618530273
      vertex -39.05792236328125 -53.13337326049805 -11.899999618530273
    endloop
  endfacet
  facet normal 0.37660726563901176 -0.9092076592412375 -0.1775060557980393
    outer loop
      vertex -39.804073333740234 -53.442440032958984 -11.899999618530273
      vertex -39.05792236328125 -53.13337326049805 -11.899999618530273
      vertex -35.70831298828125 -53.56156921386719 -2.5999999046325684
    endloop
  endfacet
  facet normal 0 0 -1
    outer loop
      vertex -39.804073333740234 -45.557559967041016 -11.899999618530273
      vertex -39.05792236328125 -45.86662673950195 -11.899999618530273
      vertex -39.53160095214844 -46.75281524658203 -11.899999618530273
    endloop
  endfacet
  facet normal 0.19413793525561102 0.976066610760478 -0.09800221147118021
    outer loop
      vertex -39.804073333740234 -45.557559967041016 -11.899999618530273
      vertex -36.233890533447266 -45.43429946899414 -3.59999942779541
      vertex -36.14871597290039 -45.45124053955078 -3.59999942779541
    endloop
  endfacet
  facet normal 0.37660726337239736 0.9092076537691626 -0.17750608863565295
    outer loop
      vertex -39.804073333740234 -45.557559967041016 -11.899999618530273
      vertex -36.14871597290039 -45.45124053955078 -3.59999942779541
      vertex -39.05792236328125 -45.86662673950195 -11.899999618530273
    endloop
  endfacet
  facet normal -0.19508582539770455 -0.9807861748255307 0
    outer loop
      vertex -39.68017578125 -51.08499526977539 -3.59999942779541
      vertex -39.6047477722168 -51.099998474121094 -3.59999942779541
      vertex -39.6047477722168 -51.099998474121094 -3.200000286102295
    endloop
  endfacet
  facet normal -0.19508582539770455 -0.9807861748255307 0
    outer loop
      vertex -39.68017578125 -51.08499526977539 -3.59999942779541
      vertex -39.6047477722168 -51.099998474121094 -3.200000286102295
      vertex -39.68017578125 -51.08499526977539 -3.200000286102295
    endloop
  endfacet
  facet normal -0.19508816561708436 -0.9807857093352049 0
    outer loop
      vertex -39.68017578125 -51.08499526977539 -0.6000000238418579
      vertex -39.390377044677734 -51.14263916015625 -0.6000000238418579
      vertex -39.390377044677734 -51.14263916015625 -0.5999994277954102
    endloop
  endfacet
  facet normal -0.19508816561708436 -0.9807857093352049 0
    outer loop
      vertex -39.68017578125 -51.08499526977539 -0.6000000238418579
      vertex -39.390377044677734 -51.14263916015625 -0.5999994277954102
      vertex -39.68017578125 -51.08499526977539 -0.5999994277954102
    endloop
  endfacet
  facet normal 0 -1 0
    outer loop
      vertex -39.62132263183594 -47.900001525878906 -3.59999942779541
      vertex -38.34074783325195 -47.900001525878906 -3.5999999046325684
      vertex -38.34074783325195 -47.900001525878906 -3.59999942779541
    endloop
  endfacet
  facet normal 0 0 -1
    outer loop
      vertex -39.62132263183594 -47.900001525878906 -3.59999942779541
      vertex -38.34074783325195 -47.900001525878906 -3.59999942779541
      vertex -38.25281524658203 -48.03160095214844 -3.59999942779541
    endloop
  endfacet
  facet normal 0 0 -1
    outer loop
      vertex -39.62132263183594 -47.900001525878906 -3.59999942779541
      vertex -38.25281524658203 -48.03160095214844 -3.59999942779541
      vertex -38.01913070678711 -48.59576416015625 -3.59999942779541
    endloop
  endfacet
  facet normal 0 1 0
    outer loop
      vertex -39.6047477722168 -51.099998474121094 -3.59999942779541
      vertex -38.880531311035156 -51.099998474121094 -3.59999942779541
      vertex -38.34074783325195 -51.099998474121094 -3.5999999046325684
    endloop
  endfacet
  facet normal 0 0 -1
    outer loop
      vertex -39.6047477722168 -51.099998474121094 -3.59999942779541
      vertex -37.900001525878906 -49.805320739746094 -3.59999942779541
      vertex -38.880531311035156 -51.099998474121094 -3.59999942779541
    endloop
  endfacet
  facet normal -0.5555677423411671 0.8314712765152736 0
    outer loop
      vertex -39.53160095214844 -52.24718475341797 -11.899999618530273
      vertex -39.53160095214844 -52.24718475341797 -3.5999999046325684
      vertex -39.02386474609375 -51.907928466796875 -11.899999618530273
    endloop
  endfacet
  facet normal 0 0 -1
    outer loop
      vertex -39.53160095214844 -52.24718475341797 -11.899999618530273
      vertex -39.02386474609375 -51.907928466796875 -11.899999618530273
      vertex -39.05792236328125 -53.13337326049805 -11.899999618530273
    endloop
  endfacet
  facet normal -0.5555677423411671 0.8314712765152736 0
    outer loop
      vertex -39.53160095214844 -52.24718475341797 -3.5999999046325684
      vertex -39.02386474609375 -51.907928466796875 -3.5999999046325684
      vertex -39.02386474609375 -51.907928466796875 -11.899999618530273
    endloop
  endfacet
  facet normal 0 0 -1
    outer loop
      vertex -39.53160095214844 -52.24718475341797 -3.5999999046325684
      vertex -38.34074783325195 -51.099998474121094 -3.5999999046325684
      vertex -39.02386474609375 -51.907928466796875 -3.5999999046325684
    endloop
  endfacet
  facet normal 0 0 -1
    outer loop
      vertex -39.53160095214844 -46.75281524658203 -11.899999618530273
      vertex -39.05792236328125 -45.86662673950195 -11.899999618530273
      vertex -39.02386474609375 -47.092071533203125 -11.899999618530273
    endloop
  endfacet
  facet normal -0.5555677423411671 -0.8314712765152736 0
    outer loop
      vertex -39.53160095214844 -46.75281524658203 -11.899999618530273
      vertex -39.02386474609375 -47.092071533203125 -11.899999618530273
      vertex -39.02386474609375 -47.092071533203125 -3.5999999046325684
    endloop
  endfacet
  facet normal -0.5555677423411671 -0.8314712765152736 0
    outer loop
      vertex -39.53160095214844 -46.75281524658203 -11.899999618530273
      vertex -39.02386474609375 -47.092071533203125 -3.5999999046325684
      vertex -39.53160095214844 -46.75281524658203 -3.5999999046325684
    endloop
  endfacet
  facet normal 0 0 -1
    outer loop
      vertex -39.53160095214844 -46.75281524658203 -3.5999999046325684
      vertex -39.02386474609375 -47.092071533203125 -3.5999999046325684
      vertex -38.34074783325195 -47.900001525878906 -3.5999999046325684
    endloop
  endfacet
  facet normal 0.9807847990848092 0.19509274175163574 0
    outer loop
      vertex -39.40685272216797 -36.476951599121094 -8.899999618530273
      vertex -39.40685272216797 -36.476951599121094 -1.8999996185302734
      vertex -39.28195571899414 -37.10484313964844 -1.8999996185302734
    endloop
  endfacet
  facet normal 1 0 0
    outer loop
      vertex -39.40685272216797 -36.476951599121094 -8.899999618530273
      vertex -39.40685272216797 -35.83675765991211 -8.899999618530273
      vertex -39.40685272216797 -36.476951599121094 -1.8999996185302734
    endloop
  endfacet
  facet normal 0 0 1
    outer loop
      vertex -39.40685272216797 -36.476951599121094 -8.899999618530273
      vertex -39.28195571899414 -37.10484313964844 -8.899999618530273
      vertex -37.90685272216797 -36.3292121887207 -8.899999618530273
    endloop
  endfacet
  facet normal 0.9807847990848092 0.19509274175163574 0
    outer loop
      vertex -39.40685272216797 -36.476951599121094 -8.899999618530273
      vertex -39.28195571899414 -37.10484313964844 -1.8999996185302734
      vertex -39.28195571899414 -37.10484313964844 -8.899999618530273
    endloop
  endfacet
  facet normal 0 0 1
    outer loop
      vertex -39.40685272216797 -36.476951599121094 -8.899999618530273
      vertex -37.90685272216797 -36.3292121887207 -8.899999618530273
      vertex -37.90685272216797 -35.984493255615234 -8.899999618530273
    endloop
  endfacet
  facet normal 0 0 1
    outer loop
      vertex -39.40685272216797 -36.476951599121094 -8.899999618530273
      vertex -37.90685272216797 -35.984493255615234 -8.899999618530273
      vertex -39.40685272216797 -35.83675765991211 -8.899999618530273
    endloop
  endfacet
  facet normal 1 0 0
    outer loop
      vertex -39.40685272216797 -36.476951599121094 -1.8999996185302734
      vertex -39.40685272216797 -35.83675765991211 -8.899999618530273
      vertex -39.40685272216797 -35.83675765991211 -1.8999996185302734
    endloop
  endfacet
  facet normal 0.9807847990848092 -0.19509274175163574 0
    outer loop
      vertex -39.40685272216797 -35.83675765991211 -8.899999618530273
      vertex -39.28195571899414 -35.208866119384766 -8.899999618530273
      vertex -39.40685272216797 -35.83675765991211 -1.8999996185302734
    endloop
  endfacet
  facet normal 0 0 1
    outer loop
      vertex -39.40685272216797 -35.83675765991211 -8.899999618530273
      vertex -37.90685272216797 -35.984493255615234 -8.899999618530273
      vertex -39.28195571899414 -35.208866119384766 -8.899999618530273
    endloop
  endfacet
  facet normal 0.9807847990848092 -0.19509274175163574 0
    outer loop
      vertex -39.40685272216797 -35.83675765991211 -1.8999996185302734
      vertex -39.28195571899414 -35.208866119384766 -8.899999618530273
      vertex -39.28195571899414 -35.208866119384766 -1.8999996185302734
    endloop
  endfacet
  facet normal 0 0 1
    outer loop
      vertex -39.40685272216797 -35.83675765991211 -1.8999996185302734
      vertex -39.28195571899414 -35.208866119384766 -1.8999996185302734
      vertex -39.40685272216797 -25.163244247436523 -1.8999996185302734
    endloop
  endfacet
  facet normal 0.9807847990848092 0.19509274175163574 0
    outer loop
      vertex -39.40685272216797 -25.163244247436523 -8.899999618530273
      vertex -39.40685272216797 -25.163244247436523 -1.8999996185302734
      vertex -39.28195571899414 -25.791135787963867 -1.8999996185302734
    endloop
  endfacet
  facet normal 1 0 0
    outer loop
      vertex -39.40685272216797 -25.163244247436523 -8.899999618530273
      vertex -39.40685272216797 -24.523048400878906 -8.899999618530273
      vertex -39.40685272216797 -25.163244247436523 -1.8999996185302734
    endloop
  endfacet
  facet normal 0 0 1
    outer loop
      vertex -39.40685272216797 -25.163244247436523 -8.899999618530273
      vertex -39.28195571899414 -25.791135787963867 -8.899999618530273
      vertex -37.839603424072266 -25.353601455688477 -8.899999618530273
    endloop
  endfacet
  facet normal 0.9807847990848092 0.19509274175163574 0
    outer loop
      vertex -39.40685272216797 -25.163244247436523 -8.899999618530273
      vertex -39.28195571899414 -25.791135787963867 -1.8999996185302734
      vertex -39.28195571899414 -25.791135787963867 -8.899999618530273
    endloop
  endfacet
  facet normal 0 0 1
    outer loop
      vertex -39.40685272216797 -25.163244247436523 -8.899999618530273
      vertex -37.90685272216797 -25.015504837036133 -8.899999618530273
      vertex -39.40685272216797 -24.523048400878906 -8.899999618530273
    endloop
  endfacet
  facet normal 0 0 1
    outer loop
      vertex -39.40685272216797 -25.163244247436523 -8.899999618530273
      vertex -37.839603424072266 -25.353601455688477 -8.899999618530273
      vertex -37.90685272216797 -25.015504837036133 -8.899999618530273
    endloop
  endfacet
  facet normal 1 0 0
    outer loop
      vertex -39.40685272216797 -25.163244247436523 -1.8999996185302734
      vertex -39.40685272216797 -24.523048400878906 -8.899999618530273
      vertex -39.40685272216797 -24.523048400878906 -1.8999996185302734
    endloop
  endfacet
  facet normal 0 0 1
    outer loop
      vertex -39.40685272216797 -25.163244247436523 -1.8999996185302734
      vertex -39.28195571899414 -35.208866119384766 -1.8999996185302734
      vertex -39.28195571899414 -25.791135787963867 -1.8999996185302734
    endloop
  endfacet
  facet normal 0.9807849124812693 -0.19509217167561818 0
    outer loop
      vertex -39.40685272216797 -24.523048400878906 -8.899999618530273
      vertex -39.28195571899414 -23.89515495300293 -8.899999618530273
      vertex -39.40685272216797 -24.523048400878906 -1.8999996185302734
    endloop
  endfacet
  facet normal 0 0 1
    outer loop
      vertex -39.40685272216797 -24.523048400878906 -8.899999618530273
      vertex -37.90685272216797 -25.015504837036133 -8.899999618530273
      vertex -37.90685272216797 -24.670785903930664 -8.899999618530273
    endloop
  endfacet
  facet normal 0 0 1
    outer loop
      vertex -39.40685272216797 -24.523048400878906 -8.899999618530273
      vertex -37.90685272216797 -24.670785903930664 -8.899999618530273
      vertex -39.28195571899414 -23.89515495300293 -8.899999618530273
    endloop
  endfacet
  facet normal 0.9807849124812693 -0.19509217167561818 0
    outer loop
      vertex -39.40685272216797 -24.523048400878906 -1.8999996185302734
      vertex -39.28195571899414 -23.89515495300293 -8.899999618530273
      vertex -39.28195571899414 -23.89515495300293 -1.8999996185302734
    endloop
  endfacet
  facet normal 0 -1 0
    outer loop
      vertex -39.390377044677734 -51.14263916015625 -0.6000000238418579
      vertex -39.09490203857422 -51.14263916015625 -0.6000000238418579
      vertex -39.09490203857422 -51.14263916015625 -0.5999994277954102
    endloop
  endfacet
  facet normal 0 -1 0
    outer loop
      vertex -39.390377044677734 -51.14263916015625 -0.6000000238418579
      vertex -39.09490203857422 -51.14263916015625 -0.5999994277954102
      vertex -39.390377044677734 -51.14263916015625 -0.5999994277954102
    endloop
  endfacet
  facet normal 0 0 1
    outer loop
      vertex -39.390377044677734 -51.14263916015625 -0.6000000238418579
      vertex -35.90150833129883 -53.599998474121094 -0.6000000238418579
      vertex -39.09490203857422 -51.14263916015625 -0.6000000238418579
    endloop
  endfacet
  facet normal 0.9238803723061353 0.38268140491468455 0
    outer loop
      vertex -39.28195571899414 -37.10484313964844 -8.899999618530273
      vertex -39.28195571899414 -37.10484313964844 -1.8999996185302734
      vertex -39.036964416503906 -37.69630813598633 -1.8999996185302734
    endloop
  endfacet
  facet normal 0 0 1
    outer loop
      vertex -39.28195571899414 -37.10484313964844 -8.899999618530273
      vertex -39.036964416503906 -37.69630813598633 -8.899999618530273
      vertex -37.90685272216797 -36.3292121887207 -8.899999618530273
    endloop
  endfacet
  facet normal 0.9238803723061353 0.38268140491468455 0
    outer loop
      vertex -39.28195571899414 -37.10484313964844 -8.899999618530273
      vertex -39.036964416503906 -37.69630813598633 -1.8999996185302734
      vertex -39.036964416503906 -37.69630813598633 -8.899999618530273
    endloop
  endfacet
  facet normal 0.9238803723061353 -0.38268140491468455 0
    outer loop
      vertex -39.28195571899414 -35.208866119384766 -8.899999618530273
      vertex -39.036964416503906 -34.617401123046875 -8.899999618530273
      vertex -39.28195571899414 -35.208866119384766 -1.8999996185302734
    endloop
  endfacet
  facet normal 0 0 1
    outer loop
      vertex -39.28195571899414 -35.208866119384766 -8.899999618530273
      vertex -37.90685272216797 -35.984493255615234 -8.899999618530273
      vertex -37.839603424072266 -35.646400451660156 -8.899999618530273
    endloop
  endfacet
  facet normal 0 0 1
    outer loop
      vertex -39.28195571899414 -35.208866119384766 -8.899999618530273
      vertex -37.839603424072266 -35.646400451660156 -8.899999618530273
      vertex -39.036964416503906 -34.617401123046875 -8.899999618530273
    endloop
  endfacet
  facet normal 0.9238803723061353 -0.38268140491468455 0
    outer loop
      vertex -39.28195571899414 -35.208866119384766 -1.8999996185302734
      vertex -39.036964416503906 -34.617401123046875 -8.899999618530273
      vertex -39.036964416503906 -34.617401123046875 -1.8999996185302734
    endloop
  endfacet
  facet normal 0 0 1
    outer loop
      vertex -39.28195571899414 -35.208866119384766 -1.8999996185302734
      vertex -39.036964416503906 -34.617401123046875 -1.8999996185302734
      vertex -39.28195571899414 -25.791135787963867 -1.8999996185302734
    endloop
  endfacet
  facet normal 0.9238799359980231 0.38268245826048647 0
    outer loop
      vertex -39.28195571899414 -25.791135787963867 -8.899999618530273
      vertex -39.28195571899414 -25.791135787963867 -1.8999996185302734
      vertex -39.036964416503906 -26.382598876953125 -1.8999996185302734
    endloop
  endfacet
  facet normal 0 0 1
    outer loop
      vertex -39.28195571899414 -25.791135787963867 -8.899999618530273
      vertex -39.036964416503906 -26.382598876953125 -8.899999618530273
      vertex -37.839603424072266 -25.353601455688477 -8.899999618530273
    endloop
  endfacet
  facet normal 0.9238799359980231 0.38268245826048647 0
    outer loop
      vertex -39.28195571899414 -25.791135787963867 -8.899999618530273
      vertex -39.036964416503906 -26.382598876953125 -1.8999996185302734
      vertex -39.036964416503906 -26.382598876953125 -8.899999618530273
    endloop
  endfacet
  facet normal 0 0 1
    outer loop
      vertex -39.28195571899414 -25.791135787963867 -1.8999996185302734
      vertex -39.036964416503906 -34.617401123046875 -1.8999996185302734
      vertex -39.036964416503906 -26.382598876953125 -1.8999996185302734
    endloop
  endfacet
  facet normal 0.9238794996863078 -0.3826835116115896 0
    outer loop
      vertex -39.28195571899414 -23.89515495300293 -8.899999618530273
      vertex -39.036964416503906 -23.303693771362305 -8.899999618530273
      vertex -39.28195571899414 -23.89515495300293 -1.8999996185302734
    endloop
  endfacet
  facet normal 0 0 1
    outer loop
      vertex -39.28195571899414 -23.89515495300293 -8.899999618530273
      vertex -37.90685272216797 -24.670785903930664 -8.899999618530273
      vertex -37.839603424072266 -24.33268928527832 -8.899999618530273
    endloop
  endfacet
  facet normal 0 0 1
    outer loop
      vertex -39.28195571899414 -23.89515495300293 -8.899999618530273
      vertex -37.839603424072266 -24.33268928527832 -8.899999618530273
      vertex -39.036964416503906 -23.303693771362305 -8.899999618530273
    endloop
  endfacet
  facet normal 0.9238794996863078 -0.3826835116115896 0
    outer loop
      vertex -39.28195571899414 -23.89515495300293 -1.8999996185302734
      vertex -39.036964416503906 -23.303693771362305 -8.899999618530273
      vertex -39.036964416503906 -23.303693771362305 -1.8999996185302734
    endloop
  endfacet
  facet normal 0.19509063590835896 -0.9807852179661315 0
    outer loop
      vertex -39.09490203857422 -51.14263916015625 -0.6000000238418579
      vertex -38.80510711669922 -51.08499526977539 -0.6000000238418579
      vertex -38.80510711669922 -51.08499526977539 -0.5999994277954102
    endloop
  endfacet
  facet normal 0.19509063590835896 -0.9807852179661315 0
    outer loop
      vertex -39.09490203857422 -51.14263916015625 -0.6000000238418579
      vertex -38.80510711669922 -51.08499526977539 -0.5999994277954102
      vertex -39.09490203857422 -51.14263916015625 -0.5999994277954102
    endloop
  endfacet
  facet normal 0 0 1
    outer loop
      vertex -39.09490203857422 -51.14263916015625 -0.6000000238418579
      vertex -35.90150833129883 -53.599998474121094 -0.6000000238418579
      vertex -38.80510711669922 -51.08499526977539 -0.6000000238418579
    endloop
  endfacet
  facet normal 0 0 -1
    outer loop
      vertex -39.05792236328125 -53.13337326049805 -11.899999618530273
      vertex -39.02386474609375 -51.907928466796875 -11.899999618530273
      vertex -38.38640213012695 -52.68467712402344 -11.899999618530273
    endloop
  endfacet
  facet normal 0.5399200575393859 -0.8080462777598412 -0.23568526569374632
    outer loop
      vertex -39.05792236328125 -53.13337326049805 -11.899999618530273
      vertex -38.38640213012695 -52.68467712402344 -11.899999618530273
      vertex -35.3625373840332 -53.37675094604492 -2.5999999046325684
    endloop
  endfacet
  facet normal 0.3766015507893481 -0.9092104035756399 -0.17750412381936434
    outer loop
      vertex -39.05792236328125 -53.13337326049805 -11.899999618530273
      vertex -35.52632141113281 -53.48618698120117 -2.5999999046325684
      vertex -35.70831298828125 -53.56156921386719 -2.5999999046325684
    endloop
  endfacet
  facet normal 0.539916440300946 -0.8080490924540266 -0.2356839020318935
    outer loop
      vertex -39.05792236328125 -53.13337326049805 -11.899999618530273
      vertex -35.3625373840332 -53.37675094604492 -2.5999999046325684
      vertex -35.52632141113281 -53.48618698120117 -2.5999999046325684
    endloop
  endfacet
  facet normal 0 0 -1
    outer loop
      vertex -39.05792236328125 -45.86662673950195 -11.899999618530273
      vertex -38.38640213012695 -46.31532287597656 -11.899999618530273
      vertex -39.02386474609375 -47.092071533203125 -11.899999618530273
    endloop
  endfacet
  facet normal 0.37661572165782375 0.909203610870908 -0.17750885098906793
    outer loop
      vertex -39.05792236328125 -45.86662673950195 -11.899999618530273
      vertex -36.14871597290039 -45.45124053955078 -3.59999942779541
      vertex -36.068485260009766 -45.484474182128906 -3.59999942779541
    endloop
  endfacet
  facet normal 0.3765994755702363 0.9092114124988389 -0.17750335879100723
    outer loop
      vertex -39.05792236328125 -45.86662673950195 -11.899999618530273
      vertex -36.068485260009766 -45.484474182128906 -3.59999942779541
      vertex -35.906063079833984 -45.55175018310547 -3.59999942779541
    endloop
  endfacet
  facet normal 0.5399157997092418 0.8080495884567717 -0.23568366897002413
    outer loop
      vertex -39.05792236328125 -45.86662673950195 -11.899999618530273
      vertex -35.906063079833984 -45.55175018310547 -3.59999942779541
      vertex -35.759891510009766 -45.649417877197266 -3.59999942779541
    endloop
  endfacet
  facet normal 0.5399200564579765 0.8080462761414 -0.235685273719916
    outer loop
      vertex -39.05792236328125 -45.86662673950195 -11.899999618530273
      vertex -35.759891510009766 -45.649417877197266 -3.59999942779541
      vertex -38.38640213012695 -46.31532287597656 -11.899999618530273
    endloop
  endfacet
  facet normal 0.8314695543794708 0.5555703197075994 0
    outer loop
      vertex -39.036964416503906 -37.69630813598633 -8.899999618530273
      vertex -39.036964416503906 -37.69630813598633 -1.8999996185302734
      vertex -38.68129348754883 -38.228607177734375 -1.8999996185302734
    endloop
  endfacet
  facet normal 0 0 1
    outer loop
      vertex -39.036964416503906 -37.69630813598633 -8.899999618530273
      vertex -38.68129348754883 -38.228607177734375 -8.899999618530273
      vertex -37.90685272216797 -36.3292121887207 -8.899999618530273
    endloop
  endfacet
  facet normal 0.8314695543794708 0.5555703197075994 0
    outer loop
      vertex -39.036964416503906 -37.69630813598633 -8.899999618530273
      vertex -38.68129348754883 -38.228607177734375 -1.8999996185302734
      vertex -38.68129348754883 -38.228607177734375 -8.899999618530273
    endloop
  endfacet
  facet normal 0.8314713935652076 -0.5555675671623854 0
    outer loop
      vertex -39.036964416503906 -34.617401123046875 -8.899999618530273
      vertex -38.68129348754883 -34.08509826660156 -8.899999618530273
      vertex -39.036964416503906 -34.617401123046875 -1.8999996185302734
    endloop
  endfacet
  facet normal 0 0 1
    outer loop
      vertex -39.036964416503906 -34.617401123046875 -8.899999618530273
      vertex -37.839603424072266 -35.646400451660156 -8.899999618530273
      vertex -37.70768356323242 -35.327919006347656 -8.899999618530273
    endloop
  endfacet
  facet normal 0 0 1
    outer loop
      vertex -39.036964416503906 -34.617401123046875 -8.899999618530273
      vertex -37.70768356323242 -35.327919006347656 -8.899999618530273
      vertex -38.68129348754883 -34.08509826660156 -8.899999618530273
    endloop
  endfacet
  facet normal 0.8314713935652076 -0.5555675671623854 0
    outer loop
      vertex -39.036964416503906 -34.617401123046875 -1.8999996185302734
      vertex -38.68129348754883 -34.08509826660156 -8.899999618530273
      vertex -38.68129348754883 -34.08509826660156 -1.8999996185302734
    endloop
  endfacet
  facet normal 0 0 1
    outer loop
      vertex -39.036964416503906 -34.617401123046875 -1.8999996185302734
      vertex -38.68129348754883 -34.08509826660156 -1.8999996185302734
      vertex -39.036964416503906 -26.382598876953125 -1.8999996185302734
    endloop
  endfacet
  facet normal 0.8314704739757562 0.5555689434323441 0
    outer loop
      vertex -39.036964416503906 -26.382598876953125 -8.899999618530273
      vertex -39.036964416503906 -26.382598876953125 -1.8999996185302734
      vertex -38.68129348754883 -26.914899826049805 -1.8999996185302734
    endloop
  endfacet
  facet normal 0 0 1
    outer loop
      vertex -39.036964416503906 -26.382598876953125 -8.899999618530273
      vertex -38.68129348754883 -26.914899826049805 -8.899999618530273
      vertex -37.70768356323242 -25.672080993652344 -8.899999618530273
    endloop
  endfacet
  facet normal 0.8314704739757562 0.5555689434323441 0
    outer loop
      vertex -39.036964416503906 -26.382598876953125 -8.899999618530273
      vertex -38.68129348754883 -26.914899826049805 -1.8999996185302734
      vertex -38.68129348754883 -26.914899826049805 -8.899999618530273
    endloop
  endfacet
  facet normal 0 0 1
    outer loop
      vertex -39.036964416503906 -26.382598876953125 -8.899999618530273
      vertex -37.70768356323242 -25.672080993652344 -8.899999618530273
      vertex -37.839603424072266 -25.353601455688477 -8.899999618530273
    endloop
  endfacet
  facet normal 0 0 1
    outer loop
      vertex -39.036964416503906 -26.382598876953125 -1.8999996185302734
      vertex -38.68129348754883 -34.08509826660156 -1.8999996185302734
      vertex -38.68129348754883 -26.914899826049805 -1.8999996185302734
    endloop
  endfacet
  facet normal 0.8314713935652076 -0.5555675671623854 0
    outer loop
      vertex -39.036964416503906 -23.303693771362305 -8.899999618530273
      vertex -38.68129348754883 -22.771390914916992 -8.899999618530273
      vertex -39.036964416503906 -23.303693771362305 -1.8999996185302734
    endloop
  endfacet
  facet normal 0 0 1
    outer loop
      vertex -39.036964416503906 -23.303693771362305 -8.899999618530273
      vertex -37.839603424072266 -24.33268928527832 -8.899999618530273
      vertex -37.70768356323242 -24.014209747314453 -8.899999618530273
    endloop
  endfacet
  facet normal 0 0 1
    outer loop
      vertex -39.036964416503906 -23.303693771362305 -8.899999618530273
      vertex -37.70768356323242 -24.014209747314453 -8.899999618530273
      vertex -38.68129348754883 -22.771390914916992 -8.899999618530273
    endloop
  endfacet
  facet normal 0.8314713935652076 -0.5555675671623854 0
    outer loop
      vertex -39.036964416503906 -23.303693771362305 -1.8999996185302734
      vertex -38.68129348754883 -22.771390914916992 -8.899999618530273
      vertex -38.68129348754883 -22.771390914916992 -1.8999996185302734
    endloop
  endfacet
  facet normal -0.7071067811865476 0.7071067811865476 0
    outer loop
      vertex -39.02386474609375 -51.907928466796875 -11.899999618530273
      vertex -39.02386474609375 -51.907928466796875 -3.5999999046325684
      vertex -38.592071533203125 -51.47613525390625 -3.5999999046325684
    endloop
  endfacet
  facet normal 0 0 -1
    outer loop
      vertex -39.02386474609375 -51.907928466796875 -11.899999618530273
      vertex -38.592071533203125 -51.47613525390625 -11.899999618530273
      vertex -38.38640213012695 -52.68467712402344 -11.899999618530273
    endloop
  endfacet
  facet normal -0.7071067811865476 0.7071067811865476 0
    outer loop
      vertex -39.02386474609375 -51.907928466796875 -11.899999618530273
      vertex -38.592071533203125 -51.47613525390625 -3.5999999046325684
      vertex -38.592071533203125 -51.47613525390625 -11.899999618530273
    endloop
  endfacet
  facet normal 0 0 -1
    outer loop
      vertex -39.02386474609375 -51.907928466796875 -3.5999999046325684
      vertex -38.34074783325195 -51.099998474121094 -3.5999999046325684
      vertex -38.592071533203125 -51.47613525390625 -3.5999999046325684
    endloop
  endfacet
  facet normal -0.7071067811865476 -0.7071067811865476 0
    outer loop
      vertex -39.02386474609375 -47.092071533203125 -11.899999618530273
      vertex -38.592071533203125 -47.52386474609375 -11.899999618530273
      vertex -39.02386474609375 -47.092071533203125 -3.5999999046325684
    endloop
  endfacet
  facet normal 0 0 -1
    outer loop
      vertex -39.02386474609375 -47.092071533203125 -11.899999618530273
      vertex -38.38640213012695 -46.31532287597656 -11.899999618530273
      vertex -38.592071533203125 -47.52386474609375 -11.899999618530273
    endloop
  endfacet
  facet normal -0.7071067811865476 -0.7071067811865476 0
    outer loop
      vertex -39.02386474609375 -47.092071533203125 -3.5999999046325684
      vertex -38.592071533203125 -47.52386474609375 -11.899999618530273
      vertex -38.592071533203125 -47.52386474609375 -3.5999999046325684
    endloop
  endfacet
  facet normal 0 0 -1
    outer loop
      vertex -39.02386474609375 -47.092071533203125 -3.5999999046325684
      vertex -38.592071533203125 -47.52386474609375 -3.5999999046325684
      vertex -38.34074783325195 -47.900001525878906 -3.5999999046325684
    endloop
  endfacet
  facet normal 0 0 -1
    outer loop
      vertex -38.946380615234375 -40.79194641113281 -11.899999618530273
      vertex -37.51616668701172 -37.27241516113281 -11.899999618530273
      vertex -37.27241516113281 -37.51616668701172 -11.899999618530273
    endloop
  endfacet
  facet normal 0 0 -1
    outer loop
      vertex -38.946380615234375 -40.79194641113281 -11.899999618530273
      vertex -37.27241516113281 -37.51616668701172 -11.899999618530273
      vertex -36.98579025268555 -37.70768356323242 -11.899999618530273
    endloop
  endfacet
  facet normal 0 0 -1
    outer loop
      vertex -38.946380615234375 -40.79194641113281 -11.899999618530273
      vertex -36.98579025268555 -37.70768356323242 -11.899999618530273
      vertex -36.66730880737305 -37.839603424072266 -11.899999618530273
    endloop
  endfacet
  facet normal -0.5555707567458521 -0.8314692623596143 0
    outer loop
      vertex -38.946380615234375 -40.79194641113281 -11.899999618530273
      vertex -36.77622985839844 -42.24199676513672 -11.899999618530273
      vertex -36.77622985839844 -42.24199676513672 -1.8999996185302734
    endloop
  endfacet
  facet normal -0.5555707567458521 -0.8314692623596143 0
    outer loop
      vertex -38.946380615234375 -40.79194641113281 -11.899999618530273
      vertex -36.77622985839844 -42.24199676513672 -1.8999996185302734
      vertex -38.946380615234375 -40.79194641113281 -1.8999996185302734
    endloop
  endfacet
  facet normal 0 0 -1
    outer loop
      vertex -38.946380615234375 -40.79194641113281 -11.899999618530273
      vertex -36.66730880737305 -37.839603424072266 -11.899999618530273
      vertex -36.3292121887207 -37.90685272216797 -11.899999618530273
    endloop
  endfacet
  facet normal 0 0 -1
    outer loop
      vertex -38.946380615234375 -40.79194641113281 -11.899999618530273
      vertex -36.3292121887207 -37.90685272216797 -11.899999618530273
      vertex -36.77622985839844 -42.24199676513672 -11.899999618530273
    endloop
  endfacet
  facet normal 0 0 1
    outer loop
      vertex -38.946380615234375 -40.79194641113281 -1.8999996185302734
      vertex -38.228607177734375 -38.68129348754883 -1.8999996185302734
      vertex -38.68129348754883 -38.228607177734375 -1.8999996185302734
    endloop
  endfacet
  facet normal 0 0 1
    outer loop
      vertex -38.946380615234375 -40.79194641113281 -1.8999996185302734
      vertex -37.69630813598633 -39.036964416503906 -1.8999996185302734
      vertex -38.228607177734375 -38.68129348754883 -1.8999996185302734
    endloop
  endfacet
  facet normal 0 0 1
    outer loop
      vertex -38.946380615234375 -40.79194641113281 -1.8999996185302734
      vertex -37.10484313964844 -39.28195571899414 -1.8999996185302734
      vertex -37.69630813598633 -39.036964416503906 -1.8999996185302734
    endloop
  endfacet
  facet normal 0 0 1
    outer loop
      vertex -38.946380615234375 -40.79194641113281 -1.8999996185302734
      vertex -36.77622985839844 -42.24199676513672 -1.8999996185302734
      vertex -37.10484313964844 -39.28195571899414 -1.8999996185302734
    endloop
  endfacet
  facet normal -0.5555707567458521 0.8314692623596143 0
    outer loop
      vertex -38.946380615234375 -20.208053588867188 -11.899999618530273
      vertex -38.946380615234375 -20.208053588867188 -1.8999996185302734
      vertex -36.77622985839844 -18.75800323486328 -11.899999618530273
    endloop
  endfacet
  facet normal 0 0 -1
    outer loop
      vertex -38.946380615234375 -20.208053588867188 -11.899999618530273
      vertex -37.27241516113281 -23.48383140563965 -11.899999618530273
      vertex -37.51616668701172 -23.727584838867188 -11.899999618530273
    endloop
  endfacet
  facet normal 0 0 -1
    outer loop
      vertex -38.946380615234375 -20.208053588867188 -11.899999618530273
      vertex -36.98579025268555 -23.292316436767578 -11.899999618530273
      vertex -37.27241516113281 -23.48383140563965 -11.899999618530273
    endloop
  endfacet
  facet normal 0 0 -1
    outer loop
      vertex -38.946380615234375 -20.208053588867188 -11.899999618530273
      vertex -36.77622985839844 -18.75800323486328 -11.899999618530273
      vertex -36.3292121887207 -23.09314727783203 -11.899999618530273
    endloop
  endfacet
  facet normal 0 0 -1
    outer loop
      vertex -38.946380615234375 -20.208053588867188 -11.899999618530273
      vertex -36.66730880737305 -23.160398483276367 -11.899999618530273
      vertex -36.98579025268555 -23.292316436767578 -11.899999618530273
    endloop
  endfacet
  facet normal 0 0 -1
    outer loop
      vertex -38.946380615234375 -20.208053588867188 -11.899999618530273
      vertex -36.3292121887207 -23.09314727783203 -11.899999618530273
      vertex -36.66730880737305 -23.160398483276367 -11.899999618530273
    endloop
  endfacet
  facet normal 0 0 1
    outer loop
      vertex -38.946380615234375 -20.208053588867188 -1.8999996185302734
      vertex -38.68129348754883 -22.771390914916992 -1.8999996185302734
      vertex -38.228607177734375 -22.318706512451172 -1.8999996185302734
    endloop
  endfacet
  facet normal 0 0 1
    outer loop
      vertex -38.946380615234375 -20.208053588867188 -1.8999996185302734
      vertex -38.228607177734375 -22.318706512451172 -1.8999996185302734
      vertex -37.69630813598633 -21.96303367614746 -1.8999996185302734
    endloop
  endfacet
  facet normal 0 0 1
    outer loop
      vertex -38.946380615234375 -20.208053588867188 -1.8999996185302734
      vertex -37.69630813598633 -21.96303367614746 -1.8999996185302734
      vertex -37.10484313964844 -21.718042373657227 -1.8999996185302734
    endloop
  endfacet
  facet normal 0 0 1
    outer loop
      vertex -38.946380615234375 -20.208053588867188 -1.8999996185302734
      vertex -37.10484313964844 -21.718042373657227 -1.8999996185302734
      vertex -36.77622985839844 -18.75800323486328 -1.8999996185302734
    endloop
  endfacet
  facet normal -0.5555707567458521 0.8314692623596143 0
    outer loop
      vertex -38.946380615234375 -20.208053588867188 -1.8999996185302734
      vertex -36.77622985839844 -18.75800323486328 -1.8999996185302734
      vertex -36.77622985839844 -18.75800323486328 -11.899999618530273
    endloop
  endfacet
  facet normal 0 1 0
    outer loop
      vertex -38.880531311035156 -51.099998474121094 -3.59999942779541
      vertex -38.880531311035156 -51.099998474121094 -3.4000000953674316
      vertex -38.34074783325195 -51.099998474121094 -3.4000000953674316
    endloop
  endfacet
  facet normal 0.1950953166284204 -0.9807842868998545 0
    outer loop
      vertex -38.880531311035156 -51.099998474121094 -3.59999942779541
      vertex -38.80510711669922 -51.08499526977539 -3.59999942779541
      vertex -38.80510711669922 -51.08499526977539 -3.4000000953674316
    endloop
  endfacet
  facet normal 0.1950953166284204 -0.9807842868998545 0
    outer loop
      vertex -38.880531311035156 -51.099998474121094 -3.59999942779541
      vertex -38.80510711669922 -51.08499526977539 -3.4000000953674316
      vertex -38.880531311035156 -51.099998474121094 -3.4000000953674316
    endloop
  endfacet
  facet normal 0 0 -1
    outer loop
      vertex -38.880531311035156 -51.099998474121094 -3.59999942779541
      vertex -38.53212356567383 -50.971923828125 -3.59999942779541
      vertex -38.80510711669922 -51.08499526977539 -3.59999942779541
    endloop
  endfacet
  facet normal 0 1 0
    outer loop
      vertex -38.880531311035156 -51.099998474121094 -3.59999942779541
      vertex -38.34074783325195 -51.099998474121094 -3.4000000953674316
      vertex -38.34074783325195 -51.099998474121094 -3.5999999046325684
    endloop
  endfacet
  facet normal 0 0 -1
    outer loop
      vertex -38.880531311035156 -51.099998474121094 -3.59999942779541
      vertex -38.01913070678711 -50.40423583984375 -3.59999942779541
      vertex -38.53212356567383 -50.971923828125 -3.59999942779541
    endloop
  endfacet
  facet normal 0 0 -1
    outer loop
      vertex -38.880531311035156 -51.099998474121094 -3.59999942779541
      vertex -37.900001525878906 -49.805320739746094 -3.59999942779541
      vertex -38.01913070678711 -50.40423583984375 -3.59999942779541
    endloop
  endfacet
  facet normal 0 0 -1
    outer loop
      vertex -38.880531311035156 -51.099998474121094 -3.4000000953674316
      vertex -38.80510711669922 -51.08499526977539 -3.4000000953674316
      vertex -38.34074783325195 -51.099998474121094 -3.4000000953674316
    endloop
  endfacet
  facet normal 0.3826775176628847 -0.9238819824389761 0
    outer loop
      vertex -38.80510711669922 -51.08499526977539 -3.59999942779541
      vertex -38.53212356567383 -50.971923828125 -3.59999942779541
      vertex -38.53212356567383 -50.971923828125 -3.4000000953674316
    endloop
  endfacet
  facet normal 0.3826775176628847 -0.9238819824389761 0
    outer loop
      vertex -38.80510711669922 -51.08499526977539 -3.59999942779541
      vertex -38.53212356567383 -50.971923828125 -3.4000000953674316
      vertex -38.80510711669922 -51.08499526977539 -3.4000000953674316
    endloop
  endfacet
  facet normal 0 0 -1
    outer loop
      vertex -38.80510711669922 -51.08499526977539 -3.4000000953674316
      vertex -38.53212356567383 -50.971923828125 -3.4000000953674316
      vertex -38.34074783325195 -51.099998474121094 -3.4000000953674316
    endloop
  endfacet
  facet normal 0.38267751766288466 -0.9238819824389761 0
    outer loop
      vertex -38.80510711669922 -51.08499526977539 -0.6000000238418579
      vertex -38.53212356567383 -50.971923828125 -0.6000000238418579
      vertex -38.53212356567383 -50.971923828125 -0.5999994277954102
    endloop
  endfacet
  facet normal 0.38267751766288466 -0.9238819824389761 0
    outer loop
      vertex -38.80510711669922 -51.08499526977539 -0.6000000238418579
      vertex -38.53212356567383 -50.971923828125 -0.5999994277954102
      vertex -38.80510711669922 -51.08499526977539 -0.5999994277954102
    endloop
  endfacet
  facet normal 0 0 1
    outer loop
      vertex -38.80510711669922 -51.08499526977539 -0.6000000238418579
      vertex -35.90150833129883 -53.599998474121094 -0.6000000238418579
      vertex -38.53212356567383 -50.971923828125 -0.6000000238418579
    endloop
  endfacet
  facet normal 0.7071067811865475 0.7071067811865475 0
    outer loop
      vertex -38.68129348754883 -38.228607177734375 -8.899999618530273
      vertex -38.68129348754883 -38.228607177734375 -1.8999996185302734
      vertex -38.228607177734375 -38.68129348754883 -1.8999996185302734
    endloop
  endfacet
  facet normal 0 0 1
    outer loop
      vertex -38.68129348754883 -38.228607177734375 -8.899999618530273
      vertex -38.228607177734375 -38.68129348754883 -8.899999618530273
      vertex -37.90685272216797 -36.3292121887207 -8.899999618530273
    endloop
  endfacet
  facet normal 0.7071067811865475 0.7071067811865475 0
    outer loop
      vertex -38.68129348754883 -38.228607177734375 -8.899999618530273
      vertex -38.228607177734375 -38.68129348754883 -1.8999996185302734
      vertex -38.228607177734375 -38.68129348754883 -8.899999618530273
    endloop
  endfacet
  facet normal 0 0 1
    outer loop
      vertex -38.68129348754883 -34.08509826660156 -8.899999618530273
      vertex -37.70768356323242 -35.327919006347656 -8.899999618530273
      vertex -37.51616668701172 -35.04129409790039 -8.899999618530273
    endloop
  endfacet
  facet normal 0 0 1
    outer loop
      vertex -38.68129348754883 -34.08509826660156 -8.899999618530273
      vertex -37.51616668701172 -35.04129409790039 -8.899999618530273
      vertex -35.510929107666016 -33.03605270385742 -8.899999618530273
    endloop
  endfacet
  facet normal 0.7071067811865475 -0.7071067811865475 0
    outer loop
      vertex -38.68129348754883 -34.08509826660156 -8.899999618530273
      vertex -36.024967193603516 -31.42877197265625 -8.899999618530273
      vertex -38.68129348754883 -34.08509826660156 -1.8999996185302734
    endloop
  endfacet
  facet normal 0 0 1
    outer loop
      vertex -38.68129348754883 -34.08509826660156 -8.899999618530273
      vertex -35.884796142578125 -32.133460998535156 -8.899999618530273
      vertex -36.024967193603516 -31.42877197265625 -8.899999618530273
    endloop
  endfacet
  facet normal 0 0 1
    outer loop
      vertex -38.68129348754883 -34.08509826660156 -8.899999618530273
      vertex -35.510929107666016 -33.03605270385742 -8.899999618530273
      vertex -35.884796142578125 -32.133460998535156 -8.899999618530273
    endloop
  endfacet
  facet normal 0 0 1
    outer loop
      vertex -38.68129348754883 -34.08509826660156 -1.8999996185302734
      vertex -36.099998474121094 -31.051551818847656 -1.8999996185302734
      vertex -38.68129348754883 -26.914899826049805 -1.8999996185302734
    endloop
  endfacet
  facet normal 0.7071067811865475 -0.7071067811865475 0
    outer loop
      vertex -38.68129348754883 -34.08509826660156 -1.8999996185302734
      vertex -36.024967193603516 -31.42877197265625 -8.899999618530273
      vertex -36.024967193603516 -31.42877197265625 -1.8999996185302734
    endloop
  endfacet
  facet normal 0 0 1
    outer loop
      vertex -38.68129348754883 -34.08509826660156 -1.8999996185302734
      vertex -36.024967193603516 -31.42877197265625 -1.8999996185302734
      vertex -36.099998474121094 -31.051551818847656 -1.8999996185302734
    endloop
  endfacet
  facet normal 0.7071070350519008 0.7071065273211031 0
    outer loop
      vertex -38.68129348754883 -26.914899826049805 -8.899999618530273
      vertex -38.68129348754883 -26.914899826049805 -1.8999996185302734
      vertex -36.024967193603516 -29.57122802734375 -1.8999996185302734
    endloop
  endfacet
  facet normal 0 0 1
    outer loop
      vertex -38.68129348754883 -26.914899826049805 -8.899999618530273
      vertex -37.51616668701172 -25.95870590209961 -8.899999618530273
      vertex -37.70768356323242 -25.672080993652344 -8.899999618530273
    endloop
  endfacet
  facet normal 0 0 1
    outer loop
      vertex -38.68129348754883 -26.914899826049805 -8.899999618530273
      vertex -36.024967193603516 -29.57122802734375 -8.899999618530273
      vertex -35.884796142578125 -28.866540908813477 -8.899999618530273
    endloop
  endfacet
  facet normal 0.7071070350519008 0.7071065273211031 0
    outer loop
      vertex -38.68129348754883 -26.914899826049805 -8.899999618530273
      vertex -36.024967193603516 -29.57122802734375 -1.8999996185302734
      vertex -36.024967193603516 -29.57122802734375 -8.899999618530273
    endloop
  endfacet
  facet normal 0 0 1
    outer loop
      vertex -38.68129348754883 -26.914899826049805 -8.899999618530273
      vertex -35.884796142578125 -28.866540908813477 -8.899999618530273
      vertex -35.510929107666016 -27.963947296142578 -8.899999618530273
    endloop
  endfacet
  facet normal 0 0 1
    outer loop
      vertex -38.68129348754883 -26.914899826049805 -8.899999618530273
      vertex -35.510929107666016 -27.963947296142578 -8.899999618530273
      vertex -37.51616668701172 -25.95870590209961 -8.899999618530273
    endloop
  endfacet
  facet normal 0 0 1
    outer loop
      vertex -38.68129348754883 -26.914899826049805 -1.8999996185302734
      vertex -36.099998474121094 -31.051551818847656 -1.8999996185302734
      vertex -36.099998474121094 -29.948448181152344 -1.8999996185302734
    endloop
  endfacet
  facet normal 0 0 1
    outer loop
      vertex -38.68129348754883 -26.914899826049805 -1.8999996185302734
      vertex -36.099998474121094 -29.948448181152344 -1.8999996185302734
      vertex -36.024967193603516 -29.57122802734375 -1.8999996185302734
    endloop
  endfacet
  facet normal 0.7071052915198788 -0.7071082708500781 0
    outer loop
      vertex -38.68129348754883 -22.771390914916992 -8.899999618530273
      vertex -38.228607177734375 -22.318706512451172 -8.899999618530273
      vertex -38.228607177734375 -22.318706512451172 -1.8999996185302734
    endloop
  endfacet
  facet normal 0.7071052915198788 -0.7071082708500781 0
    outer loop
      vertex -38.68129348754883 -22.771390914916992 -8.899999618530273
      vertex -38.228607177734375 -22.318706512451172 -1.8999996185302734
      vertex -38.68129348754883 -22.771390914916992 -1.8999996185302734
    endloop
  endfacet
  facet normal 0 0 1
    outer loop
      vertex -38.68129348754883 -22.771390914916992 -8.899999618530273
      vertex -37.70768356323242 -24.014209747314453 -8.899999618530273
      vertex -37.51616668701172 -23.727584838867188 -8.899999618530273
    endloop
  endfacet
  facet normal 0 0 1
    outer loop
      vertex -38.68129348754883 -22.771390914916992 -8.899999618530273
      vertex -37.51616668701172 -23.727584838867188 -8.899999618530273
      vertex -38.228607177734375 -22.318706512451172 -8.899999618530273
    endloop
  endfacet
  facet normal -0.8314725340292033 0.5555658603217583 0
    outer loop
      vertex -38.592071533203125 -51.47613525390625 -11.899999618530273
      vertex -38.592071533203125 -51.47613525390625 -3.5999999046325684
      vertex -38.34074783325195 -51.099998474121094 -3.5999999046325684
    endloop
  endfacet
  facet normal -0.8314712765152673 0.5555677423411629 -1.2336624202556316e-7
    outer loop
      vertex -38.592071533203125 -51.47613525390625 -11.899999618530273
      vertex -38.34074783325195 -51.099998474121094 -3.5999999046325684
      vertex -38.25281524658203 -50.96839904785156 -11.899999618530273
    endloop
  endfacet
  facet normal 0 0 -1
    outer loop
      vertex -38.592071533203125 -51.47613525390625 -11.899999618530273
      vertex -38.25281524658203 -50.96839904785156 -11.899999618530273
      vertex -37.81532287597656 -52.11359786987305 -11.899999618530273
    endloop
  endfacet
  facet normal 0 0 -1
    outer loop
      vertex -38.592071533203125 -51.47613525390625 -11.899999618530273
      vertex -37.81532287597656 -52.11359786987305 -11.899999618530273
      vertex -38.38640213012695 -52.68467712402344 -11.899999618530273
    endloop
  endfacet
  facet normal 0 0 -1
    outer loop
      vertex -38.592071533203125 -47.52386474609375 -11.899999618530273
      vertex -38.38640213012695 -46.31532287597656 -11.899999618530273
      vertex -37.81532287597656 -46.88640213012695 -11.899999618530273
    endloop
  endfacet
  facet normal -0.8314725340292033 -0.5555658603217583 0
    outer loop
      vertex -38.592071533203125 -47.52386474609375 -11.899999618530273
      vertex -38.34074783325195 -47.900001525878906 -3.5999999046325684
      vertex -38.592071533203125 -47.52386474609375 -3.5999999046325684
    endloop
  endfacet
  facet normal -0.8314712765152673 -0.5555677423411629 -1.2336624202556316e-7
    outer loop
      vertex -38.592071533203125 -47.52386474609375 -11.899999618530273
      vertex -38.25281524658203 -48.03160095214844 -11.899999618530273
      vertex -38.34074783325195 -47.900001525878906 -3.5999999046325684
    endloop
  endfacet
  facet normal 0 0 -1
    outer loop
      vertex -38.592071533203125 -47.52386474609375 -11.899999618530273
      vertex -37.81532287597656 -46.88640213012695 -11.899999618530273
      vertex -38.25281524658203 -48.03160095214844 -11.899999618530273
    endloop
  endfacet
  facet normal 0.5555728319600943 -0.8314678757401519 0
    outer loop
      vertex -38.53212356567383 -50.971923828125 -3.59999942779541
      vertex -38.28644561767578 -50.80776596069336 -3.59999942779541
      vertex -38.28644561767578 -50.80776596069336 -3.4000000953674316
    endloop
  endfacet
  facet normal 0.5555728319600943 -0.8314678757401519 0
    outer loop
      vertex -38.53212356567383 -50.971923828125 -3.59999942779541
      vertex -38.28644561767578 -50.80776596069336 -3.4000000953674316
      vertex -38.53212356567383 -50.971923828125 -3.4000000953674316
    endloop
  endfacet
  facet normal 0 0 -1
    outer loop
      vertex -38.53212356567383 -50.971923828125 -3.59999942779541
      vertex -38.01913070678711 -50.40423583984375 -3.59999942779541
      vertex -38.28644561767578 -50.80776596069336 -3.59999942779541
    endloop
  endfacet
  facet normal 0 0 -1
    outer loop
      vertex -38.53212356567383 -50.971923828125 -3.4000000953674316
      vertex -38.28644561767578 -50.80776596069336 -3.4000000953674316
      vertex -38.25281524658203 -50.96839904785156 -3.4000000953674316
    endloop
  endfacet
  facet normal 0 0 -1
    outer loop
      vertex -38.53212356567383 -50.971923828125 -3.4000000953674316
      vertex -38.25281524658203 -50.96839904785156 -3.4000000953674316
      vertex -38.34074783325195 -51.099998474121094 -3.4000000953674316
    endloop
  endfacet
  facet normal 0.5555728319600944 -0.8314678757401519 0
    outer loop
      vertex -38.53212356567383 -50.971923828125 -0.6000000238418579
      vertex -38.28644561767578 -50.80776596069336 -0.6000000238418579
      vertex -38.28644561767578 -50.80776596069336 -0.5999994277954102
    endloop
  endfacet
  facet normal 0.5555728319600944 -0.8314678757401519 0
    outer loop
      vertex -38.53212356567383 -50.971923828125 -0.6000000238418579
      vertex -38.28644561767578 -50.80776596069336 -0.5999994277954102
      vertex -38.53212356567383 -50.971923828125 -0.5999994277954102
    endloop
  endfacet
  facet normal 0 0 1
    outer loop
      vertex -38.53212356567383 -50.971923828125 -0.6000000238418579
      vertex -35.90150833129883 -53.599998474121094 -0.6000000238418579
      vertex -38.28644561767578 -50.80776596069336 -0.6000000238418579
    endloop
  endfacet
  facet normal 0.6804688711313184 -0.6804688711313184 -0.27189010802627345
    outer loop
      vertex -38.38640213012695 -52.68467712402344 -11.899999618530273
      vertex -37.81532287597656 -52.11359786987305 -11.899999618530273
      vertex -35.22325134277344 -53.23746109008789 -2.5999999046325684
    endloop
  endfacet
  facet normal 0.6804777052205311 -0.6804590691438147 -0.2718925300881459
    outer loop
      vertex -38.38640213012695 -52.68467712402344 -11.899999618530273
      vertex -35.22325134277344 -53.23746109008789 -2.5999999046325684
      vertex -35.3625373840332 -53.37675094604492 -2.5999999046325684
    endloop
  endfacet
  facet normal 0.5399208525697446 0.8080456845582461 -0.2356854781847106
    outer loop
      vertex -38.38640213012695 -46.31532287597656 -11.899999618530273
      vertex -35.759891510009766 -45.649417877197266 -3.59999942779541
      vertex -35.68768310546875 -45.69766616821289 -3.59999942779541
    endloop
  endfacet
  facet normal 0.6804754796827883 0.6804615025752669 -0.2718920099294738
    outer loop
      vertex -38.38640213012695 -46.31532287597656 -11.899999618530273
      vertex -35.68768310546875 -45.69766616821289 -3.59999942779541
      vertex -35.50196838378906 -45.883384704589844 -3.59999942779541
    endloop
  endfacet
  facet normal 0.6804688732126297 0.6804688732126297 -0.2718900976083316
    outer loop
      vertex -38.38640213012695 -46.31532287597656 -11.899999618530273
      vertex -35.50196838378906 -45.883384704589844 -3.59999942779541
      vertex -37.81532287597656 -46.88640213012695 -11.899999618530273
    endloop
  endfacet
  facet normal -0.8314676822931371 0.5555731214719434 0
    outer loop
      vertex -38.34074783325195 -51.099998474121094 -3.5999999046325684
      vertex -38.34074783325195 -51.099998474121094 -3.4000000953674316
      vertex -38.25281524658203 -50.96839904785156 -3.4000000953674316
    endloop
  endfacet
  facet normal -0.8314676822931371 0.5555731214719434 0
    outer loop
      vertex -38.34074783325195 -51.099998474121094 -3.5999999046325684
      vertex -38.25281524658203 -50.96839904785156 -3.4000000953674316
      vertex -38.25281524658203 -50.96839904785156 -11.899999618530273
    endloop
  endfacet
  facet normal -0.8314676822931371 -0.5555731214719434 0
    outer loop
      vertex -38.34074783325195 -47.900001525878906 -3.5999999046325684
      vertex -38.25281524658203 -48.03160095214844 -11.899999618530273
      vertex -38.25281524658203 -48.03160095214844 -3.59999942779541
    endloop
  endfacet
  facet normal -0.8314676822931372 -0.5555731214719435 0
    outer loop
      vertex -38.34074783325195 -47.900001525878906 -3.5999999046325684
      vertex -38.25281524658203 -48.03160095214844 -3.59999942779541
      vertex -38.34074783325195 -47.900001525878906 -3.59999942779541
    endloop
  endfacet
  facet normal 0.7071067811865476 -0.7071067811865476 0
    outer loop
      vertex -38.28644561767578 -50.80776596069336 -3.59999942779541
      vertex -38.11545181274414 -50.63677215576172 -3.59999942779541
      vertex -38.28644561767578 -50.80776596069336 -3.4000000953674316
    endloop
  endfacet
  facet normal 0 0 -1
    outer loop
      vertex -38.28644561767578 -50.80776596069336 -3.59999942779541
      vertex -38.01913070678711 -50.40423583984375 -3.59999942779541
      vertex -38.11545181274414 -50.63677215576172 -3.59999942779541
    endloop
  endfacet
  facet normal 0.7071067811865476 -0.7071067811865476 0
    outer loop
      vertex -38.28644561767578 -50.80776596069336 -3.4000000953674316
      vertex -38.11545181274414 -50.63677215576172 -3.59999942779541
      vertex -38.11545181274414 -50.63677215576172 -3.4000000953674316
    endloop
  endfacet
  facet normal 0 0 -1
    outer loop
      vertex -38.28644561767578 -50.80776596069336 -3.4000000953674316
      vertex -38.11545181274414 -50.63677215576172 -3.4000000953674316
      vertex -38.25281524658203 -50.96839904785156 -3.4000000953674316
    endloop
  endfacet
  facet normal 0 0 1
    outer loop
      vertex -38.28644561767578 -50.80776596069336 -0.6000000238418579
      vertex -35.90150833129883 -53.599998474121094 -0.6000000238418579
      vertex -35 -52.698490142822266 -0.6000000238418579
    endloop
  endfacet
  facet normal 0 0 1
    outer loop
      vertex -38.28644561767578 -50.80776596069336 -0.6000000238418579
      vertex -35 -52.698490142822266 -0.6000000238418579
      vertex -35 -47.52132034301758 -0.6000000238418579
    endloop
  endfacet
  facet normal 0.7071067811865475 -0.7071067811865475 0
    outer loop
      vertex -38.28644561767578 -50.80776596069336 -0.6000000238418579
      vertex -35 -47.52132034301758 -0.6000000238418579
      vertex -38.28644561767578 -50.80776596069336 -0.5999994277954102
    endloop
  endfacet
  facet normal 0.7071067811865476 -0.7071067811865476 0
    outer loop
      vertex -38.28644561767578 -50.80776596069336 -0.5999994277954102
      vertex -35 -47.52132034301758 -0.6000000238418579
      vertex -27.47091293334961 -39.99223327636719 -0.5999994277954102
    endloop
  endfacet
  facet normal 0 0 1
    outer loop
      vertex -38.28644561767578 -50.80776596069336 -0.5999994277954102
      vertex -27.47091293334961 -39.99223327636719 -0.5999994277954102
      vertex -29.59223175048828 -37.87091064453125 -0.5999994277954102
    endloop
  endfacet
  facet normal -0.9238804411525583 0.3826812387036426 0
    outer loop
      vertex -38.25281524658203 -50.96839904785156 -11.899999618530273
      vertex -38.25281524658203 -50.96839904785156 -3.4000000953674316
      vertex -38.11545181274414 -50.63677215576172 -3.59999942779541
    endloop
  endfacet
  facet normal -0.9238792501724123 0.38268411399069463 -1.345927235797742e-7
    outer loop
      vertex -38.25281524658203 -50.96839904785156 -11.899999618530273
      vertex -38.11545181274414 -50.63677215576172 -3.59999942779541
      vertex -38.01913070678711 -50.40423583984375 -11.899999618530273
    endloop
  endfacet
  facet normal 0 0 -1
    outer loop
      vertex -38.25281524658203 -50.96839904785156 -11.899999618530273
      vertex -38.01913070678711 -50.40423583984375 -11.899999618530273
      vertex -37.36662673950195 -51.44207763671875 -11.899999618530273
    endloop
  endfacet
  facet normal 0 0 -1
    outer loop
      vertex -38.25281524658203 -50.96839904785156 -11.899999618530273
      vertex -37.36662673950195 -51.44207763671875 -11.899999618530273
      vertex -37.81532287597656 -52.11359786987305 -11.899999618530273
    endloop
  endfacet
  facet normal -0.9238804411525582 0.3826812387036426 0
    outer loop
      vertex -38.25281524658203 -50.96839904785156 -3.4000000953674316
      vertex -38.11545181274414 -50.63677215576172 -3.4000000953674316
      vertex -38.11545181274414 -50.63677215576172 -3.59999942779541
    endloop
  endfacet
  facet normal -0.9238792501724208 -0.38268411399069807 0
    outer loop
      vertex -38.25281524658203 -48.03160095214844 -11.899999618530273
      vertex -38.01913070678711 -48.59576416015625 -11.899999618530273
      vertex -38.25281524658203 -48.03160095214844 -3.59999942779541
    endloop
  endfacet
  facet normal 0 0 -1
    outer loop
      vertex -38.25281524658203 -48.03160095214844 -11.899999618530273
      vertex -37.81532287597656 -46.88640213012695 -11.899999618530273
      vertex -37.36662673950195 -47.55792236328125 -11.899999618530273
    endloop
  endfacet
  facet normal 0 0 -1
    outer loop
      vertex -38.25281524658203 -48.03160095214844 -11.899999618530273
      vertex -37.36662673950195 -47.55792236328125 -11.899999618530273
      vertex -38.01913070678711 -48.59576416015625 -11.899999618530273
    endloop
  endfacet
  facet normal -0.9238792501724208 -0.38268411399069807 0
    outer loop
      vertex -38.25281524658203 -48.03160095214844 -3.59999942779541
      vertex -38.01913070678711 -48.59576416015625 -11.899999618530273
      vertex -38.01913070678711 -48.59576416015625 -3.59999942779541
    endloop
  endfacet
  facet normal 0.5555703197075994 0.8314695543794708 0
    outer loop
      vertex -38.228607177734375 -38.68129348754883 -8.899999618530273
      vertex -38.228607177734375 -38.68129348754883 -1.8999996185302734
      vertex -37.69630813598633 -39.036964416503906 -8.899999618530273
    endloop
  endfacet
  facet normal 0 0 1
    outer loop
      vertex -38.228607177734375 -38.68129348754883 -8.899999618530273
      vertex -37.839603424072266 -36.66730880737305 -8.899999618530273
      vertex -37.90685272216797 -36.3292121887207 -8.899999618530273
    endloop
  endfacet
  facet normal 0 0 1
    outer loop
      vertex -38.228607177734375 -38.68129348754883 -8.899999618530273
      vertex -37.70768356323242 -36.98579025268555 -8.899999618530273
      vertex -37.839603424072266 -36.66730880737305 -8.899999618530273
    endloop
  endfacet
  facet normal 0 0 1
    outer loop
      vertex -38.228607177734375 -38.68129348754883 -8.899999618530273
      vertex -37.69630813598633 -39.036964416503906 -8.899999618530273
      vertex -37.27241516113281 -37.51616668701172 -8.899999618530273
    endloop
  endfacet
  facet normal 0 0 1
    outer loop
      vertex -38.228607177734375 -38.68129348754883 -8.899999618530273
      vertex -37.51616668701172 -37.27241516113281 -8.899999618530273
      vertex -37.70768356323242 -36.98579025268555 -8.899999618530273
    endloop
  endfacet
  facet normal 0 0 1
    outer loop
      vertex -38.228607177734375 -38.68129348754883 -8.899999618530273
      vertex -37.27241516113281 -37.51616668701172 -8.899999618530273
      vertex -37.51616668701172 -37.27241516113281 -8.899999618530273
    endloop
  endfacet
  facet normal 0.5555703197075994 0.8314695543794708 0
    outer loop
      vertex -38.228607177734375 -38.68129348754883 -1.8999996185302734
      vertex -37.69630813598633 -39.036964416503906 -1.8999996185302734
      vertex -37.69630813598633 -39.036964416503906 -8.899999618530273
    endloop
  endfacet
  facet normal 0.5555723794474621 -0.8314681781012941 0
    outer loop
      vertex -38.228607177734375 -22.318706512451172 -8.899999618530273
      vertex -37.69630813598633 -21.96303367614746 -8.899999618530273
      vertex -37.69630813598633 -21.96303367614746 -1.8999996185302734
    endloop
  endfacet
  facet normal 0.5555723794474621 -0.8314681781012941 0
    outer loop
      vertex -38.228607177734375 -22.318706512451172 -8.899999618530273
      vertex -37.69630813598633 -21.96303367614746 -1.8999996185302734
      vertex -38.228607177734375 -22.318706512451172 -1.8999996185302734
    endloop
  endfacet
  facet normal 0 0 1
    outer loop
      vertex -38.228607177734375 -22.318706512451172 -8.899999618530273
      vertex -37.51616668701172 -23.727584838867188 -8.899999618530273
      vertex -37.27241516113281 -23.48383140563965 -8.899999618530273
    endloop
  endfacet
  facet normal 0 0 1
    outer loop
      vertex -38.228607177734375 -22.318706512451172 -8.899999618530273
      vertex -37.27241516113281 -23.48383140563965 -8.899999618530273
      vertex -37.69630813598633 -21.96303367614746 -8.899999618530273
    endloop
  endfacet
  facet normal -0.9238775516703845 0.38268821450305474 0
    outer loop
      vertex -38.11545181274414 -50.63677215576172 -3.59999942779541
      vertex -38.01913070678711 -50.40423583984375 -3.59999942779541
      vertex -38.01913070678711 -50.40423583984375 -11.899999618530273
    endloop
  endfacet
  facet normal -0.9807860447972813 0.19508647910838267 0
    outer loop
      vertex -38.01913070678711 -50.40423583984375 -11.899999618530273
      vertex -38.01913070678711 -50.40423583984375 -3.59999942779541
      vertex -37.900001525878906 -49.805320739746094 -3.59999942779541
    endloop
  endfacet
  facet normal 0 0 -1
    outer loop
      vertex -38.01913070678711 -50.40423583984375 -11.899999618530273
      vertex -37.900001525878906 -49.805320739746094 -11.899999618530273
      vertex -37.057559967041016 -50.695926666259766 -11.899999618530273
    endloop
  endfacet
  facet normal -0.9807860447972813 0.19508647910838267 0
    outer loop
      vertex -38.01913070678711 -50.40423583984375 -11.899999618530273
      vertex -37.900001525878906 -49.805320739746094 -3.59999942779541
      vertex -37.900001525878906 -49.805320739746094 -11.899999618530273
    endloop
  endfacet
  facet normal 0 0 -1
    outer loop
      vertex -38.01913070678711 -50.40423583984375 -11.899999618530273
      vertex -37.057559967041016 -50.695926666259766 -11.899999618530273
      vertex -37.36662673950195 -51.44207763671875 -11.899999618530273
    endloop
  endfacet
  facet normal -0.9807860447972813 -0.19508647910838267 0
    outer loop
      vertex -38.01913070678711 -48.59576416015625 -11.899999618530273
      vertex -37.900001525878906 -49.194679260253906 -11.899999618530273
      vertex -38.01913070678711 -48.59576416015625 -3.59999942779541
    endloop
  endfacet
  facet normal 0 0 -1
    outer loop
      vertex -38.01913070678711 -48.59576416015625 -11.899999618530273
      vertex -37.36662673950195 -47.55792236328125 -11.899999618530273
      vertex -37.057559967041016 -48.304073333740234 -11.899999618530273
    endloop
  endfacet
  facet normal 0 0 -1
    outer loop
      vertex -38.01913070678711 -48.59576416015625 -11.899999618530273
      vertex -37.057559967041016 -48.304073333740234 -11.899999618530273
      vertex -37.900001525878906 -49.194679260253906 -11.899999618530273
    endloop
  endfacet
  facet normal -0.9807860447972813 -0.19508647910838267 0
    outer loop
      vertex -38.01913070678711 -48.59576416015625 -3.59999942779541
      vertex -37.900001525878906 -49.194679260253906 -11.899999618530273
      vertex -37.900001525878906 -49.194679260253906 -3.59999942779541
    endloop
  endfacet
  facet normal 0.9807865574318291 0.19508390185000243 0
    outer loop
      vertex -37.90685272216797 -36.3292121887207 -11.899999618530273
      vertex -37.90685272216797 -36.3292121887207 -8.899999618530273
      vertex -37.839603424072266 -36.66730880737305 -8.899999618530273
    endloop
  endfacet
  facet normal 1 0 0
    outer loop
      vertex -37.90685272216797 -36.3292121887207 -11.899999618530273
      vertex -37.90685272216797 -35.984493255615234 -11.899999618530273
      vertex -37.90685272216797 -36.3292121887207 -8.899999618530273
    endloop
  endfacet
  facet normal 0.9807865574318291 0.19508390185000243 0
    outer loop
      vertex -37.90685272216797 -36.3292121887207 -11.899999618530273
      vertex -37.839603424072266 -36.66730880737305 -8.899999618530273
      vertex -37.839603424072266 -36.66730880737305 -11.899999618530273
    endloop
  endfacet
  facet normal 1 0 0
    outer loop
      vertex -37.90685272216797 -36.3292121887207 -8.899999618530273
      vertex -37.90685272216797 -35.984493255615234 -11.899999618530273
      vertex -37.90685272216797 -35.984493255615234 -8.899999618530273
    endloop
  endfacet
  facet normal 0 0 -1
    outer loop
      vertex -37.90685272216797 -35.984493255615234 -11.899999618530273
      vertex -37.90685272216797 -25.015504837036133 -11.899999618530273
      vertex -37.839603424072266 -25.353601455688477 -11.899999618530273
    endloop
  endfacet
  facet normal 0.98078613627515 -0.19508601920809915 0
    outer loop
      vertex -37.90685272216797 -35.984493255615234 -11.899999618530273
      vertex -37.839603424072266 -35.646400451660156 -11.899999618530273
      vertex -37.90685272216797 -35.984493255615234 -8.899999618530273
    endloop
  endfacet
  facet normal 0 0 -1
    outer loop
      vertex -37.90685272216797 -35.984493255615234 -11.899999618530273
      vertex -37.839603424072266 -25.353601455688477 -11.899999618530273
      vertex -37.839603424072266 -35.646400451660156 -11.899999618530273
    endloop
  endfacet
  facet normal 0.98078613627515 -0.19508601920809915 0
    outer loop
      vertex -37.90685272216797 -35.984493255615234 -8.899999618530273
      vertex -37.839603424072266 -35.646400451660156 -11.899999618530273
      vertex -37.839603424072266 -35.646400451660156 -8.899999618530273
    endloop
  endfacet
  facet normal 0.9807865574318291 0.19508390185000243 0
    outer loop
      vertex -37.90685272216797 -25.015504837036133 -11.899999618530273
      vertex -37.90685272216797 -25.015504837036133 -8.899999618530273
      vertex -37.839603424072266 -25.353601455688477 -8.899999618530273
    endloop
  endfacet
  facet normal 1 0 0
    outer loop
      vertex -37.90685272216797 -25.015504837036133 -11.899999618530273
      vertex -37.90685272216797 -24.670785903930664 -11.899999618530273
      vertex -37.90685272216797 -25.015504837036133 -8.899999618530273
    endloop
  endfacet
  facet normal 0.9807865574318291 0.19508390185000243 0
    outer loop
      vertex -37.90685272216797 -25.015504837036133 -11.899999618530273
      vertex -37.839603424072266 -25.353601455688477 -8.899999618530273
      vertex -37.839603424072266 -25.353601455688477 -11.899999618530273
    endloop
  endfacet
  facet normal 1 0 0
    outer loop
      vertex -37.90685272216797 -25.015504837036133 -8.899999618530273
      vertex -37.90685272216797 -24.670785903930664 -11.899999618530273
      vertex -37.90685272216797 -24.670785903930664 -8.899999618530273
    endloop
  endfacet
  facet normal 0.9807865574318291 -0.19508390185000243 0
    outer loop
      vertex -37.90685272216797 -24.670785903930664 -11.899999618530273
      vertex -37.839603424072266 -24.33268928527832 -11.899999618530273
      vertex -37.90685272216797 -24.670785903930664 -8.899999618530273
    endloop
  endfacet
  facet normal 0.9807865574318291 -0.19508390185000243 0
    outer loop
      vertex -37.90685272216797 -24.670785903930664 -8.899999618530273
      vertex -37.839603424072266 -24.33268928527832 -11.899999618530273
      vertex -37.839603424072266 -24.33268928527832 -8.899999618530273
    endloop
  endfacet
  facet normal -1 0 0
    outer loop
      vertex -37.900001525878906 -49.805320739746094 -11.899999618530273
      vertex -37.900001525878906 -49.805320739746094 -3.59999942779541
      vertex -37.900001525878906 -49.194679260253906 -3.59999942779541
    endloop
  endfacet
  facet normal 0 0 -1
    outer loop
      vertex -37.900001525878906 -49.805320739746094 -11.899999618530273
      vertex -37.900001525878906 -49.194679260253906 -11.899999618530273
      vertex -36.900001525878906 -49.09618377685547 -11.899999618530273
    endloop
  endfacet
  facet normal -1 0 0
    outer loop
      vertex -37.900001525878906 -49.805320739746094 -11.899999618530273
      vertex -37.900001525878906 -49.194679260253906 -3.59999942779541
      vertex -37.900001525878906 -49.194679260253906 -11.899999618530273
    endloop
  endfacet
  facet normal 0 0 -1
    outer loop
      vertex -37.900001525878906 -49.805320739746094 -11.899999618530273
      vertex -36.900001525878906 -49.90381622314453 -11.899999618530273
      vertex -37.057559967041016 -50.695926666259766 -11.899999618530273
    endloop
  endfacet
  facet normal 0 0 -1
    outer loop
      vertex -37.900001525878906 -49.805320739746094 -11.899999618530273
      vertex -36.900001525878906 -49.09618377685547 -11.899999618530273
      vertex -36.900001525878906 -49.90381622314453 -11.899999618530273
    endloop
  endfacet
  facet normal 0 0 -1
    outer loop
      vertex -37.900001525878906 -49.194679260253906 -11.899999618530273
      vertex -37.057559967041016 -48.304073333740234 -11.899999618530273
      vertex -36.900001525878906 -49.09618377685547 -11.899999618530273
    endloop
  endfacet
  facet normal 0.9238789921864761 0.382684736821971 0
    outer loop
      vertex -37.839603424072266 -36.66730880737305 -11.899999618530273
      vertex -37.839603424072266 -36.66730880737305 -8.899999618530273
      vertex -37.70768356323242 -36.98579025268555 -8.899999618530273
    endloop
  endfacet
  facet normal 0.9238789921864761 0.382684736821971 0
    outer loop
      vertex -37.839603424072266 -36.66730880737305 -11.899999618530273
      vertex -37.70768356323242 -36.98579025268555 -8.899999618530273
      vertex -37.70768356323242 -36.98579025268555 -11.899999618530273
    endloop
  endfacet
  facet normal 0 0 -1
    outer loop
      vertex -37.839603424072266 -35.646400451660156 -11.899999618530273
      vertex -37.839603424072266 -25.353601455688477 -11.899999618530273
      vertex -37.70768356323242 -25.672080993652344 -11.899999618530273
    endloop
  endfacet
  facet normal 0.9238789921864761 -0.382684736821971 0
    outer loop
      vertex -37.839603424072266 -35.646400451660156 -11.899999618530273
      vertex -37.70768356323242 -35.327919006347656 -11.899999618530273
      vertex -37.839603424072266 -35.646400451660156 -8.899999618530273
    endloop
  endfacet
  facet normal 0 0 -1
    outer loop
      vertex -37.839603424072266 -35.646400451660156 -11.899999618530273
      vertex -37.70768356323242 -25.672080993652344 -11.899999618530273
      vertex -37.70768356323242 -35.327919006347656 -11.899999618530273
    endloop
  endfacet
  facet normal 0.9238789921864761 -0.382684736821971 0
    outer loop
      vertex -37.839603424072266 -35.646400451660156 -8.899999618530273
      vertex -37.70768356323242 -35.327919006347656 -11.899999618530273
      vertex -37.70768356323242 -35.327919006347656 -8.899999618530273
    endloop
  endfacet
  facet normal 0.9238781818849613 0.3826866930492077 0
    outer loop
      vertex -37.839603424072266 -25.353601455688477 -11.899999618530273
      vertex -37.839603424072266 -25.353601455688477 -8.899999618530273
      vertex -37.70768356323242 -25.672080993652344 -8.899999618530273
    endloop
  endfacet
  facet normal 0.9238781818849613 0.3826866930492077 0
    outer loop
      vertex -37.839603424072266 -25.353601455688477 -11.899999618530273
      vertex -37.70768356323242 -25.672080993652344 -8.899999618530273
      vertex -37.70768356323242 -25.672080993652344 -11.899999618530273
    endloop
  endfacet
  facet normal 0.9238781818849613 -0.3826866930492077 0
    outer loop
      vertex -37.839603424072266 -24.33268928527832 -11.899999618530273
      vertex -37.70768356323242 -24.014209747314453 -11.899999618530273
      vertex -37.839603424072266 -24.33268928527832 -8.899999618530273
    endloop
  endfacet
  facet normal 0.9238781818849613 -0.3826866930492077 0
    outer loop
      vertex -37.839603424072266 -24.33268928527832 -8.899999618530273
      vertex -37.70768356323242 -24.014209747314453 -11.899999618530273
      vertex -37.70768356323242 -24.014209747314453 -8.899999618530273
    endloop
  endfacet
  facet normal 0.7966474952337672 -0.5323036233242333 -0.2863662356732329
    outer loop
      vertex -37.81532287597656 -52.11359786987305 -11.899999618530273
      vertex -37.36662673950195 -51.44207763671875 -11.899999618530273
      vertex -35.11381149291992 -53.07367706298828 -2.5999999046325684
    endloop
  endfacet
  facet normal 0.7966416161693882 -0.5323128293067096 -0.286365478265993
    outer loop
      vertex -37.81532287597656 -52.11359786987305 -11.899999618530273
      vertex -35.11381149291992 -53.07367706298828 -2.5999999046325684
      vertex -35.22325134277344 -53.23746109008789 -2.5999999046325684
    endloop
  endfacet
  facet normal 0.7966410397871521 0.5323137215593257 -0.28636542313363517
    outer loop
      vertex -37.81532287597656 -46.88640213012695 -11.899999618530273
      vertex -35.50196838378906 -45.883384704589844 -3.59999942779541
      vertex -35.404296875 -46.02955627441406 -3.59999942779541
    endloop
  endfacet
  facet normal 0.7966469648711261 0.5323044435358446 -0.2863661864704309
    outer loop
      vertex -37.81532287597656 -46.88640213012695 -11.899999618530273
      vertex -35.404296875 -46.02955627441406 -3.59999942779541
      vertex -35.356048583984375 -46.10176467895508 -3.59999942779541
    endloop
  endfacet
  facet normal 0.7966474882975583 0.5323036186895997 -0.2863662635841536
    outer loop
      vertex -37.81532287597656 -46.88640213012695 -11.899999618530273
      vertex -35.356048583984375 -46.10176467895508 -3.59999942779541
      vertex -37.36662673950195 -47.55792236328125 -11.899999618530273
    endloop
  endfacet
  facet normal 0.8314692969901976 0.5555707049175889 0
    outer loop
      vertex -37.70768356323242 -36.98579025268555 -11.899999618530273
      vertex -37.70768356323242 -36.98579025268555 -8.899999618530273
      vertex -37.51616668701172 -37.27241516113281 -8.899999618530273
    endloop
  endfacet
  facet normal 0.8314692969901976 0.5555707049175889 0
    outer loop
      vertex -37.70768356323242 -36.98579025268555 -11.899999618530273
      vertex -37.51616668701172 -37.27241516113281 -8.899999618530273
      vertex -37.51616668701172 -37.27241516113281 -11.899999618530273
    endloop
  endfacet
  facet normal 0 0 -1
    outer loop
      vertex -37.70768356323242 -35.327919006347656 -11.899999618530273
      vertex -37.70768356323242 -25.672080993652344 -11.899999618530273
      vertex -37.51616668701172 -25.95870590209961 -11.899999618530273
    endloop
  endfacet
  facet normal 0.8314692969901976 -0.5555707049175889 0
    outer loop
      vertex -37.70768356323242 -35.327919006347656 -11.899999618530273
      vertex -37.51616668701172 -35.04129409790039 -11.899999618530273
      vertex -37.70768356323242 -35.327919006347656 -8.899999618530273
    endloop
  endfacet
  facet normal 0 0 -1
    outer loop
      vertex -37.70768356323242 -35.327919006347656 -11.899999618530273
      vertex -37.51616668701172 -25.95870590209961 -11.899999618530273
      vertex -37.51616668701172 -35.04129409790039 -11.899999618530273
    endloop
  endfacet
  facet normal 0.8314692969901976 -0.5555707049175889 0
    outer loop
      vertex -37.70768356323242 -35.327919006347656 -8.899999618530273
      vertex -37.51616668701172 -35.04129409790039 -11.899999618530273
      vertex -37.51616668701172 -35.04129409790039 -8.899999618530273
    endloop
  endfacet
  facet normal 0.8314692969901976 0.5555707049175889 0
    outer loop
      vertex -37.70768356323242 -25.672080993652344 -11.899999618530273
      vertex -37.70768356323242 -25.672080993652344 -8.899999618530273
      vertex -37.51616668701172 -25.95870590209961 -8.899999618530273
    endloop
  endfacet
  facet normal 0.8314692969901976 0.5555707049175889 0
    outer loop
      vertex -37.70768356323242 -25.672080993652344 -11.899999618530273
      vertex -37.51616668701172 -25.95870590209961 -8.899999618530273
      vertex -37.51616668701172 -25.95870590209961 -11.899999618530273
    endloop
  endfacet
  facet normal 0.8314692969901976 -0.5555707049175889 0
    outer loop
      vertex -37.70768356323242 -24.014209747314453 -11.899999618530273
      vertex -37.51616668701172 -23.727584838867188 -11.899999618530273
      vertex -37.70768356323242 -24.014209747314453 -8.899999618530273
    endloop
  endfacet
  facet normal 0.8314692969901976 -0.5555707049175889 0
    outer loop
      vertex -37.70768356323242 -24.014209747314453 -8.899999618530273
      vertex -37.51616668701172 -23.727584838867188 -11.899999618530273
      vertex -37.51616668701172 -23.727584838867188 -8.899999618530273
    endloop
  endfacet
  facet normal 0.38268140491468455 0.9238803723061353 0
    outer loop
      vertex -37.69630813598633 -39.036964416503906 -8.899999618530273
      vertex -37.69630813598633 -39.036964416503906 -1.8999996185302734
      vertex -37.10484313964844 -39.28195571899414 -8.899999618530273
    endloop
  endfacet
  facet normal 0 0 1
    outer loop
      vertex -37.69630813598633 -39.036964416503906 -8.899999618530273
      vertex -37.10484313964844 -39.28195571899414 -8.899999618530273
      vertex -36.98579025268555 -37.70768356323242 -8.899999618530273
    endloop
  endfacet
  facet normal 0 0 1
    outer loop
      vertex -37.69630813598633 -39.036964416503906 -8.899999618530273
      vertex -36.98579025268555 -37.70768356323242 -8.899999618530273
      vertex -37.27241516113281 -37.51616668701172 -8.899999618530273
    endloop
  endfacet
  facet normal 0.38268140491468455 0.9238803723061353 0
    outer loop
      vertex -37.69630813598633 -39.036964416503906 -1.8999996185302734
      vertex -37.10484313964844 -39.28195571899414 -1.8999996185302734
      vertex -37.10484313964844 -39.28195571899414 -8.899999618530273
    endloop
  endfacet
  facet normal 0 0 1
    outer loop
      vertex -37.69630813598633 -21.96303367614746 -8.899999618530273
      vertex -37.27241516113281 -23.48383140563965 -8.899999618530273
      vertex -36.98579025268555 -23.292316436767578 -8.899999618530273
    endloop
  endfacet
  facet normal 0.38268140491468455 -0.9238803723061353 0
    outer loop
      vertex -37.69630813598633 -21.96303367614746 -8.899999618530273
      vertex -37.10484313964844 -21.718042373657227 -8.899999618530273
      vertex -37.10484313964844 -21.718042373657227 -1.8999996185302734
    endloop
  endfacet
  facet normal 0.38268140491468455 -0.9238803723061353 0
    outer loop
      vertex -37.69630813598633 -21.96303367614746 -8.899999618530273
      vertex -37.10484313964844 -21.718042373657227 -1.8999996185302734
      vertex -37.69630813598633 -21.96303367614746 -1.8999996185302734
    endloop
  endfacet
  facet normal 0 0 1
    outer loop
      vertex -37.69630813598633 -21.96303367614746 -8.899999618530273
      vertex -36.98579025268555 -23.292316436767578 -8.899999618530273
      vertex -37.10484313964844 -21.718042373657227 -8.899999618530273
    endloop
  endfacet
  facet normal 0.7071067811865476 0.7071067811865476 0
    outer loop
      vertex -37.51616668701172 -37.27241516113281 -11.899999618530273
      vertex -37.51616668701172 -37.27241516113281 -8.899999618530273
      vertex -37.27241516113281 -37.51616668701172 -8.899999618530273
    endloop
  endfacet
  facet normal 0.7071067811865476 0.7071067811865476 0
    outer loop
      vertex -37.51616668701172 -37.27241516113281 -11.899999618530273
      vertex -37.27241516113281 -37.51616668701172 -8.899999618530273
      vertex -37.27241516113281 -37.51616668701172 -11.899999618530273
    endloop
  endfacet
  facet normal 0 0 -1
    outer loop
      vertex -37.51616668701172 -35.04129409790039 -11.899999618530273
      vertex -37.51616668701172 -25.95870590209961 -11.899999618530273
      vertex -36.099998474121094 -29.948448181152344 -11.899999618530273
    endloop
  endfacet
  facet normal 0 0 -1
    outer loop
      vertex -37.51616668701172 -35.04129409790039 -11.899999618530273
      vertex -36.099998474121094 -31.051551818847656 -11.899999618530273
      vertex -35.884796142578125 -32.133460998535156 -11.899999618530273
    endloop
  endfacet
  facet normal 0 0 -1
    outer loop
      vertex -37.51616668701172 -35.04129409790039 -11.899999618530273
      vertex -36.099998474121094 -29.948448181152344 -11.899999618530273
      vertex -36.099998474121094 -31.051551818847656 -11.899999618530273
    endloop
  endfacet
  facet normal 0 0 -1
    outer loop
      vertex -37.51616668701172 -35.04129409790039 -11.899999618530273
      vertex -35.884796142578125 -32.133460998535156 -11.899999618530273
      vertex -35.510929107666016 -33.03605270385742 -11.899999618530273
    endloop
  endfacet
  facet normal 0.707107453773797 -0.7071061085986583 0
    outer loop
      vertex -37.51616668701172 -35.04129409790039 -11.899999618530273
      vertex -35.510929107666016 -33.03605270385742 -11.899999618530273
      vertex -37.51616668701172 -35.04129409790039 -8.899999618530273
    endloop
  endfacet
  facet normal 0.707107453773797 -0.7071061085986583 0
    outer loop
      vertex -37.51616668701172 -35.04129409790039 -8.899999618530273
      vertex -35.510929107666016 -33.03605270385742 -11.899999618530273
      vertex -35.510929107666016 -33.03605270385742 -8.899999618530273
    endloop
  endfacet
  facet normal 0.707107453773797 0.7071061085986583 0
    outer loop
      vertex -37.51616668701172 -25.95870590209961 -11.899999618530273
      vertex -37.51616668701172 -25.95870590209961 -8.899999618530273
      vertex -35.510929107666016 -27.963947296142578 -8.899999618530273
    endloop
  endfacet
  facet normal 0 0 -1
    outer loop
      vertex -37.51616668701172 -25.95870590209961 -11.899999618530273
      vertex -35.884796142578125 -28.866540908813477 -11.899999618530273
      vertex -36.099998474121094 -29.948448181152344 -11.899999618530273
    endloop
  endfacet
  facet normal 0 0 -1
    outer loop
      vertex -37.51616668701172 -25.95870590209961 -11.899999618530273
      vertex -35.510929107666016 -27.963947296142578 -11.899999618530273
      vertex -35.884796142578125 -28.866540908813477 -11.899999618530273
    endloop
  endfacet
  facet normal 0.707107453773797 0.7071061085986583 0
    outer loop
      vertex -37.51616668701172 -25.95870590209961 -11.899999618530273
      vertex -35.510929107666016 -27.963947296142578 -8.899999618530273
      vertex -35.510929107666016 -27.963947296142578 -11.899999618530273
    endloop
  endfacet
  facet normal 0.7071095477153567 -0.7071040146469144 0
    outer loop
      vertex -37.51616668701172 -23.727584838867188 -11.899999618530273
      vertex -37.27241516113281 -23.48383140563965 -11.899999618530273
      vertex -37.51616668701172 -23.727584838867188 -8.899999618530273
    endloop
  endfacet
  facet normal 0.7071095477153567 -0.7071040146469144 0
    outer loop
      vertex -37.51616668701172 -23.727584838867188 -8.899999618530273
      vertex -37.27241516113281 -23.48383140563965 -11.899999618530273
      vertex -37.27241516113281 -23.48383140563965 -8.899999618530273
    endloop
  endfacet
  facet normal 0.8870976867057666 -0.36744898786241853 -0.27935449801311896
    outer loop
      vertex -37.36662673950195 -51.44207763671875 -11.899999618530273
      vertex -37.057559967041016 -50.695926666259766 -11.899999618530273
      vertex -35.11381149291992 -53.07367706298828 -2.5999999046325684
    endloop
  endfacet
  facet normal 0.8870940189359571 0.3674573551240994 -0.2793551390850959
    outer loop
      vertex -37.36662673950195 -47.55792236328125 -11.899999618530273
      vertex -35.356048583984375 -46.10176467895508 -3.59999942779541
      vertex -35.32281494140625 -46.1819953918457 -3.59999942779541
    endloop
  endfacet
  facet normal 0.8870976477603991 0.3674489717306711 -0.27935464290403234
    outer loop
      vertex -37.36662673950195 -47.55792236328125 -11.899999618530273
      vertex -35.32281494140625 -46.1819953918457 -3.59999942779541
      vertex -37.057559967041016 -48.304073333740234 -11.899999618530273
    endloop
  endfacet
  facet normal 0.5555707049175889 0.8314692969901976 0
    outer loop
      vertex -37.27241516113281 -37.51616668701172 -11.899999618530273
      vertex -37.27241516113281 -37.51616668701172 -8.899999618530273
      vertex -36.98579025268555 -37.70768356323242 -11.899999618530273
    endloop
  endfacet
  facet normal 0.5555707049175889 0.8314692969901976 0
    outer loop
      vertex -37.27241516113281 -37.51616668701172 -8.899999618530273
      vertex -36.98579025268555 -37.70768356323242 -8.899999618530273
      vertex -36.98579025268555 -37.70768356323242 -11.899999618530273
    endloop
  endfacet
  facet normal 0.5555668796941617 -0.8314718529131897 0
    outer loop
      vertex -37.27241516113281 -23.48383140563965 -11.899999618530273
      vertex -36.98579025268555 -23.292316436767578 -11.899999618530273
      vertex -36.98579025268555 -23.292316436767578 -8.899999618530273
    endloop
  endfacet
  facet normal 0.5555668796941617 -0.8314718529131897 0
    outer loop
      vertex -37.27241516113281 -23.48383140563965 -11.899999618530273
      vertex -36.98579025268555 -23.292316436767578 -8.899999618530273
      vertex -37.27241516113281 -23.48383140563965 -8.899999618530273
    endloop
  endfacet
  facet normal -0.7071067811865475 0.7071067811865475 0
    outer loop
      vertex -37.12132263183594 -45.400001525878906 -3.59999942779541
      vertex -37.12132263183594 -45.400001525878906 -0.6000000238418579
      vertex -34.787200927734375 -43.065879821777344 -1.8999996185302734
    endloop
  endfacet
  facet normal 0 0 -1
    outer loop
      vertex -37.12132263183594 -45.400001525878906 -3.59999942779541
      vertex -34.787200927734375 -43.065879821777344 -3.59999942779541
      vertex -36.406314849853516 -45.400001525878906 -3.59999942779541
    endloop
  endfacet
  facet normal -0.7071067811865476 0.7071067811865476 0
    outer loop
      vertex -37.12132263183594 -45.400001525878906 -3.59999942779541
      vertex -34.787200927734375 -43.065879821777344 -1.8999996185302734
      vertex -34.787200927734375 -43.065879821777344 -3.59999942779541
    endloop
  endfacet
  facet normal -0.7071067811865476 0.7071067811865476 0
    outer loop
      vertex -37.12132263183594 -45.400001525878906 -0.6000000238418579
      vertex -29.59223175048828 -37.87091064453125 -0.5999994277954102
      vertex -34.787200927734375 -43.065879821777344 -1.8999996185302734
    endloop
  endfacet
  facet normal 0.19509274175163574 0.9807847990848092 0
    outer loop
      vertex -37.10484313964844 -39.28195571899414 -8.899999618530273
      vertex -37.10484313964844 -39.28195571899414 -1.8999996185302734
      vertex -36.476951599121094 -39.40685272216797 -8.899999618530273
    endloop
  endfacet
  facet normal 0 0 1
    outer loop
      vertex -37.10484313964844 -39.28195571899414 -8.899999618530273
      vertex -36.66730880737305 -37.839603424072266 -8.899999618530273
      vertex -36.98579025268555 -37.70768356323242 -8.899999618530273
    endloop
  endfacet
  facet normal 0 0 1
    outer loop
      vertex -37.10484313964844 -39.28195571899414 -8.899999618530273
      vertex -36.476951599121094 -39.40685272216797 -8.899999618530273
      vertex -36.66730880737305 -37.839603424072266 -8.899999618530273
    endloop
  endfacet
  facet normal 0 0 1
    outer loop
      vertex -37.10484313964844 -39.28195571899414 -1.8999996185302734
      vertex -36.77622985839844 -42.24199676513672 -1.8999996185302734
      vertex -36.476951599121094 -39.40685272216797 -1.8999996185302734
    endloop
  endfacet
  facet normal 0.19509274175163574 0.9807847990848092 0
    outer loop
      vertex -37.10484313964844 -39.28195571899414 -1.8999996185302734
      vertex -36.476951599121094 -39.40685272216797 -1.8999996185302734
      vertex -36.476951599121094 -39.40685272216797 -8.899999618530273
    endloop
  endfacet
  facet normal 0 0 1
    outer loop
      vertex -37.10484313964844 -21.718042373657227 -8.899999618530273
      vertex -36.98579025268555 -23.292316436767578 -8.899999618530273
      vertex -36.66730880737305 -23.160398483276367 -8.899999618530273
    endloop
  endfacet
  facet normal 0 0 1
    outer loop
      vertex -37.10484313964844 -21.718042373657227 -8.899999618530273
      vertex -36.66730880737305 -23.160398483276367 -8.899999618530273
      vertex -36.476951599121094 -21.5931453704834 -8.899999618530273
    endloop
  endfacet
  facet normal 0.19509274175163574 -0.9807847990848092 0
    outer loop
      vertex -37.10484313964844 -21.718042373657227 -8.899999618530273
      vertex -36.476951599121094 -21.5931453704834 -8.899999618530273
      vertex -36.476951599121094 -21.5931453704834 -1.8999996185302734
    endloop
  endfacet
  facet normal 0.19509274175163574 -0.9807847990848092 0
    outer loop
      vertex -37.10484313964844 -21.718042373657227 -8.899999618530273
      vertex -36.476951599121094 -21.5931453704834 -1.8999996185302734
      vertex -37.10484313964844 -21.718042373657227 -1.8999996185302734
    endloop
  endfacet
  facet normal 0 0 1
    outer loop
      vertex -37.10484313964844 -21.718042373657227 -1.8999996185302734
      vertex -36.476951599121094 -21.5931453704834 -1.8999996185302734
      vertex -36.77622985839844 -18.75800323486328 -1.8999996185302734
    endloop
  endfacet
  facet normal 0.9494573336858984 -0.18885626208531142 -0.25072711018401816
    outer loop
      vertex -37.057559967041016 -50.695926666259766 -11.899999618530273
      vertex -36.900001525878906 -49.90381622314453 -11.899999618530273
      vertex -35 -52.698490142822266 -2.5999999046325684
    endloop
  endfacet
  facet normal 0.8870972907236265 -0.36744984094555483 -0.27935463336033656
    outer loop
      vertex -37.057559967041016 -50.695926666259766 -11.899999618530273
      vertex -35.038429260253906 -52.89168930053711 -2.5999999046325684
      vertex -35.11381149291992 -53.07367706298828 -2.5999999046325684
    endloop
  endfacet
  facet normal 0.9494572475051579 -0.18885661871356002 -0.25072716790968275
    outer loop
      vertex -37.057559967041016 -50.695926666259766 -11.899999618530273
      vertex -35 -52.698490142822266 -2.5999999046325684
      vertex -35.038429260253906 -52.89168930053711 -2.5999999046325684
    endloop
  endfacet
  facet normal 0.8871059490176987 0.3674310874633515 -0.2793518054047748
    outer loop
      vertex -37.057559967041016 -48.304073333740234 -11.899999618530273
      vertex -35.32281494140625 -46.1819953918457 -3.59999942779541
      vertex -35.25554275512695 -46.34441375732422 -3.59999942779541
    endloop
  endfacet
  facet normal 0.9494560132918585 0.18886192512183847 -0.2507278446108518
    outer loop
      vertex -37.057559967041016 -48.304073333740234 -11.899999618530273
      vertex -35.25554275512695 -46.34441375732422 -3.59999942779541
      vertex -35.22124481201172 -46.51683807373047 -3.59999942779541
    endloop
  endfacet
  facet normal 0.9494500797980233 0.18888647682115817 -0.2507318185743828
    outer loop
      vertex -37.057559967041016 -48.304073333740234 -11.899999618530273
      vertex -35.22124481201172 -46.51683807373047 -3.59999942779541
      vertex -35.20429992675781 -46.602012634277344 -3.59999942779541
    endloop
  endfacet
  facet normal 0.9494573022607503 0.18885625583454502 -0.2507272338935185
    outer loop
      vertex -37.057559967041016 -48.304073333740234 -11.899999618530273
      vertex -35.20429992675781 -46.602012634277344 -3.59999942779541
      vertex -36.900001525878906 -49.09618377685547 -11.899999618530273
    endloop
  endfacet
  facet normal 0.382684736821971 0.9238789921864761 0
    outer loop
      vertex -36.98579025268555 -37.70768356323242 -11.899999618530273
      vertex -36.98579025268555 -37.70768356323242 -8.899999618530273
      vertex -36.66730880737305 -37.839603424072266 -11.899999618530273
    endloop
  endfacet
  facet normal 0.382684736821971 0.9238789921864761 0
    outer loop
      vertex -36.98579025268555 -37.70768356323242 -8.899999618530273
      vertex -36.66730880737305 -37.839603424072266 -8.899999618530273
      vertex -36.66730880737305 -37.839603424072266 -11.899999618530273
    endloop
  endfacet
  facet normal 0.38268001409757657 -0.9238809483966419 0
    outer loop
      vertex -36.98579025268555 -23.292316436767578 -11.899999618530273
      vertex -36.66730880737305 -23.160398483276367 -11.899999618530273
      vertex -36.66730880737305 -23.160398483276367 -8.899999618530273
    endloop
  endfacet
  facet normal 0.38268001409757657 -0.9238809483966419 0
    outer loop
      vertex -36.98579025268555 -23.292316436767578 -11.899999618530273
      vertex -36.66730880737305 -23.160398483276367 -8.899999618530273
      vertex -36.98579025268555 -23.292316436767578 -8.899999618530273
    endloop
  endfacet
  facet normal 0.9797618525813397 0 -0.2001667110844883
    outer loop
      vertex -36.900001525878906 -49.90381622314453 -11.899999618530273
      vertex -36.900001525878906 -49.09618377685547 -11.899999618530273
      vertex -35.20429992675781 -47.72562026977539 -3.59999942779541
    endloop
  endfacet
  facet normal 0.9797618657635903 -2.5612941925345514e-7 -0.20016664656076674
    outer loop
      vertex -36.900001525878906 -49.90381622314453 -11.899999618530273
      vertex -35.20429992675781 -47.72562026977539 -3.59999942779541
      vertex -35 -52.698490142822266 -2.5999999046325684
    endloop
  endfacet
  facet normal 0.9797618525813397 0 -0.2001667110844883
    outer loop
      vertex -36.900001525878906 -49.09618377685547 -11.899999618530273
      vertex -35.20429992675781 -46.602012634277344 -3.59999942779541
      vertex -35.20429992675781 -47.72562026977539 -3.59999942779541
    endloop
  endfacet
  facet normal 0 0 -1
    outer loop
      vertex -36.77622985839844 -42.24199676513672 -11.899999618530273
      vertex -36.3292121887207 -37.90685272216797 -11.899999618530273
      vertex -35.984493255615234 -37.90685272216797 -11.899999618530273
    endloop
  endfacet
  facet normal 0 0 -1
    outer loop
      vertex -36.77622985839844 -42.24199676513672 -11.899999618530273
      vertex -35.984493255615234 -37.90685272216797 -11.899999618530273
      vertex -35.646400451660156 -37.839603424072266 -11.899999618530273
    endloop
  endfacet
  facet normal 0 0 -1
    outer loop
      vertex -36.77622985839844 -42.24199676513672 -11.899999618530273
      vertex -35.646400451660156 -37.839603424072266 -11.899999618530273
      vertex -34.36488342285156 -43.24081039428711 -11.899999618530273
    endloop
  endfacet
  facet normal -0.3826835503559084 -0.9238794836378806 0
    outer loop
      vertex -36.77622985839844 -42.24199676513672 -11.899999618530273
      vertex -34.787200927734375 -43.065879821777344 -3.59999942779541
      vertex -36.77622985839844 -42.24199676513672 -1.8999996185302734
    endloop
  endfacet
  facet normal -0.3826838352540181 -0.9238793656291221 7.998746794551216e-8
    outer loop
      vertex -36.77622985839844 -42.24199676513672 -11.899999618530273
      vertex -34.36488342285156 -43.24081039428711 -11.899999618530273
      vertex -34.787200927734375 -43.065879821777344 -3.59999942779541
    endloop
  endfacet
  facet normal 0 0 1
    outer loop
      vertex -36.77622985839844 -42.24199676513672 -1.8999996185302734
      vertex -35.83675765991211 -39.40685272216797 -1.8999996185302734
      vertex -36.476951599121094 -39.40685272216797 -1.8999996185302734
    endloop
  endfacet
  facet normal -0.3826835503559084 -0.9238794836378806 0
    outer loop
      vertex -36.77622985839844 -42.24199676513672 -1.8999996185302734
      vertex -34.787200927734375 -43.065879821777344 -3.59999942779541
      vertex -34.787200927734375 -43.065879821777344 -1.8999996185302734
    endloop
  endfacet
  facet normal 0 0 1
    outer loop
      vertex -36.77622985839844 -42.24199676513672 -1.8999996185302734
      vertex -34.787200927734375 -43.065879821777344 -1.8999996185302734
      vertex -35.83675765991211 -39.40685272216797 -1.8999996185302734
    endloop
  endfacet
  facet normal -0.38268383525401933 0.9238793656291251 0
    outer loop
      vertex -36.77622985839844 -18.75800323486328 -11.899999618530273
      vertex -36.77622985839844 -18.75800323486328 -1.8999996185302734
      vertex -34.36488342285156 -17.75918960571289 -11.899999618530273
    endloop
  endfacet
  facet normal 0 0 -1
    outer loop
      vertex -36.77622985839844 -18.75800323486328 -11.899999618530273
      vertex -35.984493255615234 -23.09314727783203 -11.899999618530273
      vertex -36.3292121887207 -23.09314727783203 -11.899999618530273
    endloop
  endfacet
  facet normal 0 0 -1
    outer loop
      vertex -36.77622985839844 -18.75800323486328 -11.899999618530273
      vertex -35.646400451660156 -23.160398483276367 -11.899999618530273
      vertex -35.984493255615234 -23.09314727783203 -11.899999618530273
    endloop
  endfacet
  facet normal 0 0 -1
    outer loop
      vertex -36.77622985839844 -18.75800323486328 -11.899999618530273
      vertex -34.36488342285156 -17.75918960571289 -11.899999618530273
      vertex -35.646400451660156 -23.160398483276367 -11.899999618530273
    endloop
  endfacet
  facet normal 0 0 1
    outer loop
      vertex -36.77622985839844 -18.75800323486328 -1.8999996185302734
      vertex -36.476951599121094 -21.5931453704834 -1.8999996185302734
      vertex -35.83675765991211 -21.5931453704834 -1.8999996185302734
    endloop
  endfacet
  facet normal 0 0 1
    outer loop
      vertex -36.77622985839844 -18.75800323486328 -1.8999996185302734
      vertex -35.83675765991211 -21.5931453704834 -1.8999996185302734
      vertex -35.208866119384766 -21.718042373657227 -1.8999996185302734
    endloop
  endfacet
  facet normal 0 0 1
    outer loop
      vertex -36.77622985839844 -18.75800323486328 -1.8999996185302734
      vertex -35.208866119384766 -21.718042373657227 -1.8999996185302734
      vertex -34.36488342285156 -17.75918960571289 -1.8999996185302734
    endloop
  endfacet
  facet normal -0.38268383525401933 0.9238793656291251 0
    outer loop
      vertex -36.77622985839844 -18.75800323486328 -1.8999996185302734
      vertex -34.36488342285156 -17.75918960571289 -1.8999996185302734
      vertex -34.36488342285156 -17.75918960571289 -11.899999618530273
    endloop
  endfacet
  facet normal 0.19508390185000243 0.9807865574318291 0
    outer loop
      vertex -36.66730880737305 -37.839603424072266 -11.899999618530273
      vertex -36.66730880737305 -37.839603424072266 -8.899999618530273
      vertex -36.3292121887207 -37.90685272216797 -11.899999618530273
    endloop
  endfacet
  facet normal 0 0 1
    outer loop
      vertex -36.66730880737305 -37.839603424072266 -8.899999618530273
      vertex -36.476951599121094 -39.40685272216797 -8.899999618530273
      vertex -36.3292121887207 -37.90685272216797 -8.899999618530273
    endloop
  endfacet
  facet normal 0.19508390185000243 0.9807865574318291 0
    outer loop
      vertex -36.66730880737305 -37.839603424072266 -8.899999618530273
      vertex -36.3292121887207 -37.90685272216797 -8.899999618530273
      vertex -36.3292121887207 -37.90685272216797 -11.899999618530273
    endloop
  endfacet
  facet normal 0.1950892243058361 -0.9807854987507447 0
    outer loop
      vertex -36.66730880737305 -23.160398483276367 -11.899999618530273
      vertex -36.3292121887207 -23.09314727783203 -11.899999618530273
      vertex -36.3292121887207 -23.09314727783203 -8.899999618530273
    endloop
  endfacet
  facet normal 0.1950892243058361 -0.9807854987507447 0
    outer loop
      vertex -36.66730880737305 -23.160398483276367 -11.899999618530273
      vertex -36.3292121887207 -23.09314727783203 -8.899999618530273
      vertex -36.66730880737305 -23.160398483276367 -8.899999618530273
    endloop
  endfacet
  facet normal 0 0 1
    outer loop
      vertex -36.66730880737305 -23.160398483276367 -8.899999618530273
      vertex -36.3292121887207 -23.09314727783203 -8.899999618530273
      vertex -36.476951599121094 -21.5931453704834 -8.899999618530273
    endloop
  endfacet
  facet normal 0 1 0
    outer loop
      vertex -36.476951599121094 -39.40685272216797 -8.899999618530273
      vertex -36.476951599121094 -39.40685272216797 -1.8999996185302734
      vertex -35.83675765991211 -39.40685272216797 -8.899999618530273
    endloop
  endfacet
  facet normal 0 0 1
    outer loop
      vertex -36.476951599121094 -39.40685272216797 -8.899999618530273
      vertex -35.83675765991211 -39.40685272216797 -8.899999618530273
      vertex -36.3292121887207 -37.90685272216797 -8.899999618530273
    endloop
  endfacet
  facet normal 0 1 0
    outer loop
      vertex -36.476951599121094 -39.40685272216797 -1.8999996185302734
      vertex -35.83675765991211 -39.40685272216797 -1.8999996185302734
      vertex -35.83675765991211 -39.40685272216797 -8.899999618530273
    endloop
  endfacet
  facet normal 0 0 1
    outer loop
      vertex -36.476951599121094 -21.5931453704834 -8.899999618530273
      vertex -36.3292121887207 -23.09314727783203 -8.899999618530273
      vertex -35.83675765991211 -21.5931453704834 -8.899999618530273
    endloop
  endfacet
  facet normal 0 -1 0
    outer loop
      vertex -36.476951599121094 -21.5931453704834 -8.899999618530273
      vertex -35.83675765991211 -21.5931453704834 -8.899999618530273
      vertex -35.83675765991211 -21.5931453704834 -1.8999996185302734
    endloop
  endfacet
  facet normal 0 -1 0
    outer loop
      vertex -36.476951599121094 -21.5931453704834 -8.899999618530273
      vertex -35.83675765991211 -21.5931453704834 -1.8999996185302734
      vertex -36.476951599121094 -21.5931453704834 -1.8999996185302734
    endloop
  endfacet
  facet normal 0 0 -1
    outer loop
      vertex -36.406314849853516 -45.400001525878906 -3.59999942779541
      vertex -34.787200927734375 -43.065879821777344 -3.59999942779541
      vertex -36.233890533447266 -45.43429946899414 -3.59999942779541
    endloop
  endfacet
  facet normal 0 1 0
    outer loop
      vertex -36.3292121887207 -37.90685272216797 -11.899999618530273
      vertex -36.3292121887207 -37.90685272216797 -8.899999618530273
      vertex -35.984493255615234 -37.90685272216797 -11.899999618530273
    endloop
  endfacet
  facet normal 0 1 0
    outer loop
      vertex -36.3292121887207 -37.90685272216797 -8.899999618530273
      vertex -35.984493255615234 -37.90685272216797 -8.899999618530273
      vertex -35.984493255615234 -37.90685272216797 -11.899999618530273
    endloop
  endfacet
  facet normal 0 0 1
    outer loop
      vertex -36.3292121887207 -37.90685272216797 -8.899999618530273
      vertex -35.83675765991211 -39.40685272216797 -8.899999618530273
      vertex -35.984493255615234 -37.90685272216797 -8.899999618530273
    endloop
  endfacet
  facet normal 0 -1 0
    outer loop
      vertex -36.3292121887207 -23.09314727783203 -11.899999618530273
      vertex -35.984493255615234 -23.09314727783203 -11.899999618530273
      vertex -35.984493255615234 -23.09314727783203 -8.899999618530273
    endloop
  endfacet
  facet normal 0 -1 0
    outer loop
      vertex -36.3292121887207 -23.09314727783203 -11.899999618530273
      vertex -35.984493255615234 -23.09314727783203 -8.899999618530273
      vertex -36.3292121887207 -23.09314727783203 -8.899999618530273
    endloop
  endfacet
  facet normal 0 0 1
    outer loop
      vertex -36.3292121887207 -23.09314727783203 -8.899999618530273
      vertex -35.984493255615234 -23.09314727783203 -8.899999618530273
      vertex -35.83675765991211 -21.5931453704834 -8.899999618530273
    endloop
  endfacet
  facet normal 0 0 -1
    outer loop
      vertex -36.233890533447266 -45.43429946899414 -3.59999942779541
      vertex -34.787200927734375 -43.065879821777344 -3.59999942779541
      vertex -36.14871597290039 -45.45124053955078 -3.59999942779541
    endloop
  endfacet
  facet normal 0 0 -1
    outer loop
      vertex -36.14871597290039 -45.45124053955078 -3.59999942779541
      vertex -34.787200927734375 -43.065879821777344 -3.59999942779541
      vertex -36.068485260009766 -45.484474182128906 -3.59999942779541
    endloop
  endfacet
  facet normal 0.9807865108395435 0.195084136093107 0
    outer loop
      vertex -36.099998474121094 -31.051551818847656 -11.899999618530273
      vertex -36.099998474121094 -31.051551818847656 -1.8999996185302734
      vertex -36.024967193603516 -31.42877197265625 -8.899999618530273
    endloop
  endfacet
  facet normal 1 0 0
    outer loop
      vertex -36.099998474121094 -31.051551818847656 -11.899999618530273
      vertex -36.099998474121094 -29.948448181152344 -11.899999618530273
      vertex -36.099998474121094 -31.051551818847656 -1.8999996185302734
    endloop
  endfacet
  facet normal 0.9807857634233911 0.19508789369347 4.911740592882476e-7
    outer loop
      vertex -36.099998474121094 -31.051551818847656 -11.899999618530273
      vertex -36.024967193603516 -31.42877197265625 -8.899999618530273
      vertex -35.884796142578125 -32.133460998535156 -11.899999618530273
    endloop
  endfacet
  facet normal 1 0 0
    outer loop
      vertex -36.099998474121094 -31.051551818847656 -1.8999996185302734
      vertex -36.099998474121094 -29.948448181152344 -11.899999618530273
      vertex -36.099998474121094 -29.948448181152344 -1.8999996185302734
    endloop
  endfacet
  facet normal 0.9807865108395435 0.195084136093107 0
    outer loop
      vertex -36.099998474121094 -31.051551818847656 -1.8999996185302734
      vertex -36.024967193603516 -31.42877197265625 -1.8999996185302734
      vertex -36.024967193603516 -31.42877197265625 -8.899999618530273
    endloop
  endfacet
  facet normal 0.9807865108395435 -0.195084136093107 0
    outer loop
      vertex -36.099998474121094 -29.948448181152344 -11.899999618530273
      vertex -36.024967193603516 -29.57122802734375 -8.899999618530273
      vertex -36.099998474121094 -29.948448181152344 -1.8999996185302734
    endloop
  endfacet
  facet normal 0.9807856976159024 -0.19508822453393246 5.344198293808916e-7
    outer loop
      vertex -36.099998474121094 -29.948448181152344 -11.899999618530273
      vertex -35.884796142578125 -28.866540908813477 -11.899999618530273
      vertex -36.024967193603516 -29.57122802734375 -8.899999618530273
    endloop
  endfacet
  facet normal 0.9807865108395435 -0.195084136093107 0
    outer loop
      vertex -36.099998474121094 -29.948448181152344 -1.8999996185302734
      vertex -36.024967193603516 -29.57122802734375 -8.899999618530273
      vertex -36.024967193603516 -29.57122802734375 -1.8999996185302734
    endloop
  endfacet
  facet normal 0 0 -1
    outer loop
      vertex -36.068485260009766 -45.484474182128906 -3.59999942779541
      vertex -34.787200927734375 -43.065879821777344 -3.59999942779541
      vertex -35.906063079833984 -45.55175018310547 -3.59999942779541
    endloop
  endfacet
  facet normal 0.9807853633261333 0.19508990513408092 0
    outer loop
      vertex -36.024967193603516 -31.42877197265625 -8.899999618530273
      vertex -35.884796142578125 -32.133460998535156 -8.899999618530273
      vertex -35.884796142578125 -32.133460998535156 -11.899999618530273
    endloop
  endfacet
  facet normal 0.9807852622897385 -0.19509041307877972 0
    outer loop
      vertex -36.024967193603516 -29.57122802734375 -8.899999618530273
      vertex -35.884796142578125 -28.866540908813477 -11.899999618530273
      vertex -35.884796142578125 -28.866540908813477 -8.899999618530273
    endloop
  endfacet
  facet normal -0.19508601920809915 0.98078613627515 0
    outer loop
      vertex -35.984493255615234 -37.90685272216797 -11.899999618530273
      vertex -35.984493255615234 -37.90685272216797 -8.899999618530273
      vertex -35.646400451660156 -37.839603424072266 -11.899999618530273
    endloop
  endfacet
  facet normal 0 0 1
    outer loop
      vertex -35.984493255615234 -37.90685272216797 -8.899999618530273
      vertex -35.83675765991211 -39.40685272216797 -8.899999618530273
      vertex -35.646400451660156 -37.839603424072266 -8.899999618530273
    endloop
  endfacet
  facet normal -0.19508601920809915 0.98078613627515 0
    outer loop
      vertex -35.984493255615234 -37.90685272216797 -8.899999618530273
      vertex -35.646400451660156 -37.839603424072266 -8.899999618530273
      vertex -35.646400451660156 -37.839603424072266 -11.899999618530273
    endloop
  endfacet
  facet normal -0.1950913417171293 -0.9807850775715393 0
    outer loop
      vertex -35.984493255615234 -23.09314727783203 -11.899999618530273
      vertex -35.646400451660156 -23.160398483276367 -11.899999618530273
      vertex -35.646400451660156 -23.160398483276367 -8.899999618530273
    endloop
  endfacet
  facet normal -0.1950913417171293 -0.9807850775715393 0
    outer loop
      vertex -35.984493255615234 -23.09314727783203 -11.899999618530273
      vertex -35.646400451660156 -23.160398483276367 -8.899999618530273
      vertex -35.984493255615234 -23.09314727783203 -8.899999618530273
    endloop
  endfacet
  facet normal 0 0 1
    outer loop
      vertex -35.984493255615234 -23.09314727783203 -8.899999618530273
      vertex -35.646400451660156 -23.160398483276367 -8.899999618530273
      vertex -35.83675765991211 -21.5931453704834 -8.899999618530273
    endloop
  endfacet
  facet normal 0 0 -1
    outer loop
      vertex -35.906063079833984 -45.55175018310547 -3.59999942779541
      vertex -34.787200927734375 -43.065879821777344 -3.59999942779541
      vertex -34.36488342285156 -43.24081039428711 -3.59999942779541
    endloop
  endfacet
  facet normal 0 0 -1
    outer loop
      vertex -35.906063079833984 -45.55175018310547 -3.59999942779541
      vertex -34.36488342285156 -43.24081039428711 -3.59999942779541
      vertex -35.759891510009766 -45.649417877197266 -3.59999942779541
    endloop
  endfacet
  facet normal 0.19509187107699222 -0.980784972274595 0
    outer loop
      vertex -35.90150833129883 -53.599998474121094 -2.5999999046325684
      vertex -35.70831298828125 -53.56156921386719 -2.5999999046325684
      vertex -35.70831298828125 -53.56156921386719 -0.6000000238418579
    endloop
  endfacet
  facet normal 0.19509187107699222 -0.980784972274595 0
    outer loop
      vertex -35.90150833129883 -53.599998474121094 -2.5999999046325684
      vertex -35.70831298828125 -53.56156921386719 -0.6000000238418579
      vertex -35.90150833129883 -53.599998474121094 -0.6000000238418579
    endloop
  endfacet
  facet normal 0 0 1
    outer loop
      vertex -35.90150833129883 -53.599998474121094 -0.6000000238418579
      vertex -35.70831298828125 -53.56156921386719 -0.6000000238418579
      vertex -35.52632141113281 -53.48618698120117 -0.6000000238418579
    endloop
  endfacet
  facet normal 0 0 1
    outer loop
      vertex -35.90150833129883 -53.599998474121094 -0.6000000238418579
      vertex -35.52632141113281 -53.48618698120117 -0.6000000238418579
      vertex -35.3625373840332 -53.37675094604492 -0.6000000238418579
    endloop
  endfacet
  facet normal 0 0 1
    outer loop
      vertex -35.90150833129883 -53.599998474121094 -0.6000000238418579
      vertex -35.3625373840332 -53.37675094604492 -0.6000000238418579
      vertex -35.22325134277344 -53.23746109008789 -0.6000000238418579
    endloop
  endfacet
  facet normal 0 0 1
    outer loop
      vertex -35.90150833129883 -53.599998474121094 -0.6000000238418579
      vertex -35.22325134277344 -53.23746109008789 -0.6000000238418579
      vertex -35.11381149291992 -53.07367706298828 -0.6000000238418579
    endloop
  endfacet
  facet normal 0 0 1
    outer loop
      vertex -35.90150833129883 -53.599998474121094 -0.6000000238418579
      vertex -35.11381149291992 -53.07367706298828 -0.6000000238418579
      vertex -35.038429260253906 -52.89168930053711 -0.6000000238418579
    endloop
  endfacet
  facet normal 0 0 1
    outer loop
      vertex -35.90150833129883 -53.599998474121094 -0.6000000238418579
      vertex -35.038429260253906 -52.89168930053711 -0.6000000238418579
      vertex -35 -52.698490142822266 -0.6000000238418579
    endloop
  endfacet
  facet normal 0.9238790586920452 0.38268457626392605 0
    outer loop
      vertex -35.884796142578125 -32.133460998535156 -11.899999618530273
      vertex -35.884796142578125 -32.133460998535156 -8.899999618530273
      vertex -35.510929107666016 -33.03605270385742 -8.899999618530273
    endloop
  endfacet
  facet normal 0.9238790586920452 0.38268457626392605 0
    outer loop
      vertex -35.884796142578125 -32.133460998535156 -11.899999618530273
      vertex -35.510929107666016 -33.03605270385742 -8.899999618530273
      vertex -35.510929107666016 -33.03605270385742 -11.899999618530273
    endloop
  endfacet
  facet normal 0.9238793446055109 -0.38268388600944725 0
    outer loop
      vertex -35.884796142578125 -28.866540908813477 -11.899999618530273
      vertex -35.510929107666016 -27.963947296142578 -11.899999618530273
      vertex -35.884796142578125 -28.866540908813477 -8.899999618530273
    endloop
  endfacet
  facet normal 0.9238793446055109 -0.38268388600944725 0
    outer loop
      vertex -35.884796142578125 -28.866540908813477 -8.899999618530273
      vertex -35.510929107666016 -27.963947296142578 -11.899999618530273
      vertex -35.510929107666016 -27.963947296142578 -8.899999618530273
    endloop
  endfacet
  facet normal -0.19509274175163574 0.9807847990848092 0
    outer loop
      vertex -35.83675765991211 -39.40685272216797 -8.899999618530273
      vertex -35.83675765991211 -39.40685272216797 -1.8999996185302734
      vertex -35.208866119384766 -39.28195571899414 -8.899999618530273
    endloop
  endfacet
  facet normal 0 0 1
    outer loop
      vertex -35.83675765991211 -39.40685272216797 -8.899999618530273
      vertex -35.208866119384766 -39.28195571899414 -8.899999618530273
      vertex -35.646400451660156 -37.839603424072266 -8.899999618530273
    endloop
  endfacet
  facet normal -0.19509274175163574 0.9807847990848092 0
    outer loop
      vertex -35.83675765991211 -39.40685272216797 -1.8999996185302734
      vertex -35.208866119384766 -39.28195571899414 -1.8999996185302734
      vertex -35.208866119384766 -39.28195571899414 -8.899999618530273
    endloop
  endfacet
  facet normal 0 0 1
    outer loop
      vertex -35.83675765991211 -39.40685272216797 -1.8999996185302734
      vertex -34.787200927734375 -43.065879821777344 -1.8999996185302734
      vertex -35.208866119384766 -39.28195571899414 -1.8999996185302734
    endloop
  endfacet
  facet normal 0 0 1
    outer loop
      vertex -35.83675765991211 -21.5931453704834 -8.899999618530273
      vertex -35.646400451660156 -23.160398483276367 -8.899999618530273
      vertex -35.208866119384766 -21.718042373657227 -8.899999618530273
    endloop
  endfacet
  facet normal -0.19509274175163574 -0.9807847990848092 0
    outer loop
      vertex -35.83675765991211 -21.5931453704834 -8.899999618530273
      vertex -35.208866119384766 -21.718042373657227 -8.899999618530273
      vertex -35.208866119384766 -21.718042373657227 -1.8999996185302734
    endloop
  endfacet
  facet normal -0.19509274175163574 -0.9807847990848092 0
    outer loop
      vertex -35.83675765991211 -21.5931453704834 -8.899999618530273
      vertex -35.208866119384766 -21.718042373657227 -1.8999996185302734
      vertex -35.83675765991211 -21.5931453704834 -1.8999996185302734
    endloop
  endfacet
  facet normal 0 0 -1
    outer loop
      vertex -35.759891510009766 -45.649417877197266 -3.59999942779541
      vertex -34.36488342285156 -43.24081039428711 -3.59999942779541
      vertex -35.68768310546875 -45.69766616821289 -3.59999942779541
    endloop
  endfacet
  facet normal 0.38267846307975967 -0.9238815908410087 0
    outer loop
      vertex -35.70831298828125 -53.56156921386719 -2.5999999046325684
      vertex -35.52632141113281 -53.48618698120117 -2.5999999046325684
      vertex -35.52632141113281 -53.48618698120117 -0.6000000238418579
    endloop
  endfacet
  facet normal 0.38267846307975967 -0.9238815908410087 0
    outer loop
      vertex -35.70831298828125 -53.56156921386719 -2.5999999046325684
      vertex -35.52632141113281 -53.48618698120117 -0.6000000238418579
      vertex -35.70831298828125 -53.56156921386719 -0.6000000238418579
    endloop
  endfacet
  facet normal 0 0 -1
    outer loop
      vertex -35.68768310546875 -45.69766616821289 -3.59999942779541
      vertex -34.36488342285156 -43.24081039428711 -3.59999942779541
      vertex -35.50196838378906 -45.883384704589844 -3.59999942779541
    endloop
  endfacet
  facet normal -0.382684736821971 0.9238789921864761 0
    outer loop
      vertex -35.646400451660156 -37.839603424072266 -11.899999618530273
      vertex -35.646400451660156 -37.839603424072266 -8.899999618530273
      vertex -35.327919006347656 -37.70768356323242 -11.899999618530273
    endloop
  endfacet
  facet normal 0 0 -1
    outer loop
      vertex -35.646400451660156 -37.839603424072266 -11.899999618530273
      vertex -35.327919006347656 -37.70768356323242 -11.899999618530273
      vertex -34.36488342285156 -43.24081039428711 -11.899999618530273
    endloop
  endfacet
  facet normal -0.382684736821971 0.9238789921864761 0
    outer loop
      vertex -35.646400451660156 -37.839603424072266 -8.899999618530273
      vertex -35.327919006347656 -37.70768356323242 -8.899999618530273
      vertex -35.327919006347656 -37.70768356323242 -11.899999618530273
    endloop
  endfacet
  facet normal 0 0 1
    outer loop
      vertex -35.646400451660156 -37.839603424072266 -8.899999618530273
      vertex -35.208866119384766 -39.28195571899414 -8.899999618530273
      vertex -35.327919006347656 -37.70768356323242 -8.899999618530273
    endloop
  endfacet
  facet normal -0.38268001409757657 -0.9238809483966419 0
    outer loop
      vertex -35.646400451660156 -23.160398483276367 -11.899999618530273
      vertex -35.327919006347656 -23.292316436767578 -11.899999618530273
      vertex -35.327919006347656 -23.292316436767578 -8.899999618530273
    endloop
  endfacet
  facet normal -0.38268001409757657 -0.9238809483966419 0
    outer loop
      vertex -35.646400451660156 -23.160398483276367 -11.899999618530273
      vertex -35.327919006347656 -23.292316436767578 -8.899999618530273
      vertex -35.646400451660156 -23.160398483276367 -8.899999618530273
    endloop
  endfacet
  facet normal 0 0 -1
    outer loop
      vertex -35.646400451660156 -23.160398483276367 -11.899999618530273
      vertex -34.36488342285156 -17.75918960571289 -11.899999618530273
      vertex -35.327919006347656 -23.292316436767578 -11.899999618530273
    endloop
  endfacet
  facet normal 0 0 1
    outer loop
      vertex -35.646400451660156 -23.160398483276367 -8.899999618530273
      vertex -35.327919006347656 -23.292316436767578 -8.899999618530273
      vertex -35.208866119384766 -21.718042373657227 -8.899999618530273
    endloop
  endfacet
  facet normal 0.5555668883362574 -0.8314718471387762 0
    outer loop
      vertex -35.52632141113281 -53.48618698120117 -2.5999999046325684
      vertex -35.3625373840332 -53.37675094604492 -2.5999999046325684
      vertex -35.3625373840332 -53.37675094604492 -0.6000000238418579
    endloop
  endfacet
  facet normal 0.5555668883362574 -0.8314718471387762 0
    outer loop
      vertex -35.52632141113281 -53.48618698120117 -2.5999999046325684
      vertex -35.3625373840332 -53.37675094604492 -0.6000000238418579
      vertex -35.52632141113281 -53.48618698120117 -0.6000000238418579
    endloop
  endfacet
  facet normal 0 0 -1
    outer loop
      vertex -35.50196838378906 -45.883384704589844 -3.59999942779541
      vertex -34.36488342285156 -43.24081039428711 -3.59999942779541
      vertex -35.404296875 -46.02955627441406 -3.59999942779541
    endloop
  endfacet
  facet normal 0 0 -1
    outer loop
      vertex -35.404296875 -46.02955627441406 -3.59999942779541
      vertex -34.36488342285156 -43.24081039428711 -3.59999942779541
      vertex -35.356048583984375 -46.10176467895508 -3.59999942779541
    endloop
  endfacet
  facet normal 0.707116463933199 -0.7070970983073039 0
    outer loop
      vertex -35.3625373840332 -53.37675094604492 -2.5999999046325684
      vertex -35.22325134277344 -53.23746109008789 -2.5999999046325684
      vertex -35.3625373840332 -53.37675094604492 -0.6000000238418579
    endloop
  endfacet
  facet normal 0.707116463933199 -0.7070970983073039 0
    outer loop
      vertex -35.3625373840332 -53.37675094604492 -0.6000000238418579
      vertex -35.22325134277344 -53.23746109008789 -2.5999999046325684
      vertex -35.22325134277344 -53.23746109008789 -0.6000000238418579
    endloop
  endfacet
  facet normal 0 0 -1
    outer loop
      vertex -35.356048583984375 -46.10176467895508 -3.59999942779541
      vertex -34.36488342285156 -43.24081039428711 -3.59999942779541
      vertex -31.805011749267578 -43.75 -3.59999942779541
    endloop
  endfacet
  facet normal 0 0 -1
    outer loop
      vertex -35.356048583984375 -46.10176467895508 -3.59999942779541
      vertex -31.805011749267578 -43.75 -3.59999942779541
      vertex -35.32281494140625 -46.1819953918457 -3.59999942779541
    endloop
  endfacet
  facet normal -0.5555707049175889 0.8314692969901976 0
    outer loop
      vertex -35.327919006347656 -37.70768356323242 -11.899999618530273
      vertex -35.327919006347656 -37.70768356323242 -8.899999618530273
      vertex -35.04129409790039 -37.51616668701172 -11.899999618530273
    endloop
  endfacet
  facet normal 0 0 -1
    outer loop
      vertex -35.327919006347656 -37.70768356323242 -11.899999618530273
      vertex -35.04129409790039 -37.51616668701172 -11.899999618530273
      vertex -34.36488342285156 -43.24081039428711 -11.899999618530273
    endloop
  endfacet
  facet normal 0 0 1
    outer loop
      vertex -35.327919006347656 -37.70768356323242 -8.899999618530273
      vertex -35.208866119384766 -39.28195571899414 -8.899999618530273
      vertex -34.617401123046875 -39.036964416503906 -8.899999618530273
    endloop
  endfacet
  facet normal -0.5555707049175889 0.8314692969901976 0
    outer loop
      vertex -35.327919006347656 -37.70768356323242 -8.899999618530273
      vertex -35.04129409790039 -37.51616668701172 -8.899999618530273
      vertex -35.04129409790039 -37.51616668701172 -11.899999618530273
    endloop
  endfacet
  facet normal 0 0 1
    outer loop
      vertex -35.327919006347656 -37.70768356323242 -8.899999618530273
      vertex -34.617401123046875 -39.036964416503906 -8.899999618530273
      vertex -35.04129409790039 -37.51616668701172 -8.899999618530273
    endloop
  endfacet
  facet normal -0.5555668796941617 -0.8314718529131897 0
    outer loop
      vertex -35.327919006347656 -23.292316436767578 -11.899999618530273
      vertex -35.04129409790039 -23.48383140563965 -11.899999618530273
      vertex -35.04129409790039 -23.48383140563965 -8.899999618530273
    endloop
  endfacet
  facet normal -0.5555668796941617 -0.8314718529131897 0
    outer loop
      vertex -35.327919006347656 -23.292316436767578 -11.899999618530273
      vertex -35.04129409790039 -23.48383140563965 -8.899999618530273
      vertex -35.327919006347656 -23.292316436767578 -8.899999618530273
    endloop
  endfacet
  facet normal 0 0 -1
    outer loop
      vertex -35.327919006347656 -23.292316436767578 -11.899999618530273
      vertex -34.36488342285156 -17.75918960571289 -11.899999618530273
      vertex -35.04129409790039 -23.48383140563965 -11.899999618530273
    endloop
  endfacet
  facet normal 0 0 1
    outer loop
      vertex -35.327919006347656 -23.292316436767578 -8.899999618530273
      vertex -35.04129409790039 -23.48383140563965 -8.899999618530273
      vertex -34.617401123046875 -21.96303367614746 -8.899999618530273
    endloop
  endfacet
  facet normal 0 0 1
    outer loop
      vertex -35.327919006347656 -23.292316436767578 -8.899999618530273
      vertex -34.617401123046875 -21.96303367614746 -8.899999618530273
      vertex -35.208866119384766 -21.718042373657227 -8.899999618530273
    endloop
  endfacet
  facet normal 0 0 -1
    outer loop
      vertex -35.32281494140625 -46.1819953918457 -3.59999942779541
      vertex -31.805011749267578 -43.75 -3.59999942779541
      vertex -35.25554275512695 -46.34441375732422 -3.59999942779541
    endloop
  endfacet
  facet normal 0 0 -1
    outer loop
      vertex -35.25554275512695 -46.34441375732422 -3.59999942779541
      vertex -31.805011749267578 -43.75 -3.59999942779541
      vertex -35.22124481201172 -46.51683807373047 -3.59999942779541
    endloop
  endfacet
  facet normal 0.8314629013107511 -0.5555802765972782 0
    outer loop
      vertex -35.22325134277344 -53.23746109008789 -2.5999999046325684
      vertex -35.11381149291992 -53.07367706298828 -2.5999999046325684
      vertex -35.22325134277344 -53.23746109008789 -0.6000000238418579
    endloop
  endfacet
  facet normal 0.8314629013107511 -0.5555802765972782 0
    outer loop
      vertex -35.22325134277344 -53.23746109008789 -0.6000000238418579
      vertex -35.11381149291992 -53.07367706298828 -2.5999999046325684
      vertex -35.11381149291992 -53.07367706298828 -0.6000000238418579
    endloop
  endfacet
  facet normal 0 0 -1
    outer loop
      vertex -35.22124481201172 -46.51683807373047 -3.59999942779541
      vertex -31.805011749267578 -43.75 -3.59999942779541
      vertex -35.20429992675781 -46.602012634277344 -3.59999942779541
    endloop
  endfacet
  facet normal -0.38268140491468455 0.9238803723061353 0
    outer loop
      vertex -35.208866119384766 -39.28195571899414 -8.899999618530273
      vertex -35.208866119384766 -39.28195571899414 -1.8999996185302734
      vertex -34.617401123046875 -39.036964416503906 -8.899999618530273
    endloop
  endfacet
  facet normal 0 0 1
    outer loop
      vertex -35.208866119384766 -39.28195571899414 -1.8999996185302734
      vertex -34.787200927734375 -43.065879821777344 -1.8999996185302734
      vertex -34.617401123046875 -39.036964416503906 -1.8999996185302734
    endloop
  endfacet
  facet normal -0.38268140491468455 0.9238803723061353 0
    outer loop
      vertex -35.208866119384766 -39.28195571899414 -1.8999996185302734
      vertex -34.617401123046875 -39.036964416503906 -1.8999996185302734
      vertex -34.617401123046875 -39.036964416503906 -8.899999618530273
    endloop
  endfacet
  facet normal -0.38268140491468455 -0.9238803723061353 0
    outer loop
      vertex -35.208866119384766 -21.718042373657227 -8.899999618530273
      vertex -34.617401123046875 -21.96303367614746 -8.899999618530273
      vertex -34.617401123046875 -21.96303367614746 -1.8999996185302734
    endloop
  endfacet
  facet normal -0.38268140491468455 -0.9238803723061353 0
    outer loop
      vertex -35.208866119384766 -21.718042373657227 -8.899999618530273
      vertex -34.617401123046875 -21.96303367614746 -1.8999996185302734
      vertex -35.208866119384766 -21.718042373657227 -1.8999996185302734
    endloop
  endfacet
  facet normal 0 0 1
    outer loop
      vertex -35.208866119384766 -21.718042373657227 -1.8999996185302734
      vertex -34.617401123046875 -21.96303367614746 -1.8999996185302734
      vertex -34.36488342285156 -17.75918960571289 -1.8999996185302734
    endloop
  endfacet
  facet normal 0 0 -1
    outer loop
      vertex -35.20429992675781 -47.72562026977539 -3.59999942779541
      vertex -35.20429992675781 -46.602012634277344 -3.59999942779541
      vertex -31.805011749267578 -43.75 -3.59999942779541
    endloop
  endfacet
  facet normal 0.9797621155552033 0 -0.20016542389431935
    outer loop
      vertex -35.20429992675781 -47.72562026977539 -3.59999942779541
      vertex -35 -47.52132034301758 -2.5999999046325684
      vertex -35 -52.698490142822266 -2.5999999046325684
    endloop
  endfacet
  facet normal 0 0 -1
    outer loop
      vertex -35.20429992675781 -47.72562026977539 -3.59999942779541
      vertex -31.805011749267578 -43.75 -3.59999942779541
      vertex -31.228679656982422 -43.75 -3.59999942779541
    endloop
  endfacet
  facet normal 0.7071067811865476 -0.7071067811865476 0
    outer loop
      vertex -35.20429992675781 -47.72562026977539 -3.59999942779541
      vertex -31.228679656982422 -43.75 -3.59999942779541
      vertex -35 -47.52132034301758 -2.5999999046325684
    endloop
  endfacet
  facet normal 0.923878754850322 -0.38268530979934207 0
    outer loop
      vertex -35.11381149291992 -53.07367706298828 -2.5999999046325684
      vertex -35.038429260253906 -52.89168930053711 -2.5999999046325684
      vertex -35.11381149291992 -53.07367706298828 -0.6000000238418579
    endloop
  endfacet
  facet normal 0.923878754850322 -0.38268530979934207 0
    outer loop
      vertex -35.11381149291992 -53.07367706298828 -0.6000000238418579
      vertex -35.038429260253906 -52.89168930053711 -2.5999999046325684
      vertex -35.038429260253906 -52.89168930053711 -0.6000000238418579
    endloop
  endfacet
  facet normal -0.7071061085986583 0.707107453773797 0
    outer loop
      vertex -35.04129409790039 -37.51616668701172 -11.899999618530273
      vertex -35.04129409790039 -37.51616668701172 -8.899999618530273
      vertex -33.03605270385742 -35.510929107666016 -11.899999618530273
    endloop
  endfacet
  facet normal 0 0 -1
    outer loop
      vertex -35.04129409790039 -37.51616668701172 -11.899999618530273
      vertex -33.03605270385742 -35.510929107666016 -11.899999618530273
      vertex -32.133460998535156 -35.884796142578125 -11.899999618530273
    endloop
  endfacet
  facet normal 0 0 -1
    outer loop
      vertex -35.04129409790039 -37.51616668701172 -11.899999618530273
      vertex -32.133460998535156 -35.884796142578125 -11.899999618530273
      vertex -31.051551818847656 -36.099998474121094 -11.899999618530273
    endloop
  endfacet
  facet normal 0 0 -1
    outer loop
      vertex -35.04129409790039 -37.51616668701172 -11.899999618530273
      vertex -31.805011749267578 -43.75 -11.899999618530273
      vertex -34.36488342285156 -43.24081039428711 -11.899999618530273
    endloop
  endfacet
  facet normal 0 0 -1
    outer loop
      vertex -35.04129409790039 -37.51616668701172 -11.899999618530273
      vertex -31.051551818847656 -36.099998474121094 -11.899999618530273
      vertex -31.805011749267578 -43.75 -11.899999618530273
    endloop
  endfacet
  facet normal 0 0 1
    outer loop
      vertex -35.04129409790039 -37.51616668701172 -8.899999618530273
      vertex -34.617401123046875 -39.036964416503906 -8.899999618530273
      vertex -34.08509826660156 -38.68129348754883 -8.899999618530273
    endloop
  endfacet
  facet normal 0 0 1
    outer loop
      vertex -35.04129409790039 -37.51616668701172 -8.899999618530273
      vertex -34.08509826660156 -38.68129348754883 -8.899999618530273
      vertex -33.03605270385742 -35.510929107666016 -8.899999618530273
    endloop
  endfacet
  facet normal -0.7071061085986583 0.707107453773797 0
    outer loop
      vertex -35.04129409790039 -37.51616668701172 -8.899999618530273
      vertex -33.03605270385742 -35.510929107666016 -8.899999618530273
      vertex -33.03605270385742 -35.510929107666016 -11.899999618530273
    endloop
  endfacet
  facet normal 0 0 -1
    outer loop
      vertex -35.04129409790039 -23.48383140563965 -11.899999618530273
      vertex -34.36488342285156 -17.75918960571289 -11.899999618530273
      vertex -31.805011749267578 -17.25 -11.899999618530273
    endloop
  endfacet
  facet normal -0.7071067811865475 -0.7071067811865475 0
    outer loop
      vertex -35.04129409790039 -23.48383140563965 -11.899999618530273
      vertex -33.03605270385742 -25.489072799682617 -11.899999618530273
      vertex -35.04129409790039 -23.48383140563965 -8.899999618530273
    endloop
  endfacet
  facet normal 0 0 -1
    outer loop
      vertex -35.04129409790039 -23.48383140563965 -11.899999618530273
      vertex -32.133460998535156 -25.115205764770508 -11.899999618530273
      vertex -33.03605270385742 -25.489072799682617 -11.899999618530273
    endloop
  endfacet
  facet normal 0 0 -1
    outer loop
      vertex -35.04129409790039 -23.48383140563965 -11.899999618530273
      vertex -31.805011749267578 -17.25 -11.899999618530273
      vertex -31.051551818847656 -24.899999618530273 -11.899999618530273
    endloop
  endfacet
  facet normal 0 0 -1
    outer loop
      vertex -35.04129409790039 -23.48383140563965 -11.899999618530273
      vertex -31.051551818847656 -24.899999618530273 -11.899999618530273
      vertex -32.133460998535156 -25.115205764770508 -11.899999618530273
    endloop
  endfacet
  facet normal 0 0 1
    outer loop
      vertex -35.04129409790039 -23.48383140563965 -8.899999618530273
      vertex -34.08509826660156 -22.318706512451172 -8.899999618530273
      vertex -34.617401123046875 -21.96303367614746 -8.899999618530273
    endloop
  endfacet
  facet normal -0.7071067811865475 -0.7071067811865475 0
    outer loop
      vertex -35.04129409790039 -23.48383140563965 -8.899999618530273
      vertex -33.03605270385742 -25.489072799682617 -11.899999618530273
      vertex -33.03605270385742 -25.489072799682617 -8.899999618530273
    endloop
  endfacet
  facet normal 0 0 1
    outer loop
      vertex -35.04129409790039 -23.48383140563965 -8.899999618530273
      vertex -33.03605270385742 -25.489072799682617 -8.899999618530273
      vertex -34.08509826660156 -22.318706512451172 -8.899999618530273
    endloop
  endfacet
  facet normal 0.9807857093352048 -0.19508816561708434 0
    outer loop
      vertex -35.038429260253906 -52.89168930053711 -2.5999999046325684
      vertex -35 -52.698490142822266 -2.5999999046325684
      vertex -35.038429260253906 -52.89168930053711 -0.6000000238418579
    endloop
  endfacet
  facet normal 0.9807857093352048 -0.19508816561708434 0
    outer loop
      vertex -35.038429260253906 -52.89168930053711 -0.6000000238418579
      vertex -35 -52.698490142822266 -2.5999999046325684
      vertex -35 -52.698490142822266 -0.6000000238418579
    endloop
  endfacet
  facet normal 1 0 0
    outer loop
      vertex -35 -52.698490142822266 -2.5999999046325684
      vertex -35 -47.52132034301758 -2.5999999046325684
      vertex -35 -52.698490142822266 -0.6000000238418579
    endloop
  endfacet
  facet normal 1 0 0
    outer loop
      vertex -35 -52.698490142822266 -0.6000000238418579
      vertex -35 -47.52132034301758 -2.5999999046325684
      vertex -35 -47.52132034301758 -0.6000000238418579
    endloop
  endfacet
  facet normal 0.7071067811865476 -0.7071067811865476 0
    outer loop
      vertex -35 -47.52132034301758 -2.5999999046325684
      vertex -31.228679656982422 -43.75 -3.59999942779541
      vertex -31.228679656982422 -43.75 -1.8999996185302734
    endloop
  endfacet
  facet normal 0.7071067811865475 -0.7071067811865475 0
    outer loop
      vertex -35 -47.52132034301758 -2.5999999046325684
      vertex -31.228679656982422 -43.75 -1.8999996185302734
      vertex -35 -47.52132034301758 -0.6000000238418579
    endloop
  endfacet
  facet normal 0.7071067811865476 -0.7071067811865476 0
    outer loop
      vertex -35 -47.52132034301758 -0.6000000238418579
      vertex -31.228679656982422 -43.75 -1.8999996185302734
      vertex -27.47091293334961 -39.99223327636719 -0.5999994277954102
    endloop
  endfacet
  facet normal -0.38268517706428884 -0.9238788098312861 0
    outer loop
      vertex -34.787200927734375 -43.065879821777344 -3.59999942779541
      vertex -34.36488342285156 -43.24081039428711 -11.899999618530273
      vertex -34.36488342285156 -43.24081039428711 -3.59999942779541
    endloop
  endfacet
  facet normal 0 0 1
    outer loop
      vertex -34.787200927734375 -43.065879821777344 -1.8999996185302734
      vertex -34.08509826660156 -38.68129348754883 -1.8999996185302734
      vertex -34.617401123046875 -39.036964416503906 -1.8999996185302734
    endloop
  endfacet
  facet normal 0 0 1
    outer loop
      vertex -34.787200927734375 -43.065879821777344 -1.8999996185302734
      vertex -29.59223175048828 -37.87091064453125 -1.8999996185302734
      vertex -34.08509826660156 -38.68129348754883 -1.8999996185302734
    endloop
  endfacet
  facet normal -0.7071067811865476 0.7071067811865476 0
    outer loop
      vertex -34.787200927734375 -43.065879821777344 -1.8999996185302734
      vertex -29.59223175048828 -37.87091064453125 -0.5999994277954102
      vertex -29.59223175048828 -37.87091064453125 -1.8999996185302734
    endloop
  endfacet
  facet normal -0.5555675671623854 0.8314713935652076 0
    outer loop
      vertex -34.617401123046875 -39.036964416503906 -8.899999618530273
      vertex -34.617401123046875 -39.036964416503906 -1.8999996185302734
      vertex -34.08509826660156 -38.68129348754883 -8.899999618530273
    endloop
  endfacet
  facet normal -0.5555675671623854 0.8314713935652076 0
    outer loop
      vertex -34.617401123046875 -39.036964416503906 -1.8999996185302734
      vertex -34.08509826660156 -38.68129348754883 -1.8999996185302734
      vertex -34.08509826660156 -38.68129348754883 -8.899999618530273
    endloop
  endfacet
  facet normal -0.5555696269011553 -0.831470017297624 0
    outer loop
      vertex -34.617401123046875 -21.96303367614746 -8.899999618530273
      vertex -34.08509826660156 -22.318706512451172 -8.899999618530273
      vertex -34.08509826660156 -22.318706512451172 -1.8999996185302734
    endloop
  endfacet
  facet normal -0.5555696269011553 -0.831470017297624 0
    outer loop
      vertex -34.617401123046875 -21.96303367614746 -8.899999618530273
      vertex -34.08509826660156 -22.318706512451172 -1.8999996185302734
      vertex -34.617401123046875 -21.96303367614746 -1.8999996185302734
    endloop
  endfacet
  facet normal 0 0 1
    outer loop
      vertex -34.617401123046875 -21.96303367614746 -1.8999996185302734
      vertex -34.08509826660156 -22.318706512451172 -1.8999996185302734
      vertex -34.36488342285156 -17.75918960571289 -1.8999996185302734
    endloop
  endfacet
  facet normal -0.19509012702493295 -0.9807853191893705 0
    outer loop
      vertex -34.36488342285156 -43.24081039428711 -11.899999618530273
      vertex -31.805011749267578 -43.75 -11.899999618530273
      vertex -31.805011749267578 -43.75 -3.59999942779541
    endloop
  endfacet
  facet normal -0.19509012702493295 -0.9807853191893705 0
    outer loop
      vertex -34.36488342285156 -43.24081039428711 -11.899999618530273
      vertex -31.805011749267578 -43.75 -3.59999942779541
      vertex -34.36488342285156 -43.24081039428711 -3.59999942779541
    endloop
  endfacet
  facet normal -0.19509012702493295 0.9807853191893706 0
    outer loop
      vertex -34.36488342285156 -17.75918960571289 -11.899999618530273
      vertex -34.36488342285156 -17.75918960571289 -1.8999996185302734
      vertex -31.805011749267578 -17.25 -11.899999618530273
    endloop
  endfacet
  facet normal 0 0 1
    outer loop
      vertex -34.36488342285156 -17.75918960571289 -1.8999996185302734
      vertex -34.08509826660156 -22.318706512451172 -1.8999996185302734
      vertex -31.805011749267578 -17.25 -1.8999996185302734
    endloop
  endfacet
  facet normal -0.19509012702493295 0.9807853191893706 0
    outer loop
      vertex -34.36488342285156 -17.75918960571289 -1.8999996185302734
      vertex -31.805011749267578 -17.25 -1.8999996185302734
      vertex -31.805011749267578 -17.25 -11.899999618530273
    endloop
  endfacet
  facet normal -0.7071067811865475 0.7071067811865475 0
    outer loop
      vertex -34.08509826660156 -38.68129348754883 -8.899999618530273
      vertex -34.08509826660156 -38.68129348754883 -1.8999996185302734
      vertex -31.42877197265625 -36.024967193603516 -1.8999996185302734
    endloop
  endfacet
  facet normal 0 0 1
    outer loop
      vertex -34.08509826660156 -38.68129348754883 -8.899999618530273
      vertex -32.133460998535156 -35.884796142578125 -8.899999618530273
      vertex -33.03605270385742 -35.510929107666016 -8.899999618530273
    endloop
  endfacet
  facet normal 0 0 1
    outer loop
      vertex -34.08509826660156 -38.68129348754883 -8.899999618530273
      vertex -31.42877197265625 -36.024967193603516 -8.899999618530273
      vertex -32.133460998535156 -35.884796142578125 -8.899999618530273
    endloop
  endfacet
  facet normal -0.7071067811865475 0.7071067811865475 0
    outer loop
      vertex -34.08509826660156 -38.68129348754883 -8.899999618530273
      vertex -31.42877197265625 -36.024967193603516 -1.8999996185302734
      vertex -31.42877197265625 -36.024967193603516 -8.899999618530273
    endloop
  endfacet
  facet normal 0 0 1
    outer loop
      vertex -34.08509826660156 -38.68129348754883 -1.8999996185302734
      vertex -29.59223175048828 -37.87091064453125 -1.8999996185302734
      vertex -31.42877197265625 -36.024967193603516 -1.8999996185302734
    endloop
  endfacet
  facet normal 0 0 1
    outer loop
      vertex -34.08509826660156 -22.318706512451172 -8.899999618530273
      vertex -33.03605270385742 -25.489072799682617 -8.899999618530273
      vertex -32.133460998535156 -25.115205764770508 -8.899999618530273
    endloop
  endfacet
  facet normal 0 0 1
    outer loop
      vertex -34.08509826660156 -22.318706512451172 -8.899999618530273
      vertex -32.133460998535156 -25.115205764770508 -8.899999618530273
      vertex -31.42877197265625 -24.975034713745117 -8.899999618530273
    endloop
  endfacet
  facet normal -0.7071070350519008 -0.7071065273211031 0
    outer loop
      vertex -34.08509826660156 -22.318706512451172 -8.899999618530273
      vertex -31.42877197265625 -24.975034713745117 -8.899999618530273
      vertex -34.08509826660156 -22.318706512451172 -1.8999996185302734
    endloop
  endfacet
  facet normal -0.7071070350519008 -0.7071065273211031 0
    outer loop
      vertex -34.08509826660156 -22.318706512451172 -1.8999996185302734
      vertex -31.42877197265625 -24.975034713745117 -8.899999618530273
      vertex -31.42877197265625 -24.975034713745117 -1.8999996185302734
    endloop
  endfacet
  facet normal 0 0 1
    outer loop
      vertex -34.08509826660156 -22.318706512451172 -1.8999996185302734
      vertex -31.42877197265625 -24.975034713745117 -1.8999996185302734
      vertex -31.051551818847656 -24.899999618530273 -1.8999996185302734
    endloop
  endfacet
  facet normal 0 0 1
    outer loop
      vertex -34.08509826660156 -22.318706512451172 -1.8999996185302734
      vertex -31.051551818847656 -24.899999618530273 -1.8999996185302734
      vertex -26.914899826049805 -22.318706512451172 -1.8999996185302734
    endloop
  endfacet
  facet normal 0 0 1
    outer loop
      vertex -34.08509826660156 -22.318706512451172 -1.8999996185302734
      vertex -26.914899826049805 -22.318706512451172 -1.8999996185302734
      vertex -31.805011749267578 -17.25 -1.8999996185302734
    endloop
  endfacet
  facet normal 0.38268457626392605 0.9238790586920452 0
    outer loop
      vertex -33.03605270385742 -35.510929107666016 -11.899999618530273
      vertex -33.03605270385742 -35.510929107666016 -8.899999618530273
      vertex -32.133460998535156 -35.884796142578125 -11.899999618530273
    endloop
  endfacet
  facet normal 0.38268457626392605 0.9238790586920452 0
    outer loop
      vertex -33.03605270385742 -35.510929107666016 -8.899999618530273
      vertex -32.133460998535156 -35.884796142578125 -8.899999618530273
      vertex -32.133460998535156 -35.884796142578125 -11.899999618530273
    endloop
  endfacet
  facet normal 0.38268457626392605 -0.9238790586920452 0
    outer loop
      vertex -33.03605270385742 -25.489072799682617 -11.899999618530273
      vertex -32.133460998535156 -25.115205764770508 -11.899999618530273
      vertex -32.133460998535156 -25.115205764770508 -8.899999618530273
    endloop
  endfacet
  facet normal 0.38268457626392605 -0.9238790586920452 0
    outer loop
      vertex -33.03605270385742 -25.489072799682617 -11.899999618530273
      vertex -32.133460998535156 -25.115205764770508 -8.899999618530273
      vertex -33.03605270385742 -25.489072799682617 -8.899999618530273
    endloop
  endfacet
  facet normal 0.19508990513408092 0.9807853633261333 0
    outer loop
      vertex -32.133460998535156 -35.884796142578125 -11.899999618530273
      vertex -32.133460998535156 -35.884796142578125 -8.899999618530273
      vertex -31.42877197265625 -36.024967193603516 -8.899999618530273
    endloop
  endfacet
  facet normal 0.19508789369347 0.9807857634233911 4.911740592882476e-7
    outer loop
      vertex -32.133460998535156 -35.884796142578125 -11.899999618530273
      vertex -31.42877197265625 -36.024967193603516 -8.899999618530273
      vertex -31.051551818847656 -36.099998474121094 -11.899999618530273
    endloop
  endfacet
  facet normal 0.19508990513408092 -0.9807853633261333 0
    outer loop
      vertex -32.133460998535156 -25.115205764770508 -11.899999618530273
      vertex -31.42877197265625 -24.975034713745117 -8.899999618530273
      vertex -32.133460998535156 -25.115205764770508 -8.899999618530273
    endloop
  endfacet
  facet normal 0.19509122022232012 -0.9807851017384303 -3.2113175783264216e-7
    outer loop
      vertex -32.133460998535156 -25.115205764770508 -11.899999618530273
      vertex -31.051551818847656 -24.899999618530273 -11.899999618530273
      vertex -31.42877197265625 -24.975034713745117 -8.899999618530273
    endloop
  endfacet
  facet normal 0 -1 0
    outer loop
      vertex -31.805011749267578 -43.75 -11.899999618530273
      vertex -31.228679656982422 -43.75 -3.59999942779541
      vertex -31.805011749267578 -43.75 -3.59999942779541
    endloop
  endfacet
  facet normal 0 0 -1
    outer loop
      vertex -31.805011749267578 -43.75 -11.899999618530273
      vertex -31.051551818847656 -36.099998474121094 -11.899999618530273
      vertex -29.194988250732422 -43.75 -11.899999618530273
    endloop
  endfacet
  facet normal 0 -1 0
    outer loop
      vertex -31.805011749267578 -43.75 -11.899999618530273
      vertex -29.194988250732422 -43.75 -11.899999618530273
      vertex -31.228679656982422 -43.75 -3.59999942779541
    endloop
  endfacet
  facet normal -0.002154528933420793 0.999997678999844 0
    outer loop
      vertex -31.805011749267578 -17.25 -11.899999618530273
      vertex -31.805011749267578 -17.25 -1.8999996185302734
      vertex -8.598490715026855 -17.200000762939453 -11.899999618530273
    endloop
  endfacet
  facet normal 0 0 -1
    outer loop
      vertex -31.805011749267578 -17.25 -11.899999618530273
      vertex -29.948448181152344 -24.899999618530273 -11.899999618530273
      vertex -31.051551818847656 -24.899999618530273 -11.899999618530273
    endloop
  endfacet
  facet normal 0 0 -1
    outer loop
      vertex -31.805011749267578 -17.25 -11.899999618530273
      vertex -25.95870590209961 -23.48383140563965 -11.899999618530273
      vertex -29.948448181152344 -24.899999618530273 -11.899999618530273
    endloop
  endfacet
  facet normal 0 0 -1
    outer loop
      vertex -31.805011749267578 -17.25 -11.899999618530273
      vertex -25.672080993652344 -23.292316436767578 -11.899999618530273
      vertex -25.95870590209961 -23.48383140563965 -11.899999618530273
    endloop
  endfacet
  facet normal 0 0 -1
    outer loop
      vertex -31.805011749267578 -17.25 -11.899999618530273
      vertex -25.353601455688477 -23.160398483276367 -11.899999618530273
      vertex -25.672080993652344 -23.292316436767578 -11.899999618530273
    endloop
  endfacet
  facet normal 0 0 -1
    outer loop
      vertex -31.805011749267578 -17.25 -11.899999618530273
      vertex -25.015504837036133 -23.09314727783203 -11.899999618530273
      vertex -25.353601455688477 -23.160398483276367 -11.899999618530273
    endloop
  endfacet
  facet normal 0 0 -1
    outer loop
      vertex -31.805011749267578 -17.25 -11.899999618530273
      vertex -24.670785903930664 -23.09314727783203 -11.899999618530273
      vertex -25.015504837036133 -23.09314727783203 -11.899999618530273
    endloop
  endfacet
  facet normal 0 0 -1
    outer loop
      vertex -31.805011749267578 -17.25 -11.899999618530273
      vertex -24.33268928527832 -23.160398483276367 -11.899999618530273
      vertex -24.670785903930664 -23.09314727783203 -11.899999618530273
    endloop
  endfacet
  facet normal 0 0 -1
    outer loop
      vertex -31.805011749267578 -17.25 -11.899999618530273
      vertex -8.598490715026855 -17.200000762939453 -11.899999618530273
      vertex -24.33268928527832 -23.160398483276367 -11.899999618530273
    endloop
  endfacet
  facet normal 0 0 1
    outer loop
      vertex -31.805011749267578 -17.25 -1.8999996185302734
      vertex -26.914899826049805 -22.318706512451172 -1.8999996185302734
      vertex -26.382598876953125 -21.96303367614746 -1.8999996185302734
    endloop
  endfacet
  facet normal 0 0 1
    outer loop
      vertex -31.805011749267578 -17.25 -1.8999996185302734
      vertex -26.382598876953125 -21.96303367614746 -1.8999996185302734
      vertex -25.791135787963867 -21.718042373657227 -1.8999996185302734
    endloop
  endfacet
  facet normal 0 0 1
    outer loop
      vertex -31.805011749267578 -17.25 -1.8999996185302734
      vertex -25.791135787963867 -21.718042373657227 -1.8999996185302734
      vertex -25.163244247436523 -21.5931453704834 -1.8999996185302734
    endloop
  endfacet
  facet normal 0 0 1
    outer loop
      vertex -31.805011749267578 -17.25 -1.8999996185302734
      vertex -25.163244247436523 -21.5931453704834 -1.8999996185302734
      vertex -24.523048400878906 -21.5931453704834 -1.8999996185302734
    endloop
  endfacet
  facet normal 0 0 1
    outer loop
      vertex -31.805011749267578 -17.25 -1.8999996185302734
      vertex -24.523048400878906 -21.5931453704834 -1.8999996185302734
      vertex -23.89515495300293 -21.718042373657227 -1.8999996185302734
    endloop
  endfacet
  facet normal 0 0 1
    outer loop
      vertex -31.805011749267578 -17.25 -1.8999996185302734
      vertex -23.89515495300293 -21.718042373657227 -1.8999996185302734
      vertex -9.137462615966797 -17.423248291015625 -1.8999996185302734
    endloop
  endfacet
  facet normal 0 0 1
    outer loop
      vertex -31.805011749267578 -17.25 -1.8999996185302734
      vertex -9.137462615966797 -17.423248291015625 -1.8999996185302734
      vertex -8.973676681518555 -17.313812255859375 -1.8999996185302734
    endloop
  endfacet
  facet normal 0 0 1
    outer loop
      vertex -31.805011749267578 -17.25 -1.8999996185302734
      vertex -8.973676681518555 -17.313812255859375 -1.8999996185302734
      vertex -8.791688919067383 -17.23843002319336 -1.8999996185302734
    endloop
  endfacet
  facet normal 0 0 1
    outer loop
      vertex -31.805011749267578 -17.25 -1.8999996185302734
      vertex -8.791688919067383 -17.23843002319336 -1.8999996185302734
      vertex -8.598490715026855 -17.200000762939453 -1.8999996185302734
    endloop
  endfacet
  facet normal -0.002154528933420793 0.999997678999844 0
    outer loop
      vertex -31.805011749267578 -17.25 -1.8999996185302734
      vertex -8.598490715026855 -17.200000762939453 -1.8999996185302734
      vertex -8.598490715026855 -17.200000762939453 -11.899999618530273
    endloop
  endfacet
  facet normal 0.195084136093107 0.9807865108395435 0
    outer loop
      vertex -31.42877197265625 -36.024967193603516 -8.899999618530273
      vertex -31.42877197265625 -36.024967193603516 -1.8999996185302734
      vertex -31.051551818847656 -36.099998474121094 -1.8999996185302734
    endloop
  endfacet
  facet normal 0.195084136093107 0.9807865108395435 0
    outer loop
      vertex -31.42877197265625 -36.024967193603516 -8.899999618530273
      vertex -31.051551818847656 -36.099998474121094 -1.8999996185302734
      vertex -31.051551818847656 -36.099998474121094 -11.899999618530273
    endloop
  endfacet
  facet normal 0 0 1
    outer loop
      vertex -31.42877197265625 -36.024967193603516 -1.8999996185302734
      vertex -29.59223175048828 -37.87091064453125 -1.8999996185302734
      vertex -31.051551818847656 -36.099998474121094 -1.8999996185302734
    endloop
  endfacet
  facet normal 0.19509367695001187 -0.9807846130594242 0
    outer loop
      vertex -31.42877197265625 -24.975034713745117 -8.899999618530273
      vertex -31.051551818847656 -24.899999618530273 -11.899999618530273
      vertex -31.051551818847656 -24.899999618530273 -1.8999996185302734
    endloop
  endfacet
  facet normal 0.1950936769500119 -0.9807846130594242 0
    outer loop
      vertex -31.42877197265625 -24.975034713745117 -8.899999618530273
      vertex -31.051551818847656 -24.899999618530273 -1.8999996185302734
      vertex -31.42877197265625 -24.975034713745117 -1.8999996185302734
    endloop
  endfacet
  facet normal 0 -1 0
    outer loop
      vertex -31.228679656982422 -43.75 -3.59999942779541
      vertex -29.194988250732422 -43.75 -11.899999618530273
      vertex -29.194988250732422 -43.75 -1.8999996185302734
    endloop
  endfacet
  facet normal 0 -1 0
    outer loop
      vertex -31.228679656982422 -43.75 -3.59999942779541
      vertex -29.194988250732422 -43.75 -1.8999996185302734
      vertex -31.228679656982422 -43.75 -1.8999996185302734
    endloop
  endfacet
  facet normal 0 0 1
    outer loop
      vertex -31.228679656982422 -43.75 -1.8999996185302734
      vertex -29.194988250732422 -43.75 -1.8999996185302734
      vertex -27.47091293334961 -39.99223327636719 -1.8999996185302734
    endloop
  endfacet
  facet normal 0.7071067811865475 -0.7071067811865475 0
    outer loop
      vertex -31.228679656982422 -43.75 -1.8999996185302734
      vertex -27.47091293334961 -39.99223327636719 -1.8999996185302734
      vertex -27.47091293334961 -39.99223327636719 -0.5999994277954102
    endloop
  endfacet
  facet normal 0 1 0
    outer loop
      vertex -31.051551818847656 -36.099998474121094 -11.899999618530273
      vertex -31.051551818847656 -36.099998474121094 -1.8999996185302734
      vertex -29.948448181152344 -36.099998474121094 -11.899999618530273
    endloop
  endfacet
  facet normal 0 0 -1
    outer loop
      vertex -31.051551818847656 -36.099998474121094 -11.899999618530273
      vertex -29.948448181152344 -36.099998474121094 -11.899999618530273
      vertex -29.194988250732422 -43.75 -11.899999618530273
    endloop
  endfacet
  facet normal 0 1 0
    outer loop
      vertex -31.051551818847656 -36.099998474121094 -1.8999996185302734
      vertex -29.948448181152344 -36.099998474121094 -1.8999996185302734
      vertex -29.948448181152344 -36.099998474121094 -11.899999618530273
    endloop
  endfacet
  facet normal 0 0 1
    outer loop
      vertex -31.051551818847656 -36.099998474121094 -1.8999996185302734
      vertex -29.59223175048828 -37.87091064453125 -1.8999996185302734
      vertex -29.948448181152344 -36.099998474121094 -1.8999996185302734
    endloop
  endfacet
  facet normal 0 -1 0
    outer loop
      vertex -31.051551818847656 -24.899999618530273 -11.899999618530273
      vertex -29.948448181152344 -24.899999618530273 -11.899999618530273
      vertex -29.948448181152344 -24.899999618530273 -1.8999996185302734
    endloop
  endfacet
  facet normal 0 -1 0
    outer loop
      vertex -31.051551818847656 -24.899999618530273 -11.899999618530273
      vertex -29.948448181152344 -24.899999618530273 -1.8999996185302734
      vertex -31.051551818847656 -24.899999618530273 -1.8999996185302734
    endloop
  endfacet
  facet normal 0 0 1
    outer loop
      vertex -31.051551818847656 -24.899999618530273 -1.8999996185302734
      vertex -29.948448181152344 -24.899999618530273 -1.8999996185302734
      vertex -26.914899826049805 -22.318706512451172 -1.8999996185302734
    endloop
  endfacet
  facet normal -0.195084136093107 0.9807865108395435 0
    outer loop
      vertex -29.948448181152344 -36.099998474121094 -11.899999618530273
      vertex -29.948448181152344 -36.099998474121094 -1.8999996185302734
      vertex -29.57122802734375 -36.024967193603516 -8.899999618530273
    endloop
  endfacet
  facet normal -0.19508822453393246 0.9807856976159024 5.344198293808916e-7
    outer loop
      vertex -29.948448181152344 -36.099998474121094 -11.899999618530273
      vertex -29.57122802734375 -36.024967193603516 -8.899999618530273
      vertex -28.866540908813477 -35.884796142578125 -11.899999618530273
    endloop
  endfacet
  facet normal 0 0 -1
    outer loop
      vertex -29.948448181152344 -36.099998474121094 -11.899999618530273
      vertex -28.866540908813477 -35.884796142578125 -11.899999618530273
      vertex -25.95870590209961 -37.51616668701172 -11.899999618530273
    endloop
  endfacet
  facet normal 0 0 -1
    outer loop
      vertex -29.948448181152344 -36.099998474121094 -11.899999618530273
      vertex -25.95870590209961 -37.51616668701172 -11.899999618530273
      vertex -29.194988250732422 -43.75 -11.899999618530273
    endloop
  endfacet
  facet normal 0 0 1
    outer loop
      vertex -29.948448181152344 -36.099998474121094 -1.8999996185302734
      vertex -29.59223175048828 -37.87091064453125 -1.8999996185302734
      vertex -29.346553802490234 -37.706756591796875 -1.8999996185302734
    endloop
  endfacet
  facet normal -0.195084136093107 0.9807865108395435 0
    outer loop
      vertex -29.948448181152344 -36.099998474121094 -1.8999996185302734
      vertex -29.57122802734375 -36.024967193603516 -1.8999996185302734
      vertex -29.57122802734375 -36.024967193603516 -8.899999618530273
    endloop
  endfacet
  facet normal 0 0 1
    outer loop
      vertex -29.948448181152344 -36.099998474121094 -1.8999996185302734
      vertex -29.346553802490234 -37.706756591796875 -1.8999996185302734
      vertex -29.57122802734375 -36.024967193603516 -1.8999996185302734
    endloop
  endfacet
  facet normal -0.19509367695001187 -0.9807846130594242 0
    outer loop
      vertex -29.948448181152344 -24.899999618530273 -11.899999618530273
      vertex -29.57122802734375 -24.975034713745117 -8.899999618530273
      vertex -29.948448181152344 -24.899999618530273 -1.8999996185302734
    endloop
  endfacet
  facet normal -0.19509155106798434 -0.9807850359287762 -2.7788519583326315e-7
    outer loop
      vertex -29.948448181152344 -24.899999618530273 -11.899999618530273
      vertex -28.866540908813477 -25.115205764770508 -11.899999618530273
      vertex -29.57122802734375 -24.975034713745117 -8.899999618530273
    endloop
  endfacet
  facet normal 0 0 -1
    outer loop
      vertex -29.948448181152344 -24.899999618530273 -11.899999618530273
      vertex -25.95870590209961 -23.48383140563965 -11.899999618530273
      vertex -28.866540908813477 -25.115205764770508 -11.899999618530273
    endloop
  endfacet
  facet normal -0.1950936769500119 -0.9807846130594242 0
    outer loop
      vertex -29.948448181152344 -24.899999618530273 -1.8999996185302734
      vertex -29.57122802734375 -24.975034713745117 -8.899999618530273
      vertex -29.57122802734375 -24.975034713745117 -1.8999996185302734
    endloop
  endfacet
  facet normal 0 0 1
    outer loop
      vertex -29.948448181152344 -24.899999618530273 -1.8999996185302734
      vertex -29.57122802734375 -24.975034713745117 -1.8999996185302734
      vertex -26.914899826049805 -22.318706512451172 -1.8999996185302734
    endloop
  endfacet
  facet normal -0.5555639064098618 0.8314738395732089 0
    outer loop
      vertex -29.59223175048828 -37.87091064453125 -1.8999996185302734
      vertex -29.59223175048828 -37.87091064453125 -0.5999994277954102
      vertex -29.346553802490234 -37.706756591796875 -1.8999996185302734
    endloop
  endfacet
  facet normal -0.5555639064098618 0.8314738395732089 0
    outer loop
      vertex -29.59223175048828 -37.87091064453125 -0.5999994277954102
      vertex -29.346553802490234 -37.706756591796875 -0.5999994277954102
      vertex -29.346553802490234 -37.706756591796875 -1.8999996185302734
    endloop
  endfacet
  facet normal 0 0 1
    outer loop
      vertex -29.59223175048828 -37.87091064453125 -0.5999994277954102
      vertex -27.47091293334961 -39.99223327636719 -0.5999994277954102
      vertex -29.346553802490234 -37.706756591796875 -0.5999994277954102
    endloop
  endfacet
  facet normal 0.7071063968209709 0.7071071655519151 0
    outer loop
      vertex -29.57122802734375 -36.024967193603516 -8.899999618530273
      vertex -29.57122802734375 -36.024967193603516 -1.8999996185302734
      vertex -27.8167781829834 -37.779415130615234 -1.8999996185302734
    endloop
  endfacet
  facet normal -0.19509041307877972 0.9807852622897385 0
    outer loop
      vertex -29.57122802734375 -36.024967193603516 -8.899999618530273
      vertex -28.866540908813477 -35.884796142578125 -8.899999618530273
      vertex -28.866540908813477 -35.884796142578125 -11.899999618530273
    endloop
  endfacet
  facet normal 0.7071065273211016 0.7071070350518993 -6.541591679735417e-8
    outer loop
      vertex -29.57122802734375 -36.024967193603516 -8.899999618530273
      vertex -27.8167781829834 -37.779415130615234 -1.8999996185302734
      vertex -26.914899826049805 -38.68129348754883 -8.899999618530273
    endloop
  endfacet
  facet normal 0 0 1
    outer loop
      vertex -29.57122802734375 -36.024967193603516 -8.899999618530273
      vertex -26.914899826049805 -38.68129348754883 -8.899999618530273
      vertex -28.866540908813477 -35.884796142578125 -8.899999618530273
    endloop
  endfacet
  facet normal 0 0 1
    outer loop
      vertex -29.57122802734375 -36.024967193603516 -1.8999996185302734
      vertex -29.346553802490234 -37.706756591796875 -1.8999996185302734
      vertex -29.073572158813477 -37.59368133544922 -1.8999996185302734
    endloop
  endfacet
  facet normal 0 0 1
    outer loop
      vertex -29.57122802734375 -36.024967193603516 -1.8999996185302734
      vertex -29.073572158813477 -37.59368133544922 -1.8999996185302734
      vertex -28.783775329589844 -37.53603744506836 -1.8999996185302734
    endloop
  endfacet
  facet normal 0 0 1
    outer loop
      vertex -29.57122802734375 -36.024967193603516 -1.8999996185302734
      vertex -28.783775329589844 -37.53603744506836 -1.8999996185302734
      vertex -28.488300323486328 -37.53603744506836 -1.8999996185302734
    endloop
  endfacet
  facet normal 0 0 1
    outer loop
      vertex -29.57122802734375 -36.024967193603516 -1.8999996185302734
      vertex -28.488300323486328 -37.53603744506836 -1.8999996185302734
      vertex -28.198505401611328 -37.59368133544922 -1.8999996185302734
    endloop
  endfacet
  facet normal 0 0 1
    outer loop
      vertex -29.57122802734375 -36.024967193603516 -1.8999996185302734
      vertex -28.198505401611328 -37.59368133544922 -1.8999996185302734
      vertex -27.925521850585938 -37.706756591796875 -1.8999996185302734
    endloop
  endfacet
  facet normal 0 0 1
    outer loop
      vertex -29.57122802734375 -36.024967193603516 -1.8999996185302734
      vertex -27.925521850585938 -37.706756591796875 -1.8999996185302734
      vertex -27.8167781829834 -37.779415130615234 -1.8999996185302734
    endloop
  endfacet
  facet normal -0.19509041307877972 -0.9807852622897385 0
    outer loop
      vertex -29.57122802734375 -24.975034713745117 -8.899999618530273
      vertex -28.866540908813477 -25.115205764770508 -11.899999618530273
      vertex -28.866540908813477 -25.115205764770508 -8.899999618530273
    endloop
  endfacet
  facet normal 0 0 1
    outer loop
      vertex -29.57122802734375 -24.975034713745117 -8.899999618530273
      vertex -28.866540908813477 -25.115205764770508 -8.899999618530273
      vertex -26.914899826049805 -22.318706512451172 -8.899999618530273
    endloop
  endfacet
  facet normal 0.7071067811865475 -0.7071067811865475 0
    outer loop
      vertex -29.57122802734375 -24.975034713745117 -8.899999618530273
      vertex -26.914899826049805 -22.318706512451172 -8.899999618530273
      vertex -29.57122802734375 -24.975034713745117 -1.8999996185302734
    endloop
  endfacet
  facet normal 0.7071067811865475 -0.7071067811865475 0
    outer loop
      vertex -29.57122802734375 -24.975034713745117 -1.8999996185302734
      vertex -26.914899826049805 -22.318706512451172 -8.899999618530273
      vertex -26.914899826049805 -22.318706512451172 -1.8999996185302734
    endloop
  endfacet
  facet normal -0.3826908196518032 0.9238764725623393 0
    outer loop
      vertex -29.346553802490234 -37.706756591796875 -1.8999996185302734
      vertex -29.346553802490234 -37.706756591796875 -0.5999994277954102
      vertex -29.073572158813477 -37.59368133544922 -1.8999996185302734
    endloop
  endfacet
  facet normal -0.3826908196518032 0.9238764725623393 0
    outer loop
      vertex -29.346553802490234 -37.706756591796875 -0.5999994277954102
      vertex -29.073572158813477 -37.59368133544922 -0.5999994277954102
      vertex -29.073572158813477 -37.59368133544922 -1.8999996185302734
    endloop
  endfacet
  facet normal 0 0 1
    outer loop
      vertex -29.346553802490234 -37.706756591796875 -0.5999994277954102
      vertex -27.47091293334961 -39.99223327636719 -0.5999994277954102
      vertex -29.073572158813477 -37.59368133544922 -0.5999994277954102
    endloop
  endfacet
  facet normal 0.19509012702493295 -0.9807853191893706 0
    outer loop
      vertex -29.194988250732422 -43.75 -11.899999618530273
      vertex -26.635116577148438 -43.24081039428711 -11.899999618530273
      vertex -26.635116577148438 -43.24081039428711 -1.8999996185302734
    endloop
  endfacet
  facet normal 0.19509012702493295 -0.9807853191893706 0
    outer loop
      vertex -29.194988250732422 -43.75 -11.899999618530273
      vertex -26.635116577148438 -43.24081039428711 -1.8999996185302734
      vertex -29.194988250732422 -43.75 -1.8999996185302734
    endloop
  endfacet
  facet normal 0 0 -1
    outer loop
      vertex -29.194988250732422 -43.75 -11.899999618530273
      vertex -25.95870590209961 -37.51616668701172 -11.899999618530273
      vertex -26.635116577148438 -43.24081039428711 -11.899999618530273
    endloop
  endfacet
  facet normal 0 0 1
    outer loop
      vertex -29.194988250732422 -43.75 -1.8999996185302734
      vertex -26.635116577148438 -43.24081039428711 -1.8999996185302734
      vertex -27.47091293334961 -39.99223327636719 -1.8999996185302734
    endloop
  endfacet
  facet normal -0.19508940075505643 0.9807854636530013 0
    outer loop
      vertex -29.073572158813477 -37.59368133544922 -1.8999996185302734
      vertex -29.073572158813477 -37.59368133544922 -0.5999994277954102
      vertex -28.783775329589844 -37.53603744506836 -1.8999996185302734
    endloop
  endfacet
  facet normal -0.19508940075505643 0.9807854636530013 0
    outer loop
      vertex -29.073572158813477 -37.59368133544922 -0.5999994277954102
      vertex -28.783775329589844 -37.53603744506836 -0.5999994277954102
      vertex -28.783775329589844 -37.53603744506836 -1.8999996185302734
    endloop
  endfacet
  facet normal 0 0 1
    outer loop
      vertex -29.073572158813477 -37.59368133544922 -0.5999994277954102
      vertex -27.47091293334961 -39.99223327636719 -0.5999994277954102
      vertex -28.783775329589844 -37.53603744506836 -0.5999994277954102
    endloop
  endfacet
  facet normal -0.38268388600944725 0.9238793446055109 0
    outer loop
      vertex -28.866540908813477 -35.884796142578125 -11.899999618530273
      vertex -28.866540908813477 -35.884796142578125 -8.899999618530273
      vertex -27.963947296142578 -35.510929107666016 -11.899999618530273
    endloop
  endfacet
  facet normal 0 0 -1
    outer loop
      vertex -28.866540908813477 -35.884796142578125 -11.899999618530273
      vertex -27.963947296142578 -35.510929107666016 -11.899999618530273
      vertex -25.95870590209961 -37.51616668701172 -11.899999618530273
    endloop
  endfacet
  facet normal -0.38268388600944725 0.9238793446055109 0
    outer loop
      vertex -28.866540908813477 -35.884796142578125 -8.899999618530273
      vertex -27.963947296142578 -35.510929107666016 -8.899999618530273
      vertex -27.963947296142578 -35.510929107666016 -11.899999618530273
    endloop
  endfacet
  facet normal 0 0 1
    outer loop
      vertex -28.866540908813477 -35.884796142578125 -8.899999618530273
      vertex -26.914899826049805 -38.68129348754883 -8.899999618530273
      vertex -27.963947296142578 -35.510929107666016 -8.899999618530273
    endloop
  endfacet
  facet normal -0.38268388600944725 -0.9238793446055109 0
    outer loop
      vertex -28.866540908813477 -25.115205764770508 -11.899999618530273
      vertex -27.963947296142578 -25.489072799682617 -11.899999618530273
      vertex -27.963947296142578 -25.489072799682617 -8.899999618530273
    endloop
  endfacet
  facet normal -0.38268388600944725 -0.9238793446055109 0
    outer loop
      vertex -28.866540908813477 -25.115205764770508 -11.899999618530273
      vertex -27.963947296142578 -25.489072799682617 -8.899999618530273
      vertex -28.866540908813477 -25.115205764770508 -8.899999618530273
    endloop
  endfacet
  facet normal 0 0 -1
    outer loop
      vertex -28.866540908813477 -25.115205764770508 -11.899999618530273
      vertex -25.95870590209961 -23.48383140563965 -11.899999618530273
      vertex -27.963947296142578 -25.489072799682617 -11.899999618530273
    endloop
  endfacet
  facet normal 0 0 1
    outer loop
      vertex -28.866540908813477 -25.115205764770508 -8.899999618530273
      vertex -27.963947296142578 -25.489072799682617 -8.899999618530273
      vertex -26.914899826049805 -22.318706512451172 -8.899999618530273
    endloop
  endfacet
  facet normal 0 1 0
    outer loop
      vertex -28.783775329589844 -37.53603744506836 -1.8999996185302734
      vertex -28.783775329589844 -37.53603744506836 -0.5999994277954102
      vertex -28.488300323486328 -37.53603744506836 -1.8999996185302734
    endloop
  endfacet
  facet normal 0 1 0
    outer loop
      vertex -28.783775329589844 -37.53603744506836 -0.5999994277954102
      vertex -28.488300323486328 -37.53603744506836 -0.5999994277954102
      vertex -28.488300323486328 -37.53603744506836 -1.8999996185302734
    endloop
  endfacet
  facet normal 0 0 1
    outer loop
      vertex -28.783775329589844 -37.53603744506836 -0.5999994277954102
      vertex -27.8167781829834 -37.779415130615234 -0.5999994277954102
      vertex -28.488300323486328 -37.53603744506836 -0.5999994277954102
    endloop
  endfacet
  facet normal 0 0 1
    outer loop
      vertex -28.783775329589844 -37.53603744506836 -0.5999994277954102
      vertex -27.47091293334961 -39.99223327636719 -0.5999994277954102
      vertex -27.8167781829834 -37.779415130615234 -0.5999994277954102
    endloop
  endfacet
  facet normal 0.19509063590835896 0.9807852179661315 0
    outer loop
      vertex -28.488300323486328 -37.53603744506836 -1.8999996185302734
      vertex -28.488300323486328 -37.53603744506836 -0.5999994277954102
      vertex -28.198505401611328 -37.59368133544922 -1.8999996185302734
    endloop
  endfacet
  facet normal 0.19509063590835896 0.9807852179661315 0
    outer loop
      vertex -28.488300323486328 -37.53603744506836 -0.5999994277954102
      vertex -28.198505401611328 -37.59368133544922 -0.5999994277954102
      vertex -28.198505401611328 -37.59368133544922 -1.8999996185302734
    endloop
  endfacet
  facet normal 0 0 1
    outer loop
      vertex -28.488300323486328 -37.53603744506836 -0.5999994277954102
      vertex -27.8167781829834 -37.779415130615234 -0.5999994277954102
      vertex -28.198505401611328 -37.59368133544922 -0.5999994277954102
    endloop
  endfacet
  facet normal 0.3826885373654721 0.9238774179343684 0
    outer loop
      vertex -28.198505401611328 -37.59368133544922 -1.8999996185302734
      vertex -28.198505401611328 -37.59368133544922 -0.5999994277954102
      vertex -27.925521850585938 -37.706756591796875 -1.8999996185302734
    endloop
  endfacet
  facet normal 0.3826885373654721 0.9238774179343684 0
    outer loop
      vertex -28.198505401611328 -37.59368133544922 -0.5999994277954102
      vertex -27.925521850585938 -37.706756591796875 -0.5999994277954102
      vertex -27.925521850585938 -37.706756591796875 -1.8999996185302734
    endloop
  endfacet
  facet normal 0 0 1
    outer loop
      vertex -28.198505401611328 -37.59368133544922 -0.5999994277954102
      vertex -27.8167781829834 -37.779415130615234 -0.5999994277954102
      vertex -27.925521850585938 -37.706756591796875 -0.5999994277954102
    endloop
  endfacet
  facet normal 0.7071061085986583 0.707107453773797 0
    outer loop
      vertex -27.963947296142578 -35.510929107666016 -11.899999618530273
      vertex -27.963947296142578 -35.510929107666016 -8.899999618530273
      vertex -25.95870590209961 -37.51616668701172 -11.899999618530273
    endloop
  endfacet
  facet normal 0 0 1
    outer loop
      vertex -27.963947296142578 -35.510929107666016 -8.899999618530273
      vertex -26.914899826049805 -38.68129348754883 -8.899999618530273
      vertex -25.95870590209961 -37.51616668701172 -8.899999618530273
    endloop
  endfacet
  facet normal 0.7071061085986583 0.707107453773797 0
    outer loop
      vertex -27.963947296142578 -35.510929107666016 -8.899999618530273
      vertex -25.95870590209961 -37.51616668701172 -8.899999618530273
      vertex -25.95870590209961 -37.51616668701172 -11.899999618530273
    endloop
  endfacet
  facet normal 0.7071067811865475 -0.7071067811865475 0
    outer loop
      vertex -27.963947296142578 -25.489072799682617 -11.899999618530273
      vertex -25.95870590209961 -23.48383140563965 -11.899999618530273
      vertex -27.963947296142578 -25.489072799682617 -8.899999618530273
    endloop
  endfacet
  facet normal 0.7071067811865475 -0.7071067811865475 0
    outer loop
      vertex -27.963947296142578 -25.489072799682617 -8.899999618530273
      vertex -25.95870590209961 -23.48383140563965 -11.899999618530273
      vertex -25.95870590209961 -23.48383140563965 -8.899999618530273
    endloop
  endfacet
  facet normal 0 0 1
    outer loop
      vertex -27.963947296142578 -25.489072799682617 -8.899999618530273
      vertex -25.95870590209961 -23.48383140563965 -8.899999618530273
      vertex -26.914899826049805 -22.318706512451172 -8.899999618530273
    endloop
  endfacet
  facet normal 0.555561474483889 0.8314754645022829 0
    outer loop
      vertex -27.925521850585938 -37.706756591796875 -1.8999996185302734
      vertex -27.925521850585938 -37.706756591796875 -0.5999994277954102
      vertex -27.8167781829834 -37.779415130615234 -1.8999996185302734
    endloop
  endfacet
  facet normal 0.555561474483889 0.8314754645022829 0
    outer loop
      vertex -27.925521850585938 -37.706756591796875 -0.5999994277954102
      vertex -27.8167781829834 -37.779415130615234 -0.5999994277954102
      vertex -27.8167781829834 -37.779415130615234 -1.8999996185302734
    endloop
  endfacet
  facet normal 0.7071083230426689 0.7071052393270642 0
    outer loop
      vertex -27.8167781829834 -37.779415130615234 -1.8999996185302734
      vertex -27.8167781829834 -37.779415130615234 -0.5999994277954102
      vertex -27.379417419433594 -38.21677780151367 -1.8999996185302734
    endloop
  endfacet
  facet normal 0.7071083230426132 0.7071052393270083 3.9730519470082186e-7
    outer loop
      vertex -27.8167781829834 -37.779415130615234 -1.8999996185302734
      vertex -27.379417419433594 -38.21677780151367 -1.8999996185302734
      vertex -26.914899826049805 -38.68129348754883 -8.899999618530273
    endloop
  endfacet
  facet normal 0 0 1
    outer loop
      vertex -27.8167781829834 -37.779415130615234 -0.5999994277954102
      vertex -27.47091293334961 -39.99223327636719 -0.5999994277954102
      vertex -27.379417419433594 -38.21677780151367 -0.5999994277954102
    endloop
  endfacet
  facet normal 0.7071083230426689 0.7071052393270642 0
    outer loop
      vertex -27.8167781829834 -37.779415130615234 -0.5999994277954102
      vertex -27.379417419433594 -38.21677780151367 -0.5999994277954102
      vertex -27.379417419433594 -38.21677780151367 -1.8999996185302734
    endloop
  endfacet
  facet normal 0.8314678757401519 -0.5555728319600944 0
    outer loop
      vertex -27.47091293334961 -39.99223327636719 -1.8999996185302734
      vertex -27.30675506591797 -39.74655532836914 -1.8999996185302734
      vertex -27.47091293334961 -39.99223327636719 -0.5999994277954102
    endloop
  endfacet
  facet normal 0 0 1
    outer loop
      vertex -27.47091293334961 -39.99223327636719 -1.8999996185302734
      vertex -26.635116577148438 -43.24081039428711 -1.8999996185302734
      vertex -24.223770141601562 -42.24199676513672 -1.8999996185302734
    endloop
  endfacet
  facet normal 0 0 1
    outer loop
      vertex -27.47091293334961 -39.99223327636719 -1.8999996185302734
      vertex -25.791135787963867 -39.28195571899414 -1.8999996185302734
      vertex -27.30675506591797 -39.74655532836914 -1.8999996185302734
    endloop
  endfacet
  facet normal 0 0 1
    outer loop
      vertex -27.47091293334961 -39.99223327636719 -1.8999996185302734
      vertex -24.223770141601562 -42.24199676513672 -1.8999996185302734
      vertex -25.791135787963867 -39.28195571899414 -1.8999996185302734
    endloop
  endfacet
  facet normal 0.8314678757401519 -0.5555728319600944 0
    outer loop
      vertex -27.47091293334961 -39.99223327636719 -0.5999994277954102
      vertex -27.30675506591797 -39.74655532836914 -1.8999996185302734
      vertex -27.30675506591797 -39.74655532836914 -0.5999994277954102
    endloop
  endfacet
  facet normal 0 0 1
    outer loop
      vertex -27.47091293334961 -39.99223327636719 -0.5999994277954102
      vertex -27.30675506591797 -39.74655532836914 -0.5999994277954102
      vertex -27.379417419433594 -38.21677780151367 -0.5999994277954102
    endloop
  endfacet
  facet normal 0.8314664922599613 0.5555749024649294 0
    outer loop
      vertex -27.379417419433594 -38.21677780151367 -1.8999996185302734
      vertex -27.379417419433594 -38.21677780151367 -0.5999994277954102
      vertex -27.30675506591797 -38.325523376464844 -0.5999994277954102
    endloop
  endfacet
  facet normal 0 0 1
    outer loop
      vertex -27.379417419433594 -38.21677780151367 -1.8999996185302734
      vertex -27.30675506591797 -38.325523376464844 -1.8999996185302734
      vertex -26.914899826049805 -38.68129348754883 -1.8999996185302734
    endloop
  endfacet
  facet normal 0.8314664922599613 0.5555749024649294 0
    outer loop
      vertex -27.379417419433594 -38.21677780151367 -1.8999996185302734
      vertex -27.30675506591797 -38.325523376464844 -0.5999994277954102
      vertex -27.30675506591797 -38.325523376464844 -1.8999996185302734
    endloop
  endfacet
  facet normal 0.7071053294618713 0.7071082329082434 0
    outer loop
      vertex -27.379417419433594 -38.21677780151367 -1.8999996185302734
      vertex -26.914899826049805 -38.68129348754883 -1.8999996185302734
      vertex -26.914899826049805 -38.68129348754883 -8.899999618530273
    endloop
  endfacet
  facet normal 0 0 1
    outer loop
      vertex -27.379417419433594 -38.21677780151367 -0.5999994277954102
      vertex -27.30675506591797 -39.74655532836914 -0.5999994277954102
      vertex -27.193683624267578 -39.47357177734375 -0.5999994277954102
    endloop
  endfacet
  facet normal 0 0 1
    outer loop
      vertex -27.379417419433594 -38.21677780151367 -0.5999994277954102
      vertex -27.193683624267578 -39.47357177734375 -0.5999994277954102
      vertex -27.13603973388672 -39.18377685546875 -0.5999994277954102
    endloop
  endfacet
  facet normal 0 0 1
    outer loop
      vertex -27.379417419433594 -38.21677780151367 -0.5999994277954102
      vertex -27.193683624267578 -38.59850311279297 -0.5999994277954102
      vertex -27.30675506591797 -38.325523376464844 -0.5999994277954102
    endloop
  endfacet
  facet normal 0 0 1
    outer loop
      vertex -27.379417419433594 -38.21677780151367 -0.5999994277954102
      vertex -27.13603973388672 -39.18377685546875 -0.5999994277954102
      vertex -27.193683624267578 -38.59850311279297 -0.5999994277954102
    endloop
  endfacet
  facet normal 0.9238819824389762 -0.3826775176628847 0
    outer loop
      vertex -27.30675506591797 -39.74655532836914 -1.8999996185302734
      vertex -27.193683624267578 -39.47357177734375 -1.8999996185302734
      vertex -27.30675506591797 -39.74655532836914 -0.5999994277954102
    endloop
  endfacet
  facet normal 0 0 1
    outer loop
      vertex -27.30675506591797 -39.74655532836914 -1.8999996185302734
      vertex -26.382598876953125 -39.036964416503906 -1.8999996185302734
      vertex -27.193683624267578 -39.47357177734375 -1.8999996185302734
    endloop
  endfacet
  facet normal 0 0 1
    outer loop
      vertex -27.30675506591797 -39.74655532836914 -1.8999996185302734
      vertex -25.791135787963867 -39.28195571899414 -1.8999996185302734
      vertex -26.382598876953125 -39.036964416503906 -1.8999996185302734
    endloop
  endfacet
  facet normal 0.9238819824389762 -0.3826775176628847 0
    outer loop
      vertex -27.30675506591797 -39.74655532836914 -0.5999994277954102
      vertex -27.193683624267578 -39.47357177734375 -1.8999996185302734
      vertex -27.193683624267578 -39.47357177734375 -0.5999994277954102
    endloop
  endfacet
  facet normal 0.9238800917775517 0.38268208217409744 0
    outer loop
      vertex -27.30675506591797 -38.325523376464844 -1.8999996185302734
      vertex -27.30675506591797 -38.325523376464844 -0.5999994277954102
      vertex -27.193683624267578 -38.59850311279297 -0.5999994277954102
    endloop
  endfacet
  facet normal 0 0 1
    outer loop
      vertex -27.30675506591797 -38.325523376464844 -1.8999996185302734
      vertex -27.193683624267578 -38.59850311279297 -1.8999996185302734
      vertex -26.914899826049805 -38.68129348754883 -1.8999996185302734
    endloop
  endfacet
  facet normal 0.9238800917775517 0.38268208217409744 0
    outer loop
      vertex -27.30675506591797 -38.325523376464844 -1.8999996185302734
      vertex -27.193683624267578 -38.59850311279297 -0.5999994277954102
      vertex -27.193683624267578 -38.59850311279297 -1.8999996185302734
    endloop
  endfacet
  facet normal 0.9807852179661315 -0.19509063590835896 0
    outer loop
      vertex -27.193683624267578 -39.47357177734375 -1.8999996185302734
      vertex -27.13603973388672 -39.18377685546875 -1.8999996185302734
      vertex -27.193683624267578 -39.47357177734375 -0.5999994277954102
    endloop
  endfacet
  facet normal 0 0 1
    outer loop
      vertex -27.193683624267578 -39.47357177734375 -1.8999996185302734
      vertex -26.382598876953125 -39.036964416503906 -1.8999996185302734
      vertex -27.13603973388672 -39.18377685546875 -1.8999996185302734
    endloop
  endfacet
  facet normal 0.9807852179661315 -0.19509063590835896 0
    outer loop
      vertex -27.193683624267578 -39.47357177734375 -0.5999994277954102
      vertex -27.13603973388672 -39.18377685546875 -1.8999996185302734
      vertex -27.13603973388672 -39.18377685546875 -0.5999994277954102
    endloop
  endfacet
  facet normal 0.9807857093352049 0.19508816561708436 0
    outer loop
      vertex -27.193683624267578 -38.59850311279297 -1.8999996185302734
      vertex -27.193683624267578 -38.59850311279297 -0.5999994277954102
      vertex -27.13603973388672 -38.888301849365234 -0.5999994277954102
    endloop
  endfacet
  facet normal 0 0 1
    outer loop
      vertex -27.193683624267578 -38.59850311279297 -1.8999996185302734
      vertex -27.13603973388672 -38.888301849365234 -1.8999996185302734
      vertex -26.914899826049805 -38.68129348754883 -1.8999996185302734
    endloop
  endfacet
  facet normal 0.9807857093352049 0.19508816561708436 0
    outer loop
      vertex -27.193683624267578 -38.59850311279297 -1.8999996185302734
      vertex -27.13603973388672 -38.888301849365234 -0.5999994277954102
      vertex -27.13603973388672 -38.888301849365234 -1.8999996185302734
    endloop
  endfacet
  facet normal 0 0 1
    outer loop
      vertex -27.193683624267578 -38.59850311279297 -0.5999994277954102
      vertex -27.13603973388672 -39.18377685546875 -0.5999994277954102
      vertex -27.13603973388672 -38.888301849365234 -0.5999994277954102
    endloop
  endfacet
  facet normal 1 0 0
    outer loop
      vertex -27.13603973388672 -39.18377685546875 -1.8999996185302734
      vertex -27.13603973388672 -38.888301849365234 -1.8999996185302734
      vertex -27.13603973388672 -39.18377685546875 -0.5999994277954102
    endloop
  endfacet
  facet normal 0 0 1
    outer loop
      vertex -27.13603973388672 -39.18377685546875 -1.8999996185302734
      vertex -26.914899826049805 -38.68129348754883 -1.8999996185302734
      vertex -27.13603973388672 -38.888301849365234 -1.8999996185302734
    endloop
  endfacet
  facet normal 0 0 1
    outer loop
      vertex -27.13603973388672 -39.18377685546875 -1.8999996185302734
      vertex -26.382598876953125 -39.036964416503906 -1.8999996185302734
      vertex -26.914899826049805 -38.68129348754883 -1.8999996185302734
    endloop
  endfacet
  facet normal 1 0 0
    outer loop
      vertex -27.13603973388672 -39.18377685546875 -0.5999994277954102
      vertex -27.13603973388672 -38.888301849365234 -1.8999996185302734
      vertex -27.13603973388672 -38.888301849365234 -0.5999994277954102
    endloop
  endfacet
  facet normal 0.5555689434323441 0.8314704739757562 0
    outer loop
      vertex -26.914899826049805 -38.68129348754883 -8.899999618530273
      vertex -26.914899826049805 -38.68129348754883 -1.8999996185302734
      vertex -26.382598876953125 -39.036964416503906 -8.899999618530273
    endloop
  endfacet
  facet normal 0 0 1
    outer loop
      vertex -26.914899826049805 -38.68129348754883 -8.899999618530273
      vertex -26.382598876953125 -39.036964416503906 -8.899999618530273
      vertex -25.95870590209961 -37.51616668701172 -8.899999618530273
    endloop
  endfacet
  facet normal 0.5555689434323441 0.8314704739757562 0
    outer loop
      vertex -26.914899826049805 -38.68129348754883 -1.8999996185302734
      vertex -26.382598876953125 -39.036964416503906 -1.8999996185302734
      vertex -26.382598876953125 -39.036964416503906 -8.899999618530273
    endloop
  endfacet
  facet normal 0.5555710031716604 -0.8314690977028761 0
    outer loop
      vertex -26.914899826049805 -22.318706512451172 -8.899999618530273
      vertex -26.382598876953125 -21.96303367614746 -8.899999618530273
      vertex -26.382598876953125 -21.96303367614746 -1.8999996185302734
    endloop
  endfacet
  facet normal 0.5555710031716604 -0.8314690977028761 0
    outer loop
      vertex -26.914899826049805 -22.318706512451172 -8.899999618530273
      vertex -26.382598876953125 -21.96303367614746 -1.8999996185302734
      vertex -26.914899826049805 -22.318706512451172 -1.8999996185302734
    endloop
  endfacet
  facet normal 0 0 1
    outer loop
      vertex -26.914899826049805 -22.318706512451172 -8.899999618530273
      vertex -25.95870590209961 -23.48383140563965 -8.899999618530273
      vertex -26.382598876953125 -21.96303367614746 -8.899999618530273
    endloop
  endfacet
  facet normal 0 0 -1
    outer loop
      vertex -26.635116577148438 -43.24081039428711 -11.899999618530273
      vertex -25.95870590209961 -37.51616668701172 -11.899999618530273
      vertex -25.672080993652344 -37.70768356323242 -11.899999618530273
    endloop
  endfacet
  facet normal 0 0 -1
    outer loop
      vertex -26.635116577148438 -43.24081039428711 -11.899999618530273
      vertex -25.672080993652344 -37.70768356323242 -11.899999618530273
      vertex -25.353601455688477 -37.839603424072266 -11.899999618530273
    endloop
  endfacet
  facet normal 0 0 -1
    outer loop
      vertex -26.635116577148438 -43.24081039428711 -11.899999618530273
      vertex -25.353601455688477 -37.839603424072266 -11.899999618530273
      vertex -24.223770141601562 -42.24199676513672 -11.899999618530273
    endloop
  endfacet
  facet normal 0.38268383525401933 -0.9238793656291251 0
    outer loop
      vertex -26.635116577148438 -43.24081039428711 -11.899999618530273
      vertex -24.223770141601562 -42.24199676513672 -11.899999618530273
      vertex -24.223770141601562 -42.24199676513672 -1.8999996185302734
    endloop
  endfacet
  facet normal 0.38268383525401933 -0.9238793656291251 0
    outer loop
      vertex -26.635116577148438 -43.24081039428711 -11.899999618530273
      vertex -24.223770141601562 -42.24199676513672 -1.8999996185302734
      vertex -26.635116577148438 -43.24081039428711 -1.8999996185302734
    endloop
  endfacet
  facet normal 0.38268245826048647 0.9238799359980231 0
    outer loop
      vertex -26.382598876953125 -39.036964416503906 -8.899999618530273
      vertex -26.382598876953125 -39.036964416503906 -1.8999996185302734
      vertex -25.791135787963867 -39.28195571899414 -8.899999618530273
    endloop
  endfacet
  facet normal 0 0 1
    outer loop
      vertex -26.382598876953125 -39.036964416503906 -8.899999618530273
      vertex -25.791135787963867 -39.28195571899414 -8.899999618530273
      vertex -25.672080993652344 -37.70768356323242 -8.899999618530273
    endloop
  endfacet
  facet normal 0 0 1
    outer loop
      vertex -26.382598876953125 -39.036964416503906 -8.899999618530273
      vertex -25.672080993652344 -37.70768356323242 -8.899999618530273
      vertex -25.95870590209961 -37.51616668701172 -8.899999618530273
    endloop
  endfacet
  facet normal 0.38268245826048647 0.9238799359980231 0
    outer loop
      vertex -26.382598876953125 -39.036964416503906 -1.8999996185302734
      vertex -25.791135787963867 -39.28195571899414 -1.8999996185302734
      vertex -25.791135787963867 -39.28195571899414 -8.899999618530273
    endloop
  endfacet
  facet normal 0 0 1
    outer loop
      vertex -26.382598876953125 -21.96303367614746 -8.899999618530273
      vertex -25.95870590209961 -23.48383140563965 -8.899999618530273
      vertex -25.672080993652344 -23.292316436767578 -8.899999618530273
    endloop
  endfacet
  facet normal 0.38268245826048647 -0.9238799359980231 0
    outer loop
      vertex -26.382598876953125 -21.96303367614746 -8.899999618530273
      vertex -25.791135787963867 -21.718042373657227 -8.899999618530273
      vertex -25.791135787963867 -21.718042373657227 -1.8999996185302734
    endloop
  endfacet
  facet normal 0.38268245826048647 -0.9238799359980231 0
    outer loop
      vertex -26.382598876953125 -21.96303367614746 -8.899999618530273
      vertex -25.791135787963867 -21.718042373657227 -1.8999996185302734
      vertex -26.382598876953125 -21.96303367614746 -1.8999996185302734
    endloop
  endfacet
  facet normal 0 0 1
    outer loop
      vertex -26.382598876953125 -21.96303367614746 -8.899999618530273
      vertex -25.672080993652344 -23.292316436767578 -8.899999618530273
      vertex -25.791135787963867 -21.718042373657227 -8.899999618530273
    endloop
  endfacet
  facet normal 0.5555707049175889 0.8314692969901976 0
    outer loop
      vertex -25.95870590209961 -37.51616668701172 -11.899999618530273
      vertex -25.95870590209961 -37.51616668701172 -8.899999618530273
      vertex -25.672080993652344 -37.70768356323242 -11.899999618530273
    endloop
  endfacet
  facet normal 0.5555707049175889 0.8314692969901976 0
    outer loop
      vertex -25.95870590209961 -37.51616668701172 -8.899999618530273
      vertex -25.672080993652344 -37.70768356323242 -8.899999618530273
      vertex -25.672080993652344 -37.70768356323242 -11.899999618530273
    endloop
  endfacet
  facet normal 0.5555668796941617 -0.8314718529131897 0
    outer loop
      vertex -25.95870590209961 -23.48383140563965 -11.899999618530273
      vertex -25.672080993652344 -23.292316436767578 -11.899999618530273
      vertex -25.672080993652344 -23.292316436767578 -8.899999618530273
    endloop
  endfacet
  facet normal 0.5555668796941617 -0.8314718529131897 0
    outer loop
      vertex -25.95870590209961 -23.48383140563965 -11.899999618530273
      vertex -25.672080993652344 -23.292316436767578 -8.899999618530273
      vertex -25.95870590209961 -23.48383140563965 -8.899999618530273
    endloop
  endfacet
  facet normal 0.19509274175163574 0.9807847990848092 0
    outer loop
      vertex -25.791135787963867 -39.28195571899414 -8.899999618530273
      vertex -25.791135787963867 -39.28195571899414 -1.8999996185302734
      vertex -25.163244247436523 -39.40685272216797 -8.899999618530273
    endloop
  endfacet
  facet normal 0 0 1
    outer loop
      vertex -25.791135787963867 -39.28195571899414 -8.899999618530273
      vertex -25.353601455688477 -37.839603424072266 -8.899999618530273
      vertex -25.672080993652344 -37.70768356323242 -8.899999618530273
    endloop
  endfacet
  facet normal 0 0 1
    outer loop
      vertex -25.791135787963867 -39.28195571899414 -8.899999618530273
      vertex -25.163244247436523 -39.40685272216797 -8.899999618530273
      vertex -25.353601455688477 -37.839603424072266 -8.899999618530273
    endloop
  endfacet
  facet normal 0.19509274175163574 0.9807847990848092 0
    outer loop
      vertex -25.791135787963867 -39.28195571899414 -1.8999996185302734
      vertex -25.163244247436523 -39.40685272216797 -1.8999996185302734
      vertex -25.163244247436523 -39.40685272216797 -8.899999618530273
    endloop
  endfacet
  facet normal 0 0 1
    outer loop
      vertex -25.791135787963867 -39.28195571899414 -1.8999996185302734
      vertex -24.223770141601562 -42.24199676513672 -1.8999996185302734
      vertex -25.163244247436523 -39.40685272216797 -1.8999996185302734
    endloop
  endfacet
  facet normal 0 0 1
    outer loop
      vertex -25.791135787963867 -21.718042373657227 -8.899999618530273
      vertex -25.672080993652344 -23.292316436767578 -8.899999618530273
      vertex -25.353601455688477 -23.160398483276367 -8.899999618530273
    endloop
  endfacet
  facet normal 0 0 1
    outer loop
      vertex -25.791135787963867 -21.718042373657227 -8.899999618530273
      vertex -25.353601455688477 -23.160398483276367 -8.899999618530273
      vertex -25.163244247436523 -21.5931453704834 -8.899999618530273
    endloop
  endfacet
  facet normal 0.19509274175163574 -0.9807847990848092 0
    outer loop
      vertex -25.791135787963867 -21.718042373657227 -8.899999618530273
      vertex -25.163244247436523 -21.5931453704834 -8.899999618530273
      vertex -25.163244247436523 -21.5931453704834 -1.8999996185302734
    endloop
  endfacet
  facet normal 0.19509274175163574 -0.9807847990848092 0
    outer loop
      vertex -25.791135787963867 -21.718042373657227 -8.899999618530273
      vertex -25.163244247436523 -21.5931453704834 -1.8999996185302734
      vertex -25.791135787963867 -21.718042373657227 -1.8999996185302734
    endloop
  endfacet
  facet normal 0.3826866930492077 0.9238781818849613 0
    outer loop
      vertex -25.672080993652344 -37.70768356323242 -11.899999618530273
      vertex -25.672080993652344 -37.70768356323242 -8.899999618530273
      vertex -25.353601455688477 -37.839603424072266 -11.899999618530273
    endloop
  endfacet
  facet normal 0.3826866930492077 0.9238781818849613 0
    outer loop
      vertex -25.672080993652344 -37.70768356323242 -8.899999618530273
      vertex -25.353601455688477 -37.839603424072266 -8.899999618530273
      vertex -25.353601455688477 -37.839603424072266 -11.899999618530273
    endloop
  endfacet
  facet normal 0.3826819703089555 -0.9238801381134111 0
    outer loop
      vertex -25.672080993652344 -23.292316436767578 -11.899999618530273
      vertex -25.353601455688477 -23.160398483276367 -11.899999618530273
      vertex -25.353601455688477 -23.160398483276367 -8.899999618530273
    endloop
  endfacet
  facet normal 0.3826819703089555 -0.9238801381134111 0
    outer loop
      vertex -25.672080993652344 -23.292316436767578 -11.899999618530273
      vertex -25.353601455688477 -23.160398483276367 -8.899999618530273
      vertex -25.672080993652344 -23.292316436767578 -8.899999618530273
    endloop
  endfacet
  facet normal -0.9238790586920452 0.38268457626392605 0
    outer loop
      vertex -25.489072799682617 -33.03605270385742 -11.899999618530273
      vertex -25.489072799682617 -33.03605270385742 -8.899999618530273
      vertex -25.115205764770508 -32.133460998535156 -8.899999618530273
    endloop
  endfacet
  facet normal 0 0 -1
    outer loop
      vertex -25.489072799682617 -33.03605270385742 -11.899999618530273
      vertex -25.115205764770508 -32.133460998535156 -11.899999618530273
      vertex -23.48383140563965 -35.04129409790039 -11.899999618530273
    endloop
  endfacet
  facet normal -0.9238790586920452 0.38268457626392605 0
    outer loop
      vertex -25.489072799682617 -33.03605270385742 -11.899999618530273
      vertex -25.115205764770508 -32.133460998535156 -8.899999618530273
      vertex -25.115205764770508 -32.133460998535156 -11.899999618530273
    endloop
  endfacet
  facet normal -0.7071067811865475 -0.7071067811865475 0
    outer loop
      vertex -25.489072799682617 -33.03605270385742 -11.899999618530273
      vertex -23.48383140563965 -35.04129409790039 -11.899999618530273
      vertex -25.489072799682617 -33.03605270385742 -8.899999618530273
    endloop
  endfacet
  facet normal -0.7071067811865475 -0.7071067811865475 0
    outer loop
      vertex -25.489072799682617 -33.03605270385742 -8.899999618530273
      vertex -23.48383140563965 -35.04129409790039 -11.899999618530273
      vertex -23.48383140563965 -35.04129409790039 -8.899999618530273
    endloop
  endfacet
  facet normal 0 0 1
    outer loop
      vertex -25.489072799682617 -33.03605270385742 -8.899999618530273
      vertex -23.48383140563965 -35.04129409790039 -8.899999618530273
      vertex -22.318706512451172 -34.08509826660156 -8.899999618530273
    endloop
  endfacet
  facet normal 0 0 1
    outer loop
      vertex -25.489072799682617 -33.03605270385742 -8.899999618530273
      vertex -22.318706512451172 -34.08509826660156 -8.899999618530273
      vertex -25.115205764770508 -32.133460998535156 -8.899999618530273
    endloop
  endfacet
  facet normal -0.7071067811865475 0.7071067811865475 0
    outer loop
      vertex -25.489072799682617 -27.963947296142578 -11.899999618530273
      vertex -25.489072799682617 -27.963947296142578 -8.899999618530273
      vertex -23.48383140563965 -25.95870590209961 -8.899999618530273
    endloop
  endfacet
  facet normal -0.9238793446055109 -0.38268388600944725 0
    outer loop
      vertex -25.489072799682617 -27.963947296142578 -11.899999618530273
      vertex -25.115205764770508 -28.866540908813477 -11.899999618530273
      vertex -25.489072799682617 -27.963947296142578 -8.899999618530273
    endloop
  endfacet
  facet normal 0 0 -1
    outer loop
      vertex -25.489072799682617 -27.963947296142578 -11.899999618530273
      vertex -23.48383140563965 -25.95870590209961 -11.899999618530273
      vertex -25.115205764770508 -28.866540908813477 -11.899999618530273
    endloop
  endfacet
  facet normal -0.7071067811865475 0.7071067811865475 0
    outer loop
      vertex -25.489072799682617 -27.963947296142578 -11.899999618530273
      vertex -23.48383140563965 -25.95870590209961 -8.899999618530273
      vertex -23.48383140563965 -25.95870590209961 -11.899999618530273
    endloop
  endfacet
  facet normal -0.9238793446055109 -0.38268388600944725 0
    outer loop
      vertex -25.489072799682617 -27.963947296142578 -8.899999618530273
      vertex -25.115205764770508 -28.866540908813477 -11.899999618530273
      vertex -25.115205764770508 -28.866540908813477 -8.899999618530273
    endloop
  endfacet
  facet normal 0 0 1
    outer loop
      vertex -25.489072799682617 -27.963947296142578 -8.899999618530273
      vertex -25.115205764770508 -28.866540908813477 -8.899999618530273
      vertex -22.318706512451172 -26.914899826049805 -8.899999618530273
    endloop
  endfacet
  facet normal 0 0 1
    outer loop
      vertex -25.489072799682617 -27.963947296142578 -8.899999618530273
      vertex -22.318706512451172 -26.914899826049805 -8.899999618530273
      vertex -23.48383140563965 -25.95870590209961 -8.899999618530273
    endloop
  endfacet
  facet normal 0.19508390185000243 0.9807865574318291 0
    outer loop
      vertex -25.353601455688477 -37.839603424072266 -11.899999618530273
      vertex -25.353601455688477 -37.839603424072266 -8.899999618530273
      vertex -25.015504837036133 -37.90685272216797 -11.899999618530273
    endloop
  endfacet
  facet normal 0 0 -1
    outer loop
      vertex -25.353601455688477 -37.839603424072266 -11.899999618530273
      vertex -25.015504837036133 -37.90685272216797 -11.899999618530273
      vertex -24.223770141601562 -42.24199676513672 -11.899999618530273
    endloop
  endfacet
  facet normal 0 0 1
    outer loop
      vertex -25.353601455688477 -37.839603424072266 -8.899999618530273
      vertex -25.163244247436523 -39.40685272216797 -8.899999618530273
      vertex -25.015504837036133 -37.90685272216797 -8.899999618530273
    endloop
  endfacet
  facet normal 0.19508390185000243 0.9807865574318291 0
    outer loop
      vertex -25.353601455688477 -37.839603424072266 -8.899999618530273
      vertex -25.015504837036133 -37.90685272216797 -8.899999618530273
      vertex -25.015504837036133 -37.90685272216797 -11.899999618530273
    endloop
  endfacet
  facet normal 0.1950892243058361 -0.9807854987507447 0
    outer loop
      vertex -25.353601455688477 -23.160398483276367 -11.899999618530273
      vertex -25.015504837036133 -23.09314727783203 -11.899999618530273
      vertex -25.015504837036133 -23.09314727783203 -8.899999618530273
    endloop
  endfacet
  facet normal 0.1950892243058361 -0.9807854987507447 0
    outer loop
      vertex -25.353601455688477 -23.160398483276367 -11.899999618530273
      vertex -25.015504837036133 -23.09314727783203 -8.899999618530273
      vertex -25.353601455688477 -23.160398483276367 -8.899999618530273
    endloop
  endfacet
  facet normal 0 0 1
    outer loop
      vertex -25.353601455688477 -23.160398483276367 -8.899999618530273
      vertex -25.015504837036133 -23.09314727783203 -8.899999618530273
      vertex -25.163244247436523 -21.5931453704834 -8.899999618530273
    endloop
  endfacet
  facet normal 0 1 0
    outer loop
      vertex -25.163244247436523 -39.40685272216797 -8.899999618530273
      vertex -25.163244247436523 -39.40685272216797 -1.8999996185302734
      vertex -24.523048400878906 -39.40685272216797 -8.899999618530273
    endloop
  endfacet
  facet normal 0 0 1
    outer loop
      vertex -25.163244247436523 -39.40685272216797 -8.899999618530273
      vertex -24.523048400878906 -39.40685272216797 -8.899999618530273
      vertex -25.015504837036133 -37.90685272216797 -8.899999618530273
    endloop
  endfacet
  facet normal 0 1 0
    outer loop
      vertex -25.163244247436523 -39.40685272216797 -1.8999996185302734
      vertex -24.523048400878906 -39.40685272216797 -1.8999996185302734
      vertex -24.523048400878906 -39.40685272216797 -8.899999618530273
    endloop
  endfacet
  facet normal 0 0 1
    outer loop
      vertex -25.163244247436523 -39.40685272216797 -1.8999996185302734
      vertex -24.223770141601562 -42.24199676513672 -1.8999996185302734
      vertex -24.523048400878906 -39.40685272216797 -1.8999996185302734
    endloop
  endfacet
  facet normal 0 0 1
    outer loop
      vertex -25.163244247436523 -21.5931453704834 -8.899999618530273
      vertex -25.015504837036133 -23.09314727783203 -8.899999618530273
      vertex -24.523048400878906 -21.5931453704834 -8.899999618530273
    endloop
  endfacet
  facet normal 0 -1 0
    outer loop
      vertex -25.163244247436523 -21.5931453704834 -8.899999618530273
      vertex -24.523048400878906 -21.5931453704834 -8.899999618530273
      vertex -24.523048400878906 -21.5931453704834 -1.8999996185302734
    endloop
  endfacet
  facet normal 0 -1 0
    outer loop
      vertex -25.163244247436523 -21.5931453704834 -8.899999618530273
      vertex -24.523048400878906 -21.5931453704834 -1.8999996185302734
      vertex -25.163244247436523 -21.5931453704834 -1.8999996185302734
    endloop
  endfacet
  facet normal -0.9807853633261333 0.19508990513408092 0
    outer loop
      vertex -25.115205764770508 -32.133460998535156 -11.899999618530273
      vertex -25.115205764770508 -32.133460998535156 -8.899999618530273
      vertex -24.975034713745117 -31.42877197265625 -8.899999618530273
    endloop
  endfacet
  facet normal -0.9807851017384303 0.19509122022232012 -3.2113175783264216e-7
    outer loop
      vertex -25.115205764770508 -32.133460998535156 -11.899999618530273
      vertex -24.975034713745117 -31.42877197265625 -8.899999618530273
      vertex -24.899999618530273 -31.051551818847656 -11.899999618530273
    endloop
  endfacet
  facet normal 0 0 -1
    outer loop
      vertex -25.115205764770508 -32.133460998535156 -11.899999618530273
      vertex -24.899999618530273 -31.051551818847656 -11.899999618530273
      vertex -23.48383140563965 -35.04129409790039 -11.899999618530273
    endloop
  endfacet
  facet normal 0 0 1
    outer loop
      vertex -25.115205764770508 -32.133460998535156 -8.899999618530273
      vertex -22.318706512451172 -34.08509826660156 -8.899999618530273
      vertex -24.975034713745117 -31.42877197265625 -8.899999618530273
    endloop
  endfacet
  facet normal -0.9807852622897385 -0.19509041307877972 0
    outer loop
      vertex -25.115205764770508 -28.866540908813477 -11.899999618530273
      vertex -24.975034713745117 -29.57122802734375 -8.899999618530273
      vertex -25.115205764770508 -28.866540908813477 -8.899999618530273
    endloop
  endfacet
  facet normal -0.9807850359287762 -0.19509155106798434 -2.7788519583326315e-7
    outer loop
      vertex -25.115205764770508 -28.866540908813477 -11.899999618530273
      vertex -24.899999618530273 -29.948448181152344 -11.899999618530273
      vertex -24.975034713745117 -29.57122802734375 -8.899999618530273
    endloop
  endfacet
  facet normal 0 0 -1
    outer loop
      vertex -25.115205764770508 -28.866540908813477 -11.899999618530273
      vertex -23.48383140563965 -25.95870590209961 -11.899999618530273
      vertex -24.899999618530273 -29.948448181152344 -11.899999618530273
    endloop
  endfacet
  facet normal 0 0 1
    outer loop
      vertex -25.115205764770508 -28.866540908813477 -8.899999618530273
      vertex -24.975034713745117 -29.57122802734375 -8.899999618530273
      vertex -22.318706512451172 -26.914899826049805 -8.899999618530273
    endloop
  endfacet
  facet normal 0 1 0
    outer loop
      vertex -25.015504837036133 -37.90685272216797 -11.899999618530273
      vertex -25.015504837036133 -37.90685272216797 -8.899999618530273
      vertex -24.670785903930664 -37.90685272216797 -11.899999618530273
    endloop
  endfacet
  facet normal 0 0 -1
    outer loop
      vertex -25.015504837036133 -37.90685272216797 -11.899999618530273
      vertex -24.670785903930664 -37.90685272216797 -11.899999618530273
      vertex -24.223770141601562 -42.24199676513672 -11.899999618530273
    endloop
  endfacet
  facet normal 0 1 0
    outer loop
      vertex -25.015504837036133 -37.90685272216797 -8.899999618530273
      vertex -24.670785903930664 -37.90685272216797 -8.899999618530273
      vertex -24.670785903930664 -37.90685272216797 -11.899999618530273
    endloop
  endfacet
  facet normal 0 0 1
    outer loop
      vertex -25.015504837036133 -37.90685272216797 -8.899999618530273
      vertex -24.523048400878906 -39.40685272216797 -8.899999618530273
      vertex -24.670785903930664 -37.90685272216797 -8.899999618530273
    endloop
  endfacet
  facet normal 0 -1 0
    outer loop
      vertex -25.015504837036133 -23.09314727783203 -11.899999618530273
      vertex -24.670785903930664 -23.09314727783203 -11.899999618530273
      vertex -24.670785903930664 -23.09314727783203 -8.899999618530273
    endloop
  endfacet
  facet normal 0 -1 0
    outer loop
      vertex -25.015504837036133 -23.09314727783203 -11.899999618530273
      vertex -24.670785903930664 -23.09314727783203 -8.899999618530273
      vertex -25.015504837036133 -23.09314727783203 -8.899999618530273
    endloop
  endfacet
  facet normal 0 0 1
    outer loop
      vertex -25.015504837036133 -23.09314727783203 -8.899999618530273
      vertex -24.670785903930664 -23.09314727783203 -8.899999618530273
      vertex -24.523048400878906 -21.5931453704834 -8.899999618530273
    endloop
  endfacet
  facet normal -0.9807846130594242 0.1950936769500119 0
    outer loop
      vertex -24.975034713745117 -31.42877197265625 -8.899999618530273
      vertex -24.975034713745117 -31.42877197265625 -1.8999996185302734
      vertex -24.899999618530273 -31.051551818847656 -1.8999996185302734
    endloop
  endfacet
  facet normal -0.9807846130594242 0.19509367695001187 0
    outer loop
      vertex -24.975034713745117 -31.42877197265625 -8.899999618530273
      vertex -24.899999618530273 -31.051551818847656 -1.8999996185302734
      vertex -24.899999618530273 -31.051551818847656 -11.899999618530273
    endloop
  endfacet
  facet normal -0.7071067811865476 -0.7071067811865476 0
    outer loop
      vertex -24.975034713745117 -31.42877197265625 -8.899999618530273
      vertex -24.405763626098633 -31.998043060302734 -1.8999996185302734
      vertex -24.975034713745117 -31.42877197265625 -1.8999996185302734
    endloop
  endfacet
  facet normal -0.7071067811865476 -0.7071067811865476 0
    outer loop
      vertex -24.975034713745117 -31.42877197265625 -8.899999618530273
      vertex -23.898042678833008 -32.50576400756836 -1.8999996185302734
      vertex -24.405763626098633 -31.998043060302734 -1.8999996185302734
    endloop
  endfacet
  facet normal -0.7071065273211009 -0.7071070350518986 -7.811743214103e-8
    outer loop
      vertex -24.975034713745117 -31.42877197265625 -8.899999618530273
      vertex -22.318706512451172 -34.08509826660156 -8.899999618530273
      vertex -23.898042678833008 -32.50576400756836 -1.8999996185302734
    endloop
  endfacet
  facet normal 0 0 1
    outer loop
      vertex -24.975034713745117 -31.42877197265625 -1.8999996185302734
      vertex -24.803924560546875 -31.22922134399414 -1.8999996185302734
      vertex -24.899999618530273 -31.051551818847656 -1.8999996185302734
    endloop
  endfacet
  facet normal 0 0 1
    outer loop
      vertex -24.975034713745117 -31.42877197265625 -1.8999996185302734
      vertex -24.61547088623047 -31.684192657470703 -1.8999996185302734
      vertex -24.803924560546875 -31.22922134399414 -1.8999996185302734
    endloop
  endfacet
  facet normal 0 0 1
    outer loop
      vertex -24.975034713745117 -31.42877197265625 -1.8999996185302734
      vertex -24.405763626098633 -31.998043060302734 -1.8999996185302734
      vertex -24.61547088623047 -31.684192657470703 -1.8999996185302734
    endloop
  endfacet
  facet normal -0.7071067811865476 0.7071067811865476 0
    outer loop
      vertex -24.975034713745117 -29.57122802734375 -8.899999618530273
      vertex -24.975034713745117 -29.57122802734375 -1.8999996185302734
      vertex -24.405765533447266 -29.0019588470459 -1.8999996185302734
    endloop
  endfacet
  facet normal -0.9807846130594242 -0.19509367695001187 0
    outer loop
      vertex -24.975034713745117 -29.57122802734375 -8.899999618530273
      vertex -24.899999618530273 -29.948448181152344 -11.899999618530273
      vertex -24.899999618530273 -29.948448181152344 -1.8999996185302734
    endloop
  endfacet
  facet normal -0.9807846130594242 -0.1950936769500119 0
    outer loop
      vertex -24.975034713745117 -29.57122802734375 -8.899999618530273
      vertex -24.899999618530273 -29.948448181152344 -1.8999996185302734
      vertex -24.975034713745117 -29.57122802734375 -1.8999996185302734
    endloop
  endfacet
  facet normal -0.7071055295427263 0.707108032828124 -2.0357760376254354e-7
    outer loop
      vertex -24.975034713745117 -29.57122802734375 -8.899999618530273
      vertex -24.405765533447266 -29.0019588470459 -1.8999996185302734
      vertex -23.866992950439453 -28.46318817138672 -1.8999996185302734
    endloop
  endfacet
  facet normal -0.7071067811865344 0.7071067811865344 1.9267130747836913e-7
    outer loop
      vertex -24.975034713745117 -29.57122802734375 -8.899999618530273
      vertex -23.866992950439453 -28.46318817138672 -1.8999996185302734
      vertex -22.318706512451172 -26.914899826049805 -8.899999618530273
    endloop
  endfacet
  facet normal 0 0 1
    outer loop
      vertex -24.975034713745117 -29.57122802734375 -1.8999996185302734
      vertex -24.899999618530273 -29.948448181152344 -1.8999996185302734
      vertex -24.803924560546875 -29.770776748657227 -1.8999996185302734
    endloop
  endfacet
  facet normal 0 0 1
    outer loop
      vertex -24.975034713745117 -29.57122802734375 -1.8999996185302734
      vertex -24.803924560546875 -29.770776748657227 -1.8999996185302734
      vertex -24.61547088623047 -29.315805435180664 -1.8999996185302734
    endloop
  endfacet
  facet normal 0 0 1
    outer loop
      vertex -24.975034713745117 -29.57122802734375 -1.8999996185302734
      vertex -24.61547088623047 -29.315805435180664 -1.8999996185302734
      vertex -24.405765533447266 -29.0019588470459 -1.8999996185302734
    endloop
  endfacet
  facet normal -1 0 0
    outer loop
      vertex -24.899999618530273 -31.051551818847656 -11.899999618530273
      vertex -24.899999618530273 -31.051551818847656 -1.8999996185302734
      vertex -24.899999618530273 -29.948448181152344 -1.8999996185302734
    endloop
  endfacet
  facet normal 0 0 -1
    outer loop
      vertex -24.899999618530273 -31.051551818847656 -11.899999618530273
      vertex -24.899999618530273 -29.948448181152344 -11.899999618530273
      vertex -23.48383140563965 -25.95870590209961 -11.899999618530273
    endloop
  endfacet
  facet normal -1 0 0
    outer loop
      vertex -24.899999618530273 -31.051551818847656 -11.899999618530273
      vertex -24.899999618530273 -29.948448181152344 -1.8999996185302734
      vertex -24.899999618530273 -29.948448181152344 -11.899999618530273
    endloop
  endfacet
  facet normal 0 0 -1
    outer loop
      vertex -24.899999618530273 -31.051551818847656 -11.899999618530273
      vertex -23.48383140563965 -25.95870590209961 -11.899999618530273
      vertex -23.48383140563965 -35.04129409790039 -11.899999618530273
    endloop
  endfacet
  facet normal 0 0 0
    outer loop
      vertex -24.899999618530273 -31.051551818847656 -1.8999996185302734
      vertex -24.899999618530273 -30.746227264404297 -1.8999996185302734
      vertex -24.899999618530273 -29.948448181152344 -1.8999996185302734
    endloop
  endfacet
  facet normal 0 0 1
    outer loop
      vertex -24.899999618530273 -31.051551818847656 -1.8999996185302734
      vertex -24.803924560546875 -31.22922134399414 -1.8999996185302734
      vertex -24.899999618530273 -30.746227264404297 -1.8999996185302734
    endloop
  endfacet
  facet normal 0 0 0
    outer loop
      vertex -24.899999618530273 -30.746227264404297 -1.8999996185302734
      vertex -24.899999618530273 -30.25377082824707 -1.8999996185302734
      vertex -24.899999618530273 -29.948448181152344 -1.8999996185302734
    endloop
  endfacet
  facet normal -0.6945071841368453 -0.1381483144524185 0.7060983036350291
    outer loop
      vertex -24.899999618530273 -30.746227264404297 -1.8999996185302734
      vertex -24.803924560546875 -31.22922134399414 -1.8999996185302734
      vertex -9.5 -22.298490524291992 14.899999618530273
    endloop
  endfacet
  facet normal -0.7371541332528033 0 0.6757246360969149
    outer loop
      vertex -24.899999618530273 -30.746227264404297 -1.8999996185302734
      vertex -9.5 -22.298490524291992 14.899999618530273
      vertex -24.899999618530273 -30.25377082824707 -1.8999996185302734
    endloop
  endfacet
  facet normal 0 0 1
    outer loop
      vertex -24.899999618530273 -30.25377082824707 -1.8999996185302734
      vertex -24.803924560546875 -29.770776748657227 -1.8999996185302734
      vertex -24.899999618530273 -29.948448181152344 -1.8999996185302734
    endloop
  endfacet
  facet normal -0.7371541332528034 0 0.6757246360969149
    outer loop
      vertex -24.899999618530273 -30.25377082824707 -1.8999996185302734
      vertex -9.5 -22.298490524291992 14.899999618530273
      vertex -9.5 -18.10150909423828 14.899999618530273
    endloop
  endfacet
  facet normal -0.7816416951421344 0.15548072814224514 0.6040380812429691
    outer loop
      vertex -24.899999618530273 -30.25377082824707 -1.8999996185302734
      vertex -9.5 -18.10150909423828 14.899999618530273
      vertex -24.803924560546875 -29.770776748657227 -1.8999996185302734
    endloop
  endfacet
  facet normal -0.6394707888654759 -0.264875204677971 0.7217466564761965
    outer loop
      vertex -24.803924560546875 -31.22922134399414 -1.8999996185302734
      vertex -24.61547088623047 -31.684192657470703 -1.8999996185302734
      vertex -9.386188507080078 -22.673677444458008 14.899999618530273
    endloop
  endfacet
  facet normal -0.6945068423295565 -0.1381492048916199 0.7060984656159803
    outer loop
      vertex -24.803924560546875 -31.22922134399414 -1.8999996185302734
      vertex -9.461569786071777 -22.491687774658203 14.899999618530273
      vertex -9.5 -22.298490524291992 14.899999618530273
    endloop
  endfacet
  facet normal -0.6394717335199475 -0.2648732601405293 0.7217465331343967
    outer loop
      vertex -24.803924560546875 -31.22922134399414 -1.8999996185302734
      vertex -9.386188507080078 -22.673677444458008 14.899999618530273
      vertex -9.461569786071777 -22.491687774658203 14.899999618530273
    endloop
  endfacet
  facet normal -0.781641600951339 0.1554802530976588 0.6040383254056945
    outer loop
      vertex -24.803924560546875 -29.770776748657227 -1.8999996185302734
      vertex -9.5 -18.10150909423828 14.899999618530273
      vertex -9.461569786071777 -17.908309936523438 14.899999618530273
    endloop
  endfacet
  facet normal -0.8014334898983346 0.3319623291237872 0.4974991189058393
    outer loop
      vertex -24.803924560546875 -29.770776748657227 -1.8999996185302734
      vertex -9.461569786071777 -17.908309936523438 14.899999618530273
      vertex -9.386188507080078 -17.726322174072266 14.899999618530273
    endloop
  endfacet
  facet normal -0.8014334789720187 0.3319617728827151 0.49749950766545636
    outer loop
      vertex -24.803924560546875 -29.770776748657227 -1.8999996185302734
      vertex -9.386188507080078 -17.726322174072266 14.899999618530273
      vertex -24.61547088623047 -29.315805435180664 -1.8999996185302734
    endloop
  endfacet
  facet normal -0.19508390185000243 0.9807865574318291 0
    outer loop
      vertex -24.670785903930664 -37.90685272216797 -11.899999618530273
      vertex -24.670785903930664 -37.90685272216797 -8.899999618530273
      vertex -24.33268928527832 -37.839603424072266 -11.899999618530273
    endloop
  endfacet
  facet normal 0 0 -1
    outer loop
      vertex -24.670785903930664 -37.90685272216797 -11.899999618530273
      vertex -24.33268928527832 -37.839603424072266 -11.899999618530273
      vertex -24.223770141601562 -42.24199676513672 -11.899999618530273
    endloop
  endfacet
  facet normal 0 0 1
    outer loop
      vertex -24.670785903930664 -37.90685272216797 -8.899999618530273
      vertex -24.523048400878906 -39.40685272216797 -8.899999618530273
      vertex -24.33268928527832 -37.839603424072266 -8.899999618530273
    endloop
  endfacet
  facet normal -0.19508390185000243 0.9807865574318291 0
    outer loop
      vertex -24.670785903930664 -37.90685272216797 -8.899999618530273
      vertex -24.33268928527832 -37.839603424072266 -8.899999618530273
      vertex -24.33268928527832 -37.839603424072266 -11.899999618530273
    endloop
  endfacet
  facet normal -0.1950892243058361 -0.9807854987507447 0
    outer loop
      vertex -24.670785903930664 -23.09314727783203 -11.899999618530273
      vertex -24.33268928527832 -23.160398483276367 -11.899999618530273
      vertex -24.33268928527832 -23.160398483276367 -8.899999618530273
    endloop
  endfacet
  facet normal -0.1950892243058361 -0.9807854987507447 0
    outer loop
      vertex -24.670785903930664 -23.09314727783203 -11.899999618530273
      vertex -24.33268928527832 -23.160398483276367 -8.899999618530273
      vertex -24.670785903930664 -23.09314727783203 -8.899999618530273
    endloop
  endfacet
  facet normal 0 0 1
    outer loop
      vertex -24.670785903930664 -23.09314727783203 -8.899999618530273
      vertex -24.33268928527832 -23.160398483276367 -8.899999618530273
      vertex -24.523048400878906 -21.5931453704834 -8.899999618530273
    endloop
  endfacet
  facet normal -0.5729231395998926 -0.38281340660226437 0.7247157869375905
    outer loop
      vertex -24.61547088623047 -31.684192657470703 -1.8999996185302734
      vertex -24.405763626098633 -31.998043060302734 -1.8999996185302734
      vertex -24.322410583496094 -32.08139419555664 -1.8781331777572632
    endloop
  endfacet
  facet normal -0.5729387646318274 -0.3828259806353589 0.7246967921363607
    outer loop
      vertex -24.61547088623047 -31.684192657470703 -1.8999996185302734
      vertex -24.322410583496094 -32.08139419555664 -1.8781331777572632
      vertex -9.386188507080078 -22.673677444458008 14.899999618530273
    endloop
  endfacet
  facet normal -0.7796837642884796 0.5209674568112332 0.3473991028321493
    outer loop
      vertex -24.61547088623047 -29.315805435180664 -1.8999996185302734
      vertex -24.21343231201172 -28.80962562561035 -1.756764531135559
      vertex -24.405765533447266 -29.0019588470459 -1.8999996185302734
    endloop
  endfacet
  facet normal -0.7796843596153381 0.520966909686032 0.34739858719258776
    outer loop
      vertex -24.61547088623047 -29.315805435180664 -1.8999996185302734
      vertex -9.386188507080078 -17.726322174072266 14.899999618530273
      vertex -9.276750564575195 -17.562536239624023 14.899999618530273
    endloop
  endfacet
  facet normal -0.7796840446130971 0.5209681528672966 0.34739742986067
    outer loop
      vertex -24.61547088623047 -29.315805435180664 -1.8999996185302734
      vertex -9.276750564575195 -17.562536239624023 14.899999618530273
      vertex -24.21343231201172 -28.80962562561035 -1.756764531135559
    endloop
  endfacet
  facet normal -0.19509217167561818 0.9807849124812693 0
    outer loop
      vertex -24.523048400878906 -39.40685272216797 -8.899999618530273
      vertex -24.523048400878906 -39.40685272216797 -1.8999996185302734
      vertex -23.89515495300293 -39.28195571899414 -8.899999618530273
    endloop
  endfacet
  facet normal 0 0 1
    outer loop
      vertex -24.523048400878906 -39.40685272216797 -8.899999618530273
      vertex -23.89515495300293 -39.28195571899414 -8.899999618530273
      vertex -24.33268928527832 -37.839603424072266 -8.899999618530273
    endloop
  endfacet
  facet normal 0 0 1
    outer loop
      vertex -24.523048400878906 -39.40685272216797 -1.8999996185302734
      vertex -24.223770141601562 -42.24199676513672 -1.8999996185302734
      vertex -23.89515495300293 -39.28195571899414 -1.8999996185302734
    endloop
  endfacet
  facet normal -0.19509217167561818 0.9807849124812693 0
    outer loop
      vertex -24.523048400878906 -39.40685272216797 -1.8999996185302734
      vertex -23.89515495300293 -39.28195571899414 -1.8999996185302734
      vertex -23.89515495300293 -39.28195571899414 -8.899999618530273
    endloop
  endfacet
  facet normal 0 0 1
    outer loop
      vertex -24.523048400878906 -21.5931453704834 -8.899999618530273
      vertex -24.33268928527832 -23.160398483276367 -8.899999618530273
      vertex -23.89515495300293 -21.718042373657227 -8.899999618530273
    endloop
  endfacet
  facet normal -0.19509217167561818 -0.9807849124812693 0
    outer loop
      vertex -24.523048400878906 -21.5931453704834 -8.899999618530273
      vertex -23.89515495300293 -21.718042373657227 -8.899999618530273
      vertex -23.89515495300293 -21.718042373657227 -1.8999996185302734
    endloop
  endfacet
  facet normal -0.19509217167561818 -0.9807849124812693 0
    outer loop
      vertex -24.523048400878906 -21.5931453704834 -8.899999618530273
      vertex -23.89515495300293 -21.718042373657227 -1.8999996185302734
      vertex -24.523048400878906 -21.5931453704834 -1.8999996185302734
    endloop
  endfacet
  facet normal -0.7071055295387463 0.7071080328241438 -0.000003361361754621032
    outer loop
      vertex -24.405765533447266 -29.0019588470459 -1.8999996185302734
      vertex -24.21343231201172 -28.80962562561035 -1.756764531135559
      vertex -23.866992950439453 -28.46318817138672 -1.8999996185302734
    endloop
  endfacet
  facet normal -0.7071067798415269 -0.7071067798415269 0.00006167895195124234
    outer loop
      vertex -24.405763626098633 -31.998043060302734 -1.8999996185302734
      vertex -23.898042678833008 -32.50576400756836 -1.8999996185302734
      vertex -24.322410583496094 -32.08139419555664 -1.8781331777572632
    endloop
  endfacet
  facet normal -0.3826866930492077 0.9238781818849613 0
    outer loop
      vertex -24.33268928527832 -37.839603424072266 -11.899999618530273
      vertex -24.33268928527832 -37.839603424072266 -8.899999618530273
      vertex -24.014209747314453 -37.70768356323242 -11.899999618530273
    endloop
  endfacet
  facet normal 0 0 -1
    outer loop
      vertex -24.33268928527832 -37.839603424072266 -11.899999618530273
      vertex -24.014209747314453 -37.70768356323242 -11.899999618530273
      vertex -24.223770141601562 -42.24199676513672 -11.899999618530273
    endloop
  endfacet
  facet normal -0.3826866930492077 0.9238781818849613 0
    outer loop
      vertex -24.33268928527832 -37.839603424072266 -8.899999618530273
      vertex -24.014209747314453 -37.70768356323242 -8.899999618530273
      vertex -24.014209747314453 -37.70768356323242 -11.899999618530273
    endloop
  endfacet
  facet normal 0 0 1
    outer loop
      vertex -24.33268928527832 -37.839603424072266 -8.899999618530273
      vertex -23.89515495300293 -39.28195571899414 -8.899999618530273
      vertex -24.014209747314453 -37.70768356323242 -8.899999618530273
    endloop
  endfacet
  facet normal -0.3826819703089555 -0.9238801381134111 0
    outer loop
      vertex -24.33268928527832 -23.160398483276367 -11.899999618530273
      vertex -24.014209747314453 -23.292316436767578 -11.899999618530273
      vertex -24.014209747314453 -23.292316436767578 -8.899999618530273
    endloop
  endfacet
  facet normal -0.3826819703089555 -0.9238801381134111 0
    outer loop
      vertex -24.33268928527832 -23.160398483276367 -11.899999618530273
      vertex -24.014209747314453 -23.292316436767578 -8.899999618530273
      vertex -24.33268928527832 -23.160398483276367 -8.899999618530273
    endloop
  endfacet
  facet normal 0 0 -1
    outer loop
      vertex -24.33268928527832 -23.160398483276367 -11.899999618530273
      vertex -8.598490715026855 -17.200000762939453 -11.899999618530273
      vertex -24.014209747314453 -23.292316436767578 -11.899999618530273
    endloop
  endfacet
  facet normal 0 0 1
    outer loop
      vertex -24.33268928527832 -23.160398483276367 -8.899999618530273
      vertex -24.014209747314453 -23.292316436767578 -8.899999618530273
      vertex -23.89515495300293 -21.718042373657227 -8.899999618530273
    endloop
  endfacet
  facet normal -0.5725122858336686 -0.3834838555699329 0.7246860113778426
    outer loop
      vertex -24.322410583496094 -32.08139419555664 -1.8781331777572632
      vertex -24.322223663330078 -32.081581115722656 -1.878084421157837
      vertex -9.386188507080078 -22.673677444458008 14.899999618530273
    endloop
  endfacet
  facet normal -0.7071106570142729 -0.7071029047129889 0.00002972031396884269
    outer loop
      vertex -24.322410583496094 -32.08139419555664 -1.8781331777572632
      vertex -23.97427749633789 -32.42953109741211 -1.878084421157837
      vertex -24.322223663330078 -32.081581115722656 -1.878084421157837
    endloop
  endfacet
  facet normal -0.7071106462855227 -0.7071029105342848 -0.0000884511930514817
    outer loop
      vertex -24.322410583496094 -32.08139419555664 -1.8781331777572632
      vertex -23.898042678833008 -32.50576400756836 -1.8999996185302734
      vertex -23.97427749633789 -32.42953109741211 -1.878084421157837
    endloop
  endfacet
  facet normal -0.49411862810162854 -0.4941132109064031 0.7153313331392165
    outer loop
      vertex -24.322223663330078 -32.081581115722656 -1.878084421157837
      vertex -23.97427749633789 -32.42953109741211 -1.878084421157837
      vertex -9.276750564575195 -22.83746337890625 14.899999618530273
    endloop
  endfacet
  facet normal -0.5729395188349093 -0.38282482761573283 0.7246968049592926
    outer loop
      vertex -24.322223663330078 -32.081581115722656 -1.878084421157837
      vertex -9.276750564575195 -22.83746337890625 14.899999618530273
      vertex -9.386188507080078 -22.673677444458008 14.899999618530273
    endloop
  endfacet
  facet normal 0 0 -1
    outer loop
      vertex -24.223770141601562 -42.24199676513672 -11.899999618530273
      vertex -24.014209747314453 -37.70768356323242 -11.899999618530273
      vertex -23.727584838867188 -37.51616668701172 -11.899999618530273
    endloop
  endfacet
  facet normal 0 0 -1
    outer loop
      vertex -24.223770141601562 -42.24199676513672 -11.899999618530273
      vertex -23.727584838867188 -37.51616668701172 -11.899999618530273
      vertex -23.48383140563965 -37.27241516113281 -11.899999618530273
    endloop
  endfacet
  facet normal 0 0 -1
    outer loop
      vertex -24.223770141601562 -42.24199676513672 -11.899999618530273
      vertex -23.48383140563965 -37.27241516113281 -11.899999618530273
      vertex -23.292316436767578 -36.98579025268555 -11.899999618530273
    endloop
  endfacet
  facet normal 0 0 -1
    outer loop
      vertex -24.223770141601562 -42.24199676513672 -11.899999618530273
      vertex -23.292316436767578 -36.98579025268555 -11.899999618530273
      vertex -23.160398483276367 -36.66730880737305 -11.899999618530273
    endloop
  endfacet
  facet normal 0 0 -1
    outer loop
      vertex -24.223770141601562 -42.24199676513672 -11.899999618530273
      vertex -23.160398483276367 -36.66730880737305 -11.899999618530273
      vertex 8.973676681518555 -23.08618927001953 -11.899999618530273
    endloop
  endfacet
  facet normal 0.4997896935619976 -0.8661467902204595 0
    outer loop
      vertex -24.223770141601562 -42.24199676513672 -11.899999618530273
      vertex -8.11545467376709 -32.94707107543945 -4.141716003417969
      vertex -24.223770141601562 -42.24199676513672 -1.8999996185302734
    endloop
  endfacet
  facet normal 0.49979055814460127 -0.8661462913294626 -0.00000239281328086816
    outer loop
      vertex -24.223770141601562 -42.24199676513672 -11.899999618530273
      vertex -7.949614524841309 -32.851375579833984 -4.54209041595459
      vertex -8.11545467376709 -32.94707107543945 -4.141716003417969
    endloop
  endfacet
  facet normal 0.4997900055851395 -0.866146610174411 -7.637376201654998e-7
    outer loop
      vertex -24.223770141601562 -42.24199676513672 -11.899999618530273
      vertex -7.708850860595703 -32.71244812011719 -4.90241813659668
      vertex -7.949614524841309 -32.851375579833984 -4.54209041595459
    endloop
  endfacet
  facet normal 0.4997891302566746 -0.8661471152600562 0.000001989959098734623
    outer loop
      vertex -24.223770141601562 -42.24199676513672 -11.899999618530273
      vertex -7.40241813659668 -32.53562927246094 -5.208850860595703
      vertex -7.708850860595703 -32.71244812011719 -4.90241813659668
    endloop
  endfacet
  facet normal 0.4997906636961855 -0.8661462304208294 -0.000003148635444810775
    outer loop
      vertex -24.223770141601562 -42.24199676513672 -11.899999618530273
      vertex -7.04209041595459 -32.32770919799805 -5.449614524841309
      vertex -7.40241813659668 -32.53562927246094 -5.208850860595703
    endloop
  endfacet
  facet normal 0.4997889888841322 -0.8661471968333955 0.00000279788958144903
    outer loop
      vertex -24.223770141601562 -42.24199676513672 -11.899999618530273
      vertex -6.641716003417969 -32.096683502197266 -5.61545467376709
      vertex -7.04209041595459 -32.32770919799805 -5.449614524841309
    endloop
  endfacet
  facet normal 0.49978938524600997 -0.8661469681258912 0.000001319792861564823
    outer loop
      vertex -24.223770141601562 -42.24199676513672 -11.899999618530273
      vertex -6.216680526733398 -31.85142707824707 -5.699999809265137
      vertex -6.641716003417969 -32.096683502197266 -5.61545467376709
    endloop
  endfacet
  facet normal 0.4997896800302482 -0.8661467980286196 1.7856480224951521e-7
    outer loop
      vertex -24.223770141601562 -42.24199676513672 -11.899999618530273
      vertex 8.973676681518555 -23.08618927001953 -11.899999618530273
      vertex -6.216680526733398 -31.85142707824707 -5.699999809265137
    endloop
  endfacet
  facet normal 0 0 1
    outer loop
      vertex -24.223770141601562 -42.24199676513672 -1.8999996185302734
      vertex -23.303693771362305 -39.036964416503906 -1.8999996185302734
      vertex -23.89515495300293 -39.28195571899414 -1.8999996185302734
    endloop
  endfacet
  facet normal 0 0 1
    outer loop
      vertex -24.223770141601562 -42.24199676513672 -1.8999996185302734
      vertex -22.771390914916992 -38.68129348754883 -1.8999996185302734
      vertex -23.303693771362305 -39.036964416503906 -1.8999996185302734
    endloop
  endfacet
  facet normal 0 0 1
    outer loop
      vertex -24.223770141601562 -42.24199676513672 -1.8999996185302734
      vertex -22.318706512451172 -38.228607177734375 -1.8999996185302734
      vertex -22.771390914916992 -38.68129348754883 -1.8999996185302734
    endloop
  endfacet
  facet normal 0.4997896377817327 -0.8661468224071507 0
    outer loop
      vertex -24.223770141601562 -42.24199676513672 -1.8999996185302734
      vertex -8.199999809265137 -32.99585723876953 -3.7166805267333984
      vertex -8.199999809265137 -32.99585723876953 -3.2833194732666016
    endloop
  endfacet
  facet normal 0.49978981719903215 -0.8661467188741659 0.0000027703079734669925
    outer loop
      vertex -24.223770141601562 -42.24199676513672 -1.8999996185302734
      vertex -8.199999809265137 -32.99585723876953 -3.2833194732666016
      vertex -8.11545467376709 -32.94707107543945 -2.8582839965820312
    endloop
  endfacet
  facet normal 0.4997893925766731 -0.8661469638921152 -0.0000028828944355352433
    outer loop
      vertex -24.223770141601562 -42.24199676513672 -1.8999996185302734
      vertex -8.11545467376709 -32.94707107543945 -4.141716003417969
      vertex -8.199999809265137 -32.99585723876953 -3.7166805267333984
    endloop
  endfacet
  facet normal 0.4997898185755536 -0.8661467180797771 0.000002801151872761526
    outer loop
      vertex -24.223770141601562 -42.24199676513672 -1.8999996185302734
      vertex -8.11545467376709 -32.94707107543945 -2.8582839965820312
      vertex -7.949614524841309 -32.851375579833984 -2.45790958404541
    endloop
  endfacet
  facet normal 0.49978977153886633 -0.8661467452251858 9.721925768219148e-7
    outer loop
      vertex -24.223770141601562 -42.24199676513672 -1.8999996185302734
      vertex -7.949614524841309 -32.851375579833984 -2.45790958404541
      vertex -7.708850860595703 -32.71244812011719 -2.0975818634033203
    endloop
  endfacet
  facet normal 0.4997897486272675 -0.8661467584448924 -0.0000015804712196531251
    outer loop
      vertex -24.223770141601562 -42.24199676513672 -1.8999996185302734
      vertex -7.708850860595703 -32.71244812011719 -2.0975818634033203
      vertex -7.511268615722656 -32.59843826293945 -1.8999996185302734
    endloop
  endfacet
  facet normal 0 0 1
    outer loop
      vertex -24.223770141601562 -42.24199676513672 -1.8999996185302734
      vertex -7.511268615722656 -32.59843826293945 -1.8999996185302734
      vertex -22.318706512451172 -38.228607177734375 -1.8999996185302734
    endloop
  endfacet
  facet normal -0.7071067811552012 0.7071067811552012 -0.000009415983030555893
    outer loop
      vertex -24.21343231201172 -28.80962562561035 -1.756764531135559
      vertex -23.868181228637695 -28.464374542236328 -1.756764531135559
      vertex -23.866992950439453 -28.46318817138672 -1.8999996185302734
    endloop
  endfacet
  facet normal -0.6985895552529192 0.6985895552529192 0.1547425816737502
    outer loop
      vertex -24.21343231201172 -28.80962562561035 -1.756764531135559
      vertex -9.276750564575195 -17.562536239624023 14.899999618530273
      vertex -23.868181228637695 -28.464374542236328 -1.756764531135559
    endloop
  endfacet
  facet normal -0.5555707049175889 0.8314692969901976 0
    outer loop
      vertex -24.014209747314453 -37.70768356323242 -11.899999618530273
      vertex -24.014209747314453 -37.70768356323242 -8.899999618530273
      vertex -23.727584838867188 -37.51616668701172 -11.899999618530273
    endloop
  endfacet
  facet normal 0 0 1
    outer loop
      vertex -24.014209747314453 -37.70768356323242 -8.899999618530273
      vertex -23.89515495300293 -39.28195571899414 -8.899999618530273
      vertex -23.303693771362305 -39.036964416503906 -8.899999618530273
    endloop
  endfacet
  facet normal -0.5555707049175889 0.8314692969901976 0
    outer loop
      vertex -24.014209747314453 -37.70768356323242 -8.899999618530273
      vertex -23.727584838867188 -37.51616668701172 -8.899999618530273
      vertex -23.727584838867188 -37.51616668701172 -11.899999618530273
    endloop
  endfacet
  facet normal 0 0 1
    outer loop
      vertex -24.014209747314453 -37.70768356323242 -8.899999618530273
      vertex -23.303693771362305 -39.036964416503906 -8.899999618530273
      vertex -23.727584838867188 -37.51616668701172 -8.899999618530273
    endloop
  endfacet
  facet normal -0.5555668796941617 -0.8314718529131897 0
    outer loop
      vertex -24.014209747314453 -23.292316436767578 -11.899999618530273
      vertex -23.727584838867188 -23.48383140563965 -11.899999618530273
      vertex -23.727584838867188 -23.48383140563965 -8.899999618530273
    endloop
  endfacet
  facet normal -0.5555668796941617 -0.8314718529131897 0
    outer loop
      vertex -24.014209747314453 -23.292316436767578 -11.899999618530273
      vertex -23.727584838867188 -23.48383140563965 -8.899999618530273
      vertex -24.014209747314453 -23.292316436767578 -8.899999618530273
    endloop
  endfacet
  facet normal 0 0 -1
    outer loop
      vertex -24.014209747314453 -23.292316436767578 -11.899999618530273
      vertex -8.598490715026855 -17.200000762939453 -11.899999618530273
      vertex -23.727584838867188 -23.48383140563965 -11.899999618530273
    endloop
  endfacet
  facet normal 0 0 1
    outer loop
      vertex -24.014209747314453 -23.292316436767578 -8.899999618530273
      vertex -23.727584838867188 -23.48383140563965 -8.899999618530273
      vertex -23.303693771362305 -21.96303367614746 -8.899999618530273
    endloop
  endfacet
  facet normal 0 0 1
    outer loop
      vertex -24.014209747314453 -23.292316436767578 -8.899999618530273
      vertex -23.303693771362305 -21.96303367614746 -8.899999618530273
      vertex -23.89515495300293 -21.718042373657227 -8.899999618530273
    endloop
  endfacet
  facet normal -0.40084041439296764 -0.5999043863998659 0.6924172798013306
    outer loop
      vertex -23.97427749633789 -32.42953109741211 -1.878084421157837
      vertex -23.898042678833008 -32.50576400756836 -1.8999996185302734
      vertex -23.58419418334961 -32.71546936035156 -1.8999996185302734
    endloop
  endfacet
  facet normal -0.40083073688058096 -0.5998924088208322 0.692433259030002
    outer loop
      vertex -23.97427749633789 -32.42953109741211 -1.878084421157837
      vertex -23.58419418334961 -32.71546936035156 -1.8999996185302734
      vertex -9.137462615966797 -22.976749420166016 14.899999618530273
    endloop
  endfacet
  facet normal -0.49411319156284184 -0.49411995782679663 0.7153304279847369
    outer loop
      vertex -23.97427749633789 -32.42953109741211 -1.878084421157837
      vertex -9.137462615966797 -22.976749420166016 14.899999618530273
      vertex -9.276750564575195 -22.83746337890625 14.899999618530273
    endloop
  endfacet
  facet normal -0.7071063542032356 -0.7071072081696017 0
    outer loop
      vertex -23.898042678833008 -32.50576400756836 -1.8999996185302734
      vertex -22.318706512451172 -34.08509826660156 -8.899999618530273
      vertex -22.318706512451172 -34.08509826660156 -1.8999996185302734
    endloop
  endfacet
  facet normal 0 0 1
    outer loop
      vertex -23.898042678833008 -32.50576400756836 -1.8999996185302734
      vertex -22.318706512451172 -34.08509826660156 -1.8999996185302734
      vertex -23.58419418334961 -32.71546936035156 -1.8999996185302734
    endloop
  endfacet
  facet normal -0.3826835116115896 0.9238794996863078 0
    outer loop
      vertex -23.89515495300293 -39.28195571899414 -8.899999618530273
      vertex -23.89515495300293 -39.28195571899414 -1.8999996185302734
      vertex -23.303693771362305 -39.036964416503906 -8.899999618530273
    endloop
  endfacet
  facet normal -0.3826835116115896 0.9238794996863078 0
    outer loop
      vertex -23.89515495300293 -39.28195571899414 -1.8999996185302734
      vertex -23.303693771362305 -39.036964416503906 -1.8999996185302734
      vertex -23.303693771362305 -39.036964416503906 -8.899999618530273
    endloop
  endfacet
  facet normal -0.3826835116115896 -0.9238794996863078 0
    outer loop
      vertex -23.89515495300293 -21.718042373657227 -8.899999618530273
      vertex -23.303693771362305 -21.96303367614746 -8.899999618530273
      vertex -23.303693771362305 -21.96303367614746 -1.8999996185302734
    endloop
  endfacet
  facet normal -0.3826835116115896 -0.9238794996863078 0
    outer loop
      vertex -23.89515495300293 -21.718042373657227 -8.899999618530273
      vertex -23.303693771362305 -21.96303367614746 -1.8999996185302734
      vertex -23.89515495300293 -21.718042373657227 -1.8999996185302734
    endloop
  endfacet
  facet normal 0 0 1
    outer loop
      vertex -23.89515495300293 -21.718042373657227 -1.8999996185302734
      vertex -23.303693771362305 -21.96303367614746 -1.8999996185302734
      vertex -9.137462615966797 -17.423248291015625 -1.8999996185302734
    endloop
  endfacet
  facet normal -0.7065385960206191 0.7076745101621313 0
    outer loop
      vertex -23.868181228637695 -28.464374542236328 -1.756764531135559
      vertex -23.866992950439453 -28.46318817138672 -1.756764531135559
      vertex -23.866992950439453 -28.46318817138672 -1.8999996185302734
    endloop
  endfacet
  facet normal -0.6981207423710317 0.6992431229857762 0.15390413908799916
    outer loop
      vertex -23.868181228637695 -28.464374542236328 -1.756764531135559
      vertex -9.276750564575195 -17.562536239624023 14.899999618530273
      vertex -23.866992950439453 -28.46318817138672 -1.756764531135559
    endloop
  endfacet
  facet normal -0.5997493653849247 0.8001879146302949 0
    outer loop
      vertex -23.866992950439453 -28.46318817138672 -1.8999996185302734
      vertex -23.866992950439453 -28.46318817138672 -1.756764531135559
      vertex -9.137462615966797 -17.423248291015625 -1.8999996185302734
    endloop
  endfacet
  facet normal -0.707107216731894 0.7071063456409328 0
    outer loop
      vertex -23.866992950439453 -28.46318817138672 -1.8999996185302734
      vertex -22.318706512451172 -26.914899826049805 -1.8999996185302734
      vertex -22.318706512451172 -26.914899826049805 -8.899999618530273
    endloop
  endfacet
  facet normal 0 0 1
    outer loop
      vertex -23.866992950439453 -28.46318817138672 -1.8999996185302734
      vertex -9.137462615966797 -17.423248291015625 -1.8999996185302734
      vertex -22.318706512451172 -26.914899826049805 -1.8999996185302734
    endloop
  endfacet
  facet normal -0.6985895639004747 0.6985895639004747 0.15474250359448563
    outer loop
      vertex -23.866992950439453 -28.46318817138672 -1.756764531135559
      vertex -9.276750564575195 -17.562536239624023 14.899999618530273
      vertex -9.137462615966797 -17.423248291015625 14.899999618530273
    endloop
  endfacet
  facet normal -0.5997493653849246 0.8001879146302949 0
    outer loop
      vertex -23.866992950439453 -28.46318817138672 -1.756764531135559
      vertex -9.137462615966797 -17.423248291015625 14.899999618530273
      vertex -9.137462615966797 -17.423248291015625 -1.8999996185302734
    endloop
  endfacet
  facet normal -0.7071040146469144 0.7071095477153567 0
    outer loop
      vertex -23.727584838867188 -37.51616668701172 -11.899999618530273
      vertex -23.727584838867188 -37.51616668701172 -8.899999618530273
      vertex -23.48383140563965 -37.27241516113281 -11.899999618530273
    endloop
  endfacet
  facet normal -0.7071040146469144 0.7071095477153567 0
    outer loop
      vertex -23.727584838867188 -37.51616668701172 -8.899999618530273
      vertex -23.48383140563965 -37.27241516113281 -8.899999618530273
      vertex -23.48383140563965 -37.27241516113281 -11.899999618530273
    endloop
  endfacet
  facet normal 0 0 1
    outer loop
      vertex -23.727584838867188 -37.51616668701172 -8.899999618530273
      vertex -23.303693771362305 -39.036964416503906 -8.899999618530273
      vertex -22.771390914916992 -38.68129348754883 -8.899999618530273
    endloop
  endfacet
  facet normal 0 0 1
    outer loop
      vertex -23.727584838867188 -37.51616668701172 -8.899999618530273
      vertex -22.771390914916992 -38.68129348754883 -8.899999618530273
      vertex -23.48383140563965 -37.27241516113281 -8.899999618530273
    endloop
  endfacet
  facet normal -0.7071067811865475 -0.7071067811865475 0
    outer loop
      vertex -23.727584838867188 -23.48383140563965 -11.899999618530273
      vertex -23.48383140563965 -23.727584838867188 -11.899999618530273
      vertex -23.727584838867188 -23.48383140563965 -8.899999618530273
    endloop
  endfacet
  facet normal 0 0 -1
    outer loop
      vertex -23.727584838867188 -23.48383140563965 -11.899999618530273
      vertex -8.598490715026855 -17.200000762939453 -11.899999618530273
      vertex -23.48383140563965 -23.727584838867188 -11.899999618530273
    endloop
  endfacet
  facet normal -0.7071067811865475 -0.7071067811865475 0
    outer loop
      vertex -23.727584838867188 -23.48383140563965 -8.899999618530273
      vertex -23.48383140563965 -23.727584838867188 -11.899999618530273
      vertex -23.48383140563965 -23.727584838867188 -8.899999618530273
    endloop
  endfacet
  facet normal 0 0 1
    outer loop
      vertex -23.727584838867188 -23.48383140563965 -8.899999618530273
      vertex -23.48383140563965 -23.727584838867188 -8.899999618530273
      vertex -22.771390914916992 -22.318706512451172 -8.899999618530273
    endloop
  endfacet
  facet normal 0 0 1
    outer loop
      vertex -23.727584838867188 -23.48383140563965 -8.899999618530273
      vertex -22.771390914916992 -22.318706512451172 -8.899999618530273
      vertex -23.303693771362305 -21.96303367614746 -8.899999618530273
    endloop
  endfacet
  facet normal -0.289810343419995 -0.6996558921323799 0.6530632415403795
    outer loop
      vertex -23.58419418334961 -32.71546936035156 -1.8999996185302734
      vertex -23.129222869873047 -32.903926849365234 -1.8999996185302734
      vertex -8.791688919067383 -23.161571502685547 14.899999618530273
    endloop
  endfacet
  facet normal 0 0 1
    outer loop
      vertex -23.58419418334961 -32.71546936035156 -1.8999996185302734
      vertex -22.318706512451172 -34.08509826660156 -1.8999996185302734
      vertex -23.129222869873047 -32.903926849365234 -1.8999996185302734
    endloop
  endfacet
  facet normal -0.40083696529599233 -0.5998862115607403 0.6924350225339575
    outer loop
      vertex -23.58419418334961 -32.71546936035156 -1.8999996185302734
      vertex -8.973676681518555 -23.08618927001953 14.899999618530273
      vertex -9.137462615966797 -22.976749420166016 14.899999618530273
    endloop
  endfacet
  facet normal -0.2898090558815071 -0.6996569317817448 0.6530626990870205
    outer loop
      vertex -23.58419418334961 -32.71546936035156 -1.8999996185302734
      vertex -8.791688919067383 -23.161571502685547 14.899999618530273
      vertex -8.973676681518555 -23.08618927001953 14.899999618530273
    endloop
  endfacet
  facet normal -0.8314718529131897 0.5555668796941617 0
    outer loop
      vertex -23.48383140563965 -37.27241516113281 -11.899999618530273
      vertex -23.48383140563965 -37.27241516113281 -8.899999618530273
      vertex -23.292316436767578 -36.98579025268555 -8.899999618530273
    endloop
  endfacet
  facet normal -0.8314718529131897 0.5555668796941617 0
    outer loop
      vertex -23.48383140563965 -37.27241516113281 -11.899999618530273
      vertex -23.292316436767578 -36.98579025268555 -8.899999618530273
      vertex -23.292316436767578 -36.98579025268555 -11.899999618530273
    endloop
  endfacet
  facet normal 0 0 1
    outer loop
      vertex -23.48383140563965 -37.27241516113281 -8.899999618530273
      vertex -22.771390914916992 -38.68129348754883 -8.899999618530273
      vertex -22.318706512451172 -38.228607177734375 -8.899999618530273
    endloop
  endfacet
  facet normal 0 0 1
    outer loop
      vertex -23.48383140563965 -37.27241516113281 -8.899999618530273
      vertex -22.318706512451172 -38.228607177734375 -8.899999618530273
      vertex -23.292316436767578 -36.98579025268555 -8.899999618530273
    endloop
  endfacet
  facet normal 0 0 -1
    outer loop
      vertex -23.48383140563965 -35.04129409790039 -11.899999618530273
      vertex -23.48383140563965 -25.95870590209961 -11.899999618530273
      vertex -23.292316436767578 -25.672080993652344 -11.899999618530273
    endloop
  endfacet
  facet normal -0.8314718529131897 -0.5555668796941617 0
    outer loop
      vertex -23.48383140563965 -35.04129409790039 -11.899999618530273
      vertex -23.292316436767578 -35.327919006347656 -11.899999618530273
      vertex -23.48383140563965 -35.04129409790039 -8.899999618530273
    endloop
  endfacet
  facet normal 0 0 -1
    outer loop
      vertex -23.48383140563965 -35.04129409790039 -11.899999618530273
      vertex -23.292316436767578 -25.672080993652344 -11.899999618530273
      vertex -23.292316436767578 -35.327919006347656 -11.899999618530273
    endloop
  endfacet
  facet normal -0.8314718529131897 -0.5555668796941617 0
    outer loop
      vertex -23.48383140563965 -35.04129409790039 -8.899999618530273
      vertex -23.292316436767578 -35.327919006347656 -11.899999618530273
      vertex -23.292316436767578 -35.327919006347656 -8.899999618530273
    endloop
  endfacet
  facet normal 0 0 1
    outer loop
      vertex -23.48383140563965 -35.04129409790039 -8.899999618530273
      vertex -23.292316436767578 -35.327919006347656 -8.899999618530273
      vertex -22.318706512451172 -34.08509826660156 -8.899999618530273
    endloop
  endfacet
  facet normal -0.8314718529131897 0.5555668796941617 0
    outer loop
      vertex -23.48383140563965 -25.95870590209961 -11.899999618530273
      vertex -23.48383140563965 -25.95870590209961 -8.899999618530273
      vertex -23.292316436767578 -25.672080993652344 -8.899999618530273
    endloop
  endfacet
  facet normal -0.8314718529131897 0.5555668796941617 0
    outer loop
      vertex -23.48383140563965 -25.95870590209961 -11.899999618530273
      vertex -23.292316436767578 -25.672080993652344 -8.899999618530273
      vertex -23.292316436767578 -25.672080993652344 -11.899999618530273
    endloop
  endfacet
  facet normal 0 0 1
    outer loop
      vertex -23.48383140563965 -25.95870590209961 -8.899999618530273
      vertex -22.318706512451172 -26.914899826049805 -8.899999618530273
      vertex -23.292316436767578 -25.672080993652344 -8.899999618530273
    endloop
  endfacet
  facet normal -0.8314718529131897 -0.5555668796941617 0
    outer loop
      vertex -23.48383140563965 -23.727584838867188 -11.899999618530273
      vertex -23.292316436767578 -24.014209747314453 -11.899999618530273
      vertex -23.48383140563965 -23.727584838867188 -8.899999618530273
    endloop
  endfacet
  facet normal 0 0 -1
    outer loop
      vertex -23.48383140563965 -23.727584838867188 -11.899999618530273
      vertex -8.598490715026855 -17.200000762939453 -11.899999618530273
      vertex -23.292316436767578 -24.014209747314453 -11.899999618530273
    endloop
  endfacet
  facet normal -0.8314718529131897 -0.5555668796941617 0
    outer loop
      vertex -23.48383140563965 -23.727584838867188 -8.899999618530273
      vertex -23.292316436767578 -24.014209747314453 -11.899999618530273
      vertex -23.292316436767578 -24.014209747314453 -8.899999618530273
    endloop
  endfacet
  facet normal 0 0 1
    outer loop
      vertex -23.48383140563965 -23.727584838867188 -8.899999618530273
      vertex -23.292316436767578 -24.014209747314453 -8.899999618530273
      vertex -22.318706512451172 -22.771390914916992 -8.899999618530273
    endloop
  endfacet
  facet normal 0 0 1
    outer loop
      vertex -23.48383140563965 -23.727584838867188 -8.899999618530273
      vertex -22.318706512451172 -22.771390914916992 -8.899999618530273
      vertex -22.771390914916992 -22.318706512451172 -8.899999618530273
    endloop
  endfacet
  facet normal -0.5555675671623854 0.8314713935652076 0
    outer loop
      vertex -23.303693771362305 -39.036964416503906 -8.899999618530273
      vertex -23.303693771362305 -39.036964416503906 -1.8999996185302734
      vertex -22.771390914916992 -38.68129348754883 -8.899999618530273
    endloop
  endfacet
  facet normal -0.5555675671623854 0.8314713935652076 0
    outer loop
      vertex -23.303693771362305 -39.036964416503906 -1.8999996185302734
      vertex -22.771390914916992 -38.68129348754883 -1.8999996185302734
      vertex -22.771390914916992 -38.68129348754883 -8.899999618530273
    endloop
  endfacet
  facet normal -0.5555696269011553 -0.831470017297624 0
    outer loop
      vertex -23.303693771362305 -21.96303367614746 -8.899999618530273
      vertex -22.771390914916992 -22.318706512451172 -8.899999618530273
      vertex -22.771390914916992 -22.318706512451172 -1.8999996185302734
    endloop
  endfacet
  facet normal -0.5555696269011553 -0.831470017297624 0
    outer loop
      vertex -23.303693771362305 -21.96303367614746 -8.899999618530273
      vertex -22.771390914916992 -22.318706512451172 -1.8999996185302734
      vertex -23.303693771362305 -21.96303367614746 -1.8999996185302734
    endloop
  endfacet
  facet normal 0 0 1
    outer loop
      vertex -23.303693771362305 -21.96303367614746 -1.8999996185302734
      vertex -22.771390914916992 -22.318706512451172 -1.8999996185302734
      vertex -9.137462615966797 -17.423248291015625 -1.8999996185302734
    endloop
  endfacet
  facet normal -0.9238809483966419 0.38268001409757657 0
    outer loop
      vertex -23.292316436767578 -36.98579025268555 -11.899999618530273
      vertex -23.292316436767578 -36.98579025268555 -8.899999618530273
      vertex -23.160398483276367 -36.66730880737305 -8.899999618530273
    endloop
  endfacet
  facet normal -0.9238809483966419 0.38268001409757657 0
    outer loop
      vertex -23.292316436767578 -36.98579025268555 -11.899999618530273
      vertex -23.160398483276367 -36.66730880737305 -8.899999618530273
      vertex -23.160398483276367 -36.66730880737305 -11.899999618530273
    endloop
  endfacet
  facet normal 0 0 1
    outer loop
      vertex -23.292316436767578 -36.98579025268555 -8.899999618530273
      vertex -22.318706512451172 -38.228607177734375 -8.899999618530273
      vertex -21.96303367614746 -37.69630813598633 -8.899999618530273
    endloop
  endfacet
  facet normal 0 0 1
    outer loop
      vertex -23.292316436767578 -36.98579025268555 -8.899999618530273
      vertex -21.96303367614746 -37.69630813598633 -8.899999618530273
      vertex -23.160398483276367 -36.66730880737305 -8.899999618530273
    endloop
  endfacet
  facet normal 0 0 -1
    outer loop
      vertex -23.292316436767578 -35.327919006347656 -11.899999618530273
      vertex -23.292316436767578 -25.672080993652344 -11.899999618530273
      vertex -23.160398483276367 -25.353601455688477 -11.899999618530273
    endloop
  endfacet
  facet normal -0.9238809483966419 -0.38268001409757657 0
    outer loop
      vertex -23.292316436767578 -35.327919006347656 -11.899999618530273
      vertex -23.160398483276367 -35.646400451660156 -11.899999618530273
      vertex -23.292316436767578 -35.327919006347656 -8.899999618530273
    endloop
  endfacet
  facet normal 0 0 -1
    outer loop
      vertex -23.292316436767578 -35.327919006347656 -11.899999618530273
      vertex -23.160398483276367 -25.353601455688477 -11.899999618530273
      vertex -23.160398483276367 -35.646400451660156 -11.899999618530273
    endloop
  endfacet
  facet normal -0.9238809483966419 -0.38268001409757657 0
    outer loop
      vertex -23.292316436767578 -35.327919006347656 -8.899999618530273
      vertex -23.160398483276367 -35.646400451660156 -11.899999618530273
      vertex -23.160398483276367 -35.646400451660156 -8.899999618530273
    endloop
  endfacet
  facet normal 0 0 1
    outer loop
      vertex -23.292316436767578 -35.327919006347656 -8.899999618530273
      vertex -23.160398483276367 -35.646400451660156 -8.899999618530273
      vertex -21.96303367614746 -34.617401123046875 -8.899999618530273
    endloop
  endfacet
  facet normal 0 0 1
    outer loop
      vertex -23.292316436767578 -35.327919006347656 -8.899999618530273
      vertex -21.96303367614746 -34.617401123046875 -8.899999618530273
      vertex -22.318706512451172 -34.08509826660156 -8.899999618530273
    endloop
  endfacet
  facet normal -0.9238801381134111 0.3826819703089555 0
    outer loop
      vertex -23.292316436767578 -25.672080993652344 -11.899999618530273
      vertex -23.292316436767578 -25.672080993652344 -8.899999618530273
      vertex -23.160398483276367 -25.353601455688477 -8.899999618530273
    endloop
  endfacet
  facet normal -0.9238801381134111 0.3826819703089555 0
    outer loop
      vertex -23.292316436767578 -25.672080993652344 -11.899999618530273
      vertex -23.160398483276367 -25.353601455688477 -8.899999618530273
      vertex -23.160398483276367 -25.353601455688477 -11.899999618530273
    endloop
  endfacet
  facet normal 0 0 1
    outer loop
      vertex -23.292316436767578 -25.672080993652344 -8.899999618530273
      vertex -22.318706512451172 -26.914899826049805 -8.899999618530273
      vertex -21.96303367614746 -26.382598876953125 -8.899999618530273
    endloop
  endfacet
  facet normal 0 0 1
    outer loop
      vertex -23.292316436767578 -25.672080993652344 -8.899999618530273
      vertex -21.96303367614746 -26.382598876953125 -8.899999618530273
      vertex -23.160398483276367 -25.353601455688477 -8.899999618530273
    endloop
  endfacet
  facet normal -0.9238801381134111 -0.3826819703089555 0
    outer loop
      vertex -23.292316436767578 -24.014209747314453 -11.899999618530273
      vertex -23.160398483276367 -24.33268928527832 -11.899999618530273
      vertex -23.292316436767578 -24.014209747314453 -8.899999618530273
    endloop
  endfacet
  facet normal 0 0 -1
    outer loop
      vertex -23.292316436767578 -24.014209747314453 -11.899999618530273
      vertex -8.598490715026855 -17.200000762939453 -11.899999618530273
      vertex -23.160398483276367 -24.33268928527832 -11.899999618530273
    endloop
  endfacet
  facet normal -0.9238801381134111 -0.3826819703089555 0
    outer loop
      vertex -23.292316436767578 -24.014209747314453 -8.899999618530273
      vertex -23.160398483276367 -24.33268928527832 -11.899999618530273
      vertex -23.160398483276367 -24.33268928527832 -8.899999618530273
    endloop
  endfacet
  facet normal 0 0 1
    outer loop
      vertex -23.292316436767578 -24.014209747314453 -8.899999618530273
      vertex -23.160398483276367 -24.33268928527832 -8.899999618530273
      vertex -22.318706512451172 -22.771390914916992 -8.899999618530273
    endloop
  endfacet
  facet normal -0.9807854987507447 0.1950892243058361 0
    outer loop
      vertex -23.160398483276367 -36.66730880737305 -11.899999618530273
      vertex -23.160398483276367 -36.66730880737305 -8.899999618530273
      vertex -23.09314727783203 -36.3292121887207 -8.899999618530273
    endloop
  endfacet
  facet normal 0 0 -1
    outer loop
      vertex -23.160398483276367 -36.66730880737305 -11.899999618530273
      vertex -23.09314727783203 -36.3292121887207 -11.899999618530273
      vertex 8.973676681518555 -23.08618927001953 -11.899999618530273
    endloop
  endfacet
  facet normal -0.9807854987507447 0.1950892243058361 0
    outer loop
      vertex -23.160398483276367 -36.66730880737305 -11.899999618530273
      vertex -23.09314727783203 -36.3292121887207 -8.899999618530273
      vertex -23.09314727783203 -36.3292121887207 -11.899999618530273
    endloop
  endfacet
  facet normal 0 0 1
    outer loop
      vertex -23.160398483276367 -36.66730880737305 -8.899999618530273
      vertex -21.96303367614746 -37.69630813598633 -8.899999618530273
      vertex -21.718042373657227 -37.10484313964844 -8.899999618530273
    endloop
  endfacet
  facet normal 0 0 1
    outer loop
      vertex -23.160398483276367 -36.66730880737305 -8.899999618530273
      vertex -21.718042373657227 -37.10484313964844 -8.899999618530273
      vertex -23.09314727783203 -36.3292121887207 -8.899999618530273
    endloop
  endfacet
  facet normal 0 0 -1
    outer loop
      vertex -23.160398483276367 -35.646400451660156 -11.899999618530273
      vertex -23.160398483276367 -25.353601455688477 -11.899999618530273
      vertex -8.598490715026855 -17.200000762939453 -11.899999618530273
    endloop
  endfacet
  facet normal -0.9807850775715393 -0.1950913417171293 0
    outer loop
      vertex -23.160398483276367 -35.646400451660156 -11.899999618530273
      vertex -23.09314727783203 -35.984493255615234 -11.899999618530273
      vertex -23.160398483276367 -35.646400451660156 -8.899999618530273
    endloop
  endfacet
  facet normal 0 0 -1
    outer loop
      vertex -23.160398483276367 -35.646400451660156 -11.899999618530273
      vertex -8.598490715026855 -17.200000762939453 -11.899999618530273
      vertex -8.549245834350586 -17.200000762939453 -11.899999618530273
    endloop
  endfacet
  facet normal 0 0 -1
    outer loop
      vertex -23.160398483276367 -35.646400451660156 -11.899999618530273
      vertex -8.549245834350586 -17.200000762939453 -11.899999618530273
      vertex -8.54924488067627 -17.200000762939453 -11.899999618530273
    endloop
  endfacet
  facet normal 0 0 -1
    outer loop
      vertex -23.160398483276367 -35.646400451660156 -11.899999618530273
      vertex -8.54924488067627 -17.200000762939453 -11.899999618530273
      vertex -23.09314727783203 -35.984493255615234 -11.899999618530273
    endloop
  endfacet
  facet normal -0.9807850775715393 -0.1950913417171293 0
    outer loop
      vertex -23.160398483276367 -35.646400451660156 -8.899999618530273
      vertex -23.09314727783203 -35.984493255615234 -11.899999618530273
      vertex -23.09314727783203 -35.984493255615234 -8.899999618530273
    endloop
  endfacet
  facet normal 0 0 1
    outer loop
      vertex -23.160398483276367 -35.646400451660156 -8.899999618530273
      vertex -23.09314727783203 -35.984493255615234 -8.899999618530273
      vertex -21.718042373657227 -35.208866119384766 -8.899999618530273
    endloop
  endfacet
  facet normal 0 0 1
    outer loop
      vertex -23.160398483276367 -35.646400451660156 -8.899999618530273
      vertex -21.718042373657227 -35.208866119384766 -8.899999618530273
      vertex -21.96303367614746 -34.617401123046875 -8.899999618530273
    endloop
  endfacet
  facet normal -0.9807854987507447 0.1950892243058361 0
    outer loop
      vertex -23.160398483276367 -25.353601455688477 -11.899999618530273
      vertex -23.160398483276367 -25.353601455688477 -8.899999618530273
      vertex -23.09314727783203 -25.015504837036133 -8.899999618530273
    endloop
  endfacet
  facet normal 0 0 -1
    outer loop
      vertex -23.160398483276367 -25.353601455688477 -11.899999618530273
      vertex -23.09314727783203 -25.015504837036133 -11.899999618530273
      vertex -8.598490715026855 -17.200000762939453 -11.899999618530273
    endloop
  endfacet
  facet normal -0.9807854987507447 0.1950892243058361 0
    outer loop
      vertex -23.160398483276367 -25.353601455688477 -11.899999618530273
      vertex -23.09314727783203 -25.015504837036133 -8.899999618530273
      vertex -23.09314727783203 -25.015504837036133 -11.899999618530273
    endloop
  endfacet
  facet normal 0 0 1
    outer loop
      vertex -23.160398483276367 -25.353601455688477 -8.899999618530273
      vertex -21.96303367614746 -26.382598876953125 -8.899999618530273
      vertex -21.718042373657227 -25.791135787963867 -8.899999618530273
    endloop
  endfacet
  facet normal 0 0 1
    outer loop
      vertex -23.160398483276367 -25.353601455688477 -8.899999618530273
      vertex -21.718042373657227 -25.791135787963867 -8.899999618530273
      vertex -23.09314727783203 -25.015504837036133 -8.899999618530273
    endloop
  endfacet
  facet normal -0.9807854987507447 -0.1950892243058361 0
    outer loop
      vertex -23.160398483276367 -24.33268928527832 -11.899999618530273
      vertex -23.09314727783203 -24.670785903930664 -11.899999618530273
      vertex -23.160398483276367 -24.33268928527832 -8.899999618530273
    endloop
  endfacet
  facet normal 0 0 -1
    outer loop
      vertex -23.160398483276367 -24.33268928527832 -11.899999618530273
      vertex -8.598490715026855 -17.200000762939453 -11.899999618530273
      vertex -23.09314727783203 -24.670785903930664 -11.899999618530273
    endloop
  endfacet
  facet normal -0.9807854987507447 -0.1950892243058361 0
    outer loop
      vertex -23.160398483276367 -24.33268928527832 -8.899999618530273
      vertex -23.09314727783203 -24.670785903930664 -11.899999618530273
      vertex -23.09314727783203 -24.670785903930664 -8.899999618530273
    endloop
  endfacet
  facet normal 0 0 1
    outer loop
      vertex -23.160398483276367 -24.33268928527832 -8.899999618530273
      vertex -23.09314727783203 -24.670785903930664 -8.899999618530273
      vertex -21.718042373657227 -23.89515495300293 -8.899999618530273
    endloop
  endfacet
  facet normal 0 0 1
    outer loop
      vertex -23.160398483276367 -24.33268928527832 -8.899999618530273
      vertex -21.96303367614746 -23.303693771362305 -8.899999618530273
      vertex -22.318706512451172 -22.771390914916992 -8.899999618530273
    endloop
  endfacet
  facet normal 0 0 1
    outer loop
      vertex -23.160398483276367 -24.33268928527832 -8.899999618530273
      vertex -21.718042373657227 -23.89515495300293 -8.899999618530273
      vertex -21.96303367614746 -23.303693771362305 -8.899999618530273
    endloop
  endfacet
  facet normal -0.1571771913018459 -0.7901859400235027 0.5923694039394981
    outer loop
      vertex -23.129222869873047 -32.903926849365234 -1.8999996185302734
      vertex -22.646228790283203 -33 -1.8999996185302734
      vertex -8.791688919067383 -23.161571502685547 14.899999618530273
    endloop
  endfacet
  facet normal 0 0 1
    outer loop
      vertex -23.129222869873047 -32.903926849365234 -1.8999996185302734
      vertex -22.318706512451172 -34.08509826660156 -1.8999996185302734
      vertex -22.646228790283203 -33 -1.8999996185302734
    endloop
  endfacet
  facet normal -1 0 0
    outer loop
      vertex -23.09314727783203 -36.3292121887207 -11.899999618530273
      vertex -23.09314727783203 -36.3292121887207 -8.899999618530273
      vertex -23.09314727783203 -35.984493255615234 -8.899999618530273
    endloop
  endfacet
  facet normal 0 0 -1
    outer loop
      vertex -23.09314727783203 -36.3292121887207 -11.899999618530273
      vertex -23.09314727783203 -35.984493255615234 -11.899999618530273
      vertex 8.973676681518555 -23.08618927001953 -11.899999618530273
    endloop
  endfacet
  facet normal -1 0 0
    outer loop
      vertex -23.09314727783203 -36.3292121887207 -11.899999618530273
      vertex -23.09314727783203 -35.984493255615234 -8.899999618530273
      vertex -23.09314727783203 -35.984493255615234 -11.899999618530273
    endloop
  endfacet
  facet normal 0 0 1
    outer loop
      vertex -23.09314727783203 -36.3292121887207 -8.899999618530273
      vertex -21.718042373657227 -37.10484313964844 -8.899999618530273
      vertex -21.5931453704834 -36.476951599121094 -8.899999618530273
    endloop
  endfacet
  facet normal 0 0 1
    outer loop
      vertex -23.09314727783203 -36.3292121887207 -8.899999618530273
      vertex -21.5931453704834 -36.476951599121094 -8.899999618530273
      vertex -23.09314727783203 -35.984493255615234 -8.899999618530273
    endloop
  endfacet
  facet normal 0 0 -1
    outer loop
      vertex -23.09314727783203 -35.984493255615234 -11.899999618530273
      vertex -8.54924488067627 -17.200000762939453 -11.899999618530273
      vertex 8.973676681518555 -23.08618927001953 -11.899999618530273
    endloop
  endfacet
  facet normal 0 0 1
    outer loop
      vertex -23.09314727783203 -35.984493255615234 -8.899999618530273
      vertex -21.5931453704834 -36.476951599121094 -8.899999618530273
      vertex -21.5931453704834 -35.83675765991211 -8.899999618530273
    endloop
  endfacet
  facet normal 0 0 1
    outer loop
      vertex -23.09314727783203 -35.984493255615234 -8.899999618530273
      vertex -21.5931453704834 -35.83675765991211 -8.899999618530273
      vertex -21.718042373657227 -35.208866119384766 -8.899999618530273
    endloop
  endfacet
  facet normal -1 0 0
    outer loop
      vertex -23.09314727783203 -25.015504837036133 -11.899999618530273
      vertex -23.09314727783203 -25.015504837036133 -8.899999618530273
      vertex -23.09314727783203 -24.670785903930664 -8.899999618530273
    endloop
  endfacet
  facet normal 0 0 -1
    outer loop
      vertex -23.09314727783203 -25.015504837036133 -11.899999618530273
      vertex -23.09314727783203 -24.670785903930664 -11.899999618530273
      vertex -8.598490715026855 -17.200000762939453 -11.899999618530273
    endloop
  endfacet
  facet normal -1 0 0
    outer loop
      vertex -23.09314727783203 -25.015504837036133 -11.899999618530273
      vertex -23.09314727783203 -24.670785903930664 -8.899999618530273
      vertex -23.09314727783203 -24.670785903930664 -11.899999618530273
    endloop
  endfacet
  facet normal 0 0 1
    outer loop
      vertex -23.09314727783203 -25.015504837036133 -8.899999618530273
      vertex -21.718042373657227 -25.791135787963867 -8.899999618530273
      vertex -21.5931453704834 -25.163244247436523 -8.899999618530273
    endloop
  endfacet
  facet normal 0 0 1
    outer loop
      vertex -23.09314727783203 -25.015504837036133 -8.899999618530273
      vertex -21.5931453704834 -25.163244247436523 -8.899999618530273
      vertex -23.09314727783203 -24.670785903930664 -8.899999618530273
    endloop
  endfacet
  facet normal 0 0 1
    outer loop
      vertex -23.09314727783203 -24.670785903930664 -8.899999618530273
      vertex -21.5931453704834 -25.163244247436523 -8.899999618530273
      vertex -21.5931453704834 -24.523048400878906 -8.899999618530273
    endloop
  endfacet
  facet normal 0 0 1
    outer loop
      vertex -23.09314727783203 -24.670785903930664 -8.899999618530273
      vertex -21.5931453704834 -24.523048400878906 -8.899999618530273
      vertex -21.718042373657227 -23.89515495300293 -8.899999618530273
    endloop
  endfacet
  facet normal -0.7071082708500781 0.7071052915198788 0
    outer loop
      vertex -22.771390914916992 -38.68129348754883 -8.899999618530273
      vertex -22.771390914916992 -38.68129348754883 -1.8999996185302734
      vertex -22.318706512451172 -38.228607177734375 -1.8999996185302734
    endloop
  endfacet
  facet normal -0.7071082708500781 0.7071052915198788 0
    outer loop
      vertex -22.771390914916992 -38.68129348754883 -8.899999618530273
      vertex -22.318706512451172 -38.228607177734375 -1.8999996185302734
      vertex -22.318706512451172 -38.228607177734375 -8.899999618530273
    endloop
  endfacet
  facet normal -0.7071067811865475 -0.7071067811865475 0
    outer loop
      vertex -22.771390914916992 -22.318706512451172 -8.899999618530273
      vertex -22.318706512451172 -22.771390914916992 -8.899999618530273
      vertex -22.771390914916992 -22.318706512451172 -1.8999996185302734
    endloop
  endfacet
  facet normal -0.7071067811865475 -0.7071067811865475 0
    outer loop
      vertex -22.771390914916992 -22.318706512451172 -1.8999996185302734
      vertex -22.318706512451172 -22.771390914916992 -8.899999618530273
      vertex -22.318706512451172 -22.771390914916992 -1.8999996185302734
    endloop
  endfacet
  facet normal 0 0 1
    outer loop
      vertex -22.771390914916992 -22.318706512451172 -1.8999996185302734
      vertex -22.318706512451172 -22.771390914916992 -1.8999996185302734
      vertex -9.137462615966797 -17.423248291015625 -1.8999996185302734
    endloop
  endfacet
  facet normal 0 0 1
    outer loop
      vertex -22.646228790283203 -33 -1.8999996185302734
      vertex -22.318706512451172 -34.08509826660156 -1.8999996185302734
      vertex -22.153770446777344 -33 -1.8999996185302734
    endloop
  endfacet
  facet normal 0 -0.8637789080121103 0.5038710133292112
    outer loop
      vertex -22.646228790283203 -33 -1.8999996185302734
      vertex -22.153770446777344 -33 -1.8999996185302734
      vertex -8.598490715026855 -23.200000762939453 14.899999618530273
    endloop
  endfacet
  facet normal -0.15717677302677846 -0.7901861775383129 0.5923691980921005
    outer loop
      vertex -22.646228790283203 -33 -1.8999996185302734
      vertex -8.598490715026855 -23.200000762939453 14.899999618530273
      vertex -8.791688919067383 -23.161571502685547 14.899999618530273
    endloop
  endfacet
  facet normal -0.8314681781012941 0.5555723794474621 0
    outer loop
      vertex -22.318706512451172 -38.228607177734375 -8.899999618530273
      vertex -22.318706512451172 -38.228607177734375 -1.8999996185302734
      vertex -21.96303367614746 -37.69630813598633 -1.8999996185302734
    endloop
  endfacet
  facet normal -0.8314681781012941 0.5555723794474621 0
    outer loop
      vertex -22.318706512451172 -38.228607177734375 -8.899999618530273
      vertex -21.96303367614746 -37.69630813598633 -1.8999996185302734
      vertex -21.96303367614746 -37.69630813598633 -8.899999618530273
    endloop
  endfacet
  facet normal 0 0 1
    outer loop
      vertex -22.318706512451172 -38.228607177734375 -1.8999996185302734
      vertex -7.511268615722656 -32.59843826293945 -1.8999996185302734
      vertex -21.96303367614746 -37.69630813598633 -1.8999996185302734
    endloop
  endfacet
  facet normal -0.831470017297624 -0.5555696269011553 0
    outer loop
      vertex -22.318706512451172 -34.08509826660156 -8.899999618530273
      vertex -21.96303367614746 -34.617401123046875 -8.899999618530273
      vertex -22.318706512451172 -34.08509826660156 -1.8999996185302734
    endloop
  endfacet
  facet normal -0.831470017297624 -0.5555696269011553 0
    outer loop
      vertex -22.318706512451172 -34.08509826660156 -1.8999996185302734
      vertex -21.96303367614746 -34.617401123046875 -8.899999618530273
      vertex -21.96303367614746 -34.617401123046875 -1.8999996185302734
    endloop
  endfacet
  facet normal 0 0 1
    outer loop
      vertex -22.318706512451172 -34.08509826660156 -1.8999996185302734
      vertex -21.96303367614746 -34.617401123046875 -1.8999996185302734
      vertex -21.6707763671875 -32.903926849365234 -1.8999996185302734
    endloop
  endfacet
  facet normal 0 0 1
    outer loop
      vertex -22.318706512451172 -34.08509826660156 -1.8999996185302734
      vertex -21.6707763671875 -32.903926849365234 -1.8999996185302734
      vertex -22.153770446777344 -33 -1.8999996185302734
    endloop
  endfacet
  facet normal -0.8314690977028761 0.5555710031716604 0
    outer loop
      vertex -22.318706512451172 -26.914899826049805 -8.899999618530273
      vertex -22.318706512451172 -26.914899826049805 -1.8999996185302734
      vertex -21.96303367614746 -26.382598876953125 -1.8999996185302734
    endloop
  endfacet
  facet normal -0.8314690977028761 0.5555710031716604 0
    outer loop
      vertex -22.318706512451172 -26.914899826049805 -8.899999618530273
      vertex -21.96303367614746 -26.382598876953125 -1.8999996185302734
      vertex -21.96303367614746 -26.382598876953125 -8.899999618530273
    endloop
  endfacet
  facet normal 0 0 1
    outer loop
      vertex -22.318706512451172 -26.914899826049805 -1.8999996185302734
      vertex -9.137462615966797 -17.423248291015625 -1.8999996185302734
      vertex -21.96303367614746 -26.382598876953125 -1.8999996185302734
    endloop
  endfacet
  facet normal -0.831470017297624 -0.5555696269011553 0
    outer loop
      vertex -22.318706512451172 -22.771390914916992 -8.899999618530273
      vertex -21.96303367614746 -23.303693771362305 -8.899999618530273
      vertex -22.318706512451172 -22.771390914916992 -1.8999996185302734
    endloop
  endfacet
  facet normal -0.831470017297624 -0.5555696269011553 0
    outer loop
      vertex -22.318706512451172 -22.771390914916992 -1.8999996185302734
      vertex -21.96303367614746 -23.303693771362305 -8.899999618530273
      vertex -21.96303367614746 -23.303693771362305 -1.8999996185302734
    endloop
  endfacet
  facet normal 0 0 1
    outer loop
      vertex -22.318706512451172 -22.771390914916992 -1.8999996185302734
      vertex -21.96303367614746 -23.303693771362305 -1.8999996185302734
      vertex -9.137462615966797 -17.423248291015625 -1.8999996185302734
    endloop
  endfacet
  facet normal 0.18035304628091967 -0.9066992496252676 0.38127319526314596
    outer loop
      vertex -22.153770446777344 -33 -1.8999996185302734
      vertex -21.6707763671875 -32.903926849365234 -1.8999996185302734
      vertex -8.262781143188477 -23.200000762939453 14.834378242492676
    endloop
  endfacet
  facet normal 0 -0.8637789080121103 0.5038710133292112
    outer loop
      vertex -22.153770446777344 -33 -1.8999996185302734
      vertex -8.401508331298828 -23.200000762939453 14.899999618530273
      vertex -8.598490715026855 -23.200000762939453 14.899999618530273
    endloop
  endfacet
  facet normal 0.18035198959335128 -0.9066991223177642 0.3812739978518281
    outer loop
      vertex -22.153770446777344 -33 -1.8999996185302734
      vertex -8.262781143188477 -23.200000762939453 14.834378242492676
      vertex -8.401508331298828 -23.200000762939453 14.899999618530273
    endloop
  endfacet
  facet normal -0.9238803723061353 0.38268140491468455 0
    outer loop
      vertex -21.96303367614746 -37.69630813598633 -8.899999618530273
      vertex -21.96303367614746 -37.69630813598633 -1.8999996185302734
      vertex -21.718042373657227 -37.10484313964844 -1.8999996185302734
    endloop
  endfacet
  facet normal -0.9238803723061353 0.38268140491468455 0
    outer loop
      vertex -21.96303367614746 -37.69630813598633 -8.899999618530273
      vertex -21.718042373657227 -37.10484313964844 -1.8999996185302734
      vertex -21.718042373657227 -37.10484313964844 -8.899999618530273
    endloop
  endfacet
  facet normal 0 0 1
    outer loop
      vertex -21.96303367614746 -37.69630813598633 -1.8999996185302734
      vertex -7.511268615722656 -32.59843826293945 -1.8999996185302734
      vertex -21.718042373657227 -37.10484313964844 -1.8999996185302734
    endloop
  endfacet
  facet normal -0.9238803723061353 -0.38268140491468455 0
    outer loop
      vertex -21.96303367614746 -34.617401123046875 -8.899999618530273
      vertex -21.718042373657227 -35.208866119384766 -8.899999618530273
      vertex -21.96303367614746 -34.617401123046875 -1.8999996185302734
    endloop
  endfacet
  facet normal -0.9238803723061353 -0.38268140491468455 0
    outer loop
      vertex -21.96303367614746 -34.617401123046875 -1.8999996185302734
      vertex -21.718042373657227 -35.208866119384766 -8.899999618530273
      vertex -21.718042373657227 -35.208866119384766 -1.8999996185302734
    endloop
  endfacet
  facet normal 0 0 1
    outer loop
      vertex -21.96303367614746 -34.617401123046875 -1.8999996185302734
      vertex -21.718042373657227 -35.208866119384766 -1.8999996185302734
      vertex -21.215805053710938 -32.71546936035156 -1.8999996185302734
    endloop
  endfacet
  facet normal 0 0 1
    outer loop
      vertex -21.96303367614746 -34.617401123046875 -1.8999996185302734
      vertex -21.215805053710938 -32.71546936035156 -1.8999996185302734
      vertex -21.6707763671875 -32.903926849365234 -1.8999996185302734
    endloop
  endfacet
  facet normal -0.9238799359980231 0.38268245826048647 0
    outer loop
      vertex -21.96303367614746 -26.382598876953125 -8.899999618530273
      vertex -21.96303367614746 -26.382598876953125 -1.8999996185302734
      vertex -21.718042373657227 -25.791135787963867 -1.8999996185302734
    endloop
  endfacet
  facet normal -0.9238799359980231 0.38268245826048647 0
    outer loop
      vertex -21.96303367614746 -26.382598876953125 -8.899999618530273
      vertex -21.718042373657227 -25.791135787963867 -1.8999996185302734
      vertex -21.718042373657227 -25.791135787963867 -8.899999618530273
    endloop
  endfacet
  facet normal 0 0 1
    outer loop
      vertex -21.96303367614746 -26.382598876953125 -1.8999996185302734
      vertex -9.137462615966797 -17.423248291015625 -1.8999996185302734
      vertex -21.718042373657227 -25.791135787963867 -1.8999996185302734
    endloop
  endfacet
  facet normal -0.9238794996863078 -0.3826835116115896 0
    outer loop
      vertex -21.96303367614746 -23.303693771362305 -8.899999618530273
      vertex -21.718042373657227 -23.89515495300293 -8.899999618530273
      vertex -21.96303367614746 -23.303693771362305 -1.8999996185302734
    endloop
  endfacet
  facet normal -0.9238794996863078 -0.3826835116115896 0
    outer loop
      vertex -21.96303367614746 -23.303693771362305 -1.8999996185302734
      vertex -21.718042373657227 -23.89515495300293 -8.899999618530273
      vertex -21.718042373657227 -23.89515495300293 -1.8999996185302734
    endloop
  endfacet
  facet normal 0 0 1
    outer loop
      vertex -21.96303367614746 -23.303693771362305 -1.8999996185302734
      vertex -21.718042373657227 -23.89515495300293 -1.8999996185302734
      vertex -9.137462615966797 -17.423248291015625 -1.8999996185302734
    endloop
  endfacet
  facet normal -0.9807847990848092 0.19509274175163574 0
    outer loop
      vertex -21.718042373657227 -37.10484313964844 -8.899999618530273
      vertex -21.718042373657227 -37.10484313964844 -1.8999996185302734
      vertex -21.5931453704834 -36.476951599121094 -1.8999996185302734
    endloop
  endfacet
  facet normal -0.9807847990848092 0.19509274175163574 0
    outer loop
      vertex -21.718042373657227 -37.10484313964844 -8.899999618530273
      vertex -21.5931453704834 -36.476951599121094 -1.8999996185302734
      vertex -21.5931453704834 -36.476951599121094 -8.899999618530273
    endloop
  endfacet
  facet normal 0 0 1
    outer loop
      vertex -21.718042373657227 -37.10484313964844 -1.8999996185302734
      vertex -7.511268615722656 -32.59843826293945 -1.8999996185302734
      vertex -21.5931453704834 -36.476951599121094 -1.8999996185302734
    endloop
  endfacet
  facet normal -0.9807847990848092 -0.19509274175163574 0
    outer loop
      vertex -21.718042373657227 -35.208866119384766 -8.899999618530273
      vertex -21.5931453704834 -35.83675765991211 -8.899999618530273
      vertex -21.718042373657227 -35.208866119384766 -1.8999996185302734
    endloop
  endfacet
  facet normal -0.9807847990848092 -0.19509274175163574 0
    outer loop
      vertex -21.718042373657227 -35.208866119384766 -1.8999996185302734
      vertex -21.5931453704834 -35.83675765991211 -8.899999618530273
      vertex -21.5931453704834 -35.83675765991211 -1.8999996185302734
    endloop
  endfacet
  facet normal 0 0 1
    outer loop
      vertex -21.718042373657227 -35.208866119384766 -1.8999996185302734
      vertex -21.5931453704834 -35.83675765991211 -1.8999996185302734
      vertex -21.215805053710938 -32.71546936035156 -1.8999996185302734
    endloop
  endfacet
  facet normal -0.9807847990848092 0.19509274175163574 0
    outer loop
      vertex -21.718042373657227 -25.791135787963867 -8.899999618530273
      vertex -21.718042373657227 -25.791135787963867 -1.8999996185302734
      vertex -21.5931453704834 -25.163244247436523 -1.8999996185302734
    endloop
  endfacet
  facet normal -0.9807847990848092 0.19509274175163574 0
    outer loop
      vertex -21.718042373657227 -25.791135787963867 -8.899999618530273
      vertex -21.5931453704834 -25.163244247436523 -1.8999996185302734
      vertex -21.5931453704834 -25.163244247436523 -8.899999618530273
    endloop
  endfacet
  facet normal 0 0 1
    outer loop
      vertex -21.718042373657227 -25.791135787963867 -1.8999996185302734
      vertex -9.137462615966797 -17.423248291015625 -1.8999996185302734
      vertex -21.5931453704834 -25.163244247436523 -1.8999996185302734
    endloop
  endfacet
  facet normal -0.9807849124812693 -0.19509217167561818 0
    outer loop
      vertex -21.718042373657227 -23.89515495300293 -8.899999618530273
      vertex -21.5931453704834 -24.523048400878906 -8.899999618530273
      vertex -21.718042373657227 -23.89515495300293 -1.8999996185302734
    endloop
  endfacet
  facet normal -0.9807849124812693 -0.19509217167561818 0
    outer loop
      vertex -21.718042373657227 -23.89515495300293 -1.8999996185302734
      vertex -21.5931453704834 -24.523048400878906 -8.899999618530273
      vertex -21.5931453704834 -24.523048400878906 -1.8999996185302734
    endloop
  endfacet
  facet normal 0 0 1
    outer loop
      vertex -21.718042373657227 -23.89515495300293 -1.8999996185302734
      vertex -21.5931453704834 -24.523048400878906 -1.8999996185302734
      vertex -9.137462615966797 -17.423248291015625 -1.8999996185302734
    endloop
  endfacet
  facet normal 0.373023265768223 -0.9005473121398381 0.22331184875264193
    outer loop
      vertex -21.6707763671875 -32.903926849365234 -1.8999996185302734
      vertex -21.215805053710938 -32.71546936035156 -1.8999996185302734
      vertex -8.26141357421875 -23.200000762939453 14.833730697631836
    endloop
  endfacet
  facet normal 0.18048654180289533 -0.9067140491278698 0.3811748172980146
    outer loop
      vertex -21.6707763671875 -32.903926849365234 -1.8999996185302734
      vertex -8.26141357421875 -23.200000762939453 14.833730697631836
      vertex -8.262781143188477 -23.200000762939453 14.834378242492676
    endloop
  endfacet
  facet normal -1 0 0
    outer loop
      vertex -21.5931453704834 -36.476951599121094 -8.899999618530273
      vertex -21.5931453704834 -36.476951599121094 -1.8999996185302734
      vertex -21.5931453704834 -35.83675765991211 -1.8999996185302734
    endloop
  endfacet
  facet normal -1 0 0
    outer loop
      vertex -21.5931453704834 -36.476951599121094 -8.899999618530273
      vertex -21.5931453704834 -35.83675765991211 -1.8999996185302734
      vertex -21.5931453704834 -35.83675765991211 -8.899999618530273
    endloop
  endfacet
  facet normal 0 0 1
    outer loop
      vertex -21.5931453704834 -36.476951599121094 -1.8999996185302734
      vertex -7.511268615722656 -32.59843826293945 -1.8999996185302734
      vertex -21.5931453704834 -35.83675765991211 -1.8999996185302734
    endloop
  endfacet
  facet normal 0 0 1
    outer loop
      vertex -21.5931453704834 -35.83675765991211 -1.8999996185302734
      vertex -20.80634307861328 -32.44187545776367 -1.8999996185302734
      vertex -21.215805053710938 -32.71546936035156 -1.8999996185302734
    endloop
  endfacet
  facet normal 0 0 1
    outer loop
      vertex -21.5931453704834 -35.83675765991211 -1.8999996185302734
      vertex -7.511268615722656 -32.59843826293945 -1.8999996185302734
      vertex -20.80634307861328 -32.44187545776367 -1.8999996185302734
    endloop
  endfacet
  facet normal -1 0 0
    outer loop
      vertex -21.5931453704834 -25.163244247436523 -8.899999618530273
      vertex -21.5931453704834 -25.163244247436523 -1.8999996185302734
      vertex -21.5931453704834 -24.523048400878906 -1.8999996185302734
    endloop
  endfacet
  facet normal -1 0 0
    outer loop
      vertex -21.5931453704834 -25.163244247436523 -8.899999618530273
      vertex -21.5931453704834 -24.523048400878906 -1.8999996185302734
      vertex -21.5931453704834 -24.523048400878906 -8.899999618530273
    endloop
  endfacet
  facet normal 0 0 1
    outer loop
      vertex -21.5931453704834 -25.163244247436523 -1.8999996185302734
      vertex -9.137462615966797 -17.423248291015625 -1.8999996185302734
      vertex -21.5931453704834 -24.523048400878906 -1.8999996185302734
    endloop
  endfacet
  facet normal 0.5551175584305514 -0.8307916577685549 0.0403697622519568
    outer loop
      vertex -21.215805053710938 -32.71546936035156 -1.8999996185302734
      vertex -20.80634307861328 -32.44187545776367 -1.8999996185302734
      vertex -8.16783618927002 -23.200000762939453 14.503746032714844
    endloop
  endfacet
  facet normal 0.37286840385752845 -0.9005774555247626 0.2234488755963729
    outer loop
      vertex -21.215805053710938 -32.71546936035156 -1.8999996185302734
      vertex -8.26063060760498 -23.200000762939453 14.83242416381836
      vertex -8.26141357421875 -23.200000762939453 14.833730697631836
    endloop
  endfacet
  facet normal 0.37302200372914723 -0.9005475618319301 0.223312949943478
    outer loop
      vertex -21.215805053710938 -32.71546936035156 -1.8999996185302734
      vertex -8.182212829589844 -23.200000762939453 14.701435089111328
      vertex -8.26063060760498 -23.200000762939453 14.83242416381836
    endloop
  endfacet
  facet normal 0.5551175198899131 -0.8307916812064994 0.040369809875083214
    outer loop
      vertex -21.215805053710938 -32.71546936035156 -1.8999996185302734
      vertex -8.168645858764648 -23.200000762939453 14.514878273010254
      vertex -8.182212829589844 -23.200000762939453 14.701435089111328
    endloop
  endfacet
  facet normal 0.5551134566697655 -0.830794169125414 0.040374481685310624
    outer loop
      vertex -21.215805053710938 -32.71546936035156 -1.8999996185302734
      vertex -8.16783618927002 -23.200000762939453 14.503746032714844
      vertex -8.168645858764648 -23.200000762939453 14.514878273010254
    endloop
  endfacet
  facet normal 0.5902681511937921 -0.8072072284650718 0
    outer loop
      vertex -20.80634307861328 -32.44187545776367 -1.8999996185302734
      vertex -8.199999809265137 -23.223520278930664 9.283319473266602
      vertex -8.199999809265137 -23.223520278930664 9.716680526733398
    endloop
  endfacet
  facet normal 0.5902681558877771 -0.8072072250326076 -7.817694909489214e-9
    outer loop
      vertex -20.80634307861328 -32.44187545776367 -1.8999996185302734
      vertex -8.199999809265137 -23.223520278930664 9.716680526733398
      vertex -8.16783618927002 -23.200000762939453 14.503746032714844
    endloop
  endfacet
  facet normal 0.5902681492763371 -0.8072072298672056 0
    outer loop
      vertex -20.80634307861328 -32.44187545776367 -1.8999996185302734
      vertex -8.16783618927002 -23.200000762939453 -1.8999996185302734
      vertex -8.16783618927002 -23.200000762939453 9.121621131896973
    endloop
  endfacet
  facet normal 0.5902680381827982 -0.8072073111040265 1.9550999127244743e-7
    outer loop
      vertex -20.80634307861328 -32.44187545776367 -1.8999996185302734
      vertex -8.16783618927002 -23.200000762939453 9.121621131896973
      vertex -8.199999809265137 -23.223520278930664 9.283319473266602
    endloop
  endfacet
  facet normal 0 0 1
    outer loop
      vertex -20.80634307861328 -32.44187545776367 -1.8999996185302734
      vertex -7.511268615722656 -32.59843826293945 -1.8999996185302734
      vertex -8.16783618927002 -23.200000762939453 -1.8999996185302734
    endloop
  endfacet
  facet normal 0 0 1
    outer loop
      vertex -9.5 -22.298490524291992 14.899999618530273
      vertex -9.461569786071777 -22.491687774658203 14.899999618530273
      vertex -9.386188507080078 -22.673677444458008 14.899999618530273
    endloop
  endfacet
  facet normal 0 0 1
    outer loop
      vertex -9.5 -22.298490524291992 14.899999618530273
      vertex -9.386188507080078 -22.673677444458008 14.899999618530273
      vertex -9.276750564575195 -22.83746337890625 14.899999618530273
    endloop
  endfacet
  facet normal 0 0 1
    outer loop
      vertex -9.5 -22.298490524291992 14.899999618530273
      vertex -9.276750564575195 -22.83746337890625 14.899999618530273
      vertex -9.137462615966797 -22.976749420166016 14.899999618530273
    endloop
  endfacet
  facet normal 0 0 1
    outer loop
      vertex -9.5 -22.298490524291992 14.899999618530273
      vertex -9.137462615966797 -22.976749420166016 14.899999618530273
      vertex -8.973676681518555 -23.08618927001953 14.899999618530273
    endloop
  endfacet
  facet normal 0 0 1
    outer loop
      vertex -9.5 -22.298490524291992 14.899999618530273
      vertex -8.973676681518555 -23.08618927001953 14.899999618530273
      vertex -8.791688919067383 -23.161571502685547 14.899999618530273
    endloop
  endfacet
  facet normal 0 0 1
    outer loop
      vertex -9.5 -22.298490524291992 14.899999618530273
      vertex -8.791688919067383 -23.161571502685547 14.899999618530273
      vertex -8.598490715026855 -23.200000762939453 14.899999618530273
    endloop
  endfacet
  facet normal 0 0 1
    outer loop
      vertex -9.5 -22.298490524291992 14.899999618530273
      vertex -8.598490715026855 -23.200000762939453 14.899999618530273
      vertex -8.401508331298828 -23.200000762939453 14.899999618530273
    endloop
  endfacet
  facet normal 0 0 1
    outer loop
      vertex -9.5 -22.298490524291992 14.899999618530273
      vertex -8.401508331298828 -23.200000762939453 14.899999618530273
      vertex -9.5 -18.10150909423828 14.899999618530273
    endloop
  endfacet
  facet normal 0 0 1
    outer loop
      vertex -9.5 -18.10150909423828 14.899999618530273
      vertex -9.386188507080078 -17.726322174072266 14.899999618530273
      vertex -9.461569786071777 -17.908309936523438 14.899999618530273
    endloop
  endfacet
  facet normal 0 0 1
    outer loop
      vertex -9.5 -18.10150909423828 14.899999618530273
      vertex -9.276750564575195 -17.562536239624023 14.899999618530273
      vertex -9.386188507080078 -17.726322174072266 14.899999618530273
    endloop
  endfacet
  facet normal 0 0 1
    outer loop
      vertex -9.5 -18.10150909423828 14.899999618530273
      vertex -9.137462615966797 -17.423248291015625 14.899999618530273
      vertex -9.276750564575195 -17.562536239624023 14.899999618530273
    endloop
  endfacet
  facet normal 0 0 1
    outer loop
      vertex -9.5 -18.10150909423828 14.899999618530273
      vertex -8.973676681518555 -17.313812255859375 14.899999618530273
      vertex -9.137462615966797 -17.423248291015625 14.899999618530273
    endloop
  endfacet
  facet normal 0 0 1
    outer loop
      vertex -9.5 -18.10150909423828 14.899999618530273
      vertex -8.54924488067627 -17.200000762939453 14.899999618530273
      vertex -8.973676681518555 -17.313812255859375 14.899999618530273
    endloop
  endfacet
  facet normal 0 0 1
    outer loop
      vertex -9.5 -18.10150909423828 14.899999618530273
      vertex -8.401508331298828 -23.200000762939453 14.899999618530273
      vertex -8.54924488067627 -17.200000762939453 14.899999618530273
    endloop
  endfacet
  facet normal -0.5555624154559882 0.8314748357783944 0
    outer loop
      vertex -9.137462615966797 -17.423248291015625 -1.8999996185302734
      vertex -9.137462615966797 -17.423248291015625 14.899999618530273
      vertex -8.973676681518555 -17.313812255859375 -1.8999996185302734
    endloop
  endfacet
  facet normal -0.5555624154559882 0.8314748357783944 0
    outer loop
      vertex -9.137462615966797 -17.423248291015625 14.899999618530273
      vertex -8.973676681518555 -17.313812255859375 14.899999618530273
      vertex -8.973676681518555 -17.313812255859375 -1.8999996185302734
    endloop
  endfacet
  facet normal -0.3826853097993422 0.9238787548503221 0
    outer loop
      vertex -8.973676681518555 -17.313812255859375 -1.8999996185302734
      vertex -8.973676681518555 -17.313812255859375 14.899999618530273
      vertex -8.791688919067383 -17.23843002319336 -1.8999996185302734
    endloop
  endfacet
  facet normal -0.3826853097993422 0.9238787548503221 0
    outer loop
      vertex -8.973676681518555 -17.313812255859375 14.899999618530273
      vertex -8.791688919067383 -17.23843002319336 14.899999618530273
      vertex -8.791688919067383 -17.23843002319336 -1.8999996185302734
    endloop
  endfacet
  facet normal 0 0 1
    outer loop
      vertex -8.973676681518555 -17.313812255859375 14.899999618530273
      vertex -8.54924488067627 -17.200000762939453 14.899999618530273
      vertex -8.791688919067383 -17.23843002319336 14.899999618530273
    endloop
  endfacet
  facet normal -0.1950890919691262 0.9807855250739896 0
    outer loop
      vertex -8.791688919067383 -17.23843002319336 -1.8999996185302734
      vertex -8.791688919067383 -17.23843002319336 14.899999618530273
      vertex -8.598490715026855 -17.200000762939453 -1.8999996185302734
    endloop
  endfacet
  facet normal -0.1950890919691262 0.9807855250739896 0
    outer loop
      vertex -8.791688919067383 -17.23843002319336 14.899999618530273
      vertex -8.598490715026855 -17.200000762939453 14.899999618530273
      vertex -8.598490715026855 -17.200000762939453 -1.8999996185302734
    endloop
  endfacet
  facet normal 0 0 1
    outer loop
      vertex -8.791688919067383 -17.23843002319336 14.899999618530273
      vertex -8.549245834350586 -17.200000762939453 14.899999618530273
      vertex -8.598490715026855 -17.200000762939453 14.899999618530273
    endloop
  endfacet
  facet normal 0 0 1
    outer loop
      vertex -8.791688919067383 -17.23843002319336 14.899999618530273
      vertex -8.54924488067627 -17.200000762939453 14.899999618530273
      vertex -8.549245834350586 -17.200000762939453 14.899999618530273
    endloop
  endfacet
  facet normal 0 1 0
    outer loop
      vertex -8.598490715026855 -17.200000762939453 -11.899999618530273
      vertex -8.598490715026855 -17.200000762939453 -1.8999996185302734
      vertex -8.549245834350586 -17.200000762939453 -11.899999618530273
    endloop
  endfacet
  facet normal 0 1 0
    outer loop
      vertex -8.598490715026855 -17.200000762939453 -1.8999996185302734
      vertex -8.598490715026855 -17.200000762939453 14.899999618530273
      vertex -8.549245834350586 -17.200000762939453 14.899999618530273
    endloop
  endfacet
  facet normal 0 1 0
    outer loop
      vertex -8.598490715026855 -17.200000762939453 -1.8999996185302734
      vertex -8.549245834350586 -17.200000762939453 14.899999618530273
      vertex -8.549245834350586 -17.200000762939453 -11.899999618530273
    endloop
  endfacet
  facet normal 0 1 0
    outer loop
      vertex -8.549245834350586 -17.200000762939453 -11.899999618530273
      vertex -8.549245834350586 -17.200000762939453 14.899999618530273
      vertex -8.54924488067627 -17.200000762939453 -11.899999618530273
    endloop
  endfacet
  facet normal 0 1 0
    outer loop
      vertex -8.549245834350586 -17.200000762939453 14.899999618530273
      vertex -8.54924488067627 -17.200000762939453 14.899999618530273
      vertex -8.54924488067627 -17.200000762939453 -11.899999618530273
    endloop
  endfacet
  facet normal 0 1 0
    outer loop
      vertex -8.54924488067627 -17.200000762939453 -11.899999618530273
      vertex -8.54924488067627 -17.200000762939453 14.899999618530273
      vertex -7.049999237060547 -17.200000762939453 -3.3965845108032227
    endloop
  endfacet
  facet normal 0 1 0
    outer loop
      vertex -8.54924488067627 -17.200000762939453 -11.899999618530273
      vertex -7.049999237060547 -17.200000762939453 -3.6034154891967773
      vertex -7.009648323059082 -17.200000762939453 -3.8062734603881836
    endloop
  endfacet
  facet normal 0 1 0
    outer loop
      vertex -8.54924488067627 -17.200000762939453 -11.899999618530273
      vertex -7.049999237060547 -17.200000762939453 -3.3965845108032227
      vertex -7.049999237060547 -17.200000762939453 -3.6034154891967773
    endloop
  endfacet
  facet normal 0 1 0
    outer loop
      vertex -8.54924488067627 -17.200000762939453 -11.899999618530273
      vertex -7.009648323059082 -17.200000762939453 -3.8062734603881836
      vertex -6.930497169494629 -17.200000762939453 -3.997361183166504
    endloop
  endfacet
  facet normal 0 1 0
    outer loop
      vertex -8.54924488067627 -17.200000762939453 -11.899999618530273
      vertex -6.930497169494629 -17.200000762939453 -3.997361183166504
      vertex -6.815587997436523 -17.200000762939453 -4.16933536529541
    endloop
  endfacet
  facet normal 0 1 0
    outer loop
      vertex -8.54924488067627 -17.200000762939453 -11.899999618530273
      vertex -6.815587997436523 -17.200000762939453 -4.16933536529541
      vertex -6.66933536529541 -17.200000762939453 -4.315587997436523
    endloop
  endfacet
  facet normal 0 1 0
    outer loop
      vertex -8.54924488067627 -17.200000762939453 -11.899999618530273
      vertex -6.66933536529541 -17.200000762939453 -4.315587997436523
      vertex -6.497361183166504 -17.200000762939453 -4.430497169494629
    endloop
  endfacet
  facet normal 0 1 0
    outer loop
      vertex -8.54924488067627 -17.200000762939453 -11.899999618530273
      vertex -6.497361183166504 -17.200000762939453 -4.430497169494629
      vertex -6.306273460388184 -17.200000762939453 -4.509648323059082
    endloop
  endfacet
  facet normal 0 1 0
    outer loop
      vertex -8.54924488067627 -17.200000762939453 -11.899999618530273
      vertex -6.306273460388184 -17.200000762939453 -4.509648323059082
      vertex -6.103415489196777 -17.200000762939453 -4.549999237060547
    endloop
  endfacet
  facet normal 0 1 0
    outer loop
      vertex -8.54924488067627 -17.200000762939453 -11.899999618530273
      vertex -6.103415489196777 -17.200000762939453 -4.549999237060547
      vertex -5.896584510803223 -17.200000762939453 -4.549999237060547
    endloop
  endfacet
  facet normal 0 1 0
    outer loop
      vertex -8.54924488067627 -17.200000762939453 -11.899999618530273
      vertex -5.896584510803223 -17.200000762939453 -4.549999237060547
      vertex -5.693726539611816 -17.200000762939453 -4.509648323059082
    endloop
  endfacet
  facet normal 0 1 0
    outer loop
      vertex -8.54924488067627 -17.200000762939453 -11.899999618530273
      vertex -5.693726539611816 -17.200000762939453 -4.509648323059082
      vertex -5.502638816833496 -17.200000762939453 -4.430497169494629
    endloop
  endfacet
  facet normal 0 1 0
    outer loop
      vertex -8.54924488067627 -17.200000762939453 -11.899999618530273
      vertex -5.502638816833496 -17.200000762939453 -4.430497169494629
      vertex -5.33066463470459 -17.200000762939453 -4.315587997436523
    endloop
  endfacet
  facet normal 0 1 0
    outer loop
      vertex -8.54924488067627 -17.200000762939453 -11.899999618530273
      vertex -5.33066463470459 -17.200000762939453 -4.315587997436523
      vertex 8.54924488067627 -17.200000762939453 -11.899999618530273
    endloop
  endfacet
  facet normal 0 0 -1
    outer loop
      vertex -8.54924488067627 -17.200000762939453 -11.899999618530273
      vertex 8.54924488067627 -17.200000762939453 -11.899999618530273
      vertex 8.973676681518555 -23.08618927001953 -11.899999618530273
    endloop
  endfacet
  facet normal 0 0 1
    outer loop
      vertex -8.54924488067627 -17.200000762939453 14.899999618530273
      vertex -8.401508331298828 -23.200000762939453 14.899999618530273
      vertex 8.54924488067627 -17.200000762939453 14.899999618530273
    endloop
  endfacet
  facet normal 0 1 0
    outer loop
      vertex -8.54924488067627 -17.200000762939453 14.899999618530273
      vertex -7.049999237060547 -17.200000762939453 9.396584510803223
      vertex -7.049999237060547 -17.200000762939453 -3.3965845108032227
    endloop
  endfacet
  facet normal 0 1 0
    outer loop
      vertex -8.54924488067627 -17.200000762939453 14.899999618530273
      vertex -7.049999237060547 -17.200000762939453 9.603415489196777
      vertex -7.049999237060547 -17.200000762939453 9.396584510803223
    endloop
  endfacet
  facet normal 0 1 0
    outer loop
      vertex -8.54924488067627 -17.200000762939453 14.899999618530273
      vertex -7.009648323059082 -17.200000762939453 9.806273460388184
      vertex -7.049999237060547 -17.200000762939453 9.603415489196777
    endloop
  endfacet
  facet normal 0 1 0
    outer loop
      vertex -8.54924488067627 -17.200000762939453 14.899999618530273
      vertex -6.930497169494629 -17.200000762939453 9.997361183166504
      vertex -7.009648323059082 -17.200000762939453 9.806273460388184
    endloop
  endfacet
  facet normal 0 1 0
    outer loop
      vertex -8.54924488067627 -17.200000762939453 14.899999618530273
      vertex -6.815587997436523 -17.200000762939453 10.16933536529541
      vertex -6.930497169494629 -17.200000762939453 9.997361183166504
    endloop
  endfacet
  facet normal 0 1 0
    outer loop
      vertex -8.54924488067627 -17.200000762939453 14.899999618530273
      vertex -6.66933536529541 -17.200000762939453 10.315587997436523
      vertex -6.815587997436523 -17.200000762939453 10.16933536529541
    endloop
  endfacet
  facet normal 0 1 0
    outer loop
      vertex -8.54924488067627 -17.200000762939453 14.899999618530273
      vertex -6.497361183166504 -17.200000762939453 10.430497169494629
      vertex -6.66933536529541 -17.200000762939453 10.315587997436523
    endloop
  endfacet
  facet normal 0 1 0
    outer loop
      vertex -8.54924488067627 -17.200000762939453 14.899999618530273
      vertex -6.306273460388184 -17.200000762939453 10.509648323059082
      vertex -6.497361183166504 -17.200000762939453 10.430497169494629
    endloop
  endfacet
  facet normal 0 1 0
    outer loop
      vertex -8.54924488067627 -17.200000762939453 14.899999618530273
      vertex -6.103415489196777 -17.200000762939453 10.549999237060547
      vertex -6.306273460388184 -17.200000762939453 10.509648323059082
    endloop
  endfacet
  facet normal 0 1 0
    outer loop
      vertex -8.54924488067627 -17.200000762939453 14.899999618530273
      vertex -5.896584510803223 -17.200000762939453 10.549999237060547
      vertex -6.103415489196777 -17.200000762939453 10.549999237060547
    endloop
  endfacet
  facet normal 0 1 0
    outer loop
      vertex -8.54924488067627 -17.200000762939453 14.899999618530273
      vertex -5.693726539611816 -17.200000762939453 10.509648323059082
      vertex -5.896584510803223 -17.200000762939453 10.549999237060547
    endloop
  endfacet
  facet normal 0 1 0
    outer loop
      vertex -8.54924488067627 -17.200000762939453 14.899999618530273
      vertex -5.502638816833496 -17.200000762939453 10.430497169494629
      vertex -5.693726539611816 -17.200000762939453 10.509648323059082
    endloop
  endfacet
  facet normal 0 1 0
    outer loop
      vertex -8.54924488067627 -17.200000762939453 14.899999618530273
      vertex -5.33066463470459 -17.200000762939453 10.315587997436523
      vertex -5.502638816833496 -17.200000762939453 10.430497169494629
    endloop
  endfacet
  facet normal 0 1 0
    outer loop
      vertex -8.54924488067627 -17.200000762939453 14.899999618530273
      vertex 5.33066463470459 -17.200000762939453 10.315587997436523
      vertex -5.33066463470459 -17.200000762939453 10.315587997436523
    endloop
  endfacet
  facet normal 0 1 0
    outer loop
      vertex -8.54924488067627 -17.200000762939453 14.899999618530273
      vertex 8.54924488067627 -17.200000762939453 14.899999618530273
      vertex 5.33066463470459 -17.200000762939453 10.315587997436523
    endloop
  endfacet
  facet normal 0 -1 0
    outer loop
      vertex -8.401508331298828 -23.200000762939453 14.899999618530273
      vertex -8.262781143188477 -23.200000762939453 14.834378242492676
      vertex 8.598490715026855 -23.200000762939453 14.899999618530273
    endloop
  endfacet
  facet normal 0 0 1
    outer loop
      vertex -8.401508331298828 -23.200000762939453 14.899999618530273
      vertex 8.598490715026855 -23.200000762939453 14.899999618530273
      vertex 8.54924488067627 -17.200000762939453 14.899999618530273
    endloop
  endfacet
  facet normal 0 -1 0
    outer loop
      vertex -8.262781143188477 -23.200000762939453 14.834378242492676
      vertex -8.26141357421875 -23.200000762939453 14.833730697631836
      vertex 8.598490715026855 -23.200000762939453 14.899999618530273
    endloop
  endfacet
  facet normal 0 -1 0
    outer loop
      vertex -8.26141357421875 -23.200000762939453 14.833730697631836
      vertex -8.26063060760498 -23.200000762939453 14.83242416381836
      vertex 8.598490715026855 -23.200000762939453 14.899999618530273
    endloop
  endfacet
  facet normal 0 -1 0
    outer loop
      vertex -8.26063060760498 -23.200000762939453 14.83242416381836
      vertex -8.182212829589844 -23.200000762939453 14.701435089111328
      vertex 8.598490715026855 -23.200000762939453 14.899999618530273
    endloop
  endfacet
  facet normal 1 0 0
    outer loop
      vertex -8.199999809265137 -32.99585723876953 -3.7166805267333984
      vertex -8.199999809265137 -21.200000762939453 -3.7166805267333984
      vertex -8.199999809265137 -32.99585723876953 -3.2833194732666016
    endloop
  endfacet
  facet normal 0.9807851379614181 0 0.19509103811811032
    outer loop
      vertex -8.199999809265137 -32.99585723876953 -3.7166805267333984
      vertex -8.11545467376709 -32.94707107543945 -4.141716003417969
      vertex -8.199999809265137 -21.200000762939453 -3.7166805267333984
    endloop
  endfacet
  facet normal 1 0 0
    outer loop
      vertex -8.199999809265137 -32.99585723876953 -3.2833194732666016
      vertex -8.199999809265137 -21.200000762939453 -3.7166805267333984
      vertex -8.199999809265137 -21.200000762939453 -3.2833194732666016
    endloop
  endfacet
  facet normal 0.9807851379614181 0 -0.19509103811811032
    outer loop
      vertex -8.199999809265137 -32.99585723876953 -3.2833194732666016
      vertex -8.199999809265137 -21.200000762939453 -3.2833194732666016
      vertex -8.11545467376709 -32.94707107543945 -2.8582839965820312
    endloop
  endfacet
  facet normal 1 0 0
    outer loop
      vertex -8.199999809265137 -23.223520278930664 9.283319473266602
      vertex -8.199999809265137 -21.200000762939453 9.283319473266602
      vertex -8.199999809265137 -23.223520278930664 9.716680526733398
    endloop
  endfacet
  facet normal 0.9807854891786424 0 0.19508927242831972
    outer loop
      vertex -8.199999809265137 -23.223520278930664 9.283319473266602
      vertex -8.16783618927002 -23.200000762939453 9.121621131896973
      vertex -8.199999809265137 -21.200000762939453 9.283319473266602
    endloop
  endfacet
  facet normal 1 0 0
    outer loop
      vertex -8.199999809265137 -23.223520278930664 9.716680526733398
      vertex -8.199999809265137 -21.200000762939453 9.283319473266602
      vertex -8.199999809265137 -21.200000762939453 9.716680526733398
    endloop
  endfacet
  facet normal 0.9807854891786424 0 -0.19508927242831972
    outer loop
      vertex -8.199999809265137 -23.223520278930664 9.716680526733398
      vertex -8.199999809265137 -21.200000762939453 9.716680526733398
      vertex -8.16783618927002 -23.200000762939453 9.878378868103027
    endloop
  endfacet
  facet normal 0.5902673977402999 -0.8072077794254057 0
    outer loop
      vertex -8.199999809265137 -23.223520278930664 9.716680526733398
      vertex -8.16783618927002 -23.200000762939453 9.878378868103027
      vertex -8.16783618927002 -23.200000762939453 14.503746032714844
    endloop
  endfacet
  facet normal 0.9807851379614182 0 0.19509103811811032
    outer loop
      vertex -8.199999809265137 -21.200000762939453 -3.7166805267333984
      vertex -8.11545467376709 -32.94707107543945 -4.141716003417969
      vertex -8.11545467376709 -21.200000762939453 -4.141716003417969
    endloop
  endfacet
  facet normal 0 -1 0
    outer loop
      vertex -8.199999809265137 -21.200000762939453 -3.7166805267333984
      vertex -8.11545467376709 -21.200000762939453 -4.141716003417969
      vertex -7.049999237060547 -21.200000762939453 -1.5556700229644775
    endloop
  endfacet
  facet normal 0 -1 0
    outer loop
      vertex -8.199999809265137 -21.200000762939453 -3.7166805267333984
      vertex -7.049999237060547 -21.200000762939453 -1.5556700229644775
      vertex -8.199999809265137 -21.200000762939453 -3.2833194732666016
    endloop
  endfacet
  facet normal 0.9807851379614182 0 -0.19509103811811032
    outer loop
      vertex -8.199999809265137 -21.200000762939453 -3.2833194732666016
      vertex -8.11545467376709 -21.200000762939453 -2.8582839965820312
      vertex -8.11545467376709 -32.94707107543945 -2.8582839965820312
    endloop
  endfacet
  facet normal 0 -1 0
    outer loop
      vertex -8.199999809265137 -21.200000762939453 -3.2833194732666016
      vertex -7.049999237060547 -21.200000762939453 -1.5556700229644775
      vertex -8.11545467376709 -21.200000762939453 -2.8582839965820312
    endloop
  endfacet
  facet normal 0.9807851379614074 -1.484027639245368e-7 0.19509103811810818
    outer loop
      vertex -8.199999809265137 -21.200000762939453 9.283319473266602
      vertex -8.16783618927002 -23.200000762939453 9.121621131896973
      vertex -8.11545467376709 -21.200000762939453 8.858283996582031
    endloop
  endfacet
  facet normal 0 -1 0
    outer loop
      vertex -8.199999809265137 -21.200000762939453 9.283319473266602
      vertex -8.11545467376709 -21.200000762939453 8.858283996582031
      vertex -7.049999237060547 -21.200000762939453 11.444330215454102
    endloop
  endfacet
  facet normal 0 -1 0
    outer loop
      vertex -8.199999809265137 -21.200000762939453 9.283319473266602
      vertex -7.049999237060547 -21.200000762939453 11.444330215454102
      vertex -8.199999809265137 -21.200000762939453 9.716680526733398
    endloop
  endfacet
  facet normal 0.9807851379614074 -1.484027639245368e-7 -0.19509103811810818
    outer loop
      vertex -8.199999809265137 -21.200000762939453 9.716680526733398
      vertex -8.11545467376709 -21.200000762939453 10.141716003417969
      vertex -8.16783618927002 -23.200000762939453 9.878378868103027
    endloop
  endfacet
  facet normal 0 -1 0
    outer loop
      vertex -8.199999809265137 -21.200000762939453 9.716680526733398
      vertex -7.049999237060547 -21.200000762939453 11.444330215454102
      vertex -8.11545467376709 -21.200000762939453 10.141716003417969
    endloop
  endfacet
  facet normal 0 -1 0
    outer loop
      vertex -8.182212829589844 -23.200000762939453 14.701435089111328
      vertex -8.168645858764648 -23.200000762939453 14.514878273010254
      vertex -5.783319473266602 -23.200000762939453 11.699999809265137
    endloop
  endfacet
  facet normal 0 -1 0
    outer loop
      vertex -8.182212829589844 -23.200000762939453 14.701435089111328
      vertex -5.783319473266602 -23.200000762939453 11.699999809265137
      vertex -5.358283996582031 -23.200000762939453 11.61545467376709
    endloop
  endfacet
  facet normal 0 -1 0
    outer loop
      vertex -8.182212829589844 -23.200000762939453 14.701435089111328
      vertex -5.358283996582031 -23.200000762939453 11.61545467376709
      vertex -4.95790958404541 -23.200000762939453 11.449614524841309
    endloop
  endfacet
  facet normal 0 -1 0
    outer loop
      vertex -8.182212829589844 -23.200000762939453 14.701435089111328
      vertex -4.95790958404541 -23.200000762939453 11.449614524841309
      vertex 4.95790958404541 -23.200000762939453 11.449614524841309
    endloop
  endfacet
  facet normal 0 -1 0
    outer loop
      vertex -8.182212829589844 -23.200000762939453 14.701435089111328
      vertex 4.95790958404541 -23.200000762939453 11.449614524841309
      vertex 5.358283996582031 -23.200000762939453 11.61545467376709
    endloop
  endfacet
  facet normal 0 -1 0
    outer loop
      vertex -8.182212829589844 -23.200000762939453 14.701435089111328
      vertex 5.358283996582031 -23.200000762939453 11.61545467376709
      vertex 5.783319473266602 -23.200000762939453 11.699999809265137
    endloop
  endfacet
  facet normal 0 -1 0
    outer loop
      vertex -8.182212829589844 -23.200000762939453 14.701435089111328
      vertex 5.783319473266602 -23.200000762939453 11.699999809265137
      vertex 8.598490715026855 -23.200000762939453 14.899999618530273
    endloop
  endfacet
  facet normal 0 -1 0
    outer loop
      vertex -8.168645858764648 -23.200000762939453 14.514878273010254
      vertex -8.16783618927002 -23.200000762939453 14.503746032714844
      vertex -5.783319473266602 -23.200000762939453 11.699999809265137
    endloop
  endfacet
  facet normal 0 -1 0
    outer loop
      vertex -8.16783618927002 -23.200000762939453 -1.8999996185302734
      vertex -8.11545467376709 -23.200000762939453 8.858283996582031
      vertex -8.16783618927002 -23.200000762939453 9.121621131896973
    endloop
  endfacet
  facet normal 0 -1 0
    outer loop
      vertex -8.16783618927002 -23.200000762939453 -1.8999996185302734
      vertex -7.949614524841309 -23.200000762939453 8.45790958404541
      vertex -8.11545467376709 -23.200000762939453 8.858283996582031
    endloop
  endfacet
  facet normal 0 -1 0
    outer loop
      vertex -8.16783618927002 -23.200000762939453 -1.8999996185302734
      vertex -7.708850860595703 -23.200000762939453 8.09758186340332
      vertex -7.949614524841309 -23.200000762939453 8.45790958404541
    endloop
  endfacet
  facet normal 0 0 1
    outer loop
      vertex -8.16783618927002 -23.200000762939453 -1.8999996185302734
      vertex -7.511268615722656 -32.59843826293945 -1.8999996185302734
      vertex -7.511268615722656 -23.200000762939453 -1.8999996185302734
    endloop
  endfacet
  facet normal 0 -1 0
    outer loop
      vertex -8.16783618927002 -23.200000762939453 -1.8999996185302734
      vertex -7.511268615722656 -23.200000762939453 -1.8999996185302734
      vertex -7.40241813659668 -23.200000762939453 -1.7911491394042969
    endloop
  endfacet
  facet normal 0 -1 0
    outer loop
      vertex -8.16783618927002 -23.200000762939453 -1.8999996185302734
      vertex -7.40241813659668 -23.200000762939453 -1.7911491394042969
      vertex -7.04209041595459 -23.200000762939453 -1.5503854751586914
    endloop
  endfacet
  facet normal 0 -1 0
    outer loop
      vertex -8.16783618927002 -23.200000762939453 -1.8999996185302734
      vertex -7.40241813659668 -23.200000762939453 7.791149139404297
      vertex -7.708850860595703 -23.200000762939453 8.09758186340332
    endloop
  endfacet
  facet normal 0 -1 0
    outer loop
      vertex -8.16783618927002 -23.200000762939453 -1.8999996185302734
      vertex -7.04209041595459 -23.200000762939453 -1.5503854751586914
      vertex -7.04209041595459 -23.200000762939453 7.550385475158691
    endloop
  endfacet
  facet normal 0 -1 0
    outer loop
      vertex -8.16783618927002 -23.200000762939453 -1.8999996185302734
      vertex -7.04209041595459 -23.200000762939453 7.550385475158691
      vertex -7.40241813659668 -23.200000762939453 7.791149139404297
    endloop
  endfacet
  facet normal 0.9807849223001347 0 0.19509212231332893
    outer loop
      vertex -8.16783618927002 -23.200000762939453 9.121621131896973
      vertex -8.11545467376709 -23.200000762939453 8.858283996582031
      vertex -8.11545467376709 -21.200000762939453 8.858283996582031
    endloop
  endfacet
  facet normal 0 -1 0
    outer loop
      vertex -8.16783618927002 -23.200000762939453 9.878378868103027
      vertex -8.11545467376709 -23.200000762939453 10.141716003417969
      vertex -8.16783618927002 -23.200000762939453 14.503746032714844
    endloop
  endfacet
  facet normal 0.9807849223001347 0 -0.19509212231332893
    outer loop
      vertex -8.16783618927002 -23.200000762939453 9.878378868103027
      vertex -8.11545467376709 -21.200000762939453 10.141716003417969
      vertex -8.11545467376709 -23.200000762939453 10.141716003417969
    endloop
  endfacet
  facet normal 0 -1 0
    outer loop
      vertex -8.16783618927002 -23.200000762939453 14.503746032714844
      vertex -8.11545467376709 -23.200000762939453 10.141716003417969
      vertex -7.949614524841309 -23.200000762939453 10.54209041595459
    endloop
  endfacet
  facet normal 0 -1 0
    outer loop
      vertex -8.16783618927002 -23.200000762939453 14.503746032714844
      vertex -7.949614524841309 -23.200000762939453 10.54209041595459
      vertex -7.708850860595703 -23.200000762939453 10.90241813659668
    endloop
  endfacet
  facet normal 0 -1 0
    outer loop
      vertex -8.16783618927002 -23.200000762939453 14.503746032714844
      vertex -7.708850860595703 -23.200000762939453 10.90241813659668
      vertex -7.40241813659668 -23.200000762939453 11.208850860595703
    endloop
  endfacet
  facet normal 0 -1 0
    outer loop
      vertex -8.16783618927002 -23.200000762939453 14.503746032714844
      vertex -7.40241813659668 -23.200000762939453 11.208850860595703
      vertex -7.04209041595459 -23.200000762939453 11.449614524841309
    endloop
  endfacet
  facet normal 0 -1 0
    outer loop
      vertex -8.16783618927002 -23.200000762939453 14.503746032714844
      vertex -7.04209041595459 -23.200000762939453 11.449614524841309
      vertex -6.641716003417969 -23.200000762939453 11.61545467376709
    endloop
  endfacet
  facet normal 0 -1 0
    outer loop
      vertex -8.16783618927002 -23.200000762939453 14.503746032714844
      vertex -6.641716003417969 -23.200000762939453 11.61545467376709
      vertex -6.216680526733398 -23.200000762939453 11.699999809265137
    endloop
  endfacet
  facet normal 0 -1 0
    outer loop
      vertex -8.16783618927002 -23.200000762939453 14.503746032714844
      vertex -6.216680526733398 -23.200000762939453 11.699999809265137
      vertex -5.783319473266602 -23.200000762939453 11.699999809265137
    endloop
  endfacet
  facet normal 0.9238798284760324 0 0.38268271784220526
    outer loop
      vertex -8.11545467376709 -32.94707107543945 -4.141716003417969
      vertex -7.949614524841309 -32.851375579833984 -4.54209041595459
      vertex -8.11545467376709 -21.200000762939453 -4.141716003417969
    endloop
  endfacet
  facet normal 0.9238798284760324 0 -0.38268271784220526
    outer loop
      vertex -8.11545467376709 -32.94707107543945 -2.8582839965820312
      vertex -8.11545467376709 -21.200000762939453 -2.8582839965820312
      vertex -7.949614524841309 -32.851375579833984 -2.45790958404541
    endloop
  endfacet
  facet normal 0.9238798284760324 0 0.38268271784220526
    outer loop
      vertex -8.11545467376709 -23.200000762939453 8.858283996582031
      vertex -7.949614524841309 -23.200000762939453 8.45790958404541
      vertex -7.949614524841309 -21.200000762939453 8.45790958404541
    endloop
  endfacet
  facet normal 0.9238798284760324 0 0.38268271784220526
    outer loop
      vertex -8.11545467376709 -23.200000762939453 8.858283996582031
      vertex -7.949614524841309 -21.200000762939453 8.45790958404541
      vertex -8.11545467376709 -21.200000762939453 8.858283996582031
    endloop
  endfacet
  facet normal 0.9238798284760324 0 -0.38268271784220526
    outer loop
      vertex -8.11545467376709 -23.200000762939453 10.141716003417969
      vertex -8.11545467376709 -21.200000762939453 10.141716003417969
      vertex -7.949614524841309 -23.200000762939453 10.54209041595459
    endloop
  endfacet
  facet normal 0.9238798284760324 0 0.38268271784220526
    outer loop
      vertex -8.11545467376709 -21.200000762939453 -4.141716003417969
      vertex -7.949614524841309 -32.851375579833984 -4.54209041595459
      vertex -7.949614524841309 -21.200000762939453 -4.54209041595459
    endloop
  endfacet
  facet normal 0 -1 0
    outer loop
      vertex -8.11545467376709 -21.200000762939453 -4.141716003417969
      vertex -7.949614524841309 -21.200000762939453 -4.54209041595459
      vertex -7.049999237060547 -21.200000762939453 -1.5556700229644775
    endloop
  endfacet
  facet normal 0.9238798284760324 0 -0.38268271784220526
    outer loop
      vertex -8.11545467376709 -21.200000762939453 -2.8582839965820312
      vertex -7.949614524841309 -21.200000762939453 -2.45790958404541
      vertex -7.949614524841309 -32.851375579833984 -2.45790958404541
    endloop
  endfacet
  facet normal 0 -1 0
    outer loop
      vertex -8.11545467376709 -21.200000762939453 -2.8582839965820312
      vertex -7.049999237060547 -21.200000762939453 -1.5556700229644775
      vertex -7.949614524841309 -21.200000762939453 -2.45790958404541
    endloop
  endfacet
  facet normal 0 -1 0
    outer loop
      vertex -8.11545467376709 -21.200000762939453 8.858283996582031
      vertex -7.949614524841309 -21.200000762939453 8.45790958404541
      vertex -7.049999237060547 -21.200000762939453 11.444330215454102
    endloop
  endfacet
  facet normal 0.9238798284760324 0 -0.38268271784220526
    outer loop
      vertex -8.11545467376709 -21.200000762939453 10.141716003417969
      vertex -7.949614524841309 -21.200000762939453 10.54209041595459
      vertex -7.949614524841309 -23.200000762939453 10.54209041595459
    endloop
  endfacet
  facet normal 0 -1 0
    outer loop
      vertex -8.11545467376709 -21.200000762939453 10.141716003417969
      vertex -7.049999237060547 -21.200000762939453 11.444330215454102
      vertex -7.949614524841309 -21.200000762939453 10.54209041595459
    endloop
  endfacet
  facet normal 0.831469208669908 0 0.5555708370980579
    outer loop
      vertex -7.949614524841309 -32.851375579833984 -4.54209041595459
      vertex -7.708850860595703 -32.71244812011719 -4.90241813659668
      vertex -7.949614524841309 -21.200000762939453 -4.54209041595459
    endloop
  endfacet
  facet normal 0.831469208669908 0 -0.5555708370980579
    outer loop
      vertex -7.949614524841309 -32.851375579833984 -2.45790958404541
      vertex -7.949614524841309 -21.200000762939453 -2.45790958404541
      vertex -7.708850860595703 -32.71244812011719 -2.0975818634033203
    endloop
  endfacet
  facet normal 0.831469208669908 0 0.5555708370980579
    outer loop
      vertex -7.949614524841309 -23.200000762939453 8.45790958404541
      vertex -7.708850860595703 -23.200000762939453 8.09758186340332
      vertex -7.708850860595703 -21.200000762939453 8.09758186340332
    endloop
  endfacet
  facet normal 0.831469208669908 0 0.5555708370980579
    outer loop
      vertex -7.949614524841309 -23.200000762939453 8.45790958404541
      vertex -7.708850860595703 -21.200000762939453 8.09758186340332
      vertex -7.949614524841309 -21.200000762939453 8.45790958404541
    endloop
  endfacet
  facet normal 0.831469208669908 0 -0.5555708370980579
    outer loop
      vertex -7.949614524841309 -23.200000762939453 10.54209041595459
      vertex -7.949614524841309 -21.200000762939453 10.54209041595459
      vertex -7.708850860595703 -23.200000762939453 10.90241813659668
    endloop
  endfacet
  facet normal 0.831469208669908 0 0.5555708370980579
    outer loop
      vertex -7.949614524841309 -21.200000762939453 -4.54209041595459
      vertex -7.708850860595703 -32.71244812011719 -4.90241813659668
      vertex -7.708850860595703 -21.200000762939453 -4.90241813659668
    endloop
  endfacet
  facet normal 0 -1 0
    outer loop
      vertex -7.949614524841309 -21.200000762939453 -4.54209041595459
      vertex -7.708850860595703 -21.200000762939453 -4.90241813659668
      vertex -7.049999237060547 -21.200000762939453 -1.5556700229644775
    endloop
  endfacet
  facet normal 0.831469208669908 0 -0.5555708370980579
    outer loop
      vertex -7.949614524841309 -21.200000762939453 -2.45790958404541
      vertex -7.708850860595703 -21.200000762939453 -2.0975818634033203
      vertex -7.708850860595703 -32.71244812011719 -2.0975818634033203
    endloop
  endfacet
  facet normal 0 -1 0
    outer loop
      vertex -7.949614524841309 -21.200000762939453 -2.45790958404541
      vertex -7.049999237060547 -21.200000762939453 -1.5556700229644775
      vertex -7.708850860595703 -21.200000762939453 -2.0975818634033203
    endloop
  endfacet
  facet normal 0 -1 0
    outer loop
      vertex -7.949614524841309 -21.200000762939453 8.45790958404541
      vertex -7.708850860595703 -21.200000762939453 8.09758186340332
      vertex -7.049999237060547 -21.200000762939453 11.444330215454102
    endloop
  endfacet
  facet normal 0.831469208669908 0 -0.5555708370980579
    outer loop
      vertex -7.949614524841309 -21.200000762939453 10.54209041595459
      vertex -7.708850860595703 -21.200000762939453 10.90241813659668
      vertex -7.708850860595703 -23.200000762939453 10.90241813659668
    endloop
  endfacet
  facet normal 0 -1 0
    outer loop
      vertex -7.949614524841309 -21.200000762939453 10.54209041595459
      vertex -7.049999237060547 -21.200000762939453 11.444330215454102
      vertex -7.708850860595703 -21.200000762939453 10.90241813659668
    endloop
  endfacet
  facet normal 0.7071067811865476 0 0.7071067811865476
    outer loop
      vertex -7.708850860595703 -32.71244812011719 -4.90241813659668
      vertex -7.40241813659668 -32.53562927246094 -5.208850860595703
      vertex -7.708850860595703 -21.200000762939453 -4.90241813659668
    endloop
  endfacet
  facet normal 0.7071067811865475 0 -0.7071067811865475
    outer loop
      vertex -7.708850860595703 -32.71244812011719 -2.0975818634033203
      vertex -7.708850860595703 -21.200000762939453 -2.0975818634033203
      vertex -7.511268615722656 -23.200000762939453 -1.8999996185302734
    endloop
  endfacet
  facet normal 0.7071067811865476 0 -0.7071067811865476
    outer loop
      vertex -7.708850860595703 -32.71244812011719 -2.0975818634033203
      vertex -7.511268615722656 -23.200000762939453 -1.8999996185302734
      vertex -7.511268615722656 -32.59843826293945 -1.8999996185302734
    endloop
  endfacet
  facet normal 0.7071067811865475 0 0.7071067811865475
    outer loop
      vertex -7.708850860595703 -23.200000762939453 8.09758186340332
      vertex -7.40241813659668 -23.200000762939453 7.791149139404297
      vertex -7.40241813659668 -21.200000762939453 7.791149139404297
    endloop
  endfacet
  facet normal 0.7071067811865475 0 0.7071067811865475
    outer loop
      vertex -7.708850860595703 -23.200000762939453 8.09758186340332
      vertex -7.40241813659668 -21.200000762939453 7.791149139404297
      vertex -7.708850860595703 -21.200000762939453 8.09758186340332
    endloop
  endfacet
  facet normal 0.7071067811865475 0 -0.7071067811865475
    outer loop
      vertex -7.708850860595703 -23.200000762939453 10.90241813659668
      vertex -7.708850860595703 -21.200000762939453 10.90241813659668
      vertex -7.40241813659668 -23.200000762939453 11.208850860595703
    endloop
  endfacet
  facet normal 0.7071067811865476 0 0.7071067811865476
    outer loop
      vertex -7.708850860595703 -21.200000762939453 -4.90241813659668
      vertex -7.40241813659668 -32.53562927246094 -5.208850860595703
      vertex -7.40241813659668 -21.200000762939453 -5.208850860595703
    endloop
  endfacet
  facet normal 0 -1 0
    outer loop
      vertex -7.708850860595703 -21.200000762939453 -4.90241813659668
      vertex -7.40241813659668 -21.200000762939453 -5.208850860595703
      vertex -7.049999237060547 -21.200000762939453 -1.5556700229644775
    endloop
  endfacet
  facet normal 0.7071067811865475 0 -0.7071067811865475
    outer loop
      vertex -7.708850860595703 -21.200000762939453 -2.0975818634033203
      vertex -7.40241813659668 -21.200000762939453 -1.7911491394042969
      vertex -7.511268615722656 -23.200000762939453 -1.8999996185302734
    endloop
  endfacet
  facet normal 0 -1 0
    outer loop
      vertex -7.708850860595703 -21.200000762939453 -2.0975818634033203
      vertex -7.049999237060547 -21.200000762939453 -1.5556700229644775
      vertex -7.40241813659668 -21.200000762939453 -1.7911491394042969
    endloop
  endfacet
  facet normal 0 -1 0
    outer loop
      vertex -7.708850860595703 -21.200000762939453 8.09758186340332
      vertex -7.40241813659668 -21.200000762939453 7.791149139404297
      vertex -7.049999237060547 -21.200000762939453 11.444330215454102
    endloop
  endfacet
  facet normal 0.7071067811865475 0 -0.7071067811865475
    outer loop
      vertex -7.708850860595703 -21.200000762939453 10.90241813659668
      vertex -7.40241813659668 -21.200000762939453 11.208850860595703
      vertex -7.40241813659668 -23.200000762939453 11.208850860595703
    endloop
  endfacet
  facet normal 0 -1 0
    outer loop
      vertex -7.708850860595703 -21.200000762939453 10.90241813659668
      vertex -7.049999237060547 -21.200000762939453 11.444330215454102
      vertex -7.40241813659668 -21.200000762939453 11.208850860595703
    endloop
  endfacet
  facet normal 0.7071067811865475 0 -0.7071067811865475
    outer loop
      vertex -7.511268615722656 -23.200000762939453 -1.8999996185302734
      vertex -7.40241813659668 -21.200000762939453 -1.7911491394042969
      vertex -7.40241813659668 -23.200000762939453 -1.7911491394042969
    endloop
  endfacet
  facet normal 0.5555708370980579 0 0.831469208669908
    outer loop
      vertex -7.40241813659668 -32.53562927246094 -5.208850860595703
      vertex -7.04209041595459 -32.32770919799805 -5.449614524841309
      vertex -7.40241813659668 -21.200000762939453 -5.208850860595703
    endloop
  endfacet
  facet normal 0.5555707813465469 0 -0.8314692459219326
    outer loop
      vertex -7.40241813659668 -23.200000762939453 -1.7911491394042969
      vertex -7.40241813659668 -21.200000762939453 -1.7911491394042969
      vertex -7.049999237060547 -21.200000762939453 -1.5556700229644775
    endloop
  endfacet
  facet normal 0.5555708370980579 -1.4209979979407264e-8 -0.831469208669908
    outer loop
      vertex -7.40241813659668 -23.200000762939453 -1.7911491394042969
      vertex -7.049999237060547 -21.200000762939453 -1.5556700229644775
      vertex -7.04209041595459 -23.200000762939453 -1.5503854751586914
    endloop
  endfacet
  facet normal 0.5555708370980579 0 0.831469208669908
    outer loop
      vertex -7.40241813659668 -23.200000762939453 7.791149139404297
      vertex -7.04209041595459 -23.200000762939453 7.550385475158691
      vertex -7.40241813659668 -21.200000762939453 7.791149139404297
    endloop
  endfacet
  facet normal 0.5555711702298278 0 -0.8314689860779292
    outer loop
      vertex -7.40241813659668 -23.200000762939453 11.208850860595703
      vertex -7.40241813659668 -21.200000762939453 11.208850860595703
      vertex -7.049999237060547 -21.200000762939453 11.444330215454102
    endloop
  endfacet
  facet normal 0.5555708370980559 8.490887366948245e-8 -0.831469208669905
    outer loop
      vertex -7.40241813659668 -23.200000762939453 11.208850860595703
      vertex -7.049999237060547 -21.200000762939453 11.444330215454102
      vertex -7.04209041595459 -23.200000762939453 11.449614524841309
    endloop
  endfacet
  facet normal 0 -1 0
    outer loop
      vertex -7.40241813659668 -21.200000762939453 -5.208850860595703
      vertex -7.049999237060547 -21.200000762939453 -5.444330215454102
      vertex -7.049999237060547 -21.200000762939453 -1.5556700229644775
    endloop
  endfacet
  facet normal 0.5555711702298277 1.5603272929802467e-8 0.8314689860779291
    outer loop
      vertex -7.40241813659668 -21.200000762939453 -5.208850860595703
      vertex -7.04209041595459 -32.32770919799805 -5.449614524841309
      vertex -7.049999237060547 -21.200000762939453 -5.444330215454102
    endloop
  endfacet
  facet normal 0 -1 0
    outer loop
      vertex -7.40241813659668 -21.200000762939453 7.791149139404297
      vertex -7.049999237060547 -21.200000762939453 7.555669784545898
      vertex -7.049999237060547 -21.200000762939453 11.444330215454102
    endloop
  endfacet
  facet normal 0.5555711702298257 8.681433589774187e-8 0.8314689860779261
    outer loop
      vertex -7.40241813659668 -21.200000762939453 7.791149139404297
      vertex -7.04209041595459 -23.200000762939453 7.550385475158691
      vertex -7.049999237060547 -21.200000762939453 7.555669784545898
    endloop
  endfacet
  facet normal 1 0 0
    outer loop
      vertex -7.049999237060547 -21.200000762939453 -5.444330215454102
      vertex -7.049999237060547 -21 -5.444330215454102
      vertex -7.049999237060547 -21 -4.549999237060547
    endloop
  endfacet
  facet normal 1 0 0
    outer loop
      vertex -7.049999237060547 -21.200000762939453 -5.444330215454102
      vertex -7.049999237060547 -21 -4.549999237060547
      vertex -7.049999237060547 -21.200000762939453 -1.5556700229644775
    endloop
  endfacet
  facet normal 0.5555559923976777 0 0.8314791274055119
    outer loop
      vertex -7.049999237060547 -21.200000762939453 -5.444330215454102
      vertex -7.04209041595459 -32.32770919799805 -5.449614524841309
      vertex -7.04209041595459 -21 -5.449614524841309
    endloop
  endfacet
  facet normal 0.5555559923976777 0 0.8314791274055119
    outer loop
      vertex -7.049999237060547 -21.200000762939453 -5.444330215454102
      vertex -7.04209041595459 -21 -5.449614524841309
      vertex -7.049999237060547 -21 -5.444330215454102
    endloop
  endfacet
  facet normal 1 0 0
    outer loop
      vertex -7.049999237060547 -21.200000762939453 -1.5556700229644775
      vertex -7.049999237060547 -21 -4.549999237060547
      vertex -7.049999237060547 -21 -2.450000762939453
    endloop
  endfacet
  facet normal 1 0 0
    outer loop
      vertex -7.049999237060547 -21.200000762939453 -1.5556700229644775
      vertex -7.049999237060547 -21 -2.450000762939453
      vertex -7.049999237060547 -21 -1.5556700229644775
    endloop
  endfacet
  facet normal 0.5555733213906869 0 -0.8314675487106641
    outer loop
      vertex -7.049999237060547 -21.200000762939453 -1.5556700229644775
      vertex -7.049999237060547 -21 -1.5556700229644775
      vertex -7.04209041595459 -21 -1.5503854751586914
    endloop
  endfacet
  facet normal 0.5555733213906869 0 -0.831467548710664
    outer loop
      vertex -7.049999237060547 -21.200000762939453 -1.5556700229644775
      vertex -7.04209041595459 -21 -1.5503854751586914
      vertex -7.04209041595459 -23.200000762939453 -1.5503854751586914
    endloop
  endfacet
  facet normal 1 0 0
    outer loop
      vertex -7.049999237060547 -21.200000762939453 7.555669784545898
      vertex -7.049999237060547 -21 7.555669784545898
      vertex -7.049999237060547 -21 8.450000762939453
    endloop
  endfacet
  facet normal 1 0 0
    outer loop
      vertex -7.049999237060547 -21.200000762939453 7.555669784545898
      vertex -7.049999237060547 -21 8.450000762939453
      vertex -7.049999237060547 -21.200000762939453 11.444330215454102
    endloop
  endfacet
  facet normal 0.5555559923976777 0 0.831479127405512
    outer loop
      vertex -7.049999237060547 -21.200000762939453 7.555669784545898
      vertex -7.04209041595459 -23.200000762939453 7.550385475158691
      vertex -7.04209041595459 -21 7.550385475158691
    endloop
  endfacet
  facet normal 0.5555559923976777 0 0.8314791274055119
    outer loop
      vertex -7.049999237060547 -21.200000762939453 7.555669784545898
      vertex -7.04209041595459 -21 7.550385475158691
      vertex -7.049999237060547 -21 7.555669784545898
    endloop
  endfacet
  facet normal 1 0 0
    outer loop
      vertex -7.049999237060547 -21.200000762939453 11.444330215454102
      vertex -7.049999237060547 -21 8.450000762939453
      vertex -7.049999237060547 -21 10.549999237060547
    endloop
  endfacet
  facet normal 1 0 0
    outer loop
      vertex -7.049999237060547 -21.200000762939453 11.444330215454102
      vertex -7.049999237060547 -21 10.549999237060547
      vertex -7.049999237060547 -21 11.444330215454102
    endloop
  endfacet
  facet normal 0.5555559923976777 0 -0.8314791274055119
    outer loop
      vertex -7.049999237060547 -21.200000762939453 11.444330215454102
      vertex -7.049999237060547 -21 11.444330215454102
      vertex -7.04209041595459 -21 11.449614524841309
    endloop
  endfacet
  facet normal 0.5555559923976777 0 -0.831479127405512
    outer loop
      vertex -7.049999237060547 -21.200000762939453 11.444330215454102
      vertex -7.04209041595459 -21 11.449614524841309
      vertex -7.04209041595459 -23.200000762939453 11.449614524841309
    endloop
  endfacet
  facet normal 0 -1 0
    outer loop
      vertex -7.049999237060547 -21 -5.444330215454102
      vertex -7.04209041595459 -21 -5.449614524841309
      vertex -7.049999237060547 -21 -4.549999237060547
    endloop
  endfacet
  facet normal 1 0 0
    outer loop
      vertex -7.049999237060547 -21 -4.549999237060547
      vertex -7.049999237060547 -20.80000114440918 -4.549999237060547
      vertex -7.049999237060547 -20.80000114440918 -3.9349241256713867
    endloop
  endfacet
  facet normal 1 0 0
    outer loop
      vertex -7.049999237060547 -21 -4.549999237060547
      vertex -7.049999237060547 -20.80000114440918 -3.9349241256713867
      vertex -7.049999237060547 -21 -2.450000762939453
    endloop
  endfacet
  facet normal 0 -1 0
    outer loop
      vertex -7.049999237060547 -21 -4.549999237060547
      vertex -7.04209041595459 -21 -5.449614524841309
      vertex -6.641716003417969 -21 -5.61545467376709
    endloop
  endfacet
  facet normal 0 -1 0
    outer loop
      vertex -7.049999237060547 -21 -4.549999237060547
      vertex -6.641716003417969 -21 -5.61545467376709
      vertex -6.216680526733398 -21 -5.699999809265137
    endloop
  endfacet
  facet normal 0 0 1
    outer loop
      vertex -7.049999237060547 -21 -4.549999237060547
      vertex -6.434924125671387 -20.80000114440918 -4.549999237060547
      vertex -7.049999237060547 -20.80000114440918 -4.549999237060547
    endloop
  endfacet
  facet normal 0 -1 0
    outer loop
      vertex -7.049999237060547 -21 -4.549999237060547
      vertex -6.216680526733398 -21 -5.699999809265137
      vertex -4.950000762939453 -21 -4.549999237060547
    endloop
  endfacet
  facet normal 0 0 1
    outer loop
      vertex -7.049999237060547 -21 -4.549999237060547
      vertex -4.950000762939453 -21 -4.549999237060547
      vertex -6.434924125671387 -20.80000114440918 -4.549999237060547
    endloop
  endfacet
  facet normal 1 0 0
    outer loop
      vertex -7.049999237060547 -21 -2.450000762939453
      vertex -7.049999237060547 -20.80000114440918 -3.9349241256713867
      vertex -7.049999237060547 -20.80000114440918 -3.0650758743286133
    endloop
  endfacet
  facet normal 1 0 0
    outer loop
      vertex -7.049999237060547 -21 -2.450000762939453
      vertex -7.049999237060547 -20.80000114440918 -3.0650758743286133
      vertex -7.049999237060547 -20.80000114440918 -2.450000762939453
    endloop
  endfacet
  facet normal 0 0 -1
    outer loop
      vertex -7.049999237060547 -21 -2.450000762939453
      vertex -7.049999237060547 -20.80000114440918 -2.450000762939453
      vertex -6.434924125671387 -20.80000114440918 -2.450000762939453
    endloop
  endfacet
  facet normal 0 -1 0
    outer loop
      vertex -7.049999237060547 -21 -2.450000762939453
      vertex -7.04209041595459 -21 -1.5503854751586914
      vertex -7.049999237060547 -21 -1.5556700229644775
    endloop
  endfacet
  facet normal 0 -1 0
    outer loop
      vertex -7.049999237060547 -21 -2.450000762939453
      vertex -6.641716003417969 -21 -1.3845453262329102
      vertex -7.04209041595459 -21 -1.5503854751586914
    endloop
  endfacet
  facet normal 0 0 -1
    outer loop
      vertex -7.049999237060547 -21 -2.450000762939453
      vertex -6.434924125671387 -20.80000114440918 -2.450000762939453
      vertex -4.950000762939453 -21 -2.450000762939453
    endloop
  endfacet
  facet normal 0 -1 0
    outer loop
      vertex -7.049999237060547 -21 -2.450000762939453
      vertex -6.216680526733398 -21 -1.3000001907348633
      vertex -6.641716003417969 -21 -1.3845453262329102
    endloop
  endfacet
  facet normal 0 -1 0
    outer loop
      vertex -7.049999237060547 -21 -2.450000762939453
      vertex -5.783319473266602 -21 -1.3000001907348633
      vertex -6.216680526733398 -21 -1.3000001907348633
    endloop
  endfacet
  facet normal 0 -1 0
    outer loop
      vertex -7.049999237060547 -21 -2.450000762939453
      vertex -4.950000762939453 -21 -2.450000762939453
      vertex -5.783319473266602 -21 -1.3000001907348633
    endloop
  endfacet
  facet normal 0 -1 0
    outer loop
      vertex -7.049999237060547 -21 7.555669784545898
      vertex -7.04209041595459 -21 7.550385475158691
      vertex -7.049999237060547 -21 8.450000762939453
    endloop
  endfacet
  facet normal 1 0 0
    outer loop
      vertex -7.049999237060547 -21 8.450000762939453
      vertex -7.049999237060547 -20.80000114440918 8.450000762939453
      vertex -7.049999237060547 -20.80000114440918 9.065075874328613
    endloop
  endfacet
  facet normal 1 0 0
    outer loop
      vertex -7.049999237060547 -21 8.450000762939453
      vertex -7.049999237060547 -20.80000114440918 9.065075874328613
      vertex -7.049999237060547 -21 10.549999237060547
    endloop
  endfacet
  facet normal 0 -1 0
    outer loop
      vertex -7.049999237060547 -21 8.450000762939453
      vertex -7.04209041595459 -21 7.550385475158691
      vertex -6.641716003417969 -21 7.38454532623291
    endloop
  endfacet
  facet normal 0 -1 0
    outer loop
      vertex -7.049999237060547 -21 8.450000762939453
      vertex -6.641716003417969 -21 7.38454532623291
      vertex -6.216680526733398 -21 7.300000190734863
    endloop
  endfacet
  facet normal 0 0 1
    outer loop
      vertex -7.049999237060547 -21 8.450000762939453
      vertex -6.434924125671387 -20.80000114440918 8.450000762939453
      vertex -7.049999237060547 -20.80000114440918 8.450000762939453
    endloop
  endfacet
  facet normal 0 -1 0
    outer loop
      vertex -7.049999237060547 -21 8.450000762939453
      vertex -6.216680526733398 -21 7.300000190734863
      vertex -4.950000762939453 -21 8.450000762939453
    endloop
  endfacet
  facet normal 0 0 1
    outer loop
      vertex -7.049999237060547 -21 8.450000762939453
      vertex -4.950000762939453 -21 8.450000762939453
      vertex -6.434924125671387 -20.80000114440918 8.450000762939453
    endloop
  endfacet
  facet normal 1 0 0
    outer loop
      vertex -7.049999237060547 -21 10.549999237060547
      vertex -7.049999237060547 -20.80000114440918 9.065075874328613
      vertex -7.049999237060547 -20.80000114440918 9.934924125671387
    endloop
  endfacet
  facet normal 1 0 0
    outer loop
      vertex -7.049999237060547 -21 10.549999237060547
      vertex -7.049999237060547 -20.80000114440918 9.934924125671387
      vertex -7.049999237060547 -20.80000114440918 10.549999237060547
    endloop
  endfacet
  facet normal 0 0 -1
    outer loop
      vertex -7.049999237060547 -21 10.549999237060547
      vertex -7.049999237060547 -20.80000114440918 10.549999237060547
      vertex -6.434924125671387 -20.80000114440918 10.549999237060547
    endloop
  endfacet
  facet normal 0 -1 0
    outer loop
      vertex -7.049999237060547 -21 10.549999237060547
      vertex -7.04209041595459 -21 11.449614524841309
      vertex -7.049999237060547 -21 11.444330215454102
    endloop
  endfacet
  facet normal 0 -1 0
    outer loop
      vertex -7.049999237060547 -21 10.549999237060547
      vertex -6.641716003417969 -21 11.61545467376709
      vertex -7.04209041595459 -21 11.449614524841309
    endloop
  endfacet
  facet normal 0 0 -1
    outer loop
      vertex -7.049999237060547 -21 10.549999237060547
      vertex -6.434924125671387 -20.80000114440918 10.549999237060547
      vertex -4.950000762939453 -21 10.549999237060547
    endloop
  endfacet
  facet normal 0 -1 0
    outer loop
      vertex -7.049999237060547 -21 10.549999237060547
      vertex -6.216680526733398 -21 11.699999809265137
      vertex -6.641716003417969 -21 11.61545467376709
    endloop
  endfacet
  facet normal 0 -1 0
    outer loop
      vertex -7.049999237060547 -21 10.549999237060547
      vertex -5.783319473266602 -21 11.699999809265137
      vertex -6.216680526733398 -21 11.699999809265137
    endloop
  endfacet
  facet normal 0 -1 0
    outer loop
      vertex -7.049999237060547 -21 10.549999237060547
      vertex -4.950000762939453 -21 10.549999237060547
      vertex -5.783319473266602 -21 11.699999809265137
    endloop
  endfacet
  facet normal 0 -1 0
    outer loop
      vertex -7.049999237060547 -20.80000114440918 -4.549999237060547
      vertex -6.434924125671387 -20.80000114440918 -4.549999237060547
      vertex -7.049999237060547 -20.80000114440918 -3.9349241256713867
    endloop
  endfacet
  facet normal 1 0 0
    outer loop
      vertex -7.049999237060547 -20.80000114440918 -3.9349241256713867
      vertex -7.049999237060547 -20.600000381469727 -3.9349241256713867
      vertex -7.049999237060547 -20.600000381469727 -3.6034154891967773
    endloop
  endfacet
  facet normal 1 0 0
    outer loop
      vertex -7.049999237060547 -20.80000114440918 -3.9349241256713867
      vertex -7.049999237060547 -20.600000381469727 -3.6034154891967773
      vertex -7.049999237060547 -20.80000114440918 -3.0650758743286133
    endloop
  endfacet
  facet normal 0.7071067811865476 0 0.7071067811865476
    outer loop
      vertex -7.049999237060547 -20.80000114440918 -3.9349241256713867
      vertex -6.815587997436523 -20.600000381469727 -4.16933536529541
      vertex -7.049999237060547 -20.600000381469727 -3.9349241256713867
    endloop
  endfacet
  facet normal 0.7071067811865476 0 0.7071067811865476
    outer loop
      vertex -7.049999237060547 -20.80000114440918 -3.9349241256713867
      vertex -6.66933536529541 -20.600000381469727 -4.315587997436523
      vertex -6.815587997436523 -20.600000381469727 -4.16933536529541
    endloop
  endfacet
  facet normal 0.7071067811865476 0 0.7071067811865476
    outer loop
      vertex -7.049999237060547 -20.80000114440918 -3.9349241256713867
      vertex -6.434924125671387 -20.80000114440918 -4.549999237060547
      vertex -6.66933536529541 -20.600000381469727 -4.315587997436523
    endloop
  endfacet
  facet normal 1 0 0
    outer loop
      vertex -7.049999237060547 -20.80000114440918 -3.0650758743286133
      vertex -7.049999237060547 -20.600000381469727 -3.6034154891967773
      vertex -7.049999237060547 -20.600000381469727 -3.3965845108032227
    endloop
  endfacet
  facet normal 1 0 0
    outer loop
      vertex -7.049999237060547 -20.80000114440918 -3.0650758743286133
      vertex -7.049999237060547 -20.600000381469727 -3.3965845108032227
      vertex -7.049999237060547 -20.600000381469727 -3.0650758743286133
    endloop
  endfacet
  facet normal 0.7071067811865476 0 -0.7071067811865476
    outer loop
      vertex -7.049999237060547 -20.80000114440918 -3.0650758743286133
      vertex -7.049999237060547 -20.600000381469727 -3.0650758743286133
      vertex -6.815587997436523 -20.600000381469727 -2.83066463470459
    endloop
  endfacet
  facet normal 0.7071067811865476 0 -0.7071067811865476
    outer loop
      vertex -7.049999237060547 -20.80000114440918 -3.0650758743286133
      vertex -6.815587997436523 -20.600000381469727 -2.83066463470459
      vertex -6.434924125671387 -20.80000114440918 -2.450000762939453
    endloop
  endfacet
  facet normal 0 -1 0
    outer loop
      vertex -7.049999237060547 -20.80000114440918 -3.0650758743286133
      vertex -6.434924125671387 -20.80000114440918 -2.450000762939453
      vertex -7.049999237060547 -20.80000114440918 -2.450000762939453
    endloop
  endfacet
  facet normal 0 -1 0
    outer loop
      vertex -7.049999237060547 -20.80000114440918 8.450000762939453
      vertex -6.434924125671387 -20.80000114440918 8.450000762939453
      vertex -7.049999237060547 -20.80000114440918 9.065075874328613
    endloop
  endfacet
  facet normal 1 0 0
    outer loop
      vertex -7.049999237060547 -20.80000114440918 9.065075874328613
      vertex -7.049999237060547 -20.600000381469727 9.065075874328613
      vertex -7.049999237060547 -20.600000381469727 9.396584510803223
    endloop
  endfacet
  facet normal 1 0 0
    outer loop
      vertex -7.049999237060547 -20.80000114440918 9.065075874328613
      vertex -7.049999237060547 -20.600000381469727 9.396584510803223
      vertex -7.049999237060547 -20.80000114440918 9.934924125671387
    endloop
  endfacet
  facet normal 0.7071067811865476 0 0.7071067811865476
    outer loop
      vertex -7.049999237060547 -20.80000114440918 9.065075874328613
      vertex -6.815587997436523 -20.600000381469727 8.83066463470459
      vertex -7.049999237060547 -20.600000381469727 9.065075874328613
    endloop
  endfacet
  facet normal 0.7071067811865476 0 0.7071067811865476
    outer loop
      vertex -7.049999237060547 -20.80000114440918 9.065075874328613
      vertex -6.66933536529541 -20.600000381469727 8.684412002563477
      vertex -6.815587997436523 -20.600000381469727 8.83066463470459
    endloop
  endfacet
  facet normal 0.7071067811865476 0 0.7071067811865476
    outer loop
      vertex -7.049999237060547 -20.80000114440918 9.065075874328613
      vertex -6.434924125671387 -20.80000114440918 8.450000762939453
      vertex -6.66933536529541 -20.600000381469727 8.684412002563477
    endloop
  endfacet
  facet normal 1 0 0
    outer loop
      vertex -7.049999237060547 -20.80000114440918 9.934924125671387
      vertex -7.049999237060547 -20.600000381469727 9.396584510803223
      vertex -7.049999237060547 -20.600000381469727 9.603415489196777
    endloop
  endfacet
  facet normal 1 0 0
    outer loop
      vertex -7.049999237060547 -20.80000114440918 9.934924125671387
      vertex -7.049999237060547 -20.600000381469727 9.603415489196777
      vertex -7.049999237060547 -20.600000381469727 9.934924125671387
    endloop
  endfacet
  facet normal 0.7071067811865476 0 -0.7071067811865476
    outer loop
      vertex -7.049999237060547 -20.80000114440918 9.934924125671387
      vertex -7.049999237060547 -20.600000381469727 9.934924125671387
      vertex -6.815587997436523 -20.600000381469727 10.16933536529541
    endloop
  endfacet
  facet normal 0.7071067811865476 0 -0.7071067811865476
    outer loop
      vertex -7.049999237060547 -20.80000114440918 9.934924125671387
      vertex -6.815587997436523 -20.600000381469727 10.16933536529541
      vertex -6.434924125671387 -20.80000114440918 10.549999237060547
    endloop
  endfacet
  facet normal 0 -1 0
    outer loop
      vertex -7.049999237060547 -20.80000114440918 9.934924125671387
      vertex -6.434924125671387 -20.80000114440918 10.549999237060547
      vertex -7.049999237060547 -20.80000114440918 10.549999237060547
    endloop
  endfacet
  facet normal 0 -1 0
    outer loop
      vertex -7.049999237060547 -20.600000381469727 -3.9349241256713867
      vertex -7.009648323059082 -20.600000381469727 -3.8062734603881836
      vertex -7.049999237060547 -20.600000381469727 -3.6034154891967773
    endloop
  endfacet
  facet normal 0 -1 0
    outer loop
      vertex -7.049999237060547 -20.600000381469727 -3.9349241256713867
      vertex -6.930497169494629 -20.600000381469727 -3.997361183166504
      vertex -7.009648323059082 -20.600000381469727 -3.8062734603881836
    endloop
  endfacet
  facet normal 0 -1 0
    outer loop
      vertex -7.049999237060547 -20.600000381469727 -3.9349241256713867
      vertex -6.815587997436523 -20.600000381469727 -4.16933536529541
      vertex -6.930497169494629 -20.600000381469727 -3.997361183166504
    endloop
  endfacet
  facet normal 1 0 0
    outer loop
      vertex -7.049999237060547 -20.600000381469727 -3.6034154891967773
      vertex -7.049999237060547 -17.200000762939453 -3.6034154891967773
      vertex -7.049999237060547 -20.600000381469727 -3.3965845108032227
    endloop
  endfacet
  facet normal 0.9807853223013114 0 0.1950901113801327
    outer loop
      vertex -7.049999237060547 -20.600000381469727 -3.6034154891967773
      vertex -7.009648323059082 -20.600000381469727 -3.8062734603881836
      vertex -7.009648323059082 -17.200000762939453 -3.8062734603881836
    endloop
  endfacet
  facet normal 0.9807853223013114 0 0.1950901113801327
    outer loop
      vertex -7.049999237060547 -20.600000381469727 -3.6034154891967773
      vertex -7.009648323059082 -17.200000762939453 -3.8062734603881836
      vertex -7.049999237060547 -17.200000762939453 -3.6034154891967773
    endloop
  endfacet
  facet normal 1 0 0
    outer loop
      vertex -7.049999237060547 -20.600000381469727 -3.3965845108032227
      vertex -7.049999237060547 -17.200000762939453 -3.6034154891967773
      vertex -7.049999237060547 -17.200000762939453 -3.3965845108032227
    endloop
  endfacet
  facet normal 0.9807853223013114 0 -0.1950901113801327
    outer loop
      vertex -7.049999237060547 -20.600000381469727 -3.3965845108032227
      vertex -7.049999237060547 -17.200000762939453 -3.3965845108032227
      vertex -7.009648323059082 -20.600000381469727 -3.1937265396118164
    endloop
  endfacet
  facet normal 0 -1 0
    outer loop
      vertex -7.049999237060547 -20.600000381469727 -3.3965845108032227
      vertex -7.009648323059082 -20.600000381469727 -3.1937265396118164
      vertex -7.049999237060547 -20.600000381469727 -3.0650758743286133
    endloop
  endfacet
  facet normal 0 -1 0
    outer loop
      vertex -7.049999237060547 -20.600000381469727 -3.0650758743286133
      vertex -7.009648323059082 -20.600000381469727 -3.1937265396118164
      vertex -6.930497169494629 -20.600000381469727 -3.002638816833496
    endloop
  endfacet
  facet normal 0 -1 0
    outer loop
      vertex -7.049999237060547 -20.600000381469727 -3.0650758743286133
      vertex -6.930497169494629 -20.600000381469727 -3.002638816833496
      vertex -6.815587997436523 -20.600000381469727 -2.83066463470459
    endloop
  endfacet
  facet normal 0 -1 0
    outer loop
      vertex -7.049999237060547 -20.600000381469727 9.065075874328613
      vertex -7.009648323059082 -20.600000381469727 9.193726539611816
      vertex -7.049999237060547 -20.600000381469727 9.396584510803223
    endloop
  endfacet
  facet normal 0 -1 0
    outer loop
      vertex -7.049999237060547 -20.600000381469727 9.065075874328613
      vertex -6.930497169494629 -20.600000381469727 9.002638816833496
      vertex -7.009648323059082 -20.600000381469727 9.193726539611816
    endloop
  endfacet
  facet normal 0 -1 0
    outer loop
      vertex -7.049999237060547 -20.600000381469727 9.065075874328613
      vertex -6.815587997436523 -20.600000381469727 8.83066463470459
      vertex -6.930497169494629 -20.600000381469727 9.002638816833496
    endloop
  endfacet
  facet normal 1 0 0
    outer loop
      vertex -7.049999237060547 -20.600000381469727 9.396584510803223
      vertex -7.049999237060547 -17.200000762939453 9.396584510803223
      vertex -7.049999237060547 -20.600000381469727 9.603415489196777
    endloop
  endfacet
  facet normal 0.9807853223013114 0 0.1950901113801327
    outer loop
      vertex -7.049999237060547 -20.600000381469727 9.396584510803223
      vertex -7.009648323059082 -20.600000381469727 9.193726539611816
      vertex -7.009648323059082 -17.200000762939453 9.193726539611816
    endloop
  endfacet
  facet normal 0.9807853223013114 0 0.1950901113801327
    outer loop
      vertex -7.049999237060547 -20.600000381469727 9.396584510803223
      vertex -7.009648323059082 -17.200000762939453 9.193726539611816
      vertex -7.049999237060547 -17.200000762939453 9.396584510803223
    endloop
  endfacet
  facet normal 1 0 0
    outer loop
      vertex -7.049999237060547 -20.600000381469727 9.603415489196777
      vertex -7.049999237060547 -17.200000762939453 9.396584510803223
      vertex -7.049999237060547 -17.200000762939453 9.603415489196777
    endloop
  endfacet
  facet normal 0.9807853223013114 0 -0.1950901113801327
    outer loop
      vertex -7.049999237060547 -20.600000381469727 9.603415489196777
      vertex -7.049999237060547 -17.200000762939453 9.603415489196777
      vertex -7.009648323059082 -20.600000381469727 9.806273460388184
    endloop
  endfacet
  facet normal 0 -1 0
    outer loop
      vertex -7.049999237060547 -20.600000381469727 9.603415489196777
      vertex -7.009648323059082 -20.600000381469727 9.806273460388184
      vertex -7.049999237060547 -20.600000381469727 9.934924125671387
    endloop
  endfacet
  facet normal 0 -1 0
    outer loop
      vertex -7.049999237060547 -20.600000381469727 9.934924125671387
      vertex -7.009648323059082 -20.600000381469727 9.806273460388184
      vertex -6.930497169494629 -20.600000381469727 9.997361183166504
    endloop
  endfacet
  facet normal 0 -1 0
    outer loop
      vertex -7.049999237060547 -20.600000381469727 9.934924125671387
      vertex -6.930497169494629 -20.600000381469727 9.997361183166504
      vertex -6.815587997436523 -20.600000381469727 10.16933536529541
    endloop
  endfacet
  facet normal 0 1 0
    outer loop
      vertex -7.049999237060547 -17.200000762939453 -3.3965845108032227
      vertex -7.049999237060547 -17.200000762939453 9.396584510803223
      vertex -7.009648323059082 -17.200000762939453 9.193726539611816
    endloop
  endfacet
  facet normal 0.9807853223013114 0 -0.1950901113801327
    outer loop
      vertex -7.049999237060547 -17.200000762939453 -3.3965845108032227
      vertex -7.009648323059082 -17.200000762939453 -3.1937265396118164
      vertex -7.009648323059082 -20.600000381469727 -3.1937265396118164
    endloop
  endfacet
  facet normal 0 1 0
    outer loop
      vertex -7.049999237060547 -17.200000762939453 -3.3965845108032227
      vertex -7.009648323059082 -17.200000762939453 9.193726539611816
      vertex -7.009648323059082 -17.200000762939453 -3.1937265396118164
    endloop
  endfacet
  facet normal 0.9807853223013114 0 -0.1950901113801327
    outer loop
      vertex -7.049999237060547 -17.200000762939453 9.603415489196777
      vertex -7.009648323059082 -17.200000762939453 9.806273460388184
      vertex -7.009648323059082 -20.600000381469727 9.806273460388184
    endloop
  endfacet
  facet normal 0.3826827178422052 0 0.9238798284760323
    outer loop
      vertex -7.04209041595459 -32.32770919799805 -5.449614524841309
      vertex -6.641716003417969 -32.096683502197266 -5.61545467376709
      vertex -7.04209041595459 -21 -5.449614524841309
    endloop
  endfacet
  facet normal 0.38268271784220526 0 -0.9238798284760324
    outer loop
      vertex -7.04209041595459 -23.200000762939453 -1.5503854751586914
      vertex -7.04209041595459 -21 -1.5503854751586914
      vertex -6.641716003417969 -21 -1.3845453262329102
    endloop
  endfacet
  facet normal 0 -1 0
    outer loop
      vertex -7.04209041595459 -23.200000762939453 -1.5503854751586914
      vertex -6.641716003417969 -23.200000762939453 -1.3845453262329102
      vertex -7.04209041595459 -23.200000762939453 7.550385475158691
    endloop
  endfacet
  facet normal 0.38268271784220526 0 -0.9238798284760324
    outer loop
      vertex -7.04209041595459 -23.200000762939453 -1.5503854751586914
      vertex -6.641716003417969 -21 -1.3845453262329102
      vertex -6.641716003417969 -23.200000762939453 -1.3845453262329102
    endloop
  endfacet
  facet normal 0 -1 0
    outer loop
      vertex -7.04209041595459 -23.200000762939453 7.550385475158691
      vertex -6.641716003417969 -23.200000762939453 -1.3845453262329102
      vertex -6.641716003417969 -23.200000762939453 7.38454532623291
    endloop
  endfacet
  facet normal 0.38268271784220526 0 0.9238798284760324
    outer loop
      vertex -7.04209041595459 -23.200000762939453 7.550385475158691
      vertex -6.641716003417969 -23.200000762939453 7.38454532623291
      vertex -7.04209041595459 -21 7.550385475158691
    endloop
  endfacet
  facet normal 0.38268271784220526 0 -0.9238798284760324
    outer loop
      vertex -7.04209041595459 -23.200000762939453 11.449614524841309
      vertex -7.04209041595459 -21 11.449614524841309
      vertex -6.641716003417969 -21 11.61545467376709
    endloop
  endfacet
  facet normal 0.38268271784220526 0 -0.9238798284760324
    outer loop
      vertex -7.04209041595459 -23.200000762939453 11.449614524841309
      vertex -6.641716003417969 -21 11.61545467376709
      vertex -6.641716003417969 -23.200000762939453 11.61545467376709
    endloop
  endfacet
  facet normal 0.38268271784220526 0 0.9238798284760324
    outer loop
      vertex -7.04209041595459 -21 -5.449614524841309
      vertex -6.641716003417969 -32.096683502197266 -5.61545467376709
      vertex -6.641716003417969 -21 -5.61545467376709
    endloop
  endfacet
  facet normal 0.38268271784220526 0 0.9238798284760324
    outer loop
      vertex -7.04209041595459 -21 7.550385475158691
      vertex -6.641716003417969 -23.200000762939453 7.38454532623291
      vertex -6.641716003417969 -21 7.38454532623291
    endloop
  endfacet
  facet normal 0.9238794860390231 0 0.3826835445590396
    outer loop
      vertex -7.009648323059082 -20.600000381469727 -3.8062734603881836
      vertex -6.930497169494629 -20.600000381469727 -3.997361183166504
      vertex -6.930497169494629 -17.200000762939453 -3.997361183166504
    endloop
  endfacet
  facet normal 0.9238794860390231 0 0.3826835445590396
    outer loop
      vertex -7.009648323059082 -20.600000381469727 -3.8062734603881836
      vertex -6.930497169494629 -17.200000762939453 -3.997361183166504
      vertex -7.009648323059082 -17.200000762939453 -3.8062734603881836
    endloop
  endfacet
  facet normal 0.9238794860390231 0 -0.3826835445590396
    outer loop
      vertex -7.009648323059082 -20.600000381469727 -3.1937265396118164
      vertex -7.009648323059082 -17.200000762939453 -3.1937265396118164
      vertex -6.930497169494629 -20.600000381469727 -3.002638816833496
    endloop
  endfacet
  facet normal 0.9238794860390231 0 0.3826835445590396
    outer loop
      vertex -7.009648323059082 -20.600000381469727 9.193726539611816
      vertex -6.930497169494629 -20.600000381469727 9.002638816833496
      vertex -6.930497169494629 -17.200000762939453 9.002638816833496
    endloop
  endfacet
  facet normal 0.9238794860390231 0 0.3826835445590396
    outer loop
      vertex -7.009648323059082 -20.600000381469727 9.193726539611816
      vertex -6.930497169494629 -17.200000762939453 9.002638816833496
      vertex -7.009648323059082 -17.200000762939453 9.193726539611816
    endloop
  endfacet
  facet normal 0.9238794860390231 0 -0.3826835445590396
    outer loop
      vertex -7.009648323059082 -20.600000381469727 9.806273460388184
      vertex -7.009648323059082 -17.200000762939453 9.806273460388184
      vertex -6.930497169494629 -20.600000381469727 9.997361183166504
    endloop
  endfacet
  facet normal 0 1 0
    outer loop
      vertex -7.009648323059082 -17.200000762939453 -3.1937265396118164
      vertex -7.009648323059082 -17.200000762939453 9.193726539611816
      vertex -6.930497169494629 -17.200000762939453 -3.002638816833496
    endloop
  endfacet
  facet normal 0.9238794860390231 0 -0.3826835445590396
    outer loop
      vertex -7.009648323059082 -17.200000762939453 -3.1937265396118164
      vertex -6.930497169494629 -17.200000762939453 -3.002638816833496
      vertex -6.930497169494629 -20.600000381469727 -3.002638816833496
    endloop
  endfacet
  facet normal 0 1 0
    outer loop
      vertex -7.009648323059082 -17.200000762939453 9.193726539611816
      vertex -6.930497169494629 -17.200000762939453 9.002638816833496
      vertex -6.930497169494629 -17.200000762939453 -3.002638816833496
    endloop
  endfacet
  facet normal 0.9238794860390231 0 -0.3826835445590396
    outer loop
      vertex -7.009648323059082 -17.200000762939453 9.806273460388184
      vertex -6.930497169494629 -17.200000762939453 9.997361183166504
      vertex -6.930497169494629 -20.600000381469727 9.997361183166504
    endloop
  endfacet
  facet normal 0.8314702883871516 0 0.5555692211861513
    outer loop
      vertex -6.930497169494629 -20.600000381469727 -3.997361183166504
      vertex -6.815587997436523 -20.600000381469727 -4.16933536529541
      vertex -6.815587997436523 -17.200000762939453 -4.16933536529541
    endloop
  endfacet
  facet normal 0.8314702883871516 0 0.5555692211861513
    outer loop
      vertex -6.930497169494629 -20.600000381469727 -3.997361183166504
      vertex -6.815587997436523 -17.200000762939453 -4.16933536529541
      vertex -6.930497169494629 -17.200000762939453 -3.997361183166504
    endloop
  endfacet
  facet normal 0.8314702883871516 0 -0.5555692211861513
    outer loop
      vertex -6.930497169494629 -20.600000381469727 -3.002638816833496
      vertex -6.930497169494629 -17.200000762939453 -3.002638816833496
      vertex -6.815587997436523 -20.600000381469727 -2.83066463470459
    endloop
  endfacet
  facet normal 0.8314702883871516 0 0.5555692211861513
    outer loop
      vertex -6.930497169494629 -20.600000381469727 9.002638816833496
      vertex -6.815587997436523 -20.600000381469727 8.83066463470459
      vertex -6.815587997436523 -17.200000762939453 8.83066463470459
    endloop
  endfacet
  facet normal 0.8314702883871516 0 0.5555692211861513
    outer loop
      vertex -6.930497169494629 -20.600000381469727 9.002638816833496
      vertex -6.815587997436523 -17.200000762939453 8.83066463470459
      vertex -6.930497169494629 -17.200000762939453 9.002638816833496
    endloop
  endfacet
  facet normal 0.8314702883871516 0 -0.5555692211861513
    outer loop
      vertex -6.930497169494629 -20.600000381469727 9.997361183166504
      vertex -6.930497169494629 -17.200000762939453 9.997361183166504
      vertex -6.815587997436523 -20.600000381469727 10.16933536529541
    endloop
  endfacet
  facet normal 0 1 0
    outer loop
      vertex -6.930497169494629 -17.200000762939453 -3.002638816833496
      vertex -6.930497169494629 -17.200000762939453 9.002638816833496
      vertex -6.815587997436523 -17.200000762939453 -2.83066463470459
    endloop
  endfacet
  facet normal 0.8314702883871516 0 -0.5555692211861513
    outer loop
      vertex -6.930497169494629 -17.200000762939453 -3.002638816833496
      vertex -6.815587997436523 -17.200000762939453 -2.83066463470459
      vertex -6.815587997436523 -20.600000381469727 -2.83066463470459
    endloop
  endfacet
  facet normal 0 1 0
    outer loop
      vertex -6.930497169494629 -17.200000762939453 9.002638816833496
      vertex -6.815587997436523 -17.200000762939453 8.83066463470459
      vertex -6.815587997436523 -17.200000762939453 -2.83066463470459
    endloop
  endfacet
  facet normal 0.8314702883871516 0 -0.5555692211861513
    outer loop
      vertex -6.930497169494629 -17.200000762939453 9.997361183166504
      vertex -6.815587997436523 -17.200000762939453 10.16933536529541
      vertex -6.815587997436523 -20.600000381469727 10.16933536529541
    endloop
  endfacet
  facet normal 0.7071067811865475 0 0.7071067811865475
    outer loop
      vertex -6.815587997436523 -20.600000381469727 -4.16933536529541
      vertex -6.66933536529541 -20.600000381469727 -4.315587997436523
      vertex -6.66933536529541 -17.200000762939453 -4.315587997436523
    endloop
  endfacet
  facet normal 0.7071067811865475 0 0.7071067811865475
    outer loop
      vertex -6.815587997436523 -20.600000381469727 -4.16933536529541
      vertex -6.66933536529541 -17.200000762939453 -4.315587997436523
      vertex -6.815587997436523 -17.200000762939453 -4.16933536529541
    endloop
  endfacet
  facet normal 0.7071067811865475 0 -0.7071067811865475
    outer loop
      vertex -6.815587997436523 -20.600000381469727 -2.83066463470459
      vertex -6.815587997436523 -17.200000762939453 -2.83066463470459
      vertex -6.66933536529541 -20.600000381469727 -2.6844120025634766
    endloop
  endfacet
  facet normal 0.7071067811865476 0 -0.7071067811865476
    outer loop
      vertex -6.815587997436523 -20.600000381469727 -2.83066463470459
      vertex -6.66933536529541 -20.600000381469727 -2.6844120025634766
      vertex -6.434924125671387 -20.80000114440918 -2.450000762939453
    endloop
  endfacet
  facet normal 0.7071067811865475 0 0.7071067811865475
    outer loop
      vertex -6.815587997436523 -20.600000381469727 8.83066463470459
      vertex -6.66933536529541 -20.600000381469727 8.684412002563477
      vertex -6.66933536529541 -17.200000762939453 8.684412002563477
    endloop
  endfacet
  facet normal 0.7071067811865475 0 0.7071067811865475
    outer loop
      vertex -6.815587997436523 -20.600000381469727 8.83066463470459
      vertex -6.66933536529541 -17.200000762939453 8.684412002563477
      vertex -6.815587997436523 -17.200000762939453 8.83066463470459
    endloop
  endfacet
  facet normal 0.7071067811865475 0 -0.7071067811865475
    outer loop
      vertex -6.815587997436523 -20.600000381469727 10.16933536529541
      vertex -6.815587997436523 -17.200000762939453 10.16933536529541
      vertex -6.66933536529541 -20.600000381469727 10.315587997436523
    endloop
  endfacet
  facet normal 0.7071067811865476 0 -0.7071067811865476
    outer loop
      vertex -6.815587997436523 -20.600000381469727 10.16933536529541
      vertex -6.66933536529541 -20.600000381469727 10.315587997436523
      vertex -6.434924125671387 -20.80000114440918 10.549999237060547
    endloop
  endfacet
  facet normal 0 1 0
    outer loop
      vertex -6.815587997436523 -17.200000762939453 -2.83066463470459
      vertex -6.815587997436523 -17.200000762939453 8.83066463470459
      vertex -6.66933536529541 -17.200000762939453 -2.6844120025634766
    endloop
  endfacet
  facet normal 0.7071067811865475 0 -0.7071067811865475
    outer loop
      vertex -6.815587997436523 -17.200000762939453 -2.83066463470459
      vertex -6.66933536529541 -17.200000762939453 -2.6844120025634766
      vertex -6.66933536529541 -20.600000381469727 -2.6844120025634766
    endloop
  endfacet
  facet normal 0 1 0
    outer loop
      vertex -6.815587997436523 -17.200000762939453 8.83066463470459
      vertex -6.66933536529541 -17.200000762939453 8.684412002563477
      vertex -6.66933536529541 -17.200000762939453 -2.6844120025634766
    endloop
  endfacet
  facet normal 0.7071067811865475 0 -0.7071067811865475
    outer loop
      vertex -6.815587997436523 -17.200000762939453 10.16933536529541
      vertex -6.66933536529541 -17.200000762939453 10.315587997436523
      vertex -6.66933536529541 -20.600000381469727 10.315587997436523
    endloop
  endfacet
  facet normal 0.5555692211861513 0 0.8314702883871516
    outer loop
      vertex -6.66933536529541 -20.600000381469727 -4.315587997436523
      vertex -6.497361183166504 -20.600000381469727 -4.430497169494629
      vertex -6.66933536529541 -17.200000762939453 -4.315587997436523
    endloop
  endfacet
  facet normal 0.7071067811865476 0 0.7071067811865476
    outer loop
      vertex -6.66933536529541 -20.600000381469727 -4.315587997436523
      vertex -6.434924125671387 -20.80000114440918 -4.549999237060547
      vertex -6.434924125671387 -20.600000381469727 -4.549999237060547
    endloop
  endfacet
  facet normal 0 -1 0
    outer loop
      vertex -6.66933536529541 -20.600000381469727 -4.315587997436523
      vertex -6.434924125671387 -20.600000381469727 -4.549999237060547
      vertex -6.497361183166504 -20.600000381469727 -4.430497169494629
    endloop
  endfacet
  facet normal 0.5555692211861513 0 -0.8314702883871516
    outer loop
      vertex -6.66933536529541 -20.600000381469727 -2.6844120025634766
      vertex -6.66933536529541 -17.200000762939453 -2.6844120025634766
      vertex -6.497361183166504 -17.200000762939453 -2.569502830505371
    endloop
  endfacet
  facet normal 0 -1 0
    outer loop
      vertex -6.66933536529541 -20.600000381469727 -2.6844120025634766
      vertex -6.497361183166504 -20.600000381469727 -2.569502830505371
      vertex -6.434924125671387 -20.600000381469727 -2.450000762939453
    endloop
  endfacet
  facet normal 0.5555692211861513 0 -0.8314702883871516
    outer loop
      vertex -6.66933536529541 -20.600000381469727 -2.6844120025634766
      vertex -6.497361183166504 -17.200000762939453 -2.569502830505371
      vertex -6.497361183166504 -20.600000381469727 -2.569502830505371
    endloop
  endfacet
  facet normal 0.7071067811865476 0 -0.7071067811865476
    outer loop
      vertex -6.66933536529541 -20.600000381469727 -2.6844120025634766
      vertex -6.434924125671387 -20.600000381469727 -2.450000762939453
      vertex -6.434924125671387 -20.80000114440918 -2.450000762939453
    endloop
  endfacet
  facet normal 0.5555692211861513 0 0.8314702883871516
    outer loop
      vertex -6.66933536529541 -20.600000381469727 8.684412002563477
      vertex -6.497361183166504 -20.600000381469727 8.569502830505371
      vertex -6.66933536529541 -17.200000762939453 8.684412002563477
    endloop
  endfacet
  facet normal 0.7071067811865476 0 0.7071067811865476
    outer loop
      vertex -6.66933536529541 -20.600000381469727 8.684412002563477
      vertex -6.434924125671387 -20.80000114440918 8.450000762939453
      vertex -6.434924125671387 -20.600000381469727 8.450000762939453
    endloop
  endfacet
  facet normal 0 -1 0
    outer loop
      vertex -6.66933536529541 -20.600000381469727 8.684412002563477
      vertex -6.434924125671387 -20.600000381469727 8.450000762939453
      vertex -6.497361183166504 -20.600000381469727 8.569502830505371
    endloop
  endfacet
  facet normal 0.5555692211861513 0 -0.8314702883871516
    outer loop
      vertex -6.66933536529541 -20.600000381469727 10.315587997436523
      vertex -6.66933536529541 -17.200000762939453 10.315587997436523
      vertex -6.497361183166504 -17.200000762939453 10.430497169494629
    endloop
  endfacet
  facet normal 0 -1 0
    outer loop
      vertex -6.66933536529541 -20.600000381469727 10.315587997436523
      vertex -6.497361183166504 -20.600000381469727 10.430497169494629
      vertex -6.434924125671387 -20.600000381469727 10.549999237060547
    endloop
  endfacet
  facet normal 0.5555692211861513 0 -0.8314702883871516
    outer loop
      vertex -6.66933536529541 -20.600000381469727 10.315587997436523
      vertex -6.497361183166504 -17.200000762939453 10.430497169494629
      vertex -6.497361183166504 -20.600000381469727 10.430497169494629
    endloop
  endfacet
  facet normal 0.7071067811865476 0 -0.7071067811865476
    outer loop
      vertex -6.66933536529541 -20.600000381469727 10.315587997436523
      vertex -6.434924125671387 -20.600000381469727 10.549999237060547
      vertex -6.434924125671387 -20.80000114440918 10.549999237060547
    endloop
  endfacet
  facet normal 0.5555692211861513 0 0.8314702883871516
    outer loop
      vertex -6.66933536529541 -17.200000762939453 -4.315587997436523
      vertex -6.497361183166504 -20.600000381469727 -4.430497169494629
      vertex -6.497361183166504 -17.200000762939453 -4.430497169494629
    endloop
  endfacet
  facet normal 0 1 0
    outer loop
      vertex -6.66933536529541 -17.200000762939453 -2.6844120025634766
      vertex -6.66933536529541 -17.200000762939453 8.684412002563477
      vertex -6.497361183166504 -17.200000762939453 -2.569502830505371
    endloop
  endfacet
  facet normal 0.5555692211861513 0 0.8314702883871516
    outer loop
      vertex -6.66933536529541 -17.200000762939453 8.684412002563477
      vertex -6.497361183166504 -20.600000381469727 8.569502830505371
      vertex -6.497361183166504 -17.200000762939453 8.569502830505371
    endloop
  endfacet
  facet normal 0 1 0
    outer loop
      vertex -6.66933536529541 -17.200000762939453 8.684412002563477
      vertex -6.497361183166504 -17.200000762939453 8.569502830505371
      vertex -6.497361183166504 -17.200000762939453 -2.569502830505371
    endloop
  endfacet
  facet normal 0.19509103811811032 0 0.9807851379614181
    outer loop
      vertex -6.641716003417969 -32.096683502197266 -5.61545467376709
      vertex -6.216680526733398 -31.85142707824707 -5.699999809265137
      vertex -6.641716003417969 -21 -5.61545467376709
    endloop
  endfacet
  facet normal 0.19509103811811032 0 -0.9807851379614181
    outer loop
      vertex -6.641716003417969 -23.200000762939453 -1.3845453262329102
      vertex -6.641716003417969 -21 -1.3845453262329102
      vertex -6.216680526733398 -21 -1.3000001907348633
    endloop
  endfacet
  facet normal 0 -1 0
    outer loop
      vertex -6.641716003417969 -23.200000762939453 -1.3845453262329102
      vertex -6.216680526733398 -23.200000762939453 -1.3000001907348633
      vertex -6.641716003417969 -23.200000762939453 7.38454532623291
    endloop
  endfacet
  facet normal 0.19509103811811032 0 -0.9807851379614181
    outer loop
      vertex -6.641716003417969 -23.200000762939453 -1.3845453262329102
      vertex -6.216680526733398 -21 -1.3000001907348633
      vertex -6.216680526733398 -23.200000762939453 -1.3000001907348633
    endloop
  endfacet
  facet normal 0 -1 0
    outer loop
      vertex -6.641716003417969 -23.200000762939453 7.38454532623291
      vertex -6.216680526733398 -23.200000762939453 -1.3000001907348633
      vertex -6.216680526733398 -23.200000762939453 7.300000190734863
    endloop
  endfacet
  facet normal 0.19509103811811032 0 0.9807851379614181
    outer loop
      vertex -6.641716003417969 -23.200000762939453 7.38454532623291
      vertex -6.216680526733398 -23.200000762939453 7.300000190734863
      vertex -6.641716003417969 -21 7.38454532623291
    endloop
  endfacet
  facet normal 0.19509103811811032 0 -0.9807851379614181
    outer loop
      vertex -6.641716003417969 -23.200000762939453 11.61545467376709
      vertex -6.641716003417969 -21 11.61545467376709
      vertex -6.216680526733398 -21 11.699999809265137
    endloop
  endfacet
  facet normal 0.19509103811811032 0 -0.9807851379614181
    outer loop
      vertex -6.641716003417969 -23.200000762939453 11.61545467376709
      vertex -6.216680526733398 -21 11.699999809265137
      vertex -6.216680526733398 -23.200000762939453 11.699999809265137
    endloop
  endfacet
  facet normal 0.19509103811811032 0 0.9807851379614182
    outer loop
      vertex -6.641716003417969 -21 -5.61545467376709
      vertex -6.216680526733398 -31.85142707824707 -5.699999809265137
      vertex -6.216680526733398 -21 -5.699999809265137
    endloop
  endfacet
  facet normal 0.19509103811811032 0 0.9807851379614181
    outer loop
      vertex -6.641716003417969 -21 7.38454532623291
      vertex -6.216680526733398 -23.200000762939453 7.300000190734863
      vertex -6.216680526733398 -21 7.300000190734863
    endloop
  endfacet
  facet normal 0 -1 0
    outer loop
      vertex -6.497361183166504 -20.600000381469727 -4.430497169494629
      vertex -6.434924125671387 -20.600000381469727 -4.549999237060547
      vertex -6.306273460388184 -20.600000381469727 -4.509648323059082
    endloop
  endfacet
  facet normal 0.3826835445590396 0 0.9238794860390231
    outer loop
      vertex -6.497361183166504 -20.600000381469727 -4.430497169494629
      vertex -6.306273460388184 -20.600000381469727 -4.509648323059082
      vertex -6.497361183166504 -17.200000762939453 -4.430497169494629
    endloop
  endfacet
  facet normal 0.3826835445590396 0 -0.9238794860390231
    outer loop
      vertex -6.497361183166504 -20.600000381469727 -2.569502830505371
      vertex -6.497361183166504 -17.200000762939453 -2.569502830505371
      vertex -6.306273460388184 -17.200000762939453 -2.490351676940918
    endloop
  endfacet
  facet normal 0 -1 0
    outer loop
      vertex -6.497361183166504 -20.600000381469727 -2.569502830505371
      vertex -6.306273460388184 -20.600000381469727 -2.490351676940918
      vertex -6.434924125671387 -20.600000381469727 -2.450000762939453
    endloop
  endfacet
  facet normal 0.3826835445590396 0 -0.9238794860390231
    outer loop
      vertex -6.497361183166504 -20.600000381469727 -2.569502830505371
      vertex -6.306273460388184 -17.200000762939453 -2.490351676940918
      vertex -6.306273460388184 -20.600000381469727 -2.490351676940918
    endloop
  endfacet
  facet normal 0 -1 0
    outer loop
      vertex -6.497361183166504 -20.600000381469727 8.569502830505371
      vertex -6.434924125671387 -20.600000381469727 8.450000762939453
      vertex -6.306273460388184 -20.600000381469727 8.490351676940918
    endloop
  endfacet
  facet normal 0.3826835445590396 0 0.9238794860390231
    outer loop
      vertex -6.497361183166504 -20.600000381469727 8.569502830505371
      vertex -6.306273460388184 -20.600000381469727 8.490351676940918
      vertex -6.497361183166504 -17.200000762939453 8.569502830505371
    endloop
  endfacet
  facet normal 0.3826835445590396 0 -0.9238794860390231
    outer loop
      vertex -6.497361183166504 -20.600000381469727 10.430497169494629
      vertex -6.497361183166504 -17.200000762939453 10.430497169494629
      vertex -6.306273460388184 -17.200000762939453 10.509648323059082
    endloop
  endfacet
  facet normal 0 -1 0
    outer loop
      vertex -6.497361183166504 -20.600000381469727 10.430497169494629
      vertex -6.306273460388184 -20.600000381469727 10.509648323059082
      vertex -6.434924125671387 -20.600000381469727 10.549999237060547
    endloop
  endfacet
  facet normal 0.3826835445590396 0 -0.9238794860390231
    outer loop
      vertex -6.497361183166504 -20.600000381469727 10.430497169494629
      vertex -6.306273460388184 -17.200000762939453 10.509648323059082
      vertex -6.306273460388184 -20.600000381469727 10.509648323059082
    endloop
  endfacet
  facet normal 0.3826835445590396 0 0.9238794860390231
    outer loop
      vertex -6.497361183166504 -17.200000762939453 -4.430497169494629
      vertex -6.306273460388184 -20.600000381469727 -4.509648323059082
      vertex -6.306273460388184 -17.200000762939453 -4.509648323059082
    endloop
  endfacet
  facet normal 0 1 0
    outer loop
      vertex -6.497361183166504 -17.200000762939453 -2.569502830505371
      vertex -6.497361183166504 -17.200000762939453 8.569502830505371
      vertex -6.306273460388184 -17.200000762939453 -2.490351676940918
    endloop
  endfacet
  facet normal 0.3826835445590396 0 0.9238794860390231
    outer loop
      vertex -6.497361183166504 -17.200000762939453 8.569502830505371
      vertex -6.306273460388184 -20.600000381469727 8.490351676940918
      vertex -6.306273460388184 -17.200000762939453 8.490351676940918
    endloop
  endfacet
  facet normal 0 1 0
    outer loop
      vertex -6.497361183166504 -17.200000762939453 8.569502830505371
      vertex -6.306273460388184 -17.200000762939453 8.490351676940918
      vertex -6.306273460388184 -17.200000762939453 -2.490351676940918
    endloop
  endfacet
  facet normal 0 0 1
    outer loop
      vertex -6.434924125671387 -20.80000114440918 -4.549999237060547
      vertex -6.103415489196777 -20.600000381469727 -4.549999237060547
      vertex -6.434924125671387 -20.600000381469727 -4.549999237060547
    endloop
  endfacet
  facet normal 0 0 1
    outer loop
      vertex -6.434924125671387 -20.80000114440918 -4.549999237060547
      vertex -5.565075874328613 -20.80000114440918 -4.549999237060547
      vertex -6.103415489196777 -20.600000381469727 -4.549999237060547
    endloop
  endfacet
  facet normal 0 0 1
    outer loop
      vertex -6.434924125671387 -20.80000114440918 -4.549999237060547
      vertex -4.950000762939453 -21 -4.549999237060547
      vertex -5.565075874328613 -20.80000114440918 -4.549999237060547
    endloop
  endfacet
  facet normal 0 0 -1
    outer loop
      vertex -6.434924125671387 -20.80000114440918 -2.450000762939453
      vertex -6.434924125671387 -20.600000381469727 -2.450000762939453
      vertex -6.103415489196777 -20.600000381469727 -2.450000762939453
    endloop
  endfacet
  facet normal 0 0 -1
    outer loop
      vertex -6.434924125671387 -20.80000114440918 -2.450000762939453
      vertex -6.103415489196777 -20.600000381469727 -2.450000762939453
      vertex -5.565075874328613 -20.80000114440918 -2.450000762939453
    endloop
  endfacet
  facet normal 0 0 -1
    outer loop
      vertex -6.434924125671387 -20.80000114440918 -2.450000762939453
      vertex -5.565075874328613 -20.80000114440918 -2.450000762939453
      vertex -4.950000762939453 -21 -2.450000762939453
    endloop
  endfacet
  facet normal 0 0 1
    outer loop
      vertex -6.434924125671387 -20.80000114440918 8.450000762939453
      vertex -6.103415489196777 -20.600000381469727 8.450000762939453
      vertex -6.434924125671387 -20.600000381469727 8.450000762939453
    endloop
  endfacet
  facet normal 0 0 1
    outer loop
      vertex -6.434924125671387 -20.80000114440918 8.450000762939453
      vertex -5.565075874328613 -20.80000114440918 8.450000762939453
      vertex -6.103415489196777 -20.600000381469727 8.450000762939453
    endloop
  endfacet
  facet normal 0 0 1
    outer loop
      vertex -6.434924125671387 -20.80000114440918 8.450000762939453
      vertex -4.950000762939453 -21 8.450000762939453
      vertex -5.565075874328613 -20.80000114440918 8.450000762939453
    endloop
  endfacet
  facet normal 0 0 -1
    outer loop
      vertex -6.434924125671387 -20.80000114440918 10.549999237060547
      vertex -6.434924125671387 -20.600000381469727 10.549999237060547
      vertex -6.103415489196777 -20.600000381469727 10.549999237060547
    endloop
  endfacet
  facet normal 0 0 -1
    outer loop
      vertex -6.434924125671387 -20.80000114440918 10.549999237060547
      vertex -6.103415489196777 -20.600000381469727 10.549999237060547
      vertex -5.565075874328613 -20.80000114440918 10.549999237060547
    endloop
  endfacet
  facet normal 0 0 -1
    outer loop
      vertex -6.434924125671387 -20.80000114440918 10.549999237060547
      vertex -5.565075874328613 -20.80000114440918 10.549999237060547
      vertex -4.950000762939453 -21 10.549999237060547
    endloop
  endfacet
  facet normal 0 -1 0
    outer loop
      vertex -6.434924125671387 -20.600000381469727 -4.549999237060547
      vertex -6.103415489196777 -20.600000381469727 -4.549999237060547
      vertex -6.306273460388184 -20.600000381469727 -4.509648323059082
    endloop
  endfacet
  facet normal 0 -1 0
    outer loop
      vertex -6.434924125671387 -20.600000381469727 -2.450000762939453
      vertex -6.306273460388184 -20.600000381469727 -2.490351676940918
      vertex -6.103415489196777 -20.600000381469727 -2.450000762939453
    endloop
  endfacet
  facet normal 0 -1 0
    outer loop
      vertex -6.434924125671387 -20.600000381469727 8.450000762939453
      vertex -6.103415489196777 -20.600000381469727 8.450000762939453
      vertex -6.306273460388184 -20.600000381469727 8.490351676940918
    endloop
  endfacet
  facet normal 0 -1 0
    outer loop
      vertex -6.434924125671387 -20.600000381469727 10.549999237060547
      vertex -6.306273460388184 -20.600000381469727 10.509648323059082
      vertex -6.103415489196777 -20.600000381469727 10.549999237060547
    endloop
  endfacet
  facet normal 0.1950901113801327 0 0.9807853223013114
    outer loop
      vertex -6.306273460388184 -20.600000381469727 -4.509648323059082
      vertex -6.103415489196777 -20.600000381469727 -4.549999237060547
      vertex -6.306273460388184 -17.200000762939453 -4.509648323059082
    endloop
  endfacet
  facet normal 0.1950901113801327 0 -0.9807853223013114
    outer loop
      vertex -6.306273460388184 -20.600000381469727 -2.490351676940918
      vertex -6.306273460388184 -17.200000762939453 -2.490351676940918
      vertex -6.103415489196777 -17.200000762939453 -2.450000762939453
    endloop
  endfacet
  facet normal 0.1950901113801327 0 -0.9807853223013114
    outer loop
      vertex -6.306273460388184 -20.600000381469727 -2.490351676940918
      vertex -6.103415489196777 -17.200000762939453 -2.450000762939453
      vertex -6.103415489196777 -20.600000381469727 -2.450000762939453
    endloop
  endfacet
  facet normal 0.1950901113801327 0 0.9807853223013114
    outer loop
      vertex -6.306273460388184 -20.600000381469727 8.490351676940918
      vertex -6.103415489196777 -20.600000381469727 8.450000762939453
      vertex -6.306273460388184 -17.200000762939453 8.490351676940918
    endloop
  endfacet
  facet normal 0.1950901113801327 0 -0.9807853223013114
    outer loop
      vertex -6.306273460388184 -20.600000381469727 10.509648323059082
      vertex -6.306273460388184 -17.200000762939453 10.509648323059082
      vertex -6.103415489196777 -17.200000762939453 10.549999237060547
    endloop
  endfacet
  facet normal 0.1950901113801327 0 -0.9807853223013114
    outer loop
      vertex -6.306273460388184 -20.600000381469727 10.509648323059082
      vertex -6.103415489196777 -17.200000762939453 10.549999237060547
      vertex -6.103415489196777 -20.600000381469727 10.549999237060547
    endloop
  endfacet
  facet normal 0.1950901113801327 0 0.9807853223013114
    outer loop
      vertex -6.306273460388184 -17.200000762939453 -4.509648323059082
      vertex -6.103415489196777 -20.600000381469727 -4.549999237060547
      vertex -6.103415489196777 -17.200000762939453 -4.549999237060547
    endloop
  endfacet
  facet normal 0 1 0
    outer loop
      vertex -6.306273460388184 -17.200000762939453 -2.490351676940918
      vertex -6.306273460388184 -17.200000762939453 8.490351676940918
      vertex -6.103415489196777 -17.200000762939453 -2.450000762939453
    endloop
  endfacet
  facet normal 0.1950901113801327 0 0.9807853223013114
    outer loop
      vertex -6.306273460388184 -17.200000762939453 8.490351676940918
      vertex -6.103415489196777 -20.600000381469727 8.450000762939453
      vertex -6.103415489196777 -17.200000762939453 8.450000762939453
    endloop
  endfacet
  facet normal 0 1 0
    outer loop
      vertex -6.306273460388184 -17.200000762939453 8.490351676940918
      vertex -6.103415489196777 -17.200000762939453 8.450000762939453
      vertex -6.103415489196777 -17.200000762939453 -2.450000762939453
    endloop
  endfacet
  facet normal 0 0 1
    outer loop
      vertex -6.216680526733398 -31.85142707824707 -5.699999809265137
      vertex -5.783319473266602 -31.60136604309082 -5.699999809265137
      vertex -6.216680526733398 -21 -5.699999809265137
    endloop
  endfacet
  facet normal 0.4997899962449482 -0.8661466155634435 0.0000012112688512667463
    outer loop
      vertex -6.216680526733398 -31.85142707824707 -5.699999809265137
      vertex 8.973676681518555 -23.08618927001953 -11.899999618530273
      vertex -5.783319473266602 -31.60136604309082 -5.699999809265137
    endloop
  endfacet
  facet normal 0 0 -1
    outer loop
      vertex -6.216680526733398 -23.200000762939453 -1.3000001907348633
      vertex -6.216680526733398 -21 -1.3000001907348633
      vertex -5.783319473266602 -21 -1.3000001907348633
    endloop
  endfacet
  facet normal 0 -1 0
    outer loop
      vertex -6.216680526733398 -23.200000762939453 -1.3000001907348633
      vertex -5.783319473266602 -23.200000762939453 -1.3000001907348633
      vertex -6.216680526733398 -23.200000762939453 7.300000190734863
    endloop
  endfacet
  facet normal 0 0 -1
    outer loop
      vertex -6.216680526733398 -23.200000762939453 -1.3000001907348633
      vertex -5.783319473266602 -21 -1.3000001907348633
      vertex -5.783319473266602 -23.200000762939453 -1.3000001907348633
    endloop
  endfacet
  facet normal 0 -1 0
    outer loop
      vertex -6.216680526733398 -23.200000762939453 7.300000190734863
      vertex -5.783319473266602 -23.200000762939453 -1.3000001907348633
      vertex -5.783319473266602 -23.200000762939453 7.300000190734863
    endloop
  endfacet
  facet normal 0 0 1
    outer loop
      vertex -6.216680526733398 -23.200000762939453 7.300000190734863
      vertex -5.783319473266602 -23.200000762939453 7.300000190734863
      vertex -6.216680526733398 -21 7.300000190734863
    endloop
  endfacet
  facet normal 0 0 -1
    outer loop
      vertex -6.216680526733398 -23.200000762939453 11.699999809265137
      vertex -6.216680526733398 -21 11.699999809265137
      vertex -5.783319473266602 -21 11.699999809265137
    endloop
  endfacet
  facet normal 0 0 -1
    outer loop
      vertex -6.216680526733398 -23.200000762939453 11.699999809265137
      vertex -5.783319473266602 -21 11.699999809265137
      vertex -5.783319473266602 -23.200000762939453 11.699999809265137
    endloop
  endfacet
  facet normal 0 0 1
    outer loop
      vertex -6.216680526733398 -21 -5.699999809265137
      vertex -5.783319473266602 -31.60136604309082 -5.699999809265137
      vertex -5.783319473266602 -21 -5.699999809265137
    endloop
  endfacet
  facet normal 0 -1 0
    outer loop
      vertex -6.216680526733398 -21 -5.699999809265137
      vertex -5.783319473266602 -21 -5.699999809265137
      vertex -4.950000762939453 -21 -4.549999237060547
    endloop
  endfacet
  facet normal 0 0 1
    outer loop
      vertex -6.216680526733398 -21 7.300000190734863
      vertex -5.783319473266602 -23.200000762939453 7.300000190734863
      vertex -5.783319473266602 -21 7.300000190734863
    endloop
  endfacet
  facet normal 0 -1 0
    outer loop
      vertex -6.216680526733398 -21 7.300000190734863
      vertex -5.783319473266602 -21 7.300000190734863
      vertex -4.950000762939453 -21 8.450000762939453
    endloop
  endfacet
  facet normal 0 0 1
    outer loop
      vertex -6.103415489196777 -20.600000381469727 -4.549999237060547
      vertex -5.896584510803223 -20.600000381469727 -4.549999237060547
      vertex -6.103415489196777 -17.200000762939453 -4.549999237060547
    endloop
  endfacet
  facet normal 0 0 1
    outer loop
      vertex -6.103415489196777 -20.600000381469727 -4.549999237060547
      vertex -5.565075874328613 -20.80000114440918 -4.549999237060547
      vertex -5.896584510803223 -20.600000381469727 -4.549999237060547
    endloop
  endfacet
  facet normal 0 0 -1
    outer loop
      vertex -6.103415489196777 -20.600000381469727 -2.450000762939453
      vertex -6.103415489196777 -17.200000762939453 -2.450000762939453
      vertex -5.896584510803223 -17.200000762939453 -2.450000762939453
    endloop
  endfacet
  facet normal 0 0 -1
    outer loop
      vertex -6.103415489196777 -20.600000381469727 -2.450000762939453
      vertex -5.896584510803223 -20.600000381469727 -2.450000762939453
      vertex -5.565075874328613 -20.80000114440918 -2.450000762939453
    endloop
  endfacet
  facet normal 0 0 -1
    outer loop
      vertex -6.103415489196777 -20.600000381469727 -2.450000762939453
      vertex -5.896584510803223 -17.200000762939453 -2.450000762939453
      vertex -5.896584510803223 -20.600000381469727 -2.450000762939453
    endloop
  endfacet
  facet normal 0 0 1
    outer loop
      vertex -6.103415489196777 -20.600000381469727 8.450000762939453
      vertex -5.896584510803223 -20.600000381469727 8.450000762939453
      vertex -6.103415489196777 -17.200000762939453 8.450000762939453
    endloop
  endfacet
  facet normal 0 0 1
    outer loop
      vertex -6.103415489196777 -20.600000381469727 8.450000762939453
      vertex -5.565075874328613 -20.80000114440918 8.450000762939453
      vertex -5.896584510803223 -20.600000381469727 8.450000762939453
    endloop
  endfacet
  facet normal 0 0 -1
    outer loop
      vertex -6.103415489196777 -20.600000381469727 10.549999237060547
      vertex -6.103415489196777 -17.200000762939453 10.549999237060547
      vertex -5.896584510803223 -17.200000762939453 10.549999237060547
    endloop
  endfacet
  facet normal 0 0 -1
    outer loop
      vertex -6.103415489196777 -20.600000381469727 10.549999237060547
      vertex -5.896584510803223 -20.600000381469727 10.549999237060547
      vertex -5.565075874328613 -20.80000114440918 10.549999237060547
    endloop
  endfacet
  facet normal 0 0 -1
    outer loop
      vertex -6.103415489196777 -20.600000381469727 10.549999237060547
      vertex -5.896584510803223 -17.200000762939453 10.549999237060547
      vertex -5.896584510803223 -20.600000381469727 10.549999237060547
    endloop
  endfacet
  facet normal 0 0 1
    outer loop
      vertex -6.103415489196777 -17.200000762939453 -4.549999237060547
      vertex -5.896584510803223 -20.600000381469727 -4.549999237060547
      vertex -5.896584510803223 -17.200000762939453 -4.549999237060547
    endloop
  endfacet
  facet normal 0 1 0
    outer loop
      vertex -6.103415489196777 -17.200000762939453 -2.450000762939453
      vertex -6.103415489196777 -17.200000762939453 8.450000762939453
      vertex -5.896584510803223 -17.200000762939453 -2.450000762939453
    endloop
  endfacet
  facet normal 0 0 1
    outer loop
      vertex -6.103415489196777 -17.200000762939453 8.450000762939453
      vertex -5.896584510803223 -20.600000381469727 8.450000762939453
      vertex -5.896584510803223 -17.200000762939453 8.450000762939453
    endloop
  endfacet
  facet normal 0 1 0
    outer loop
      vertex -6.103415489196777 -17.200000762939453 8.450000762939453
      vertex -5.896584510803223 -17.200000762939453 8.450000762939453
      vertex -5.896584510803223 -17.200000762939453 -2.450000762939453
    endloop
  endfacet
  facet normal -0.1950901113801327 0 0.9807853223013114
    outer loop
      vertex -5.896584510803223 -20.600000381469727 -4.549999237060547
      vertex -5.693726539611816 -20.600000381469727 -4.509648323059082
      vertex -5.896584510803223 -17.200000762939453 -4.549999237060547
    endloop
  endfacet
  facet normal 0 0 1
    outer loop
      vertex -5.896584510803223 -20.600000381469727 -4.549999237060547
      vertex -5.565075874328613 -20.80000114440918 -4.549999237060547
      vertex -5.565075874328613 -20.600000381469727 -4.549999237060547
    endloop
  endfacet
  facet normal 0 -1 0
    outer loop
      vertex -5.896584510803223 -20.600000381469727 -4.549999237060547
      vertex -5.565075874328613 -20.600000381469727 -4.549999237060547
      vertex -5.693726539611816 -20.600000381469727 -4.509648323059082
    endloop
  endfacet
  facet normal -0.1950901113801327 0 -0.9807853223013114
    outer loop
      vertex -5.896584510803223 -20.600000381469727 -2.450000762939453
      vertex -5.896584510803223 -17.200000762939453 -2.450000762939453
      vertex -5.693726539611816 -17.200000762939453 -2.490351676940918
    endloop
  endfacet
  facet normal 0 -1 0
    outer loop
      vertex -5.896584510803223 -20.600000381469727 -2.450000762939453
      vertex -5.693726539611816 -20.600000381469727 -2.490351676940918
      vertex -5.565075874328613 -20.600000381469727 -2.450000762939453
    endloop
  endfacet
  facet normal -0.1950901113801327 0 -0.9807853223013114
    outer loop
      vertex -5.896584510803223 -20.600000381469727 -2.450000762939453
      vertex -5.693726539611816 -17.200000762939453 -2.490351676940918
      vertex -5.693726539611816 -20.600000381469727 -2.490351676940918
    endloop
  endfacet
  facet normal 0 0 -1
    outer loop
      vertex -5.896584510803223 -20.600000381469727 -2.450000762939453
      vertex -5.565075874328613 -20.600000381469727 -2.450000762939453
      vertex -5.565075874328613 -20.80000114440918 -2.450000762939453
    endloop
  endfacet
  facet normal -0.1950901113801327 0 0.9807853223013114
    outer loop
      vertex -5.896584510803223 -20.600000381469727 8.450000762939453
      vertex -5.693726539611816 -20.600000381469727 8.490351676940918
      vertex -5.896584510803223 -17.200000762939453 8.450000762939453
    endloop
  endfacet
  facet normal 0 0 1
    outer loop
      vertex -5.896584510803223 -20.600000381469727 8.450000762939453
      vertex -5.565075874328613 -20.80000114440918 8.450000762939453
      vertex -5.565075874328613 -20.600000381469727 8.450000762939453
    endloop
  endfacet
  facet normal 0 -1 0
    outer loop
      vertex -5.896584510803223 -20.600000381469727 8.450000762939453
      vertex -5.565075874328613 -20.600000381469727 8.450000762939453
      vertex -5.693726539611816 -20.600000381469727 8.490351676940918
    endloop
  endfacet
  facet normal -0.1950901113801327 0 -0.9807853223013114
    outer loop
      vertex -5.896584510803223 -20.600000381469727 10.549999237060547
      vertex -5.896584510803223 -17.200000762939453 10.549999237060547
      vertex -5.693726539611816 -17.200000762939453 10.509648323059082
    endloop
  endfacet
  facet normal 0 -1 0
    outer loop
      vertex -5.896584510803223 -20.600000381469727 10.549999237060547
      vertex -5.693726539611816 -20.600000381469727 10.509648323059082
      vertex -5.565075874328613 -20.600000381469727 10.549999237060547
    endloop
  endfacet
  facet normal -0.1950901113801327 0 -0.9807853223013114
    outer loop
      vertex -5.896584510803223 -20.600000381469727 10.549999237060547
      vertex -5.693726539611816 -17.200000762939453 10.509648323059082
      vertex -5.693726539611816 -20.600000381469727 10.509648323059082
    endloop
  endfacet
  facet normal 0 0 -1
    outer loop
      vertex -5.896584510803223 -20.600000381469727 10.549999237060547
      vertex -5.565075874328613 -20.600000381469727 10.549999237060547
      vertex -5.565075874328613 -20.80000114440918 10.549999237060547
    endloop
  endfacet
  facet normal -0.1950901113801327 0 0.9807853223013114
    outer loop
      vertex -5.896584510803223 -17.200000762939453 -4.549999237060547
      vertex -5.693726539611816 -20.600000381469727 -4.509648323059082
      vertex -5.693726539611816 -17.200000762939453 -4.509648323059082
    endloop
  endfacet
  facet normal 0 1 0
    outer loop
      vertex -5.896584510803223 -17.200000762939453 -2.450000762939453
      vertex -5.896584510803223 -17.200000762939453 8.450000762939453
      vertex -5.693726539611816 -17.200000762939453 8.490351676940918
    endloop
  endfacet
  facet normal 0 1 0
    outer loop
      vertex -5.896584510803223 -17.200000762939453 -2.450000762939453
      vertex -5.693726539611816 -17.200000762939453 8.490351676940918
      vertex -5.502638816833496 -17.200000762939453 8.569502830505371
    endloop
  endfacet
  facet normal 0 1 0
    outer loop
      vertex -5.896584510803223 -17.200000762939453 -2.450000762939453
      vertex -5.502638816833496 -17.200000762939453 8.569502830505371
      vertex -5.33066463470459 -17.200000762939453 8.684412002563477
    endloop
  endfacet
  facet normal 0 1 0
    outer loop
      vertex -5.896584510803223 -17.200000762939453 -2.450000762939453
      vertex -5.33066463470459 -17.200000762939453 8.684412002563477
      vertex -5.693726539611816 -17.200000762939453 -2.490351676940918
    endloop
  endfacet
  facet normal -0.1950901113801327 0 0.9807853223013114
    outer loop
      vertex -5.896584510803223 -17.200000762939453 8.450000762939453
      vertex -5.693726539611816 -20.600000381469727 8.490351676940918
      vertex -5.693726539611816 -17.200000762939453 8.490351676940918
    endloop
  endfacet
  facet normal -0.19509103811811032 0 0.9807851379614182
    outer loop
      vertex -5.783319473266602 -31.60136604309082 -5.699999809265137
      vertex -5.358283996582031 -31.356109619140625 -5.61545467376709
      vertex -5.783319473266602 -21 -5.699999809265137
    endloop
  endfacet
  facet normal 0.49978970452999216 -0.8661467838847268 -0.0000034593996839023566
    outer loop
      vertex -5.783319473266602 -31.60136604309082 -5.699999809265137
      vertex 5.358283996582031 -25.172365188598633 -5.61545467376709
      vertex -5.358283996582031 -31.356109619140625 -5.61545467376709
    endloop
  endfacet
  facet normal 0.499789666590602 -0.86614680577774 0.0000032051569203902745
    outer loop
      vertex -5.783319473266602 -31.60136604309082 -5.699999809265137
      vertex 5.783319473266602 -24.927108764648438 -5.699999809265137
      vertex 5.358283996582031 -25.172365188598633 -5.61545467376709
    endloop
  endfacet
  facet normal 0.4997896665931623 -0.8661468057821771 1.6539522590553368e-7
    outer loop
      vertex -5.783319473266602 -31.60136604309082 -5.699999809265137
      vertex 8.973676681518555 -23.08618927001953 -11.899999618530273
      vertex 5.783319473266602 -24.927108764648438 -5.699999809265137
    endloop
  endfacet
  facet normal -0.19509103811811032 0 -0.9807851379614181
    outer loop
      vertex -5.783319473266602 -23.200000762939453 -1.3000001907348633
      vertex -5.783319473266602 -21 -1.3000001907348633
      vertex -5.358283996582031 -21 -1.3845453262329102
    endloop
  endfacet
  facet normal 0 -1 0
    outer loop
      vertex -5.783319473266602 -23.200000762939453 -1.3000001907348633
      vertex -5.358283996582031 -23.200000762939453 -1.3845453262329102
      vertex -5.783319473266602 -23.200000762939453 7.300000190734863
    endloop
  endfacet
  facet normal -0.19509103811811032 0 -0.9807851379614181
    outer loop
      vertex -5.783319473266602 -23.200000762939453 -1.3000001907348633
      vertex -5.358283996582031 -21 -1.3845453262329102
      vertex -5.358283996582031 -23.200000762939453 -1.3845453262329102
    endloop
  endfacet
  facet normal 0 -1 0
    outer loop
      vertex -5.783319473266602 -23.200000762939453 7.300000190734863
      vertex -5.358283996582031 -23.200000762939453 -1.3845453262329102
      vertex -5.358283996582031 -23.200000762939453 7.38454532623291
    endloop
  endfacet
  facet normal -0.19509103811811032 0 0.9807851379614181
    outer loop
      vertex -5.783319473266602 -23.200000762939453 7.300000190734863
      vertex -5.358283996582031 -23.200000762939453 7.38454532623291
      vertex -5.783319473266602 -21 7.300000190734863
    endloop
  endfacet
  facet normal -0.19509103811811032 0 -0.9807851379614181
    outer loop
      vertex -5.783319473266602 -23.200000762939453 11.699999809265137
      vertex -5.783319473266602 -21 11.699999809265137
      vertex -5.358283996582031 -21 11.61545467376709
    endloop
  endfacet
  facet normal -0.19509103811811032 0 -0.9807851379614181
    outer loop
      vertex -5.783319473266602 -23.200000762939453 11.699999809265137
      vertex -5.358283996582031 -21 11.61545467376709
      vertex -5.358283996582031 -23.200000762939453 11.61545467376709
    endloop
  endfacet
  facet normal -0.1950910381181103 0 0.9807851379614181
    outer loop
      vertex -5.783319473266602 -21 -5.699999809265137
      vertex -5.358283996582031 -31.356109619140625 -5.61545467376709
      vertex -5.358283996582031 -21 -5.61545467376709
    endloop
  endfacet
  facet normal 0 -1 0
    outer loop
      vertex -5.783319473266602 -21 -5.699999809265137
      vertex -5.358283996582031 -21 -5.61545467376709
      vertex -4.950000762939453 -21 -4.549999237060547
    endloop
  endfacet
  facet normal 0 -1 0
    outer loop
      vertex -5.783319473266602 -21 -1.3000001907348633
      vertex -4.950000762939453 -21 -2.450000762939453
      vertex -5.358283996582031 -21 -1.3845453262329102
    endloop
  endfacet
  facet normal -0.19509103811811032 0 0.9807851379614181
    outer loop
      vertex -5.783319473266602 -21 7.300000190734863
      vertex -5.358283996582031 -23.200000762939453 7.38454532623291
      vertex -5.358283996582031 -21 7.38454532623291
    endloop
  endfacet
  facet normal 0 -1 0
    outer loop
      vertex -5.783319473266602 -21 7.300000190734863
      vertex -5.358283996582031 -21 7.38454532623291
      vertex -4.950000762939453 -21 8.450000762939453
    endloop
  endfacet
  facet normal 0 -1 0
    outer loop
      vertex -5.783319473266602 -21 11.699999809265137
      vertex -4.950000762939453 -21 10.549999237060547
      vertex -5.358283996582031 -21 11.61545467376709
    endloop
  endfacet
  facet normal 0 -1 0
    outer loop
      vertex -5.693726539611816 -20.600000381469727 -4.509648323059082
      vertex -5.565075874328613 -20.600000381469727 -4.549999237060547
      vertex -5.502638816833496 -20.600000381469727 -4.430497169494629
    endloop
  endfacet
  facet normal -0.3826835445590396 0 0.9238794860390231
    outer loop
      vertex -5.693726539611816 -20.600000381469727 -4.509648323059082
      vertex -5.502638816833496 -20.600000381469727 -4.430497169494629
      vertex -5.693726539611816 -17.200000762939453 -4.509648323059082
    endloop
  endfacet
  facet normal -0.3826835445590396 0 -0.9238794860390231
    outer loop
      vertex -5.693726539611816 -20.600000381469727 -2.490351676940918
      vertex -5.693726539611816 -17.200000762939453 -2.490351676940918
      vertex -5.502638816833496 -17.200000762939453 -2.569502830505371
    endloop
  endfacet
  facet normal 0 -1 0
    outer loop
      vertex -5.693726539611816 -20.600000381469727 -2.490351676940918
      vertex -5.502638816833496 -20.600000381469727 -2.569502830505371
      vertex -5.565075874328613 -20.600000381469727 -2.450000762939453
    endloop
  endfacet
  facet normal -0.3826835445590396 0 -0.9238794860390231
    outer loop
      vertex -5.693726539611816 -20.600000381469727 -2.490351676940918
      vertex -5.502638816833496 -17.200000762939453 -2.569502830505371
      vertex -5.502638816833496 -20.600000381469727 -2.569502830505371
    endloop
  endfacet
  facet normal 0 -1 0
    outer loop
      vertex -5.693726539611816 -20.600000381469727 8.490351676940918
      vertex -5.565075874328613 -20.600000381469727 8.450000762939453
      vertex -5.502638816833496 -20.600000381469727 8.569502830505371
    endloop
  endfacet
  facet normal -0.3826835445590396 0 0.9238794860390231
    outer loop
      vertex -5.693726539611816 -20.600000381469727 8.490351676940918
      vertex -5.502638816833496 -20.600000381469727 8.569502830505371
      vertex -5.693726539611816 -17.200000762939453 8.490351676940918
    endloop
  endfacet
  facet normal -0.3826835445590396 0 -0.9238794860390231
    outer loop
      vertex -5.693726539611816 -20.600000381469727 10.509648323059082
      vertex -5.693726539611816 -17.200000762939453 10.509648323059082
      vertex -5.502638816833496 -17.200000762939453 10.430497169494629
    endloop
  endfacet
  facet normal 0 -1 0
    outer loop
      vertex -5.693726539611816 -20.600000381469727 10.509648323059082
      vertex -5.502638816833496 -20.600000381469727 10.430497169494629
      vertex -5.565075874328613 -20.600000381469727 10.549999237060547
    endloop
  endfacet
  facet normal -0.3826835445590396 0 -0.9238794860390231
    outer loop
      vertex -5.693726539611816 -20.600000381469727 10.509648323059082
      vertex -5.502638816833496 -17.200000762939453 10.430497169494629
      vertex -5.502638816833496 -20.600000381469727 10.430497169494629
    endloop
  endfacet
  facet normal -0.3826835445590396 0 0.9238794860390231
    outer loop
      vertex -5.693726539611816 -17.200000762939453 -4.509648323059082
      vertex -5.502638816833496 -20.600000381469727 -4.430497169494629
      vertex -5.502638816833496 -17.200000762939453 -4.430497169494629
    endloop
  endfacet
  facet normal 0 1 0
    outer loop
      vertex -5.693726539611816 -17.200000762939453 -2.490351676940918
      vertex -5.33066463470459 -17.200000762939453 8.684412002563477
      vertex -5.502638816833496 -17.200000762939453 -2.569502830505371
    endloop
  endfacet
  facet normal -0.3826835445590396 0 0.9238794860390231
    outer loop
      vertex -5.693726539611816 -17.200000762939453 8.490351676940918
      vertex -5.502638816833496 -20.600000381469727 8.569502830505371
      vertex -5.502638816833496 -17.200000762939453 8.569502830505371
    endloop
  endfacet
  facet normal -0.7071067811865476 0 0.7071067811865476
    outer loop
      vertex -5.565075874328613 -20.80000114440918 -4.549999237060547
      vertex -5.33066463470459 -20.600000381469727 -4.315587997436523
      vertex -5.565075874328613 -20.600000381469727 -4.549999237060547
    endloop
  endfacet
  facet normal -0.7071067811865476 0 0.7071067811865476
    outer loop
      vertex -5.565075874328613 -20.80000114440918 -4.549999237060547
      vertex -5.184412002563477 -20.600000381469727 -4.16933536529541
      vertex -5.33066463470459 -20.600000381469727 -4.315587997436523
    endloop
  endfacet
  facet normal 0 0 1
    outer loop
      vertex -5.565075874328613 -20.80000114440918 -4.549999237060547
      vertex -4.950000762939453 -21 -4.549999237060547
      vertex -4.950000762939453 -20.80000114440918 -4.549999237060547
    endloop
  endfacet
  facet normal 0 -1 0
    outer loop
      vertex -5.565075874328613 -20.80000114440918 -4.549999237060547
      vertex -4.950000762939453 -20.80000114440918 -4.549999237060547
      vertex -4.950000762939453 -20.80000114440918 -3.9349241256713867
    endloop
  endfacet
  facet normal -0.7071067811865476 0 0.7071067811865476
    outer loop
      vertex -5.565075874328613 -20.80000114440918 -4.549999237060547
      vertex -4.950000762939453 -20.80000114440918 -3.9349241256713867
      vertex -5.184412002563477 -20.600000381469727 -4.16933536529541
    endloop
  endfacet
  facet normal -0.7071067811865476 0 -0.7071067811865476
    outer loop
      vertex -5.565075874328613 -20.80000114440918 -2.450000762939453
      vertex -5.565075874328613 -20.600000381469727 -2.450000762939453
      vertex -5.33066463470459 -20.600000381469727 -2.6844120025634766
    endloop
  endfacet
  facet normal -0.7071067811865476 0 -0.7071067811865476
    outer loop
      vertex -5.565075874328613 -20.80000114440918 -2.450000762939453
      vertex -5.33066463470459 -20.600000381469727 -2.6844120025634766
      vertex -4.950000762939453 -20.80000114440918 -3.0650758743286133
    endloop
  endfacet
  facet normal 0 -1 0
    outer loop
      vertex -5.565075874328613 -20.80000114440918 -2.450000762939453
      vertex -4.950000762939453 -20.80000114440918 -3.0650758743286133
      vertex -4.950000762939453 -20.80000114440918 -2.450000762939453
    endloop
  endfacet
  facet normal 0 0 -1
    outer loop
      vertex -5.565075874328613 -20.80000114440918 -2.450000762939453
      vertex -4.950000762939453 -20.80000114440918 -2.450000762939453
      vertex -4.950000762939453 -21 -2.450000762939453
    endloop
  endfacet
  facet normal -0.7071067811865476 0 0.7071067811865476
    outer loop
      vertex -5.565075874328613 -20.80000114440918 8.450000762939453
      vertex -5.33066463470459 -20.600000381469727 8.684412002563477
      vertex -5.565075874328613 -20.600000381469727 8.450000762939453
    endloop
  endfacet
  facet normal -0.7071067811865476 0 0.7071067811865476
    outer loop
      vertex -5.565075874328613 -20.80000114440918 8.450000762939453
      vertex -5.184412002563477 -20.600000381469727 8.83066463470459
      vertex -5.33066463470459 -20.600000381469727 8.684412002563477
    endloop
  endfacet
  facet normal 0 0 1
    outer loop
      vertex -5.565075874328613 -20.80000114440918 8.450000762939453
      vertex -4.950000762939453 -21 8.450000762939453
      vertex -4.950000762939453 -20.80000114440918 8.450000762939453
    endloop
  endfacet
  facet normal 0 -1 0
    outer loop
      vertex -5.565075874328613 -20.80000114440918 8.450000762939453
      vertex -4.950000762939453 -20.80000114440918 8.450000762939453
      vertex -4.950000762939453 -20.80000114440918 9.065075874328613
    endloop
  endfacet
  facet normal -0.7071067811865476 0 0.7071067811865476
    outer loop
      vertex -5.565075874328613 -20.80000114440918 8.450000762939453
      vertex -4.950000762939453 -20.80000114440918 9.065075874328613
      vertex -5.184412002563477 -20.600000381469727 8.83066463470459
    endloop
  endfacet
  facet normal -0.7071067811865476 0 -0.7071067811865476
    outer loop
      vertex -5.565075874328613 -20.80000114440918 10.549999237060547
      vertex -5.565075874328613 -20.600000381469727 10.549999237060547
      vertex -5.33066463470459 -20.600000381469727 10.315587997436523
    endloop
  endfacet
  facet normal -0.7071067811865476 0 -0.7071067811865476
    outer loop
      vertex -5.565075874328613 -20.80000114440918 10.549999237060547
      vertex -5.33066463470459 -20.600000381469727 10.315587997436523
      vertex -4.950000762939453 -20.80000114440918 9.934924125671387
    endloop
  endfacet
  facet normal 0 -1 0
    outer loop
      vertex -5.565075874328613 -20.80000114440918 10.549999237060547
      vertex -4.950000762939453 -20.80000114440918 9.934924125671387
      vertex -4.950000762939453 -20.80000114440918 10.549999237060547
    endloop
  endfacet
  facet normal 0 0 -1
    outer loop
      vertex -5.565075874328613 -20.80000114440918 10.549999237060547
      vertex -4.950000762939453 -20.80000114440918 10.549999237060547
      vertex -4.950000762939453 -21 10.549999237060547
    endloop
  endfacet
  facet normal 0 -1 0
    outer loop
      vertex -5.565075874328613 -20.600000381469727 -4.549999237060547
      vertex -5.33066463470459 -20.600000381469727 -4.315587997436523
      vertex -5.502638816833496 -20.600000381469727 -4.430497169494629
    endloop
  endfacet
  facet normal 0 -1 0
    outer loop
      vertex -5.565075874328613 -20.600000381469727 -2.450000762939453
      vertex -5.502638816833496 -20.600000381469727 -2.569502830505371
      vertex -5.33066463470459 -20.600000381469727 -2.6844120025634766
    endloop
  endfacet
  facet normal 0 -1 0
    outer loop
      vertex -5.565075874328613 -20.600000381469727 8.450000762939453
      vertex -5.33066463470459 -20.600000381469727 8.684412002563477
      vertex -5.502638816833496 -20.600000381469727 8.569502830505371
    endloop
  endfacet
  facet normal 0 -1 0
    outer loop
      vertex -5.565075874328613 -20.600000381469727 10.549999237060547
      vertex -5.502638816833496 -20.600000381469727 10.430497169494629
      vertex -5.33066463470459 -20.600000381469727 10.315587997436523
    endloop
  endfacet
  facet normal -0.5555692211861513 0 0.8314702883871516
    outer loop
      vertex -5.502638816833496 -20.600000381469727 -4.430497169494629
      vertex -5.33066463470459 -20.600000381469727 -4.315587997436523
      vertex -5.502638816833496 -17.200000762939453 -4.430497169494629
    endloop
  endfacet
  facet normal -0.5555692211861513 0 -0.8314702883871516
    outer loop
      vertex -5.502638816833496 -20.600000381469727 -2.569502830505371
      vertex -5.502638816833496 -17.200000762939453 -2.569502830505371
      vertex -5.33066463470459 -17.200000762939453 -2.6844120025634766
    endloop
  endfacet
  facet normal -0.5555692211861513 0 -0.8314702883871516
    outer loop
      vertex -5.502638816833496 -20.600000381469727 -2.569502830505371
      vertex -5.33066463470459 -17.200000762939453 -2.6844120025634766
      vertex -5.33066463470459 -20.600000381469727 -2.6844120025634766
    endloop
  endfacet
  facet normal -0.5555692211861513 0 0.8314702883871516
    outer loop
      vertex -5.502638816833496 -20.600000381469727 8.569502830505371
      vertex -5.33066463470459 -20.600000381469727 8.684412002563477
      vertex -5.502638816833496 -17.200000762939453 8.569502830505371
    endloop
  endfacet
  facet normal -0.5555692211861513 0 -0.8314702883871516
    outer loop
      vertex -5.502638816833496 -20.600000381469727 10.430497169494629
      vertex -5.502638816833496 -17.200000762939453 10.430497169494629
      vertex -5.33066463470459 -17.200000762939453 10.315587997436523
    endloop
  endfacet
  facet normal -0.5555692211861513 0 -0.8314702883871516
    outer loop
      vertex -5.502638816833496 -20.600000381469727 10.430497169494629
      vertex -5.33066463470459 -17.200000762939453 10.315587997436523
      vertex -5.33066463470459 -20.600000381469727 10.315587997436523
    endloop
  endfacet
  facet normal -0.5555692211861513 0 0.8314702883871516
    outer loop
      vertex -5.502638816833496 -17.200000762939453 -4.430497169494629
      vertex -5.33066463470459 -20.600000381469727 -4.315587997436523
      vertex -5.33066463470459 -17.200000762939453 -4.315587997436523
    endloop
  endfacet
  facet normal 0 1 0
    outer loop
      vertex -5.502638816833496 -17.200000762939453 -2.569502830505371
      vertex -5.33066463470459 -17.200000762939453 8.684412002563477
      vertex -5.33066463470459 -17.200000762939453 -2.6844120025634766
    endloop
  endfacet
  facet normal -0.5555692211861513 0 0.8314702883871516
    outer loop
      vertex -5.502638816833496 -17.200000762939453 8.569502830505371
      vertex -5.33066463470459 -20.600000381469727 8.684412002563477
      vertex -5.33066463470459 -17.200000762939453 8.684412002563477
    endloop
  endfacet
  facet normal -0.38268271784220526 0 0.9238798284760324
    outer loop
      vertex -5.358283996582031 -31.356109619140625 -5.61545467376709
      vertex -4.95790958404541 -31.125083923339844 -5.449614524841309
      vertex -5.358283996582031 -21 -5.61545467376709
    endloop
  endfacet
  facet normal 0.4997897075389316 -0.8661467821403203 -0.0000051105729203438715
    outer loop
      vertex -5.358283996582031 -31.356109619140625 -5.61545467376709
      vertex 4.95790958404541 -25.403392791748047 -5.449614524841309
      vertex -4.95790958404541 -31.125083923339844 -5.449614524841309
    endloop
  endfacet
  facet normal 0.49978970452707844 -0.8661467838796773 -0.000004860785642920606
    outer loop
      vertex -5.358283996582031 -31.356109619140625 -5.61545467376709
      vertex 5.358283996582031 -25.172365188598633 -5.61545467376709
      vertex 4.95790958404541 -25.403392791748047 -5.449614524841309
    endloop
  endfacet
  facet normal -0.38268271784220526 0 -0.9238798284760324
    outer loop
      vertex -5.358283996582031 -23.200000762939453 -1.3845453262329102
      vertex -5.358283996582031 -21 -1.3845453262329102
      vertex -4.95790958404541 -21 -1.5503854751586914
    endloop
  endfacet
  facet normal 0 -1 0
    outer loop
      vertex -5.358283996582031 -23.200000762939453 -1.3845453262329102
      vertex -4.95790958404541 -23.200000762939453 -1.5503854751586914
      vertex -4.95790958404541 -23.200000762939453 7.550385475158691
    endloop
  endfacet
  facet normal 0 -1 0
    outer loop
      vertex -5.358283996582031 -23.200000762939453 -1.3845453262329102
      vertex -4.95790958404541 -23.200000762939453 7.550385475158691
      vertex -5.358283996582031 -23.200000762939453 7.38454532623291
    endloop
  endfacet
  facet normal -0.38268271784220526 0 -0.9238798284760324
    outer loop
      vertex -5.358283996582031 -23.200000762939453 -1.3845453262329102
      vertex -4.95790958404541 -21 -1.5503854751586914
      vertex -4.95790958404541 -23.200000762939453 -1.5503854751586914
    endloop
  endfacet
  facet normal -0.38268271784220526 0 0.9238798284760324
    outer loop
      vertex -5.358283996582031 -23.200000762939453 7.38454532623291
      vertex -4.95790958404541 -23.200000762939453 7.550385475158691
      vertex -5.358283996582031 -21 7.38454532623291
    endloop
  endfacet
  facet normal -0.38268271784220526 0 -0.9238798284760324
    outer loop
      vertex -5.358283996582031 -23.200000762939453 11.61545467376709
      vertex -5.358283996582031 -21 11.61545467376709
      vertex -4.95790958404541 -21 11.449614524841309
    endloop
  endfacet
  facet normal -0.38268271784220526 0 -0.9238798284760324
    outer loop
      vertex -5.358283996582031 -23.200000762939453 11.61545467376709
      vertex -4.95790958404541 -21 11.449614524841309
      vertex -4.95790958404541 -23.200000762939453 11.449614524841309
    endloop
  endfacet
  facet normal -0.3826827178422052 0 0.9238798284760323
    outer loop
      vertex -5.358283996582031 -21 -5.61545467376709
      vertex -4.95790958404541 -31.125083923339844 -5.449614524841309
      vertex -4.95790958404541 -21 -5.449614524841309
    endloop
  endfacet
  facet normal 0 -1 0
    outer loop
      vertex -5.358283996582031 -21 -5.61545467376709
      vertex -4.95790958404541 -21 -5.449614524841309
      vertex -4.950000762939453 -21 -4.549999237060547
    endloop
  endfacet
  facet normal 0 -1 0
    outer loop
      vertex -5.358283996582031 -21 -1.3845453262329102
      vertex -4.950000762939453 -21 -2.450000762939453
      vertex -4.95790958404541 -21 -1.5503854751586914
    endloop
  endfacet
  facet normal -0.38268271784220526 0 0.9238798284760324
    outer loop
      vertex -5.358283996582031 -21 7.38454532623291
      vertex -4.95790958404541 -23.200000762939453 7.550385475158691
      vertex -4.95790958404541 -21 7.550385475158691
    endloop
  endfacet
  facet normal 0 -1 0
    outer loop
      vertex -5.358283996582031 -21 7.38454532623291
      vertex -4.95790958404541 -21 7.550385475158691
      vertex -4.950000762939453 -21 8.450000762939453
    endloop
  endfacet
  facet normal 0 -1 0
    outer loop
      vertex -5.358283996582031 -21 11.61545467376709
      vertex -4.950000762939453 -21 10.549999237060547
      vertex -4.95790958404541 -21 11.449614524841309
    endloop
  endfacet
  facet normal -0.7071067811865475 0 0.7071067811865475
    outer loop
      vertex -5.33066463470459 -20.600000381469727 -4.315587997436523
      vertex -5.184412002563477 -20.600000381469727 -4.16933536529541
      vertex -5.184412002563477 -17.200000762939453 -4.16933536529541
    endloop
  endfacet
  facet normal -0.7071067811865475 0 0.7071067811865475
    outer loop
      vertex -5.33066463470459 -20.600000381469727 -4.315587997436523
      vertex -5.184412002563477 -17.200000762939453 -4.16933536529541
      vertex -5.33066463470459 -17.200000762939453 -4.315587997436523
    endloop
  endfacet
  facet normal -0.7071067811865475 0 -0.7071067811865475
    outer loop
      vertex -5.33066463470459 -20.600000381469727 -2.6844120025634766
      vertex -5.33066463470459 -17.200000762939453 -2.6844120025634766
      vertex -5.184412002563477 -20.600000381469727 -2.83066463470459
    endloop
  endfacet
  facet normal -0.7071067811865476 0 -0.7071067811865476
    outer loop
      vertex -5.33066463470459 -20.600000381469727 -2.6844120025634766
      vertex -5.184412002563477 -20.600000381469727 -2.83066463470459
      vertex -4.950000762939453 -20.80000114440918 -3.0650758743286133
    endloop
  endfacet
  facet normal -0.7071067811865475 0 0.7071067811865475
    outer loop
      vertex -5.33066463470459 -20.600000381469727 8.684412002563477
      vertex -5.184412002563477 -20.600000381469727 8.83066463470459
      vertex -5.184412002563477 -17.200000762939453 8.83066463470459
    endloop
  endfacet
  facet normal -0.7071067811865475 0 0.7071067811865475
    outer loop
      vertex -5.33066463470459 -20.600000381469727 8.684412002563477
      vertex -5.184412002563477 -17.200000762939453 8.83066463470459
      vertex -5.33066463470459 -17.200000762939453 8.684412002563477
    endloop
  endfacet
  facet normal -0.7071067811865475 0 -0.7071067811865475
    outer loop
      vertex -5.33066463470459 -20.600000381469727 10.315587997436523
      vertex -5.33066463470459 -17.200000762939453 10.315587997436523
      vertex -5.184412002563477 -20.600000381469727 10.16933536529541
    endloop
  endfacet
  facet normal -0.7071067811865476 0 -0.7071067811865476
    outer loop
      vertex -5.33066463470459 -20.600000381469727 10.315587997436523
      vertex -5.184412002563477 -20.600000381469727 10.16933536529541
      vertex -4.950000762939453 -20.80000114440918 9.934924125671387
    endloop
  endfacet
  facet normal 0 1 0
    outer loop
      vertex -5.33066463470459 -17.200000762939453 -4.315587997436523
      vertex -5.184412002563477 -17.200000762939453 -4.16933536529541
      vertex 5.33066463470459 -17.200000762939453 -4.315587997436523
    endloop
  endfacet
  facet normal 0 1 0
    outer loop
      vertex -5.33066463470459 -17.200000762939453 -4.315587997436523
      vertex 5.33066463470459 -17.200000762939453 -4.315587997436523
      vertex 8.54924488067627 -17.200000762939453 -11.899999618530273
    endloop
  endfacet
  facet normal 0 1 0
    outer loop
      vertex -5.33066463470459 -17.200000762939453 -2.6844120025634766
      vertex -5.33066463470459 -17.200000762939453 8.684412002563477
      vertex 5.33066463470459 -17.200000762939453 -2.6844120025634766
    endloop
  endfacet
  facet normal -0.7071067811865475 0 -0.7071067811865475
    outer loop
      vertex -5.33066463470459 -17.200000762939453 -2.6844120025634766
      vertex -5.184412002563477 -17.200000762939453 -2.83066463470459
      vertex -5.184412002563477 -20.600000381469727 -2.83066463470459
    endloop
  endfacet
  facet normal 0 1 0
    outer loop
      vertex -5.33066463470459 -17.200000762939453 -2.6844120025634766
      vertex 5.184412002563477 -17.200000762939453 -2.83066463470459
      vertex -5.184412002563477 -17.200000762939453 -2.83066463470459
    endloop
  endfacet
  facet normal 0 1 0
    outer loop
      vertex -5.33066463470459 -17.200000762939453 -2.6844120025634766
      vertex 5.33066463470459 -17.200000762939453 -2.6844120025634766
      vertex 5.184412002563477 -17.200000762939453 -2.83066463470459
    endloop
  endfacet
  facet normal 0 1 0
    outer loop
      vertex -5.33066463470459 -17.200000762939453 8.684412002563477
      vertex -5.184412002563477 -17.200000762939453 8.83066463470459
      vertex 5.33066463470459 -17.200000762939453 8.684412002563477
    endloop
  endfacet
  facet normal 0 1 0
    outer loop
      vertex -5.33066463470459 -17.200000762939453 8.684412002563477
      vertex 5.33066463470459 -17.200000762939453 8.684412002563477
      vertex 5.33066463470459 -17.200000762939453 -2.6844120025634766
    endloop
  endfacet
  facet normal -0.7071067811865475 0 -0.7071067811865475
    outer loop
      vertex -5.33066463470459 -17.200000762939453 10.315587997436523
      vertex -5.184412002563477 -17.200000762939453 10.16933536529541
      vertex -5.184412002563477 -20.600000381469727 10.16933536529541
    endloop
  endfacet
  facet normal 0 1 0
    outer loop
      vertex -5.33066463470459 -17.200000762939453 10.315587997436523
      vertex 5.184412002563477 -17.200000762939453 10.16933536529541
      vertex -5.184412002563477 -17.200000762939453 10.16933536529541
    endloop
  endfacet
  facet normal 0 1 0
    outer loop
      vertex -5.33066463470459 -17.200000762939453 10.315587997436523
      vertex 5.33066463470459 -17.200000762939453 10.315587997436523
      vertex 5.184412002563477 -17.200000762939453 10.16933536529541
    endloop
  endfacet
  facet normal -0.8314702883871516 0 0.5555692211861513
    outer loop
      vertex -5.184412002563477 -20.600000381469727 -4.16933536529541
      vertex -5.069502830505371 -20.600000381469727 -3.997361183166504
      vertex -5.069502830505371 -17.200000762939453 -3.997361183166504
    endloop
  endfacet
  facet normal -0.8314702883871516 0 0.5555692211861513
    outer loop
      vertex -5.184412002563477 -20.600000381469727 -4.16933536529541
      vertex -5.069502830505371 -17.200000762939453 -3.997361183166504
      vertex -5.184412002563477 -17.200000762939453 -4.16933536529541
    endloop
  endfacet
  facet normal -0.7071067811865476 0 0.7071067811865476
    outer loop
      vertex -5.184412002563477 -20.600000381469727 -4.16933536529541
      vertex -4.950000762939453 -20.80000114440918 -3.9349241256713867
      vertex -4.950000762939453 -20.600000381469727 -3.9349241256713867
    endloop
  endfacet
  facet normal 0 -1 0
    outer loop
      vertex -5.184412002563477 -20.600000381469727 -4.16933536529541
      vertex -4.950000762939453 -20.600000381469727 -3.9349241256713867
      vertex -5.069502830505371 -20.600000381469727 -3.997361183166504
    endloop
  endfacet
  facet normal -0.8314702883871516 0 -0.5555692211861513
    outer loop
      vertex -5.184412002563477 -20.600000381469727 -2.83066463470459
      vertex -5.184412002563477 -17.200000762939453 -2.83066463470459
      vertex -5.069502830505371 -20.600000381469727 -3.002638816833496
    endloop
  endfacet
  facet normal 0 -1 0
    outer loop
      vertex -5.184412002563477 -20.600000381469727 -2.83066463470459
      vertex -5.069502830505371 -20.600000381469727 -3.002638816833496
      vertex -4.950000762939453 -20.600000381469727 -3.0650758743286133
    endloop
  endfacet
  facet normal -0.7071067811865476 0 -0.7071067811865476
    outer loop
      vertex -5.184412002563477 -20.600000381469727 -2.83066463470459
      vertex -4.950000762939453 -20.600000381469727 -3.0650758743286133
      vertex -4.950000762939453 -20.80000114440918 -3.0650758743286133
    endloop
  endfacet
  facet normal -0.8314702883871516 0 0.5555692211861513
    outer loop
      vertex -5.184412002563477 -20.600000381469727 8.83066463470459
      vertex -5.069502830505371 -20.600000381469727 9.002638816833496
      vertex -5.069502830505371 -17.200000762939453 9.002638816833496
    endloop
  endfacet
  facet normal -0.8314702883871516 0 0.5555692211861513
    outer loop
      vertex -5.184412002563477 -20.600000381469727 8.83066463470459
      vertex -5.069502830505371 -17.200000762939453 9.002638816833496
      vertex -5.184412002563477 -17.200000762939453 8.83066463470459
    endloop
  endfacet
  facet normal -0.7071067811865476 0 0.7071067811865476
    outer loop
      vertex -5.184412002563477 -20.600000381469727 8.83066463470459
      vertex -4.950000762939453 -20.80000114440918 9.065075874328613
      vertex -4.950000762939453 -20.600000381469727 9.065075874328613
    endloop
  endfacet
  facet normal 0 -1 0
    outer loop
      vertex -5.184412002563477 -20.600000381469727 8.83066463470459
      vertex -4.950000762939453 -20.600000381469727 9.065075874328613
      vertex -5.069502830505371 -20.600000381469727 9.002638816833496
    endloop
  endfacet
  facet normal -0.8314702883871516 0 -0.5555692211861513
    outer loop
      vertex -5.184412002563477 -20.600000381469727 10.16933536529541
      vertex -5.184412002563477 -17.200000762939453 10.16933536529541
      vertex -5.069502830505371 -20.600000381469727 9.997361183166504
    endloop
  endfacet
  facet normal 0 -1 0
    outer loop
      vertex -5.184412002563477 -20.600000381469727 10.16933536529541
      vertex -5.069502830505371 -20.600000381469727 9.997361183166504
      vertex -4.950000762939453 -20.600000381469727 9.934924125671387
    endloop
  endfacet
  facet normal -0.7071067811865476 0 -0.7071067811865476
    outer loop
      vertex -5.184412002563477 -20.600000381469727 10.16933536529541
      vertex -4.950000762939453 -20.600000381469727 9.934924125671387
      vertex -4.950000762939453 -20.80000114440918 9.934924125671387
    endloop
  endfacet
  facet normal 0 1 0
    outer loop
      vertex -5.184412002563477 -17.200000762939453 -4.16933536529541
      vertex -5.069502830505371 -17.200000762939453 -3.997361183166504
      vertex 5.184412002563477 -17.200000762939453 -4.16933536529541
    endloop
  endfacet
  facet normal 0 1 0
    outer loop
      vertex -5.184412002563477 -17.200000762939453 -4.16933536529541
      vertex 5.184412002563477 -17.200000762939453 -4.16933536529541
      vertex 5.33066463470459 -17.200000762939453 -4.315587997436523
    endloop
  endfacet
  facet normal -0.8314702883871516 0 -0.5555692211861513
    outer loop
      vertex -5.184412002563477 -17.200000762939453 -2.83066463470459
      vertex -5.069502830505371 -17.200000762939453 -3.002638816833496
      vertex -5.069502830505371 -20.600000381469727 -3.002638816833496
    endloop
  endfacet
  facet normal 0 1 0
    outer loop
      vertex -5.184412002563477 -17.200000762939453 -2.83066463470459
      vertex 5.069502830505371 -17.200000762939453 -3.002638816833496
      vertex -5.069502830505371 -17.200000762939453 -3.002638816833496
    endloop
  endfacet
  facet normal 0 1 0
    outer loop
      vertex -5.184412002563477 -17.200000762939453 -2.83066463470459
      vertex 5.184412002563477 -17.200000762939453 -2.83066463470459
      vertex 5.069502830505371 -17.200000762939453 -3.002638816833496
    endloop
  endfacet
  facet normal 0 1 0
    outer loop
      vertex -5.184412002563477 -17.200000762939453 8.83066463470459
      vertex -5.069502830505371 -17.200000762939453 9.002638816833496
      vertex 5.184412002563477 -17.200000762939453 8.83066463470459
    endloop
  endfacet
  facet normal 0 1 0
    outer loop
      vertex -5.184412002563477 -17.200000762939453 8.83066463470459
      vertex 5.184412002563477 -17.200000762939453 8.83066463470459
      vertex 5.33066463470459 -17.200000762939453 8.684412002563477
    endloop
  endfacet
  facet normal -0.8314702883871516 0 -0.5555692211861513
    outer loop
      vertex -5.184412002563477 -17.200000762939453 10.16933536529541
      vertex -5.069502830505371 -17.200000762939453 9.997361183166504
      vertex -5.069502830505371 -20.600000381469727 9.997361183166504
    endloop
  endfacet
  facet normal 0 1 0
    outer loop
      vertex -5.184412002563477 -17.200000762939453 10.16933536529541
      vertex 5.069502830505371 -17.200000762939453 9.997361183166504
      vertex -5.069502830505371 -17.200000762939453 9.997361183166504
    endloop
  endfacet
  facet normal 0 1 0
    outer loop
      vertex -5.184412002563477 -17.200000762939453 10.16933536529541
      vertex 5.184412002563477 -17.200000762939453 10.16933536529541
      vertex 5.069502830505371 -17.200000762939453 9.997361183166504
    endloop
  endfacet
  facet normal -0.9238794860390231 0 0.3826835445590396
    outer loop
      vertex -5.069502830505371 -20.600000381469727 -3.997361183166504
      vertex -4.990351676940918 -20.600000381469727 -3.8062734603881836
      vertex -4.990351676940918 -17.200000762939453 -3.8062734603881836
    endloop
  endfacet
  facet normal -0.9238794860390231 0 0.3826835445590396
    outer loop
      vertex -5.069502830505371 -20.600000381469727 -3.997361183166504
      vertex -4.990351676940918 -17.200000762939453 -3.8062734603881836
      vertex -5.069502830505371 -17.200000762939453 -3.997361183166504
    endloop
  endfacet
  facet normal 0 -1 0
    outer loop
      vertex -5.069502830505371 -20.600000381469727 -3.997361183166504
      vertex -4.950000762939453 -20.600000381469727 -3.9349241256713867
      vertex -4.990351676940918 -20.600000381469727 -3.8062734603881836
    endloop
  endfacet
  facet normal -0.9238794860390231 0 -0.3826835445590396
    outer loop
      vertex -5.069502830505371 -20.600000381469727 -3.002638816833496
      vertex -5.069502830505371 -17.200000762939453 -3.002638816833496
      vertex -4.990351676940918 -20.600000381469727 -3.1937265396118164
    endloop
  endfacet
  facet normal 0 -1 0
    outer loop
      vertex -5.069502830505371 -20.600000381469727 -3.002638816833496
      vertex -4.990351676940918 -20.600000381469727 -3.1937265396118164
      vertex -4.950000762939453 -20.600000381469727 -3.0650758743286133
    endloop
  endfacet
  facet normal -0.9238794860390231 0 0.3826835445590396
    outer loop
      vertex -5.069502830505371 -20.600000381469727 9.002638816833496
      vertex -4.990351676940918 -20.600000381469727 9.193726539611816
      vertex -4.990351676940918 -17.200000762939453 9.193726539611816
    endloop
  endfacet
  facet normal -0.9238794860390231 0 0.3826835445590396
    outer loop
      vertex -5.069502830505371 -20.600000381469727 9.002638816833496
      vertex -4.990351676940918 -17.200000762939453 9.193726539611816
      vertex -5.069502830505371 -17.200000762939453 9.002638816833496
    endloop
  endfacet
  facet normal 0 -1 0
    outer loop
      vertex -5.069502830505371 -20.600000381469727 9.002638816833496
      vertex -4.950000762939453 -20.600000381469727 9.065075874328613
      vertex -4.990351676940918 -20.600000381469727 9.193726539611816
    endloop
  endfacet
  facet normal -0.9238794860390231 0 -0.3826835445590396
    outer loop
      vertex -5.069502830505371 -20.600000381469727 9.997361183166504
      vertex -5.069502830505371 -17.200000762939453 9.997361183166504
      vertex -4.990351676940918 -20.600000381469727 9.806273460388184
    endloop
  endfacet
  facet normal 0 -1 0
    outer loop
      vertex -5.069502830505371 -20.600000381469727 9.997361183166504
      vertex -4.990351676940918 -20.600000381469727 9.806273460388184
      vertex -4.950000762939453 -20.600000381469727 9.934924125671387
    endloop
  endfacet
  facet normal 0 1 0
    outer loop
      vertex -5.069502830505371 -17.200000762939453 -3.997361183166504
      vertex -4.990351676940918 -17.200000762939453 -3.8062734603881836
      vertex 5.069502830505371 -17.200000762939453 -3.997361183166504
    endloop
  endfacet
  facet normal 0 1 0
    outer loop
      vertex -5.069502830505371 -17.200000762939453 -3.997361183166504
      vertex 5.069502830505371 -17.200000762939453 -3.997361183166504
      vertex 5.184412002563477 -17.200000762939453 -4.16933536529541
    endloop
  endfacet
  facet normal -0.9238794860390231 0 -0.3826835445590396
    outer loop
      vertex -5.069502830505371 -17.200000762939453 -3.002638816833496
      vertex -4.990351676940918 -17.200000762939453 -3.1937265396118164
      vertex -4.990351676940918 -20.600000381469727 -3.1937265396118164
    endloop
  endfacet
  facet normal 0 1 0
    outer loop
      vertex -5.069502830505371 -17.200000762939453 -3.002638816833496
      vertex 4.990351676940918 -17.200000762939453 -3.1937265396118164
      vertex -4.990351676940918 -17.200000762939453 -3.1937265396118164
    endloop
  endfacet
  facet normal 0 1 0
    outer loop
      vertex -5.069502830505371 -17.200000762939453 -3.002638816833496
      vertex 5.069502830505371 -17.200000762939453 -3.002638816833496
      vertex 4.990351676940918 -17.200000762939453 -3.1937265396118164
    endloop
  endfacet
  facet normal 0 1 0
    outer loop
      vertex -5.069502830505371 -17.200000762939453 9.002638816833496
      vertex -4.990351676940918 -17.200000762939453 9.193726539611816
      vertex 5.069502830505371 -17.200000762939453 9.002638816833496
    endloop
  endfacet
  facet normal 0 1 0
    outer loop
      vertex -5.069502830505371 -17.200000762939453 9.002638816833496
      vertex 5.069502830505371 -17.200000762939453 9.002638816833496
      vertex 5.184412002563477 -17.200000762939453 8.83066463470459
    endloop
  endfacet
  facet normal -0.9238794860390231 0 -0.3826835445590396
    outer loop
      vertex -5.069502830505371 -17.200000762939453 9.997361183166504
      vertex -4.990351676940918 -17.200000762939453 9.806273460388184
      vertex -4.990351676940918 -20.600000381469727 9.806273460388184
    endloop
  endfacet
  facet normal 0 1 0
    outer loop
      vertex -5.069502830505371 -17.200000762939453 9.997361183166504
      vertex 4.990351676940918 -17.200000762939453 9.806273460388184
      vertex -4.990351676940918 -17.200000762939453 9.806273460388184
    endloop
  endfacet
  facet normal 0 1 0
    outer loop
      vertex -5.069502830505371 -17.200000762939453 9.997361183166504
      vertex 5.069502830505371 -17.200000762939453 9.997361183166504
      vertex 4.990351676940918 -17.200000762939453 9.806273460388184
    endloop
  endfacet
  facet normal 0 -1 0
    outer loop
      vertex -4.990351676940918 -20.600000381469727 -3.8062734603881836
      vertex -4.950000762939453 -20.600000381469727 -3.9349241256713867
      vertex -4.950000762939453 -20.600000381469727 -3.6034154891967773
    endloop
  endfacet
  facet normal -0.9807853223013114 0 0.1950901113801327
    outer loop
      vertex -4.990351676940918 -20.600000381469727 -3.8062734603881836
      vertex -4.950000762939453 -20.600000381469727 -3.6034154891967773
      vertex -4.950000762939453 -17.200000762939453 -3.6034154891967773
    endloop
  endfacet
  facet normal -0.9807853223013114 0 0.1950901113801327
    outer loop
      vertex -4.990351676940918 -20.600000381469727 -3.8062734603881836
      vertex -4.950000762939453 -17.200000762939453 -3.6034154891967773
      vertex -4.990351676940918 -17.200000762939453 -3.8062734603881836
    endloop
  endfacet
  facet normal -0.9807853223013114 0 -0.1950901113801327
    outer loop
      vertex -4.990351676940918 -20.600000381469727 -3.1937265396118164
      vertex -4.990351676940918 -17.200000762939453 -3.1937265396118164
      vertex -4.950000762939453 -20.600000381469727 -3.3965845108032227
    endloop
  endfacet
  facet normal 0 -1 0
    outer loop
      vertex -4.990351676940918 -20.600000381469727 -3.1937265396118164
      vertex -4.950000762939453 -20.600000381469727 -3.3965845108032227
      vertex -4.950000762939453 -20.600000381469727 -3.0650758743286133
    endloop
  endfacet
  facet normal 0 -1 0
    outer loop
      vertex -4.990351676940918 -20.600000381469727 9.193726539611816
      vertex -4.950000762939453 -20.600000381469727 9.065075874328613
      vertex -4.950000762939453 -20.600000381469727 9.396584510803223
    endloop
  endfacet
  facet normal -0.9807853223013114 0 0.1950901113801327
    outer loop
      vertex -4.990351676940918 -20.600000381469727 9.193726539611816
      vertex -4.950000762939453 -20.600000381469727 9.396584510803223
      vertex -4.950000762939453 -17.200000762939453 9.396584510803223
    endloop
  endfacet
  facet normal -0.9807853223013114 0 0.1950901113801327
    outer loop
      vertex -4.990351676940918 -20.600000381469727 9.193726539611816
      vertex -4.950000762939453 -17.200000762939453 9.396584510803223
      vertex -4.990351676940918 -17.200000762939453 9.193726539611816
    endloop
  endfacet
  facet normal -0.9807853223013114 0 -0.1950901113801327
    outer loop
      vertex -4.990351676940918 -20.600000381469727 9.806273460388184
      vertex -4.990351676940918 -17.200000762939453 9.806273460388184
      vertex -4.950000762939453 -20.600000381469727 9.603415489196777
    endloop
  endfacet
  facet normal 0 -1 0
    outer loop
      vertex -4.990351676940918 -20.600000381469727 9.806273460388184
      vertex -4.950000762939453 -20.600000381469727 9.603415489196777
      vertex -4.950000762939453 -20.600000381469727 9.934924125671387
    endloop
  endfacet
  facet normal 0 1 0
    outer loop
      vertex -4.990351676940918 -17.200000762939453 -3.8062734603881836
      vertex -4.950000762939453 -17.200000762939453 -3.6034154891967773
      vertex 4.990351676940918 -17.200000762939453 -3.8062734603881836
    endloop
  endfacet
  facet normal 0 1 0
    outer loop
      vertex -4.990351676940918 -17.200000762939453 -3.8062734603881836
      vertex 4.990351676940918 -17.200000762939453 -3.8062734603881836
      vertex 5.069502830505371 -17.200000762939453 -3.997361183166504
    endloop
  endfacet
  facet normal -0.9807853223013114 0 -0.1950901113801327
    outer loop
      vertex -4.990351676940918 -17.200000762939453 -3.1937265396118164
      vertex -4.950000762939453 -17.200000762939453 -3.3965845108032227
      vertex -4.950000762939453 -20.600000381469727 -3.3965845108032227
    endloop
  endfacet
  facet normal 0 1 0
    outer loop
      vertex -4.990351676940918 -17.200000762939453 -3.1937265396118164
      vertex 4.950000762939453 -17.200000762939453 -3.3965845108032227
      vertex -4.950000762939453 -17.200000762939453 -3.3965845108032227
    endloop
  endfacet
  facet normal 0 1 0
    outer loop
      vertex -4.990351676940918 -17.200000762939453 -3.1937265396118164
      vertex 4.990351676940918 -17.200000762939453 -3.1937265396118164
      vertex 4.950000762939453 -17.200000762939453 -3.3965845108032227
    endloop
  endfacet
  facet normal 0 1 0
    outer loop
      vertex -4.990351676940918 -17.200000762939453 9.193726539611816
      vertex -4.950000762939453 -17.200000762939453 9.396584510803223
      vertex 4.990351676940918 -17.200000762939453 9.193726539611816
    endloop
  endfacet
  facet normal 0 1 0
    outer loop
      vertex -4.990351676940918 -17.200000762939453 9.193726539611816
      vertex 4.990351676940918 -17.200000762939453 9.193726539611816
      vertex 5.069502830505371 -17.200000762939453 9.002638816833496
    endloop
  endfacet
  facet normal -0.9807853223013114 0 -0.1950901113801327
    outer loop
      vertex -4.990351676940918 -17.200000762939453 9.806273460388184
      vertex -4.950000762939453 -17.200000762939453 9.603415489196777
      vertex -4.950000762939453 -20.600000381469727 9.603415489196777
    endloop
  endfacet
  facet normal 0 1 0
    outer loop
      vertex -4.990351676940918 -17.200000762939453 9.806273460388184
      vertex 4.950000762939453 -17.200000762939453 9.603415489196777
      vertex -4.950000762939453 -17.200000762939453 9.603415489196777
    endloop
  endfacet
  facet normal 0 1 0
    outer loop
      vertex -4.990351676940918 -17.200000762939453 9.806273460388184
      vertex 4.990351676940918 -17.200000762939453 9.806273460388184
      vertex 4.950000762939453 -17.200000762939453 9.603415489196777
    endloop
  endfacet
  facet normal -0.5555559923976776 0 0.8314791274055118
    outer loop
      vertex -4.95790958404541 -31.125083923339844 -5.449614524841309
      vertex -4.950000762939453 -21.200000762939453 -5.444330215454102
      vertex -4.95790958404541 -21 -5.449614524841309
    endloop
  endfacet
  facet normal -0.5555708439267848 1.7117827942363203e-8 0.8314692041070914
    outer loop
      vertex -4.95790958404541 -31.125083923339844 -5.449614524841309
      vertex -4.59758186340332 -30.917163848876953 -5.208850860595703
      vertex -4.950000762939453 -21.200000762939453 -5.444330215454102
    endloop
  endfacet
  facet normal 0.4997896436886075 -0.8661468189832175 0.000005183456366459289
    outer loop
      vertex -4.95790958404541 -31.125083923339844 -5.449614524841309
      vertex 4.59758186340332 -25.611310958862305 -5.208850860595703
      vertex -4.59758186340332 -30.917163848876953 -5.208850860595703
    endloop
  endfacet
  facet normal 0.4997897075446436 -0.8661467821502193 0.0000018056019936217174
    outer loop
      vertex -4.95790958404541 -31.125083923339844 -5.449614524841309
      vertex 4.95790958404541 -25.403392791748047 -5.449614524841309
      vertex 4.59758186340332 -25.611310958862305 -5.208850860595703
    endloop
  endfacet
  facet normal -0.5555733213906869 0 -0.831467548710664
    outer loop
      vertex -4.95790958404541 -23.200000762939453 -1.5503854751586914
      vertex -4.95790958404541 -21 -1.5503854751586914
      vertex -4.950000762939453 -21.200000762939453 -1.5556700229644775
    endloop
  endfacet
  facet normal -0.5555708370980579 -1.4209979979407264e-8 -0.831469208669908
    outer loop
      vertex -4.95790958404541 -23.200000762939453 -1.5503854751586914
      vertex -4.950000762939453 -21.200000762939453 -1.5556700229644775
      vertex -4.59758186340332 -23.200000762939453 -1.7911491394042969
    endloop
  endfacet
  facet normal 0 -1 0
    outer loop
      vertex -4.95790958404541 -23.200000762939453 -1.5503854751586914
      vertex -4.59758186340332 -23.200000762939453 -1.7911491394042969
      vertex -4.59758186340332 -23.200000762939453 7.791149139404297
    endloop
  endfacet
  facet normal 0 -1 0
    outer loop
      vertex -4.95790958404541 -23.200000762939453 -1.5503854751586914
      vertex -4.59758186340332 -23.200000762939453 7.791149139404297
      vertex -4.95790958404541 -23.200000762939453 7.550385475158691
    endloop
  endfacet
  facet normal -0.5555559923976777 0 0.831479127405512
    outer loop
      vertex -4.95790958404541 -23.200000762939453 7.550385475158691
      vertex -4.950000762939453 -21.200000762939453 7.555669784545898
      vertex -4.95790958404541 -21 7.550385475158691
    endloop
  endfacet
  facet normal -0.5555708370980559 8.490887366948245e-8 0.831469208669905
    outer loop
      vertex -4.95790958404541 -23.200000762939453 7.550385475158691
      vertex -4.59758186340332 -23.200000762939453 7.791149139404297
      vertex -4.950000762939453 -21.200000762939453 7.555669784545898
    endloop
  endfacet
  facet normal -0.5555559923976777 0 -0.831479127405512
    outer loop
      vertex -4.95790958404541 -23.200000762939453 11.449614524841309
      vertex -4.95790958404541 -21 11.449614524841309
      vertex -4.950000762939453 -21.200000762939453 11.444330215454102
    endloop
  endfacet
  facet normal -0.5555708370980559 8.490887366948245e-8 -0.831469208669905
    outer loop
      vertex -4.95790958404541 -23.200000762939453 11.449614524841309
      vertex -4.950000762939453 -21.200000762939453 11.444330215454102
      vertex -4.59758186340332 -23.200000762939453 11.208850860595703
    endloop
  endfacet
  facet normal 0 -1 0
    outer loop
      vertex -4.95790958404541 -23.200000762939453 11.449614524841309
      vertex -4.59758186340332 -23.200000762939453 11.208850860595703
      vertex 4.95790958404541 -23.200000762939453 11.449614524841309
    endloop
  endfacet
  facet normal -0.5555559923976777 0 0.8314791274055119
    outer loop
      vertex -4.95790958404541 -21 -5.449614524841309
      vertex -4.950000762939453 -21.200000762939453 -5.444330215454102
      vertex -4.950000762939453 -21 -5.444330215454102
    endloop
  endfacet
  facet normal 0 -1 0
    outer loop
      vertex -4.95790958404541 -21 -5.449614524841309
      vertex -4.950000762939453 -21 -5.444330215454102
      vertex -4.950000762939453 -21 -4.549999237060547
    endloop
  endfacet
  facet normal 0 -1 0
    outer loop
      vertex -4.95790958404541 -21 -1.5503854751586914
      vertex -4.950000762939453 -21 -2.450000762939453
      vertex -4.950000762939453 -21 -1.5556700229644775
    endloop
  endfacet
  facet normal -0.5555733213906869 0 -0.8314675487106641
    outer loop
      vertex -4.95790958404541 -21 -1.5503854751586914
      vertex -4.950000762939453 -21 -1.5556700229644775
      vertex -4.950000762939453 -21.200000762939453 -1.5556700229644775
    endloop
  endfacet
  facet normal -0.5555559923976777 0 0.8314791274055119
    outer loop
      vertex -4.95790958404541 -21 7.550385475158691
      vertex -4.950000762939453 -21.200000762939453 7.555669784545898
      vertex -4.950000762939453 -21 7.555669784545898
    endloop
  endfacet
  facet normal 0 -1 0
    outer loop
      vertex -4.95790958404541 -21 7.550385475158691
      vertex -4.950000762939453 -21 7.555669784545898
      vertex -4.950000762939453 -21 8.450000762939453
    endloop
  endfacet
  facet normal 0 -1 0
    outer loop
      vertex -4.95790958404541 -21 11.449614524841309
      vertex -4.950000762939453 -21 10.549999237060547
      vertex -4.950000762939453 -21 11.444330215454102
    endloop
  endfacet
  facet normal -0.5555559923976777 0 -0.8314791274055119
    outer loop
      vertex -4.95790958404541 -21 11.449614524841309
      vertex -4.950000762939453 -21 11.444330215454102
      vertex -4.950000762939453 -21.200000762939453 11.444330215454102
    endloop
  endfacet
  facet normal -1 0 0
    outer loop
      vertex -4.950000762939453 -21.200000762939453 -5.444330215454102
      vertex -4.950000762939453 -21.200000762939453 -1.5556700229644775
      vertex -4.950000762939453 -21 -2.450000762939453
    endloop
  endfacet
  facet normal -1 0 0
    outer loop
      vertex -4.950000762939453 -21.200000762939453 -5.444330215454102
      vertex -4.950000762939453 -21 -4.549999237060547
      vertex -4.950000762939453 -21 -5.444330215454102
    endloop
  endfacet
  facet normal -1 0 0
    outer loop
      vertex -4.950000762939453 -21.200000762939453 -5.444330215454102
      vertex -4.950000762939453 -21 -2.450000762939453
      vertex -4.950000762939453 -21 -4.549999237060547
    endloop
  endfacet
  facet normal -0.5555711702298279 0 0.8314689860779293
    outer loop
      vertex -4.950000762939453 -21.200000762939453 -5.444330215454102
      vertex -4.59758186340332 -30.917163848876953 -5.208850860595703
      vertex -4.59758186340332 -21.200000762939453 -5.208850860595703
    endloop
  endfacet
  facet normal 0 -1 0
    outer loop
      vertex -4.950000762939453 -21.200000762939453 -5.444330215454102
      vertex -4.59758186340332 -21.200000762939453 -5.208850860595703
      vertex -4.950000762939453 -21.200000762939453 -1.5556700229644775
    endloop
  endfacet
  facet normal -1 0 0
    outer loop
      vertex -4.950000762939453 -21.200000762939453 -1.5556700229644775
      vertex -4.950000762939453 -21 -1.5556700229644775
      vertex -4.950000762939453 -21 -2.450000762939453
    endloop
  endfacet
  facet normal 0 -1 0
    outer loop
      vertex -4.950000762939453 -21.200000762939453 -1.5556700229644775
      vertex -4.59758186340332 -21.200000762939453 -5.208850860595703
      vertex -4.291149139404297 -21.200000762939453 -4.90241813659668
    endloop
  endfacet
  facet normal -0.5555707813465469 0 -0.8314692459219326
    outer loop
      vertex -4.950000762939453 -21.200000762939453 -1.5556700229644775
      vertex -4.59758186340332 -21.200000762939453 -1.7911491394042969
      vertex -4.59758186340332 -23.200000762939453 -1.7911491394042969
    endloop
  endfacet
  facet normal 0 -1 0
    outer loop
      vertex -4.950000762939453 -21.200000762939453 -1.5556700229644775
      vertex -4.291149139404297 -21.200000762939453 -4.90241813659668
      vertex -4.050385475158691 -21.200000762939453 -4.54209041595459
    endloop
  endfacet
  facet normal 0 -1 0
    outer loop
      vertex -4.950000762939453 -21.200000762939453 -1.5556700229644775
      vertex -4.291149139404297 -21.200000762939453 -2.0975818634033203
      vertex -4.59758186340332 -21.200000762939453 -1.7911491394042969
    endloop
  endfacet
  facet normal 0 -1 0
    outer loop
      vertex -4.950000762939453 -21.200000762939453 -1.5556700229644775
      vertex -4.050385475158691 -21.200000762939453 -4.54209041595459
      vertex -3.88454532623291 -21.200000762939453 -4.141716003417969
    endloop
  endfacet
  facet normal 0 -1 0
    outer loop
      vertex -4.950000762939453 -21.200000762939453 -1.5556700229644775
      vertex -4.050385475158691 -21.200000762939453 -2.45790958404541
      vertex -4.291149139404297 -21.200000762939453 -2.0975818634033203
    endloop
  endfacet
  facet normal 0 -1 0
    outer loop
      vertex -4.950000762939453 -21.200000762939453 -1.5556700229644775
      vertex -3.88454532623291 -21.200000762939453 -4.141716003417969
      vertex -3.8000001907348633 -21.200000762939453 -3.7166805267333984
    endloop
  endfacet
  facet normal 0 -1 0
    outer loop
      vertex -4.950000762939453 -21.200000762939453 -1.5556700229644775
      vertex -3.88454532623291 -21.200000762939453 -2.8582839965820312
      vertex -4.050385475158691 -21.200000762939453 -2.45790958404541
    endloop
  endfacet
  facet normal 0 -1 0
    outer loop
      vertex -4.950000762939453 -21.200000762939453 -1.5556700229644775
      vertex -3.8000001907348633 -21.200000762939453 -3.7166805267333984
      vertex -3.8000001907348633 -21.200000762939453 -3.2833194732666016
    endloop
  endfacet
  facet normal 0 -1 0
    outer loop
      vertex -4.950000762939453 -21.200000762939453 -1.5556700229644775
      vertex -3.8000001907348633 -21.200000762939453 -3.2833194732666016
      vertex -3.88454532623291 -21.200000762939453 -2.8582839965820312
    endloop
  endfacet
  facet normal -1 0 0
    outer loop
      vertex -4.950000762939453 -21.200000762939453 7.555669784545898
      vertex -4.950000762939453 -21.200000762939453 11.444330215454102
      vertex -4.950000762939453 -21 10.549999237060547
    endloop
  endfacet
  facet normal -1 0 0
    outer loop
      vertex -4.950000762939453 -21.200000762939453 7.555669784545898
      vertex -4.950000762939453 -21 8.450000762939453
      vertex -4.950000762939453 -21 7.555669784545898
    endloop
  endfacet
  facet normal -1 0 0
    outer loop
      vertex -4.950000762939453 -21.200000762939453 7.555669784545898
      vertex -4.950000762939453 -21 10.549999237060547
      vertex -4.950000762939453 -21 8.450000762939453
    endloop
  endfacet
  facet normal -0.5555711702298278 0 0.8314689860779292
    outer loop
      vertex -4.950000762939453 -21.200000762939453 7.555669784545898
      vertex -4.59758186340332 -23.200000762939453 7.791149139404297
      vertex -4.59758186340332 -21.200000762939453 7.791149139404297
    endloop
  endfacet
  facet normal 0 -1 0
    outer loop
      vertex -4.950000762939453 -21.200000762939453 7.555669784545898
      vertex -4.59758186340332 -21.200000762939453 7.791149139404297
      vertex -4.950000762939453 -21.200000762939453 11.444330215454102
    endloop
  endfacet
  facet normal -1 0 0
    outer loop
      vertex -4.950000762939453 -21.200000762939453 11.444330215454102
      vertex -4.950000762939453 -21 11.444330215454102
      vertex -4.950000762939453 -21 10.549999237060547
    endloop
  endfacet
  facet normal 0 -1 0
    outer loop
      vertex -4.950000762939453 -21.200000762939453 11.444330215454102
      vertex -4.59758186340332 -21.200000762939453 7.791149139404297
      vertex -4.291149139404297 -21.200000762939453 8.09758186340332
    endloop
  endfacet
  facet normal -0.5555711702298278 0 -0.8314689860779292
    outer loop
      vertex -4.950000762939453 -21.200000762939453 11.444330215454102
      vertex -4.59758186340332 -21.200000762939453 11.208850860595703
      vertex -4.59758186340332 -23.200000762939453 11.208850860595703
    endloop
  endfacet
  facet normal 0 -1 0
    outer loop
      vertex -4.950000762939453 -21.200000762939453 11.444330215454102
      vertex -4.291149139404297 -21.200000762939453 8.09758186340332
      vertex -4.050385475158691 -21.200000762939453 8.45790958404541
    endloop
  endfacet
  facet normal 0 -1 0
    outer loop
      vertex -4.950000762939453 -21.200000762939453 11.444330215454102
      vertex -4.291149139404297 -21.200000762939453 10.90241813659668
      vertex -4.59758186340332 -21.200000762939453 11.208850860595703
    endloop
  endfacet
  facet normal 0 -1 0
    outer loop
      vertex -4.950000762939453 -21.200000762939453 11.444330215454102
      vertex -4.050385475158691 -21.200000762939453 8.45790958404541
      vertex -3.88454532623291 -21.200000762939453 8.858283996582031
    endloop
  endfacet
  facet normal 0 -1 0
    outer loop
      vertex -4.950000762939453 -21.200000762939453 11.444330215454102
      vertex -4.050385475158691 -21.200000762939453 10.54209041595459
      vertex -4.291149139404297 -21.200000762939453 10.90241813659668
    endloop
  endfacet
  facet normal 0 -1 0
    outer loop
      vertex -4.950000762939453 -21.200000762939453 11.444330215454102
      vertex -3.88454532623291 -21.200000762939453 8.858283996582031
      vertex -3.8000001907348633 -21.200000762939453 9.283319473266602
    endloop
  endfacet
  facet normal 0 -1 0
    outer loop
      vertex -4.950000762939453 -21.200000762939453 11.444330215454102
      vertex -3.88454532623291 -21.200000762939453 10.141716003417969
      vertex -4.050385475158691 -21.200000762939453 10.54209041595459
    endloop
  endfacet
  facet normal 0 -1 0
    outer loop
      vertex -4.950000762939453 -21.200000762939453 11.444330215454102
      vertex -3.8000001907348633 -21.200000762939453 9.283319473266602
      vertex -3.8000001907348633 -21.200000762939453 9.716680526733398
    endloop
  endfacet
  facet normal 0 -1 0
    outer loop
      vertex -4.950000762939453 -21.200000762939453 11.444330215454102
      vertex -3.8000001907348633 -21.200000762939453 9.716680526733398
      vertex -3.88454532623291 -21.200000762939453 10.141716003417969
    endloop
  endfacet
  facet normal -1 0 0
    outer loop
      vertex -4.950000762939453 -21 -4.549999237060547
      vertex -4.950000762939453 -21 -2.450000762939453
      vertex -4.950000762939453 -20.80000114440918 -3.0650758743286133
    endloop
  endfacet
  facet normal -1 0 0
    outer loop
      vertex -4.950000762939453 -21 -4.549999237060547
      vertex -4.950000762939453 -20.80000114440918 -3.9349241256713867
      vertex -4.950000762939453 -20.80000114440918 -4.549999237060547
    endloop
  endfacet
  facet normal -1 0 0
    outer loop
      vertex -4.950000762939453 -21 -4.549999237060547
      vertex -4.950000762939453 -20.80000114440918 -3.0650758743286133
      vertex -4.950000762939453 -20.80000114440918 -3.9349241256713867
    endloop
  endfacet
  facet normal -1 0 0
    outer loop
      vertex -4.950000762939453 -21 -2.450000762939453
      vertex -4.950000762939453 -20.80000114440918 -2.450000762939453
      vertex -4.950000762939453 -20.80000114440918 -3.0650758743286133
    endloop
  endfacet
  facet normal -1 0 0
    outer loop
      vertex -4.950000762939453 -21 8.450000762939453
      vertex -4.950000762939453 -21 10.549999237060547
      vertex -4.950000762939453 -20.80000114440918 9.934924125671387
    endloop
  endfacet
  facet normal -1 0 0
    outer loop
      vertex -4.950000762939453 -21 8.450000762939453
      vertex -4.950000762939453 -20.80000114440918 9.065075874328613
      vertex -4.950000762939453 -20.80000114440918 8.450000762939453
    endloop
  endfacet
  facet normal -1 0 0
    outer loop
      vertex -4.950000762939453 -21 8.450000762939453
      vertex -4.950000762939453 -20.80000114440918 9.934924125671387
      vertex -4.950000762939453 -20.80000114440918 9.065075874328613
    endloop
  endfacet
  facet normal -1 0 0
    outer loop
      vertex -4.950000762939453 -21 10.549999237060547
      vertex -4.950000762939453 -20.80000114440918 10.549999237060547
      vertex -4.950000762939453 -20.80000114440918 9.934924125671387
    endloop
  endfacet
  facet normal -1 0 0
    outer loop
      vertex -4.950000762939453 -20.80000114440918 -3.9349241256713867
      vertex -4.950000762939453 -20.80000114440918 -3.0650758743286133
      vertex -4.950000762939453 -20.600000381469727 -3.3965845108032227
    endloop
  endfacet
  facet normal -1 0 0
    outer loop
      vertex -4.950000762939453 -20.80000114440918 -3.9349241256713867
      vertex -4.950000762939453 -20.600000381469727 -3.6034154891967773
      vertex -4.950000762939453 -20.600000381469727 -3.9349241256713867
    endloop
  endfacet
  facet normal -1 0 0
    outer loop
      vertex -4.950000762939453 -20.80000114440918 -3.9349241256713867
      vertex -4.950000762939453 -20.600000381469727 -3.3965845108032227
      vertex -4.950000762939453 -20.600000381469727 -3.6034154891967773
    endloop
  endfacet
  facet normal -1 0 0
    outer loop
      vertex -4.950000762939453 -20.80000114440918 -3.0650758743286133
      vertex -4.950000762939453 -20.600000381469727 -3.0650758743286133
      vertex -4.950000762939453 -20.600000381469727 -3.3965845108032227
    endloop
  endfacet
  facet normal -1 0 0
    outer loop
      vertex -4.950000762939453 -20.80000114440918 9.065075874328613
      vertex -4.950000762939453 -20.80000114440918 9.934924125671387
      vertex -4.950000762939453 -20.600000381469727 9.603415489196777
    endloop
  endfacet
  facet normal -1 0 0
    outer loop
      vertex -4.950000762939453 -20.80000114440918 9.065075874328613
      vertex -4.950000762939453 -20.600000381469727 9.396584510803223
      vertex -4.950000762939453 -20.600000381469727 9.065075874328613
    endloop
  endfacet
  facet normal -1 0 0
    outer loop
      vertex -4.950000762939453 -20.80000114440918 9.065075874328613
      vertex -4.950000762939453 -20.600000381469727 9.603415489196777
      vertex -4.950000762939453 -20.600000381469727 9.396584510803223
    endloop
  endfacet
  facet normal -1 0 0
    outer loop
      vertex -4.950000762939453 -20.80000114440918 9.934924125671387
      vertex -4.950000762939453 -20.600000381469727 9.934924125671387
      vertex -4.950000762939453 -20.600000381469727 9.603415489196777
    endloop
  endfacet
  facet normal -1 0 0
    outer loop
      vertex -4.950000762939453 -20.600000381469727 -3.6034154891967773
      vertex -4.950000762939453 -20.600000381469727 -3.3965845108032227
      vertex -4.950000762939453 -17.200000762939453 -3.3965845108032227
    endloop
  endfacet
  facet normal -1 0 0
    outer loop
      vertex -4.950000762939453 -20.600000381469727 -3.6034154891967773
      vertex -4.950000762939453 -17.200000762939453 -3.3965845108032227
      vertex -4.950000762939453 -17.200000762939453 -3.6034154891967773
    endloop
  endfacet
  facet normal -1 0 0
    outer loop
      vertex -4.950000762939453 -20.600000381469727 9.396584510803223
      vertex -4.950000762939453 -20.600000381469727 9.603415489196777
      vertex -4.950000762939453 -17.200000762939453 9.603415489196777
    endloop
  endfacet
  facet normal -1 0 0
    outer loop
      vertex -4.950000762939453 -20.600000381469727 9.396584510803223
      vertex -4.950000762939453 -17.200000762939453 9.603415489196777
      vertex -4.950000762939453 -17.200000762939453 9.396584510803223
    endloop
  endfacet
  facet normal 0 1 0
    outer loop
      vertex -4.950000762939453 -17.200000762939453 -3.6034154891967773
      vertex -4.950000762939453 -17.200000762939453 -3.3965845108032227
      vertex 4.950000762939453 -17.200000762939453 -3.6034154891967773
    endloop
  endfacet
  facet normal 0 1 0
    outer loop
      vertex -4.950000762939453 -17.200000762939453 -3.6034154891967773
      vertex 4.950000762939453 -17.200000762939453 -3.6034154891967773
      vertex 4.990351676940918 -17.200000762939453 -3.8062734603881836
    endloop
  endfacet
  facet normal 0 1 0
    outer loop
      vertex -4.950000762939453 -17.200000762939453 -3.3965845108032227
      vertex 4.950000762939453 -17.200000762939453 -3.3965845108032227
      vertex 4.950000762939453 -17.200000762939453 -3.6034154891967773
    endloop
  endfacet
  facet normal 0 1 0
    outer loop
      vertex -4.950000762939453 -17.200000762939453 9.396584510803223
      vertex -4.950000762939453 -17.200000762939453 9.603415489196777
      vertex 4.950000762939453 -17.200000762939453 9.396584510803223
    endloop
  endfacet
  facet normal 0 1 0
    outer loop
      vertex -4.950000762939453 -17.200000762939453 9.396584510803223
      vertex 4.950000762939453 -17.200000762939453 9.396584510803223
      vertex 4.990351676940918 -17.200000762939453 9.193726539611816
    endloop
  endfacet
  facet normal 0 1 0
    outer loop
      vertex -4.950000762939453 -17.200000762939453 9.603415489196777
      vertex 4.950000762939453 -17.200000762939453 9.603415489196777
      vertex 4.950000762939453 -17.200000762939453 9.396584510803223
    endloop
  endfacet
  facet normal -0.7071067811865475 0 0.7071067811865475
    outer loop
      vertex -4.59758186340332 -30.917163848876953 -5.208850860595703
      vertex -4.291149139404297 -30.740345001220703 -4.90241813659668
      vertex -4.59758186340332 -21.200000762939453 -5.208850860595703
    endloop
  endfacet
  facet normal 0.4997896425547611 -0.8661468196488631 -0.0000026728317564991176
    outer loop
      vertex -4.59758186340332 -30.917163848876953 -5.208850860595703
      vertex 4.291149139404297 -25.788131713867188 -4.90241813659668
      vertex -4.291149139404297 -30.740345001220703 -4.90241813659668
    endloop
  endfacet
  facet normal 0.49978964369347717 -0.8661468189916568 -0.0000027168628660121286
    outer loop
      vertex -4.59758186340332 -30.917163848876953 -5.208850860595703
      vertex 4.59758186340332 -25.611310958862305 -5.208850860595703
      vertex 4.291149139404297 -25.788131713867188 -4.90241813659668
    endloop
  endfacet
  facet normal -0.7071067811865475 0 -0.7071067811865475
    outer loop
      vertex -4.59758186340332 -23.200000762939453 -1.7911491394042969
      vertex -4.59758186340332 -21.200000762939453 -1.7911491394042969
      vertex -4.488731384277344 -23.200000762939453 -1.8999996185302734
    endloop
  endfacet
  facet normal 0 -1 0
    outer loop
      vertex -4.59758186340332 -23.200000762939453 -1.7911491394042969
      vertex -4.488731384277344 -23.200000762939453 -1.8999996185302734
      vertex 4.59758186340332 -23.200000762939453 -1.7911491394042969
    endloop
  endfacet
  facet normal 0 -1 0
    outer loop
      vertex -4.59758186340332 -23.200000762939453 -1.7911491394042969
      vertex 4.59758186340332 -23.200000762939453 -1.7911491394042969
      vertex 4.59758186340332 -23.200000762939453 7.791149139404297
    endloop
  endfacet
  facet normal 0 -1 0
    outer loop
      vertex -4.59758186340332 -23.200000762939453 -1.7911491394042969
      vertex 4.59758186340332 -23.200000762939453 7.791149139404297
      vertex -4.59758186340332 -23.200000762939453 7.791149139404297
    endloop
  endfacet
  facet normal -0.7071067811865475 0 0.7071067811865475
    outer loop
      vertex -4.59758186340332 -23.200000762939453 7.791149139404297
      vertex -4.291149139404297 -23.200000762939453 8.09758186340332
      vertex -4.291149139404297 -21.200000762939453 8.09758186340332
    endloop
  endfacet
  facet normal -0.7071067811865475 0 0.7071067811865475
    outer loop
      vertex -4.59758186340332 -23.200000762939453 7.791149139404297
      vertex -4.291149139404297 -21.200000762939453 8.09758186340332
      vertex -4.59758186340332 -21.200000762939453 7.791149139404297
    endloop
  endfacet
  facet normal 0 -1 0
    outer loop
      vertex -4.59758186340332 -23.200000762939453 7.791149139404297
      vertex 4.291149139404297 -23.200000762939453 8.09758186340332
      vertex -4.291149139404297 -23.200000762939453 8.09758186340332
    endloop
  endfacet
  facet normal 0 -1 0
    outer loop
      vertex -4.59758186340332 -23.200000762939453 7.791149139404297
      vertex 4.59758186340332 -23.200000762939453 7.791149139404297
      vertex 4.291149139404297 -23.200000762939453 8.09758186340332
    endloop
  endfacet
  facet normal -0.7071067811865475 0 -0.7071067811865475
    outer loop
      vertex -4.59758186340332 -23.200000762939453 11.208850860595703
      vertex -4.59758186340332 -21.200000762939453 11.208850860595703
      vertex -4.291149139404297 -23.200000762939453 10.90241813659668
    endloop
  endfacet
  facet normal 0 -1 0
    outer loop
      vertex -4.59758186340332 -23.200000762939453 11.208850860595703
      vertex -4.291149139404297 -23.200000762939453 10.90241813659668
      vertex 4.59758186340332 -23.200000762939453 11.208850860595703
    endloop
  endfacet
  facet normal 0 -1 0
    outer loop
      vertex -4.59758186340332 -23.200000762939453 11.208850860595703
      vertex 4.59758186340332 -23.200000762939453 11.208850860595703
      vertex 4.95790958404541 -23.200000762939453 11.449614524841309
    endloop
  endfacet
  facet normal -0.7071067811865475 0 0.7071067811865475
    outer loop
      vertex -4.59758186340332 -21.200000762939453 -5.208850860595703
      vertex -4.291149139404297 -30.740345001220703 -4.90241813659668
      vertex -4.291149139404297 -21.200000762939453 -4.90241813659668
    endloop
  endfacet
  facet normal -0.7071067811865475 0 -0.7071067811865475
    outer loop
      vertex -4.59758186340332 -21.200000762939453 -1.7911491394042969
      vertex -4.291149139404297 -21.200000762939453 -2.0975818634033203
      vertex -4.488731384277344 -23.200000762939453 -1.8999996185302734
    endloop
  endfacet
  facet normal -0.7071067811865475 0 -0.7071067811865475
    outer loop
      vertex -4.59758186340332 -21.200000762939453 11.208850860595703
      vertex -4.291149139404297 -21.200000762939453 10.90241813659668
      vertex -4.291149139404297 -23.200000762939453 10.90241813659668
    endloop
  endfacet
  facet normal -0.7071067811865475 0 -0.7071067811865475
    outer loop
      vertex -4.488731384277344 -30.854354858398438 -1.8999996185302734
      vertex -4.488731384277344 -23.200000762939453 -1.8999996185302734
      vertex -4.291149139404297 -30.740345001220703 -2.0975818634033203
    endloop
  endfacet
  facet normal 0.49978973308875724 -0.8661467674110641 0.0000015597590058444236
    outer loop
      vertex -4.488731384277344 -30.854354858398438 -1.8999996185302734
      vertex -4.291149139404297 -30.740345001220703 -2.0975818634033203
      vertex 4.488731384277344 -25.67411994934082 -1.8999996185302734
    endloop
  endfacet
  facet normal 0 0 1
    outer loop
      vertex -4.488731384277344 -30.854354858398438 -1.8999996185302734
      vertex 4.488731384277344 -25.67411994934082 -1.8999996185302734
      vertex -4.488731384277344 -23.200000762939453 -1.8999996185302734
    endloop
  endfacet
  facet normal -0.7071067811865476 0 -0.7071067811865476
    outer loop
      vertex -4.488731384277344 -23.200000762939453 -1.8999996185302734
      vertex -4.291149139404297 -21.200000762939453 -2.0975818634033203
      vertex -4.291149139404297 -30.740345001220703 -2.0975818634033203
    endloop
  endfacet
  facet normal 0 0 1
    outer loop
      vertex -4.488731384277344 -23.200000762939453 -1.8999996185302734
      vertex 4.488731384277344 -25.67411994934082 -1.8999996185302734
      vertex 4.488731384277344 -23.200000762939453 -1.8999996185302734
    endloop
  endfacet
  facet normal 0 -1 0
    outer loop
      vertex -4.488731384277344 -23.200000762939453 -1.8999996185302734
      vertex 4.488731384277344 -23.200000762939453 -1.8999996185302734
      vertex 4.59758186340332 -23.200000762939453 -1.7911491394042969
    endloop
  endfacet
  facet normal -0.8314692086699081 0 0.555570837098058
    outer loop
      vertex -4.291149139404297 -30.740345001220703 -4.90241813659668
      vertex -4.050385475158691 -30.601417541503906 -4.54209041595459
      vertex -4.291149139404297 -21.200000762939453 -4.90241813659668
    endloop
  endfacet
  facet normal 0.49978972300078367 -0.8661467732329023 0.0000010154233544583675
    outer loop
      vertex -4.291149139404297 -30.740345001220703 -4.90241813659668
      vertex 4.050385475158691 -25.92705726623535 -4.54209041595459
      vertex -4.050385475158691 -30.601417541503906 -4.54209041595459
    endloop
  endfacet
  facet normal 0.49978964255348907 -0.8661468196466586 0.000003497765413530238
    outer loop
      vertex -4.291149139404297 -30.740345001220703 -4.90241813659668
      vertex 4.291149139404297 -25.788131713867188 -4.90241813659668
      vertex 4.050385475158691 -25.92705726623535 -4.54209041595459
    endloop
  endfacet
  facet normal -0.8314692086699081 0 -0.555570837098058
    outer loop
      vertex -4.291149139404297 -30.740345001220703 -2.0975818634033203
      vertex -4.291149139404297 -21.200000762939453 -2.0975818634033203
      vertex -4.050385475158691 -30.601417541503906 -2.45790958404541
    endloop
  endfacet
  facet normal 0.4997896425562511 -0.8661468196514452 -0.0000010870718266527725
    outer loop
      vertex -4.291149139404297 -30.740345001220703 -2.0975818634033203
      vertex -4.050385475158691 -30.601417541503906 -2.45790958404541
      vertex 4.291149139404297 -25.788131713867188 -2.0975818634033203
    endloop
  endfacet
  facet normal 0.49978964254457214 -0.8661468196312053 0.00000692221510830445
    outer loop
      vertex -4.291149139404297 -30.740345001220703 -2.0975818634033203
      vertex 4.291149139404297 -25.788131713867188 -2.0975818634033203
      vertex 4.488731384277344 -25.67411994934082 -1.8999996185302734
    endloop
  endfacet
  facet normal -0.831469208669908 0 0.5555708370980579
    outer loop
      vertex -4.291149139404297 -23.200000762939453 8.09758186340332
      vertex -4.050385475158691 -23.200000762939453 8.45790958404541
      vertex -4.050385475158691 -21.200000762939453 8.45790958404541
    endloop
  endfacet
  facet normal -0.831469208669908 0 0.5555708370980579
    outer loop
      vertex -4.291149139404297 -23.200000762939453 8.09758186340332
      vertex -4.050385475158691 -21.200000762939453 8.45790958404541
      vertex -4.291149139404297 -21.200000762939453 8.09758186340332
    endloop
  endfacet
  facet normal 0 -1 0
    outer loop
      vertex -4.291149139404297 -23.200000762939453 8.09758186340332
      vertex 4.050385475158691 -23.200000762939453 8.45790958404541
      vertex -4.050385475158691 -23.200000762939453 8.45790958404541
    endloop
  endfacet
  facet normal 0 -1 0
    outer loop
      vertex -4.291149139404297 -23.200000762939453 8.09758186340332
      vertex 4.291149139404297 -23.200000762939453 8.09758186340332
      vertex 4.050385475158691 -23.200000762939453 8.45790958404541
    endloop
  endfacet
  facet normal -0.831469208669908 0 -0.5555708370980579
    outer loop
      vertex -4.291149139404297 -23.200000762939453 10.90241813659668
      vertex -4.291149139404297 -21.200000762939453 10.90241813659668
      vertex -4.050385475158691 -23.200000762939453 10.54209041595459
    endloop
  endfacet
  facet normal 0 -1 0
    outer loop
      vertex -4.291149139404297 -23.200000762939453 10.90241813659668
      vertex -4.050385475158691 -23.200000762939453 10.54209041595459
      vertex 4.291149139404297 -23.200000762939453 10.90241813659668
    endloop
  endfacet
  facet normal 0 -1 0
    outer loop
      vertex -4.291149139404297 -23.200000762939453 10.90241813659668
      vertex 4.291149139404297 -23.200000762939453 10.90241813659668
      vertex 4.59758186340332 -23.200000762939453 11.208850860595703
    endloop
  endfacet
  facet normal -0.831469208669908 0 0.5555708370980579
    outer loop
      vertex -4.291149139404297 -21.200000762939453 -4.90241813659668
      vertex -4.050385475158691 -30.601417541503906 -4.54209041595459
      vertex -4.050385475158691 -21.200000762939453 -4.54209041595459
    endloop
  endfacet
  facet normal -0.831469208669908 0 -0.5555708370980579
    outer loop
      vertex -4.291149139404297 -21.200000762939453 -2.0975818634033203
      vertex -4.050385475158691 -21.200000762939453 -2.45790958404541
      vertex -4.050385475158691 -30.601417541503906 -2.45790958404541
    endloop
  endfacet
  facet normal -0.831469208669908 0 -0.5555708370980579
    outer loop
      vertex -4.291149139404297 -21.200000762939453 10.90241813659668
      vertex -4.050385475158691 -21.200000762939453 10.54209041595459
      vertex -4.050385475158691 -23.200000762939453 10.54209041595459
    endloop
  endfacet
  facet normal -0.9238798284760323 0 0.38268271784220526
    outer loop
      vertex -4.050385475158691 -30.601417541503906 -4.54209041595459
      vertex -3.88454532623291 -30.50572395324707 -4.141716003417969
      vertex -4.050385475158691 -21.200000762939453 -4.54209041595459
    endloop
  endfacet
  facet normal 0.49978966185365364 -0.8661468085161294 -0.0000012385638173657796
    outer loop
      vertex -4.050385475158691 -30.601417541503906 -4.54209041595459
      vertex 3.88454532623291 -26.02275276184082 -4.141716003417969
      vertex -3.88454532623291 -30.50572395324707 -4.141716003417969
    endloop
  endfacet
  facet normal 0.499789722999006 -0.8661467732298216 -0.0000028539225770674365
    outer loop
      vertex -4.050385475158691 -30.601417541503906 -4.54209041595459
      vertex 4.050385475158691 -25.92705726623535 -4.54209041595459
      vertex 3.88454532623291 -26.02275276184082 -4.141716003417969
    endloop
  endfacet
  facet normal -0.9238798284760323 0 -0.38268271784220526
    outer loop
      vertex -4.050385475158691 -30.601417541503906 -2.45790958404541
      vertex -4.050385475158691 -21.200000762939453 -2.45790958404541
      vertex -3.88454532623291 -30.50572395324707 -2.8582839965820312
    endloop
  endfacet
  facet normal 0.4997897230006368 -0.8661467732326478 0.0000012723247854195785
    outer loop
      vertex -4.050385475158691 -30.601417541503906 -2.45790958404541
      vertex -3.88454532623291 -30.50572395324707 -2.8582839965820312
      vertex 4.050385475158691 -25.92705726623535 -2.45790958404541
    endloop
  endfacet
  facet normal 0.4997897229978575 -0.8661467732278313 -0.000003569413640012464
    outer loop
      vertex -4.050385475158691 -30.601417541503906 -2.45790958404541
      vertex 4.050385475158691 -25.92705726623535 -2.45790958404541
      vertex 4.291149139404297 -25.788131713867188 -2.0975818634033203
    endloop
  endfacet
  facet normal -0.9238798284760324 0 0.38268271784220526
    outer loop
      vertex -4.050385475158691 -23.200000762939453 8.45790958404541
      vertex -3.88454532623291 -23.200000762939453 8.858283996582031
      vertex -3.88454532623291 -21.200000762939453 8.858283996582031
    endloop
  endfacet
  facet normal -0.9238798284760324 0 0.38268271784220526
    outer loop
      vertex -4.050385475158691 -23.200000762939453 8.45790958404541
      vertex -3.88454532623291 -21.200000762939453 8.858283996582031
      vertex -4.050385475158691 -21.200000762939453 8.45790958404541
    endloop
  endfacet
  facet normal 0 -1 0
    outer loop
      vertex -4.050385475158691 -23.200000762939453 8.45790958404541
      vertex 3.88454532623291 -23.200000762939453 8.858283996582031
      vertex -3.88454532623291 -23.200000762939453 8.858283996582031
    endloop
  endfacet
  facet normal 0 -1 0
    outer loop
      vertex -4.050385475158691 -23.200000762939453 8.45790958404541
      vertex 4.050385475158691 -23.200000762939453 8.45790958404541
      vertex 3.88454532623291 -23.200000762939453 8.858283996582031
    endloop
  endfacet
  facet normal -0.9238798284760324 0 -0.38268271784220526
    outer loop
      vertex -4.050385475158691 -23.200000762939453 10.54209041595459
      vertex -4.050385475158691 -21.200000762939453 10.54209041595459
      vertex -3.88454532623291 -23.200000762939453 10.141716003417969
    endloop
  endfacet
  facet normal 0 -1 0
    outer loop
      vertex -4.050385475158691 -23.200000762939453 10.54209041595459
      vertex -3.88454532623291 -23.200000762939453 10.141716003417969
      vertex 4.050385475158691 -23.200000762939453 10.54209041595459
    endloop
  endfacet
  facet normal 0 -1 0
    outer loop
      vertex -4.050385475158691 -23.200000762939453 10.54209041595459
      vertex 4.050385475158691 -23.200000762939453 10.54209041595459
      vertex 4.291149139404297 -23.200000762939453 10.90241813659668
    endloop
  endfacet
  facet normal -0.9238798284760324 0 0.38268271784220526
    outer loop
      vertex -4.050385475158691 -21.200000762939453 -4.54209041595459
      vertex -3.88454532623291 -30.50572395324707 -4.141716003417969
      vertex -3.88454532623291 -21.200000762939453 -4.141716003417969
    endloop
  endfacet
  facet normal -0.9238798284760324 0 -0.38268271784220526
    outer loop
      vertex -4.050385475158691 -21.200000762939453 -2.45790958404541
      vertex -3.88454532623291 -21.200000762939453 -2.8582839965820312
      vertex -3.88454532623291 -30.50572395324707 -2.8582839965820312
    endloop
  endfacet
  facet normal -0.9238798284760324 0 -0.38268271784220526
    outer loop
      vertex -4.050385475158691 -21.200000762939453 10.54209041595459
      vertex -3.88454532623291 -21.200000762939453 10.141716003417969
      vertex -3.88454532623291 -23.200000762939453 10.141716003417969
    endloop
  endfacet
  facet normal -0.9807851379614182 0 0.19509103811811032
    outer loop
      vertex -3.88454532623291 -30.50572395324707 -4.141716003417969
      vertex -3.8000001907348633 -30.456939697265625 -3.7166805267333984
      vertex -3.88454532623291 -21.200000762939453 -4.141716003417969
    endloop
  endfacet
  facet normal 0.49978975208778803 -0.8661467564488243 -0.0000010992651788132947
    outer loop
      vertex -3.88454532623291 -30.50572395324707 -4.141716003417969
      vertex 3.8000001907348633 -26.071537017822266 -3.7166805267333984
      vertex -3.8000001907348633 -30.456939697265625 -3.7166805267333984
    endloop
  endfacet
  facet normal 0.499789661853748 -0.8661468085162929 0.0000010753403009762067
    outer loop
      vertex -3.88454532623291 -30.50572395324707 -4.141716003417969
      vertex 3.88454532623291 -26.02275276184082 -4.141716003417969
      vertex 3.8000001907348633 -26.071537017822266 -3.7166805267333984
    endloop
  endfacet
  facet normal -0.9807851379614182 0 -0.19509103811811032
    outer loop
      vertex -3.88454532623291 -30.50572395324707 -2.8582839965820312
      vertex -3.88454532623291 -21.200000762939453 -2.8582839965820312
      vertex -3.8000001907348633 -30.456939697265625 -3.2833194732666016
    endloop
  endfacet
  facet normal 0.499789661853748 -0.8661468085162929 0.0000010753403009762067
    outer loop
      vertex -3.88454532623291 -30.50572395324707 -2.8582839965820312
      vertex -3.8000001907348633 -30.456939697265625 -3.2833194732666016
      vertex 3.88454532623291 -26.02275276184082 -2.8582839965820312
    endloop
  endfacet
  facet normal 0.49978966185195317 -0.8661468085131825 0.0000028876837132081384
    outer loop
      vertex -3.88454532623291 -30.50572395324707 -2.8582839965820312
      vertex 3.88454532623291 -26.02275276184082 -2.8582839965820312
      vertex 4.050385475158691 -25.92705726623535 -2.45790958404541
    endloop
  endfacet
  facet normal -0.9807851379614182 0 0.19509103811811032
    outer loop
      vertex -3.88454532623291 -23.200000762939453 8.858283996582031
      vertex -3.8000001907348633 -23.200000762939453 9.283319473266602
      vertex -3.8000001907348633 -21.200000762939453 9.283319473266602
    endloop
  endfacet
  facet normal -0.9807851379614182 0 0.19509103811811032
    outer loop
      vertex -3.88454532623291 -23.200000762939453 8.858283996582031
      vertex -3.8000001907348633 -21.200000762939453 9.283319473266602
      vertex -3.88454532623291 -21.200000762939453 8.858283996582031
    endloop
  endfacet
  facet normal 0 -1 0
    outer loop
      vertex -3.88454532623291 -23.200000762939453 8.858283996582031
      vertex 3.8000001907348633 -23.200000762939453 9.283319473266602
      vertex -3.8000001907348633 -23.200000762939453 9.283319473266602
    endloop
  endfacet
  facet normal 0 -1 0
    outer loop
      vertex -3.88454532623291 -23.200000762939453 8.858283996582031
      vertex 3.88454532623291 -23.200000762939453 8.858283996582031
      vertex 3.8000001907348633 -23.200000762939453 9.283319473266602
    endloop
  endfacet
  facet normal -0.9807851379614182 0 -0.19509103811811032
    outer loop
      vertex -3.88454532623291 -23.200000762939453 10.141716003417969
      vertex -3.88454532623291 -21.200000762939453 10.141716003417969
      vertex -3.8000001907348633 -23.200000762939453 9.716680526733398
    endloop
  endfacet
  facet normal 0 -1 0
    outer loop
      vertex -3.88454532623291 -23.200000762939453 10.141716003417969
      vertex -3.8000001907348633 -23.200000762939453 9.716680526733398
      vertex 3.88454532623291 -23.200000762939453 10.141716003417969
    endloop
  endfacet
  facet normal 0 -1 0
    outer loop
      vertex -3.88454532623291 -23.200000762939453 10.141716003417969
      vertex 3.88454532623291 -23.200000762939453 10.141716003417969
      vertex 4.050385475158691 -23.200000762939453 10.54209041595459
    endloop
  endfacet
  facet normal -0.9807851379614182 0 0.19509103811811032
    outer loop
      vertex -3.88454532623291 -21.200000762939453 -4.141716003417969
      vertex -3.8000001907348633 -30.456939697265625 -3.7166805267333984
      vertex -3.8000001907348633 -21.200000762939453 -3.7166805267333984
    endloop
  endfacet
  facet normal -0.9807851379614182 0 -0.19509103811811032
    outer loop
      vertex -3.88454532623291 -21.200000762939453 -2.8582839965820312
      vertex -3.8000001907348633 -21.200000762939453 -3.2833194732666016
      vertex -3.8000001907348633 -30.456939697265625 -3.2833194732666016
    endloop
  endfacet
  facet normal -0.9807851379614182 0 -0.19509103811811032
    outer loop
      vertex -3.88454532623291 -21.200000762939453 10.141716003417969
      vertex -3.8000001907348633 -21.200000762939453 9.716680526733398
      vertex -3.8000001907348633 -23.200000762939453 9.716680526733398
    endloop
  endfacet
  facet normal -1 0 0
    outer loop
      vertex -3.8000001907348633 -30.456939697265625 -3.7166805267333984
      vertex -3.8000001907348633 -30.456939697265625 -3.2833194732666016
      vertex -3.8000001907348633 -21.200000762939453 -3.2833194732666016
    endloop
  endfacet
  facet normal -1 0 0
    outer loop
      vertex -3.8000001907348633 -30.456939697265625 -3.7166805267333984
      vertex -3.8000001907348633 -21.200000762939453 -3.2833194732666016
      vertex -3.8000001907348633 -21.200000762939453 -3.7166805267333984
    endloop
  endfacet
  facet normal 0.49978975208808996 -0.8661467564493476 0
    outer loop
      vertex -3.8000001907348633 -30.456939697265625 -3.7166805267333984
      vertex 3.8000001907348633 -26.071537017822266 -3.7166805267333984
      vertex 3.8000001907348633 -26.071537017822266 -3.2833194732666016
    endloop
  endfacet
  facet normal 0.49978975208808996 -0.8661467564493476 0
    outer loop
      vertex -3.8000001907348633 -30.456939697265625 -3.7166805267333984
      vertex 3.8000001907348633 -26.071537017822266 -3.2833194732666016
      vertex -3.8000001907348633 -30.456939697265625 -3.2833194732666016
    endloop
  endfacet
  facet normal 0.49978975208778803 -0.8661467564488243 -0.0000010992651788132947
    outer loop
      vertex -3.8000001907348633 -30.456939697265625 -3.2833194732666016
      vertex 3.8000001907348633 -26.071537017822266 -3.2833194732666016
      vertex 3.88454532623291 -26.02275276184082 -2.8582839965820312
    endloop
  endfacet
  facet normal -1 0 0
    outer loop
      vertex -3.8000001907348633 -23.200000762939453 9.283319473266602
      vertex -3.8000001907348633 -23.200000762939453 9.716680526733398
      vertex -3.8000001907348633 -21.200000762939453 9.716680526733398
    endloop
  endfacet
  facet normal -1 0 0
    outer loop
      vertex -3.8000001907348633 -23.200000762939453 9.283319473266602
      vertex -3.8000001907348633 -21.200000762939453 9.716680526733398
      vertex -3.8000001907348633 -21.200000762939453 9.283319473266602
    endloop
  endfacet
  facet normal 0 -1 0
    outer loop
      vertex -3.8000001907348633 -23.200000762939453 9.283319473266602
      vertex 3.8000001907348633 -23.200000762939453 9.283319473266602
      vertex 3.8000001907348633 -23.200000762939453 9.716680526733398
    endloop
  endfacet
  facet normal 0 -1 0
    outer loop
      vertex -3.8000001907348633 -23.200000762939453 9.283319473266602
      vertex 3.8000001907348633 -23.200000762939453 9.716680526733398
      vertex -3.8000001907348633 -23.200000762939453 9.716680526733398
    endloop
  endfacet
  facet normal 0 -1 0
    outer loop
      vertex -3.8000001907348633 -23.200000762939453 9.716680526733398
      vertex 3.8000001907348633 -23.200000762939453 9.716680526733398
      vertex 3.88454532623291 -23.200000762939453 10.141716003417969
    endloop
  endfacet
  facet normal 1 0 0
    outer loop
      vertex 3.8000001907348633 -26.071537017822266 -3.7166805267333984
      vertex 3.8000001907348633 -21.200000762939453 -3.7166805267333984
      vertex 3.8000001907348633 -26.071537017822266 -3.2833194732666016
    endloop
  endfacet
  facet normal 0.9807851379614181 0 0.1950910381181103
    outer loop
      vertex 3.8000001907348633 -26.071537017822266 -3.7166805267333984
      vertex 3.88454532623291 -26.02275276184082 -4.141716003417969
      vertex 3.8000001907348633 -21.200000762939453 -3.7166805267333984
    endloop
  endfacet
  facet normal 1 0 0
    outer loop
      vertex 3.8000001907348633 -26.071537017822266 -3.2833194732666016
      vertex 3.8000001907348633 -21.200000762939453 -3.7166805267333984
      vertex 3.8000001907348633 -21.200000762939453 -3.2833194732666016
    endloop
  endfacet
  facet normal 0.9807851379614181 0 -0.1950910381181103
    outer loop
      vertex 3.8000001907348633 -26.071537017822266 -3.2833194732666016
      vertex 3.8000001907348633 -21.200000762939453 -3.2833194732666016
      vertex 3.88454532623291 -26.02275276184082 -2.8582839965820312
    endloop
  endfacet
  facet normal 1 0 0
    outer loop
      vertex 3.8000001907348633 -23.200000762939453 9.283319473266602
      vertex 3.8000001907348633 -21.200000762939453 9.283319473266602
      vertex 3.8000001907348633 -23.200000762939453 9.716680526733398
    endloop
  endfacet
  facet normal 0.9807851379614182 0 0.19509103811811032
    outer loop
      vertex 3.8000001907348633 -23.200000762939453 9.283319473266602
      vertex 3.88454532623291 -23.200000762939453 8.858283996582031
      vertex 3.88454532623291 -21.200000762939453 8.858283996582031
    endloop
  endfacet
  facet normal 0.9807851379614182 0 0.19509103811811032
    outer loop
      vertex 3.8000001907348633 -23.200000762939453 9.283319473266602
      vertex 3.88454532623291 -21.200000762939453 8.858283996582031
      vertex 3.8000001907348633 -21.200000762939453 9.283319473266602
    endloop
  endfacet
  facet normal 1 0 0
    outer loop
      vertex 3.8000001907348633 -23.200000762939453 9.716680526733398
      vertex 3.8000001907348633 -21.200000762939453 9.283319473266602
      vertex 3.8000001907348633 -21.200000762939453 9.716680526733398
    endloop
  endfacet
  facet normal 0.9807851379614182 0 -0.19509103811811032
    outer loop
      vertex 3.8000001907348633 -23.200000762939453 9.716680526733398
      vertex 3.8000001907348633 -21.200000762939453 9.716680526733398
      vertex 3.88454532623291 -23.200000762939453 10.141716003417969
    endloop
  endfacet
  facet normal 0.9807851379614181 0 0.1950910381181103
    outer loop
      vertex 3.8000001907348633 -21.200000762939453 -3.7166805267333984
      vertex 3.88454532623291 -26.02275276184082 -4.141716003417969
      vertex 3.88454532623291 -21.200000762939453 -4.141716003417969
    endloop
  endfacet
  facet normal 0 -1 0
    outer loop
      vertex 3.8000001907348633 -21.200000762939453 -3.7166805267333984
      vertex 3.88454532623291 -21.200000762939453 -4.141716003417969
      vertex 4.950000762939453 -21.200000762939453 -1.5556700229644775
    endloop
  endfacet
  facet normal 0 -1 0
    outer loop
      vertex 3.8000001907348633 -21.200000762939453 -3.7166805267333984
      vertex 4.950000762939453 -21.200000762939453 -1.5556700229644775
      vertex 3.8000001907348633 -21.200000762939453 -3.2833194732666016
    endloop
  endfacet
  facet normal 0.9807851379614181 0 -0.1950910381181103
    outer loop
      vertex 3.8000001907348633 -21.200000762939453 -3.2833194732666016
      vertex 3.88454532623291 -21.200000762939453 -2.8582839965820312
      vertex 3.88454532623291 -26.02275276184082 -2.8582839965820312
    endloop
  endfacet
  facet normal 0 -1 0
    outer loop
      vertex 3.8000001907348633 -21.200000762939453 -3.2833194732666016
      vertex 4.950000762939453 -21.200000762939453 -1.5556700229644775
      vertex 3.88454532623291 -21.200000762939453 -2.8582839965820312
    endloop
  endfacet
  facet normal 0 -1 0
    outer loop
      vertex 3.8000001907348633 -21.200000762939453 9.283319473266602
      vertex 3.88454532623291 -21.200000762939453 8.858283996582031
      vertex 4.950000762939453 -21.200000762939453 11.444330215454102
    endloop
  endfacet
  facet normal 0 -1 0
    outer loop
      vertex 3.8000001907348633 -21.200000762939453 9.283319473266602
      vertex 4.950000762939453 -21.200000762939453 11.444330215454102
      vertex 3.8000001907348633 -21.200000762939453 9.716680526733398
    endloop
  endfacet
  facet normal 0.9807851379614182 0 -0.19509103811811032
    outer loop
      vertex 3.8000001907348633 -21.200000762939453 9.716680526733398
      vertex 3.88454532623291 -21.200000762939453 10.141716003417969
      vertex 3.88454532623291 -23.200000762939453 10.141716003417969
    endloop
  endfacet
  facet normal 0 -1 0
    outer loop
      vertex 3.8000001907348633 -21.200000762939453 9.716680526733398
      vertex 4.950000762939453 -21.200000762939453 11.444330215454102
      vertex 3.88454532623291 -21.200000762939453 10.141716003417969
    endloop
  endfacet
  facet normal 0.9238798284760326 0 0.3826827178422053
    outer loop
      vertex 3.88454532623291 -26.02275276184082 -4.141716003417969
      vertex 4.050385475158691 -25.92705726623535 -4.54209041595459
      vertex 3.88454532623291 -21.200000762939453 -4.141716003417969
    endloop
  endfacet
  facet normal 0.9238798284760326 0 -0.3826827178422053
    outer loop
      vertex 3.88454532623291 -26.02275276184082 -2.8582839965820312
      vertex 3.88454532623291 -21.200000762939453 -2.8582839965820312
      vertex 4.050385475158691 -25.92705726623535 -2.45790958404541
    endloop
  endfacet
  facet normal 0.9238798284760324 0 0.38268271784220526
    outer loop
      vertex 3.88454532623291 -23.200000762939453 8.858283996582031
      vertex 4.050385475158691 -23.200000762939453 8.45790958404541
      vertex 4.050385475158691 -21.200000762939453 8.45790958404541
    endloop
  endfacet
  facet normal 0.9238798284760324 0 0.38268271784220526
    outer loop
      vertex 3.88454532623291 -23.200000762939453 8.858283996582031
      vertex 4.050385475158691 -21.200000762939453 8.45790958404541
      vertex 3.88454532623291 -21.200000762939453 8.858283996582031
    endloop
  endfacet
  facet normal 0.9238798284760324 0 -0.38268271784220526
    outer loop
      vertex 3.88454532623291 -23.200000762939453 10.141716003417969
      vertex 3.88454532623291 -21.200000762939453 10.141716003417969
      vertex 4.050385475158691 -23.200000762939453 10.54209041595459
    endloop
  endfacet
  facet normal 0.9238798284760324 0 0.38268271784220526
    outer loop
      vertex 3.88454532623291 -21.200000762939453 -4.141716003417969
      vertex 4.050385475158691 -25.92705726623535 -4.54209041595459
      vertex 4.050385475158691 -21.200000762939453 -4.54209041595459
    endloop
  endfacet
  facet normal 0 -1 0
    outer loop
      vertex 3.88454532623291 -21.200000762939453 -4.141716003417969
      vertex 4.050385475158691 -21.200000762939453 -4.54209041595459
      vertex 4.950000762939453 -21.200000762939453 -1.5556700229644775
    endloop
  endfacet
  facet normal 0.9238798284760324 0 -0.38268271784220526
    outer loop
      vertex 3.88454532623291 -21.200000762939453 -2.8582839965820312
      vertex 4.050385475158691 -21.200000762939453 -2.45790958404541
      vertex 4.050385475158691 -25.92705726623535 -2.45790958404541
    endloop
  endfacet
  facet normal 0 -1 0
    outer loop
      vertex 3.88454532623291 -21.200000762939453 -2.8582839965820312
      vertex 4.950000762939453 -21.200000762939453 -1.5556700229644775
      vertex 4.050385475158691 -21.200000762939453 -2.45790958404541
    endloop
  endfacet
  facet normal 0 -1 0
    outer loop
      vertex 3.88454532623291 -21.200000762939453 8.858283996582031
      vertex 4.050385475158691 -21.200000762939453 8.45790958404541
      vertex 4.950000762939453 -21.200000762939453 11.444330215454102
    endloop
  endfacet
  facet normal 0.9238798284760324 0 -0.38268271784220526
    outer loop
      vertex 3.88454532623291 -21.200000762939453 10.141716003417969
      vertex 4.050385475158691 -21.200000762939453 10.54209041595459
      vertex 4.050385475158691 -23.200000762939453 10.54209041595459
    endloop
  endfacet
  facet normal 0 -1 0
    outer loop
      vertex 3.88454532623291 -21.200000762939453 10.141716003417969
      vertex 4.950000762939453 -21.200000762939453 11.444330215454102
      vertex 4.050385475158691 -21.200000762939453 10.54209041595459
    endloop
  endfacet
  facet normal 0.8314692086699081 0 0.555570837098058
    outer loop
      vertex 4.050385475158691 -25.92705726623535 -4.54209041595459
      vertex 4.291149139404297 -25.788131713867188 -4.90241813659668
      vertex 4.050385475158691 -21.200000762939453 -4.54209041595459
    endloop
  endfacet
  facet normal 0.8314692086699081 0 -0.555570837098058
    outer loop
      vertex 4.050385475158691 -25.92705726623535 -2.45790958404541
      vertex 4.050385475158691 -21.200000762939453 -2.45790958404541
      vertex 4.291149139404297 -25.788131713867188 -2.0975818634033203
    endloop
  endfacet
  facet normal 0.831469208669908 0 0.5555708370980579
    outer loop
      vertex 4.050385475158691 -23.200000762939453 8.45790958404541
      vertex 4.291149139404297 -23.200000762939453 8.09758186340332
      vertex 4.291149139404297 -21.200000762939453 8.09758186340332
    endloop
  endfacet
  facet normal 0.831469208669908 0 0.5555708370980579
    outer loop
      vertex 4.050385475158691 -23.200000762939453 8.45790958404541
      vertex 4.291149139404297 -21.200000762939453 8.09758186340332
      vertex 4.050385475158691 -21.200000762939453 8.45790958404541
    endloop
  endfacet
  facet normal 0.831469208669908 0 -0.5555708370980579
    outer loop
      vertex 4.050385475158691 -23.200000762939453 10.54209041595459
      vertex 4.050385475158691 -21.200000762939453 10.54209041595459
      vertex 4.291149139404297 -23.200000762939453 10.90241813659668
    endloop
  endfacet
  facet normal 0.8314692086699081 0 0.555570837098058
    outer loop
      vertex 4.050385475158691 -21.200000762939453 -4.54209041595459
      vertex 4.291149139404297 -25.788131713867188 -4.90241813659668
      vertex 4.291149139404297 -21.200000762939453 -4.90241813659668
    endloop
  endfacet
  facet normal 0 -1 0
    outer loop
      vertex 4.050385475158691 -21.200000762939453 -4.54209041595459
      vertex 4.291149139404297 -21.200000762939453 -4.90241813659668
      vertex 4.950000762939453 -21.200000762939453 -1.5556700229644775
    endloop
  endfacet
  facet normal 0.8314692086699081 0 -0.555570837098058
    outer loop
      vertex 4.050385475158691 -21.200000762939453 -2.45790958404541
      vertex 4.291149139404297 -21.200000762939453 -2.0975818634033203
      vertex 4.291149139404297 -25.788131713867188 -2.0975818634033203
    endloop
  endfacet
  facet normal 0 -1 0
    outer loop
      vertex 4.050385475158691 -21.200000762939453 -2.45790958404541
      vertex 4.950000762939453 -21.200000762939453 -1.5556700229644775
      vertex 4.291149139404297 -21.200000762939453 -2.0975818634033203
    endloop
  endfacet
  facet normal 0 -1 0
    outer loop
      vertex 4.050385475158691 -21.200000762939453 8.45790958404541
      vertex 4.291149139404297 -21.200000762939453 8.09758186340332
      vertex 4.950000762939453 -21.200000762939453 11.444330215454102
    endloop
  endfacet
  facet normal 0.831469208669908 0 -0.5555708370980579
    outer loop
      vertex 4.050385475158691 -21.200000762939453 10.54209041595459
      vertex 4.291149139404297 -21.200000762939453 10.90241813659668
      vertex 4.291149139404297 -23.200000762939453 10.90241813659668
    endloop
  endfacet
  facet normal 0 -1 0
    outer loop
      vertex 4.050385475158691 -21.200000762939453 10.54209041595459
      vertex 4.950000762939453 -21.200000762939453 11.444330215454102
      vertex 4.291149139404297 -21.200000762939453 10.90241813659668
    endloop
  endfacet
  facet normal 0.7071067811865476 0 0.7071067811865476
    outer loop
      vertex 4.291149139404297 -25.788131713867188 -4.90241813659668
      vertex 4.59758186340332 -25.611310958862305 -5.208850860595703
      vertex 4.291149139404297 -21.200000762939453 -4.90241813659668
    endloop
  endfacet
  facet normal 0.7071067811865476 0 -0.7071067811865476
    outer loop
      vertex 4.291149139404297 -25.788131713867188 -2.0975818634033203
      vertex 4.291149139404297 -21.200000762939453 -2.0975818634033203
      vertex 4.488731384277344 -23.200000762939453 -1.8999996185302734
    endloop
  endfacet
  facet normal 0.7071067811865475 0 -0.7071067811865475
    outer loop
      vertex 4.291149139404297 -25.788131713867188 -2.0975818634033203
      vertex 4.488731384277344 -23.200000762939453 -1.8999996185302734
      vertex 4.488731384277344 -25.67411994934082 -1.8999996185302734
    endloop
  endfacet
  facet normal 0.7071067811865475 0 0.7071067811865475
    outer loop
      vertex 4.291149139404297 -23.200000762939453 8.09758186340332
      vertex 4.59758186340332 -23.200000762939453 7.791149139404297
      vertex 4.59758186340332 -21.200000762939453 7.791149139404297
    endloop
  endfacet
  facet normal 0.7071067811865475 0 0.7071067811865475
    outer loop
      vertex 4.291149139404297 -23.200000762939453 8.09758186340332
      vertex 4.59758186340332 -21.200000762939453 7.791149139404297
      vertex 4.291149139404297 -21.200000762939453 8.09758186340332
    endloop
  endfacet
  facet normal 0.7071067811865475 0 -0.7071067811865475
    outer loop
      vertex 4.291149139404297 -23.200000762939453 10.90241813659668
      vertex 4.291149139404297 -21.200000762939453 10.90241813659668
      vertex 4.59758186340332 -23.200000762939453 11.208850860595703
    endloop
  endfacet
  facet normal 0.7071067811865476 0 0.7071067811865476
    outer loop
      vertex 4.291149139404297 -21.200000762939453 -4.90241813659668
      vertex 4.59758186340332 -25.611310958862305 -5.208850860595703
      vertex 4.59758186340332 -21.200000762939453 -5.208850860595703
    endloop
  endfacet
  facet normal 0 -1 0
    outer loop
      vertex 4.291149139404297 -21.200000762939453 -4.90241813659668
      vertex 4.59758186340332 -21.200000762939453 -5.208850860595703
      vertex 4.950000762939453 -21.200000762939453 -1.5556700229644775
    endloop
  endfacet
  facet normal 0.7071067811865475 0 -0.7071067811865475
    outer loop
      vertex 4.291149139404297 -21.200000762939453 -2.0975818634033203
      vertex 4.59758186340332 -21.200000762939453 -1.7911491394042969
      vertex 4.488731384277344 -23.200000762939453 -1.8999996185302734
    endloop
  endfacet
  facet normal 0 -1 0
    outer loop
      vertex 4.291149139404297 -21.200000762939453 -2.0975818634033203
      vertex 4.950000762939453 -21.200000762939453 -1.5556700229644775
      vertex 4.59758186340332 -21.200000762939453 -1.7911491394042969
    endloop
  endfacet
  facet normal 0 -1 0
    outer loop
      vertex 4.291149139404297 -21.200000762939453 8.09758186340332
      vertex 4.59758186340332 -21.200000762939453 7.791149139404297
      vertex 4.950000762939453 -21.200000762939453 11.444330215454102
    endloop
  endfacet
  facet normal 0.7071067811865475 0 -0.7071067811865475
    outer loop
      vertex 4.291149139404297 -21.200000762939453 10.90241813659668
      vertex 4.59758186340332 -21.200000762939453 11.208850860595703
      vertex 4.59758186340332 -23.200000762939453 11.208850860595703
    endloop
  endfacet
  facet normal 0 -1 0
    outer loop
      vertex 4.291149139404297 -21.200000762939453 10.90241813659668
      vertex 4.950000762939453 -21.200000762939453 11.444330215454102
      vertex 4.59758186340332 -21.200000762939453 11.208850860595703
    endloop
  endfacet
  facet normal 0.7071067811865475 0 -0.7071067811865475
    outer loop
      vertex 4.488731384277344 -23.200000762939453 -1.8999996185302734
      vertex 4.59758186340332 -21.200000762939453 -1.7911491394042969
      vertex 4.59758186340332 -23.200000762939453 -1.7911491394042969
    endloop
  endfacet
  facet normal 0.555570837098058 0 0.8314692086699081
    outer loop
      vertex 4.59758186340332 -25.611310958862305 -5.208850860595703
      vertex 4.95790958404541 -25.403392791748047 -5.449614524841309
      vertex 4.59758186340332 -21.200000762939453 -5.208850860595703
    endloop
  endfacet
  facet normal 0.5555707813465469 0 -0.8314692459219326
    outer loop
      vertex 4.59758186340332 -23.200000762939453 -1.7911491394042969
      vertex 4.59758186340332 -21.200000762939453 -1.7911491394042969
      vertex 4.950000762939453 -21.200000762939453 -1.5556700229644775
    endloop
  endfacet
  facet normal 0.5555708370980579 -1.4209979979407264e-8 -0.831469208669908
    outer loop
      vertex 4.59758186340332 -23.200000762939453 -1.7911491394042969
      vertex 4.950000762939453 -21.200000762939453 -1.5556700229644775
      vertex 4.95790958404541 -23.200000762939453 -1.5503854751586914
    endloop
  endfacet
  facet normal 0 -1 0
    outer loop
      vertex 4.59758186340332 -23.200000762939453 -1.7911491394042969
      vertex 4.95790958404541 -23.200000762939453 -1.5503854751586914
      vertex 4.59758186340332 -23.200000762939453 7.791149139404297
    endloop
  endfacet
  facet normal 0 -1 0
    outer loop
      vertex 4.59758186340332 -23.200000762939453 7.791149139404297
      vertex 4.95790958404541 -23.200000762939453 -1.5503854751586914
      vertex 5.358283996582031 -23.200000762939453 -1.3845453262329102
    endloop
  endfacet
  facet normal 0.5555708370980579 0 0.831469208669908
    outer loop
      vertex 4.59758186340332 -23.200000762939453 7.791149139404297
      vertex 4.95790958404541 -23.200000762939453 7.550385475158691
      vertex 4.59758186340332 -21.200000762939453 7.791149139404297
    endloop
  endfacet
  facet normal 0 -1 0
    outer loop
      vertex 4.59758186340332 -23.200000762939453 7.791149139404297
      vertex 5.358283996582031 -23.200000762939453 -1.3845453262329102
      vertex 5.783319473266602 -23.200000762939453 -1.3000001907348633
    endloop
  endfacet
  facet normal 0 -1 0
    outer loop
      vertex 4.59758186340332 -23.200000762939453 7.791149139404297
      vertex 5.783319473266602 -23.200000762939453 -1.3000001907348633
      vertex 4.95790958404541 -23.200000762939453 7.550385475158691
    endloop
  endfacet
  facet normal 0.5555711702298278 0 -0.8314689860779292
    outer loop
      vertex 4.59758186340332 -23.200000762939453 11.208850860595703
      vertex 4.59758186340332 -21.200000762939453 11.208850860595703
      vertex 4.950000762939453 -21.200000762939453 11.444330215454102
    endloop
  endfacet
  facet normal 0.5555708370980559 8.490887366948245e-8 -0.831469208669905
    outer loop
      vertex 4.59758186340332 -23.200000762939453 11.208850860595703
      vertex 4.950000762939453 -21.200000762939453 11.444330215454102
      vertex 4.95790958404541 -23.200000762939453 11.449614524841309
    endloop
  endfacet
  facet normal 0 -1 0
    outer loop
      vertex 4.59758186340332 -21.200000762939453 -5.208850860595703
      vertex 4.950000762939453 -21.200000762939453 -5.444330215454102
      vertex 4.950000762939453 -21.200000762939453 -1.5556700229644775
    endloop
  endfacet
  facet normal 0.5555711702298274 4.130679950989425e-8 0.8314689860779285
    outer loop
      vertex 4.59758186340332 -21.200000762939453 -5.208850860595703
      vertex 4.95790958404541 -25.403392791748047 -5.449614524841309
      vertex 4.950000762939453 -21.200000762939453 -5.444330215454102
    endloop
  endfacet
  facet normal 0 -1 0
    outer loop
      vertex 4.59758186340332 -21.200000762939453 7.791149139404297
      vertex 4.950000762939453 -21.200000762939453 7.555669784545898
      vertex 4.950000762939453 -21.200000762939453 11.444330215454102
    endloop
  endfacet
  facet normal 0.5555711702298257 8.681433589774187e-8 0.8314689860779261
    outer loop
      vertex 4.59758186340332 -21.200000762939453 7.791149139404297
      vertex 4.95790958404541 -23.200000762939453 7.550385475158691
      vertex 4.950000762939453 -21.200000762939453 7.555669784545898
    endloop
  endfacet
  facet normal 1 0 0
    outer loop
      vertex 4.950000762939453 -21.200000762939453 -5.444330215454102
      vertex 4.950000762939453 -21 -5.444330215454102
      vertex 4.950000762939453 -21 -4.549999237060547
    endloop
  endfacet
  facet normal 1 0 0
    outer loop
      vertex 4.950000762939453 -21.200000762939453 -5.444330215454102
      vertex 4.950000762939453 -21 -4.549999237060547
      vertex 4.950000762939453 -21.200000762939453 -1.5556700229644775
    endloop
  endfacet
  facet normal 0.5555559923976777 0 0.8314791274055119
    outer loop
      vertex 4.950000762939453 -21.200000762939453 -5.444330215454102
      vertex 4.95790958404541 -25.403392791748047 -5.449614524841309
      vertex 4.95790958404541 -21 -5.449614524841309
    endloop
  endfacet
  facet normal 0.5555559923976777 0 0.8314791274055119
    outer loop
      vertex 4.950000762939453 -21.200000762939453 -5.444330215454102
      vertex 4.95790958404541 -21 -5.449614524841309
      vertex 4.950000762939453 -21 -5.444330215454102
    endloop
  endfacet
  facet normal 1 0 0
    outer loop
      vertex 4.950000762939453 -21.200000762939453 -1.5556700229644775
      vertex 4.950000762939453 -21 -4.549999237060547
      vertex 4.950000762939453 -21 -2.450000762939453
    endloop
  endfacet
  facet normal 1 0 0
    outer loop
      vertex 4.950000762939453 -21.200000762939453 -1.5556700229644775
      vertex 4.950000762939453 -21 -2.450000762939453
      vertex 4.950000762939453 -21 -1.5556700229644775
    endloop
  endfacet
  facet normal 0.5555733213906869 0 -0.8314675487106641
    outer loop
      vertex 4.950000762939453 -21.200000762939453 -1.5556700229644775
      vertex 4.950000762939453 -21 -1.5556700229644775
      vertex 4.95790958404541 -21 -1.5503854751586914
    endloop
  endfacet
  facet normal 0.5555733213906869 0 -0.831467548710664
    outer loop
      vertex 4.950000762939453 -21.200000762939453 -1.5556700229644775
      vertex 4.95790958404541 -21 -1.5503854751586914
      vertex 4.95790958404541 -23.200000762939453 -1.5503854751586914
    endloop
  endfacet
  facet normal 1 0 0
    outer loop
      vertex 4.950000762939453 -21.200000762939453 7.555669784545898
      vertex 4.950000762939453 -21 7.555669784545898
      vertex 4.950000762939453 -21 8.450000762939453
    endloop
  endfacet
  facet normal 1 0 0
    outer loop
      vertex 4.950000762939453 -21.200000762939453 7.555669784545898
      vertex 4.950000762939453 -21 8.450000762939453
      vertex 4.950000762939453 -21.200000762939453 11.444330215454102
    endloop
  endfacet
  facet normal 0.5555559923976777 0 0.831479127405512
    outer loop
      vertex 4.950000762939453 -21.200000762939453 7.555669784545898
      vertex 4.95790958404541 -23.200000762939453 7.550385475158691
      vertex 4.95790958404541 -21 7.550385475158691
    endloop
  endfacet
  facet normal 0.5555559923976777 0 0.8314791274055119
    outer loop
      vertex 4.950000762939453 -21.200000762939453 7.555669784545898
      vertex 4.95790958404541 -21 7.550385475158691
      vertex 4.950000762939453 -21 7.555669784545898
    endloop
  endfacet
  facet normal 1 0 0
    outer loop
      vertex 4.950000762939453 -21.200000762939453 11.444330215454102
      vertex 4.950000762939453 -21 8.450000762939453
      vertex 4.950000762939453 -21 10.549999237060547
    endloop
  endfacet
  facet normal 1 0 0
    outer loop
      vertex 4.950000762939453 -21.200000762939453 11.444330215454102
      vertex 4.950000762939453 -21 10.549999237060547
      vertex 4.950000762939453 -21 11.444330215454102
    endloop
  endfacet
  facet normal 0.5555559923976777 0 -0.8314791274055119
    outer loop
      vertex 4.950000762939453 -21.200000762939453 11.444330215454102
      vertex 4.950000762939453 -21 11.444330215454102
      vertex 4.95790958404541 -21 11.449614524841309
    endloop
  endfacet
  facet normal 0.5555559923976777 0 -0.831479127405512
    outer loop
      vertex 4.950000762939453 -21.200000762939453 11.444330215454102
      vertex 4.95790958404541 -21 11.449614524841309
      vertex 4.95790958404541 -23.200000762939453 11.449614524841309
    endloop
  endfacet
  facet normal 0 -1 0
    outer loop
      vertex 4.950000762939453 -21 -5.444330215454102
      vertex 4.95790958404541 -21 -5.449614524841309
      vertex 4.950000762939453 -21 -4.549999237060547
    endloop
  endfacet
  facet normal 1 0 0
    outer loop
      vertex 4.950000762939453 -21 -4.549999237060547
      vertex 4.950000762939453 -20.80000114440918 -4.549999237060547
      vertex 4.950000762939453 -20.80000114440918 -3.9349241256713867
    endloop
  endfacet
  facet normal 1 0 0
    outer loop
      vertex 4.950000762939453 -21 -4.549999237060547
      vertex 4.950000762939453 -20.80000114440918 -3.9349241256713867
      vertex 4.950000762939453 -21 -2.450000762939453
    endloop
  endfacet
  facet normal 0 -1 0
    outer loop
      vertex 4.950000762939453 -21 -4.549999237060547
      vertex 4.95790958404541 -21 -5.449614524841309
      vertex 5.358283996582031 -21 -5.61545467376709
    endloop
  endfacet
  facet normal 0 -1 0
    outer loop
      vertex 4.950000762939453 -21 -4.549999237060547
      vertex 5.358283996582031 -21 -5.61545467376709
      vertex 5.783319473266602 -21 -5.699999809265137
    endloop
  endfacet
  facet normal 0 0 1
    outer loop
      vertex 4.950000762939453 -21 -4.549999237060547
      vertex 5.565075874328613 -20.80000114440918 -4.549999237060547
      vertex 4.950000762939453 -20.80000114440918 -4.549999237060547
    endloop
  endfacet
  facet normal 0 -1 0
    outer loop
      vertex 4.950000762939453 -21 -4.549999237060547
      vertex 5.783319473266602 -21 -5.699999809265137
      vertex 7.049999237060547 -21 -4.549999237060547
    endloop
  endfacet
  facet normal 0 0 1
    outer loop
      vertex 4.950000762939453 -21 -4.549999237060547
      vertex 7.049999237060547 -21 -4.549999237060547
      vertex 5.565075874328613 -20.80000114440918 -4.549999237060547
    endloop
  endfacet
  facet normal 1 0 0
    outer loop
      vertex 4.950000762939453 -21 -2.450000762939453
      vertex 4.950000762939453 -20.80000114440918 -3.9349241256713867
      vertex 4.950000762939453 -20.80000114440918 -3.0650758743286133
    endloop
  endfacet
  facet normal 1 0 0
    outer loop
      vertex 4.950000762939453 -21 -2.450000762939453
      vertex 4.950000762939453 -20.80000114440918 -3.0650758743286133
      vertex 4.950000762939453 -20.80000114440918 -2.450000762939453
    endloop
  endfacet
  facet normal 0 0 -1
    outer loop
      vertex 4.950000762939453 -21 -2.450000762939453
      vertex 4.950000762939453 -20.80000114440918 -2.450000762939453
      vertex 5.565075874328613 -20.80000114440918 -2.450000762939453
    endloop
  endfacet
  facet normal 0 -1 0
    outer loop
      vertex 4.950000762939453 -21 -2.450000762939453
      vertex 4.95790958404541 -21 -1.5503854751586914
      vertex 4.950000762939453 -21 -1.5556700229644775
    endloop
  endfacet
  facet normal 0 -1 0
    outer loop
      vertex 4.950000762939453 -21 -2.450000762939453
      vertex 5.358283996582031 -21 -1.3845453262329102
      vertex 4.95790958404541 -21 -1.5503854751586914
    endloop
  endfacet
  facet normal 0 0 -1
    outer loop
      vertex 4.950000762939453 -21 -2.450000762939453
      vertex 5.565075874328613 -20.80000114440918 -2.450000762939453
      vertex 7.049999237060547 -21 -2.450000762939453
    endloop
  endfacet
  facet normal 0 -1 0
    outer loop
      vertex 4.950000762939453 -21 -2.450000762939453
      vertex 5.783319473266602 -21 -1.3000001907348633
      vertex 5.358283996582031 -21 -1.3845453262329102
    endloop
  endfacet
  facet normal 0 -1 0
    outer loop
      vertex 4.950000762939453 -21 -2.450000762939453
      vertex 6.216680526733398 -21 -1.3000001907348633
      vertex 5.783319473266602 -21 -1.3000001907348633
    endloop
  endfacet
  facet normal 0 -1 0
    outer loop
      vertex 4.950000762939453 -21 -2.450000762939453
      vertex 7.049999237060547 -21 -2.450000762939453
      vertex 6.216680526733398 -21 -1.3000001907348633
    endloop
  endfacet
  facet normal 0 -1 0
    outer loop
      vertex 4.950000762939453 -21 7.555669784545898
      vertex 4.95790958404541 -21 7.550385475158691
      vertex 4.950000762939453 -21 8.450000762939453
    endloop
  endfacet
  facet normal 1 0 0
    outer loop
      vertex 4.950000762939453 -21 8.450000762939453
      vertex 4.950000762939453 -20.80000114440918 8.450000762939453
      vertex 4.950000762939453 -20.80000114440918 9.065075874328613
    endloop
  endfacet
  facet normal 1 0 0
    outer loop
      vertex 4.950000762939453 -21 8.450000762939453
      vertex 4.950000762939453 -20.80000114440918 9.065075874328613
      vertex 4.950000762939453 -21 10.549999237060547
    endloop
  endfacet
  facet normal 0 -1 0
    outer loop
      vertex 4.950000762939453 -21 8.450000762939453
      vertex 4.95790958404541 -21 7.550385475158691
      vertex 5.358283996582031 -21 7.38454532623291
    endloop
  endfacet
  facet normal 0 -1 0
    outer loop
      vertex 4.950000762939453 -21 8.450000762939453
      vertex 5.358283996582031 -21 7.38454532623291
      vertex 5.783319473266602 -21 7.300000190734863
    endloop
  endfacet
  facet normal 0 0 1
    outer loop
      vertex 4.950000762939453 -21 8.450000762939453
      vertex 5.565075874328613 -20.80000114440918 8.450000762939453
      vertex 4.950000762939453 -20.80000114440918 8.450000762939453
    endloop
  endfacet
  facet normal 0 -1 0
    outer loop
      vertex 4.950000762939453 -21 8.450000762939453
      vertex 5.783319473266602 -21 7.300000190734863
      vertex 7.049999237060547 -21 8.450000762939453
    endloop
  endfacet
  facet normal 0 0 1
    outer loop
      vertex 4.950000762939453 -21 8.450000762939453
      vertex 7.049999237060547 -21 8.450000762939453
      vertex 5.565075874328613 -20.80000114440918 8.450000762939453
    endloop
  endfacet
  facet normal 1 0 0
    outer loop
      vertex 4.950000762939453 -21 10.549999237060547
      vertex 4.950000762939453 -20.80000114440918 9.065075874328613
      vertex 4.950000762939453 -20.80000114440918 9.934924125671387
    endloop
  endfacet
  facet normal 1 0 0
    outer loop
      vertex 4.950000762939453 -21 10.549999237060547
      vertex 4.950000762939453 -20.80000114440918 9.934924125671387
      vertex 4.950000762939453 -20.80000114440918 10.549999237060547
    endloop
  endfacet
  facet normal 0 0 -1
    outer loop
      vertex 4.950000762939453 -21 10.549999237060547
      vertex 4.950000762939453 -20.80000114440918 10.549999237060547
      vertex 5.565075874328613 -20.80000114440918 10.549999237060547
    endloop
  endfacet
  facet normal 0 -1 0
    outer loop
      vertex 4.950000762939453 -21 10.549999237060547
      vertex 4.95790958404541 -21 11.449614524841309
      vertex 4.950000762939453 -21 11.444330215454102
    endloop
  endfacet
  facet normal 0 -1 0
    outer loop
      vertex 4.950000762939453 -21 10.549999237060547
      vertex 5.358283996582031 -21 11.61545467376709
      vertex 4.95790958404541 -21 11.449614524841309
    endloop
  endfacet
  facet normal 0 0 -1
    outer loop
      vertex 4.950000762939453 -21 10.549999237060547
      vertex 5.565075874328613 -20.80000114440918 10.549999237060547
      vertex 7.049999237060547 -21 10.549999237060547
    endloop
  endfacet
  facet normal 0 -1 0
    outer loop
      vertex 4.950000762939453 -21 10.549999237060547
      vertex 5.783319473266602 -21 11.699999809265137
      vertex 5.358283996582031 -21 11.61545467376709
    endloop
  endfacet
  facet normal 0 -1 0
    outer loop
      vertex 4.950000762939453 -21 10.549999237060547
      vertex 6.216680526733398 -21 11.699999809265137
      vertex 5.783319473266602 -21 11.699999809265137
    endloop
  endfacet
  facet normal 0 -1 0
    outer loop
      vertex 4.950000762939453 -21 10.549999237060547
      vertex 7.049999237060547 -21 10.549999237060547
      vertex 6.216680526733398 -21 11.699999809265137
    endloop
  endfacet
  facet normal 0 -1 0
    outer loop
      vertex 4.950000762939453 -20.80000114440918 -4.549999237060547
      vertex 5.565075874328613 -20.80000114440918 -4.549999237060547
      vertex 4.950000762939453 -20.80000114440918 -3.9349241256713867
    endloop
  endfacet
  facet normal 1 0 0
    outer loop
      vertex 4.950000762939453 -20.80000114440918 -3.9349241256713867
      vertex 4.950000762939453 -20.600000381469727 -3.9349241256713867
      vertex 4.950000762939453 -20.600000381469727 -3.6034154891967773
    endloop
  endfacet
  facet normal 1 0 0
    outer loop
      vertex 4.950000762939453 -20.80000114440918 -3.9349241256713867
      vertex 4.950000762939453 -20.600000381469727 -3.6034154891967773
      vertex 4.950000762939453 -20.80000114440918 -3.0650758743286133
    endloop
  endfacet
  facet normal 0.7071067811865476 0 0.7071067811865476
    outer loop
      vertex 4.950000762939453 -20.80000114440918 -3.9349241256713867
      vertex 5.184412002563477 -20.600000381469727 -4.16933536529541
      vertex 4.950000762939453 -20.600000381469727 -3.9349241256713867
    endloop
  endfacet
  facet normal 0.7071067811865476 0 0.7071067811865476
    outer loop
      vertex 4.950000762939453 -20.80000114440918 -3.9349241256713867
      vertex 5.33066463470459 -20.600000381469727 -4.315587997436523
      vertex 5.184412002563477 -20.600000381469727 -4.16933536529541
    endloop
  endfacet
  facet normal 0.7071067811865476 0 0.7071067811865476
    outer loop
      vertex 4.950000762939453 -20.80000114440918 -3.9349241256713867
      vertex 5.565075874328613 -20.80000114440918 -4.549999237060547
      vertex 5.33066463470459 -20.600000381469727 -4.315587997436523
    endloop
  endfacet
  facet normal 1 0 0
    outer loop
      vertex 4.950000762939453 -20.80000114440918 -3.0650758743286133
      vertex 4.950000762939453 -20.600000381469727 -3.6034154891967773
      vertex 4.950000762939453 -20.600000381469727 -3.3965845108032227
    endloop
  endfacet
  facet normal 1 0 0
    outer loop
      vertex 4.950000762939453 -20.80000114440918 -3.0650758743286133
      vertex 4.950000762939453 -20.600000381469727 -3.3965845108032227
      vertex 4.950000762939453 -20.600000381469727 -3.0650758743286133
    endloop
  endfacet
  facet normal 0.7071067811865476 0 -0.7071067811865476
    outer loop
      vertex 4.950000762939453 -20.80000114440918 -3.0650758743286133
      vertex 4.950000762939453 -20.600000381469727 -3.0650758743286133
      vertex 5.184412002563477 -20.600000381469727 -2.83066463470459
    endloop
  endfacet
  facet normal 0.7071067811865476 0 -0.7071067811865476
    outer loop
      vertex 4.950000762939453 -20.80000114440918 -3.0650758743286133
      vertex 5.184412002563477 -20.600000381469727 -2.83066463470459
      vertex 5.565075874328613 -20.80000114440918 -2.450000762939453
    endloop
  endfacet
  facet normal 0 -1 0
    outer loop
      vertex 4.950000762939453 -20.80000114440918 -3.0650758743286133
      vertex 5.565075874328613 -20.80000114440918 -2.450000762939453
      vertex 4.950000762939453 -20.80000114440918 -2.450000762939453
    endloop
  endfacet
  facet normal 0 -1 0
    outer loop
      vertex 4.950000762939453 -20.80000114440918 8.450000762939453
      vertex 5.565075874328613 -20.80000114440918 8.450000762939453
      vertex 4.950000762939453 -20.80000114440918 9.065075874328613
    endloop
  endfacet
  facet normal 1 0 0
    outer loop
      vertex 4.950000762939453 -20.80000114440918 9.065075874328613
      vertex 4.950000762939453 -20.600000381469727 9.065075874328613
      vertex 4.950000762939453 -20.600000381469727 9.396584510803223
    endloop
  endfacet
  facet normal 1 0 0
    outer loop
      vertex 4.950000762939453 -20.80000114440918 9.065075874328613
      vertex 4.950000762939453 -20.600000381469727 9.396584510803223
      vertex 4.950000762939453 -20.80000114440918 9.934924125671387
    endloop
  endfacet
  facet normal 0.7071067811865476 0 0.7071067811865476
    outer loop
      vertex 4.950000762939453 -20.80000114440918 9.065075874328613
      vertex 5.184412002563477 -20.600000381469727 8.83066463470459
      vertex 4.950000762939453 -20.600000381469727 9.065075874328613
    endloop
  endfacet
  facet normal 0.7071067811865476 0 0.7071067811865476
    outer loop
      vertex 4.950000762939453 -20.80000114440918 9.065075874328613
      vertex 5.33066463470459 -20.600000381469727 8.684412002563477
      vertex 5.184412002563477 -20.600000381469727 8.83066463470459
    endloop
  endfacet
  facet normal 0.7071067811865476 0 0.7071067811865476
    outer loop
      vertex 4.950000762939453 -20.80000114440918 9.065075874328613
      vertex 5.565075874328613 -20.80000114440918 8.450000762939453
      vertex 5.33066463470459 -20.600000381469727 8.684412002563477
    endloop
  endfacet
  facet normal 1 0 0
    outer loop
      vertex 4.950000762939453 -20.80000114440918 9.934924125671387
      vertex 4.950000762939453 -20.600000381469727 9.396584510803223
      vertex 4.950000762939453 -20.600000381469727 9.603415489196777
    endloop
  endfacet
  facet normal 1 0 0
    outer loop
      vertex 4.950000762939453 -20.80000114440918 9.934924125671387
      vertex 4.950000762939453 -20.600000381469727 9.603415489196777
      vertex 4.950000762939453 -20.600000381469727 9.934924125671387
    endloop
  endfacet
  facet normal 0.7071067811865476 0 -0.7071067811865476
    outer loop
      vertex 4.950000762939453 -20.80000114440918 9.934924125671387
      vertex 4.950000762939453 -20.600000381469727 9.934924125671387
      vertex 5.184412002563477 -20.600000381469727 10.16933536529541
    endloop
  endfacet
  facet normal 0.7071067811865476 0 -0.7071067811865476
    outer loop
      vertex 4.950000762939453 -20.80000114440918 9.934924125671387
      vertex 5.184412002563477 -20.600000381469727 10.16933536529541
      vertex 5.565075874328613 -20.80000114440918 10.549999237060547
    endloop
  endfacet
  facet normal 0 -1 0
    outer loop
      vertex 4.950000762939453 -20.80000114440918 9.934924125671387
      vertex 5.565075874328613 -20.80000114440918 10.549999237060547
      vertex 4.950000762939453 -20.80000114440918 10.549999237060547
    endloop
  endfacet
  facet normal 0 -1 0
    outer loop
      vertex 4.950000762939453 -20.600000381469727 -3.9349241256713867
      vertex 4.990351676940918 -20.600000381469727 -3.8062734603881836
      vertex 4.950000762939453 -20.600000381469727 -3.6034154891967773
    endloop
  endfacet
  facet normal 0 -1 0
    outer loop
      vertex 4.950000762939453 -20.600000381469727 -3.9349241256713867
      vertex 5.069502830505371 -20.600000381469727 -3.997361183166504
      vertex 4.990351676940918 -20.600000381469727 -3.8062734603881836
    endloop
  endfacet
  facet normal 0 -1 0
    outer loop
      vertex 4.950000762939453 -20.600000381469727 -3.9349241256713867
      vertex 5.184412002563477 -20.600000381469727 -4.16933536529541
      vertex 5.069502830505371 -20.600000381469727 -3.997361183166504
    endloop
  endfacet
  facet normal 1 0 0
    outer loop
      vertex 4.950000762939453 -20.600000381469727 -3.6034154891967773
      vertex 4.950000762939453 -17.200000762939453 -3.6034154891967773
      vertex 4.950000762939453 -20.600000381469727 -3.3965845108032227
    endloop
  endfacet
  facet normal 0.9807853223013114 0 0.1950901113801327
    outer loop
      vertex 4.950000762939453 -20.600000381469727 -3.6034154891967773
      vertex 4.990351676940918 -20.600000381469727 -3.8062734603881836
      vertex 4.990351676940918 -17.200000762939453 -3.8062734603881836
    endloop
  endfacet
  facet normal 0.9807853223013114 0 0.1950901113801327
    outer loop
      vertex 4.950000762939453 -20.600000381469727 -3.6034154891967773
      vertex 4.990351676940918 -17.200000762939453 -3.8062734603881836
      vertex 4.950000762939453 -17.200000762939453 -3.6034154891967773
    endloop
  endfacet
  facet normal 1 0 0
    outer loop
      vertex 4.950000762939453 -20.600000381469727 -3.3965845108032227
      vertex 4.950000762939453 -17.200000762939453 -3.6034154891967773
      vertex 4.950000762939453 -17.200000762939453 -3.3965845108032227
    endloop
  endfacet
  facet normal 0.9807853223013114 0 -0.1950901113801327
    outer loop
      vertex 4.950000762939453 -20.600000381469727 -3.3965845108032227
      vertex 4.950000762939453 -17.200000762939453 -3.3965845108032227
      vertex 4.990351676940918 -20.600000381469727 -3.1937265396118164
    endloop
  endfacet
  facet normal 0 -1 0
    outer loop
      vertex 4.950000762939453 -20.600000381469727 -3.3965845108032227
      vertex 4.990351676940918 -20.600000381469727 -3.1937265396118164
      vertex 4.950000762939453 -20.600000381469727 -3.0650758743286133
    endloop
  endfacet
  facet normal 0 -1 0
    outer loop
      vertex 4.950000762939453 -20.600000381469727 -3.0650758743286133
      vertex 4.990351676940918 -20.600000381469727 -3.1937265396118164
      vertex 5.069502830505371 -20.600000381469727 -3.002638816833496
    endloop
  endfacet
  facet normal 0 -1 0
    outer loop
      vertex 4.950000762939453 -20.600000381469727 -3.0650758743286133
      vertex 5.069502830505371 -20.600000381469727 -3.002638816833496
      vertex 5.184412002563477 -20.600000381469727 -2.83066463470459
    endloop
  endfacet
  facet normal 0 -1 0
    outer loop
      vertex 4.950000762939453 -20.600000381469727 9.065075874328613
      vertex 4.990351676940918 -20.600000381469727 9.193726539611816
      vertex 4.950000762939453 -20.600000381469727 9.396584510803223
    endloop
  endfacet
  facet normal 0 -1 0
    outer loop
      vertex 4.950000762939453 -20.600000381469727 9.065075874328613
      vertex 5.069502830505371 -20.600000381469727 9.002638816833496
      vertex 4.990351676940918 -20.600000381469727 9.193726539611816
    endloop
  endfacet
  facet normal 0 -1 0
    outer loop
      vertex 4.950000762939453 -20.600000381469727 9.065075874328613
      vertex 5.184412002563477 -20.600000381469727 8.83066463470459
      vertex 5.069502830505371 -20.600000381469727 9.002638816833496
    endloop
  endfacet
  facet normal 1 0 0
    outer loop
      vertex 4.950000762939453 -20.600000381469727 9.396584510803223
      vertex 4.950000762939453 -17.200000762939453 9.396584510803223
      vertex 4.950000762939453 -20.600000381469727 9.603415489196777
    endloop
  endfacet
  facet normal 0.9807853223013114 0 0.1950901113801327
    outer loop
      vertex 4.950000762939453 -20.600000381469727 9.396584510803223
      vertex 4.990351676940918 -20.600000381469727 9.193726539611816
      vertex 4.990351676940918 -17.200000762939453 9.193726539611816
    endloop
  endfacet
  facet normal 0.9807853223013114 0 0.1950901113801327
    outer loop
      vertex 4.950000762939453 -20.600000381469727 9.396584510803223
      vertex 4.990351676940918 -17.200000762939453 9.193726539611816
      vertex 4.950000762939453 -17.200000762939453 9.396584510803223
    endloop
  endfacet
  facet normal 1 0 0
    outer loop
      vertex 4.950000762939453 -20.600000381469727 9.603415489196777
      vertex 4.950000762939453 -17.200000762939453 9.396584510803223
      vertex 4.950000762939453 -17.200000762939453 9.603415489196777
    endloop
  endfacet
  facet normal 0.9807853223013114 0 -0.1950901113801327
    outer loop
      vertex 4.950000762939453 -20.600000381469727 9.603415489196777
      vertex 4.950000762939453 -17.200000762939453 9.603415489196777
      vertex 4.990351676940918 -20.600000381469727 9.806273460388184
    endloop
  endfacet
  facet normal 0 -1 0
    outer loop
      vertex 4.950000762939453 -20.600000381469727 9.603415489196777
      vertex 4.990351676940918 -20.600000381469727 9.806273460388184
      vertex 4.950000762939453 -20.600000381469727 9.934924125671387
    endloop
  endfacet
  facet normal 0 -1 0
    outer loop
      vertex 4.950000762939453 -20.600000381469727 9.934924125671387
      vertex 4.990351676940918 -20.600000381469727 9.806273460388184
      vertex 5.069502830505371 -20.600000381469727 9.997361183166504
    endloop
  endfacet
  facet normal 0 -1 0
    outer loop
      vertex 4.950000762939453 -20.600000381469727 9.934924125671387
      vertex 5.069502830505371 -20.600000381469727 9.997361183166504
      vertex 5.184412002563477 -20.600000381469727 10.16933536529541
    endloop
  endfacet
  facet normal 0.9807853223013114 0 -0.1950901113801327
    outer loop
      vertex 4.950000762939453 -17.200000762939453 -3.3965845108032227
      vertex 4.990351676940918 -17.200000762939453 -3.1937265396118164
      vertex 4.990351676940918 -20.600000381469727 -3.1937265396118164
    endloop
  endfacet
  facet normal 0.9807853223013114 0 -0.1950901113801327
    outer loop
      vertex 4.950000762939453 -17.200000762939453 9.603415489196777
      vertex 4.990351676940918 -17.200000762939453 9.806273460388184
      vertex 4.990351676940918 -20.600000381469727 9.806273460388184
    endloop
  endfacet
  facet normal 0.38268271784220526 0 0.9238798284760324
    outer loop
      vertex 4.95790958404541 -25.403392791748047 -5.449614524841309
      vertex 5.358283996582031 -25.172365188598633 -5.61545467376709
      vertex 4.95790958404541 -21 -5.449614524841309
    endloop
  endfacet
  facet normal 0.38268271784220526 0 -0.9238798284760324
    outer loop
      vertex 4.95790958404541 -23.200000762939453 -1.5503854751586914
      vertex 4.95790958404541 -21 -1.5503854751586914
      vertex 5.358283996582031 -21 -1.3845453262329102
    endloop
  endfacet
  facet normal 0.38268271784220526 0 -0.9238798284760324
    outer loop
      vertex 4.95790958404541 -23.200000762939453 -1.5503854751586914
      vertex 5.358283996582031 -21 -1.3845453262329102
      vertex 5.358283996582031 -23.200000762939453 -1.3845453262329102
    endloop
  endfacet
  facet normal 0.38268271784220526 0 0.9238798284760324
    outer loop
      vertex 4.95790958404541 -23.200000762939453 7.550385475158691
      vertex 5.358283996582031 -23.200000762939453 7.38454532623291
      vertex 4.95790958404541 -21 7.550385475158691
    endloop
  endfacet
  facet normal 0 -1 0
    outer loop
      vertex 4.95790958404541 -23.200000762939453 7.550385475158691
      vertex 5.783319473266602 -23.200000762939453 -1.3000001907348633
      vertex 5.358283996582031 -23.200000762939453 7.38454532623291
    endloop
  endfacet
  facet normal 0.38268271784220526 0 -0.9238798284760324
    outer loop
      vertex 4.95790958404541 -23.200000762939453 11.449614524841309
      vertex 4.95790958404541 -21 11.449614524841309
      vertex 5.358283996582031 -21 11.61545467376709
    endloop
  endfacet
  facet normal 0.38268271784220526 0 -0.9238798284760324
    outer loop
      vertex 4.95790958404541 -23.200000762939453 11.449614524841309
      vertex 5.358283996582031 -21 11.61545467376709
      vertex 5.358283996582031 -23.200000762939453 11.61545467376709
    endloop
  endfacet
  facet normal 0.38268271784220526 0 0.9238798284760324
    outer loop
      vertex 4.95790958404541 -21 -5.449614524841309
      vertex 5.358283996582031 -25.172365188598633 -5.61545467376709
      vertex 5.358283996582031 -21 -5.61545467376709
    endloop
  endfacet
  facet normal 0.38268271784220526 0 0.9238798284760324
    outer loop
      vertex 4.95790958404541 -21 7.550385475158691
      vertex 5.358283996582031 -23.200000762939453 7.38454532623291
      vertex 5.358283996582031 -21 7.38454532623291
    endloop
  endfacet
  facet normal 0.9238794860390231 0 0.3826835445590396
    outer loop
      vertex 4.990351676940918 -20.600000381469727 -3.8062734603881836
      vertex 5.069502830505371 -20.600000381469727 -3.997361183166504
      vertex 5.069502830505371 -17.200000762939453 -3.997361183166504
    endloop
  endfacet
  facet normal 0.9238794860390231 0 0.3826835445590396
    outer loop
      vertex 4.990351676940918 -20.600000381469727 -3.8062734603881836
      vertex 5.069502830505371 -17.200000762939453 -3.997361183166504
      vertex 4.990351676940918 -17.200000762939453 -3.8062734603881836
    endloop
  endfacet
  facet normal 0.9238794860390231 0 -0.3826835445590396
    outer loop
      vertex 4.990351676940918 -20.600000381469727 -3.1937265396118164
      vertex 4.990351676940918 -17.200000762939453 -3.1937265396118164
      vertex 5.069502830505371 -20.600000381469727 -3.002638816833496
    endloop
  endfacet
  facet normal 0.9238794860390231 0 0.3826835445590396
    outer loop
      vertex 4.990351676940918 -20.600000381469727 9.193726539611816
      vertex 5.069502830505371 -20.600000381469727 9.002638816833496
      vertex 5.069502830505371 -17.200000762939453 9.002638816833496
    endloop
  endfacet
  facet normal 0.9238794860390231 0 0.3826835445590396
    outer loop
      vertex 4.990351676940918 -20.600000381469727 9.193726539611816
      vertex 5.069502830505371 -17.200000762939453 9.002638816833496
      vertex 4.990351676940918 -17.200000762939453 9.193726539611816
    endloop
  endfacet
  facet normal 0.9238794860390231 0 -0.3826835445590396
    outer loop
      vertex 4.990351676940918 -20.600000381469727 9.806273460388184
      vertex 4.990351676940918 -17.200000762939453 9.806273460388184
      vertex 5.069502830505371 -20.600000381469727 9.997361183166504
    endloop
  endfacet
  facet normal 0.9238794860390231 0 -0.3826835445590396
    outer loop
      vertex 4.990351676940918 -17.200000762939453 -3.1937265396118164
      vertex 5.069502830505371 -17.200000762939453 -3.002638816833496
      vertex 5.069502830505371 -20.600000381469727 -3.002638816833496
    endloop
  endfacet
  facet normal 0.9238794860390231 0 -0.3826835445590396
    outer loop
      vertex 4.990351676940918 -17.200000762939453 9.806273460388184
      vertex 5.069502830505371 -17.200000762939453 9.997361183166504
      vertex 5.069502830505371 -20.600000381469727 9.997361183166504
    endloop
  endfacet
  facet normal 0.8314702883871516 0 0.5555692211861513
    outer loop
      vertex 5.069502830505371 -20.600000381469727 -3.997361183166504
      vertex 5.184412002563477 -20.600000381469727 -4.16933536529541
      vertex 5.184412002563477 -17.200000762939453 -4.16933536529541
    endloop
  endfacet
  facet normal 0.8314702883871516 0 0.5555692211861513
    outer loop
      vertex 5.069502830505371 -20.600000381469727 -3.997361183166504
      vertex 5.184412002563477 -17.200000762939453 -4.16933536529541
      vertex 5.069502830505371 -17.200000762939453 -3.997361183166504
    endloop
  endfacet
  facet normal 0.8314702883871516 0 -0.5555692211861513
    outer loop
      vertex 5.069502830505371 -20.600000381469727 -3.002638816833496
      vertex 5.069502830505371 -17.200000762939453 -3.002638816833496
      vertex 5.184412002563477 -20.600000381469727 -2.83066463470459
    endloop
  endfacet
  facet normal 0.8314702883871516 0 0.5555692211861513
    outer loop
      vertex 5.069502830505371 -20.600000381469727 9.002638816833496
      vertex 5.184412002563477 -20.600000381469727 8.83066463470459
      vertex 5.184412002563477 -17.200000762939453 8.83066463470459
    endloop
  endfacet
  facet normal 0.8314702883871516 0 0.5555692211861513
    outer loop
      vertex 5.069502830505371 -20.600000381469727 9.002638816833496
      vertex 5.184412002563477 -17.200000762939453 8.83066463470459
      vertex 5.069502830505371 -17.200000762939453 9.002638816833496
    endloop
  endfacet
  facet normal 0.8314702883871516 0 -0.5555692211861513
    outer loop
      vertex 5.069502830505371 -20.600000381469727 9.997361183166504
      vertex 5.069502830505371 -17.200000762939453 9.997361183166504
      vertex 5.184412002563477 -20.600000381469727 10.16933536529541
    endloop
  endfacet
  facet normal 0.8314702883871516 0 -0.5555692211861513
    outer loop
      vertex 5.069502830505371 -17.200000762939453 -3.002638816833496
      vertex 5.184412002563477 -17.200000762939453 -2.83066463470459
      vertex 5.184412002563477 -20.600000381469727 -2.83066463470459
    endloop
  endfacet
  facet normal 0.8314702883871516 0 -0.5555692211861513
    outer loop
      vertex 5.069502830505371 -17.200000762939453 9.997361183166504
      vertex 5.184412002563477 -17.200000762939453 10.16933536529541
      vertex 5.184412002563477 -20.600000381469727 10.16933536529541
    endloop
  endfacet
  facet normal 0.7071067811865475 0 0.7071067811865475
    outer loop
      vertex 5.184412002563477 -20.600000381469727 -4.16933536529541
      vertex 5.33066463470459 -20.600000381469727 -4.315587997436523
      vertex 5.33066463470459 -17.200000762939453 -4.315587997436523
    endloop
  endfacet
  facet normal 0.7071067811865475 0 0.7071067811865475
    outer loop
      vertex 5.184412002563477 -20.600000381469727 -4.16933536529541
      vertex 5.33066463470459 -17.200000762939453 -4.315587997436523
      vertex 5.184412002563477 -17.200000762939453 -4.16933536529541
    endloop
  endfacet
  facet normal 0.7071067811865475 0 -0.7071067811865475
    outer loop
      vertex 5.184412002563477 -20.600000381469727 -2.83066463470459
      vertex 5.184412002563477 -17.200000762939453 -2.83066463470459
      vertex 5.33066463470459 -20.600000381469727 -2.6844120025634766
    endloop
  endfacet
  facet normal 0.7071067811865476 0 -0.7071067811865476
    outer loop
      vertex 5.184412002563477 -20.600000381469727 -2.83066463470459
      vertex 5.33066463470459 -20.600000381469727 -2.6844120025634766
      vertex 5.565075874328613 -20.80000114440918 -2.450000762939453
    endloop
  endfacet
  facet normal 0.7071067811865475 0 0.7071067811865475
    outer loop
      vertex 5.184412002563477 -20.600000381469727 8.83066463470459
      vertex 5.33066463470459 -20.600000381469727 8.684412002563477
      vertex 5.33066463470459 -17.200000762939453 8.684412002563477
    endloop
  endfacet
  facet normal 0.7071067811865475 0 0.7071067811865475
    outer loop
      vertex 5.184412002563477 -20.600000381469727 8.83066463470459
      vertex 5.33066463470459 -17.200000762939453 8.684412002563477
      vertex 5.184412002563477 -17.200000762939453 8.83066463470459
    endloop
  endfacet
  facet normal 0.7071067811865475 0 -0.7071067811865475
    outer loop
      vertex 5.184412002563477 -20.600000381469727 10.16933536529541
      vertex 5.184412002563477 -17.200000762939453 10.16933536529541
      vertex 5.33066463470459 -20.600000381469727 10.315587997436523
    endloop
  endfacet
  facet normal 0.7071067811865476 0 -0.7071067811865476
    outer loop
      vertex 5.184412002563477 -20.600000381469727 10.16933536529541
      vertex 5.33066463470459 -20.600000381469727 10.315587997436523
      vertex 5.565075874328613 -20.80000114440918 10.549999237060547
    endloop
  endfacet
  facet normal 0.7071067811865475 0 -0.7071067811865475
    outer loop
      vertex 5.184412002563477 -17.200000762939453 -2.83066463470459
      vertex 5.33066463470459 -17.200000762939453 -2.6844120025634766
      vertex 5.33066463470459 -20.600000381469727 -2.6844120025634766
    endloop
  endfacet
  facet normal 0.7071067811865475 0 -0.7071067811865475
    outer loop
      vertex 5.184412002563477 -17.200000762939453 10.16933536529541
      vertex 5.33066463470459 -17.200000762939453 10.315587997436523
      vertex 5.33066463470459 -20.600000381469727 10.315587997436523
    endloop
  endfacet
  facet normal 0.5555692211861513 0 0.8314702883871516
    outer loop
      vertex 5.33066463470459 -20.600000381469727 -4.315587997436523
      vertex 5.502638816833496 -20.600000381469727 -4.430497169494629
      vertex 5.33066463470459 -17.200000762939453 -4.315587997436523
    endloop
  endfacet
  facet normal 0.7071067811865476 0 0.7071067811865476
    outer loop
      vertex 5.33066463470459 -20.600000381469727 -4.315587997436523
      vertex 5.565075874328613 -20.80000114440918 -4.549999237060547
      vertex 5.565075874328613 -20.600000381469727 -4.549999237060547
    endloop
  endfacet
  facet normal 0 -1 0
    outer loop
      vertex 5.33066463470459 -20.600000381469727 -4.315587997436523
      vertex 5.565075874328613 -20.600000381469727 -4.549999237060547
      vertex 5.502638816833496 -20.600000381469727 -4.430497169494629
    endloop
  endfacet
  facet normal 0.5555692211861513 0 -0.8314702883871516
    outer loop
      vertex 5.33066463470459 -20.600000381469727 -2.6844120025634766
      vertex 5.33066463470459 -17.200000762939453 -2.6844120025634766
      vertex 5.502638816833496 -17.200000762939453 -2.569502830505371
    endloop
  endfacet
  facet normal 0 -1 0
    outer loop
      vertex 5.33066463470459 -20.600000381469727 -2.6844120025634766
      vertex 5.502638816833496 -20.600000381469727 -2.569502830505371
      vertex 5.565075874328613 -20.600000381469727 -2.450000762939453
    endloop
  endfacet
  facet normal 0.5555692211861513 0 -0.8314702883871516
    outer loop
      vertex 5.33066463470459 -20.600000381469727 -2.6844120025634766
      vertex 5.502638816833496 -17.200000762939453 -2.569502830505371
      vertex 5.502638816833496 -20.600000381469727 -2.569502830505371
    endloop
  endfacet
  facet normal 0.7071067811865476 0 -0.7071067811865476
    outer loop
      vertex 5.33066463470459 -20.600000381469727 -2.6844120025634766
      vertex 5.565075874328613 -20.600000381469727 -2.450000762939453
      vertex 5.565075874328613 -20.80000114440918 -2.450000762939453
    endloop
  endfacet
  facet normal 0.5555692211861513 0 0.8314702883871516
    outer loop
      vertex 5.33066463470459 -20.600000381469727 8.684412002563477
      vertex 5.502638816833496 -20.600000381469727 8.569502830505371
      vertex 5.33066463470459 -17.200000762939453 8.684412002563477
    endloop
  endfacet
  facet normal 0.7071067811865476 0 0.7071067811865476
    outer loop
      vertex 5.33066463470459 -20.600000381469727 8.684412002563477
      vertex 5.565075874328613 -20.80000114440918 8.450000762939453
      vertex 5.565075874328613 -20.600000381469727 8.450000762939453
    endloop
  endfacet
  facet normal 0 -1 0
    outer loop
      vertex 5.33066463470459 -20.600000381469727 8.684412002563477
      vertex 5.565075874328613 -20.600000381469727 8.450000762939453
      vertex 5.502638816833496 -20.600000381469727 8.569502830505371
    endloop
  endfacet
  facet normal 0.5555692211861513 0 -0.8314702883871516
    outer loop
      vertex 5.33066463470459 -20.600000381469727 10.315587997436523
      vertex 5.33066463470459 -17.200000762939453 10.315587997436523
      vertex 5.502638816833496 -17.200000762939453 10.430497169494629
    endloop
  endfacet
  facet normal 0 -1 0
    outer loop
      vertex 5.33066463470459 -20.600000381469727 10.315587997436523
      vertex 5.502638816833496 -20.600000381469727 10.430497169494629
      vertex 5.565075874328613 -20.600000381469727 10.549999237060547
    endloop
  endfacet
  facet normal 0.5555692211861513 0 -0.8314702883871516
    outer loop
      vertex 5.33066463470459 -20.600000381469727 10.315587997436523
      vertex 5.502638816833496 -17.200000762939453 10.430497169494629
      vertex 5.502638816833496 -20.600000381469727 10.430497169494629
    endloop
  endfacet
  facet normal 0.7071067811865476 0 -0.7071067811865476
    outer loop
      vertex 5.33066463470459 -20.600000381469727 10.315587997436523
      vertex 5.565075874328613 -20.600000381469727 10.549999237060547
      vertex 5.565075874328613 -20.80000114440918 10.549999237060547
    endloop
  endfacet
  facet normal 0.5555692211861513 0 0.8314702883871516
    outer loop
      vertex 5.33066463470459 -17.200000762939453 -4.315587997436523
      vertex 5.502638816833496 -20.600000381469727 -4.430497169494629
      vertex 5.502638816833496 -17.200000762939453 -4.430497169494629
    endloop
  endfacet
  facet normal 0 1 0
    outer loop
      vertex 5.33066463470459 -17.200000762939453 -4.315587997436523
      vertex 5.502638816833496 -17.200000762939453 -4.430497169494629
      vertex 8.54924488067627 -17.200000762939453 -11.899999618530273
    endloop
  endfacet
  facet normal 0 1 0
    outer loop
      vertex 5.33066463470459 -17.200000762939453 -2.6844120025634766
      vertex 5.33066463470459 -17.200000762939453 8.684412002563477
      vertex 5.502638816833496 -17.200000762939453 -2.569502830505371
    endloop
  endfacet
  facet normal 0.5555692211861513 0 0.8314702883871516
    outer loop
      vertex 5.33066463470459 -17.200000762939453 8.684412002563477
      vertex 5.502638816833496 -20.600000381469727 8.569502830505371
      vertex 5.502638816833496 -17.200000762939453 8.569502830505371
    endloop
  endfacet
  facet normal 0 1 0
    outer loop
      vertex 5.33066463470459 -17.200000762939453 8.684412002563477
      vertex 5.502638816833496 -17.200000762939453 8.569502830505371
      vertex 5.502638816833496 -17.200000762939453 -2.569502830505371
    endloop
  endfacet
  facet normal 0 1 0
    outer loop
      vertex 5.33066463470459 -17.200000762939453 10.315587997436523
      vertex 8.54924488067627 -17.200000762939453 14.899999618530273
      vertex 5.502638816833496 -17.200000762939453 10.430497169494629
    endloop
  endfacet
  facet normal 0.19509103811811032 0 0.9807851379614181
    outer loop
      vertex 5.358283996582031 -25.172365188598633 -5.61545467376709
      vertex 5.783319473266602 -24.927108764648438 -5.699999809265137
      vertex 5.358283996582031 -21 -5.61545467376709
    endloop
  endfacet
  facet normal 0.19509103811811032 0 -0.9807851379614181
    outer loop
      vertex 5.358283996582031 -23.200000762939453 -1.3845453262329102
      vertex 5.358283996582031 -21 -1.3845453262329102
      vertex 5.783319473266602 -21 -1.3000001907348633
    endloop
  endfacet
  facet normal 0.19509103811811032 0 -0.9807851379614181
    outer loop
      vertex 5.358283996582031 -23.200000762939453 -1.3845453262329102
      vertex 5.783319473266602 -21 -1.3000001907348633
      vertex 5.783319473266602 -23.200000762939453 -1.3000001907348633
    endloop
  endfacet
  facet normal 0 -1 0
    outer loop
      vertex 5.358283996582031 -23.200000762939453 7.38454532623291
      vertex 5.783319473266602 -23.200000762939453 -1.3000001907348633
      vertex 5.783319473266602 -23.200000762939453 7.300000190734863
    endloop
  endfacet
  facet normal 0.19509103811811032 0 0.9807851379614181
    outer loop
      vertex 5.358283996582031 -23.200000762939453 7.38454532623291
      vertex 5.783319473266602 -23.200000762939453 7.300000190734863
      vertex 5.358283996582031 -21 7.38454532623291
    endloop
  endfacet
  facet normal 0.19509103811811032 0 -0.9807851379614181
    outer loop
      vertex 5.358283996582031 -23.200000762939453 11.61545467376709
      vertex 5.358283996582031 -21 11.61545467376709
      vertex 5.783319473266602 -21 11.699999809265137
    endloop
  endfacet
  facet normal 0.19509103811811032 0 -0.9807851379614181
    outer loop
      vertex 5.358283996582031 -23.200000762939453 11.61545467376709
      vertex 5.783319473266602 -21 11.699999809265137
      vertex 5.783319473266602 -23.200000762939453 11.699999809265137
    endloop
  endfacet
  facet normal 0.1950910381181103 0 0.9807851379614181
    outer loop
      vertex 5.358283996582031 -21 -5.61545467376709
      vertex 5.783319473266602 -24.927108764648438 -5.699999809265137
      vertex 5.783319473266602 -21 -5.699999809265137
    endloop
  endfacet
  facet normal 0.19509103811811032 0 0.9807851379614181
    outer loop
      vertex 5.358283996582031 -21 7.38454532623291
      vertex 5.783319473266602 -23.200000762939453 7.300000190734863
      vertex 5.783319473266602 -21 7.300000190734863
    endloop
  endfacet
  facet normal 0 -1 0
    outer loop
      vertex 5.502638816833496 -20.600000381469727 -4.430497169494629
      vertex 5.565075874328613 -20.600000381469727 -4.549999237060547
      vertex 5.693726539611816 -20.600000381469727 -4.509648323059082
    endloop
  endfacet
  facet normal 0.3826835445590396 0 0.9238794860390231
    outer loop
      vertex 5.502638816833496 -20.600000381469727 -4.430497169494629
      vertex 5.693726539611816 -20.600000381469727 -4.509648323059082
      vertex 5.502638816833496 -17.200000762939453 -4.430497169494629
    endloop
  endfacet
  facet normal 0.3826835445590396 0 -0.9238794860390231
    outer loop
      vertex 5.502638816833496 -20.600000381469727 -2.569502830505371
      vertex 5.502638816833496 -17.200000762939453 -2.569502830505371
      vertex 5.693726539611816 -17.200000762939453 -2.490351676940918
    endloop
  endfacet
  facet normal 0 -1 0
    outer loop
      vertex 5.502638816833496 -20.600000381469727 -2.569502830505371
      vertex 5.693726539611816 -20.600000381469727 -2.490351676940918
      vertex 5.565075874328613 -20.600000381469727 -2.450000762939453
    endloop
  endfacet
  facet normal 0.3826835445590396 0 -0.9238794860390231
    outer loop
      vertex 5.502638816833496 -20.600000381469727 -2.569502830505371
      vertex 5.693726539611816 -17.200000762939453 -2.490351676940918
      vertex 5.693726539611816 -20.600000381469727 -2.490351676940918
    endloop
  endfacet
  facet normal 0 -1 0
    outer loop
      vertex 5.502638816833496 -20.600000381469727 8.569502830505371
      vertex 5.565075874328613 -20.600000381469727 8.450000762939453
      vertex 5.693726539611816 -20.600000381469727 8.490351676940918
    endloop
  endfacet
  facet normal 0.3826835445590396 0 0.9238794860390231
    outer loop
      vertex 5.502638816833496 -20.600000381469727 8.569502830505371
      vertex 5.693726539611816 -20.600000381469727 8.490351676940918
      vertex 5.502638816833496 -17.200000762939453 8.569502830505371
    endloop
  endfacet
  facet normal 0.3826835445590396 0 -0.9238794860390231
    outer loop
      vertex 5.502638816833496 -20.600000381469727 10.430497169494629
      vertex 5.502638816833496 -17.200000762939453 10.430497169494629
      vertex 5.693726539611816 -17.200000762939453 10.509648323059082
    endloop
  endfacet
  facet normal 0 -1 0
    outer loop
      vertex 5.502638816833496 -20.600000381469727 10.430497169494629
      vertex 5.693726539611816 -20.600000381469727 10.509648323059082
      vertex 5.565075874328613 -20.600000381469727 10.549999237060547
    endloop
  endfacet
  facet normal 0.3826835445590396 0 -0.9238794860390231
    outer loop
      vertex 5.502638816833496 -20.600000381469727 10.430497169494629
      vertex 5.693726539611816 -17.200000762939453 10.509648323059082
      vertex 5.693726539611816 -20.600000381469727 10.509648323059082
    endloop
  endfacet
  facet normal 0.3826835445590396 0 0.9238794860390231
    outer loop
      vertex 5.502638816833496 -17.200000762939453 -4.430497169494629
      vertex 5.693726539611816 -20.600000381469727 -4.509648323059082
      vertex 5.693726539611816 -17.200000762939453 -4.509648323059082
    endloop
  endfacet
  facet normal 0 1 0
    outer loop
      vertex 5.502638816833496 -17.200000762939453 -4.430497169494629
      vertex 5.693726539611816 -17.200000762939453 -4.509648323059082
      vertex 8.54924488067627 -17.200000762939453 -11.899999618530273
    endloop
  endfacet
  facet normal 0 1 0
    outer loop
      vertex 5.502638816833496 -17.200000762939453 -2.569502830505371
      vertex 5.502638816833496 -17.200000762939453 8.569502830505371
      vertex 5.693726539611816 -17.200000762939453 -2.490351676940918
    endloop
  endfacet
  facet normal 0.3826835445590396 0 0.9238794860390231
    outer loop
      vertex 5.502638816833496 -17.200000762939453 8.569502830505371
      vertex 5.693726539611816 -20.600000381469727 8.490351676940918
      vertex 5.693726539611816 -17.200000762939453 8.490351676940918
    endloop
  endfacet
  facet normal 0 1 0
    outer loop
      vertex 5.502638816833496 -17.200000762939453 8.569502830505371
      vertex 5.693726539611816 -17.200000762939453 8.490351676940918
      vertex 5.693726539611816 -17.200000762939453 -2.490351676940918
    endloop
  endfacet
  facet normal 0 1 0
    outer loop
      vertex 5.502638816833496 -17.200000762939453 10.430497169494629
      vertex 8.54924488067627 -17.200000762939453 14.899999618530273
      vertex 5.693726539611816 -17.200000762939453 10.509648323059082
    endloop
  endfacet
  facet normal 0 0 1
    outer loop
      vertex 5.565075874328613 -20.80000114440918 -4.549999237060547
      vertex 5.896584510803223 -20.600000381469727 -4.549999237060547
      vertex 5.565075874328613 -20.600000381469727 -4.549999237060547
    endloop
  endfacet
  facet normal 0 0 1
    outer loop
      vertex 5.565075874328613 -20.80000114440918 -4.549999237060547
      vertex 6.434924125671387 -20.80000114440918 -4.549999237060547
      vertex 5.896584510803223 -20.600000381469727 -4.549999237060547
    endloop
  endfacet
  facet normal 0 0 1
    outer loop
      vertex 5.565075874328613 -20.80000114440918 -4.549999237060547
      vertex 7.049999237060547 -21 -4.549999237060547
      vertex 6.434924125671387 -20.80000114440918 -4.549999237060547
    endloop
  endfacet
  facet normal 0 0 -1
    outer loop
      vertex 5.565075874328613 -20.80000114440918 -2.450000762939453
      vertex 5.565075874328613 -20.600000381469727 -2.450000762939453
      vertex 5.896584510803223 -20.600000381469727 -2.450000762939453
    endloop
  endfacet
  facet normal 0 0 -1
    outer loop
      vertex 5.565075874328613 -20.80000114440918 -2.450000762939453
      vertex 5.896584510803223 -20.600000381469727 -2.450000762939453
      vertex 6.434924125671387 -20.80000114440918 -2.450000762939453
    endloop
  endfacet
  facet normal 0 0 -1
    outer loop
      vertex 5.565075874328613 -20.80000114440918 -2.450000762939453
      vertex 6.434924125671387 -20.80000114440918 -2.450000762939453
      vertex 7.049999237060547 -21 -2.450000762939453
    endloop
  endfacet
  facet normal 0 0 1
    outer loop
      vertex 5.565075874328613 -20.80000114440918 8.450000762939453
      vertex 5.896584510803223 -20.600000381469727 8.450000762939453
      vertex 5.565075874328613 -20.600000381469727 8.450000762939453
    endloop
  endfacet
  facet normal 0 0 1
    outer loop
      vertex 5.565075874328613 -20.80000114440918 8.450000762939453
      vertex 6.434924125671387 -20.80000114440918 8.450000762939453
      vertex 5.896584510803223 -20.600000381469727 8.450000762939453
    endloop
  endfacet
  facet normal 0 0 1
    outer loop
      vertex 5.565075874328613 -20.80000114440918 8.450000762939453
      vertex 7.049999237060547 -21 8.450000762939453
      vertex 6.434924125671387 -20.80000114440918 8.450000762939453
    endloop
  endfacet
  facet normal 0 0 -1
    outer loop
      vertex 5.565075874328613 -20.80000114440918 10.549999237060547
      vertex 5.565075874328613 -20.600000381469727 10.549999237060547
      vertex 5.896584510803223 -20.600000381469727 10.549999237060547
    endloop
  endfacet
  facet normal 0 0 -1
    outer loop
      vertex 5.565075874328613 -20.80000114440918 10.549999237060547
      vertex 5.896584510803223 -20.600000381469727 10.549999237060547
      vertex 6.434924125671387 -20.80000114440918 10.549999237060547
    endloop
  endfacet
  facet normal 0 0 -1
    outer loop
      vertex 5.565075874328613 -20.80000114440918 10.549999237060547
      vertex 6.434924125671387 -20.80000114440918 10.549999237060547
      vertex 7.049999237060547 -21 10.549999237060547
    endloop
  endfacet
  facet normal 0 -1 0
    outer loop
      vertex 5.565075874328613 -20.600000381469727 -4.549999237060547
      vertex 5.896584510803223 -20.600000381469727 -4.549999237060547
      vertex 5.693726539611816 -20.600000381469727 -4.509648323059082
    endloop
  endfacet
  facet normal 0 -1 0
    outer loop
      vertex 5.565075874328613 -20.600000381469727 -2.450000762939453
      vertex 5.693726539611816 -20.600000381469727 -2.490351676940918
      vertex 5.896584510803223 -20.600000381469727 -2.450000762939453
    endloop
  endfacet
  facet normal 0 -1 0
    outer loop
      vertex 5.565075874328613 -20.600000381469727 8.450000762939453
      vertex 5.896584510803223 -20.600000381469727 8.450000762939453
      vertex 5.693726539611816 -20.600000381469727 8.490351676940918
    endloop
  endfacet
  facet normal 0 -1 0
    outer loop
      vertex 5.565075874328613 -20.600000381469727 10.549999237060547
      vertex 5.693726539611816 -20.600000381469727 10.509648323059082
      vertex 5.896584510803223 -20.600000381469727 10.549999237060547
    endloop
  endfacet
  facet normal 0.1950901113801327 0 0.9807853223013114
    outer loop
      vertex 5.693726539611816 -20.600000381469727 -4.509648323059082
      vertex 5.896584510803223 -20.600000381469727 -4.549999237060547
      vertex 5.693726539611816 -17.200000762939453 -4.509648323059082
    endloop
  endfacet
  facet normal 0.1950901113801327 0 -0.9807853223013114
    outer loop
      vertex 5.693726539611816 -20.600000381469727 -2.490351676940918
      vertex 5.693726539611816 -17.200000762939453 -2.490351676940918
      vertex 5.896584510803223 -17.200000762939453 -2.450000762939453
    endloop
  endfacet
  facet normal 0.1950901113801327 0 -0.9807853223013114
    outer loop
      vertex 5.693726539611816 -20.600000381469727 -2.490351676940918
      vertex 5.896584510803223 -17.200000762939453 -2.450000762939453
      vertex 5.896584510803223 -20.600000381469727 -2.450000762939453
    endloop
  endfacet
  facet normal 0.1950901113801327 0 0.9807853223013114
    outer loop
      vertex 5.693726539611816 -20.600000381469727 8.490351676940918
      vertex 5.896584510803223 -20.600000381469727 8.450000762939453
      vertex 5.693726539611816 -17.200000762939453 8.490351676940918
    endloop
  endfacet
  facet normal 0.1950901113801327 0 -0.9807853223013114
    outer loop
      vertex 5.693726539611816 -20.600000381469727 10.509648323059082
      vertex 5.693726539611816 -17.200000762939453 10.509648323059082
      vertex 5.896584510803223 -17.200000762939453 10.549999237060547
    endloop
  endfacet
  facet normal 0.1950901113801327 0 -0.9807853223013114
    outer loop
      vertex 5.693726539611816 -20.600000381469727 10.509648323059082
      vertex 5.896584510803223 -17.200000762939453 10.549999237060547
      vertex 5.896584510803223 -20.600000381469727 10.549999237060547
    endloop
  endfacet
  facet normal 0.1950901113801327 0 0.9807853223013114
    outer loop
      vertex 5.693726539611816 -17.200000762939453 -4.509648323059082
      vertex 5.896584510803223 -20.600000381469727 -4.549999237060547
      vertex 5.896584510803223 -17.200000762939453 -4.549999237060547
    endloop
  endfacet
  facet normal 0 1 0
    outer loop
      vertex 5.693726539611816 -17.200000762939453 -4.509648323059082
      vertex 5.896584510803223 -17.200000762939453 -4.549999237060547
      vertex 8.54924488067627 -17.200000762939453 -11.899999618530273
    endloop
  endfacet
  facet normal 0 1 0
    outer loop
      vertex 5.693726539611816 -17.200000762939453 -2.490351676940918
      vertex 5.693726539611816 -17.200000762939453 8.490351676940918
      vertex 5.896584510803223 -17.200000762939453 -2.450000762939453
    endloop
  endfacet
  facet normal 0.1950901113801327 0 0.9807853223013114
    outer loop
      vertex 5.693726539611816 -17.200000762939453 8.490351676940918
      vertex 5.896584510803223 -20.600000381469727 8.450000762939453
      vertex 5.896584510803223 -17.200000762939453 8.450000762939453
    endloop
  endfacet
  facet normal 0 1 0
    outer loop
      vertex 5.693726539611816 -17.200000762939453 8.490351676940918
      vertex 5.896584510803223 -17.200000762939453 8.450000762939453
      vertex 5.896584510803223 -17.200000762939453 -2.450000762939453
    endloop
  endfacet
  facet normal 0 1 0
    outer loop
      vertex 5.693726539611816 -17.200000762939453 10.509648323059082
      vertex 8.54924488067627 -17.200000762939453 14.899999618530273
      vertex 5.896584510803223 -17.200000762939453 10.549999237060547
    endloop
  endfacet
  facet normal 0 0 1
    outer loop
      vertex 5.783319473266602 -24.927108764648438 -5.699999809265137
      vertex 6.216680526733398 -24.677047729492188 -5.699999809265137
      vertex 5.783319473266602 -21 -5.699999809265137
    endloop
  endfacet
  facet normal 0.4997899962452765 -0.8661466155640124 3.9150560802253414e-7
    outer loop
      vertex 5.783319473266602 -24.927108764648438 -5.699999809265137
      vertex 8.973676681518555 -23.08618927001953 -11.899999618530273
      vertex 6.216680526733398 -24.677047729492188 -5.699999809265137
    endloop
  endfacet
  facet normal 0 0 -1
    outer loop
      vertex 5.783319473266602 -23.200000762939453 -1.3000001907348633
      vertex 5.783319473266602 -21 -1.3000001907348633
      vertex 6.216680526733398 -21 -1.3000001907348633
    endloop
  endfacet
  facet normal 0 -1 0
    outer loop
      vertex 5.783319473266602 -23.200000762939453 -1.3000001907348633
      vertex 6.216680526733398 -23.200000762939453 -1.3000001907348633
      vertex 6.216680526733398 -23.200000762939453 7.300000190734863
    endloop
  endfacet
  facet normal 0 -1 0
    outer loop
      vertex 5.783319473266602 -23.200000762939453 -1.3000001907348633
      vertex 6.216680526733398 -23.200000762939453 7.300000190734863
      vertex 5.783319473266602 -23.200000762939453 7.300000190734863
    endloop
  endfacet
  facet normal 0 0 -1
    outer loop
      vertex 5.783319473266602 -23.200000762939453 -1.3000001907348633
      vertex 6.216680526733398 -21 -1.3000001907348633
      vertex 6.216680526733398 -23.200000762939453 -1.3000001907348633
    endloop
  endfacet
  facet normal 0 0 1
    outer loop
      vertex 5.783319473266602 -23.200000762939453 7.300000190734863
      vertex 6.216680526733398 -23.200000762939453 7.300000190734863
      vertex 5.783319473266602 -21 7.300000190734863
    endloop
  endfacet
  facet normal 0 0 -1
    outer loop
      vertex 5.783319473266602 -23.200000762939453 11.699999809265137
      vertex 5.783319473266602 -21 11.699999809265137
      vertex 6.216680526733398 -21 11.699999809265137
    endloop
  endfacet
  facet normal 0 -1 0
    outer loop
      vertex 5.783319473266602 -23.200000762939453 11.699999809265137
      vertex 6.216680526733398 -23.200000762939453 11.699999809265137
      vertex 8.598490715026855 -23.200000762939453 14.899999618530273
    endloop
  endfacet
  facet normal 0 0 -1
    outer loop
      vertex 5.783319473266602 -23.200000762939453 11.699999809265137
      vertex 6.216680526733398 -21 11.699999809265137
      vertex 6.216680526733398 -23.200000762939453 11.699999809265137
    endloop
  endfacet
  facet normal 0 0 1
    outer loop
      vertex 5.783319473266602 -21 -5.699999809265137
      vertex 6.216680526733398 -24.677047729492188 -5.699999809265137
      vertex 6.216680526733398 -21 -5.699999809265137
    endloop
  endfacet
  facet normal 0 -1 0
    outer loop
      vertex 5.783319473266602 -21 -5.699999809265137
      vertex 6.216680526733398 -21 -5.699999809265137
      vertex 7.049999237060547 -21 -4.549999237060547
    endloop
  endfacet
  facet normal 0 0 1
    outer loop
      vertex 5.783319473266602 -21 7.300000190734863
      vertex 6.216680526733398 -23.200000762939453 7.300000190734863
      vertex 6.216680526733398 -21 7.300000190734863
    endloop
  endfacet
  facet normal 0 -1 0
    outer loop
      vertex 5.783319473266602 -21 7.300000190734863
      vertex 6.216680526733398 -21 7.300000190734863
      vertex 7.049999237060547 -21 8.450000762939453
    endloop
  endfacet
  facet normal 0 0 1
    outer loop
      vertex 5.896584510803223 -20.600000381469727 -4.549999237060547
      vertex 6.103415489196777 -20.600000381469727 -4.549999237060547
      vertex 5.896584510803223 -17.200000762939453 -4.549999237060547
    endloop
  endfacet
  facet normal 0 0 1
    outer loop
      vertex 5.896584510803223 -20.600000381469727 -4.549999237060547
      vertex 6.434924125671387 -20.80000114440918 -4.549999237060547
      vertex 6.103415489196777 -20.600000381469727 -4.549999237060547
    endloop
  endfacet
  facet normal 0 0 -1
    outer loop
      vertex 5.896584510803223 -20.600000381469727 -2.450000762939453
      vertex 5.896584510803223 -17.200000762939453 -2.450000762939453
      vertex 6.103415489196777 -17.200000762939453 -2.450000762939453
    endloop
  endfacet
  facet normal 0 0 -1
    outer loop
      vertex 5.896584510803223 -20.600000381469727 -2.450000762939453
      vertex 6.103415489196777 -20.600000381469727 -2.450000762939453
      vertex 6.434924125671387 -20.80000114440918 -2.450000762939453
    endloop
  endfacet
  facet normal 0 0 -1
    outer loop
      vertex 5.896584510803223 -20.600000381469727 -2.450000762939453
      vertex 6.103415489196777 -17.200000762939453 -2.450000762939453
      vertex 6.103415489196777 -20.600000381469727 -2.450000762939453
    endloop
  endfacet
  facet normal 0 0 1
    outer loop
      vertex 5.896584510803223 -20.600000381469727 8.450000762939453
      vertex 6.103415489196777 -20.600000381469727 8.450000762939453
      vertex 5.896584510803223 -17.200000762939453 8.450000762939453
    endloop
  endfacet
  facet normal 0 0 1
    outer loop
      vertex 5.896584510803223 -20.600000381469727 8.450000762939453
      vertex 6.434924125671387 -20.80000114440918 8.450000762939453
      vertex 6.103415489196777 -20.600000381469727 8.450000762939453
    endloop
  endfacet
  facet normal 0 0 -1
    outer loop
      vertex 5.896584510803223 -20.600000381469727 10.549999237060547
      vertex 5.896584510803223 -17.200000762939453 10.549999237060547
      vertex 6.103415489196777 -17.200000762939453 10.549999237060547
    endloop
  endfacet
  facet normal 0 0 -1
    outer loop
      vertex 5.896584510803223 -20.600000381469727 10.549999237060547
      vertex 6.103415489196777 -20.600000381469727 10.549999237060547
      vertex 6.434924125671387 -20.80000114440918 10.549999237060547
    endloop
  endfacet
  facet normal 0 0 -1
    outer loop
      vertex 5.896584510803223 -20.600000381469727 10.549999237060547
      vertex 6.103415489196777 -17.200000762939453 10.549999237060547
      vertex 6.103415489196777 -20.600000381469727 10.549999237060547
    endloop
  endfacet
  facet normal 0 0 1
    outer loop
      vertex 5.896584510803223 -17.200000762939453 -4.549999237060547
      vertex 6.103415489196777 -20.600000381469727 -4.549999237060547
      vertex 6.103415489196777 -17.200000762939453 -4.549999237060547
    endloop
  endfacet
  facet normal 0 1 0
    outer loop
      vertex 5.896584510803223 -17.200000762939453 -4.549999237060547
      vertex 6.103415489196777 -17.200000762939453 -4.549999237060547
      vertex 8.54924488067627 -17.200000762939453 -11.899999618530273
    endloop
  endfacet
  facet normal 0 1 0
    outer loop
      vertex 5.896584510803223 -17.200000762939453 -2.450000762939453
      vertex 5.896584510803223 -17.200000762939453 8.450000762939453
      vertex 6.103415489196777 -17.200000762939453 8.450000762939453
    endloop
  endfacet
  facet normal 0 1 0
    outer loop
      vertex 5.896584510803223 -17.200000762939453 -2.450000762939453
      vertex 6.103415489196777 -17.200000762939453 8.450000762939453
      vertex 6.103415489196777 -17.200000762939453 -2.450000762939453
    endloop
  endfacet
  facet normal 0 0 1
    outer loop
      vertex 5.896584510803223 -17.200000762939453 8.450000762939453
      vertex 6.103415489196777 -20.600000381469727 8.450000762939453
      vertex 6.103415489196777 -17.200000762939453 8.450000762939453
    endloop
  endfacet
  facet normal 0 1 0
    outer loop
      vertex 5.896584510803223 -17.200000762939453 10.549999237060547
      vertex 8.54924488067627 -17.200000762939453 14.899999618530273
      vertex 6.103415489196777 -17.200000762939453 10.549999237060547
    endloop
  endfacet
  facet normal -0.1950901113801327 0 0.9807853223013114
    outer loop
      vertex 6.103415489196777 -20.600000381469727 -4.549999237060547
      vertex 6.306273460388184 -20.600000381469727 -4.509648323059082
      vertex 6.103415489196777 -17.200000762939453 -4.549999237060547
    endloop
  endfacet
  facet normal 0 0 1
    outer loop
      vertex 6.103415489196777 -20.600000381469727 -4.549999237060547
      vertex 6.434924125671387 -20.80000114440918 -4.549999237060547
      vertex 6.434924125671387 -20.600000381469727 -4.549999237060547
    endloop
  endfacet
  facet normal 0 -1 0
    outer loop
      vertex 6.103415489196777 -20.600000381469727 -4.549999237060547
      vertex 6.434924125671387 -20.600000381469727 -4.549999237060547
      vertex 6.306273460388184 -20.600000381469727 -4.509648323059082
    endloop
  endfacet
  facet normal -0.1950901113801327 0 -0.9807853223013114
    outer loop
      vertex 6.103415489196777 -20.600000381469727 -2.450000762939453
      vertex 6.103415489196777 -17.200000762939453 -2.450000762939453
      vertex 6.306273460388184 -17.200000762939453 -2.490351676940918
    endloop
  endfacet
  facet normal 0 -1 0
    outer loop
      vertex 6.103415489196777 -20.600000381469727 -2.450000762939453
      vertex 6.306273460388184 -20.600000381469727 -2.490351676940918
      vertex 6.434924125671387 -20.600000381469727 -2.450000762939453
    endloop
  endfacet
  facet normal -0.1950901113801327 0 -0.9807853223013114
    outer loop
      vertex 6.103415489196777 -20.600000381469727 -2.450000762939453
      vertex 6.306273460388184 -17.200000762939453 -2.490351676940918
      vertex 6.306273460388184 -20.600000381469727 -2.490351676940918
    endloop
  endfacet
  facet normal 0 0 -1
    outer loop
      vertex 6.103415489196777 -20.600000381469727 -2.450000762939453
      vertex 6.434924125671387 -20.600000381469727 -2.450000762939453
      vertex 6.434924125671387 -20.80000114440918 -2.450000762939453
    endloop
  endfacet
  facet normal -0.1950901113801327 0 0.9807853223013114
    outer loop
      vertex 6.103415489196777 -20.600000381469727 8.450000762939453
      vertex 6.306273460388184 -20.600000381469727 8.490351676940918
      vertex 6.103415489196777 -17.200000762939453 8.450000762939453
    endloop
  endfacet
  facet normal 0 0 1
    outer loop
      vertex 6.103415489196777 -20.600000381469727 8.450000762939453
      vertex 6.434924125671387 -20.80000114440918 8.450000762939453
      vertex 6.434924125671387 -20.600000381469727 8.450000762939453
    endloop
  endfacet
  facet normal 0 -1 0
    outer loop
      vertex 6.103415489196777 -20.600000381469727 8.450000762939453
      vertex 6.434924125671387 -20.600000381469727 8.450000762939453
      vertex 6.306273460388184 -20.600000381469727 8.490351676940918
    endloop
  endfacet
  facet normal -0.1950901113801327 0 -0.9807853223013114
    outer loop
      vertex 6.103415489196777 -20.600000381469727 10.549999237060547
      vertex 6.103415489196777 -17.200000762939453 10.549999237060547
      vertex 6.306273460388184 -17.200000762939453 10.509648323059082
    endloop
  endfacet
  facet normal 0 -1 0
    outer loop
      vertex 6.103415489196777 -20.600000381469727 10.549999237060547
      vertex 6.306273460388184 -20.600000381469727 10.509648323059082
      vertex 6.434924125671387 -20.600000381469727 10.549999237060547
    endloop
  endfacet
  facet normal -0.1950901113801327 0 -0.9807853223013114
    outer loop
      vertex 6.103415489196777 -20.600000381469727 10.549999237060547
      vertex 6.306273460388184 -17.200000762939453 10.509648323059082
      vertex 6.306273460388184 -20.600000381469727 10.509648323059082
    endloop
  endfacet
  facet normal 0 0 -1
    outer loop
      vertex 6.103415489196777 -20.600000381469727 10.549999237060547
      vertex 6.434924125671387 -20.600000381469727 10.549999237060547
      vertex 6.434924125671387 -20.80000114440918 10.549999237060547
    endloop
  endfacet
  facet normal -0.1950901113801327 0 0.9807853223013114
    outer loop
      vertex 6.103415489196777 -17.200000762939453 -4.549999237060547
      vertex 6.306273460388184 -20.600000381469727 -4.509648323059082
      vertex 6.306273460388184 -17.200000762939453 -4.509648323059082
    endloop
  endfacet
  facet normal 0 1 0
    outer loop
      vertex 6.103415489196777 -17.200000762939453 -4.549999237060547
      vertex 6.306273460388184 -17.200000762939453 -4.509648323059082
      vertex 8.54924488067627 -17.200000762939453 -11.899999618530273
    endloop
  endfacet
  facet normal 0 1 0
    outer loop
      vertex 6.103415489196777 -17.200000762939453 -2.450000762939453
      vertex 6.103415489196777 -17.200000762939453 8.450000762939453
      vertex 6.306273460388184 -17.200000762939453 8.490351676940918
    endloop
  endfacet
  facet normal 0 1 0
    outer loop
      vertex 6.103415489196777 -17.200000762939453 -2.450000762939453
      vertex 6.306273460388184 -17.200000762939453 8.490351676940918
      vertex 6.306273460388184 -17.200000762939453 -2.490351676940918
    endloop
  endfacet
  facet normal -0.1950901113801327 0 0.9807853223013114
    outer loop
      vertex 6.103415489196777 -17.200000762939453 8.450000762939453
      vertex 6.306273460388184 -20.600000381469727 8.490351676940918
      vertex 6.306273460388184 -17.200000762939453 8.490351676940918
    endloop
  endfacet
  facet normal 0 1 0
    outer loop
      vertex 6.103415489196777 -17.200000762939453 10.549999237060547
      vertex 8.54924488067627 -17.200000762939453 14.899999618530273
      vertex 6.306273460388184 -17.200000762939453 10.509648323059082
    endloop
  endfacet
  facet normal -0.19509103811811032 0 0.9807851379614182
    outer loop
      vertex 6.216680526733398 -24.677047729492188 -5.699999809265137
      vertex 6.641716003417969 -24.431791305541992 -5.61545467376709
      vertex 6.216680526733398 -21 -5.699999809265137
    endloop
  endfacet
  facet normal 0.49978920027973234 -0.8661470748572319 -8.029189810751846e-8
    outer loop
      vertex 6.216680526733398 -24.677047729492188 -5.699999809265137
      vertex 8.973676681518555 -23.08618927001953 -11.899999618530273
      vertex 6.641716003417969 -24.431791305541992 -5.61545467376709
    endloop
  endfacet
  facet normal -0.19509103811811032 0 -0.9807851379614181
    outer loop
      vertex 6.216680526733398 -23.200000762939453 -1.3000001907348633
      vertex 6.216680526733398 -21 -1.3000001907348633
      vertex 6.641716003417969 -21 -1.3845453262329102
    endloop
  endfacet
  facet normal 0 -1 0
    outer loop
      vertex 6.216680526733398 -23.200000762939453 -1.3000001907348633
      vertex 6.641716003417969 -23.200000762939453 -1.3845453262329102
      vertex 6.641716003417969 -23.200000762939453 7.38454532623291
    endloop
  endfacet
  facet normal 0 -1 0
    outer loop
      vertex 6.216680526733398 -23.200000762939453 -1.3000001907348633
      vertex 6.641716003417969 -23.200000762939453 7.38454532623291
      vertex 6.216680526733398 -23.200000762939453 7.300000190734863
    endloop
  endfacet
  facet normal -0.19509103811811032 0 -0.9807851379614181
    outer loop
      vertex 6.216680526733398 -23.200000762939453 -1.3000001907348633
      vertex 6.641716003417969 -21 -1.3845453262329102
      vertex 6.641716003417969 -23.200000762939453 -1.3845453262329102
    endloop
  endfacet
  facet normal -0.19509103811811032 0 0.9807851379614181
    outer loop
      vertex 6.216680526733398 -23.200000762939453 7.300000190734863
      vertex 6.641716003417969 -23.200000762939453 7.38454532623291
      vertex 6.216680526733398 -21 7.300000190734863
    endloop
  endfacet
  facet normal -0.19509103811811032 0 -0.9807851379614181
    outer loop
      vertex 6.216680526733398 -23.200000762939453 11.699999809265137
      vertex 6.216680526733398 -21 11.699999809265137
      vertex 6.641716003417969 -21 11.61545467376709
    endloop
  endfacet
  facet normal 0 -1 0
    outer loop
      vertex 6.216680526733398 -23.200000762939453 11.699999809265137
      vertex 6.641716003417969 -23.200000762939453 11.61545467376709
      vertex 8.598490715026855 -23.200000762939453 14.899999618530273
    endloop
  endfacet
  facet normal -0.19509103811811032 0 -0.9807851379614181
    outer loop
      vertex 6.216680526733398 -23.200000762939453 11.699999809265137
      vertex 6.641716003417969 -21 11.61545467376709
      vertex 6.641716003417969 -23.200000762939453 11.61545467376709
    endloop
  endfacet
  facet normal -0.19509103811811032 0 0.9807851379614182
    outer loop
      vertex 6.216680526733398 -21 -5.699999809265137
      vertex 6.641716003417969 -24.431791305541992 -5.61545467376709
      vertex 6.641716003417969 -21 -5.61545467376709
    endloop
  endfacet
  facet normal 0 -1 0
    outer loop
      vertex 6.216680526733398 -21 -5.699999809265137
      vertex 6.641716003417969 -21 -5.61545467376709
      vertex 7.049999237060547 -21 -4.549999237060547
    endloop
  endfacet
  facet normal 0 -1 0
    outer loop
      vertex 6.216680526733398 -21 -1.3000001907348633
      vertex 7.049999237060547 -21 -2.450000762939453
      vertex 6.641716003417969 -21 -1.3845453262329102
    endloop
  endfacet
  facet normal -0.19509103811811032 0 0.9807851379614181
    outer loop
      vertex 6.216680526733398 -21 7.300000190734863
      vertex 6.641716003417969 -23.200000762939453 7.38454532623291
      vertex 6.641716003417969 -21 7.38454532623291
    endloop
  endfacet
  facet normal 0 -1 0
    outer loop
      vertex 6.216680526733398 -21 7.300000190734863
      vertex 6.641716003417969 -21 7.38454532623291
      vertex 7.049999237060547 -21 8.450000762939453
    endloop
  endfacet
  facet normal 0 -1 0
    outer loop
      vertex 6.216680526733398 -21 11.699999809265137
      vertex 7.049999237060547 -21 10.549999237060547
      vertex 6.641716003417969 -21 11.61545467376709
    endloop
  endfacet
  facet normal 0 -1 0
    outer loop
      vertex 6.306273460388184 -20.600000381469727 -4.509648323059082
      vertex 6.434924125671387 -20.600000381469727 -4.549999237060547
      vertex 6.497361183166504 -20.600000381469727 -4.430497169494629
    endloop
  endfacet
  facet normal -0.3826835445590396 0 0.9238794860390231
    outer loop
      vertex 6.306273460388184 -20.600000381469727 -4.509648323059082
      vertex 6.497361183166504 -20.600000381469727 -4.430497169494629
      vertex 6.306273460388184 -17.200000762939453 -4.509648323059082
    endloop
  endfacet
  facet normal -0.3826835445590396 0 -0.9238794860390231
    outer loop
      vertex 6.306273460388184 -20.600000381469727 -2.490351676940918
      vertex 6.306273460388184 -17.200000762939453 -2.490351676940918
      vertex 6.497361183166504 -17.200000762939453 -2.569502830505371
    endloop
  endfacet
  facet normal 0 -1 0
    outer loop
      vertex 6.306273460388184 -20.600000381469727 -2.490351676940918
      vertex 6.497361183166504 -20.600000381469727 -2.569502830505371
      vertex 6.434924125671387 -20.600000381469727 -2.450000762939453
    endloop
  endfacet
  facet normal -0.3826835445590396 0 -0.9238794860390231
    outer loop
      vertex 6.306273460388184 -20.600000381469727 -2.490351676940918
      vertex 6.497361183166504 -17.200000762939453 -2.569502830505371
      vertex 6.497361183166504 -20.600000381469727 -2.569502830505371
    endloop
  endfacet
  facet normal 0 -1 0
    outer loop
      vertex 6.306273460388184 -20.600000381469727 8.490351676940918
      vertex 6.434924125671387 -20.600000381469727 8.450000762939453
      vertex 6.497361183166504 -20.600000381469727 8.569502830505371
    endloop
  endfacet
  facet normal -0.3826835445590396 0 0.9238794860390231
    outer loop
      vertex 6.306273460388184 -20.600000381469727 8.490351676940918
      vertex 6.497361183166504 -20.600000381469727 8.569502830505371
      vertex 6.306273460388184 -17.200000762939453 8.490351676940918
    endloop
  endfacet
  facet normal -0.3826835445590396 0 -0.9238794860390231
    outer loop
      vertex 6.306273460388184 -20.600000381469727 10.509648323059082
      vertex 6.306273460388184 -17.200000762939453 10.509648323059082
      vertex 6.497361183166504 -17.200000762939453 10.430497169494629
    endloop
  endfacet
  facet normal 0 -1 0
    outer loop
      vertex 6.306273460388184 -20.600000381469727 10.509648323059082
      vertex 6.497361183166504 -20.600000381469727 10.430497169494629
      vertex 6.434924125671387 -20.600000381469727 10.549999237060547
    endloop
  endfacet
  facet normal -0.3826835445590396 0 -0.9238794860390231
    outer loop
      vertex 6.306273460388184 -20.600000381469727 10.509648323059082
      vertex 6.497361183166504 -17.200000762939453 10.430497169494629
      vertex 6.497361183166504 -20.600000381469727 10.430497169494629
    endloop
  endfacet
  facet normal -0.3826835445590396 0 0.9238794860390231
    outer loop
      vertex 6.306273460388184 -17.200000762939453 -4.509648323059082
      vertex 6.497361183166504 -20.600000381469727 -4.430497169494629
      vertex 6.497361183166504 -17.200000762939453 -4.430497169494629
    endloop
  endfacet
  facet normal 0 1 0
    outer loop
      vertex 6.306273460388184 -17.200000762939453 -4.509648323059082
      vertex 6.497361183166504 -17.200000762939453 -4.430497169494629
      vertex 8.54924488067627 -17.200000762939453 -11.899999618530273
    endloop
  endfacet
  facet normal 0 1 0
    outer loop
      vertex 6.306273460388184 -17.200000762939453 -2.490351676940918
      vertex 6.306273460388184 -17.200000762939453 8.490351676940918
      vertex 6.497361183166504 -17.200000762939453 8.569502830505371
    endloop
  endfacet
  facet normal 0 1 0
    outer loop
      vertex 6.306273460388184 -17.200000762939453 -2.490351676940918
      vertex 6.497361183166504 -17.200000762939453 8.569502830505371
      vertex 6.497361183166504 -17.200000762939453 -2.569502830505371
    endloop
  endfacet
  facet normal -0.3826835445590396 0 0.9238794860390231
    outer loop
      vertex 6.306273460388184 -17.200000762939453 8.490351676940918
      vertex 6.497361183166504 -20.600000381469727 8.569502830505371
      vertex 6.497361183166504 -17.200000762939453 8.569502830505371
    endloop
  endfacet
  facet normal 0 1 0
    outer loop
      vertex 6.306273460388184 -17.200000762939453 10.509648323059082
      vertex 8.54924488067627 -17.200000762939453 14.899999618530273
      vertex 6.497361183166504 -17.200000762939453 10.430497169494629
    endloop
  endfacet
  facet normal -0.7071067811865476 0 0.7071067811865476
    outer loop
      vertex 6.434924125671387 -20.80000114440918 -4.549999237060547
      vertex 6.66933536529541 -20.600000381469727 -4.315587997436523
      vertex 6.434924125671387 -20.600000381469727 -4.549999237060547
    endloop
  endfacet
  facet normal -0.7071067811865476 0 0.7071067811865476
    outer loop
      vertex 6.434924125671387 -20.80000114440918 -4.549999237060547
      vertex 6.815587997436523 -20.600000381469727 -4.16933536529541
      vertex 6.66933536529541 -20.600000381469727 -4.315587997436523
    endloop
  endfacet
  facet normal 0 0 1
    outer loop
      vertex 6.434924125671387 -20.80000114440918 -4.549999237060547
      vertex 7.049999237060547 -21 -4.549999237060547
      vertex 7.049999237060547 -20.80000114440918 -4.549999237060547
    endloop
  endfacet
  facet normal 0 -1 0
    outer loop
      vertex 6.434924125671387 -20.80000114440918 -4.549999237060547
      vertex 7.049999237060547 -20.80000114440918 -4.549999237060547
      vertex 7.049999237060547 -20.80000114440918 -3.9349241256713867
    endloop
  endfacet
  facet normal -0.7071067811865476 0 0.7071067811865476
    outer loop
      vertex 6.434924125671387 -20.80000114440918 -4.549999237060547
      vertex 7.049999237060547 -20.80000114440918 -3.9349241256713867
      vertex 6.815587997436523 -20.600000381469727 -4.16933536529541
    endloop
  endfacet
  facet normal -0.7071067811865476 0 -0.7071067811865476
    outer loop
      vertex 6.434924125671387 -20.80000114440918 -2.450000762939453
      vertex 6.434924125671387 -20.600000381469727 -2.450000762939453
      vertex 6.66933536529541 -20.600000381469727 -2.6844120025634766
    endloop
  endfacet
  facet normal -0.7071067811865476 0 -0.7071067811865476
    outer loop
      vertex 6.434924125671387 -20.80000114440918 -2.450000762939453
      vertex 6.66933536529541 -20.600000381469727 -2.6844120025634766
      vertex 7.049999237060547 -20.80000114440918 -3.0650758743286133
    endloop
  endfacet
  facet normal 0 -1 0
    outer loop
      vertex 6.434924125671387 -20.80000114440918 -2.450000762939453
      vertex 7.049999237060547 -20.80000114440918 -3.0650758743286133
      vertex 7.049999237060547 -20.80000114440918 -2.450000762939453
    endloop
  endfacet
  facet normal 0 0 -1
    outer loop
      vertex 6.434924125671387 -20.80000114440918 -2.450000762939453
      vertex 7.049999237060547 -20.80000114440918 -2.450000762939453
      vertex 7.049999237060547 -21 -2.450000762939453
    endloop
  endfacet
  facet normal -0.7071067811865476 0 0.7071067811865476
    outer loop
      vertex 6.434924125671387 -20.80000114440918 8.450000762939453
      vertex 6.66933536529541 -20.600000381469727 8.684412002563477
      vertex 6.434924125671387 -20.600000381469727 8.450000762939453
    endloop
  endfacet
  facet normal -0.7071067811865476 0 0.7071067811865476
    outer loop
      vertex 6.434924125671387 -20.80000114440918 8.450000762939453
      vertex 6.815587997436523 -20.600000381469727 8.83066463470459
      vertex 6.66933536529541 -20.600000381469727 8.684412002563477
    endloop
  endfacet
  facet normal 0 0 1
    outer loop
      vertex 6.434924125671387 -20.80000114440918 8.450000762939453
      vertex 7.049999237060547 -21 8.450000762939453
      vertex 7.049999237060547 -20.80000114440918 8.450000762939453
    endloop
  endfacet
  facet normal 0 -1 0
    outer loop
      vertex 6.434924125671387 -20.80000114440918 8.450000762939453
      vertex 7.049999237060547 -20.80000114440918 8.450000762939453
      vertex 7.049999237060547 -20.80000114440918 9.065075874328613
    endloop
  endfacet
  facet normal -0.7071067811865476 0 0.7071067811865476
    outer loop
      vertex 6.434924125671387 -20.80000114440918 8.450000762939453
      vertex 7.049999237060547 -20.80000114440918 9.065075874328613
      vertex 6.815587997436523 -20.600000381469727 8.83066463470459
    endloop
  endfacet
  facet normal -0.7071067811865476 0 -0.7071067811865476
    outer loop
      vertex 6.434924125671387 -20.80000114440918 10.549999237060547
      vertex 6.434924125671387 -20.600000381469727 10.549999237060547
      vertex 6.66933536529541 -20.600000381469727 10.315587997436523
    endloop
  endfacet
  facet normal -0.7071067811865476 0 -0.7071067811865476
    outer loop
      vertex 6.434924125671387 -20.80000114440918 10.549999237060547
      vertex 6.66933536529541 -20.600000381469727 10.315587997436523
      vertex 7.049999237060547 -20.80000114440918 9.934924125671387
    endloop
  endfacet
  facet normal 0 -1 0
    outer loop
      vertex 6.434924125671387 -20.80000114440918 10.549999237060547
      vertex 7.049999237060547 -20.80000114440918 9.934924125671387
      vertex 7.049999237060547 -20.80000114440918 10.549999237060547
    endloop
  endfacet
  facet normal 0 0 -1
    outer loop
      vertex 6.434924125671387 -20.80000114440918 10.549999237060547
      vertex 7.049999237060547 -20.80000114440918 10.549999237060547
      vertex 7.049999237060547 -21 10.549999237060547
    endloop
  endfacet
  facet normal 0 -1 0
    outer loop
      vertex 6.434924125671387 -20.600000381469727 -4.549999237060547
      vertex 6.66933536529541 -20.600000381469727 -4.315587997436523
      vertex 6.497361183166504 -20.600000381469727 -4.430497169494629
    endloop
  endfacet
  facet normal 0 -1 0
    outer loop
      vertex 6.434924125671387 -20.600000381469727 -2.450000762939453
      vertex 6.497361183166504 -20.600000381469727 -2.569502830505371
      vertex 6.66933536529541 -20.600000381469727 -2.6844120025634766
    endloop
  endfacet
  facet normal 0 -1 0
    outer loop
      vertex 6.434924125671387 -20.600000381469727 8.450000762939453
      vertex 6.66933536529541 -20.600000381469727 8.684412002563477
      vertex 6.497361183166504 -20.600000381469727 8.569502830505371
    endloop
  endfacet
  facet normal 0 -1 0
    outer loop
      vertex 6.434924125671387 -20.600000381469727 10.549999237060547
      vertex 6.497361183166504 -20.600000381469727 10.430497169494629
      vertex 6.66933536529541 -20.600000381469727 10.315587997436523
    endloop
  endfacet
  facet normal -0.5555692211861513 0 0.8314702883871516
    outer loop
      vertex 6.497361183166504 -20.600000381469727 -4.430497169494629
      vertex 6.66933536529541 -20.600000381469727 -4.315587997436523
      vertex 6.497361183166504 -17.200000762939453 -4.430497169494629
    endloop
  endfacet
  facet normal -0.5555692211861513 0 -0.8314702883871516
    outer loop
      vertex 6.497361183166504 -20.600000381469727 -2.569502830505371
      vertex 6.497361183166504 -17.200000762939453 -2.569502830505371
      vertex 6.66933536529541 -17.200000762939453 -2.6844120025634766
    endloop
  endfacet
  facet normal -0.5555692211861513 0 -0.8314702883871516
    outer loop
      vertex 6.497361183166504 -20.600000381469727 -2.569502830505371
      vertex 6.66933536529541 -17.200000762939453 -2.6844120025634766
      vertex 6.66933536529541 -20.600000381469727 -2.6844120025634766
    endloop
  endfacet
  facet normal -0.5555692211861513 0 0.8314702883871516
    outer loop
      vertex 6.497361183166504 -20.600000381469727 8.569502830505371
      vertex 6.66933536529541 -20.600000381469727 8.684412002563477
      vertex 6.497361183166504 -17.200000762939453 8.569502830505371
    endloop
  endfacet
  facet normal -0.5555692211861513 0 -0.8314702883871516
    outer loop
      vertex 6.497361183166504 -20.600000381469727 10.430497169494629
      vertex 6.497361183166504 -17.200000762939453 10.430497169494629
      vertex 6.66933536529541 -17.200000762939453 10.315587997436523
    endloop
  endfacet
  facet normal -0.5555692211861513 0 -0.8314702883871516
    outer loop
      vertex 6.497361183166504 -20.600000381469727 10.430497169494629
      vertex 6.66933536529541 -17.200000762939453 10.315587997436523
      vertex 6.66933536529541 -20.600000381469727 10.315587997436523
    endloop
  endfacet
  facet normal -0.5555692211861513 0 0.8314702883871516
    outer loop
      vertex 6.497361183166504 -17.200000762939453 -4.430497169494629
      vertex 6.66933536529541 -20.600000381469727 -4.315587997436523
      vertex 6.66933536529541 -17.200000762939453 -4.315587997436523
    endloop
  endfacet
  facet normal 0 1 0
    outer loop
      vertex 6.497361183166504 -17.200000762939453 -4.430497169494629
      vertex 6.66933536529541 -17.200000762939453 -4.315587997436523
      vertex 8.54924488067627 -17.200000762939453 -11.899999618530273
    endloop
  endfacet
  facet normal 0 1 0
    outer loop
      vertex 6.497361183166504 -17.200000762939453 -2.569502830505371
      vertex 6.497361183166504 -17.200000762939453 8.569502830505371
      vertex 6.66933536529541 -17.200000762939453 8.684412002563477
    endloop
  endfacet
  facet normal 0 1 0
    outer loop
      vertex 6.497361183166504 -17.200000762939453 -2.569502830505371
      vertex 6.66933536529541 -17.200000762939453 8.684412002563477
      vertex 6.66933536529541 -17.200000762939453 -2.6844120025634766
    endloop
  endfacet
  facet normal -0.5555692211861513 0 0.8314702883871516
    outer loop
      vertex 6.497361183166504 -17.200000762939453 8.569502830505371
      vertex 6.66933536529541 -20.600000381469727 8.684412002563477
      vertex 6.66933536529541 -17.200000762939453 8.684412002563477
    endloop
  endfacet
  facet normal 0 1 0
    outer loop
      vertex 6.497361183166504 -17.200000762939453 10.430497169494629
      vertex 8.54924488067627 -17.200000762939453 14.899999618530273
      vertex 6.66933536529541 -17.200000762939453 10.315587997436523
    endloop
  endfacet
  facet normal -0.38268271784220526 0 0.9238798284760324
    outer loop
      vertex 6.641716003417969 -24.431791305541992 -5.61545467376709
      vertex 7.04209041595459 -24.20076560974121 -5.449614524841309
      vertex 6.641716003417969 -21 -5.61545467376709
    endloop
  endfacet
  facet normal 0.4997882850675547 -0.8661476029574571 -5.32966128852329e-7
    outer loop
      vertex 6.641716003417969 -24.431791305541992 -5.61545467376709
      vertex 8.973676681518555 -23.08618927001953 -11.899999618530273
      vertex 7.04209041595459 -24.20076560974121 -5.449614524841309
    endloop
  endfacet
  facet normal -0.38268271784220526 0 -0.9238798284760324
    outer loop
      vertex 6.641716003417969 -23.200000762939453 -1.3845453262329102
      vertex 6.641716003417969 -21 -1.3845453262329102
      vertex 7.04209041595459 -21 -1.5503854751586914
    endloop
  endfacet
  facet normal 0 -1 0
    outer loop
      vertex 6.641716003417969 -23.200000762939453 -1.3845453262329102
      vertex 7.04209041595459 -23.200000762939453 -1.5503854751586914
      vertex 7.04209041595459 -23.200000762939453 7.550385475158691
    endloop
  endfacet
  facet normal 0 -1 0
    outer loop
      vertex 6.641716003417969 -23.200000762939453 -1.3845453262329102
      vertex 7.04209041595459 -23.200000762939453 7.550385475158691
      vertex 6.641716003417969 -23.200000762939453 7.38454532623291
    endloop
  endfacet
  facet normal -0.38268271784220526 0 -0.9238798284760324
    outer loop
      vertex 6.641716003417969 -23.200000762939453 -1.3845453262329102
      vertex 7.04209041595459 -21 -1.5503854751586914
      vertex 7.04209041595459 -23.200000762939453 -1.5503854751586914
    endloop
  endfacet
  facet normal -0.38268271784220526 0 0.9238798284760324
    outer loop
      vertex 6.641716003417969 -23.200000762939453 7.38454532623291
      vertex 7.04209041595459 -23.200000762939453 7.550385475158691
      vertex 6.641716003417969 -21 7.38454532623291
    endloop
  endfacet
  facet normal -0.38268271784220526 0 -0.9238798284760324
    outer loop
      vertex 6.641716003417969 -23.200000762939453 11.61545467376709
      vertex 6.641716003417969 -21 11.61545467376709
      vertex 7.04209041595459 -21 11.449614524841309
    endloop
  endfacet
  facet normal 0 -1 0
    outer loop
      vertex 6.641716003417969 -23.200000762939453 11.61545467376709
      vertex 7.04209041595459 -23.200000762939453 11.449614524841309
      vertex 8.598490715026855 -23.200000762939453 14.899999618530273
    endloop
  endfacet
  facet normal -0.38268271784220526 0 -0.9238798284760324
    outer loop
      vertex 6.641716003417969 -23.200000762939453 11.61545467376709
      vertex 7.04209041595459 -21 11.449614524841309
      vertex 7.04209041595459 -23.200000762939453 11.449614524841309
    endloop
  endfacet
  facet normal -0.38268271784220526 0 0.9238798284760324
    outer loop
      vertex 6.641716003417969 -21 -5.61545467376709
      vertex 7.04209041595459 -24.20076560974121 -5.449614524841309
      vertex 7.04209041595459 -21 -5.449614524841309
    endloop
  endfacet
  facet normal 0 -1 0
    outer loop
      vertex 6.641716003417969 -21 -5.61545467376709
      vertex 7.04209041595459 -21 -5.449614524841309
      vertex 7.049999237060547 -21 -4.549999237060547
    endloop
  endfacet
  facet normal 0 -1 0
    outer loop
      vertex 6.641716003417969 -21 -1.3845453262329102
      vertex 7.049999237060547 -21 -2.450000762939453
      vertex 7.04209041595459 -21 -1.5503854751586914
    endloop
  endfacet
  facet normal -0.38268271784220526 0 0.9238798284760324
    outer loop
      vertex 6.641716003417969 -21 7.38454532623291
      vertex 7.04209041595459 -23.200000762939453 7.550385475158691
      vertex 7.04209041595459 -21 7.550385475158691
    endloop
  endfacet
  facet normal 0 -1 0
    outer loop
      vertex 6.641716003417969 -21 7.38454532623291
      vertex 7.04209041595459 -21 7.550385475158691
      vertex 7.049999237060547 -21 8.450000762939453
    endloop
  endfacet
  facet normal 0 -1 0
    outer loop
      vertex 6.641716003417969 -21 11.61545467376709
      vertex 7.049999237060547 -21 10.549999237060547
      vertex 7.04209041595459 -21 11.449614524841309
    endloop
  endfacet
  facet normal -0.7071067811865475 0 0.7071067811865475
    outer loop
      vertex 6.66933536529541 -20.600000381469727 -4.315587997436523
      vertex 6.815587997436523 -20.600000381469727 -4.16933536529541
      vertex 6.815587997436523 -17.200000762939453 -4.16933536529541
    endloop
  endfacet
  facet normal -0.7071067811865475 0 0.7071067811865475
    outer loop
      vertex 6.66933536529541 -20.600000381469727 -4.315587997436523
      vertex 6.815587997436523 -17.200000762939453 -4.16933536529541
      vertex 6.66933536529541 -17.200000762939453 -4.315587997436523
    endloop
  endfacet
  facet normal -0.7071067811865475 0 -0.7071067811865475
    outer loop
      vertex 6.66933536529541 -20.600000381469727 -2.6844120025634766
      vertex 6.66933536529541 -17.200000762939453 -2.6844120025634766
      vertex 6.815587997436523 -20.600000381469727 -2.83066463470459
    endloop
  endfacet
  facet normal -0.7071067811865476 0 -0.7071067811865476
    outer loop
      vertex 6.66933536529541 -20.600000381469727 -2.6844120025634766
      vertex 6.815587997436523 -20.600000381469727 -2.83066463470459
      vertex 7.049999237060547 -20.80000114440918 -3.0650758743286133
    endloop
  endfacet
  facet normal -0.7071067811865475 0 0.7071067811865475
    outer loop
      vertex 6.66933536529541 -20.600000381469727 8.684412002563477
      vertex 6.815587997436523 -20.600000381469727 8.83066463470459
      vertex 6.815587997436523 -17.200000762939453 8.83066463470459
    endloop
  endfacet
  facet normal -0.7071067811865475 0 0.7071067811865475
    outer loop
      vertex 6.66933536529541 -20.600000381469727 8.684412002563477
      vertex 6.815587997436523 -17.200000762939453 8.83066463470459
      vertex 6.66933536529541 -17.200000762939453 8.684412002563477
    endloop
  endfacet
  facet normal -0.7071067811865475 0 -0.7071067811865475
    outer loop
      vertex 6.66933536529541 -20.600000381469727 10.315587997436523
      vertex 6.66933536529541 -17.200000762939453 10.315587997436523
      vertex 6.815587997436523 -20.600000381469727 10.16933536529541
    endloop
  endfacet
  facet normal -0.7071067811865476 0 -0.7071067811865476
    outer loop
      vertex 6.66933536529541 -20.600000381469727 10.315587997436523
      vertex 6.815587997436523 -20.600000381469727 10.16933536529541
      vertex 7.049999237060547 -20.80000114440918 9.934924125671387
    endloop
  endfacet
  facet normal 0 1 0
    outer loop
      vertex 6.66933536529541 -17.200000762939453 -4.315587997436523
      vertex 6.815587997436523 -17.200000762939453 -4.16933536529541
      vertex 8.54924488067627 -17.200000762939453 -11.899999618530273
    endloop
  endfacet
  facet normal 0 1 0
    outer loop
      vertex 6.66933536529541 -17.200000762939453 -2.6844120025634766
      vertex 6.66933536529541 -17.200000762939453 8.684412002563477
      vertex 6.815587997436523 -17.200000762939453 8.83066463470459
    endloop
  endfacet
  facet normal -0.7071067811865475 0 -0.7071067811865475
    outer loop
      vertex 6.66933536529541 -17.200000762939453 -2.6844120025634766
      vertex 6.815587997436523 -17.200000762939453 -2.83066463470459
      vertex 6.815587997436523 -20.600000381469727 -2.83066463470459
    endloop
  endfacet
  facet normal 0 1 0
    outer loop
      vertex 6.66933536529541 -17.200000762939453 -2.6844120025634766
      vertex 6.815587997436523 -17.200000762939453 8.83066463470459
      vertex 6.815587997436523 -17.200000762939453 -2.83066463470459
    endloop
  endfacet
  facet normal -0.7071067811865475 0 -0.7071067811865475
    outer loop
      vertex 6.66933536529541 -17.200000762939453 10.315587997436523
      vertex 6.815587997436523 -17.200000762939453 10.16933536529541
      vertex 6.815587997436523 -20.600000381469727 10.16933536529541
    endloop
  endfacet
  facet normal 0 1 0
    outer loop
      vertex 6.66933536529541 -17.200000762939453 10.315587997436523
      vertex 8.54924488067627 -17.200000762939453 14.899999618530273
      vertex 6.815587997436523 -17.200000762939453 10.16933536529541
    endloop
  endfacet
  facet normal -0.8314702883871516 0 0.5555692211861513
    outer loop
      vertex 6.815587997436523 -20.600000381469727 -4.16933536529541
      vertex 6.930497169494629 -20.600000381469727 -3.997361183166504
      vertex 6.930497169494629 -17.200000762939453 -3.997361183166504
    endloop
  endfacet
  facet normal -0.8314702883871516 0 0.5555692211861513
    outer loop
      vertex 6.815587997436523 -20.600000381469727 -4.16933536529541
      vertex 6.930497169494629 -17.200000762939453 -3.997361183166504
      vertex 6.815587997436523 -17.200000762939453 -4.16933536529541
    endloop
  endfacet
  facet normal -0.7071067811865476 0 0.7071067811865476
    outer loop
      vertex 6.815587997436523 -20.600000381469727 -4.16933536529541
      vertex 7.049999237060547 -20.80000114440918 -3.9349241256713867
      vertex 7.049999237060547 -20.600000381469727 -3.9349241256713867
    endloop
  endfacet
  facet normal 0 -1 0
    outer loop
      vertex 6.815587997436523 -20.600000381469727 -4.16933536529541
      vertex 7.049999237060547 -20.600000381469727 -3.9349241256713867
      vertex 6.930497169494629 -20.600000381469727 -3.997361183166504
    endloop
  endfacet
  facet normal -0.8314702883871516 0 -0.5555692211861513
    outer loop
      vertex 6.815587997436523 -20.600000381469727 -2.83066463470459
      vertex 6.815587997436523 -17.200000762939453 -2.83066463470459
      vertex 6.930497169494629 -20.600000381469727 -3.002638816833496
    endloop
  endfacet
  facet normal 0 -1 0
    outer loop
      vertex 6.815587997436523 -20.600000381469727 -2.83066463470459
      vertex 6.930497169494629 -20.600000381469727 -3.002638816833496
      vertex 7.049999237060547 -20.600000381469727 -3.0650758743286133
    endloop
  endfacet
  facet normal -0.7071067811865476 0 -0.7071067811865476
    outer loop
      vertex 6.815587997436523 -20.600000381469727 -2.83066463470459
      vertex 7.049999237060547 -20.600000381469727 -3.0650758743286133
      vertex 7.049999237060547 -20.80000114440918 -3.0650758743286133
    endloop
  endfacet
  facet normal -0.8314702883871516 0 0.5555692211861513
    outer loop
      vertex 6.815587997436523 -20.600000381469727 8.83066463470459
      vertex 6.930497169494629 -20.600000381469727 9.002638816833496
      vertex 6.930497169494629 -17.200000762939453 9.002638816833496
    endloop
  endfacet
  facet normal -0.8314702883871516 0 0.5555692211861513
    outer loop
      vertex 6.815587997436523 -20.600000381469727 8.83066463470459
      vertex 6.930497169494629 -17.200000762939453 9.002638816833496
      vertex 6.815587997436523 -17.200000762939453 8.83066463470459
    endloop
  endfacet
  facet normal -0.7071067811865476 0 0.7071067811865476
    outer loop
      vertex 6.815587997436523 -20.600000381469727 8.83066463470459
      vertex 7.049999237060547 -20.80000114440918 9.065075874328613
      vertex 7.049999237060547 -20.600000381469727 9.065075874328613
    endloop
  endfacet
  facet normal 0 -1 0
    outer loop
      vertex 6.815587997436523 -20.600000381469727 8.83066463470459
      vertex 7.049999237060547 -20.600000381469727 9.065075874328613
      vertex 6.930497169494629 -20.600000381469727 9.002638816833496
    endloop
  endfacet
  facet normal -0.8314702883871516 0 -0.5555692211861513
    outer loop
      vertex 6.815587997436523 -20.600000381469727 10.16933536529541
      vertex 6.815587997436523 -17.200000762939453 10.16933536529541
      vertex 6.930497169494629 -20.600000381469727 9.997361183166504
    endloop
  endfacet
  facet normal 0 -1 0
    outer loop
      vertex 6.815587997436523 -20.600000381469727 10.16933536529541
      vertex 6.930497169494629 -20.600000381469727 9.997361183166504
      vertex 7.049999237060547 -20.600000381469727 9.934924125671387
    endloop
  endfacet
  facet normal -0.7071067811865476 0 -0.7071067811865476
    outer loop
      vertex 6.815587997436523 -20.600000381469727 10.16933536529541
      vertex 7.049999237060547 -20.600000381469727 9.934924125671387
      vertex 7.049999237060547 -20.80000114440918 9.934924125671387
    endloop
  endfacet
  facet normal 0 1 0
    outer loop
      vertex 6.815587997436523 -17.200000762939453 -4.16933536529541
      vertex 6.930497169494629 -17.200000762939453 -3.997361183166504
      vertex 8.54924488067627 -17.200000762939453 -11.899999618530273
    endloop
  endfacet
  facet normal 0 1 0
    outer loop
      vertex 6.815587997436523 -17.200000762939453 -2.83066463470459
      vertex 6.815587997436523 -17.200000762939453 8.83066463470459
      vertex 6.930497169494629 -17.200000762939453 9.002638816833496
    endloop
  endfacet
  facet normal -0.8314702883871516 0 -0.5555692211861513
    outer loop
      vertex 6.815587997436523 -17.200000762939453 -2.83066463470459
      vertex 6.930497169494629 -17.200000762939453 -3.002638816833496
      vertex 6.930497169494629 -20.600000381469727 -3.002638816833496
    endloop
  endfacet
  facet normal 0 1 0
    outer loop
      vertex 6.815587997436523 -17.200000762939453 -2.83066463470459
      vertex 6.930497169494629 -17.200000762939453 9.002638816833496
      vertex 6.930497169494629 -17.200000762939453 -3.002638816833496
    endloop
  endfacet
  facet normal -0.8314702883871516 0 -0.5555692211861513
    outer loop
      vertex 6.815587997436523 -17.200000762939453 10.16933536529541
      vertex 6.930497169494629 -17.200000762939453 9.997361183166504
      vertex 6.930497169494629 -20.600000381469727 9.997361183166504
    endloop
  endfacet
  facet normal 0 1 0
    outer loop
      vertex 6.815587997436523 -17.200000762939453 10.16933536529541
      vertex 8.54924488067627 -17.200000762939453 14.899999618530273
      vertex 6.930497169494629 -17.200000762939453 9.997361183166504
    endloop
  endfacet
  facet normal -0.9238794860390231 0 0.3826835445590396
    outer loop
      vertex 6.930497169494629 -20.600000381469727 -3.997361183166504
      vertex 7.009648323059082 -20.600000381469727 -3.8062734603881836
      vertex 7.009648323059082 -17.200000762939453 -3.8062734603881836
    endloop
  endfacet
  facet normal -0.9238794860390231 0 0.3826835445590396
    outer loop
      vertex 6.930497169494629 -20.600000381469727 -3.997361183166504
      vertex 7.009648323059082 -17.200000762939453 -3.8062734603881836
      vertex 6.930497169494629 -17.200000762939453 -3.997361183166504
    endloop
  endfacet
  facet normal 0 -1 0
    outer loop
      vertex 6.930497169494629 -20.600000381469727 -3.997361183166504
      vertex 7.049999237060547 -20.600000381469727 -3.9349241256713867
      vertex 7.009648323059082 -20.600000381469727 -3.8062734603881836
    endloop
  endfacet
  facet normal -0.9238794860390231 0 -0.3826835445590396
    outer loop
      vertex 6.930497169494629 -20.600000381469727 -3.002638816833496
      vertex 6.930497169494629 -17.200000762939453 -3.002638816833496
      vertex 7.009648323059082 -20.600000381469727 -3.1937265396118164
    endloop
  endfacet
  facet normal 0 -1 0
    outer loop
      vertex 6.930497169494629 -20.600000381469727 -3.002638816833496
      vertex 7.009648323059082 -20.600000381469727 -3.1937265396118164
      vertex 7.049999237060547 -20.600000381469727 -3.0650758743286133
    endloop
  endfacet
  facet normal -0.9238794860390231 0 0.3826835445590396
    outer loop
      vertex 6.930497169494629 -20.600000381469727 9.002638816833496
      vertex 7.009648323059082 -20.600000381469727 9.193726539611816
      vertex 7.009648323059082 -17.200000762939453 9.193726539611816
    endloop
  endfacet
  facet normal -0.9238794860390231 0 0.3826835445590396
    outer loop
      vertex 6.930497169494629 -20.600000381469727 9.002638816833496
      vertex 7.009648323059082 -17.200000762939453 9.193726539611816
      vertex 6.930497169494629 -17.200000762939453 9.002638816833496
    endloop
  endfacet
  facet normal 0 -1 0
    outer loop
      vertex 6.930497169494629 -20.600000381469727 9.002638816833496
      vertex 7.049999237060547 -20.600000381469727 9.065075874328613
      vertex 7.009648323059082 -20.600000381469727 9.193726539611816
    endloop
  endfacet
  facet normal -0.9238794860390231 0 -0.3826835445590396
    outer loop
      vertex 6.930497169494629 -20.600000381469727 9.997361183166504
      vertex 6.930497169494629 -17.200000762939453 9.997361183166504
      vertex 7.009648323059082 -20.600000381469727 9.806273460388184
    endloop
  endfacet
  facet normal 0 -1 0
    outer loop
      vertex 6.930497169494629 -20.600000381469727 9.997361183166504
      vertex 7.009648323059082 -20.600000381469727 9.806273460388184
      vertex 7.049999237060547 -20.600000381469727 9.934924125671387
    endloop
  endfacet
  facet normal 0 1 0
    outer loop
      vertex 6.930497169494629 -17.200000762939453 -3.997361183166504
      vertex 7.009648323059082 -17.200000762939453 -3.8062734603881836
      vertex 8.54924488067627 -17.200000762939453 -11.899999618530273
    endloop
  endfacet
  facet normal 0 1 0
    outer loop
      vertex 6.930497169494629 -17.200000762939453 -3.002638816833496
      vertex 6.930497169494629 -17.200000762939453 9.002638816833496
      vertex 7.009648323059082 -17.200000762939453 9.193726539611816
    endloop
  endfacet
  facet normal -0.9238794860390231 0 -0.3826835445590396
    outer loop
      vertex 6.930497169494629 -17.200000762939453 -3.002638816833496
      vertex 7.009648323059082 -17.200000762939453 -3.1937265396118164
      vertex 7.009648323059082 -20.600000381469727 -3.1937265396118164
    endloop
  endfacet
  facet normal 0 1 0
    outer loop
      vertex 6.930497169494629 -17.200000762939453 -3.002638816833496
      vertex 7.009648323059082 -17.200000762939453 9.193726539611816
      vertex 7.009648323059082 -17.200000762939453 -3.1937265396118164
    endloop
  endfacet
  facet normal -0.9238794860390231 0 -0.3826835445590396
    outer loop
      vertex 6.930497169494629 -17.200000762939453 9.997361183166504
      vertex 7.009648323059082 -17.200000762939453 9.806273460388184
      vertex 7.009648323059082 -20.600000381469727 9.806273460388184
    endloop
  endfacet
  facet normal 0 1 0
    outer loop
      vertex 6.930497169494629 -17.200000762939453 9.997361183166504
      vertex 8.54924488067627 -17.200000762939453 14.899999618530273
      vertex 7.009648323059082 -17.200000762939453 9.806273460388184
    endloop
  endfacet
  facet normal 0 -1 0
    outer loop
      vertex 7.009648323059082 -20.600000381469727 -3.8062734603881836
      vertex 7.049999237060547 -20.600000381469727 -3.9349241256713867
      vertex 7.049999237060547 -20.600000381469727 -3.6034154891967773
    endloop
  endfacet
  facet normal -0.9807853223013114 0 0.1950901113801327
    outer loop
      vertex 7.009648323059082 -20.600000381469727 -3.8062734603881836
      vertex 7.049999237060547 -20.600000381469727 -3.6034154891967773
      vertex 7.049999237060547 -17.200000762939453 -3.6034154891967773
    endloop
  endfacet
  facet normal -0.9807853223013114 0 0.1950901113801327
    outer loop
      vertex 7.009648323059082 -20.600000381469727 -3.8062734603881836
      vertex 7.049999237060547 -17.200000762939453 -3.6034154891967773
      vertex 7.009648323059082 -17.200000762939453 -3.8062734603881836
    endloop
  endfacet
  facet normal -0.9807853223013114 0 -0.1950901113801327
    outer loop
      vertex 7.009648323059082 -20.600000381469727 -3.1937265396118164
      vertex 7.009648323059082 -17.200000762939453 -3.1937265396118164
      vertex 7.049999237060547 -20.600000381469727 -3.3965845108032227
    endloop
  endfacet
  facet normal 0 -1 0
    outer loop
      vertex 7.009648323059082 -20.600000381469727 -3.1937265396118164
      vertex 7.049999237060547 -20.600000381469727 -3.3965845108032227
      vertex 7.049999237060547 -20.600000381469727 -3.0650758743286133
    endloop
  endfacet
  facet normal 0 -1 0
    outer loop
      vertex 7.009648323059082 -20.600000381469727 9.193726539611816
      vertex 7.049999237060547 -20.600000381469727 9.065075874328613
      vertex 7.049999237060547 -20.600000381469727 9.396584510803223
    endloop
  endfacet
  facet normal -0.9807853223013114 0 0.1950901113801327
    outer loop
      vertex 7.009648323059082 -20.600000381469727 9.193726539611816
      vertex 7.049999237060547 -20.600000381469727 9.396584510803223
      vertex 7.049999237060547 -17.200000762939453 9.396584510803223
    endloop
  endfacet
  facet normal -0.9807853223013114 0 0.1950901113801327
    outer loop
      vertex 7.009648323059082 -20.600000381469727 9.193726539611816
      vertex 7.049999237060547 -17.200000762939453 9.396584510803223
      vertex 7.009648323059082 -17.200000762939453 9.193726539611816
    endloop
  endfacet
  facet normal -0.9807853223013114 0 -0.1950901113801327
    outer loop
      vertex 7.009648323059082 -20.600000381469727 9.806273460388184
      vertex 7.009648323059082 -17.200000762939453 9.806273460388184
      vertex 7.049999237060547 -20.600000381469727 9.603415489196777
    endloop
  endfacet
  facet normal 0 -1 0
    outer loop
      vertex 7.009648323059082 -20.600000381469727 9.806273460388184
      vertex 7.049999237060547 -20.600000381469727 9.603415489196777
      vertex 7.049999237060547 -20.600000381469727 9.934924125671387
    endloop
  endfacet
  facet normal 0 1 0
    outer loop
      vertex 7.009648323059082 -17.200000762939453 -3.8062734603881836
      vertex 7.049999237060547 -17.200000762939453 -3.6034154891967773
      vertex 8.54924488067627 -17.200000762939453 -11.899999618530273
    endloop
  endfacet
  facet normal 0 1 0
    outer loop
      vertex 7.009648323059082 -17.200000762939453 -3.1937265396118164
      vertex 7.009648323059082 -17.200000762939453 9.193726539611816
      vertex 7.049999237060547 -17.200000762939453 -3.3965845108032227
    endloop
  endfacet
  facet normal -0.9807853223013114 0 -0.1950901113801327
    outer loop
      vertex 7.009648323059082 -17.200000762939453 -3.1937265396118164
      vertex 7.049999237060547 -17.200000762939453 -3.3965845108032227
      vertex 7.049999237060547 -20.600000381469727 -3.3965845108032227
    endloop
  endfacet
  facet normal 0 1 0
    outer loop
      vertex 7.009648323059082 -17.200000762939453 9.193726539611816
      vertex 7.049999237060547 -17.200000762939453 9.396584510803223
      vertex 7.049999237060547 -17.200000762939453 -3.3965845108032227
    endloop
  endfacet
  facet normal -0.9807853223013114 0 -0.1950901113801327
    outer loop
      vertex 7.009648323059082 -17.200000762939453 9.806273460388184
      vertex 7.049999237060547 -17.200000762939453 9.603415489196777
      vertex 7.049999237060547 -20.600000381469727 9.603415489196777
    endloop
  endfacet
  facet normal 0 1 0
    outer loop
      vertex 7.009648323059082 -17.200000762939453 9.806273460388184
      vertex 8.54924488067627 -17.200000762939453 14.899999618530273
      vertex 7.049999237060547 -17.200000762939453 9.603415489196777
    endloop
  endfacet
  facet normal -0.5555559923976777 0 0.8314791274055119
    outer loop
      vertex 7.04209041595459 -24.20076560974121 -5.449614524841309
      vertex 7.049999237060547 -21.200000762939453 -5.444330215454102
      vertex 7.04209041595459 -21 -5.449614524841309
    endloop
  endfacet
  facet normal -0.5555708597081932 5.667768350963079e-8 0.8314691935622726
    outer loop
      vertex 7.04209041595459 -24.20076560974121 -5.449614524841309
      vertex 7.40241813659668 -23.99284553527832 -5.208850860595703
      vertex 7.049999237060547 -21.200000762939453 -5.444330215454102
    endloop
  endfacet
  facet normal 0.49979180491136344 -0.8661455719119513 8.720100224836028e-7
    outer loop
      vertex 7.04209041595459 -24.20076560974121 -5.449614524841309
      vertex 8.973676681518555 -23.08618927001953 -11.899999618530273
      vertex 7.40241813659668 -23.99284553527832 -5.208850860595703
    endloop
  endfacet
  facet normal -0.5555733213906869 0 -0.831467548710664
    outer loop
      vertex 7.04209041595459 -23.200000762939453 -1.5503854751586914
      vertex 7.04209041595459 -21 -1.5503854751586914
      vertex 7.049999237060547 -21.200000762939453 -1.5556700229644775
    endloop
  endfacet
  facet normal -0.5555708370980579 -1.4209979979407264e-8 -0.831469208669908
    outer loop
      vertex 7.04209041595459 -23.200000762939453 -1.5503854751586914
      vertex 7.049999237060547 -21.200000762939453 -1.5556700229644775
      vertex 7.40241813659668 -23.200000762939453 -1.7911491394042969
    endloop
  endfacet
  facet normal 0 -1 0
    outer loop
      vertex 7.04209041595459 -23.200000762939453 -1.5503854751586914
      vertex 7.40241813659668 -23.200000762939453 -1.7911491394042969
      vertex 8.598490715026855 -23.200000762939453 -1.8999996185302734
    endloop
  endfacet
  facet normal 0 -1 0
    outer loop
      vertex 7.04209041595459 -23.200000762939453 -1.5503854751586914
      vertex 8.598490715026855 -23.200000762939453 -1.8999996185302734
      vertex 7.04209041595459 -23.200000762939453 7.550385475158691
    endloop
  endfacet
  facet normal -0.5555559923976777 0 0.831479127405512
    outer loop
      vertex 7.04209041595459 -23.200000762939453 7.550385475158691
      vertex 7.049999237060547 -21.200000762939453 7.555669784545898
      vertex 7.04209041595459 -21 7.550385475158691
    endloop
  endfacet
  facet normal -0.5555708370980559 8.490887366948245e-8 0.831469208669905
    outer loop
      vertex 7.04209041595459 -23.200000762939453 7.550385475158691
      vertex 7.40241813659668 -23.200000762939453 7.791149139404297
      vertex 7.049999237060547 -21.200000762939453 7.555669784545898
    endloop
  endfacet
  facet normal 0 -1 0
    outer loop
      vertex 7.04209041595459 -23.200000762939453 7.550385475158691
      vertex 8.598490715026855 -23.200000762939453 -1.8999996185302734
      vertex 7.40241813659668 -23.200000762939453 7.791149139404297
    endloop
  endfacet
  facet normal -0.5555559923976777 0 -0.831479127405512
    outer loop
      vertex 7.04209041595459 -23.200000762939453 11.449614524841309
      vertex 7.04209041595459 -21 11.449614524841309
      vertex 7.049999237060547 -21.200000762939453 11.444330215454102
    endloop
  endfacet
  facet normal -0.5555708370980559 8.490887366948245e-8 -0.831469208669905
    outer loop
      vertex 7.04209041595459 -23.200000762939453 11.449614524841309
      vertex 7.049999237060547 -21.200000762939453 11.444330215454102
      vertex 7.40241813659668 -23.200000762939453 11.208850860595703
    endloop
  endfacet
  facet normal 0 -1 0
    outer loop
      vertex 7.04209041595459 -23.200000762939453 11.449614524841309
      vertex 7.40241813659668 -23.200000762939453 11.208850860595703
      vertex 8.598490715026855 -23.200000762939453 14.899999618530273
    endloop
  endfacet
  facet normal -0.5555559923976777 0 0.8314791274055119
    outer loop
      vertex 7.04209041595459 -21 -5.449614524841309
      vertex 7.049999237060547 -21.200000762939453 -5.444330215454102
      vertex 7.049999237060547 -21 -5.444330215454102
    endloop
  endfacet
  facet normal 0 -1 0
    outer loop
      vertex 7.04209041595459 -21 -5.449614524841309
      vertex 7.049999237060547 -21 -5.444330215454102
      vertex 7.049999237060547 -21 -4.549999237060547
    endloop
  endfacet
  facet normal 0 -1 0
    outer loop
      vertex 7.04209041595459 -21 -1.5503854751586914
      vertex 7.049999237060547 -21 -2.450000762939453
      vertex 7.049999237060547 -21 -1.5556700229644775
    endloop
  endfacet
  facet normal -0.5555733213906869 0 -0.8314675487106641
    outer loop
      vertex 7.04209041595459 -21 -1.5503854751586914
      vertex 7.049999237060547 -21 -1.5556700229644775
      vertex 7.049999237060547 -21.200000762939453 -1.5556700229644775
    endloop
  endfacet
  facet normal -0.5555559923976777 0 0.8314791274055119
    outer loop
      vertex 7.04209041595459 -21 7.550385475158691
      vertex 7.049999237060547 -21.200000762939453 7.555669784545898
      vertex 7.049999237060547 -21 7.555669784545898
    endloop
  endfacet
  facet normal 0 -1 0
    outer loop
      vertex 7.04209041595459 -21 7.550385475158691
      vertex 7.049999237060547 -21 7.555669784545898
      vertex 7.049999237060547 -21 8.450000762939453
    endloop
  endfacet
  facet normal 0 -1 0
    outer loop
      vertex 7.04209041595459 -21 11.449614524841309
      vertex 7.049999237060547 -21 10.549999237060547
      vertex 7.049999237060547 -21 11.444330215454102
    endloop
  endfacet
  facet normal -0.5555559923976777 0 -0.8314791274055119
    outer loop
      vertex 7.04209041595459 -21 11.449614524841309
      vertex 7.049999237060547 -21 11.444330215454102
      vertex 7.049999237060547 -21.200000762939453 11.444330215454102
    endloop
  endfacet
  facet normal -1 0 0
    outer loop
      vertex 7.049999237060547 -21.200000762939453 -5.444330215454102
      vertex 7.049999237060547 -21.200000762939453 -1.5556700229644775
      vertex 7.049999237060547 -21 -2.450000762939453
    endloop
  endfacet
  facet normal -1 0 0
    outer loop
      vertex 7.049999237060547 -21.200000762939453 -5.444330215454102
      vertex 7.049999237060547 -21 -4.549999237060547
      vertex 7.049999237060547 -21 -5.444330215454102
    endloop
  endfacet
  facet normal -1 0 0
    outer loop
      vertex 7.049999237060547 -21.200000762939453 -5.444330215454102
      vertex 7.049999237060547 -21 -2.450000762939453
      vertex 7.049999237060547 -21 -4.549999237060547
    endloop
  endfacet
  facet normal -0.5555711702298278 0 0.8314689860779293
    outer loop
      vertex 7.049999237060547 -21.200000762939453 -5.444330215454102
      vertex 7.40241813659668 -23.99284553527832 -5.208850860595703
      vertex 7.40241813659668 -21.200000762939453 -5.208850860595703
    endloop
  endfacet
  facet normal 0 -1 0
    outer loop
      vertex 7.049999237060547 -21.200000762939453 -5.444330215454102
      vertex 7.40241813659668 -21.200000762939453 -5.208850860595703
      vertex 7.049999237060547 -21.200000762939453 -1.5556700229644775
    endloop
  endfacet
  facet normal -1 0 0
    outer loop
      vertex 7.049999237060547 -21.200000762939453 -1.5556700229644775
      vertex 7.049999237060547 -21 -1.5556700229644775
      vertex 7.049999237060547 -21 -2.450000762939453
    endloop
  endfacet
  facet normal 0 -1 0
    outer loop
      vertex 7.049999237060547 -21.200000762939453 -1.5556700229644775
      vertex 7.40241813659668 -21.200000762939453 -5.208850860595703
      vertex 7.708850860595703 -21.200000762939453 -4.90241813659668
    endloop
  endfacet
  facet normal -0.5555707813465469 0 -0.8314692459219326
    outer loop
      vertex 7.049999237060547 -21.200000762939453 -1.5556700229644775
      vertex 7.40241813659668 -21.200000762939453 -1.7911491394042969
      vertex 7.40241813659668 -23.200000762939453 -1.7911491394042969
    endloop
  endfacet
  facet normal 0 -1 0
    outer loop
      vertex 7.049999237060547 -21.200000762939453 -1.5556700229644775
      vertex 7.708850860595703 -21.200000762939453 -4.90241813659668
      vertex 7.949614524841309 -21.200000762939453 -4.54209041595459
    endloop
  endfacet
  facet normal 0 -1 0
    outer loop
      vertex 7.049999237060547 -21.200000762939453 -1.5556700229644775
      vertex 7.708850860595703 -21.200000762939453 -2.0975818634033203
      vertex 7.40241813659668 -21.200000762939453 -1.7911491394042969
    endloop
  endfacet
  facet normal 0 -1 0
    outer loop
      vertex 7.049999237060547 -21.200000762939453 -1.5556700229644775
      vertex 7.949614524841309 -21.200000762939453 -4.54209041595459
      vertex 8.11545467376709 -21.200000762939453 -4.141716003417969
    endloop
  endfacet
  facet normal 0 -1 0
    outer loop
      vertex 7.049999237060547 -21.200000762939453 -1.5556700229644775
      vertex 7.949614524841309 -21.200000762939453 -2.45790958404541
      vertex 7.708850860595703 -21.200000762939453 -2.0975818634033203
    endloop
  endfacet
  facet normal 0 -1 0
    outer loop
      vertex 7.049999237060547 -21.200000762939453 -1.5556700229644775
      vertex 8.11545467376709 -21.200000762939453 -4.141716003417969
      vertex 8.199999809265137 -21.200000762939453 -3.7166805267333984
    endloop
  endfacet
  facet normal 0 -1 0
    outer loop
      vertex 7.049999237060547 -21.200000762939453 -1.5556700229644775
      vertex 8.11545467376709 -21.200000762939453 -2.8582839965820312
      vertex 7.949614524841309 -21.200000762939453 -2.45790958404541
    endloop
  endfacet
  facet normal 0 -1 0
    outer loop
      vertex 7.049999237060547 -21.200000762939453 -1.5556700229644775
      vertex 8.199999809265137 -21.200000762939453 -3.7166805267333984
      vertex 8.199999809265137 -21.200000762939453 -3.2833194732666016
    endloop
  endfacet
  facet normal 0 -1 0
    outer loop
      vertex 7.049999237060547 -21.200000762939453 -1.5556700229644775
      vertex 8.199999809265137 -21.200000762939453 -3.2833194732666016
      vertex 8.11545467376709 -21.200000762939453 -2.8582839965820312
    endloop
  endfacet
  facet normal -1 0 0
    outer loop
      vertex 7.049999237060547 -21.200000762939453 7.555669784545898
      vertex 7.049999237060547 -21.200000762939453 11.444330215454102
      vertex 7.049999237060547 -21 10.549999237060547
    endloop
  endfacet
  facet normal -1 0 0
    outer loop
      vertex 7.049999237060547 -21.200000762939453 7.555669784545898
      vertex 7.049999237060547 -21 8.450000762939453
      vertex 7.049999237060547 -21 7.555669784545898
    endloop
  endfacet
  facet normal -1 0 0
    outer loop
      vertex 7.049999237060547 -21.200000762939453 7.555669784545898
      vertex 7.049999237060547 -21 10.549999237060547
      vertex 7.049999237060547 -21 8.450000762939453
    endloop
  endfacet
  facet normal -0.5555711702298278 0 0.8314689860779292
    outer loop
      vertex 7.049999237060547 -21.200000762939453 7.555669784545898
      vertex 7.40241813659668 -23.200000762939453 7.791149139404297
      vertex 7.40241813659668 -21.200000762939453 7.791149139404297
    endloop
  endfacet
  facet normal 0 -1 0
    outer loop
      vertex 7.049999237060547 -21.200000762939453 7.555669784545898
      vertex 7.40241813659668 -21.200000762939453 7.791149139404297
      vertex 7.049999237060547 -21.200000762939453 11.444330215454102
    endloop
  endfacet
  facet normal -1 0 0
    outer loop
      vertex 7.049999237060547 -21.200000762939453 11.444330215454102
      vertex 7.049999237060547 -21 11.444330215454102
      vertex 7.049999237060547 -21 10.549999237060547
    endloop
  endfacet
  facet normal 0 -1 0
    outer loop
      vertex 7.049999237060547 -21.200000762939453 11.444330215454102
      vertex 7.40241813659668 -21.200000762939453 7.791149139404297
      vertex 7.708850860595703 -21.200000762939453 8.09758186340332
    endloop
  endfacet
  facet normal -0.5555711702298278 0 -0.8314689860779292
    outer loop
      vertex 7.049999237060547 -21.200000762939453 11.444330215454102
      vertex 7.40241813659668 -21.200000762939453 11.208850860595703
      vertex 7.40241813659668 -23.200000762939453 11.208850860595703
    endloop
  endfacet
  facet normal 0 -1 0
    outer loop
      vertex 7.049999237060547 -21.200000762939453 11.444330215454102
      vertex 7.708850860595703 -21.200000762939453 8.09758186340332
      vertex 7.949614524841309 -21.200000762939453 8.45790958404541
    endloop
  endfacet
  facet normal 0 -1 0
    outer loop
      vertex 7.049999237060547 -21.200000762939453 11.444330215454102
      vertex 7.708850860595703 -21.200000762939453 10.90241813659668
      vertex 7.40241813659668 -21.200000762939453 11.208850860595703
    endloop
  endfacet
  facet normal 0 -1 0
    outer loop
      vertex 7.049999237060547 -21.200000762939453 11.444330215454102
      vertex 7.949614524841309 -21.200000762939453 8.45790958404541
      vertex 8.11545467376709 -21.200000762939453 8.858283996582031
    endloop
  endfacet
  facet normal 0 -1 0
    outer loop
      vertex 7.049999237060547 -21.200000762939453 11.444330215454102
      vertex 7.949614524841309 -21.200000762939453 10.54209041595459
      vertex 7.708850860595703 -21.200000762939453 10.90241813659668
    endloop
  endfacet
  facet normal 0 -1 0
    outer loop
      vertex 7.049999237060547 -21.200000762939453 11.444330215454102
      vertex 8.11545467376709 -21.200000762939453 8.858283996582031
      vertex 8.199999809265137 -21.200000762939453 9.283319473266602
    endloop
  endfacet
  facet normal 0 -1 0
    outer loop
      vertex 7.049999237060547 -21.200000762939453 11.444330215454102
      vertex 8.11545467376709 -21.200000762939453 10.141716003417969
      vertex 7.949614524841309 -21.200000762939453 10.54209041595459
    endloop
  endfacet
  facet normal 0 -1 0
    outer loop
      vertex 7.049999237060547 -21.200000762939453 11.444330215454102
      vertex 8.199999809265137 -21.200000762939453 9.283319473266602
      vertex 8.199999809265137 -21.200000762939453 9.716680526733398
    endloop
  endfacet
  facet normal 0 -1 0
    outer loop
      vertex 7.049999237060547 -21.200000762939453 11.444330215454102
      vertex 8.199999809265137 -21.200000762939453 9.716680526733398
      vertex 8.11545467376709 -21.200000762939453 10.141716003417969
    endloop
  endfacet
  facet normal -1 0 0
    outer loop
      vertex 7.049999237060547 -21 -4.549999237060547
      vertex 7.049999237060547 -21 -2.450000762939453
      vertex 7.049999237060547 -20.80000114440918 -3.0650758743286133
    endloop
  endfacet
  facet normal -1 0 0
    outer loop
      vertex 7.049999237060547 -21 -4.549999237060547
      vertex 7.049999237060547 -20.80000114440918 -3.9349241256713867
      vertex 7.049999237060547 -20.80000114440918 -4.549999237060547
    endloop
  endfacet
  facet normal -1 0 0
    outer loop
      vertex 7.049999237060547 -21 -4.549999237060547
      vertex 7.049999237060547 -20.80000114440918 -3.0650758743286133
      vertex 7.049999237060547 -20.80000114440918 -3.9349241256713867
    endloop
  endfacet
  facet normal -1 0 0
    outer loop
      vertex 7.049999237060547 -21 -2.450000762939453
      vertex 7.049999237060547 -20.80000114440918 -2.450000762939453
      vertex 7.049999237060547 -20.80000114440918 -3.0650758743286133
    endloop
  endfacet
  facet normal -1 0 0
    outer loop
      vertex 7.049999237060547 -21 8.450000762939453
      vertex 7.049999237060547 -21 10.549999237060547
      vertex 7.049999237060547 -20.80000114440918 9.934924125671387
    endloop
  endfacet
  facet normal -1 0 0
    outer loop
      vertex 7.049999237060547 -21 8.450000762939453
      vertex 7.049999237060547 -20.80000114440918 9.065075874328613
      vertex 7.049999237060547 -20.80000114440918 8.450000762939453
    endloop
  endfacet
  facet normal -1 0 0
    outer loop
      vertex 7.049999237060547 -21 8.450000762939453
      vertex 7.049999237060547 -20.80000114440918 9.934924125671387
      vertex 7.049999237060547 -20.80000114440918 9.065075874328613
    endloop
  endfacet
  facet normal -1 0 0
    outer loop
      vertex 7.049999237060547 -21 10.549999237060547
      vertex 7.049999237060547 -20.80000114440918 10.549999237060547
      vertex 7.049999237060547 -20.80000114440918 9.934924125671387
    endloop
  endfacet
  facet normal -1 0 0
    outer loop
      vertex 7.049999237060547 -20.80000114440918 -3.9349241256713867
      vertex 7.049999237060547 -20.80000114440918 -3.0650758743286133
      vertex 7.049999237060547 -20.600000381469727 -3.3965845108032227
    endloop
  endfacet
  facet normal -1 0 0
    outer loop
      vertex 7.049999237060547 -20.80000114440918 -3.9349241256713867
      vertex 7.049999237060547 -20.600000381469727 -3.6034154891967773
      vertex 7.049999237060547 -20.600000381469727 -3.9349241256713867
    endloop
  endfacet
  facet normal -1 0 0
    outer loop
      vertex 7.049999237060547 -20.80000114440918 -3.9349241256713867
      vertex 7.049999237060547 -20.600000381469727 -3.3965845108032227
      vertex 7.049999237060547 -20.600000381469727 -3.6034154891967773
    endloop
  endfacet
  facet normal -1 0 0
    outer loop
      vertex 7.049999237060547 -20.80000114440918 -3.0650758743286133
      vertex 7.049999237060547 -20.600000381469727 -3.0650758743286133
      vertex 7.049999237060547 -20.600000381469727 -3.3965845108032227
    endloop
  endfacet
  facet normal -1 0 0
    outer loop
      vertex 7.049999237060547 -20.80000114440918 9.065075874328613
      vertex 7.049999237060547 -20.80000114440918 9.934924125671387
      vertex 7.049999237060547 -20.600000381469727 9.603415489196777
    endloop
  endfacet
  facet normal -1 0 0
    outer loop
      vertex 7.049999237060547 -20.80000114440918 9.065075874328613
      vertex 7.049999237060547 -20.600000381469727 9.396584510803223
      vertex 7.049999237060547 -20.600000381469727 9.065075874328613
    endloop
  endfacet
  facet normal -1 0 0
    outer loop
      vertex 7.049999237060547 -20.80000114440918 9.065075874328613
      vertex 7.049999237060547 -20.600000381469727 9.603415489196777
      vertex 7.049999237060547 -20.600000381469727 9.396584510803223
    endloop
  endfacet
  facet normal -1 0 0
    outer loop
      vertex 7.049999237060547 -20.80000114440918 9.934924125671387
      vertex 7.049999237060547 -20.600000381469727 9.934924125671387
      vertex 7.049999237060547 -20.600000381469727 9.603415489196777
    endloop
  endfacet
  facet normal -1 0 0
    outer loop
      vertex 7.049999237060547 -20.600000381469727 -3.6034154891967773
      vertex 7.049999237060547 -20.600000381469727 -3.3965845108032227
      vertex 7.049999237060547 -17.200000762939453 -3.3965845108032227
    endloop
  endfacet
  facet normal -1 0 0
    outer loop
      vertex 7.049999237060547 -20.600000381469727 -3.6034154891967773
      vertex 7.049999237060547 -17.200000762939453 -3.3965845108032227
      vertex 7.049999237060547 -17.200000762939453 -3.6034154891967773
    endloop
  endfacet
  facet normal -1 0 0
    outer loop
      vertex 7.049999237060547 -20.600000381469727 9.396584510803223
      vertex 7.049999237060547 -20.600000381469727 9.603415489196777
      vertex 7.049999237060547 -17.200000762939453 9.603415489196777
    endloop
  endfacet
  facet normal -1 0 0
    outer loop
      vertex 7.049999237060547 -20.600000381469727 9.396584510803223
      vertex 7.049999237060547 -17.200000762939453 9.603415489196777
      vertex 7.049999237060547 -17.200000762939453 9.396584510803223
    endloop
  endfacet
  facet normal 0 1 0
    outer loop
      vertex 7.049999237060547 -17.200000762939453 -3.6034154891967773
      vertex 7.049999237060547 -17.200000762939453 -3.3965845108032227
      vertex 8.54924488067627 -17.200000762939453 -11.899999618530273
    endloop
  endfacet
  facet normal 0 1 0
    outer loop
      vertex 7.049999237060547 -17.200000762939453 -3.3965845108032227
      vertex 7.049999237060547 -17.200000762939453 9.396584510803223
      vertex 8.54924488067627 -17.200000762939453 14.899999618530273
    endloop
  endfacet
  facet normal 0 1 0
    outer loop
      vertex 7.049999237060547 -17.200000762939453 -3.3965845108032227
      vertex 8.54924488067627 -17.200000762939453 14.899999618530273
      vertex 8.54924488067627 -17.200000762939453 -11.899999618530273
    endloop
  endfacet
  facet normal 0 1 0
    outer loop
      vertex 7.049999237060547 -17.200000762939453 9.396584510803223
      vertex 7.049999237060547 -17.200000762939453 9.603415489196777
      vertex 8.54924488067627 -17.200000762939453 14.899999618530273
    endloop
  endfacet
  facet normal -0.7071067811865475 0 0.7071067811865475
    outer loop
      vertex 7.40241813659668 -23.99284553527832 -5.208850860595703
      vertex 7.708850860595703 -23.81602668762207 -4.90241813659668
      vertex 7.40241813659668 -21.200000762939453 -5.208850860595703
    endloop
  endfacet
  facet normal 0.49978790012348095 -0.8661478250795523 -3.5024345663397693e-7
    outer loop
      vertex 7.40241813659668 -23.99284553527832 -5.208850860595703
      vertex 8.973676681518555 -23.08618927001953 -11.899999618530273
      vertex 7.708850860595703 -23.81602668762207 -4.90241813659668
    endloop
  endfacet
  facet normal -0.7071067811865475 0 -0.7071067811865475
    outer loop
      vertex 7.40241813659668 -23.200000762939453 -1.7911491394042969
      vertex 7.40241813659668 -21.200000762939453 -1.7911491394042969
      vertex 7.511268615722656 -23.200000762939453 -1.8999996185302734
    endloop
  endfacet
  facet normal 0 -1 0
    outer loop
      vertex 7.40241813659668 -23.200000762939453 -1.7911491394042969
      vertex 7.511268615722656 -23.200000762939453 -1.8999996185302734
      vertex 8.598490715026855 -23.200000762939453 -1.8999996185302734
    endloop
  endfacet
  facet normal -0.7071067811865475 0 0.7071067811865475
    outer loop
      vertex 7.40241813659668 -23.200000762939453 7.791149139404297
      vertex 7.708850860595703 -23.200000762939453 8.09758186340332
      vertex 7.708850860595703 -21.200000762939453 8.09758186340332
    endloop
  endfacet
  facet normal -0.7071067811865475 0 0.7071067811865475
    outer loop
      vertex 7.40241813659668 -23.200000762939453 7.791149139404297
      vertex 7.708850860595703 -21.200000762939453 8.09758186340332
      vertex 7.40241813659668 -21.200000762939453 7.791149139404297
    endloop
  endfacet
  facet normal 0 -1 0
    outer loop
      vertex 7.40241813659668 -23.200000762939453 7.791149139404297
      vertex 8.598490715026855 -23.200000762939453 -1.8999996185302734
      vertex 7.708850860595703 -23.200000762939453 8.09758186340332
    endloop
  endfacet
  facet normal -0.7071067811865475 0 -0.7071067811865475
    outer loop
      vertex 7.40241813659668 -23.200000762939453 11.208850860595703
      vertex 7.40241813659668 -21.200000762939453 11.208850860595703
      vertex 7.708850860595703 -23.200000762939453 10.90241813659668
    endloop
  endfacet
  facet normal 0 -1 0
    outer loop
      vertex 7.40241813659668 -23.200000762939453 11.208850860595703
      vertex 7.708850860595703 -23.200000762939453 10.90241813659668
      vertex 8.598490715026855 -23.200000762939453 14.899999618530273
    endloop
  endfacet
  facet normal -0.7071067811865475 0 0.7071067811865475
    outer loop
      vertex 7.40241813659668 -21.200000762939453 -5.208850860595703
      vertex 7.708850860595703 -23.81602668762207 -4.90241813659668
      vertex 7.708850860595703 -21.200000762939453 -4.90241813659668
    endloop
  endfacet
  facet normal -0.7071067811865475 0 -0.7071067811865475
    outer loop
      vertex 7.40241813659668 -21.200000762939453 -1.7911491394042969
      vertex 7.708850860595703 -21.200000762939453 -2.0975818634033203
      vertex 7.511268615722656 -23.200000762939453 -1.8999996185302734
    endloop
  endfacet
  facet normal -0.7071067811865475 0 -0.7071067811865475
    outer loop
      vertex 7.40241813659668 -21.200000762939453 11.208850860595703
      vertex 7.708850860595703 -21.200000762939453 10.90241813659668
      vertex 7.708850860595703 -23.200000762939453 10.90241813659668
    endloop
  endfacet
  facet normal -0.7071067811865475 0 -0.7071067811865475
    outer loop
      vertex 7.511268615722656 -23.930036544799805 -1.8999996185302734
      vertex 7.511268615722656 -23.200000762939453 -1.8999996185302734
      vertex 7.708850860595703 -23.81602668762207 -2.0975818634033203
    endloop
  endfacet
  facet normal 0.4997892469573235 -0.8661470479225801 9.117654681058483e-7
    outer loop
      vertex 7.511268615722656 -23.930036544799805 -1.8999996185302734
      vertex 7.708850860595703 -23.81602668762207 -2.0975818634033203
      vertex 8.973676681518555 -23.08618927001953 -1.8999996185302734
    endloop
  endfacet
  facet normal 0 0 1
    outer loop
      vertex 7.511268615722656 -23.930036544799805 -1.8999996185302734
      vertex 8.598490715026855 -23.200000762939453 -1.8999996185302734
      vertex 7.511268615722656 -23.200000762939453 -1.8999996185302734
    endloop
  endfacet
  facet normal 0 0 1
    outer loop
      vertex 7.511268615722656 -23.930036544799805 -1.8999996185302734
      vertex 8.791688919067383 -23.161571502685547 -1.8999996185302734
      vertex 8.598490715026855 -23.200000762939453 -1.8999996185302734
    endloop
  endfacet
  facet normal 0 0 1
    outer loop
      vertex 7.511268615722656 -23.930036544799805 -1.8999996185302734
      vertex 8.973676681518555 -23.08618927001953 -1.8999996185302734
      vertex 8.791688919067383 -23.161571502685547 -1.8999996185302734
    endloop
  endfacet
  facet normal -0.7071067811865475 0 -0.7071067811865475
    outer loop
      vertex 7.511268615722656 -23.200000762939453 -1.8999996185302734
      vertex 7.708850860595703 -21.200000762939453 -2.0975818634033203
      vertex 7.708850860595703 -23.81602668762207 -2.0975818634033203
    endloop
  endfacet
  facet normal -0.8314692086699081 0 0.555570837098058
    outer loop
      vertex 7.708850860595703 -23.81602668762207 -4.90241813659668
      vertex 7.949614524841309 -23.677099227905273 -4.54209041595459
      vertex 7.708850860595703 -21.200000762939453 -4.90241813659668
    endloop
  endfacet
  facet normal 0.4997905417342197 -0.866146300801968 2.8621248155261956e-7
    outer loop
      vertex 7.708850860595703 -23.81602668762207 -4.90241813659668
      vertex 8.973676681518555 -23.08618927001953 -11.899999618530273
      vertex 7.949614524841309 -23.677099227905273 -4.54209041595459
    endloop
  endfacet
  facet normal -0.8314692086699081 0 -0.555570837098058
    outer loop
      vertex 7.708850860595703 -23.81602668762207 -2.0975818634033203
      vertex 7.708850860595703 -21.200000762939453 -2.0975818634033203
      vertex 7.949614524841309 -23.677099227905273 -2.45790958404541
    endloop
  endfacet
  facet normal 0.4997894964559273 -0.86614690395501 -0.000001217197061875362
    outer loop
      vertex 7.708850860595703 -23.81602668762207 -2.0975818634033203
      vertex 7.949614524841309 -23.677099227905273 -2.45790958404541
      vertex 8.973676681518555 -23.08618927001953 -1.8999996185302734
    endloop
  endfacet
  facet normal -0.831469208669908 0 0.5555708370980579
    outer loop
      vertex 7.708850860595703 -23.200000762939453 8.09758186340332
      vertex 7.949614524841309 -23.200000762939453 8.45790958404541
      vertex 7.949614524841309 -21.200000762939453 8.45790958404541
    endloop
  endfacet
  facet normal -0.831469208669908 0 0.5555708370980579
    outer loop
      vertex 7.708850860595703 -23.200000762939453 8.09758186340332
      vertex 7.949614524841309 -21.200000762939453 8.45790958404541
      vertex 7.708850860595703 -21.200000762939453 8.09758186340332
    endloop
  endfacet
  facet normal 0 -1 0
    outer loop
      vertex 7.708850860595703 -23.200000762939453 8.09758186340332
      vertex 8.598490715026855 -23.200000762939453 -1.8999996185302734
      vertex 7.949614524841309 -23.200000762939453 8.45790958404541
    endloop
  endfacet
  facet normal -0.831469208669908 0 -0.5555708370980579
    outer loop
      vertex 7.708850860595703 -23.200000762939453 10.90241813659668
      vertex 7.708850860595703 -21.200000762939453 10.90241813659668
      vertex 7.949614524841309 -23.200000762939453 10.54209041595459
    endloop
  endfacet
  facet normal 0 -1 0
    outer loop
      vertex 7.708850860595703 -23.200000762939453 10.90241813659668
      vertex 7.949614524841309 -23.200000762939453 10.54209041595459
      vertex 8.598490715026855 -23.200000762939453 14.899999618530273
    endloop
  endfacet
  facet normal -0.831469208669908 0 0.5555708370980579
    outer loop
      vertex 7.708850860595703 -21.200000762939453 -4.90241813659668
      vertex 7.949614524841309 -23.677099227905273 -4.54209041595459
      vertex 7.949614524841309 -21.200000762939453 -4.54209041595459
    endloop
  endfacet
  facet normal -0.831469208669908 0 -0.5555708370980579
    outer loop
      vertex 7.708850860595703 -21.200000762939453 -2.0975818634033203
      vertex 7.949614524841309 -21.200000762939453 -2.45790958404541
      vertex 7.949614524841309 -23.677099227905273 -2.45790958404541
    endloop
  endfacet
  facet normal -0.831469208669908 0 -0.5555708370980579
    outer loop
      vertex 7.708850860595703 -21.200000762939453 10.90241813659668
      vertex 7.949614524841309 -21.200000762939453 10.54209041595459
      vertex 7.949614524841309 -23.200000762939453 10.54209041595459
    endloop
  endfacet
  facet normal -0.9238798284760324 0 0.38268271784220526
    outer loop
      vertex 7.949614524841309 -23.677099227905273 -4.54209041595459
      vertex 8.11545467376709 -23.581405639648438 -4.141716003417969
      vertex 7.949614524841309 -21.200000762939453 -4.54209041595459
    endloop
  endfacet
  facet normal 0.49978781606269845 -0.866147873584661 -2.1945154731106676e-7
    outer loop
      vertex 7.949614524841309 -23.677099227905273 -4.54209041595459
      vertex 8.973676681518555 -23.08618927001953 -11.899999618530273
      vertex 8.11545467376709 -23.581405639648438 -4.141716003417969
    endloop
  endfacet
  facet normal -0.9238798284760324 0 -0.38268271784220526
    outer loop
      vertex 7.949614524841309 -23.677099227905273 -2.45790958404541
      vertex 7.949614524841309 -21.200000762939453 -2.45790958404541
      vertex 8.11545467376709 -23.581405639648438 -2.8582839965820312
    endloop
  endfacet
  facet normal 0.4997887079985343 -0.8661473589157039 7.119138150126126e-7
    outer loop
      vertex 7.949614524841309 -23.677099227905273 -2.45790958404541
      vertex 8.11545467376709 -23.581405639648438 -2.8582839965820312
      vertex 8.973676681518555 -23.08618927001953 -1.8999996185302734
    endloop
  endfacet
  facet normal -0.9238798284760324 0 0.38268271784220526
    outer loop
      vertex 7.949614524841309 -23.200000762939453 8.45790958404541
      vertex 8.11545467376709 -23.200000762939453 8.858283996582031
      vertex 8.11545467376709 -21.200000762939453 8.858283996582031
    endloop
  endfacet
  facet normal -0.9238798284760324 0 0.38268271784220526
    outer loop
      vertex 7.949614524841309 -23.200000762939453 8.45790958404541
      vertex 8.11545467376709 -21.200000762939453 8.858283996582031
      vertex 7.949614524841309 -21.200000762939453 8.45790958404541
    endloop
  endfacet
  facet normal 0 -1 0
    outer loop
      vertex 7.949614524841309 -23.200000762939453 8.45790958404541
      vertex 8.598490715026855 -23.200000762939453 -1.8999996185302734
      vertex 8.11545467376709 -23.200000762939453 8.858283996582031
    endloop
  endfacet
  facet normal -0.9238798284760324 0 -0.38268271784220526
    outer loop
      vertex 7.949614524841309 -23.200000762939453 10.54209041595459
      vertex 7.949614524841309 -21.200000762939453 10.54209041595459
      vertex 8.11545467376709 -23.200000762939453 10.141716003417969
    endloop
  endfacet
  facet normal 0 -1 0
    outer loop
      vertex 7.949614524841309 -23.200000762939453 10.54209041595459
      vertex 8.11545467376709 -23.200000762939453 10.141716003417969
      vertex 8.598490715026855 -23.200000762939453 14.899999618530273
    endloop
  endfacet
  facet normal -0.9238798284760326 0 0.3826827178422053
    outer loop
      vertex 7.949614524841309 -21.200000762939453 -4.54209041595459
      vertex 8.11545467376709 -23.581405639648438 -4.141716003417969
      vertex 8.11545467376709 -21.200000762939453 -4.141716003417969
    endloop
  endfacet
  facet normal -0.9238798284760326 0 -0.3826827178422053
    outer loop
      vertex 7.949614524841309 -21.200000762939453 -2.45790958404541
      vertex 8.11545467376709 -21.200000762939453 -2.8582839965820312
      vertex 8.11545467376709 -23.581405639648438 -2.8582839965820312
    endloop
  endfacet
  facet normal -0.9238798284760324 0 -0.38268271784220526
    outer loop
      vertex 7.949614524841309 -21.200000762939453 10.54209041595459
      vertex 8.11545467376709 -21.200000762939453 10.141716003417969
      vertex 8.11545467376709 -23.200000762939453 10.141716003417969
    endloop
  endfacet
  facet normal -0.980785137961418 0 0.1950910381181103
    outer loop
      vertex 8.11545467376709 -23.581405639648438 -4.141716003417969
      vertex 8.199999809265137 -23.53261947631836 -3.7166805267333984
      vertex 8.11545467376709 -21.200000762939453 -4.141716003417969
    endloop
  endfacet
  facet normal 0.49978930435452484 -0.8661470148033878 0
    outer loop
      vertex 8.11545467376709 -23.581405639648438 -4.141716003417969
      vertex 8.973676681518555 -23.08618927001953 -11.899999618530273
      vertex 8.973676681518555 -23.08618927001953 -1.8999996185302734
    endloop
  endfacet
  facet normal 0.49977744998448675 -0.866153854953269 0.000006049398370841912
    outer loop
      vertex 8.11545467376709 -23.581405639648438 -4.141716003417969
      vertex 8.973676681518555 -23.08618927001953 -1.8999996185302734
      vertex 8.199999809265137 -23.53261947631836 -3.7166805267333984
    endloop
  endfacet
  facet normal -0.980785137961418 0 -0.1950910381181103
    outer loop
      vertex 8.11545467376709 -23.581405639648438 -2.8582839965820312
      vertex 8.11545467376709 -21.200000762939453 -2.8582839965820312
      vertex 8.199999809265137 -23.53261947631836 -3.2833194732666016
    endloop
  endfacet
  facet normal 0.499791296434471 -0.8661458653152455 -0.000002378095947276794
    outer loop
      vertex 8.11545467376709 -23.581405639648438 -2.8582839965820312
      vertex 8.199999809265137 -23.53261947631836 -3.2833194732666016
      vertex 8.973676681518555 -23.08618927001953 -1.8999996185302734
    endloop
  endfacet
  facet normal -0.9807851379614182 0 0.19509103811811032
    outer loop
      vertex 8.11545467376709 -23.200000762939453 8.858283996582031
      vertex 8.199999809265137 -23.200000762939453 9.283319473266602
      vertex 8.199999809265137 -21.200000762939453 9.283319473266602
    endloop
  endfacet
  facet normal -0.9807851379614182 0 0.19509103811811032
    outer loop
      vertex 8.11545467376709 -23.200000762939453 8.858283996582031
      vertex 8.199999809265137 -21.200000762939453 9.283319473266602
      vertex 8.11545467376709 -21.200000762939453 8.858283996582031
    endloop
  endfacet
  facet normal 0 -1 0
    outer loop
      vertex 8.11545467376709 -23.200000762939453 8.858283996582031
      vertex 8.598490715026855 -23.200000762939453 -1.8999996185302734
      vertex 8.199999809265137 -23.200000762939453 9.283319473266602
    endloop
  endfacet
  facet normal -0.9807851379614182 0 -0.19509103811811032
    outer loop
      vertex 8.11545467376709 -23.200000762939453 10.141716003417969
      vertex 8.11545467376709 -21.200000762939453 10.141716003417969
      vertex 8.199999809265137 -23.200000762939453 9.716680526733398
    endloop
  endfacet
  facet normal 0 -1 0
    outer loop
      vertex 8.11545467376709 -23.200000762939453 10.141716003417969
      vertex 8.199999809265137 -23.200000762939453 9.716680526733398
      vertex 8.598490715026855 -23.200000762939453 14.899999618530273
    endloop
  endfacet
  facet normal -0.9807851379614182 0 0.19509103811811032
    outer loop
      vertex 8.11545467376709 -21.200000762939453 -4.141716003417969
      vertex 8.199999809265137 -23.53261947631836 -3.7166805267333984
      vertex 8.199999809265137 -21.200000762939453 -3.7166805267333984
    endloop
  endfacet
  facet normal -0.9807851379614182 0 -0.19509103811811032
    outer loop
      vertex 8.11545467376709 -21.200000762939453 -2.8582839965820312
      vertex 8.199999809265137 -21.200000762939453 -3.2833194732666016
      vertex 8.199999809265137 -23.53261947631836 -3.2833194732666016
    endloop
  endfacet
  facet normal -0.9807851379614182 0 -0.19509103811811032
    outer loop
      vertex 8.11545467376709 -21.200000762939453 10.141716003417969
      vertex 8.199999809265137 -21.200000762939453 9.716680526733398
      vertex 8.199999809265137 -23.200000762939453 9.716680526733398
    endloop
  endfacet
  facet normal -1 0 0
    outer loop
      vertex 8.199999809265137 -23.53261947631836 -3.7166805267333984
      vertex 8.199999809265137 -23.53261947631836 -3.2833194732666016
      vertex 8.199999809265137 -21.200000762939453 -3.2833194732666016
    endloop
  endfacet
  facet normal -1 0 0
    outer loop
      vertex 8.199999809265137 -23.53261947631836 -3.7166805267333984
      vertex 8.199999809265137 -21.200000762939453 -3.2833194732666016
      vertex 8.199999809265137 -21.200000762939453 -3.7166805267333984
    endloop
  endfacet
  facet normal 0.49978810654501027 -0.8661477059694573 0
    outer loop
      vertex 8.199999809265137 -23.53261947631836 -3.7166805267333984
      vertex 8.973676681518555 -23.08618927001953 -1.8999996185302734
      vertex 8.199999809265137 -23.53261947631836 -3.2833194732666016
    endloop
  endfacet
  facet normal -1 0 0
    outer loop
      vertex 8.199999809265137 -23.200000762939453 9.283319473266602
      vertex 8.199999809265137 -23.200000762939453 9.716680526733398
      vertex 8.199999809265137 -21.200000762939453 9.716680526733398
    endloop
  endfacet
  facet normal -1 0 0
    outer loop
      vertex 8.199999809265137 -23.200000762939453 9.283319473266602
      vertex 8.199999809265137 -21.200000762939453 9.716680526733398
      vertex 8.199999809265137 -21.200000762939453 9.283319473266602
    endloop
  endfacet
  facet normal 0 -1 0
    outer loop
      vertex 8.199999809265137 -23.200000762939453 9.283319473266602
      vertex 8.598490715026855 -23.200000762939453 -1.8999996185302734
      vertex 8.598490715026855 -23.200000762939453 14.899999618530273
    endloop
  endfacet
  facet normal 0 -1 0
    outer loop
      vertex 8.199999809265137 -23.200000762939453 9.283319473266602
      vertex 8.598490715026855 -23.200000762939453 14.899999618530273
      vertex 8.199999809265137 -23.200000762939453 9.716680526733398
    endloop
  endfacet
  facet normal 0 1 0
    outer loop
      vertex 8.54924488067627 -17.200000762939453 -11.899999618530273
      vertex 8.54924488067627 -17.200000762939453 14.899999618530273
      vertex 8.549245834350586 -17.200000762939453 -11.899999618530273
    endloop
  endfacet
  facet normal 0 0 -1
    outer loop
      vertex 8.54924488067627 -17.200000762939453 -11.899999618530273
      vertex 8.549245834350586 -17.200000762939453 -11.899999618530273
      vertex 8.791688919067383 -17.23843002319336 -11.899999618530273
    endloop
  endfacet
  facet normal 0 0 -1
    outer loop
      vertex 8.54924488067627 -17.200000762939453 -11.899999618530273
      vertex 8.791688919067383 -17.23843002319336 -11.899999618530273
      vertex 8.973676681518555 -17.313812255859375 -11.899999618530273
    endloop
  endfacet
  facet normal 0 0 -1
    outer loop
      vertex 8.54924488067627 -17.200000762939453 -11.899999618530273
      vertex 8.973676681518555 -17.313812255859375 -11.899999618530273
      vertex 9.137462615966797 -17.423248291015625 -11.899999618530273
    endloop
  endfacet
  facet normal 0 0 -1
    outer loop
      vertex 8.54924488067627 -17.200000762939453 -11.899999618530273
      vertex 9.137462615966797 -17.423248291015625 -11.899999618530273
      vertex 9.276750564575195 -17.562536239624023 -11.899999618530273
    endloop
  endfacet
  facet normal 0 0 -1
    outer loop
      vertex 8.54924488067627 -17.200000762939453 -11.899999618530273
      vertex 9.276750564575195 -17.562536239624023 -11.899999618530273
      vertex 9.386188507080078 -17.726322174072266 -11.899999618530273
    endloop
  endfacet
  facet normal 0 0 -1
    outer loop
      vertex 8.54924488067627 -17.200000762939453 -11.899999618530273
      vertex 9.386188507080078 -17.726322174072266 -11.899999618530273
      vertex 9.461569786071777 -17.908309936523438 -11.899999618530273
    endloop
  endfacet
  facet normal 0 0 -1
    outer loop
      vertex 8.54924488067627 -17.200000762939453 -11.899999618530273
      vertex 9.461569786071777 -17.908309936523438 -11.899999618530273
      vertex 9.5 -18.10150909423828 -11.899999618530273
    endloop
  endfacet
  facet normal 0 0 -1
    outer loop
      vertex 8.54924488067627 -17.200000762939453 -11.899999618530273
      vertex 9.5 -22.298490524291992 -11.899999618530273
      vertex 8.973676681518555 -23.08618927001953 -11.899999618530273
    endloop
  endfacet
  facet normal 0 0 -1
    outer loop
      vertex 8.54924488067627 -17.200000762939453 -11.899999618530273
      vertex 9.5 -18.10150909423828 -11.899999618530273
      vertex 9.5 -22.298490524291992 -11.899999618530273
    endloop
  endfacet
  facet normal 0 1 0
    outer loop
      vertex 8.54924488067627 -17.200000762939453 14.899999618530273
      vertex 8.549245834350586 -17.200000762939453 14.899999618530273
      vertex 8.549245834350586 -17.200000762939453 -11.899999618530273
    endloop
  endfacet
  facet normal 0 0 1
    outer loop
      vertex 8.54924488067627 -17.200000762939453 14.899999618530273
      vertex 8.598490715026855 -23.200000762939453 14.899999618530273
      vertex 9.5 -22.298490524291992 14.899999618530273
    endloop
  endfacet
  facet normal 0 0 1
    outer loop
      vertex 8.54924488067627 -17.200000762939453 14.899999618530273
      vertex 8.791688919067383 -17.23843002319336 14.899999618530273
      vertex 8.549245834350586 -17.200000762939453 14.899999618530273
    endloop
  endfacet
  facet normal 0 0 1
    outer loop
      vertex 8.54924488067627 -17.200000762939453 14.899999618530273
      vertex 8.973676681518555 -17.313812255859375 14.899999618530273
      vertex 8.791688919067383 -17.23843002319336 14.899999618530273
    endloop
  endfacet
  facet normal 0 0 1
    outer loop
      vertex 8.54924488067627 -17.200000762939453 14.899999618530273
      vertex 9.137462615966797 -17.423248291015625 14.899999618530273
      vertex 8.973676681518555 -17.313812255859375 14.899999618530273
    endloop
  endfacet
  facet normal 0 0 1
    outer loop
      vertex 8.54924488067627 -17.200000762939453 14.899999618530273
      vertex 9.276750564575195 -17.562536239624023 14.899999618530273
      vertex 9.137462615966797 -17.423248291015625 14.899999618530273
    endloop
  endfacet
  facet normal 0 0 1
    outer loop
      vertex 8.54924488067627 -17.200000762939453 14.899999618530273
      vertex 9.386188507080078 -17.726322174072266 14.899999618530273
      vertex 9.276750564575195 -17.562536239624023 14.899999618530273
    endloop
  endfacet
  facet normal 0 0 1
    outer loop
      vertex 8.54924488067627 -17.200000762939453 14.899999618530273
      vertex 9.461569786071777 -17.908309936523438 14.899999618530273
      vertex 9.386188507080078 -17.726322174072266 14.899999618530273
    endloop
  endfacet
  facet normal 0 0 1
    outer loop
      vertex 8.54924488067627 -17.200000762939453 14.899999618530273
      vertex 9.5 -22.298490524291992 14.899999618530273
      vertex 9.5 -18.10150909423828 14.899999618530273
    endloop
  endfacet
  facet normal 0 0 1
    outer loop
      vertex 8.54924488067627 -17.200000762939453 14.899999618530273
      vertex 9.5 -18.10150909423828 14.899999618530273
      vertex 9.461569786071777 -17.908309936523438 14.899999618530273
    endloop
  endfacet
  facet normal 0 1 0
    outer loop
      vertex 8.549245834350586 -17.200000762939453 -11.899999618530273
      vertex 8.549245834350586 -17.200000762939453 14.899999618530273
      vertex 8.598490715026855 -17.200000762939453 -11.899999618530273
    endloop
  endfacet
  facet normal 0 0 -1
    outer loop
      vertex 8.549245834350586 -17.200000762939453 -11.899999618530273
      vertex 8.598490715026855 -17.200000762939453 -11.899999618530273
      vertex 8.791688919067383 -17.23843002319336 -11.899999618530273
    endloop
  endfacet
  facet normal 0 1 0
    outer loop
      vertex 8.549245834350586 -17.200000762939453 14.899999618530273
      vertex 8.598490715026855 -17.200000762939453 14.899999618530273
      vertex 8.598490715026855 -17.200000762939453 -11.899999618530273
    endloop
  endfacet
  facet normal 0 0 1
    outer loop
      vertex 8.549245834350586 -17.200000762939453 14.899999618530273
      vertex 8.791688919067383 -17.23843002319336 14.899999618530273
      vertex 8.598490715026855 -17.200000762939453 14.899999618530273
    endloop
  endfacet
  facet normal 0.1950890919691262 -0.9807855250739896 0
    outer loop
      vertex 8.598490715026855 -23.200000762939453 -1.8999996185302734
      vertex 8.791688919067383 -23.161571502685547 -1.8999996185302734
      vertex 8.791688919067383 -23.161571502685547 14.899999618530273
    endloop
  endfacet
  facet normal 0.1950890919691262 -0.9807855250739896 0
    outer loop
      vertex 8.598490715026855 -23.200000762939453 -1.8999996185302734
      vertex 8.791688919067383 -23.161571502685547 14.899999618530273
      vertex 8.598490715026855 -23.200000762939453 14.899999618530273
    endloop
  endfacet
  facet normal 0 0 1
    outer loop
      vertex 8.598490715026855 -23.200000762939453 14.899999618530273
      vertex 8.791688919067383 -23.161571502685547 14.899999618530273
      vertex 8.973676681518555 -23.08618927001953 14.899999618530273
    endloop
  endfacet
  facet normal 0 0 1
    outer loop
      vertex 8.598490715026855 -23.200000762939453 14.899999618530273
      vertex 8.973676681518555 -23.08618927001953 14.899999618530273
      vertex 9.137462615966797 -22.976749420166016 14.899999618530273
    endloop
  endfacet
  facet normal 0 0 1
    outer loop
      vertex 8.598490715026855 -23.200000762939453 14.899999618530273
      vertex 9.137462615966797 -22.976749420166016 14.899999618530273
      vertex 9.276750564575195 -22.83746337890625 14.899999618530273
    endloop
  endfacet
  facet normal 0 0 1
    outer loop
      vertex 8.598490715026855 -23.200000762939453 14.899999618530273
      vertex 9.276750564575195 -22.83746337890625 14.899999618530273
      vertex 9.386188507080078 -22.673677444458008 14.899999618530273
    endloop
  endfacet
  facet normal 0 0 1
    outer loop
      vertex 8.598490715026855 -23.200000762939453 14.899999618530273
      vertex 9.386188507080078 -22.673677444458008 14.899999618530273
      vertex 9.461569786071777 -22.491687774658203 14.899999618530273
    endloop
  endfacet
  facet normal 0 0 1
    outer loop
      vertex 8.598490715026855 -23.200000762939453 14.899999618530273
      vertex 9.461569786071777 -22.491687774658203 14.899999618530273
      vertex 9.5 -22.298490524291992 14.899999618530273
    endloop
  endfacet
  facet normal 0.19508909196912622 0.9807855250739899 0
    outer loop
      vertex 8.598490715026855 -17.200000762939453 -11.899999618530273
      vertex 8.598490715026855 -17.200000762939453 14.899999618530273
      vertex 8.791688919067383 -17.23843002319336 -11.899999618530273
    endloop
  endfacet
  facet normal 0.19508909196912622 0.9807855250739899 0
    outer loop
      vertex 8.598490715026855 -17.200000762939453 14.899999618530273
      vertex 8.791688919067383 -17.23843002319336 14.899999618530273
      vertex 8.791688919067383 -17.23843002319336 -11.899999618530273
    endloop
  endfacet
  facet normal 0.3826853097993422 -0.9238787548503221 0
    outer loop
      vertex 8.791688919067383 -23.161571502685547 -1.8999996185302734
      vertex 8.973676681518555 -23.08618927001953 -1.8999996185302734
      vertex 8.973676681518555 -23.08618927001953 14.899999618530273
    endloop
  endfacet
  facet normal 0.3826853097993422 -0.9238787548503221 0
    outer loop
      vertex 8.791688919067383 -23.161571502685547 -1.8999996185302734
      vertex 8.973676681518555 -23.08618927001953 14.899999618530273
      vertex 8.791688919067383 -23.161571502685547 14.899999618530273
    endloop
  endfacet
  facet normal 0.3826853097993421 0.9238787548503221 0
    outer loop
      vertex 8.791688919067383 -17.23843002319336 -11.899999618530273
      vertex 8.791688919067383 -17.23843002319336 14.899999618530273
      vertex 8.973676681518555 -17.313812255859375 -11.899999618530273
    endloop
  endfacet
  facet normal 0.3826853097993421 0.9238787548503221 0
    outer loop
      vertex 8.791688919067383 -17.23843002319336 14.899999618530273
      vertex 8.973676681518555 -17.313812255859375 14.899999618530273
      vertex 8.973676681518555 -17.313812255859375 -11.899999618530273
    endloop
  endfacet
  facet normal 0.5555758037054681 -0.8314658900622582 0
    outer loop
      vertex 8.973676681518555 -23.08618927001953 -11.899999618530273
      vertex 9.137462615966797 -22.976749420166016 -11.899999618530273
      vertex 8.973676681518555 -23.08618927001953 -1.8999996185302734
    endloop
  endfacet
  facet normal 0 0 -1
    outer loop
      vertex 8.973676681518555 -23.08618927001953 -11.899999618530273
      vertex 9.276750564575195 -22.83746337890625 -11.899999618530273
      vertex 9.137462615966797 -22.976749420166016 -11.899999618530273
    endloop
  endfacet
  facet normal 0 0 -1
    outer loop
      vertex 8.973676681518555 -23.08618927001953 -11.899999618530273
      vertex 9.386188507080078 -22.673677444458008 -11.899999618530273
      vertex 9.276750564575195 -22.83746337890625 -11.899999618530273
    endloop
  endfacet
  facet normal 0 0 -1
    outer loop
      vertex 8.973676681518555 -23.08618927001953 -11.899999618530273
      vertex 9.461569786071777 -22.491687774658203 -11.899999618530273
      vertex 9.386188507080078 -22.673677444458008 -11.899999618530273
    endloop
  endfacet
  facet normal 0 0 -1
    outer loop
      vertex 8.973676681518555 -23.08618927001953 -11.899999618530273
      vertex 9.5 -22.298490524291992 -11.899999618530273
      vertex 9.461569786071777 -22.491687774658203 -11.899999618530273
    endloop
  endfacet
  facet normal 0.5555758037054681 -0.8314658900622581 0
    outer loop
      vertex 8.973676681518555 -23.08618927001953 -1.8999996185302734
      vertex 9.137462615966797 -22.976749420166016 -11.899999618530273
      vertex 9.137462615966797 -22.976749420166016 14.899999618530273
    endloop
  endfacet
  facet normal 0.5555758037054681 -0.8314658900622581 0
    outer loop
      vertex 8.973676681518555 -23.08618927001953 -1.8999996185302734
      vertex 9.137462615966797 -22.976749420166016 14.899999618530273
      vertex 8.973676681518555 -23.08618927001953 14.899999618530273
    endloop
  endfacet
  facet normal 0.5555624154559883 0.8314748357783945 0
    outer loop
      vertex 8.973676681518555 -17.313812255859375 -11.899999618530273
      vertex 8.973676681518555 -17.313812255859375 14.899999618530273
      vertex 9.137462615966797 -17.423248291015625 -11.899999618530273
    endloop
  endfacet
  facet normal 0.5555624154559883 0.8314748357783945 0
    outer loop
      vertex 8.973676681518555 -17.313812255859375 14.899999618530273
      vertex 9.137462615966797 -17.423248291015625 14.899999618530273
      vertex 9.137462615966797 -17.423248291015625 -11.899999618530273
    endloop
  endfacet
  facet normal 0.7071019397303508 -0.7071116226095957 0
    outer loop
      vertex 9.137462615966797 -22.976749420166016 -11.899999618530273
      vertex 9.276750564575195 -22.83746337890625 -11.899999618530273
      vertex 9.276750564575195 -22.83746337890625 14.899999618530273
    endloop
  endfacet
  facet normal 0.7071019397303508 -0.7071116226095957 0
    outer loop
      vertex 9.137462615966797 -22.976749420166016 -11.899999618530273
      vertex 9.276750564575195 -22.83746337890625 14.899999618530273
      vertex 9.137462615966797 -22.976749420166016 14.899999618530273
    endloop
  endfacet
  facet normal 0.7071067811865475 0.7071067811865475 0
    outer loop
      vertex 9.137462615966797 -17.423248291015625 -11.899999618530273
      vertex 9.137462615966797 -17.423248291015625 14.899999618530273
      vertex 9.276750564575195 -17.562536239624023 14.899999618530273
    endloop
  endfacet
  facet normal 0.7071067811865475 0.7071067811865475 0
    outer loop
      vertex 9.137462615966797 -17.423248291015625 -11.899999618530273
      vertex 9.276750564575195 -17.562536239624023 14.899999618530273
      vertex 9.276750564575195 -17.562536239624023 -11.899999618530273
    endloop
  endfacet
  facet normal 0.8314703629232119 -0.5555691096347443 0
    outer loop
      vertex 9.276750564575195 -22.83746337890625 -11.899999618530273
      vertex 9.386188507080078 -22.673677444458008 -11.899999618530273
      vertex 9.276750564575195 -22.83746337890625 14.899999618530273
    endloop
  endfacet
  facet normal 0.8314703629232119 -0.5555691096347443 0
    outer loop
      vertex 9.276750564575195 -22.83746337890625 14.899999618530273
      vertex 9.386188507080078 -22.673677444458008 -11.899999618530273
      vertex 9.386188507080078 -22.673677444458008 14.899999618530273
    endloop
  endfacet
  facet normal 0.8314703629232119 0.5555691096347443 0
    outer loop
      vertex 9.276750564575195 -17.562536239624023 -11.899999618530273
      vertex 9.276750564575195 -17.562536239624023 14.899999618530273
      vertex 9.386188507080078 -17.726322174072266 14.899999618530273
    endloop
  endfacet
  facet normal 0.8314703629232119 0.5555691096347443 0
    outer loop
      vertex 9.276750564575195 -17.562536239624023 -11.899999618530273
      vertex 9.386188507080078 -17.726322174072266 14.899999618530273
      vertex 9.386188507080078 -17.726322174072266 -11.899999618530273
    endloop
  endfacet
  facet normal 0.9238818845385177 -0.38267775401969323 0
    outer loop
      vertex 9.386188507080078 -22.673677444458008 -11.899999618530273
      vertex 9.461569786071777 -22.491687774658203 -11.899999618530273
      vertex 9.386188507080078 -22.673677444458008 14.899999618530273
    endloop
  endfacet
  facet normal 0.9238818845385177 -0.38267775401969323 0
    outer loop
      vertex 9.386188507080078 -22.673677444458008 14.899999618530273
      vertex 9.461569786071777 -22.491687774658203 -11.899999618530273
      vertex 9.461569786071777 -22.491687774658203 14.899999618530273
    endloop
  endfacet
  facet normal 0.9238804665521445 0.38268117738319934 0
    outer loop
      vertex 9.386188507080078 -17.726322174072266 -11.899999618530273
      vertex 9.386188507080078 -17.726322174072266 14.899999618530273
      vertex 9.461569786071777 -17.908309936523438 14.899999618530273
    endloop
  endfacet
  facet normal 0.9238804665521445 0.38268117738319934 0
    outer loop
      vertex 9.386188507080078 -17.726322174072266 -11.899999618530273
      vertex 9.461569786071777 -17.908309936523438 14.899999618530273
      vertex 9.461569786071777 -17.908309936523438 -11.899999618530273
    endloop
  endfacet
  facet normal 0.9807844144349909 -0.19509467548196202 0
    outer loop
      vertex 9.461569786071777 -22.491687774658203 -11.899999618530273
      vertex 9.5 -22.298490524291992 -11.899999618530273
      vertex 9.461569786071777 -22.491687774658203 14.899999618530273
    endloop
  endfacet
  facet normal 0.9807844144349909 -0.19509467548196202 0
    outer loop
      vertex 9.461569786071777 -22.491687774658203 14.899999618530273
      vertex 9.5 -22.298490524291992 -11.899999618530273
      vertex 9.5 -22.298490524291992 14.899999618530273
    endloop
  endfacet
  facet normal 0.9807847829772928 0.19509282272852727 0
    outer loop
      vertex 9.461569786071777 -17.908309936523438 -11.899999618530273
      vertex 9.461569786071777 -17.908309936523438 14.899999618530273
      vertex 9.5 -18.10150909423828 14.899999618530273
    endloop
  endfacet
  facet normal 0.9807847829772928 0.19509282272852727 0
    outer loop
      vertex 9.461569786071777 -17.908309936523438 -11.899999618530273
      vertex 9.5 -18.10150909423828 14.899999618530273
      vertex 9.5 -18.10150909423828 -11.899999618530273
    endloop
  endfacet
  facet normal 1 0 0
    outer loop
      vertex 9.5 -22.298490524291992 -11.899999618530273
      vertex 9.5 -18.10150909423828 -11.899999618530273
      vertex 9.5 -22.298490524291992 14.899999618530273
    endloop
  endfacet
  facet normal 1 0 0
    outer loop
      vertex 9.5 -22.298490524291992 14.899999618530273
      vertex 9.5 -18.10150909423828 -11.899999618530273
      vertex 9.5 -18.10150909423828 14.899999618530273
    endloop
  endfacet
endsolid OpenSCAD_Model
