solid OpenSCAD_Model
  facet normal -1 0 0
    outer loop
      vertex 10 -4.196982383728027 96.21408271789551
      vertex 10 -4.196982383728027 120
      vertex 10 -1.8030166625976562 120
    endloop
  endfacet
  facet normal 0 0 -1
    outer loop
      vertex 10 -4.196982383728027 96.21408271789551
      vertex 10 -1.8030166625976562 96.21408271789551
      vertex 40.583377838134766 -5.923140525817871 96.21408271789551
    endloop
  endfacet
  facet normal -1 0 0
    outer loop
      vertex 10 -4.196982383728027 96.21408271789551
      vertex 10 -1.8030166625976562 120
      vertex 10 -1.8030166625976562 96.21408271789551
    endloop
  endfacet
  facet normal -0.9807854329423978 -0.19508955514838083 0
    outer loop
      vertex 10 -4.196982383728027 96.21408271789551
      vertex 10.076858520507812 -4.583377838134766 96.21408271789551
      vertex 10.076858520507812 -4.583377838134766 120
    endloop
  endfacet
  facet normal -0.9807854329423978 -0.19508955514838083 0
    outer loop
      vertex 10 -4.196982383728027 96.21408271789551
      vertex 10.076858520507812 -4.583377838134766 120
      vertex 10 -4.196982383728027 120
    endloop
  endfacet
  facet normal 0 0 -1
    outer loop
      vertex 10 -4.196982383728027 96.21408271789551
      vertex 40.583377838134766 -5.923140525817871 96.21408271789551
      vertex 10.076858520507812 -4.583377838134766 96.21408271789551
    endloop
  endfacet
  facet normal 0 0 1
    outer loop
      vertex 10 -4.196982383728027 120
      vertex 10.076858520507812 -4.583377838134766 120
      vertex 41.274925231933594 -5.553501129150391 120
    endloop
  endfacet
  facet normal 0 0 1
    outer loop
      vertex 10 -4.196982383728027 120
      vertex 41.274925231933594 -5.553501129150391 120
      vertex 10 -1.8030166625976562 120
    endloop
  endfacet
  facet normal -0.9807854329423978 0.19508955514838083 0
    outer loop
      vertex 10 -1.8030166625976562 96.21408271789551
      vertex 10 -1.8030166625976562 120
      vertex 10.076858520507812 -1.416621208190918 96.21408271789551
    endloop
  endfacet
  facet normal 0 0 -1
    outer loop
      vertex 10 -1.8030166625976562 96.21408271789551
      vertex 10.076858520507812 -1.416621208190918 96.21408271789551
      vertex 40.583377838134766 -5.923140525817871 96.21408271789551
    endloop
  endfacet
  facet normal -0.9807854329423978 0.19508955514838083 0
    outer loop
      vertex 10 -1.8030166625976562 120
      vertex 10.076858520507812 -1.416621208190918 120
      vertex 10.076858520507812 -1.416621208190918 96.21408271789551
    endloop
  endfacet
  facet normal 0 0 1
    outer loop
      vertex 10 -1.8030166625976562 120
      vertex 41.274925231933594 -5.553501129150391 120
      vertex 10.076858520507812 -1.416621208190918 120
    endloop
  endfacet
  facet normal -0.9238791093574824 -0.3826844539471454 0
    outer loop
      vertex 10.076858520507812 -4.583377838134766 96.21408271789551
      vertex 10.227622985839844 -4.947354316711426 96.21408271789551
      vertex 10.076858520507812 -4.583377838134766 120
    endloop
  endfacet
  facet normal 0 0 -1
    outer loop
      vertex 10.076858520507812 -4.583377838134766 96.21408271789551
      vertex 40.583377838134766 -5.923140525817871 96.21408271789551
      vertex 10.227622985839844 -4.947354316711426 96.21408271789551
    endloop
  endfacet
  facet normal -0.9238791093574824 -0.3826844539471454 0
    outer loop
      vertex 10.076858520507812 -4.583377838134766 120
      vertex 10.227622985839844 -4.947354316711426 96.21408271789551
      vertex 10.227622985839844 -4.947354316711426 120
    endloop
  endfacet
  facet normal 0 0 1
    outer loop
      vertex 10.076858520507812 -4.583377838134766 120
      vertex 10.227622985839844 -4.947354316711426 120
      vertex 41.274925231933594 -5.553501129150391 120
    endloop
  endfacet
  facet normal -0.9238791093574824 0.3826844539471454 0
    outer loop
      vertex 10.076858520507812 -1.416621208190918 96.21408271789551
      vertex 10.076858520507812 -1.416621208190918 120
      vertex 10.227622985839844 -1.0526447296142578 96.21408271789551
    endloop
  endfacet
  facet normal 0 0 -1
    outer loop
      vertex 10.076858520507812 -1.416621208190918 96.21408271789551
      vertex 10.227622985839844 -1.0526447296142578 96.21408271789551
      vertex 40.583377838134766 -5.923140525817871 96.21408271789551
    endloop
  endfacet
  facet normal -0.9238791093574824 0.3826844539471454 0
    outer loop
      vertex 10.076858520507812 -1.416621208190918 120
      vertex 10.227622985839844 -1.0526447296142578 120
      vertex 10.227622985839844 -1.0526447296142578 96.21408271789551
    endloop
  endfacet
  facet normal 0 0 1
    outer loop
      vertex 10.076858520507812 -1.416621208190918 120
      vertex 41.274925231933594 -5.553501129150391 120
      vertex 10.227622985839844 -1.0526447296142578 120
    endloop
  endfacet
  facet normal -0.8314707339739217 -0.555568554316088 0
    outer loop
      vertex 10.227622985839844 -4.947354316711426 96.21408271789551
      vertex 10.446497917175293 -5.274925231933594 96.21408271789551
      vertex 10.446497917175293 -5.274925231933594 120
    endloop
  endfacet
  facet normal -0.8314707339739217 -0.555568554316088 0
    outer loop
      vertex 10.227622985839844 -4.947354316711426 96.21408271789551
      vertex 10.446497917175293 -5.274925231933594 120
      vertex 10.227622985839844 -4.947354316711426 120
    endloop
  endfacet
  facet normal 0 0 -1
    outer loop
      vertex 10.227622985839844 -4.947354316711426 96.21408271789551
      vertex 40.583377838134766 -5.923140525817871 96.21408271789551
      vertex 10.446497917175293 -5.274925231933594 96.21408271789551
    endloop
  endfacet
  facet normal 0 0 1
    outer loop
      vertex 10.227622985839844 -4.947354316711426 120
      vertex 10.446497917175293 -5.274925231933594 120
      vertex 41.274925231933594 -5.553501129150391 120
    endloop
  endfacet
  facet normal -0.8314707339739217 0.555568554316088 0
    outer loop
      vertex 10.227622985839844 -1.0526447296142578 96.21408271789551
      vertex 10.227622985839844 -1.0526447296142578 120
      vertex 10.446497917175293 -0.7250738143920898 120
    endloop
  endfacet
  facet normal 0 0 -1
    outer loop
      vertex 10.227622985839844 -1.0526447296142578 96.21408271789551
      vertex 10.446497917175293 -0.7250738143920898 96.21408271789551
      vertex 40.583377838134766 -5.923140525817871 96.21408271789551
    endloop
  endfacet
  facet normal -0.8314707339739217 0.555568554316088 0
    outer loop
      vertex 10.227622985839844 -1.0526447296142578 96.21408271789551
      vertex 10.446497917175293 -0.7250738143920898 120
      vertex 10.446497917175293 -0.7250738143920898 96.21408271789551
    endloop
  endfacet
  facet normal 0 0 1
    outer loop
      vertex 10.227622985839844 -1.0526447296142578 120
      vertex 41.274925231933594 -5.553501129150391 120
      vertex 10.446497917175293 -0.7250738143920898 120
    endloop
  endfacet
  facet normal -0.7071067811865476 -0.7071067811865476 0
    outer loop
      vertex 10.446497917175293 -5.274925231933594 96.21408271789551
      vertex 10.72507381439209 -5.553501129150391 96.21408271789551
      vertex 10.72507381439209 -5.553501129150391 120
    endloop
  endfacet
  facet normal -0.7071067811865476 -0.7071067811865476 0
    outer loop
      vertex 10.446497917175293 -5.274925231933594 96.21408271789551
      vertex 10.72507381439209 -5.553501129150391 120
      vertex 10.446497917175293 -5.274925231933594 120
    endloop
  endfacet
  facet normal 0 0 -1
    outer loop
      vertex 10.446497917175293 -5.274925231933594 96.21408271789551
      vertex 40.583377838134766 -5.923140525817871 96.21408271789551
      vertex 10.72507381439209 -5.553501129150391 96.21408271789551
    endloop
  endfacet
  facet normal 0 0 1
    outer loop
      vertex 10.446497917175293 -5.274925231933594 120
      vertex 10.72507381439209 -5.553501129150391 120
      vertex 41.274925231933594 -5.553501129150391 120
    endloop
  endfacet
  facet normal -0.7071067811865476 0.7071067811865476 0
    outer loop
      vertex 10.446497917175293 -0.7250738143920898 96.21408271789551
      vertex 10.446497917175293 -0.7250738143920898 120
      vertex 10.72507381439209 -0.44649791717529297 96.21408271789551
    endloop
  endfacet
  facet normal 0 0 -1
    outer loop
      vertex 10.446497917175293 -0.7250738143920898 96.21408271789551
      vertex 10.72507381439209 -0.44649791717529297 96.21408271789551
      vertex 40.583377838134766 -5.923140525817871 96.21408271789551
    endloop
  endfacet
  facet normal -0.7071067811865476 0.7071067811865476 0
    outer loop
      vertex 10.446497917175293 -0.7250738143920898 120
      vertex 10.72507381439209 -0.44649791717529297 120
      vertex 10.72507381439209 -0.44649791717529297 96.21408271789551
    endloop
  endfacet
  facet normal 0 0 1
    outer loop
      vertex 10.446497917175293 -0.7250738143920898 120
      vertex 41.274925231933594 -5.553501129150391 120
      vertex 10.72507381439209 -0.44649791717529297 120
    endloop
  endfacet
  facet normal -0.555568554316088 -0.8314707339739217 0
    outer loop
      vertex 10.72507381439209 -5.553501129150391 96.21408271789551
      vertex 11.052644729614258 -5.77237606048584 96.21408271789551
      vertex 11.052644729614258 -5.77237606048584 120
    endloop
  endfacet
  facet normal -0.555568554316088 -0.8314707339739217 0
    outer loop
      vertex 10.72507381439209 -5.553501129150391 96.21408271789551
      vertex 11.052644729614258 -5.77237606048584 120
      vertex 10.72507381439209 -5.553501129150391 120
    endloop
  endfacet
  facet normal 0 0 -1
    outer loop
      vertex 10.72507381439209 -5.553501129150391 96.21408271789551
      vertex 40.583377838134766 -5.923140525817871 96.21408271789551
      vertex 11.052644729614258 -5.77237606048584 96.21408271789551
    endloop
  endfacet
  facet normal 0 0 1
    outer loop
      vertex 10.72507381439209 -5.553501129150391 120
      vertex 11.052644729614258 -5.77237606048584 120
      vertex 41.274925231933594 -5.553501129150391 120
    endloop
  endfacet
  facet normal -0.555568554316088 0.8314707339739217 0
    outer loop
      vertex 10.72507381439209 -0.44649791717529297 96.21408271789551
      vertex 10.72507381439209 -0.44649791717529297 120
      vertex 11.052644729614258 -0.22762298583984375 96.21408271789551
    endloop
  endfacet
  facet normal 0 0 -1
    outer loop
      vertex 10.72507381439209 -0.44649791717529297 96.21408271789551
      vertex 11.052644729614258 -0.22762298583984375 96.21408271789551
      vertex 40.583377838134766 -5.923140525817871 96.21408271789551
    endloop
  endfacet
  facet normal -0.555568554316088 0.8314707339739217 0
    outer loop
      vertex 10.72507381439209 -0.44649791717529297 120
      vertex 11.052644729614258 -0.22762298583984375 120
      vertex 11.052644729614258 -0.22762298583984375 96.21408271789551
    endloop
  endfacet
  facet normal 0 0 1
    outer loop
      vertex 10.72507381439209 -0.44649791717529297 120
      vertex 41.274925231933594 -5.553501129150391 120
      vertex 11.052644729614258 -0.22762298583984375 120
    endloop
  endfacet
  facet normal -0.3826844539471454 -0.9238791093574824 0
    outer loop
      vertex 11.052644729614258 -5.77237606048584 96.21408271789551
      vertex 11.416621208190918 -5.923140525817871 96.21408271789551
      vertex 11.052644729614258 -5.77237606048584 120
    endloop
  endfacet
  facet normal 0 0 -1
    outer loop
      vertex 11.052644729614258 -5.77237606048584 96.21408271789551
      vertex 40.583377838134766 -5.923140525817871 96.21408271789551
      vertex 11.416621208190918 -5.923140525817871 96.21408271789551
    endloop
  endfacet
  facet normal -0.3826844539471454 -0.9238791093574824 0
    outer loop
      vertex 11.052644729614258 -5.77237606048584 120
      vertex 11.416621208190918 -5.923140525817871 96.21408271789551
      vertex 11.416621208190918 -5.923140525817871 120
    endloop
  endfacet
  facet normal 0 0 1
    outer loop
      vertex 11.052644729614258 -5.77237606048584 120
      vertex 11.416621208190918 -5.923140525817871 120
      vertex 41.274925231933594 -5.553501129150391 120
    endloop
  endfacet
  facet normal -0.3826844539471454 0.9238791093574824 0
    outer loop
      vertex 11.052644729614258 -0.22762298583984375 96.21408271789551
      vertex 11.052644729614258 -0.22762298583984375 120
      vertex 11.416621208190918 -0.0768585205078125 120
    endloop
  endfacet
  facet normal 0 0 -1
    outer loop
      vertex 11.052644729614258 -0.22762298583984375 96.21408271789551
      vertex 11.416621208190918 -0.0768585205078125 96.21408271789551
      vertex 40.583377838134766 -5.923140525817871 96.21408271789551
    endloop
  endfacet
  facet normal -0.3826844539471454 0.9238791093574824 0
    outer loop
      vertex 11.052644729614258 -0.22762298583984375 96.21408271789551
      vertex 11.416621208190918 -0.0768585205078125 120
      vertex 11.416621208190918 -0.0768585205078125 96.21408271789551
    endloop
  endfacet
  facet normal 0 0 1
    outer loop
      vertex 11.052644729614258 -0.22762298583984375 120
      vertex 41.274925231933594 -5.553501129150391 120
      vertex 11.416621208190918 -0.0768585205078125 120
    endloop
  endfacet
  facet normal -0.19509188372102473 -0.9807849697595198 0
    outer loop
      vertex 11.416621208190918 -5.923140525817871 96.21408271789551
      vertex 11.803016662597656 -6 96.21408271789551
      vertex 11.803016662597656 -6 120
    endloop
  endfacet
  facet normal -0.19509188372102473 -0.9807849697595198 0
    outer loop
      vertex 11.416621208190918 -5.923140525817871 96.21408271789551
      vertex 11.803016662597656 -6 120
      vertex 11.416621208190918 -5.923140525817871 120
    endloop
  endfacet
  facet normal 0 0 -1
    outer loop
      vertex 11.416621208190918 -5.923140525817871 96.21408271789551
      vertex 40.583377838134766 -5.923140525817871 96.21408271789551
      vertex 11.803016662597656 -6 96.21408271789551
    endloop
  endfacet
  facet normal 0 0 1
    outer loop
      vertex 11.416621208190918 -5.923140525817871 120
      vertex 11.803016662597656 -6 120
      vertex 41.274925231933594 -5.553501129150391 120
    endloop
  endfacet
  facet normal -0.19508955514838083 0.9807854329423978 0
    outer loop
      vertex 11.416621208190918 -0.0768585205078125 96.21408271789551
      vertex 11.416621208190918 -0.0768585205078125 120
      vertex 11.803016662597656 0 120
    endloop
  endfacet
  facet normal 0 0 -1
    outer loop
      vertex 11.416621208190918 -0.0768585205078125 96.21408271789551
      vertex 11.803016662597656 0 96.21408271789551
      vertex 40.583377838134766 -5.923140525817871 96.21408271789551
    endloop
  endfacet
  facet normal -0.19508955514838083 0.9807854329423978 0
    outer loop
      vertex 11.416621208190918 -0.0768585205078125 96.21408271789551
      vertex 11.803016662597656 0 120
      vertex 11.803016662597656 0 96.21408271789551
    endloop
  endfacet
  facet normal 0 0 1
    outer loop
      vertex 11.416621208190918 -0.0768585205078125 120
      vertex 41.274925231933594 -5.553501129150391 120
      vertex 11.803016662597656 0 120
    endloop
  endfacet
  facet normal 0 -1 0
    outer loop
      vertex 11.803016662597656 -6 96.21408271789551
      vertex 14 -6 109.7045259475708
      vertex 11.803016662597656 -6 120
    endloop
  endfacet
  facet normal 0 -1 0
    outer loop
      vertex 11.803016662597656 -6 96.21408271789551
      vertex 14.107602818806967 -6 109.16357186635335
      vertex 14 -6 109.7045259475708
    endloop
  endfacet
  facet normal 0 -1 0
    outer loop
      vertex 11.803016662597656 -6 96.21408271789551
      vertex 14.115288734436035 -6 109.12493228912354
      vertex 14.107602818806967 -6 109.16357186635335
    endloop
  endfacet
  facet normal 0 -1 0
    outer loop
      vertex 11.803016662597656 -6 96.21408271789551
      vertex 14.130365180969239 -6 109.08853467305502
      vertex 14.115288734436035 -6 109.12493228912354
    endloop
  endfacet
  facet normal 0 -1 0
    outer loop
      vertex 11.803016662597656 -6 96.21408271789551
      vertex 14.341435432434082 -6 108.5789680480957
      vertex 14.130365180969239 -6 109.08853467305502
    endloop
  endfacet
  facet normal 0 -1 0
    outer loop
      vertex 11.803016662597656 -6 96.21408271789551
      vertex 14.647860781351724 -6 108.1203692118327
      vertex 14.341435432434082 -6 108.5789680480957
    endloop
  endfacet
  facet normal 0 -1 0
    outer loop
      vertex 11.803016662597656 -6 96.21408271789551
      vertex 14.669748306274414 -6 108.08761215209961
      vertex 14.647860781351724 -6 108.1203692118327
    endloop
  endfacet
  facet normal 0 -1 0
    outer loop
      vertex 11.803016662597656 -6 96.21408271789551
      vertex 14.697605895996094 -6 108.05975456237792
      vertex 14.669748306274414 -6 108.08761215209961
    endloop
  endfacet
  facet normal 0 -1 0
    outer loop
      vertex 11.803016662597656 -6 96.21408271789551
      vertex 15.08761215209961 -6 107.66974830627441
      vertex 14.697605895996094 -6 108.05975456237792
    endloop
  endfacet
  facet normal 0 -1 0
    outer loop
      vertex 11.803016662597656 -6 96.21408271789551
      vertex 15.120369211832681 -6 107.64786078135174
      vertex 15.08761215209961 -6 107.66974830627441
    endloop
  endfacet
  facet normal 0 -1 0
    outer loop
      vertex 11.803016662597656 -6 96.21408271789551
      vertex 15.578968048095703 -6 107.34143543243408
      vertex 15.120369211832681 -6 107.64786078135174
    endloop
  endfacet
  facet normal 0 -1 0
    outer loop
      vertex 11.803016662597656 -6 96.21408271789551
      vertex 16.088534673055015 -6 107.13036518096925
      vertex 15.578968048095703 -6 107.34143543243408
    endloop
  endfacet
  facet normal 0 -1 0
    outer loop
      vertex 11.803016662597656 -6 96.21408271789551
      vertex 16.124932289123535 -6 107.11528873443604
      vertex 16.088534673055015 -6 107.13036518096925
    endloop
  endfacet
  facet normal 0 -1 0
    outer loop
      vertex 11.803016662597656 -6 96.21408271789551
      vertex 16.16357186635335 -6 107.10760281880695
      vertex 16.124932289123535 -6 107.11528873443604
    endloop
  endfacet
  facet normal 0 -1 0
    outer loop
      vertex 11.803016662597656 -6 96.21408271789551
      vertex 16.7045259475708 -6 107
      vertex 16.16357186635335 -6 107.10760281880695
    endloop
  endfacet
  facet normal 0 -1 0
    outer loop
      vertex 11.803016662597656 -6 96.21408271789551
      vertex 17.256077512105307 -6 107
      vertex 16.7045259475708 -6 107
    endloop
  endfacet
  facet normal 0 -1 0
    outer loop
      vertex 11.803016662597656 -6 96.21408271789551
      vertex 17.2954740524292 -6 107
      vertex 17.256077512105307 -6 107
    endloop
  endfacet
  facet normal 0 -1 0
    outer loop
      vertex 11.803016662597656 -6 96.21408271789551
      vertex 22.200000381469728 -6 96.21408364211936
      vertex 22.200000381469728 -6 96.72031380232849
    endloop
  endfacet
  facet normal 0 -1 0
    outer loop
      vertex 11.803016662597656 -6 96.21408271789551
      vertex 22.200000381469728 -6 96.72031380232849
      vertex 22.200000381469728 -6 102.21408364211936
    endloop
  endfacet
  facet normal 0 -1 0
    outer loop
      vertex 11.803016662597656 -6 96.21408271789551
      vertex 22.200000381469728 -6 102.21408364211936
      vertex 22.200000381469728 -6 104.923742972801
    endloop
  endfacet
  facet normal 0 -1 0
    outer loop
      vertex 11.803016662597656 -6 96.21408271789551
      vertex 22.200000381469728 -6 104.923742972801
      vertex 17.2954740524292 -6 107
    endloop
  endfacet
  facet normal 0 -1 0
    outer loop
      vertex 11.803016662597656 -6 96.21408271789551
      vertex 40.19698238372803 -6 96.21408271789551
      vertex 22.200000381469728 -6 96.21408364211936
    endloop
  endfacet
  facet normal 0 0 -1
    outer loop
      vertex 11.803016662597656 -6 96.21408271789551
      vertex 40.583377838134766 -5.923140525817871 96.21408271789551
      vertex 40.19698238372803 -6 96.21408271789551
    endloop
  endfacet
  facet normal 0 -1 0
    outer loop
      vertex 11.803016662597656 -6 120
      vertex 14 -6 109.7045259475708
      vertex 14 -6 110.25607751210529
    endloop
  endfacet
  facet normal 0 -1 0
    outer loop
      vertex 11.803016662597656 -6 120
      vertex 14 -6 110.25607751210529
      vertex 14 -6 110.2954740524292
    endloop
  endfacet
  facet normal 0 -1 0
    outer loop
      vertex 11.803016662597656 -6 120
      vertex 14 -6 110.2954740524292
      vertex 14.007685915629068 -6 110.33411362965902
    endloop
  endfacet
  facet normal 0 -1 0
    outer loop
      vertex 11.803016662597656 -6 120
      vertex 14.007685915629068 -6 110.33411362965902
      vertex 14.115288734436035 -6 110.87506771087646
    endloop
  endfacet
  facet normal 0 -1 0
    outer loop
      vertex 11.803016662597656 -6 120
      vertex 14.115288734436035 -6 110.87506771087646
      vertex 14.130365180969239 -6 110.91146532694498
    endloop
  endfacet
  facet normal 0 -1 0
    outer loop
      vertex 11.803016662597656 -6 120
      vertex 14.130365180969239 -6 110.91146532694498
      vertex 14.341435432434082 -6 111.4210319519043
    endloop
  endfacet
  facet normal 0 -1 0
    outer loop
      vertex 11.803016662597656 -6 120
      vertex 14.341435432434082 -6 111.4210319519043
      vertex 14.647860781351724 -6 111.8796307881673
    endloop
  endfacet
  facet normal 0 -1 0
    outer loop
      vertex 11.803016662597656 -6 120
      vertex 14.647860781351724 -6 111.8796307881673
      vertex 14.669748306274414 -6 111.91238784790039
    endloop
  endfacet
  facet normal 0 -1 0
    outer loop
      vertex 11.803016662597656 -6 120
      vertex 14.669748306274414 -6 111.91238784790039
      vertex 15.059754562377929 -6 112.3023941040039
    endloop
  endfacet
  facet normal 0 -1 0
    outer loop
      vertex 11.803016662597656 -6 120
      vertex 15.059754562377929 -6 112.3023941040039
      vertex 15.08761215209961 -6 112.33025169372559
    endloop
  endfacet
  facet normal 0 -1 0
    outer loop
      vertex 11.803016662597656 -6 120
      vertex 15.08761215209961 -6 112.33025169372559
      vertex 15.120369211832681 -6 112.35213921864826
    endloop
  endfacet
  facet normal 0 -1 0
    outer loop
      vertex 11.803016662597656 -6 120
      vertex 15.120369211832681 -6 112.35213921864826
      vertex 15.578968048095703 -6 112.65856456756592
    endloop
  endfacet
  facet normal 0 -1 0
    outer loop
      vertex 11.803016662597656 -6 120
      vertex 15.578968048095703 -6 112.65856456756592
      vertex 16.088534673055015 -6 112.86963481903075
    endloop
  endfacet
  facet normal 0 -1 0
    outer loop
      vertex 11.803016662597656 -6 120
      vertex 16.088534673055015 -6 112.86963481903075
      vertex 16.124932289123535 -6 112.88471126556396
    endloop
  endfacet
  facet normal 0 -1 0
    outer loop
      vertex 11.803016662597656 -6 120
      vertex 16.124932289123535 -6 112.88471126556396
      vertex 16.16357186635335 -6 112.89239718119305
    endloop
  endfacet
  facet normal 0 -1 0
    outer loop
      vertex 11.803016662597656 -6 120
      vertex 16.16357186635335 -6 112.89239718119305
      vertex 16.63934251407263 -6 112.98703416532484
    endloop
  endfacet
  facet normal 0 -1 0
    outer loop
      vertex 11.803016662597656 -6 120
      vertex 16.63934251407263 -6 112.98703416532484
      vertex 16.7045259475708 -6 113
    endloop
  endfacet
  facet normal 0 -1 0
    outer loop
      vertex 11.803016662597656 -6 120
      vertex 16.7045259475708 -6 113
      vertex 22.200000381469728 -6 119.32273899315453
    endloop
  endfacet
  facet normal 0 -1 0
    outer loop
      vertex 11.803016662597656 -6 120
      vertex 22.200000381469728 -6 119.32273899315453
      vertex 22.274541448063324 -6 119.463501330355
    endloop
  endfacet
  facet normal 0 -1 0
    outer loop
      vertex 11.803016662597656 -6 120
      vertex 22.274541448063324 -6 119.463501330355
      vertex 22.276859855651857 -6 119.46787937973983
    endloop
  endfacet
  facet normal 0 -1 0
    outer loop
      vertex 11.803016662597656 -6 120
      vertex 22.276859855651857 -6 119.46787937973983
      vertex 22.424246692955798 -6 119.60153598658681
    endloop
  endfacet
  facet normal 0 -1 0
    outer loop
      vertex 11.803016662597656 -6 120
      vertex 22.424246692955798 -6 119.60153598658681
      vertex 22.427624320983888 -6 119.60459895432484
    endloop
  endfacet
  facet normal 0 -1 0
    outer loop
      vertex 11.803016662597656 -6 120
      vertex 22.427624320983888 -6 119.60459895432484
      vertex 22.432456727058224 -6 119.60731557504238
    endloop
  endfacet
  facet normal 0 -1 0
    outer loop
      vertex 11.803016662597656 -6 120
      vertex 22.432456727058224 -6 119.60731557504238
      vertex 22.646499252319337 -6 119.72764293268361
    endloop
  endfacet
  facet normal 0 -1 0
    outer loop
      vertex 11.803016662597656 -6 120
      vertex 22.646499252319337 -6 119.72764293268361
      vertex 22.650740154763902 -6 119.7292359281841
    endloop
  endfacet
  facet normal 0 -1 0
    outer loop
      vertex 11.803016662597656 -6 120
      vertex 22.650740154763902 -6 119.7292359281841
      vertex 22.925075149536134 -6 119.83228343234339
    endloop
  endfacet
  facet normal 0 -1 0
    outer loop
      vertex 11.803016662597656 -6 120
      vertex 22.925075149536134 -6 119.83228343234339
      vertex 23.251064043913566 -6 119.91410195864827
    endloop
  endfacet
  facet normal 0 -1 0
    outer loop
      vertex 11.803016662597656 -6 120
      vertex 23.251064043913566 -6 119.91410195864827
      vertex 23.252646064758302 -6 119.91449902141625
    endloop
  endfacet
  facet normal 0 -1 0
    outer loop
      vertex 11.803016662597656 -6 120
      vertex 23.252646064758302 -6 119.91449902141625
      vertex 23.254390229062416 -6 119.9147703961076
    endloop
  endfacet
  facet normal 0 -1 0
    outer loop
      vertex 11.803016662597656 -6 120
      vertex 23.254390229062416 -6 119.9147703961076
      vertex 23.616622543334962 -6 119.97112979898051
    endloop
  endfacet
  facet normal 0 -1 0
    outer loop
      vertex 11.803016662597656 -6 120
      vertex 23.616622543334962 -6 119.97112979898051
      vertex 24.003014162217973 -6 119.99999997054954
    endloop
  endfacet
  facet normal 0 -1 0
    outer loop
      vertex 11.803016662597656 -6 120
      vertex 24.003014162217973 -6 119.99999997054954
      vertex 24.003021833292905 -6 119.99999997054954
    endloop
  endfacet
  facet normal 0 -1 0
    outer loop
      vertex 11.803016662597656 -6 120
      vertex 24.003021833292905 -6 119.99999997054954
      vertex 24.396985280270435 -6 119.99999997054954
    endloop
  endfacet
  facet normal 0 -1 0
    outer loop
      vertex 11.803016662597656 -6 120
      vertex 24.396985280270435 -6 119.99999997054954
      vertex 24.396986600721483 -6 119.99999997054954
    endloop
  endfacet
  facet normal 0 -1 0
    outer loop
      vertex 11.803016662597656 -6 120
      vertex 24.396986600721483 -6 119.99999997054954
      vertex 40.19698238372803 -6 120
    endloop
  endfacet
  facet normal 0 0 1
    outer loop
      vertex 11.803016662597656 -6 120
      vertex 40.19698238372803 -6 120
      vertex 41.274925231933594 -5.553501129150391 120
    endloop
  endfacet
  facet normal 0 1 0
    outer loop
      vertex 11.803016662597656 0 96.21408271789551
      vertex 11.803016662597656 0 120
      vertex 15.350000381469727 0 109.83749008178711
    endloop
  endfacet
  facet normal 0 1 0
    outer loop
      vertex 11.803016662597656 0 96.21408271789551
      vertex 15.350000381469727 0 109.83749008178711
      vertex 15.35964033054385 0 109.78902689753986
    endloop
  endfacet
  facet normal 0 1 0
    outer loop
      vertex 11.803016662597656 0 96.21408271789551
      vertex 15.35964033054385 0 109.78902689753986
      vertex 15.371136665344238 0 109.73123105367026
    endloop
  endfacet
  facet normal 0 1 0
    outer loop
      vertex 11.803016662597656 0 96.21408271789551
      vertex 15.371136665344238 0 109.73123105367026
      vertex 15.39227294921875 0 109.62497202555338
    endloop
  endfacet
  facet normal 0 1 0
    outer loop
      vertex 11.803016662597656 0 96.21408271789551
      vertex 15.39227294921875 0 109.62497202555338
      vertex 15.413409233093262 0 109.51871299743652
    endloop
  endfacet
  facet normal 0 1 0
    outer loop
      vertex 11.803016662597656 0 96.21408271789551
      vertex 15.413409233093262 0 109.51871299743652
      vertex 15.419602648037298 0 109.50376075024522
    endloop
  endfacet
  facet normal 0 1 0
    outer loop
      vertex 11.803016662597656 0 96.21408271789551
      vertex 15.419602648037298 0 109.50376075024522
      vertex 15.454869270324707 0 109.41861947377524
    endloop
  endfacet
  facet normal 0 1 0
    outer loop
      vertex 11.803016662597656 0 96.21408271789551
      vertex 15.454869270324707 0 109.41861947377524
      vertex 15.496329307556152 0 109.31852595011392
    endloop
  endfacet
  facet normal 0 1 0
    outer loop
      vertex 11.803016662597656 0 96.21408271789551
      vertex 15.496329307556152 0 109.31852595011392
      vertex 15.50910060722871 0 109.28769326226987
    endloop
  endfacet
  facet normal 0 1 0
    outer loop
      vertex 11.803016662597656 0 96.21408271789551
      vertex 15.50910060722871 0 109.28769326226987
      vertex 15.537789344787598 0 109.21843242645264
    endloop
  endfacet
  facet normal 0 1 0
    outer loop
      vertex 11.803016662597656 0 96.21408271789551
      vertex 15.537789344787598 0 109.21843242645264
      vertex 15.555740552973692 0 109.19156657531758
    endloop
  endfacet
  facet normal 0 1 0
    outer loop
      vertex 11.803016662597656 0 96.21408271789551
      vertex 15.555740552973692 0 109.19156657531758
      vertex 15.59798018137614 0 109.12835057576498
    endloop
  endfacet
  facet normal 0 1 0
    outer loop
      vertex 11.803016662597656 0 96.21408271789551
      vertex 15.59798018137614 0 109.12835057576498
      vertex 15.65817101796468 0 109.0382687250773
    endloop
  endfacet
  facet normal 0 1 0
    outer loop
      vertex 11.803016662597656 0 96.21408271789551
      vertex 15.65817101796468 0 109.0382687250773
      vertex 15.668149961083461 0 109.02333419824572
    endloop
  endfacet
  facet normal 0 1 0
    outer loop
      vertex 11.803016662597656 0 96.21408271789551
      vertex 15.668149961083461 0 109.02333419824572
      vertex 15.71836184187654 0 108.94818689336162
    endloop
  endfacet
  facet normal 0 1 0
    outer loop
      vertex 11.803016662597656 0 96.21408271789551
      vertex 15.71836184187654 0 108.94818689336162
      vertex 15.718361854553223 0 108.94818687438965
    endloop
  endfacet
  facet normal 0 1 0
    outer loop
      vertex 11.803016662597656 0 96.21408271789551
      vertex 15.718361854553223 0 108.94818687438965
      vertex 15.782269358785193 0 108.88427937015769
    endloop
  endfacet
  facet normal 0 1 0
    outer loop
      vertex 11.803016662597656 0 96.21408271789551
      vertex 15.782269358785193 0 108.88427937015769
      vertex 15.794970194498699 0 108.87157853444418
    endloop
  endfacet
  facet normal 0 1 0
    outer loop
      vertex 11.803016662597656 0 96.21408271789551
      vertex 15.794970194498699 0 108.87157853444418
      vertex 15.871578534444172 0 108.79497019449869
    endloop
  endfacet
  facet normal 0 1 0
    outer loop
      vertex 11.803016662597656 0 96.21408271789551
      vertex 15.871578534444172 0 108.79497019449869
      vertex 15.925339251699093 0 108.74120947724379
    endloop
  endfacet
  facet normal 0 1 0
    outer loop
      vertex 11.803016662597656 0 96.21408271789551
      vertex 15.925339251699093 0 108.74120947724379
      vertex 15.948186874389648 0 108.71836185455322
    endloop
  endfacet
  facet normal 0 1 0
    outer loop
      vertex 11.803016662597656 0 96.21408271789551
      vertex 15.948186874389648 0 108.71836185455322
      vertex 16.01051991979758 0 108.67671219791791
    endloop
  endfacet
  facet normal 0 1 0
    outer loop
      vertex 11.803016662597656 0 96.21408271789551
      vertex 16.01051991979758 0 108.67671219791791
      vertex 16.03826872507731 0 108.65817101796469
    endloop
  endfacet
  facet normal 0 1 0
    outer loop
      vertex 11.803016662597656 0 96.21408271789551
      vertex 16.03826872507731 0 108.65817101796469
      vertex 16.128350575764976 0 108.59798018137613
    endloop
  endfacet
  facet normal 0 1 0
    outer loop
      vertex 11.803016662597656 0 96.21408271789551
      vertex 16.128350575764976 0 108.59798018137613
      vertex 16.204975322923715 0 108.54678110409628
    endloop
  endfacet
  facet normal 0 1 0
    outer loop
      vertex 11.803016662597656 0 96.21408271789551
      vertex 16.204975322923715 0 108.54678110409628
      vertex 16.218432426452637 0 108.5377893447876
    endloop
  endfacet
  facet normal 0 1 0
    outer loop
      vertex 11.803016662597656 0 96.21408271789551
      vertex 16.218432426452637 0 108.5377893447876
      vertex 16.31852595011393 0 108.49632930755615
    endloop
  endfacet
  facet normal 0 1 0
    outer loop
      vertex 11.803016662597656 0 96.21408271789551
      vertex 16.31852595011393 0 108.49632930755615
      vertex 16.41861947377523 0 108.4548692703247
    endloop
  endfacet
  facet normal 0 1 0
    outer loop
      vertex 11.803016662597656 0 96.21408271789551
      vertex 16.41861947377523 0 108.4548692703247
      vertex 16.473061978860052 0 108.43231847777366
    endloop
  endfacet
  facet normal 0 1 0
    outer loop
      vertex 11.803016662597656 0 96.21408271789551
      vertex 16.473061978860052 0 108.43231847777366
      vertex 16.518712997436523 0 108.41340923309326
    endloop
  endfacet
  facet normal 0 1 0
    outer loop
      vertex 11.803016662597656 0 96.21408271789551
      vertex 16.518712997436523 0 108.41340923309326
      vertex 16.624972025553383 0 108.39227294921875
    endloop
  endfacet
  facet normal 0 1 0
    outer loop
      vertex 11.803016662597656 0 96.21408271789551
      vertex 16.624972025553383 0 108.39227294921875
      vertex 16.73123105367025 0 108.37113666534424
    endloop
  endfacet
  facet normal 0 1 0
    outer loop
      vertex 11.803016662597656 0 96.21408271789551
      vertex 16.73123105367025 0 108.37113666534424
      vertex 16.83749008178711 0 108.35000038146973
    endloop
  endfacet
  facet normal 0 1 0
    outer loop
      vertex 11.803016662597656 0 96.21408271789551
      vertex 16.83749008178711 0 108.35000038146973
      vertex 16.945830027262367 0 108.35000038146973
    endloop
  endfacet
  facet normal 0 1 0
    outer loop
      vertex 11.803016662597656 0 96.21408271789551
      vertex 16.945830027262367 0 108.35000038146973
      vertex 17.054169972737633 0 108.35000038146973
    endloop
  endfacet
  facet normal 0 1 0
    outer loop
      vertex 11.803016662597656 0 96.21408271789551
      vertex 17.054169972737633 0 108.35000038146973
      vertex 17.16250991821289 0 108.35000038146973
    endloop
  endfacet
  facet normal 0 1 0
    outer loop
      vertex 11.803016662597656 0 96.21408271789551
      vertex 17.16250991821289 0 108.35000038146973
      vertex 17.26876894632975 0 108.37113666534424
    endloop
  endfacet
  facet normal 0 1 0
    outer loop
      vertex 11.803016662597656 0 96.21408271789551
      vertex 17.26876894632975 0 108.37113666534424
      vertex 17.375027974446617 0 108.39227294921875
    endloop
  endfacet
  facet normal 0 1 0
    outer loop
      vertex 11.803016662597656 0 96.21408271789551
      vertex 17.375027974446617 0 108.39227294921875
      vertex 17.481287002563477 0 108.41340923309326
    endloop
  endfacet
  facet normal 0 1 0
    outer loop
      vertex 11.803016662597656 0 96.21408271789551
      vertex 17.481287002563477 0 108.41340923309326
      vertex 17.58138052622477 0 108.4548692703247
    endloop
  endfacet
  facet normal 0 1 0
    outer loop
      vertex 11.803016662597656 0 96.21408271789551
      vertex 17.58138052622477 0 108.4548692703247
      vertex 17.68147404988607 0 108.49632930755615
    endloop
  endfacet
  facet normal 0 1 0
    outer loop
      vertex 11.803016662597656 0 96.21408271789551
      vertex 17.68147404988607 0 108.49632930755615
      vertex 17.781567573547363 0 108.5377893447876
    endloop
  endfacet
  facet normal 0 1 0
    outer loop
      vertex 11.803016662597656 0 96.21408271789551
      vertex 17.781567573547363 0 108.5377893447876
      vertex 17.871649424235024 0 108.59798018137613
    endloop
  endfacet
  facet normal 0 1 0
    outer loop
      vertex 11.803016662597656 0 96.21408271789551
      vertex 17.871649424235024 0 108.59798018137613
      vertex 17.96173127492269 0 108.65817101796469
    endloop
  endfacet
  facet normal 0 1 0
    outer loop
      vertex 11.803016662597656 0 96.21408271789551
      vertex 17.96173127492269 0 108.65817101796469
      vertex 18.05181312561035 0 108.71836185455322
    endloop
  endfacet
  facet normal 0 1 0
    outer loop
      vertex 11.803016662597656 0 96.21408271789551
      vertex 18.05181312561035 0 108.71836185455322
      vertex 40.19698238372803 0 96.21408271789551
    endloop
  endfacet
  facet normal 0 0 -1
    outer loop
      vertex 11.803016662597656 0 96.21408271789551
      vertex 40.19698238372803 0 96.21408271789551
      vertex 40.583377838134766 -5.923140525817871 96.21408271789551
    endloop
  endfacet
  facet normal 0 1 0
    outer loop
      vertex 11.803016662597656 0 120
      vertex 15.350000381469727 0 109.94583002726236
      vertex 15.350000381469727 0 109.83749008178711
    endloop
  endfacet
  facet normal 0 1 0
    outer loop
      vertex 11.803016662597656 0 120
      vertex 15.350000381469727 0 110.05416997273764
      vertex 15.350000381469727 0 109.94583002726236
    endloop
  endfacet
  facet normal 0 1 0
    outer loop
      vertex 11.803016662597656 0 120
      vertex 15.350000381469727 0 110.16250991821289
      vertex 15.350000381469727 0 110.05416997273764
    endloop
  endfacet
  facet normal 0 1 0
    outer loop
      vertex 11.803016662597656 0 120
      vertex 15.371136665344238 0 110.26876894632974
      vertex 15.350000381469727 0 110.16250991821289
    endloop
  endfacet
  facet normal 0 1 0
    outer loop
      vertex 11.803016662597656 0 120
      vertex 15.39227294921875 0 110.37502797444662
      vertex 15.371136665344238 0 110.26876894632974
    endloop
  endfacet
  facet normal 0 1 0
    outer loop
      vertex 11.803016662597656 0 120
      vertex 15.413409233093262 0 110.48128700256348
      vertex 15.39227294921875 0 110.37502797444662
    endloop
  endfacet
  facet normal 0 1 0
    outer loop
      vertex 11.803016662597656 0 120
      vertex 15.454869270324707 0 110.58138052622476
      vertex 15.413409233093262 0 110.48128700256348
    endloop
  endfacet
  facet normal 0 1 0
    outer loop
      vertex 11.803016662597656 0 120
      vertex 15.496329307556152 0 110.68147404988608
      vertex 15.454869270324707 0 110.58138052622476
    endloop
  endfacet
  facet normal 0 1 0
    outer loop
      vertex 11.803016662597656 0 120
      vertex 15.537789344787598 0 110.78156757354736
      vertex 15.496329307556152 0 110.68147404988608
    endloop
  endfacet
  facet normal 0 1 0
    outer loop
      vertex 11.803016662597656 0 120
      vertex 15.59798018137614 0 110.87164942423502
      vertex 15.537789344787598 0 110.78156757354736
    endloop
  endfacet
  facet normal 0 1 0
    outer loop
      vertex 11.803016662597656 0 120
      vertex 15.65817101796468 0 110.9617312749227
      vertex 15.59798018137614 0 110.87164942423502
    endloop
  endfacet
  facet normal 0 1 0
    outer loop
      vertex 11.803016662597656 0 120
      vertex 15.718361854553223 0 111.05181312561035
      vertex 15.65817101796468 0 110.9617312749227
    endloop
  endfacet
  facet normal 0 1 0
    outer loop
      vertex 11.803016662597656 0 120
      vertex 15.794970194498699 0 111.12842146555582
      vertex 15.718361854553223 0 111.05181312561035
    endloop
  endfacet
  facet normal 0 1 0
    outer loop
      vertex 11.803016662597656 0 120
      vertex 15.871578534444172 0 111.20502980550131
      vertex 15.794970194498699 0 111.12842146555582
    endloop
  endfacet
  facet normal 0 1 0
    outer loop
      vertex 11.803016662597656 0 120
      vertex 15.948186874389648 0 111.28163814544678
      vertex 15.871578534444172 0 111.20502980550131
    endloop
  endfacet
  facet normal 0 1 0
    outer loop
      vertex 11.803016662597656 0 120
      vertex 15.989271300496213 0 111.30908991247017
      vertex 15.948186874389648 0 111.28163814544678
    endloop
  endfacet
  facet normal 0 1 0
    outer loop
      vertex 11.803016662597656 0 120
      vertex 16.03826872507731 0 111.34182898203531
      vertex 15.989271300496213 0 111.30908991247017
    endloop
  endfacet
  facet normal 0 1 0
    outer loop
      vertex 11.803016662597656 0 120
      vertex 16.128350575764976 0 111.40201981862387
      vertex 16.03826872507731 0 111.34182898203531
    endloop
  endfacet
  facet normal 0 1 0
    outer loop
      vertex 11.803016662597656 0 120
      vertex 16.218432426452637 0 111.4622106552124
      vertex 16.128350575764976 0 111.40201981862387
    endloop
  endfacet
  facet normal 0 1 0
    outer loop
      vertex 11.803016662597656 0 120
      vertex 16.31852595011393 0 111.50367069244385
      vertex 16.218432426452637 0 111.4622106552124
    endloop
  endfacet
  facet normal 0 1 0
    outer loop
      vertex 11.803016662597656 0 120
      vertex 16.41861947377523 0 111.5451307296753
      vertex 16.31852595011393 0 111.50367069244385
    endloop
  endfacet
  facet normal 0 1 0
    outer loop
      vertex 11.803016662597656 0 120
      vertex 16.518712997436523 0 111.58659076690674
      vertex 16.41861947377523 0 111.5451307296753
    endloop
  endfacet
  facet normal 0 1 0
    outer loop
      vertex 11.803016662597656 0 120
      vertex 16.53458607824478 0 111.58974812631303
      vertex 16.518712997436523 0 111.58659076690674
    endloop
  endfacet
  facet normal 0 1 0
    outer loop
      vertex 11.803016662597656 0 120
      vertex 16.624972025553383 0 111.60772705078125
      vertex 16.53458607824478 0 111.58974812631303
    endloop
  endfacet
  facet normal 0 1 0
    outer loop
      vertex 11.803016662597656 0 120
      vertex 16.73123105367025 0 111.62886333465576
      vertex 16.624972025553383 0 111.60772705078125
    endloop
  endfacet
  facet normal 0 1 0
    outer loop
      vertex 11.803016662597656 0 120
      vertex 16.83749008178711 0 111.64999961853027
      vertex 16.73123105367025 0 111.62886333465576
    endloop
  endfacet
  facet normal 0 1 0
    outer loop
      vertex 11.803016662597656 0 120
      vertex 16.945830027262367 0 111.64999961853027
      vertex 16.83749008178711 0 111.64999961853027
    endloop
  endfacet
  facet normal 0 1 0
    outer loop
      vertex 11.803016662597656 0 120
      vertex 17.054169972737633 0 111.64999961853027
      vertex 16.945830027262367 0 111.64999961853027
    endloop
  endfacet
  facet normal 0 1 0
    outer loop
      vertex 11.803016662597656 0 120
      vertex 17.087543105549983 0 111.64999961853027
      vertex 17.054169972737633 0 111.64999961853027
    endloop
  endfacet
  facet normal 0 1 0
    outer loop
      vertex 11.803016662597656 0 120
      vertex 17.16250991821289 0 111.64999961853027
      vertex 17.087543105549983 0 111.64999961853027
    endloop
  endfacet
  facet normal 0 1 0
    outer loop
      vertex 11.803016662597656 0 120
      vertex 17.26876894632975 0 111.62886333465576
      vertex 17.16250991821289 0 111.64999961853027
    endloop
  endfacet
  facet normal 0 1 0
    outer loop
      vertex 11.803016662597656 0 120
      vertex 17.375027974446617 0 111.60772705078125
      vertex 17.26876894632975 0 111.62886333465576
    endloop
  endfacet
  facet normal 0 1 0
    outer loop
      vertex 11.803016662597656 0 120
      vertex 17.481287002563477 0 111.58659076690674
      vertex 17.375027974446617 0 111.60772705078125
    endloop
  endfacet
  facet normal 0 1 0
    outer loop
      vertex 11.803016662597656 0 120
      vertex 17.511138581800367 0 111.57422585515914
      vertex 17.481287002563477 0 111.58659076690674
    endloop
  endfacet
  facet normal 0 1 0
    outer loop
      vertex 11.803016662597656 0 120
      vertex 17.58138052622477 0 111.5451307296753
      vertex 17.511138581800367 0 111.57422585515914
    endloop
  endfacet
  facet normal 0 1 0
    outer loop
      vertex 11.803016662597656 0 120
      vertex 17.68147404988607 0 111.50367069244385
      vertex 17.58138052622477 0 111.5451307296753
    endloop
  endfacet
  facet normal 0 1 0
    outer loop
      vertex 11.803016662597656 0 120
      vertex 17.781567573547363 0 111.4622106552124
      vertex 17.68147404988607 0 111.50367069244385
    endloop
  endfacet
  facet normal 0 1 0
    outer loop
      vertex 11.803016662597656 0 120
      vertex 17.871649424235024 0 111.40201981862387
      vertex 17.781567573547363 0 111.4622106552124
    endloop
  endfacet
  facet normal 0 1 0
    outer loop
      vertex 11.803016662597656 0 120
      vertex 17.96173127492269 0 111.34182898203531
      vertex 17.871649424235024 0 111.40201981862387
    endloop
  endfacet
  facet normal 0 1 0
    outer loop
      vertex 11.803016662597656 0 120
      vertex 17.976665801754265 0 111.33185003891654
      vertex 17.96173127492269 0 111.34182898203531
    endloop
  endfacet
  facet normal 0 1 0
    outer loop
      vertex 11.803016662597656 0 120
      vertex 18.05181312561035 0 111.28163814544678
      vertex 17.976665801754265 0 111.33185003891654
    endloop
  endfacet
  facet normal 0 1 0
    outer loop
      vertex 11.803016662597656 0 120
      vertex 18.128421465555824 0 111.20502980550131
      vertex 18.05181312561035 0 111.28163814544678
    endloop
  endfacet
  facet normal 0 1 0
    outer loop
      vertex 11.803016662597656 0 120
      vertex 18.205029805501304 0 111.12842146555582
      vertex 18.128421465555824 0 111.20502980550131
    endloop
  endfacet
  facet normal 0 1 0
    outer loop
      vertex 11.803016662597656 0 120
      vertex 18.281638145446777 0 111.05181312561035
      vertex 18.205029805501304 0 111.12842146555582
    endloop
  endfacet
  facet normal 0 1 0
    outer loop
      vertex 11.803016662597656 0 120
      vertex 33.35000038146973 0 109.83749008178711
      vertex 33.359640330543854 0 109.78902689753986
    endloop
  endfacet
  facet normal 0 1 0
    outer loop
      vertex 11.803016662597656 0 120
      vertex 33.35000038146973 0 109.94583002726236
      vertex 33.35000038146973 0 109.83749008178711
    endloop
  endfacet
  facet normal 0 1 0
    outer loop
      vertex 11.803016662597656 0 120
      vertex 33.35000038146973 0 110.05416997273764
      vertex 33.35000038146973 0 109.94583002726236
    endloop
  endfacet
  facet normal 0 1 0
    outer loop
      vertex 11.803016662597656 0 120
      vertex 33.35000038146973 0 110.16250991821289
      vertex 33.35000038146973 0 110.05416997273764
    endloop
  endfacet
  facet normal 0 1 0
    outer loop
      vertex 11.803016662597656 0 120
      vertex 33.359640330543854 0 109.78902689753986
      vertex 33.37113666534424 0 109.73123105367026
    endloop
  endfacet
  facet normal 0 1 0
    outer loop
      vertex 11.803016662597656 0 120
      vertex 33.37113666534424 0 109.73123105367026
      vertex 33.39227294921875 0 109.62497202555338
    endloop
  endfacet
  facet normal 0 1 0
    outer loop
      vertex 11.803016662597656 0 120
      vertex 33.37113666534424 0 110.26876894632974
      vertex 33.35000038146973 0 110.16250991821289
    endloop
  endfacet
  facet normal 0 1 0
    outer loop
      vertex 11.803016662597656 0 120
      vertex 33.39227294921875 0 109.62497202555338
      vertex 33.41340923309326 0 109.51871299743652
    endloop
  endfacet
  facet normal 0 1 0
    outer loop
      vertex 11.803016662597656 0 120
      vertex 33.39227294921875 0 110.37502797444662
      vertex 33.37113666534424 0 110.26876894632974
    endloop
  endfacet
  facet normal 0 1 0
    outer loop
      vertex 11.803016662597656 0 120
      vertex 33.41340923309326 0 109.51871299743652
      vertex 33.4196026480373 0 109.50376075024522
    endloop
  endfacet
  facet normal 0 1 0
    outer loop
      vertex 11.803016662597656 0 120
      vertex 33.41340923309326 0 110.48128700256348
      vertex 33.39227294921875 0 110.37502797444662
    endloop
  endfacet
  facet normal 0 1 0
    outer loop
      vertex 11.803016662597656 0 120
      vertex 33.4196026480373 0 109.50376075024522
      vertex 33.45486927032471 0 109.41861947377524
    endloop
  endfacet
  facet normal 0 1 0
    outer loop
      vertex 11.803016662597656 0 120
      vertex 33.45486927032471 0 109.41861947377524
      vertex 33.49632930755615 0 109.31852595011392
    endloop
  endfacet
  facet normal 0 1 0
    outer loop
      vertex 11.803016662597656 0 120
      vertex 33.45486927032471 0 110.58138052622476
      vertex 33.41340923309326 0 110.48128700256348
    endloop
  endfacet
  facet normal 0 1 0
    outer loop
      vertex 11.803016662597656 0 120
      vertex 33.49632930755615 0 109.31852595011392
      vertex 33.5091006072287 0 109.28769326226987
    endloop
  endfacet
  facet normal 0 1 0
    outer loop
      vertex 11.803016662597656 0 120
      vertex 33.49632930755615 0 110.68147404988608
      vertex 33.45486927032471 0 110.58138052622476
    endloop
  endfacet
  facet normal 0 1 0
    outer loop
      vertex 11.803016662597656 0 120
      vertex 33.5091006072287 0 109.28769326226987
      vertex 33.5377893447876 0 109.21843242645264
    endloop
  endfacet
  facet normal 0 1 0
    outer loop
      vertex 11.803016662597656 0 120
      vertex 33.5377893447876 0 109.21843242645264
      vertex 33.55574055297369 0 109.19156657531758
    endloop
  endfacet
  facet normal 0 1 0
    outer loop
      vertex 11.803016662597656 0 120
      vertex 33.5377893447876 0 110.78156757354736
      vertex 33.49632930755615 0 110.68147404988608
    endloop
  endfacet
  facet normal 0 1 0
    outer loop
      vertex 11.803016662597656 0 120
      vertex 33.55574055297369 0 109.19156657531758
      vertex 33.597980181376144 0 109.12835057576498
    endloop
  endfacet
  facet normal 0 1 0
    outer loop
      vertex 11.803016662597656 0 120
      vertex 33.597980181376144 0 109.12835057576498
      vertex 33.658171017964676 0 109.0382687250773
    endloop
  endfacet
  facet normal 0 1 0
    outer loop
      vertex 11.803016662597656 0 120
      vertex 33.597980181376144 0 110.87164942423502
      vertex 33.5377893447876 0 110.78156757354736
    endloop
  endfacet
  facet normal 0 1 0
    outer loop
      vertex 11.803016662597656 0 120
      vertex 33.658171017964676 0 109.0382687250773
      vertex 33.66814996108346 0 109.02333419824572
    endloop
  endfacet
  facet normal 0 1 0
    outer loop
      vertex 11.803016662597656 0 120
      vertex 33.658171017964676 0 110.9617312749227
      vertex 33.597980181376144 0 110.87164942423502
    endloop
  endfacet
  facet normal 0 1 0
    outer loop
      vertex 11.803016662597656 0 120
      vertex 33.66814996108346 0 109.02333419824572
      vertex 33.71836184187654 0 108.94818689336162
    endloop
  endfacet
  facet normal 0 1 0
    outer loop
      vertex 11.803016662597656 0 120
      vertex 33.71836184187654 0 108.94818689336162
      vertex 33.71836185455322 0 108.94818687438965
    endloop
  endfacet
  facet normal 0 1 0
    outer loop
      vertex 11.803016662597656 0 120
      vertex 33.71836185455322 0 108.94818687438965
      vertex 40.19698238372803 0 96.21408271789551
    endloop
  endfacet
  facet normal 0 1 0
    outer loop
      vertex 11.803016662597656 0 120
      vertex 33.71836185455322 0 111.05181312561035
      vertex 33.658171017964676 0 110.9617312749227
    endloop
  endfacet
  facet normal 0 1 0
    outer loop
      vertex 11.803016662597656 0 120
      vertex 33.7949701944987 0 111.12842146555582
      vertex 33.71836185455322 0 111.05181312561035
    endloop
  endfacet
  facet normal 0 1 0
    outer loop
      vertex 11.803016662597656 0 120
      vertex 33.87157853444417 0 111.20502980550131
      vertex 33.7949701944987 0 111.12842146555582
    endloop
  endfacet
  facet normal 0 1 0
    outer loop
      vertex 11.803016662597656 0 120
      vertex 33.94818687438965 0 111.28163814544678
      vertex 33.87157853444417 0 111.20502980550131
    endloop
  endfacet
  facet normal 0 1 0
    outer loop
      vertex 11.803016662597656 0 120
      vertex 33.98927130049621 0 111.30908991247017
      vertex 33.94818687438965 0 111.28163814544678
    endloop
  endfacet
  facet normal 0 1 0
    outer loop
      vertex 11.803016662597656 0 120
      vertex 34.038268725077316 0 111.34182898203531
      vertex 33.98927130049621 0 111.30908991247017
    endloop
  endfacet
  facet normal 0 1 0
    outer loop
      vertex 11.803016662597656 0 120
      vertex 34.12835057576497 0 111.40201981862387
      vertex 34.038268725077316 0 111.34182898203531
    endloop
  endfacet
  facet normal 0 1 0
    outer loop
      vertex 11.803016662597656 0 120
      vertex 40.19698238372803 0 96.21408271789551
      vertex 18.281638145446777 0 111.05181312561035
    endloop
  endfacet
  facet normal 0 1 0
    outer loop
      vertex 11.803016662597656 0 120
      vertex 40.19698238372803 0 120
      vertex 34.12835057576497 0 111.40201981862387
    endloop
  endfacet
  facet normal 0 0 1
    outer loop
      vertex 11.803016662597656 0 120
      vertex 41.274925231933594 -5.553501129150391 120
      vertex 40.19698238372803 0 120
    endloop
  endfacet
  facet normal 1 0 0
    outer loop
      vertex 14 -6 109.7045259475708
      vertex 14 -5 109.7045259475708
      vertex 14 -6 110.25607751210529
    endloop
  endfacet
  facet normal 0.9807851548654606 0 0.19509095313605523
    outer loop
      vertex 14 -6 109.7045259475708
      vertex 14.107602818806967 -6 109.16357186635335
      vertex 14 -5 109.7045259475708
    endloop
  endfacet
  facet normal 1 0 0
    outer loop
      vertex 14 -6 110.25607751210529
      vertex 14 -5 109.7045259475708
      vertex 14 -5 110.2954740524292
    endloop
  endfacet
  facet normal 1 0 0
    outer loop
      vertex 14 -6 110.25607751210529
      vertex 14 -5 110.2954740524292
      vertex 14 -6 110.2954740524292
    endloop
  endfacet
  facet normal 0.9807851548654636 0 -0.1950909531360403
    outer loop
      vertex 14 -6 110.2954740524292
      vertex 14 -5 110.2954740524292
      vertex 14.007685915629068 -6 110.33411362965902
    endloop
  endfacet
  facet normal 0.9807851548654608 5.636139622676309e-16 0.19509095313605423
    outer loop
      vertex 14 -5 109.7045259475708
      vertex 14.107602818806967 -6 109.16357186635335
      vertex 14.115288734436035 -5 109.12493228912354
    endloop
  endfacet
  facet normal 0 -1 0
    outer loop
      vertex 14 -5 109.7045259475708
      vertex 14.115288734436035 -5 109.12493228912354
      vertex 14.669748306274414 -5 108.08761215209961
    endloop
  endfacet
  facet normal 0 -1 0
    outer loop
      vertex 14 -5 109.7045259475708
      vertex 14.669748306274414 -5 108.08761215209961
      vertex 14 -5 110.2954740524292
    endloop
  endfacet
  facet normal 0.9807851548654608 -5.592107281874151e-16 -0.19509095313605423
    outer loop
      vertex 14 -5 110.2954740524292
      vertex 14.115288734436035 -5 110.87506771087646
      vertex 14.007685915629068 -6 110.33411362965902
    endloop
  endfacet
  facet normal 0 -1 0
    outer loop
      vertex 14 -5 110.2954740524292
      vertex 14.669748306274414 -5 108.08761215209961
      vertex 14.115288734436035 -5 110.87506771087646
    endloop
  endfacet
  facet normal 0.9807851548654606 0 -0.19509095313605523
    outer loop
      vertex 14.007685915629068 -6 110.33411362965902
      vertex 14.115288734436035 -5 110.87506771087646
      vertex 14.115288734436035 -6 110.87506771087646
    endloop
  endfacet
  facet normal 0.9807851548654636 0 0.1950909531360403
    outer loop
      vertex 14.107602818806967 -6 109.16357186635335
      vertex 14.115288734436035 -6 109.12493228912354
      vertex 14.115288734436035 -5 109.12493228912354
    endloop
  endfacet
  facet normal 0.9238789911886517 0 0.38268473923092255
    outer loop
      vertex 14.115288734436035 -6 109.12493228912354
      vertex 14.130365180969239 -6 109.08853467305502
      vertex 14.115288734436035 -5 109.12493228912354
    endloop
  endfacet
  facet normal 0.9238789911886517 0 -0.38268473923092255
    outer loop
      vertex 14.115288734436035 -6 110.87506771087646
      vertex 14.115288734436035 -5 110.87506771087646
      vertex 14.130365180969239 -6 110.91146532694498
    endloop
  endfacet
  facet normal 0.9238789911886932 4.282885268253208e-15 0.38268473923082214
    outer loop
      vertex 14.115288734436035 -5 109.12493228912354
      vertex 14.130365180969239 -6 109.08853467305502
      vertex 14.341435432434082 -5 108.5789680480957
    endloop
  endfacet
  facet normal 0 -1 0
    outer loop
      vertex 14.115288734436035 -5 109.12493228912354
      vertex 14.341435432434082 -5 108.5789680480957
      vertex 14.669748306274414 -5 108.08761215209961
    endloop
  endfacet
  facet normal 0.9238789911886932 4.282885268253208e-15 -0.38268473923082214
    outer loop
      vertex 14.115288734436035 -5 110.87506771087646
      vertex 14.341435432434082 -5 111.4210319519043
      vertex 14.130365180969239 -6 110.91146532694498
    endloop
  endfacet
  facet normal 0 -1 0
    outer loop
      vertex 14.115288734436035 -5 110.87506771087646
      vertex 14.669748306274414 -5 108.08761215209961
      vertex 14.341435432434082 -5 111.4210319519043
    endloop
  endfacet
  facet normal 0.9238789911886962 0 0.382684739230815
    outer loop
      vertex 14.130365180969239 -6 109.08853467305502
      vertex 14.341435432434082 -6 108.5789680480957
      vertex 14.341435432434082 -5 108.5789680480957
    endloop
  endfacet
  facet normal 0.9238789911886962 0 -0.382684739230815
    outer loop
      vertex 14.130365180969239 -6 110.91146532694498
      vertex 14.341435432434082 -5 111.4210319519043
      vertex 14.341435432434082 -6 111.4210319519043
    endloop
  endfacet
  facet normal 0.8314701121787441 0 0.555569484901274
    outer loop
      vertex 14.341435432434082 -6 108.5789680480957
      vertex 14.647860781351724 -6 108.1203692118327
      vertex 14.341435432434082 -5 108.5789680480957
    endloop
  endfacet
  facet normal 0.8314701121787441 0 -0.555569484901274
    outer loop
      vertex 14.341435432434082 -6 111.4210319519043
      vertex 14.341435432434082 -5 111.4210319519043
      vertex 14.647860781351724 -6 111.8796307881673
    endloop
  endfacet
  facet normal 0.8314701121787506 6.575499441906509e-15 0.555569484901264
    outer loop
      vertex 14.341435432434082 -5 108.5789680480957
      vertex 14.647860781351724 -6 108.1203692118327
      vertex 14.669748306274414 -5 108.08761215209961
    endloop
  endfacet
  facet normal 0 -1 0
    outer loop
      vertex 14.341435432434082 -5 111.4210319519043
      vertex 14.669748306274414 -5 108.08761215209961
      vertex 14.669748306274414 -5 111.91238784790039
    endloop
  endfacet
  facet normal 0.8314701121787506 6.575499441906509e-15 -0.555569484901264
    outer loop
      vertex 14.341435432434082 -5 111.4210319519043
      vertex 14.669748306274414 -5 111.91238784790039
      vertex 14.647860781351724 -6 111.8796307881673
    endloop
  endfacet
  facet normal 0.8314701121788434 0 0.5555694849011251
    outer loop
      vertex 14.647860781351724 -6 108.1203692118327
      vertex 14.669748306274414 -6 108.08761215209961
      vertex 14.669748306274414 -5 108.08761215209961
    endloop
  endfacet
  facet normal 0.8314701121788434 0 -0.5555694849011251
    outer loop
      vertex 14.647860781351724 -6 111.8796307881673
      vertex 14.669748306274414 -5 111.91238784790039
      vertex 14.669748306274414 -6 111.91238784790039
    endloop
  endfacet
  facet normal 0.7071067811866828 0 0.7071067811864122
    outer loop
      vertex 14.669748306274414 -6 108.08761215209961
      vertex 14.697605895996094 -6 108.05975456237792
      vertex 14.669748306274414 -5 108.08761215209961
    endloop
  endfacet
  facet normal 0.7071067811865379 0 -0.7071067811865572
    outer loop
      vertex 14.669748306274414 -6 111.91238784790039
      vertex 14.669748306274414 -5 111.91238784790039
      vertex 15.059754562377929 -6 112.3023941040039
    endloop
  endfacet
  facet normal 0.7071067811865475 -7.535400327067779e-15 0.7071067811865475
    outer loop
      vertex 14.669748306274414 -5 108.08761215209961
      vertex 14.697605895996094 -6 108.05975456237792
      vertex 15.08761215209961 -5 107.66974830627441
    endloop
  endfacet
  facet normal 0 -1 0
    outer loop
      vertex 14.669748306274414 -5 108.08761215209961
      vertex 15.08761215209961 -5 107.66974830627441
      vertex 15.578968048095703 -5 107.34143543243408
    endloop
  endfacet
  facet normal 0 -1 0
    outer loop
      vertex 14.669748306274414 -5 108.08761215209961
      vertex 15.08761215209961 -5 112.33025169372559
      vertex 14.669748306274414 -5 111.91238784790039
    endloop
  endfacet
  facet normal 0 -1 0
    outer loop
      vertex 14.669748306274414 -5 108.08761215209961
      vertex 15.350000381469727 -5 109.83749008178711
      vertex 15.350000381469727 -5 110
    endloop
  endfacet
  facet normal 0 -1 0
    outer loop
      vertex 14.669748306274414 -5 108.08761215209961
      vertex 15.350000381469727 -5 110
      vertex 15.350000381469727 -5 110.16250991821289
    endloop
  endfacet
  facet normal 0 -1 0
    outer loop
      vertex 14.669748306274414 -5 108.08761215209961
      vertex 15.350000381469727 -5 110.16250991821289
      vertex 15.381704807281494 -5 110.32189846038818
    endloop
  endfacet
  facet normal 0 -1 0
    outer loop
      vertex 14.669748306274414 -5 108.08761215209961
      vertex 15.364460305080915 -5 109.76479530541624
      vertex 15.350000381469727 -5 109.83749008178711
    endloop
  endfacet
  facet normal 0 -1 0
    outer loop
      vertex 14.669748306274414 -5 108.08761215209961
      vertex 15.381704807281494 -5 109.67810153961182
      vertex 15.364460305080915 -5 109.76479530541624
    endloop
  endfacet
  facet normal 0 -1 0
    outer loop
      vertex 14.669748306274414 -5 108.08761215209961
      vertex 15.381704807281494 -5 110.32189846038818
      vertex 15.413409233093262 -5 110.48128700256348
    endloop
  endfacet
  facet normal 0 -1 0
    outer loop
      vertex 14.669748306274414 -5 108.08761215209961
      vertex 15.413409233093262 -5 109.51871299743652
      vertex 15.381704807281494 -5 109.67810153961182
    endloop
  endfacet
  facet normal 0 -1 0
    outer loop
      vertex 14.669748306274414 -5 108.08761215209961
      vertex 15.413409233093262 -5 110.48128700256348
      vertex 16.124932289123535 -5 112.88471126556396
    endloop
  endfacet
  facet normal 0 -1 0
    outer loop
      vertex 14.669748306274414 -5 108.08761215209961
      vertex 15.42269935550932 -5 109.49628462664955
      vertex 15.413409233093262 -5 109.51871299743652
    endloop
  endfacet
  facet normal 0 -1 0
    outer loop
      vertex 14.669748306274414 -5 108.08761215209961
      vertex 15.47559928894043 -5 109.36857271194458
      vertex 15.42269935550932 -5 109.49628462664955
    endloop
  endfacet
  facet normal 0 -1 0
    outer loop
      vertex 14.669748306274414 -5 108.08761215209961
      vertex 15.494756238449266 -5 109.32232368017847
      vertex 15.47559928894043 -5 109.36857271194458
    endloop
  endfacet
  facet normal 0 -1 0
    outer loop
      vertex 14.669748306274414 -5 108.08761215209961
      vertex 15.537789344787598 -5 109.21843242645264
      vertex 15.494756238449266 -5 109.32232368017847
    endloop
  endfacet
  facet normal 0 -1 0
    outer loop
      vertex 14.669748306274414 -5 108.08761215209961
      vertex 15.564716157066737 -5 109.17813364975004
      vertex 15.537789344787598 -5 109.21843242645264
    endloop
  endfacet
  facet normal 0 -1 0
    outer loop
      vertex 14.669748306274414 -5 108.08761215209961
      vertex 15.578968048095703 -5 107.34143543243408
      vertex 16.124932289123535 -5 107.11528873443604
    endloop
  endfacet
  facet normal 0 -1 0
    outer loop
      vertex 14.669748306274414 -5 108.08761215209961
      vertex 15.578968048095703 -5 112.65856456756592
      vertex 15.08761215209961 -5 112.33025169372559
    endloop
  endfacet
  facet normal 0 -1 0
    outer loop
      vertex 14.669748306274414 -5 108.08761215209961
      vertex 15.62807559967041 -5 109.08330965042114
      vertex 15.564716157066737 -5 109.17813364975004
    endloop
  endfacet
  facet normal 0 -1 0
    outer loop
      vertex 14.669748306274414 -5 108.08761215209961
      vertex 15.643044014348582 -5 109.06090786017378
      vertex 15.62807559967041 -5 109.08330965042114
    endloop
  endfacet
  facet normal 0 -1 0
    outer loop
      vertex 14.669748306274414 -5 108.08761215209961
      vertex 15.7183618355382 -5 108.94818690284762
      vertex 15.643044014348582 -5 109.06090786017378
    endloop
  endfacet
  facet normal 0 -1 0
    outer loop
      vertex 14.669748306274414 -5 108.08761215209961
      vertex 15.718361854553223 -5 108.94818687438965
      vertex 15.7183618355382 -5 108.94818690284762
    endloop
  endfacet
  facet normal 0 -1 0
    outer loop
      vertex 14.669748306274414 -5 108.08761215209961
      vertex 15.814223110901178 -5 108.8523256180417
      vertex 15.718361854553223 -5 108.94818687438965
    endloop
  endfacet
  facet normal 0 -1 0
    outer loop
      vertex 14.669748306274414 -5 108.08761215209961
      vertex 15.833274364471436 -5 108.83327436447144
      vertex 15.814223110901178 -5 108.8523256180417
    endloop
  endfacet
  facet normal 0 -1 0
    outer loop
      vertex 14.669748306274414 -5 108.08761215209961
      vertex 15.913915440353815 -5 108.75263328858907
      vertex 15.833274364471436 -5 108.83327436447144
    endloop
  endfacet
  facet normal 0 -1 0
    outer loop
      vertex 14.669748306274414 -5 108.08761215209961
      vertex 15.948186874389648 -5 108.71836185455322
      vertex 15.913915440353815 -5 108.75263328858907
    endloop
  endfacet
  facet normal 0 -1 0
    outer loop
      vertex 14.669748306274414 -5 108.08761215209961
      vertex 16.041686442501543 -5 108.65588736960024
      vertex 15.948186874389648 -5 108.71836185455322
    endloop
  endfacet
  facet normal 0 -1 0
    outer loop
      vertex 14.669748306274414 -5 108.08761215209961
      vertex 16.083309650421143 -5 108.62807559967041
      vertex 16.041686442501543 -5 108.65588736960024
    endloop
  endfacet
  facet normal 0 -1 0
    outer loop
      vertex 14.669748306274414 -5 108.08761215209961
      vertex 16.124932289123535 -5 107.11528873443604
      vertex 16.7045259475708 -5 107
    endloop
  endfacet
  facet normal 0 -1 0
    outer loop
      vertex 14.669748306274414 -5 108.08761215209961
      vertex 16.124932289123535 -5 112.88471126556396
      vertex 15.578968048095703 -5 112.65856456756592
    endloop
  endfacet
  facet normal 0 -1 0
    outer loop
      vertex 14.669748306274414 -5 108.08761215209961
      vertex 16.198246771159248 -5 108.55127698375063
      vertex 16.083309650421143 -5 108.62807559967041
    endloop
  endfacet
  facet normal 0 -1 0
    outer loop
      vertex 14.669748306274414 -5 108.08761215209961
      vertex 16.218432426452637 -5 108.5377893447876
      vertex 16.198246771159248 -5 108.55127698375063
    endloop
  endfacet
  facet normal 0 -1 0
    outer loop
      vertex 14.669748306274414 -5 108.08761215209961
      vertex 16.36857271194458 -5 108.47559928894043
      vertex 16.218432426452637 -5 108.5377893447876
    endloop
  endfacet
  facet normal 0 -1 0
    outer loop
      vertex 14.669748306274414 -5 108.08761215209961
      vertex 16.450236469571813 -5 108.44177310011386
      vertex 16.36857271194458 -5 108.47559928894043
    endloop
  endfacet
  facet normal 0 -1 0
    outer loop
      vertex 14.669748306274414 -5 108.08761215209961
      vertex 16.518712997436523 -5 108.41340923309326
      vertex 16.450236469571813 -5 108.44177310011386
    endloop
  endfacet
  facet normal 0 -1 0
    outer loop
      vertex 14.669748306274414 -5 108.08761215209961
      vertex 16.678101539611816 -5 108.3817048072815
      vertex 16.518712997436523 -5 108.41340923309326
    endloop
  endfacet
  facet normal 0 -1 0
    outer loop
      vertex 14.669748306274414 -5 108.08761215209961
      vertex 16.7045259475708 -5 107
      vertex 17.2954740524292 -5 107
    endloop
  endfacet
  facet normal 0 -1 0
    outer loop
      vertex 14.669748306274414 -5 108.08761215209961
      vertex 16.83749008178711 -5 108.35000038146973
      vertex 16.678101539611816 -5 108.3817048072815
    endloop
  endfacet
  facet normal 0 -1 0
    outer loop
      vertex 14.669748306274414 -5 108.08761215209961
      vertex 17 -5 108.35000038146973
      vertex 16.83749008178711 -5 108.35000038146973
    endloop
  endfacet
  facet normal 0 -1 0
    outer loop
      vertex 14.669748306274414 -5 108.08761215209961
      vertex 17.16250991821289 -5 108.35000038146973
      vertex 17 -5 108.35000038146973
    endloop
  endfacet
  facet normal 0 -1 0
    outer loop
      vertex 14.669748306274414 -5 108.08761215209961
      vertex 17.2954740524292 -5 107
      vertex 17.875067710876465 -5 107.11528873443604
    endloop
  endfacet
  facet normal 0 -1 0
    outer loop
      vertex 14.669748306274414 -5 108.08761215209961
      vertex 17.875067710876465 -5 107.11528873443604
      vertex 18.421031951904297 -5 107.34143543243408
    endloop
  endfacet
  facet normal 0 -1 0
    outer loop
      vertex 14.669748306274414 -5 108.08761215209961
      vertex 18.421031951904297 -5 107.34143543243408
      vertex 18.91238784790039 -5 107.66974830627441
    endloop
  endfacet
  facet normal 0 -1 0
    outer loop
      vertex 14.669748306274414 -5 108.08761215209961
      vertex 18.91238784790039 -5 107.66974830627441
      vertex 19.330251693725586 -5 108.08761215209961
    endloop
  endfacet
  facet normal 0 -1 0
    outer loop
      vertex 14.669748306274414 -5 108.08761215209961
      vertex 19.330251693725586 -5 108.08761215209961
      vertex 19.658564567565918 -5 108.5789680480957
    endloop
  endfacet
  facet normal 0 -1 0
    outer loop
      vertex 14.669748306274414 -5 108.08761215209961
      vertex 19.658564567565918 -5 108.5789680480957
      vertex 17.16250991821289 -5 108.35000038146973
    endloop
  endfacet
  facet normal 0.7071067811865475 7.561819728292404e-15 -0.7071067811865475
    outer loop
      vertex 14.669748306274414 -5 111.91238784790039
      vertex 15.08761215209961 -5 112.33025169372559
      vertex 15.059754562377929 -6 112.3023941040039
    endloop
  endfacet
  facet normal 0.7071067811865379 0 0.7071067811865572
    outer loop
      vertex 14.697605895996094 -6 108.05975456237792
      vertex 15.08761215209961 -6 107.66974830627441
      vertex 15.08761215209961 -5 107.66974830627441
    endloop
  endfacet
  facet normal 0.7071067811866828 0 -0.7071067811864122
    outer loop
      vertex 15.059754562377929 -6 112.3023941040039
      vertex 15.08761215209961 -5 112.33025169372559
      vertex 15.08761215209961 -6 112.33025169372559
    endloop
  endfacet
  facet normal 0.5555694849010424 0 0.8314701121788988
    outer loop
      vertex 15.08761215209961 -6 107.66974830627441
      vertex 15.120369211832681 -6 107.64786078135174
      vertex 15.08761215209961 -5 107.66974830627441
    endloop
  endfacet
  facet normal 0.5555694849010424 0 -0.8314701121788988
    outer loop
      vertex 15.08761215209961 -6 112.33025169372559
      vertex 15.08761215209961 -5 112.33025169372559
      vertex 15.120369211832681 -6 112.35213921864826
    endloop
  endfacet
  facet normal 0.555569484901264 1.0500250671294458e-14 0.8314701121787506
    outer loop
      vertex 15.08761215209961 -5 107.66974830627441
      vertex 15.120369211832681 -6 107.64786078135174
      vertex 15.578968048095703 -5 107.34143543243408
    endloop
  endfacet
  facet normal 0.555569484901264 1.0500250671294458e-14 -0.8314701121787506
    outer loop
      vertex 15.08761215209961 -5 112.33025169372559
      vertex 15.578968048095703 -5 112.65856456756592
      vertex 15.120369211832681 -6 112.35213921864826
    endloop
  endfacet
  facet normal 0.5555694849012799 0 0.83147011217874
    outer loop
      vertex 15.120369211832681 -6 107.64786078135174
      vertex 15.578968048095703 -6 107.34143543243408
      vertex 15.578968048095703 -5 107.34143543243408
    endloop
  endfacet
  facet normal 0.5555694849012799 0 -0.83147011217874
    outer loop
      vertex 15.120369211832681 -6 112.35213921864826
      vertex 15.578968048095703 -5 112.65856456756592
      vertex 15.578968048095703 -6 112.65856456756592
    endloop
  endfacet
  facet normal 1 0 0
    outer loop
      vertex 15.350000381469727 -5 109.83749008178711
      vertex 15.350000381469727 0 109.83749008178711
      vertex 15.350000381469727 0 109.94583002726236
    endloop
  endfacet
  facet normal 1 0 0
    outer loop
      vertex 15.350000381469727 -5 109.83749008178711
      vertex 15.350000381469727 0 109.94583002726236
      vertex 15.350000381469727 -5 110
    endloop
  endfacet
  facet normal 0.9807851937996034 0 0.19509075740145773
    outer loop
      vertex 15.350000381469727 -5 109.83749008178711
      vertex 15.35964033054385 0 109.78902689753986
      vertex 15.350000381469727 0 109.83749008178711
    endloop
  endfacet
  facet normal 0.9807851937995915 6.01790401697377e-16 0.1950907574015175
    outer loop
      vertex 15.350000381469727 -5 109.83749008178711
      vertex 15.364460305080915 -5 109.76479530541624
      vertex 15.35964033054385 0 109.78902689753986
    endloop
  endfacet
  facet normal 1 0 0
    outer loop
      vertex 15.350000381469727 -5 110
      vertex 15.350000381469727 0 109.94583002726236
      vertex 15.350000381469727 0 110.05416997273764
    endloop
  endfacet
  facet normal 1 0 0
    outer loop
      vertex 15.350000381469727 -5 110
      vertex 15.350000381469727 0 110.05416997273764
      vertex 15.350000381469727 -5 110.16250991821289
    endloop
  endfacet
  facet normal 1 0 0
    outer loop
      vertex 15.350000381469727 -5 110.16250991821289
      vertex 15.350000381469727 0 110.05416997273764
      vertex 15.350000381469727 0 110.16250991821289
    endloop
  endfacet
  facet normal 0.9807851937995911 0 -0.19509075740151982
    outer loop
      vertex 15.350000381469727 -5 110.16250991821289
      vertex 15.350000381469727 0 110.16250991821289
      vertex 15.371136665344238 0 110.26876894632974
    endloop
  endfacet
  facet normal 0.9807851937995943 -3.6987101350155235e-16 -0.19509075740150308
    outer loop
      vertex 15.350000381469727 -5 110.16250991821289
      vertex 15.371136665344238 0 110.26876894632974
      vertex 15.381704807281494 -5 110.32189846038818
    endloop
  endfacet
  facet normal 0.9807851937995807 3.280491434610105e-16 0.1950907574015719
    outer loop
      vertex 15.35964033054385 0 109.78902689753986
      vertex 15.364460305080915 -5 109.76479530541624
      vertex 15.371136665344238 0 109.73123105367026
    endloop
  endfacet
  facet normal 0.9807851937995968 -2.3623954021525875e-16 0.19509075740149104
    outer loop
      vertex 15.364460305080915 -5 109.76479530541624
      vertex 15.381704807281494 -5 109.67810153961182
      vertex 15.371136665344238 0 109.73123105367026
    endloop
  endfacet
  facet normal 0.980785193799601 0 0.19509075740146964
    outer loop
      vertex 15.371136665344238 0 109.73123105367026
      vertex 15.381704807281494 -5 109.67810153961182
      vertex 15.39227294921875 0 109.62497202555338
    endloop
  endfacet
  facet normal 0.980785193799601 0 -0.19509075740146964
    outer loop
      vertex 15.371136665344238 0 110.26876894632974
      vertex 15.39227294921875 0 110.37502797444662
      vertex 15.381704807281494 -5 110.32189846038818
    endloop
  endfacet
  facet normal 0.9807851937995943 3.696041512984488e-16 0.19509075740150308
    outer loop
      vertex 15.381704807281494 -5 109.67810153961182
      vertex 15.413409233093262 -5 109.51871299743652
      vertex 15.39227294921875 0 109.62497202555338
    endloop
  endfacet
  facet normal 0.9807851937995943 3.696041512984488e-16 -0.19509075740150308
    outer loop
      vertex 15.381704807281494 -5 110.32189846038818
      vertex 15.39227294921875 0 110.37502797444662
      vertex 15.413409233093262 -5 110.48128700256348
    endloop
  endfacet
  facet normal 0.9807851937995911 0 0.19509075740151982
    outer loop
      vertex 15.39227294921875 0 109.62497202555338
      vertex 15.413409233093262 -5 109.51871299743652
      vertex 15.413409233093262 0 109.51871299743652
    endloop
  endfacet
  facet normal 0.9807851937995911 0 -0.19509075740151982
    outer loop
      vertex 15.39227294921875 0 110.37502797444662
      vertex 15.413409233093262 0 110.48128700256348
      vertex 15.413409233093262 -5 110.48128700256348
    endloop
  endfacet
  facet normal 0.92387972105086 0 0.38268297718997746
    outer loop
      vertex 15.413409233093262 -5 109.51871299743652
      vertex 15.419602648037298 0 109.50376075024522
      vertex 15.413409233093262 0 109.51871299743652
    endloop
  endfacet
  facet normal 0.9238797210508941 -2.873932288524672e-16 0.38268297718989547
    outer loop
      vertex 15.413409233093262 -5 109.51871299743652
      vertex 15.42269935550932 -5 109.49628462664955
      vertex 15.419602648037298 0 109.50376075024522
    endloop
  endfacet
  facet normal 0.9238797210508265 0 -0.382682977190059
    outer loop
      vertex 15.413409233093262 -5 110.48128700256348
      vertex 15.413409233093262 0 110.48128700256348
      vertex 15.454869270324707 0 110.58138052622476
    endloop
  endfacet
  facet normal 0.9238797210508392 -7.248000711678739e-16 -0.382682977190028
    outer loop
      vertex 15.413409233093262 -5 110.48128700256348
      vertex 15.454869270324707 0 110.58138052622476
      vertex 15.47559928894043 -5 110.63142728805542
    endloop
  endfacet
  facet normal 0 -1 0
    outer loop
      vertex 15.413409233093262 -5 110.48128700256348
      vertex 15.47559928894043 -5 110.63142728805542
      vertex 16.124932289123535 -5 112.88471126556396
    endloop
  endfacet
  facet normal 0.9238797210508205 -5.989473500144924e-16 0.38268297719007327
    outer loop
      vertex 15.419602648037298 0 109.50376075024522
      vertex 15.42269935550932 -5 109.49628462664955
      vertex 15.454869270324707 0 109.41861947377524
    endloop
  endfacet
  facet normal 0.9238797210508297 -9.976573420001858e-16 0.38268297719005134
    outer loop
      vertex 15.42269935550932 -5 109.49628462664955
      vertex 15.47559928894043 -5 109.36857271194458
      vertex 15.454869270324707 0 109.41861947377524
    endloop
  endfacet
  facet normal 0.9238797210508648 0 0.3826829771899662
    outer loop
      vertex 15.454869270324707 0 109.41861947377524
      vertex 15.47559928894043 -5 109.36857271194458
      vertex 15.496329307556152 0 109.31852595011392
    endloop
  endfacet
  facet normal 0.9238797210508648 0 -0.3826829771899662
    outer loop
      vertex 15.454869270324707 0 110.58138052622476
      vertex 15.496329307556152 0 110.68147404988608
      vertex 15.47559928894043 -5 110.63142728805542
    endloop
  endfacet
  facet normal 0.9238797210508537 3.149107375808879e-16 0.3826829771899931
    outer loop
      vertex 15.47559928894043 -5 109.36857271194458
      vertex 15.494756238449266 -5 109.32232368017847
      vertex 15.496329307556152 0 109.31852595011392
    endloop
  endfacet
  facet normal 0.9238797210508392 7.25333797288027e-16 -0.382682977190028
    outer loop
      vertex 15.47559928894043 -5 110.63142728805542
      vertex 15.496329307556152 0 110.68147404988608
      vertex 15.537789344787598 -5 110.78156757354736
    endloop
  endfacet
  facet normal 0 -1 0
    outer loop
      vertex 15.47559928894043 -5 110.63142728805542
      vertex 15.537789344787598 -5 110.78156757354736
      vertex 16.124932289123535 -5 112.88471126556396
    endloop
  endfacet
  facet normal 0.9238797210507704 4.938077590679511e-16 0.3826829771901938
    outer loop
      vertex 15.494756238449266 -5 109.32232368017847
      vertex 15.50910060722871 0 109.28769326226987
      vertex 15.496329307556152 0 109.31852595011392
    endloop
  endfacet
  facet normal 0.9238797210508328 -7.250443307750841e-16 0.38268297719004357
    outer loop
      vertex 15.494756238449266 -5 109.32232368017847
      vertex 15.537789344787598 -5 109.21843242645264
      vertex 15.50910060722871 0 109.28769326226987
    endloop
  endfacet
  facet normal 0.9238797210508265 0 -0.382682977190059
    outer loop
      vertex 15.496329307556152 0 110.68147404988608
      vertex 15.537789344787598 0 110.78156757354736
      vertex 15.537789344787598 -5 110.78156757354736
    endloop
  endfacet
  facet normal 0.9238797210508511 0 0.3826829771899989
    outer loop
      vertex 15.50910060722871 0 109.28769326226987
      vertex 15.537789344787598 -5 109.21843242645264
      vertex 15.537789344787598 0 109.21843242645264
    endloop
  endfacet
  facet normal 0.8314693211086321 0 0.5555706688218432
    outer loop
      vertex 15.537789344787598 -5 109.21843242645264
      vertex 15.555740552973692 0 109.19156657531758
      vertex 15.537789344787598 0 109.21843242645264
    endloop
  endfacet
  facet normal 0.8314693211087396 -1.2495843319088662e-15 0.5555706688216825
    outer loop
      vertex 15.537789344787598 -5 109.21843242645264
      vertex 15.564716157066737 -5 109.17813364975004
      vertex 15.555740552973692 0 109.19156657531758
    endloop
  endfacet
  facet normal 0.831469321108697 0 -0.5555706688217465
    outer loop
      vertex 15.537789344787598 -5 110.78156757354736
      vertex 15.537789344787598 0 110.78156757354736
      vertex 15.59798018137614 0 110.87164942423502
    endloop
  endfacet
  facet normal 0.831469321108729 -1.251052508601121e-15 -0.5555706688216986
    outer loop
      vertex 15.537789344787598 -5 110.78156757354736
      vertex 15.59798018137614 0 110.87164942423502
      vertex 15.62807559967041 -5 110.91669034957886
    endloop
  endfacet
  facet normal 0 -1 0
    outer loop
      vertex 15.537789344787598 -5 110.78156757354736
      vertex 15.62807559967041 -5 110.91669034957886
      vertex 16.124932289123535 -5 112.88471126556396
    endloop
  endfacet
  facet normal 0.8314693211087244 -1.3381891139573512e-15 0.5555706688217054
    outer loop
      vertex 15.555740552973692 0 109.19156657531758
      vertex 15.564716157066737 -5 109.17813364975004
      vertex 15.59798018137614 0 109.12835057576498
    endloop
  endfacet
  facet normal 0.8314693211087244 -1.337808838562649e-15 0.5555706688217054
    outer loop
      vertex 15.564716157066737 -5 109.17813364975004
      vertex 15.62807559967041 -5 109.08330965042114
      vertex 15.59798018137614 0 109.12835057576498
    endloop
  endfacet
  facet normal 0.38268473923080304 0 0.9238789911887012
    outer loop
      vertex 15.578968048095703 -6 107.34143543243408
      vertex 16.088534673055015 -6 107.13036518096925
      vertex 15.578968048095703 -5 107.34143543243408
    endloop
  endfacet
  facet normal 0.38268473923080304 0 -0.9238789911887012
    outer loop
      vertex 15.578968048095703 -6 112.65856456756592
      vertex 15.578968048095703 -5 112.65856456756592
      vertex 16.088534673055015 -6 112.86963481903075
    endloop
  endfacet
  facet normal 0.38268473923082214 1.1413199398881749e-14 0.9238789911886932
    outer loop
      vertex 15.578968048095703 -5 107.34143543243408
      vertex 16.088534673055015 -6 107.13036518096925
      vertex 16.124932289123535 -5 107.11528873443604
    endloop
  endfacet
  facet normal 0.38268473923082214 1.1413199398881749e-14 -0.9238789911886932
    outer loop
      vertex 15.578968048095703 -5 112.65856456756592
      vertex 16.124932289123535 -5 112.88471126556396
      vertex 16.088534673055015 -6 112.86963481903075
    endloop
  endfacet
  facet normal 0.831469321108793 0 0.5555706688216026
    outer loop
      vertex 15.59798018137614 0 109.12835057576498
      vertex 15.62807559967041 -5 109.08330965042114
      vertex 15.65817101796468 0 109.0382687250773
    endloop
  endfacet
  facet normal 0.831469321108793 0 -0.5555706688216026
    outer loop
      vertex 15.59798018137614 0 110.87164942423502
      vertex 15.65817101796468 0 110.9617312749227
      vertex 15.62807559967041 -5 110.91669034957886
    endloop
  endfacet
  facet normal 0.8314693211086055 3.6555346243348455e-15 0.5555706688218832
    outer loop
      vertex 15.62807559967041 -5 109.08330965042114
      vertex 15.643044014348582 -5 109.06090786017378
      vertex 15.65817101796468 0 109.0382687250773
    endloop
  endfacet
  facet normal 0.831469321108729 1.2499850576552156e-15 -0.5555706688216986
    outer loop
      vertex 15.62807559967041 -5 110.91669034957886
      vertex 15.65817101796468 0 110.9617312749227
      vertex 15.718361854553223 -5 111.05181312561035
    endloop
  endfacet
  facet normal 0 -1 0
    outer loop
      vertex 15.62807559967041 -5 110.91669034957886
      vertex 15.718361854553223 -5 111.05181312561035
      vertex 16.124932289123535 -5 112.88471126556396
    endloop
  endfacet
  facet normal 0.8314693211087684 2.0595581469988483e-15 0.5555706688216396
    outer loop
      vertex 15.643044014348582 -5 109.06090786017378
      vertex 15.668149961083461 0 109.02333419824572
      vertex 15.65817101796468 0 109.0382687250773
    endloop
  endfacet
  facet normal 0.8314693211087177 2.8822829755254407e-15 0.5555706688217151
    outer loop
      vertex 15.643044014348582 -5 109.06090786017378
      vertex 15.7183618355382 -5 108.94818690284762
      vertex 15.668149961083461 0 109.02333419824572
    endloop
  endfacet
  facet normal 0.831469321108697 0 -0.5555706688217465
    outer loop
      vertex 15.65817101796468 0 110.9617312749227
      vertex 15.718361854553223 0 111.05181312561035
      vertex 15.718361854553223 -5 111.05181312561035
    endloop
  endfacet
  facet normal 0.8314693211086855 1.82917803041686e-15 0.5555706688217635
    outer loop
      vertex 15.668149961083461 0 109.02333419824572
      vertex 15.7183618355382 -5 108.94818690284762
      vertex 15.71836184187654 0 108.94818689336162
    endloop
  endfacet
  facet normal 0.831469462261963 1.249615669685761e-15 0.5555704575711365
    outer loop
      vertex 15.7183618355382 -5 108.94818690284762
      vertex 15.718361854553223 -5 108.94818687438965
      vertex 15.71836184187654 0 108.94818689336162
    endloop
  endfacet
  facet normal 0.8314693101303753 0 0.555570685251947
    outer loop
      vertex 15.71836184187654 0 108.94818689336162
      vertex 15.718361854553223 -5 108.94818687438965
      vertex 15.718361854553223 0 108.94818687438965
    endloop
  endfacet
  facet normal 0.7071067811865082 0 0.7071067811865868
    outer loop
      vertex 15.718361854553223 -5 108.94818687438965
      vertex 15.782269358785193 0 108.88427937015769
      vertex 15.718361854553223 0 108.94818687438965
    endloop
  endfacet
  facet normal 0.7071067811865082 0 0.7071067811865869
    outer loop
      vertex 15.718361854553223 -5 108.94818687438965
      vertex 15.814223110901178 -5 108.8523256180417
      vertex 15.782269358785193 0 108.88427937015769
    endloop
  endfacet
  facet normal 0.7071067811864983 0 -0.7071067811865966
    outer loop
      vertex 15.718361854553223 -5 111.05181312561035
      vertex 15.718361854553223 0 111.05181312561035
      vertex 15.794970194498699 0 111.12842146555582
    endloop
  endfacet
  facet normal 0.7071067811865476 -1.5072408084361468e-15 -0.7071067811865476
    outer loop
      vertex 15.718361854553223 -5 111.05181312561035
      vertex 15.794970194498699 0 111.12842146555582
      vertex 15.833274364471436 -5 111.16672563552856
    endloop
  endfacet
  facet normal 0 -1 0
    outer loop
      vertex 15.718361854553223 -5 111.05181312561035
      vertex 15.833274364471436 -5 111.16672563552856
      vertex 16.124932289123535 -5 112.88471126556396
    endloop
  endfacet
  facet normal 0.7071067811864487 -7.617673102396665e-16 0.7071067811866465
    outer loop
      vertex 15.782269358785193 0 108.88427937015769
      vertex 15.814223110901178 -5 108.8523256180417
      vertex 15.794970194498699 0 108.87157853444418
    endloop
  endfacet
  facet normal 0.7071067811867453 1.5235346204788357e-15 0.7071067811863497
    outer loop
      vertex 15.794970194498699 0 108.87157853444418
      vertex 15.814223110901178 -5 108.8523256180417
      vertex 15.833274364471436 -5 108.83327436447144
    endloop
  endfacet
  facet normal 0.7071067811866458 0 0.7071067811864491
    outer loop
      vertex 15.794970194498699 0 108.87157853444418
      vertex 15.833274364471436 -5 108.83327436447144
      vertex 15.871578534444172 0 108.79497019449869
    endloop
  endfacet
  facet normal 0.7071067811866458 0 -0.7071067811864491
    outer loop
      vertex 15.794970194498699 0 111.12842146555582
      vertex 15.871578534444172 0 111.20502980550131
      vertex 15.833274364471436 -5 111.16672563552856
    endloop
  endfacet
  facet normal 0.7071067811865007 2.2238542337514226e-15 0.7071067811865942
    outer loop
      vertex 15.833274364471436 -5 108.83327436447144
      vertex 15.913915440353815 -5 108.75263328858907
      vertex 15.871578534444172 0 108.79497019449869
    endloop
  endfacet
  facet normal 0.7071067811865476 1.5072408084361468e-15 -0.7071067811865476
    outer loop
      vertex 15.833274364471436 -5 111.16672563552856
      vertex 15.871578534444172 0 111.20502980550131
      vertex 15.948186874389648 -5 111.28163814544678
    endloop
  endfacet
  facet normal 0 -1 0
    outer loop
      vertex 15.833274364471436 -5 111.16672563552856
      vertex 15.948186874389648 -5 111.28163814544678
      vertex 16.124932289123535 -5 112.88471126556396
    endloop
  endfacet
  facet normal 0.7071067811864307 1.0358719105231432e-15 0.7071067811866644
    outer loop
      vertex 15.871578534444172 0 108.79497019449869
      vertex 15.913915440353815 -5 108.75263328858907
      vertex 15.925339251699093 0 108.74120947724379
    endloop
  endfacet
  facet normal 0.7071067811864983 0 -0.7071067811865966
    outer loop
      vertex 15.871578534444172 0 111.20502980550131
      vertex 15.948186874389648 0 111.28163814544678
      vertex 15.948186874389648 -5 111.28163814544678
    endloop
  endfacet
  facet normal 0.7071067811866575 0 0.7071067811864375
    outer loop
      vertex 15.913915440353815 -5 108.75263328858907
      vertex 15.948186874389648 -5 108.71836185455322
      vertex 15.925339251699093 0 108.74120947724379
    endloop
  endfacet
  facet normal 0.7071067811866575 0 0.7071067811864375
    outer loop
      vertex 15.925339251699093 0 108.74120947724379
      vertex 15.948186874389648 -5 108.71836185455322
      vertex 15.948186874389648 0 108.71836185455322
    endloop
  endfacet
  facet normal 0.5555706688216816 0 0.8314693211087403
    outer loop
      vertex 15.948186874389648 -5 108.71836185455322
      vertex 16.01051991979758 0 108.67671219791791
      vertex 15.948186874389648 0 108.71836185455322
    endloop
  endfacet
  facet normal 0.5555706688217835 -1.838836586061485e-15 0.8314693211086721
    outer loop
      vertex 15.948186874389648 -5 108.71836185455322
      vertex 16.041686442501543 -5 108.65588736960024
      vertex 16.01051991979758 0 108.67671219791791
    endloop
  endfacet
  facet normal 0.5555706688216312 0 -0.8314693211087739
    outer loop
      vertex 15.948186874389648 -5 111.28163814544678
      vertex 15.948186874389648 0 111.28163814544678
      vertex 15.989271300496213 0 111.30908991247017
    endloop
  endfacet
  facet normal 0.5555706688217638 -1.5751541644605462e-15 -0.8314693211086853
    outer loop
      vertex 15.948186874389648 -5 111.28163814544678
      vertex 15.989271300496213 0 111.30908991247017
      vertex 16.009813513549496 -5 111.32281579598188
    endloop
  endfacet
  facet normal 0 -1 0
    outer loop
      vertex 15.948186874389648 -5 111.28163814544678
      vertex 16.009813513549496 -5 111.32281579598188
      vertex 16.124932289123535 -5 112.88471126556396
    endloop
  endfacet
  facet normal 0.5555706688216623 -2.1780186052788013e-15 -0.831469321108753
    outer loop
      vertex 15.989271300496213 0 111.30908991247017
      vertex 16.03826872507731 0 111.34182898203531
      vertex 16.009813513549496 -5 111.32281579598188
    endloop
  endfacet
  facet normal 0.5555706688216439 -2.0253107625365977e-15 -0.8314693211087655
    outer loop
      vertex 16.009813513549496 -5 111.32281579598188
      vertex 16.03826872507731 0 111.34182898203531
      vertex 16.083309650421143 -5 111.37192440032959
    endloop
  endfacet
  facet normal 0 -1 0
    outer loop
      vertex 16.009813513549496 -5 111.32281579598188
      vertex 16.083309650421143 -5 111.37192440032959
      vertex 16.7045259475708 -5 113
    endloop
  endfacet
  facet normal 0 -1 0
    outer loop
      vertex 16.009813513549496 -5 111.32281579598188
      vertex 16.7045259475708 -5 113
      vertex 16.124932289123535 -5 112.88471126556396
    endloop
  endfacet
  facet normal 0.5555706688215731 -3.736027409092703e-15 0.8314693211088128
    outer loop
      vertex 16.01051991979758 0 108.67671219791791
      vertex 16.041686442501543 -5 108.65588736960024
      vertex 16.03826872507731 0 108.65817101796469
    endloop
  endfacet
  facet normal 0.5555706688215075 -3.800731072191759e-15 0.8314693211088565
    outer loop
      vertex 16.03826872507731 0 108.65817101796469
      vertex 16.041686442501543 -5 108.65588736960024
      vertex 16.083309650421143 -5 108.62807559967041
    endloop
  endfacet
  facet normal 0.5555706688217992 0 0.8314693211086617
    outer loop
      vertex 16.03826872507731 0 108.65817101796469
      vertex 16.083309650421143 -5 108.62807559967041
      vertex 16.128350575764976 0 108.59798018137613
    endloop
  endfacet
  facet normal 0.5555706688217992 0 -0.8314693211086617
    outer loop
      vertex 16.03826872507731 0 111.34182898203531
      vertex 16.128350575764976 0 111.40201981862387
      vertex 16.083309650421143 -5 111.37192440032959
    endloop
  endfacet
  facet normal 0.5555706688217225 1.0001715418573765e-15 0.831469321108713
    outer loop
      vertex 16.083309650421143 -5 108.62807559967041
      vertex 16.198246771159248 -5 108.55127698375063
      vertex 16.128350575764976 0 108.59798018137613
    endloop
  endfacet
  facet normal 0.5555706688216986 1.3118972125177285e-15 -0.831469321108729
    outer loop
      vertex 16.083309650421143 -5 111.37192440032959
      vertex 16.128350575764976 0 111.40201981862387
      vertex 16.218432426452637 -5 111.4622106552124
    endloop
  endfacet
  facet normal 0 -1 0
    outer loop
      vertex 16.083309650421143 -5 111.37192440032959
      vertex 16.218432426452637 -5 111.4622106552124
      vertex 16.7045259475708 -5 113
    endloop
  endfacet
  facet normal 0.3826847392310897 0 0.9238789911885824
    outer loop
      vertex 16.088534673055015 -6 107.13036518096925
      vertex 16.124932289123535 -6 107.11528873443604
      vertex 16.124932289123535 -5 107.11528873443604
    endloop
  endfacet
  facet normal 0.3826847392310897 0 -0.9238789911885824
    outer loop
      vertex 16.088534673055015 -6 112.86963481903075
      vertex 16.124932289123535 -5 112.88471126556396
      vertex 16.124932289123535 -6 112.88471126556396
    endloop
  endfacet
  facet normal 0.1950909531363873 0 0.9807851548653946
    outer loop
      vertex 16.124932289123535 -6 107.11528873443604
      vertex 16.16357186635335 -6 107.10760281880695
      vertex 16.124932289123535 -5 107.11528873443604
    endloop
  endfacet
  facet normal 0.1950909531363873 0 -0.9807851548653946
    outer loop
      vertex 16.124932289123535 -6 112.88471126556396
      vertex 16.124932289123535 -5 112.88471126556396
      vertex 16.16357186635335 -6 112.89239718119305
    endloop
  endfacet
  facet normal 0.19509095313605423 -1.3378492880389209e-14 0.9807851548654608
    outer loop
      vertex 16.124932289123535 -5 107.11528873443604
      vertex 16.16357186635335 -6 107.10760281880695
      vertex 16.7045259475708 -5 107
    endloop
  endfacet
  facet normal 0.19509095313603708 -1.4068275031350058e-14 -0.9807851548654642
    outer loop
      vertex 16.124932289123535 -5 112.88471126556396
      vertex 16.63934251407263 -6 112.98703416532484
      vertex 16.16357186635335 -6 112.89239718119305
    endloop
  endfacet
  facet normal 0.19509095313605423 -4.884654339652801e-15 -0.9807851548654608
    outer loop
      vertex 16.124932289123535 -5 112.88471126556396
      vertex 16.7045259475708 -5 113
      vertex 16.63934251407263 -6 112.98703416532484
    endloop
  endfacet
  facet normal 0.5555706688216395 -6.767158142366494e-16 0.8314693211087684
    outer loop
      vertex 16.128350575764976 0 108.59798018137613
      vertex 16.198246771159248 -5 108.55127698375063
      vertex 16.204975322923715 0 108.54678110409628
    endloop
  endfacet
  facet normal 0.5555706688216482 0 -0.8314693211087626
    outer loop
      vertex 16.128350575764976 0 111.40201981862387
      vertex 16.218432426452637 0 111.4622106552124
      vertex 16.218432426452637 -5 111.4622106552124
    endloop
  endfacet
  facet normal 0.19509095313603045 0 0.9807851548654656
    outer loop
      vertex 16.16357186635335 -6 107.10760281880695
      vertex 16.7045259475708 -6 107
      vertex 16.7045259475708 -5 107
    endloop
  endfacet
  facet normal 0.5555706688215621 -5.263119574606748e-16 0.8314693211088201
    outer loop
      vertex 16.198246771159248 -5 108.55127698375063
      vertex 16.218432426452637 -5 108.5377893447876
      vertex 16.204975322923715 0 108.54678110409628
    endloop
  endfacet
  facet normal 0.5555706688216974 0 0.8314693211087298
    outer loop
      vertex 16.204975322923715 0 108.54678110409628
      vertex 16.218432426452637 -5 108.5377893447876
      vertex 16.218432426452637 0 108.5377893447876
    endloop
  endfacet
  facet normal 0.38268297719003574 0 0.923879721050836
    outer loop
      vertex 16.218432426452637 -5 108.5377893447876
      vertex 16.31852595011393 0 108.49632930755615
      vertex 16.218432426452637 0 108.5377893447876
    endloop
  endfacet
  facet normal 0.382682977190028 1.8146688085204503e-16 0.9238797210508392
    outer loop
      vertex 16.218432426452637 -5 108.5377893447876
      vertex 16.36857271194458 -5 108.47559928894043
      vertex 16.31852595011393 0 108.49632930755615
    endloop
  endfacet
  facet normal 0.38268297719003574 0 -0.923879721050836
    outer loop
      vertex 16.218432426452637 -5 111.4622106552124
      vertex 16.218432426452637 0 111.4622106552124
      vertex 16.31852595011393 0 111.50367069244385
    endloop
  endfacet
  facet normal 0.382682977190028 1.8146688085204503e-16 -0.9238797210508392
    outer loop
      vertex 16.218432426452637 -5 111.4622106552124
      vertex 16.31852595011393 0 111.50367069244385
      vertex 16.36857271194458 -5 111.52440071105957
    endloop
  endfacet
  facet normal 0 -1 0
    outer loop
      vertex 16.218432426452637 -5 111.4622106552124
      vertex 16.36857271194458 -5 111.52440071105957
      vertex 16.7045259475708 -5 113
    endloop
  endfacet
  facet normal 0.38268297719001254 0 0.9238797210508456
    outer loop
      vertex 16.31852595011393 0 108.49632930755615
      vertex 16.36857271194458 -5 108.47559928894043
      vertex 16.41861947377523 0 108.4548692703247
    endloop
  endfacet
  facet normal 0.38268297719001254 0 -0.9238797210508456
    outer loop
      vertex 16.31852595011393 0 111.50367069244385
      vertex 16.41861947377523 0 111.5451307296753
      vertex 16.36857271194458 -5 111.52440071105957
    endloop
  endfacet
  facet normal 0.3826829771898899 1.4380439459034513e-15 0.9238797210508963
    outer loop
      vertex 16.36857271194458 -5 108.47559928894043
      vertex 16.450236469571813 -5 108.44177310011386
      vertex 16.41861947377523 0 108.4548692703247
    endloop
  endfacet
  facet normal 0.382682977190028 -1.8146688085204503e-16 -0.9238797210508392
    outer loop
      vertex 16.36857271194458 -5 111.52440071105957
      vertex 16.41861947377523 0 111.5451307296753
      vertex 16.518712997436523 -5 111.58659076690674
    endloop
  endfacet
  facet normal 0 -1 0
    outer loop
      vertex 16.36857271194458 -5 111.52440071105957
      vertex 16.518712997436523 -5 111.58659076690674
      vertex 16.7045259475708 -5 113
    endloop
  endfacet
  facet normal 0.3826829771898899 1.4380439459034513e-15 0.9238797210508964
    outer loop
      vertex 16.41861947377523 0 108.4548692703247
      vertex 16.450236469571813 -5 108.44177310011386
      vertex 16.473061978860052 0 108.43231847777366
    endloop
  endfacet
  facet normal 0.38268297719003574 0 -0.923879721050836
    outer loop
      vertex 16.41861947377523 0 111.5451307296753
      vertex 16.518712997436523 0 111.58659076690674
      vertex 16.518712997436523 -5 111.58659076690674
    endloop
  endfacet
  facet normal 0.3826829771901927 -1.8138679275552207e-16 0.923879721050771
    outer loop
      vertex 16.450236469571813 -5 108.44177310011386
      vertex 16.518712997436523 -5 108.41340923309326
      vertex 16.473061978860052 0 108.43231847777366
    endloop
  endfacet
  facet normal 0.3826829771902096 0 0.9238797210507639
    outer loop
      vertex 16.473061978860052 0 108.43231847777366
      vertex 16.518712997436523 -5 108.41340923309326
      vertex 16.518712997436523 0 108.41340923309326
    endloop
  endfacet
  facet normal 0.19509075740150728 0 0.9807851937995935
    outer loop
      vertex 16.518712997436523 -5 108.41340923309326
      vertex 16.624972025553383 0 108.39227294921875
      vertex 16.518712997436523 0 108.41340923309326
    endloop
  endfacet
  facet normal 0.19509075740150308 9.23343222738363e-17 0.9807851937995943
    outer loop
      vertex 16.518712997436523 -5 108.41340923309326
      vertex 16.678101539611816 -5 108.3817048072815
      vertex 16.624972025553383 0 108.39227294921875
    endloop
  endfacet
  facet normal 0.1950907574022955 0 -0.9807851937994367
    outer loop
      vertex 16.518712997436523 -5 111.58659076690674
      vertex 16.518712997436523 0 111.58659076690674
      vertex 16.53458607824478 0 111.58974812631303
    endloop
  endfacet
  facet normal 0.1950907574017604 1.7660207872051592e-15 -0.9807851937995432
    outer loop
      vertex 16.518712997436523 -5 111.58659076690674
      vertex 16.53458607824478 0 111.58974812631303
      vertex 16.542522618648903 -5 111.59132680601616
    endloop
  endfacet
  facet normal 0 -1 0
    outer loop
      vertex 16.518712997436523 -5 111.58659076690674
      vertex 16.542522618648903 -5 111.59132680601616
      vertex 16.7045259475708 -5 113
    endloop
  endfacet
  facet normal 0.19509075740136883 1.119829165445824e-15 -0.9807851937996209
    outer loop
      vertex 16.53458607824478 0 111.58974812631303
      vertex 16.624972025553383 0 111.60772705078125
      vertex 16.542522618648903 -5 111.59132680601616
    endloop
  endfacet
  facet normal 0.19509075740145793 -4.065902816389658e-16 -0.9807851937996034
    outer loop
      vertex 16.542522618648903 -5 111.59132680601616
      vertex 16.624972025553383 0 111.60772705078125
      vertex 16.678101539611816 -5 111.6182951927185
    endloop
  endfacet
  facet normal 0 -1 0
    outer loop
      vertex 16.542522618648903 -5 111.59132680601616
      vertex 16.678101539611816 -5 111.6182951927185
      vertex 17.2954740524292 -5 113
    endloop
  endfacet
  facet normal 0 -1 0
    outer loop
      vertex 16.542522618648903 -5 111.59132680601616
      vertex 17.2954740524292 -5 113
      vertex 16.7045259475708 -5 113
    endloop
  endfacet
  facet normal 0.19509075740149473 0 0.980785193799596
    outer loop
      vertex 16.624972025553383 0 108.39227294921875
      vertex 16.678101539611816 -5 108.3817048072815
      vertex 16.73123105367025 0 108.37113666534424
    endloop
  endfacet
  facet normal 0.19509075740149473 0 -0.980785193799596
    outer loop
      vertex 16.624972025553383 0 111.60772705078125
      vertex 16.73123105367025 0 111.62886333465576
      vertex 16.678101539611816 -5 111.6182951927185
    endloop
  endfacet
  facet normal 0.19509095313598207 0 -0.9807851548654751
    outer loop
      vertex 16.63934251407263 -6 112.98703416532484
      vertex 16.7045259475708 -5 113
      vertex 16.7045259475708 -6 113
    endloop
  endfacet
  facet normal 0.19509075740150308 -9.23343222738363e-17 0.9807851937995943
    outer loop
      vertex 16.678101539611816 -5 108.3817048072815
      vertex 16.83749008178711 -5 108.35000038146973
      vertex 16.73123105367025 0 108.37113666534424
    endloop
  endfacet
  facet normal 0.19509075740150308 -9.23343222738363e-17 -0.9807851937995943
    outer loop
      vertex 16.678101539611816 -5 111.6182951927185
      vertex 16.73123105367025 0 111.62886333465576
      vertex 16.83749008178711 -5 111.64999961853027
    endloop
  endfacet
  facet normal 0 -1 0
    outer loop
      vertex 16.678101539611816 -5 111.6182951927185
      vertex 16.83749008178711 -5 111.64999961853027
      vertex 17.2954740524292 -5 113
    endloop
  endfacet
  facet normal 0 0 1
    outer loop
      vertex 16.7045259475708 -6 107
      vertex 17.256077512105307 -6 107
      vertex 16.7045259475708 -5 107
    endloop
  endfacet
  facet normal 0 0 -1
    outer loop
      vertex 16.7045259475708 -6 113
      vertex 16.7045259475708 -5 113
      vertex 17.256077512105307 -6 113
    endloop
  endfacet
  facet normal 0 -1 0
    outer loop
      vertex 16.7045259475708 -6 113
      vertex 17.256077512105307 -6 113
      vertex 22.200000381469728 -6 119.32273899315453
    endloop
  endfacet
  facet normal 0 0 1
    outer loop
      vertex 16.7045259475708 -5 107
      vertex 17.256077512105307 -6 107
      vertex 17.2954740524292 -5 107
    endloop
  endfacet
  facet normal 0 0 -1
    outer loop
      vertex 16.7045259475708 -5 113
      vertex 17.2954740524292 -5 113
      vertex 17.256077512105307 -6 113
    endloop
  endfacet
  facet normal 0.19509075740150728 0 0.9807851937995935
    outer loop
      vertex 16.73123105367025 0 108.37113666534424
      vertex 16.83749008178711 -5 108.35000038146973
      vertex 16.83749008178711 0 108.35000038146973
    endloop
  endfacet
  facet normal 0.19509075740150728 0 -0.9807851937995935
    outer loop
      vertex 16.73123105367025 0 111.62886333465576
      vertex 16.83749008178711 0 111.64999961853027
      vertex 16.83749008178711 -5 111.64999961853027
    endloop
  endfacet
  facet normal 0 0 1
    outer loop
      vertex 16.83749008178711 -5 108.35000038146973
      vertex 16.945830027262367 0 108.35000038146973
      vertex 16.83749008178711 0 108.35000038146973
    endloop
  endfacet
  facet normal 0 0 1
    outer loop
      vertex 16.83749008178711 -5 108.35000038146973
      vertex 17 -5 108.35000038146973
      vertex 16.945830027262367 0 108.35000038146973
    endloop
  endfacet
  facet normal 0 0 -1
    outer loop
      vertex 16.83749008178711 -5 111.64999961853027
      vertex 16.83749008178711 0 111.64999961853027
      vertex 16.945830027262367 0 111.64999961853027
    endloop
  endfacet
  facet normal 0 0 -1
    outer loop
      vertex 16.83749008178711 -5 111.64999961853027
      vertex 16.945830027262367 0 111.64999961853027
      vertex 17 -5 111.64999961853027
    endloop
  endfacet
  facet normal 0 -1 0
    outer loop
      vertex 16.83749008178711 -5 111.64999961853027
      vertex 17 -5 111.64999961853027
      vertex 17.2954740524292 -5 113
    endloop
  endfacet
  facet normal 0 0 1
    outer loop
      vertex 16.945830027262367 0 108.35000038146973
      vertex 17 -5 108.35000038146973
      vertex 17.054169972737633 0 108.35000038146973
    endloop
  endfacet
  facet normal 0 0 -1
    outer loop
      vertex 16.945830027262367 0 111.64999961853027
      vertex 17.054169972737633 0 111.64999961853027
      vertex 17 -5 111.64999961853027
    endloop
  endfacet
  facet normal 0 0 1
    outer loop
      vertex 17 -5 108.35000038146973
      vertex 17.16250991821289 -5 108.35000038146973
      vertex 17.054169972737633 0 108.35000038146973
    endloop
  endfacet
  facet normal 0 -1 0
    outer loop
      vertex 17 -5 111.64999961853027
      vertex 17.050059699218536 -5 111.64999961853027
      vertex 17.2954740524292 -5 113
    endloop
  endfacet
  facet normal 0 0 -1
    outer loop
      vertex 17 -5 111.64999961853027
      vertex 17.054169972737633 0 111.64999961853027
      vertex 17.050059699218536 -5 111.64999961853027
    endloop
  endfacet
  facet normal 0 0 -1
    outer loop
      vertex 17.050059699218536 -5 111.64999961853027
      vertex 17.054169972737633 0 111.64999961853027
      vertex 17.087543105549983 0 111.64999961853027
    endloop
  endfacet
  facet normal 0 0 -1
    outer loop
      vertex 17.050059699218536 -5 111.64999961853027
      vertex 17.087543105549983 0 111.64999961853027
      vertex 17.16250991821289 -5 111.64999961853027
    endloop
  endfacet
  facet normal 0 -1 0
    outer loop
      vertex 17.050059699218536 -5 111.64999961853027
      vertex 17.16250991821289 -5 111.64999961853027
      vertex 17.875067710876465 -5 112.88471126556396
    endloop
  endfacet
  facet normal 0 -1 0
    outer loop
      vertex 17.050059699218536 -5 111.64999961853027
      vertex 17.875067710876465 -5 112.88471126556396
      vertex 17.2954740524292 -5 113
    endloop
  endfacet
  facet normal 0 0 1
    outer loop
      vertex 17.054169972737633 0 108.35000038146973
      vertex 17.16250991821289 -5 108.35000038146973
      vertex 17.16250991821289 0 108.35000038146973
    endloop
  endfacet
  facet normal 0 0 -1
    outer loop
      vertex 17.087543105549983 0 111.64999961853027
      vertex 17.16250991821289 0 111.64999961853027
      vertex 17.16250991821289 -5 111.64999961853027
    endloop
  endfacet
  facet normal -0.19509075740150728 0 0.9807851937995935
    outer loop
      vertex 17.16250991821289 -5 108.35000038146973
      vertex 17.26876894632975 0 108.37113666534424
      vertex 17.16250991821289 0 108.35000038146973
    endloop
  endfacet
  facet normal -0.19509075740150308 -9.23343222738363e-17 0.9807851937995943
    outer loop
      vertex 17.16250991821289 -5 108.35000038146973
      vertex 17.321898460388184 -5 108.3817048072815
      vertex 17.26876894632975 0 108.37113666534424
    endloop
  endfacet
  facet normal 0 -1 0
    outer loop
      vertex 17.16250991821289 -5 108.35000038146973
      vertex 19.658564567565918 -5 108.5789680480957
      vertex 17.321898460388184 -5 108.3817048072815
    endloop
  endfacet
  facet normal -0.19509075740150728 0 -0.9807851937995935
    outer loop
      vertex 17.16250991821289 -5 111.64999961853027
      vertex 17.16250991821289 0 111.64999961853027
      vertex 17.26876894632975 0 111.62886333465576
    endloop
  endfacet
  facet normal -0.19509075740150308 -9.23343222738363e-17 -0.9807851937995943
    outer loop
      vertex 17.16250991821289 -5 111.64999961853027
      vertex 17.26876894632975 0 111.62886333465576
      vertex 17.321898460388184 -5 111.6182951927185
    endloop
  endfacet
  facet normal 0 -1 0
    outer loop
      vertex 17.16250991821289 -5 111.64999961853027
      vertex 17.321898460388184 -5 111.6182951927185
      vertex 17.875067710876465 -5 112.88471126556396
    endloop
  endfacet
  facet normal 0 0 1
    outer loop
      vertex 17.256077512105307 -6 107
      vertex 17.2954740524292 -6 107
      vertex 17.2954740524292 -5 107
    endloop
  endfacet
  facet normal 0 -1 0
    outer loop
      vertex 17.256077512105307 -6 113
      vertex 17.2954740524292 -6 113
      vertex 22.200000381469728 -6 119.32273899315453
    endloop
  endfacet
  facet normal 0 0 -1
    outer loop
      vertex 17.256077512105307 -6 113
      vertex 17.2954740524292 -5 113
      vertex 17.2954740524292 -6 113
    endloop
  endfacet
  facet normal -0.19509075740149473 0 0.980785193799596
    outer loop
      vertex 17.26876894632975 0 108.37113666534424
      vertex 17.321898460388184 -5 108.3817048072815
      vertex 17.375027974446617 0 108.39227294921875
    endloop
  endfacet
  facet normal -0.19509075740149473 0 -0.980785193799596
    outer loop
      vertex 17.26876894632975 0 111.62886333465576
      vertex 17.375027974446617 0 111.60772705078125
      vertex 17.321898460388184 -5 111.6182951927185
    endloop
  endfacet
  facet normal -0.19509095313603045 0 0.9807851548654656
    outer loop
      vertex 17.2954740524292 -6 107
      vertex 17.83642813364665 -6 107.10760281880695
      vertex 17.2954740524292 -5 107
    endloop
  endfacet
  facet normal 0 -1 0
    outer loop
      vertex 17.2954740524292 -6 107
      vertex 22.200000381469728 -6 104.923742972801
      vertex 17.83642813364665 -6 107.10760281880695
    endloop
  endfacet
  facet normal -0.1950909531363873 0 -0.9807851548653946
    outer loop
      vertex 17.2954740524292 -6 113
      vertex 17.2954740524292 -5 113
      vertex 17.334113629659015 -6 112.99231408437092
    endloop
  endfacet
  facet normal 0 -1 0
    outer loop
      vertex 17.2954740524292 -6 113
      vertex 17.334113629659015 -6 112.99231408437092
      vertex 22.200000381469728 -6 119.32273899315453
    endloop
  endfacet
  facet normal -0.19509095313605423 -1.3374089646308992e-14 0.9807851548654608
    outer loop
      vertex 17.2954740524292 -5 107
      vertex 17.83642813364665 -6 107.10760281880695
      vertex 17.875067710876465 -5 107.11528873443604
    endloop
  endfacet
  facet normal -0.19509095313605423 1.3378492880389209e-14 -0.9807851548654608
    outer loop
      vertex 17.2954740524292 -5 113
      vertex 17.875067710876465 -5 112.88471126556396
      vertex 17.334113629659015 -6 112.99231408437092
    endloop
  endfacet
  facet normal -0.19509075740150308 9.23343222738363e-17 0.9807851937995943
    outer loop
      vertex 17.321898460388184 -5 108.3817048072815
      vertex 17.481287002563477 -5 108.41340923309326
      vertex 17.375027974446617 0 108.39227294921875
    endloop
  endfacet
  facet normal 0 -1 0
    outer loop
      vertex 17.321898460388184 -5 108.3817048072815
      vertex 19.658564567565918 -5 108.5789680480957
      vertex 17.481287002563477 -5 108.41340923309326
    endloop
  endfacet
  facet normal -0.19509075740150308 9.23343222738363e-17 -0.9807851937995943
    outer loop
      vertex 17.321898460388184 -5 111.6182951927185
      vertex 17.375027974446617 0 111.60772705078125
      vertex 17.481287002563477 -5 111.58659076690674
    endloop
  endfacet
  facet normal 0 -1 0
    outer loop
      vertex 17.321898460388184 -5 111.6182951927185
      vertex 17.481287002563477 -5 111.58659076690674
      vertex 17.875067710876465 -5 112.88471126556396
    endloop
  endfacet
  facet normal 0 -1 0
    outer loop
      vertex 17.334113629659015 -6 112.99231408437092
      vertex 17.875067710876465 -6 112.88471126556396
      vertex 22.200000381469728 -6 119.32273899315453
    endloop
  endfacet
  facet normal -0.19509095313603045 0 -0.9807851548654656
    outer loop
      vertex 17.334113629659015 -6 112.99231408437092
      vertex 17.875067710876465 -5 112.88471126556396
      vertex 17.875067710876465 -6 112.88471126556396
    endloop
  endfacet
  facet normal -0.19509075740150728 0 0.9807851937995935
    outer loop
      vertex 17.375027974446617 0 108.39227294921875
      vertex 17.481287002563477 -5 108.41340923309326
      vertex 17.481287002563477 0 108.41340923309326
    endloop
  endfacet
  facet normal -0.19509075740150728 0 -0.9807851937995935
    outer loop
      vertex 17.375027974446617 0 111.60772705078125
      vertex 17.481287002563477 0 111.58659076690674
      vertex 17.481287002563477 -5 111.58659076690674
    endloop
  endfacet
  facet normal -0.38268297719003574 0 0.923879721050836
    outer loop
      vertex 17.481287002563477 -5 108.41340923309326
      vertex 17.58138052622477 0 108.4548692703247
      vertex 17.481287002563477 0 108.41340923309326
    endloop
  endfacet
  facet normal -0.382682977190028 -1.8146688085204503e-16 0.9238797210508392
    outer loop
      vertex 17.481287002563477 -5 108.41340923309326
      vertex 17.63142728805542 -5 108.47559928894043
      vertex 17.58138052622477 0 108.4548692703247
    endloop
  endfacet
  facet normal 0 -1 0
    outer loop
      vertex 17.481287002563477 -5 108.41340923309326
      vertex 19.658564567565918 -5 108.5789680480957
      vertex 17.63142728805542 -5 108.47559928894043
    endloop
  endfacet
  facet normal -0.3826829771897523 0 -0.9238797210509534
    outer loop
      vertex 17.481287002563477 -5 111.58659076690674
      vertex 17.481287002563477 0 111.58659076690674
      vertex 17.511138581800367 0 111.57422585515914
    endloop
  endfacet
  facet normal -0.3826829771900026 1.7506808479607474e-15 -0.9238797210508498
    outer loop
      vertex 17.481287002563477 -5 111.58659076690674
      vertex 17.511138581800367 0 111.57422585515914
      vertex 17.526064371418812 -5 111.56804339928533
    endloop
  endfacet
  facet normal 0 -1 0
    outer loop
      vertex 17.481287002563477 -5 111.58659076690674
      vertex 17.526064371418812 -5 111.56804339928533
      vertex 17.875067710876465 -5 112.88471126556396
    endloop
  endfacet
  facet normal -0.3826829771901562 1.2131251750502748e-15 -0.9238797210507861
    outer loop
      vertex 17.511138581800367 0 111.57422585515914
      vertex 17.58138052622477 0 111.5451307296753
      vertex 17.526064371418812 -5 111.56804339928533
    endloop
  endfacet
  facet normal -0.38268297719003885 -3.080228491957968e-16 -0.9238797210508348
    outer loop
      vertex 17.526064371418812 -5 111.56804339928533
      vertex 17.58138052622477 0 111.5451307296753
      vertex 17.63142728805542 -5 111.52440071105957
    endloop
  endfacet
  facet normal 0 -1 0
    outer loop
      vertex 17.526064371418812 -5 111.56804339928533
      vertex 17.63142728805542 -5 111.52440071105957
      vertex 18.421031951904297 -5 112.65856456756592
    endloop
  endfacet
  facet normal 0 -1 0
    outer loop
      vertex 17.526064371418812 -5 111.56804339928533
      vertex 18.421031951904297 -5 112.65856456756592
      vertex 17.875067710876465 -5 112.88471126556396
    endloop
  endfacet
  facet normal -0.38268297719001254 0 0.9238797210508456
    outer loop
      vertex 17.58138052622477 0 108.4548692703247
      vertex 17.63142728805542 -5 108.47559928894043
      vertex 17.68147404988607 0 108.49632930755615
    endloop
  endfacet
  facet normal -0.38268297719001254 0 -0.9238797210508456
    outer loop
      vertex 17.58138052622477 0 111.5451307296753
      vertex 17.68147404988607 0 111.50367069244385
      vertex 17.63142728805542 -5 111.52440071105957
    endloop
  endfacet
  facet normal -0.382682977190028 1.8146688085204503e-16 0.9238797210508392
    outer loop
      vertex 17.63142728805542 -5 108.47559928894043
      vertex 17.781567573547363 -5 108.5377893447876
      vertex 17.68147404988607 0 108.49632930755615
    endloop
  endfacet
  facet normal 0 -1 0
    outer loop
      vertex 17.63142728805542 -5 108.47559928894043
      vertex 19.658564567565918 -5 108.5789680480957
      vertex 17.781567573547363 -5 108.5377893447876
    endloop
  endfacet
  facet normal -0.382682977190028 1.8146688085204503e-16 -0.9238797210508392
    outer loop
      vertex 17.63142728805542 -5 111.52440071105957
      vertex 17.68147404988607 0 111.50367069244385
      vertex 17.781567573547363 -5 111.4622106552124
    endloop
  endfacet
  facet normal 0 -1 0
    outer loop
      vertex 17.63142728805542 -5 111.52440071105957
      vertex 17.781567573547363 -5 111.4622106552124
      vertex 18.421031951904297 -5 112.65856456756592
    endloop
  endfacet
  facet normal -0.38268297719003574 0 0.923879721050836
    outer loop
      vertex 17.68147404988607 0 108.49632930755615
      vertex 17.781567573547363 -5 108.5377893447876
      vertex 17.781567573547363 0 108.5377893447876
    endloop
  endfacet
  facet normal -0.38268297719003574 0 -0.923879721050836
    outer loop
      vertex 17.68147404988607 0 111.50367069244385
      vertex 17.781567573547363 0 111.4622106552124
      vertex 17.781567573547363 -5 111.4622106552124
    endloop
  endfacet
  facet normal -0.5555706688216482 0 0.8314693211087626
    outer loop
      vertex 17.781567573547363 -5 108.5377893447876
      vertex 17.871649424235024 0 108.59798018137613
      vertex 17.781567573547363 0 108.5377893447876
    endloop
  endfacet
  facet normal -0.5555706688216986 1.3129646634636337e-15 0.831469321108729
    outer loop
      vertex 17.781567573547363 -5 108.5377893447876
      vertex 17.916690349578857 -5 108.62807559967041
      vertex 17.871649424235024 0 108.59798018137613
    endloop
  endfacet
  facet normal 0 -1 0
    outer loop
      vertex 17.781567573547363 -5 108.5377893447876
      vertex 19.658564567565918 -5 108.5789680480957
      vertex 17.916690349578857 -5 108.62807559967041
    endloop
  endfacet
  facet normal -0.5555706688216482 0 -0.8314693211087626
    outer loop
      vertex 17.781567573547363 -5 111.4622106552124
      vertex 17.781567573547363 0 111.4622106552124
      vertex 17.871649424235024 0 111.40201981862387
    endloop
  endfacet
  facet normal -0.5555706688216986 1.3129646634636337e-15 -0.831469321108729
    outer loop
      vertex 17.781567573547363 -5 111.4622106552124
      vertex 17.871649424235024 0 111.40201981862387
      vertex 17.916690349578857 -5 111.37192440032959
    endloop
  endfacet
  facet normal 0 -1 0
    outer loop
      vertex 17.781567573547363 -5 111.4622106552124
      vertex 17.916690349578857 -5 111.37192440032959
      vertex 18.421031951904297 -5 112.65856456756592
    endloop
  endfacet
  facet normal -0.1950909531363873 0 0.9807851548653946
    outer loop
      vertex 17.83642813364665 -6 107.10760281880695
      vertex 17.875067710876465 -6 107.11528873443604
      vertex 17.875067710876465 -5 107.11528873443604
    endloop
  endfacet
  facet normal 0 -1 0
    outer loop
      vertex 17.83642813364665 -6 107.10760281880695
      vertex 22.200000381469728 -6 104.923742972801
      vertex 17.875067710876465 -6 107.11528873443604
    endloop
  endfacet
  facet normal -0.5555706688217992 0 0.8314693211086617
    outer loop
      vertex 17.871649424235024 0 108.59798018137613
      vertex 17.916690349578857 -5 108.62807559967041
      vertex 17.96173127492269 0 108.65817101796469
    endloop
  endfacet
  facet normal -0.5555706688217992 0 -0.8314693211086617
    outer loop
      vertex 17.871649424235024 0 111.40201981862387
      vertex 17.96173127492269 0 111.34182898203531
      vertex 17.916690349578857 -5 111.37192440032959
    endloop
  endfacet
  facet normal -0.3826847392310897 0 0.9238789911885824
    outer loop
      vertex 17.875067710876465 -6 107.11528873443604
      vertex 17.911465326944985 -6 107.13036518096925
      vertex 17.875067710876465 -5 107.11528873443604
    endloop
  endfacet
  facet normal 0 -1 0
    outer loop
      vertex 17.875067710876465 -6 107.11528873443604
      vertex 22.200000381469728 -6 104.923742972801
      vertex 17.911465326944985 -6 107.13036518096925
    endloop
  endfacet
  facet normal -0.38268473923080304 0 -0.9238789911887012
    outer loop
      vertex 17.875067710876465 -6 112.88471126556396
      vertex 17.875067710876465 -5 112.88471126556396
      vertex 18.384634335835777 -6 112.67364101409913
    endloop
  endfacet
  facet normal 0 -1 0
    outer loop
      vertex 17.875067710876465 -6 112.88471126556396
      vertex 18.384634335835777 -6 112.67364101409913
      vertex 22.200000381469728 -6 119.32273899315453
    endloop
  endfacet
  facet normal -0.38268473923082214 1.1410263905209196e-14 0.9238789911886932
    outer loop
      vertex 17.875067710876465 -5 107.11528873443604
      vertex 17.911465326944985 -6 107.13036518096925
      vertex 18.421031951904297 -5 107.34143543243408
    endloop
  endfacet
  facet normal -0.38268473923082214 -1.1413199398881749e-14 -0.9238789911886932
    outer loop
      vertex 17.875067710876465 -5 112.88471126556396
      vertex 18.421031951904297 -5 112.65856456756592
      vertex 18.384634335835777 -6 112.67364101409913
    endloop
  endfacet
  facet normal -0.38268473923080304 0 0.9238789911887012
    outer loop
      vertex 17.911465326944985 -6 107.13036518096925
      vertex 18.421031951904297 -6 107.34143543243408
      vertex 18.421031951904297 -5 107.34143543243408
    endloop
  endfacet
  facet normal 0 -1 0
    outer loop
      vertex 17.911465326944985 -6 107.13036518096925
      vertex 22.200000381469728 -6 104.923742972801
      vertex 18.421031951904297 -6 107.34143543243408
    endloop
  endfacet
  facet normal -0.5555706688216986 -1.3118972125177285e-15 0.831469321108729
    outer loop
      vertex 17.916690349578857 -5 108.62807559967041
      vertex 18.05181312561035 -5 108.71836185455322
      vertex 17.96173127492269 0 108.65817101796469
    endloop
  endfacet
  facet normal 0 -1 0
    outer loop
      vertex 17.916690349578857 -5 108.62807559967041
      vertex 19.658564567565918 -5 108.5789680480957
      vertex 18.05181312561035 -5 108.71836185455322
    endloop
  endfacet
  facet normal 0 -1 0
    outer loop
      vertex 17.916690349578857 -5 111.37192440032959
      vertex 17.939092139826222 -5 111.35695598565141
      vertex 18.91238784790039 -5 112.33025169372559
    endloop
  endfacet
  facet normal -0.5555706688219437 1.8824957037243674e-15 -0.8314693211085652
    outer loop
      vertex 17.916690349578857 -5 111.37192440032959
      vertex 17.96173127492269 0 111.34182898203531
      vertex 17.939092139826222 -5 111.35695598565141
    endloop
  endfacet
  facet normal 0 -1 0
    outer loop
      vertex 17.916690349578857 -5 111.37192440032959
      vertex 18.91238784790039 -5 112.33025169372559
      vertex 18.421031951904297 -5 112.65856456756592
    endloop
  endfacet
  facet normal -0.5555706688212754 -2.495373206242609e-15 -0.8314693211090117
    outer loop
      vertex 17.939092139826222 -5 111.35695598565141
      vertex 17.96173127492269 0 111.34182898203531
      vertex 17.976665801754265 0 111.33185003891654
    endloop
  endfacet
  facet normal -0.5555706688216497 1.5758182411682838e-15 -0.8314693211087615
    outer loop
      vertex 17.939092139826222 -5 111.35695598565141
      vertex 17.976665801754265 0 111.33185003891654
      vertex 18.05181312561035 -5 111.28163814544678
    endloop
  endfacet
  facet normal 0 -1 0
    outer loop
      vertex 17.939092139826222 -5 111.35695598565141
      vertex 18.05181312561035 -5 111.28163814544678
      vertex 18.91238784790039 -5 112.33025169372559
    endloop
  endfacet
  facet normal -0.5555706688216482 0 0.8314693211087626
    outer loop
      vertex 17.96173127492269 0 108.65817101796469
      vertex 18.05181312561035 -5 108.71836185455322
      vertex 18.05181312561035 0 108.71836185455322
    endloop
  endfacet
  facet normal -0.5555706688217222 0 -0.8314693211087131
    outer loop
      vertex 17.976665801754265 0 111.33185003891654
      vertex 18.05181312561035 0 111.28163814544678
      vertex 18.05181312561035 -5 111.28163814544678
    endloop
  endfacet
  facet normal -0.7071067811866194 0 0.7071067811864756
    outer loop
      vertex 18.05181312561035 -5 108.71836185455322
      vertex 18.0867527021856 0 108.75330143112848
      vertex 18.05181312561035 0 108.71836185455322
    endloop
  endfacet
  facet normal -0.7071067811864516 -2.3445835440772857e-15 0.7071067811866434
    outer loop
      vertex 18.05181312561035 -5 108.71836185455322
      vertex 18.10422249047322 -5 108.77077121941608
      vertex 18.0867527021856 0 108.75330143112848
    endloop
  endfacet
  facet normal 0 -1 0
    outer loop
      vertex 18.05181312561035 -5 108.71836185455322
      vertex 19.658564567565918 -5 108.5789680480957
      vertex 18.10422249047322 -5 108.77077121941608
    endloop
  endfacet
  facet normal -0.7071067811865148 0 -0.7071067811865804
    outer loop
      vertex 18.05181312561035 -5 111.28163814544678
      vertex 18.05181312561035 0 111.28163814544678
      vertex 18.128421465555824 0 111.20502980550131
    endloop
  endfacet
  facet normal -0.7071067811865476 1.0034039376274631e-15 -0.7071067811865476
    outer loop
      vertex 18.05181312561035 -5 111.28163814544678
      vertex 18.128421465555824 0 111.20502980550131
      vertex 18.166725635528564 -5 111.16672563552856
    endloop
  endfacet
  facet normal 0 -1 0
    outer loop
      vertex 18.05181312561035 -5 111.28163814544678
      vertex 18.166725635528564 -5 111.16672563552856
      vertex 18.91238784790039 -5 112.33025169372559
    endloop
  endfacet
  facet normal 0 1 0
    outer loop
      vertex 18.05181312561035 0 108.71836185455322
      vertex 18.0867527021856 0 108.75330143112848
      vertex 40.19698238372803 0 96.21408271789551
    endloop
  endfacet
  facet normal -0.707106781186427 -2.171770173466007e-15 0.7071067811866683
    outer loop
      vertex 18.0867527021856 0 108.75330143112848
      vertex 18.10422249047322 -5 108.77077121941608
      vertex 18.128421465555824 0 108.79497019449869
    endloop
  endfacet
  facet normal 0 1 0
    outer loop
      vertex 18.0867527021856 0 108.75330143112848
      vertex 18.128421465555824 0 108.79497019449869
      vertex 40.19698238372803 0 96.21408271789551
    endloop
  endfacet
  facet normal -0.7071067811866278 -2.2667069245247844e-16 0.7071067811864671
    outer loop
      vertex 18.10422249047322 -5 108.77077121941608
      vertex 18.166725635528564 -5 108.83327436447144
      vertex 18.128421465555824 0 108.79497019449869
    endloop
  endfacet
  facet normal 0 -1 0
    outer loop
      vertex 18.10422249047322 -5 108.77077121941608
      vertex 19.658564567565918 -5 108.5789680480957
      vertex 19.884711265563965 -5 109.12493228912354
    endloop
  endfacet
  facet normal 0 -1 0
    outer loop
      vertex 18.10422249047322 -5 108.77077121941608
      vertex 19.884711265563965 -5 109.12493228912354
      vertex 18.166725635528564 -5 108.83327436447144
    endloop
  endfacet
  facet normal -0.7071067811866131 0 0.707106781186482
    outer loop
      vertex 18.128421465555824 0 108.79497019449869
      vertex 18.166725635528564 -5 108.83327436447144
      vertex 18.205029805501304 0 108.87157853444418
    endloop
  endfacet
  facet normal 0 1 0
    outer loop
      vertex 18.128421465555824 0 108.79497019449869
      vertex 18.205029805501304 0 108.87157853444418
      vertex 40.19698238372803 0 96.21408271789551
    endloop
  endfacet
  facet normal -0.7071067811866131 0 -0.707106781186482
    outer loop
      vertex 18.128421465555824 0 111.20502980550131
      vertex 18.205029805501304 0 111.12842146555582
      vertex 18.166725635528564 -5 111.16672563552856
    endloop
  endfacet
  facet normal -0.7071067811865476 -1.0044713886249392e-15 0.7071067811865476
    outer loop
      vertex 18.166725635528564 -5 108.83327436447144
      vertex 18.281638145446777 -5 108.94818687438965
      vertex 18.205029805501304 0 108.87157853444418
    endloop
  endfacet
  facet normal 0 -1 0
    outer loop
      vertex 18.166725635528564 -5 108.83327436447144
      vertex 19.884711265563965 -5 109.12493228912354
      vertex 18.281638145446777 -5 108.94818687438965
    endloop
  endfacet
  facet normal -0.7071067811865476 -1.0044713886249392e-15 -0.7071067811865476
    outer loop
      vertex 18.166725635528564 -5 111.16672563552856
      vertex 18.205029805501304 0 111.12842146555582
      vertex 18.281638145446777 -5 111.05181312561035
    endloop
  endfacet
  facet normal 0 -1 0
    outer loop
      vertex 18.166725635528564 -5 111.16672563552856
      vertex 18.281638145446777 -5 111.05181312561035
      vertex 19.330251693725586 -5 111.91238784790039
    endloop
  endfacet
  facet normal 0 -1 0
    outer loop
      vertex 18.166725635528564 -5 111.16672563552856
      vertex 19.330251693725586 -5 111.91238784790039
      vertex 18.91238784790039 -5 112.33025169372559
    endloop
  endfacet
  facet normal -0.7071067811865148 0 0.7071067811865804
    outer loop
      vertex 18.205029805501304 0 108.87157853444418
      vertex 18.281638145446777 -5 108.94818687438965
      vertex 18.281638145446777 0 108.94818687438965
    endloop
  endfacet
  facet normal 0 1 0
    outer loop
      vertex 18.205029805501304 0 108.87157853444418
      vertex 18.281638145446777 0 108.94818687438965
      vertex 40.19698238372803 0 96.21408271789551
    endloop
  endfacet
  facet normal -0.7071067811865148 0 -0.7071067811865804
    outer loop
      vertex 18.205029805501304 0 111.12842146555582
      vertex 18.281638145446777 0 111.05181312561035
      vertex 18.281638145446777 -5 111.05181312561035
    endloop
  endfacet
  facet normal -0.8314693211087122 0 0.5555706688217239
    outer loop
      vertex 18.281638145446777 -5 108.94818687438965
      vertex 18.341828982035317 0 109.0382687250773
      vertex 18.281638145446777 0 108.94818687438965
    endloop
  endfacet
  facet normal -0.831469321108729 6.59684684569533e-16 0.5555706688216986
    outer loop
      vertex 18.281638145446777 -5 108.94818687438965
      vertex 18.37192440032959 -5 109.08330965042114
      vertex 18.341828982035317 0 109.0382687250773
    endloop
  endfacet
  facet normal 0 -1 0
    outer loop
      vertex 18.281638145446777 -5 108.94818687438965
      vertex 19.884711265563965 -5 109.12493228912354
      vertex 18.37192440032959 -5 109.08330965042114
    endloop
  endfacet
  facet normal -0.8314693820553052 0 -0.5555705776087939
    outer loop
      vertex 18.281638145446777 -5 111.05181312561035
      vertex 18.281638145446777 0 111.05181312561035
      vertex 18.281638158123457 0 111.05181310663838
    endloop
  endfacet
  facet normal -0.8314694143120349 2.6495820705881884e-16 -0.5555705293332266
    outer loop
      vertex 18.281638145446777 -5 111.05181312561035
      vertex 18.281638158123457 0 111.05181310663838
      vertex 18.281638164461803 -5 111.05181309715238
    endloop
  endfacet
  facet normal 0 -1 0
    outer loop
      vertex 18.281638145446777 -5 111.05181312561035
      vertex 18.281638164461803 -5 111.05181309715238
      vertex 19.330251693725586 -5 111.91238784790039
    endloop
  endfacet
  facet normal 0 1 0
    outer loop
      vertex 18.281638145446777 0 108.94818687438965
      vertex 18.341828982035317 0 109.0382687250773
      vertex 40.19698238372803 0 96.21408271789551
    endloop
  endfacet
  facet normal 0 1 0
    outer loop
      vertex 18.281638145446777 0 111.05181312561035
      vertex 40.19698238372803 0 96.21408271789551
      vertex 18.281638158123457 0 111.05181310663838
    endloop
  endfacet
  facet normal -0.8314693211086992 6.477468690112974e-16 -0.555570668821743
    outer loop
      vertex 18.281638158123457 0 111.05181310663838
      vertex 18.341828982035317 0 110.9617312749227
      vertex 18.281638164461803 -5 111.05181309715238
    endloop
  endfacet
  facet normal 0 1 0
    outer loop
      vertex 18.281638158123457 0 111.05181310663838
      vertex 40.19698238372803 0 96.21408271789551
      vertex 18.341828982035317 0 110.9617312749227
    endloop
  endfacet
  facet normal -0.8314693211087093 1.0418323426221577e-15 -0.5555706688217279
    outer loop
      vertex 18.281638164461803 -5 111.05181309715238
      vertex 18.341828982035317 0 110.9617312749227
      vertex 18.37192440032959 -5 110.91669034957886
    endloop
  endfacet
  facet normal 0 -1 0
    outer loop
      vertex 18.281638164461803 -5 111.05181309715238
      vertex 18.37192440032959 -5 110.91669034957886
      vertex 19.330251693725586 -5 111.91238784790039
    endloop
  endfacet
  facet normal -0.8314693211087627 0 0.5555706688216479
    outer loop
      vertex 18.341828982035317 0 109.0382687250773
      vertex 18.37192440032959 -5 109.08330965042114
      vertex 18.402019818623863 0 109.12835057576498
    endloop
  endfacet
  facet normal 0 1 0
    outer loop
      vertex 18.341828982035317 0 109.0382687250773
      vertex 18.402019818623863 0 109.12835057576498
      vertex 40.19698238372803 0 96.21408271789551
    endloop
  endfacet
  facet normal -0.8314693211087627 0 -0.5555706688216479
    outer loop
      vertex 18.341828982035317 0 110.9617312749227
      vertex 18.402019818623863 0 110.87164942423502
      vertex 18.37192440032959 -5 110.91669034957886
    endloop
  endfacet
  facet normal 0 1 0
    outer loop
      vertex 18.341828982035317 0 110.9617312749227
      vertex 40.19698238372803 0 96.21408271789551
      vertex 18.402019818623863 0 110.87164942423502
    endloop
  endfacet
  facet normal -0.831469321108729 -6.59684684569533e-16 0.5555706688216986
    outer loop
      vertex 18.37192440032959 -5 109.08330965042114
      vertex 18.462210655212402 -5 109.21843242645264
      vertex 18.402019818623863 0 109.12835057576498
    endloop
  endfacet
  facet normal 0 -1 0
    outer loop
      vertex 18.37192440032959 -5 109.08330965042114
      vertex 19.884711265563965 -5 109.12493228912354
      vertex 18.462210655212402 -5 109.21843242645264
    endloop
  endfacet
  facet normal -0.831469321108729 -6.59684684569533e-16 -0.5555706688216986
    outer loop
      vertex 18.37192440032959 -5 110.91669034957886
      vertex 18.402019818623863 0 110.87164942423502
      vertex 18.462210655212402 -5 110.78156757354736
    endloop
  endfacet
  facet normal 0 -1 0
    outer loop
      vertex 18.37192440032959 -5 110.91669034957886
      vertex 18.462210655212402 -5 110.78156757354736
      vertex 19.658564567565918 -5 111.4210319519043
    endloop
  endfacet
  facet normal 0 -1 0
    outer loop
      vertex 18.37192440032959 -5 110.91669034957886
      vertex 19.658564567565918 -5 111.4210319519043
      vertex 19.330251693725586 -5 111.91238784790039
    endloop
  endfacet
  facet normal 0 -1 0
    outer loop
      vertex 18.384634335835777 -6 112.67364101409913
      vertex 18.421031951904297 -6 112.65856456756592
      vertex 22.200000381469728 -6 119.32273899315453
    endloop
  endfacet
  facet normal -0.3826847392310897 0 -0.9238789911885824
    outer loop
      vertex 18.384634335835777 -6 112.67364101409913
      vertex 18.421031951904297 -5 112.65856456756592
      vertex 18.421031951904297 -6 112.65856456756592
    endloop
  endfacet
  facet normal -0.8314693211087122 0 0.5555706688217239
    outer loop
      vertex 18.402019818623863 0 109.12835057576498
      vertex 18.462210655212402 -5 109.21843242645264
      vertex 18.462210655212402 0 109.21843242645264
    endloop
  endfacet
  facet normal 0 1 0
    outer loop
      vertex 18.402019818623863 0 109.12835057576498
      vertex 18.462210655212402 0 109.21843242645264
      vertex 40.19698238372803 0 96.21408271789551
    endloop
  endfacet
  facet normal -0.8314693211087122 0 -0.5555706688217239
    outer loop
      vertex 18.402019818623863 0 110.87164942423502
      vertex 18.462210655212402 0 110.78156757354736
      vertex 18.462210655212402 -5 110.78156757354736
    endloop
  endfacet
  facet normal 0 1 0
    outer loop
      vertex 18.402019818623863 0 110.87164942423502
      vertex 40.19698238372803 0 96.21408271789551
      vertex 18.462210655212402 0 110.78156757354736
    endloop
  endfacet
  facet normal -0.5555694849010424 0 0.8314701121788988
    outer loop
      vertex 18.421031951904297 -6 107.34143543243408
      vertex 18.45378901163737 -6 107.36332295735676
      vertex 18.421031951904297 -5 107.34143543243408
    endloop
  endfacet
  facet normal 0 -1 0
    outer loop
      vertex 18.421031951904297 -6 107.34143543243408
      vertex 22.200000381469728 -6 104.923742972801
      vertex 18.45378901163737 -6 107.36332295735676
    endloop
  endfacet
  facet normal -0.5555694849010424 0 -0.8314701121788988
    outer loop
      vertex 18.421031951904297 -6 112.65856456756592
      vertex 18.421031951904297 -5 112.65856456756592
      vertex 18.45378901163737 -6 112.63667704264324
    endloop
  endfacet
  facet normal 0 -1 0
    outer loop
      vertex 18.421031951904297 -6 112.65856456756592
      vertex 18.45378901163737 -6 112.63667704264324
      vertex 22.200000381469728 -6 119.32273899315453
    endloop
  endfacet
  facet normal -0.555569484901264 -1.0500250671294458e-14 0.8314701121787506
    outer loop
      vertex 18.421031951904297 -5 107.34143543243408
      vertex 18.45378901163737 -6 107.36332295735676
      vertex 18.91238784790039 -5 107.66974830627441
    endloop
  endfacet
  facet normal -0.555569484901264 -1.0500250671294458e-14 -0.8314701121787506
    outer loop
      vertex 18.421031951904297 -5 112.65856456756592
      vertex 18.91238784790039 -5 112.33025169372559
      vertex 18.45378901163737 -6 112.63667704264324
    endloop
  endfacet
  facet normal -0.5555694849012799 0 0.83147011217874
    outer loop
      vertex 18.45378901163737 -6 107.36332295735676
      vertex 18.91238784790039 -6 107.66974830627441
      vertex 18.91238784790039 -5 107.66974830627441
    endloop
  endfacet
  facet normal 0 -1 0
    outer loop
      vertex 18.45378901163737 -6 107.36332295735676
      vertex 22.200000381469728 -6 104.923742972801
      vertex 18.91238784790039 -6 107.66974830627441
    endloop
  endfacet
  facet normal 0 -1 0
    outer loop
      vertex 18.45378901163737 -6 112.63667704264324
      vertex 18.91238784790039 -6 112.33025169372559
      vertex 22.200000381469728 -6 119.32273899315453
    endloop
  endfacet
  facet normal -0.5555694849012799 0 -0.83147011217874
    outer loop
      vertex 18.45378901163737 -6 112.63667704264324
      vertex 18.91238784790039 -5 112.33025169372559
      vertex 18.91238784790039 -6 112.33025169372559
    endloop
  endfacet
  facet normal -0.9238797210506771 0 0.38268297719041944
    outer loop
      vertex 18.462210655212402 -5 109.21843242645264
      vertex 18.468404098233066 0 109.23338474142699
      vertex 18.462210655212402 0 109.21843242645264
    endloop
  endfacet
  facet normal -0.9238797210508664 1.6004179749587959e-15 0.38268297718996264
    outer loop
      vertex 18.462210655212402 -5 109.21843242645264
      vertex 18.47150081974339 -5 109.24086089891418
      vertex 18.468404098233066 0 109.23338474142699
    endloop
  endfacet
  facet normal 0 -1 0
    outer loop
      vertex 18.462210655212402 -5 109.21843242645264
      vertex 19.884711265563965 -5 109.12493228912354
      vertex 18.47150081974339 -5 109.24086089891418
    endloop
  endfacet
  facet normal -0.9238797210508595 0 -0.3826829771899792
    outer loop
      vertex 18.462210655212402 -5 110.78156757354736
      vertex 18.462210655212402 0 110.78156757354736
      vertex 18.496797087696642 0 110.69806842281346
    endloop
  endfacet
  facet normal -0.9238797210508348 -1.1618718281687875e-15 -0.3826829771900386
    outer loop
      vertex 18.462210655212402 -5 110.78156757354736
      vertex 18.496797087696642 0 110.69806842281346
      vertex 18.514090303938765 -5 110.65631884744653
    endloop
  endfacet
  facet normal 0 -1 0
    outer loop
      vertex 18.462210655212402 -5 110.78156757354736
      vertex 18.514090303938765 -5 110.65631884744653
      vertex 19.658564567565918 -5 111.4210319519043
    endloop
  endfacet
  facet normal 0 1 0
    outer loop
      vertex 18.462210655212402 0 109.21843242645264
      vertex 18.468404098233066 0 109.23338474142699
      vertex 40.19698238372803 0 96.21408271789551
    endloop
  endfacet
  facet normal 0 1 0
    outer loop
      vertex 18.462210655212402 0 110.78156757354736
      vertex 40.19698238372803 0 96.21408271789551
      vertex 18.496797087696642 0 110.69806842281346
    endloop
  endfacet
  facet normal -0.9238797210508526 1.658136058072092e-15 0.3826829771899956
    outer loop
      vertex 18.468404098233066 0 109.23338474142699
      vertex 18.47150081974339 -5 109.24086089891418
      vertex 18.503670692443848 0 109.31852595011392
    endloop
  endfacet
  facet normal 0 1 0
    outer loop
      vertex 18.468404098233066 0 109.23338474142699
      vertex 18.503670692443848 0 109.31852595011392
      vertex 40.19698238372803 0 96.21408271789551
    endloop
  endfacet
  facet normal -0.9238797210508345 8.596173878468272e-16 0.3826829771900395
    outer loop
      vertex 18.47150081974339 -5 109.24086089891418
      vertex 18.52440071105957 -5 109.36857271194458
      vertex 18.503670692443848 0 109.31852595011392
    endloop
  endfacet
  facet normal 0 -1 0
    outer loop
      vertex 18.47150081974339 -5 109.24086089891418
      vertex 19.884711265563965 -5 109.12493228912354
      vertex 20 -5 109.7045259475708
    endloop
  endfacet
  facet normal 0 -1 0
    outer loop
      vertex 18.47150081974339 -5 109.24086089891418
      vertex 20 -5 109.7045259475708
      vertex 18.52440071105957 -5 109.36857271194458
    endloop
  endfacet
  facet normal -0.9238797210506602 2.9625754248395395e-15 -0.38268297719046035
    outer loop
      vertex 18.496797087696642 0 110.69806842281346
      vertex 18.503670692443848 0 110.68147404988608
      vertex 18.514090303938765 -5 110.65631884744653
    endloop
  endfacet
  facet normal 0 1 0
    outer loop
      vertex 18.496797087696642 0 110.69806842281346
      vertex 40.19698238372803 0 96.21408271789551
      vertex 18.503670692443848 0 110.68147404988608
    endloop
  endfacet
  facet normal -0.9238797210508648 0 0.3826829771899662
    outer loop
      vertex 18.503670692443848 0 109.31852595011392
      vertex 18.52440071105957 -5 109.36857271194458
      vertex 18.545130729675293 0 109.41861947377524
    endloop
  endfacet
  facet normal 0 1 0
    outer loop
      vertex 18.503670692443848 0 109.31852595011392
      vertex 18.545130729675293 0 109.41861947377524
      vertex 40.19698238372803 0 96.21408271789551
    endloop
  endfacet
  facet normal -0.9238797210508614 1.0140844974991497e-16 -0.3826829771899748
    outer loop
      vertex 18.503670692443848 0 110.68147404988608
      vertex 18.52440071105957 -5 110.63142728805542
      vertex 18.514090303938765 -5 110.65631884744653
    endloop
  endfacet
  facet normal -0.9238797210508648 0 -0.3826829771899662
    outer loop
      vertex 18.503670692443848 0 110.68147404988608
      vertex 18.545130729675293 0 110.58138052622476
      vertex 18.52440071105957 -5 110.63142728805542
    endloop
  endfacet
  facet normal 0 1 0
    outer loop
      vertex 18.503670692443848 0 110.68147404988608
      vertex 40.19698238372803 0 96.21408271789551
      vertex 18.545130729675293 0 110.58138052622476
    endloop
  endfacet
  facet normal 0 -1 0
    outer loop
      vertex 18.514090303938765 -5 110.65631884744653
      vertex 18.52440071105957 -5 110.63142728805542
      vertex 19.658564567565918 -5 111.4210319519043
    endloop
  endfacet
  facet normal -0.9238797210508392 -7.25333797288027e-16 0.382682977190028
    outer loop
      vertex 18.52440071105957 -5 109.36857271194458
      vertex 18.58659076690674 -5 109.51871299743652
      vertex 18.545130729675293 0 109.41861947377524
    endloop
  endfacet
  facet normal 0 -1 0
    outer loop
      vertex 18.52440071105957 -5 109.36857271194458
      vertex 20 -5 109.7045259475708
      vertex 18.58659076690674 -5 109.51871299743652
    endloop
  endfacet
  facet normal -0.9238797210508392 -7.25333797288027e-16 -0.382682977190028
    outer loop
      vertex 18.52440071105957 -5 110.63142728805542
      vertex 18.545130729675293 0 110.58138052622476
      vertex 18.58659076690674 -5 110.48128700256348
    endloop
  endfacet
  facet normal 0 -1 0
    outer loop
      vertex 18.52440071105957 -5 110.63142728805542
      vertex 18.58659076690674 -5 110.48128700256348
      vertex 19.884711265563965 -5 110.87506771087646
    endloop
  endfacet
  facet normal 0 -1 0
    outer loop
      vertex 18.52440071105957 -5 110.63142728805542
      vertex 19.884711265563965 -5 110.87506771087646
      vertex 19.658564567565918 -5 111.4210319519043
    endloop
  endfacet
  facet normal -0.9238797210508265 0 0.382682977190059
    outer loop
      vertex 18.545130729675293 0 109.41861947377524
      vertex 18.58659076690674 -5 109.51871299743652
      vertex 18.58659076690674 0 109.51871299743652
    endloop
  endfacet
  facet normal 0 1 0
    outer loop
      vertex 18.545130729675293 0 109.41861947377524
      vertex 18.58659076690674 0 109.51871299743652
      vertex 40.19698238372803 0 96.21408271789551
    endloop
  endfacet
  facet normal -0.9238797210508265 0 -0.382682977190059
    outer loop
      vertex 18.545130729675293 0 110.58138052622476
      vertex 18.58659076690674 0 110.48128700256348
      vertex 18.58659076690674 -5 110.48128700256348
    endloop
  endfacet
  facet normal 0 1 0
    outer loop
      vertex 18.545130729675293 0 110.58138052622476
      vertex 40.19698238372803 0 96.21408271789551
      vertex 18.58659076690674 0 110.48128700256348
    endloop
  endfacet
  facet normal -0.9807851937995911 0 0.19509075740151982
    outer loop
      vertex 18.58659076690674 -5 109.51871299743652
      vertex 18.60772705078125 0 109.62497202555338
      vertex 18.58659076690674 0 109.51871299743652
    endloop
  endfacet
  facet normal -0.9807851937995943 3.6987101350155235e-16 0.19509075740150308
    outer loop
      vertex 18.58659076690674 -5 109.51871299743652
      vertex 18.618295192718506 -5 109.67810153961182
      vertex 18.60772705078125 0 109.62497202555338
    endloop
  endfacet
  facet normal 0 -1 0
    outer loop
      vertex 18.58659076690674 -5 109.51871299743652
      vertex 20 -5 109.7045259475708
      vertex 18.618295192718506 -5 109.67810153961182
    endloop
  endfacet
  facet normal -0.9807851937995911 0 -0.19509075740151982
    outer loop
      vertex 18.58659076690674 -5 110.48128700256348
      vertex 18.58659076690674 0 110.48128700256348
      vertex 18.60772705078125 0 110.37502797444662
    endloop
  endfacet
  facet normal -0.9807851937995943 3.6987101350155235e-16 -0.19509075740150308
    outer loop
      vertex 18.58659076690674 -5 110.48128700256348
      vertex 18.60772705078125 0 110.37502797444662
      vertex 18.618295192718506 -5 110.32189846038818
    endloop
  endfacet
  facet normal 0 -1 0
    outer loop
      vertex 18.58659076690674 -5 110.48128700256348
      vertex 18.618295192718506 -5 110.32189846038818
      vertex 19.884711265563965 -5 110.87506771087646
    endloop
  endfacet
  facet normal 0 1 0
    outer loop
      vertex 18.58659076690674 0 109.51871299743652
      vertex 18.60772705078125 0 109.62497202555338
      vertex 40.19698238372803 0 96.21408271789551
    endloop
  endfacet
  facet normal 0 1 0
    outer loop
      vertex 18.58659076690674 0 110.48128700256348
      vertex 40.19698238372803 0 96.21408271789551
      vertex 18.60772705078125 0 110.37502797444662
    endloop
  endfacet
  facet normal -0.980785193799601 0 0.19509075740146964
    outer loop
      vertex 18.60772705078125 0 109.62497202555338
      vertex 18.618295192718506 -5 109.67810153961182
      vertex 18.62886333465576 0 109.73123105367026
    endloop
  endfacet
  facet normal 0 1 0
    outer loop
      vertex 18.60772705078125 0 109.62497202555338
      vertex 18.62886333465576 0 109.73123105367026
      vertex 40.19698238372803 0 96.21408271789551
    endloop
  endfacet
  facet normal -0.980785193799601 0 -0.19509075740146964
    outer loop
      vertex 18.60772705078125 0 110.37502797444662
      vertex 18.62886333465576 0 110.26876894632974
      vertex 18.618295192718506 -5 110.32189846038818
    endloop
  endfacet
  facet normal 0 1 0
    outer loop
      vertex 18.60772705078125 0 110.37502797444662
      vertex 40.19698238372803 0 96.21408271789551
      vertex 18.62886333465576 0 110.26876894632974
    endloop
  endfacet
  facet normal -0.9807851937995922 -4.899159275689886e-16 0.19509075740151396
    outer loop
      vertex 18.618295192718506 -5 109.67810153961182
      vertex 18.62806122171893 -5 109.72719856898118
      vertex 18.62886333465576 0 109.73123105367026
    endloop
  endfacet
  facet normal 0 -1 0
    outer loop
      vertex 18.618295192718506 -5 109.67810153961182
      vertex 20 -5 109.7045259475708
      vertex 18.62806122171893 -5 109.72719856898118
    endloop
  endfacet
  facet normal -0.9807851937995975 -1.9470204272873595e-16 -0.19509075740148726
    outer loop
      vertex 18.618295192718506 -5 110.32189846038818
      vertex 18.62886333465576 0 110.26876894632974
      vertex 18.640543983509104 -5 110.21004649529249
    endloop
  endfacet
  facet normal 0 -1 0
    outer loop
      vertex 18.618295192718506 -5 110.32189846038818
      vertex 18.640543983509104 -5 110.21004649529249
      vertex 19.884711265563965 -5 110.87506771087646
    endloop
  endfacet
  facet normal -0.9807851937995705 -5.808614447933463e-16 0.1950907574016226
    outer loop
      vertex 18.62806122171893 -5 109.72719856898118
      vertex 18.635374020656045 0 109.76396240658315
      vertex 18.62886333465576 0 109.73123105367026
    endloop
  endfacet
  facet normal -0.9807851937995954 3.6965296068844494e-16 0.19509075740149828
    outer loop
      vertex 18.62806122171893 -5 109.72719856898118
      vertex 18.649999618530273 -5 109.83749008178711
      vertex 18.635374020656045 0 109.76396240658315
    endloop
  endfacet
  facet normal 0 -1 0
    outer loop
      vertex 18.62806122171893 -5 109.72719856898118
      vertex 20 -5 109.7045259475708
      vertex 20 -5 110.2954740524292
    endloop
  endfacet
  facet normal 0 -1 0
    outer loop
      vertex 18.62806122171893 -5 109.72719856898118
      vertex 20 -5 110.2954740524292
      vertex 18.649999618530273 -5 109.83749008178711
    endloop
  endfacet
  facet normal 0 1 0
    outer loop
      vertex 18.62886333465576 0 109.73123105367026
      vertex 18.635374020656045 0 109.76396240658315
      vertex 40.19698238372803 0 96.21408271789551
    endloop
  endfacet
  facet normal -0.9807851937995834 6.7850999948998935e-16 -0.19509075740155882
    outer loop
      vertex 18.62886333465576 0 110.26876894632974
      vertex 18.643695861849494 0 110.19420096959931
      vertex 18.640543983509104 -5 110.21004649529249
    endloop
  endfacet
  facet normal 0 1 0
    outer loop
      vertex 18.62886333465576 0 110.26876894632974
      vertex 40.19698238372803 0 96.21408271789551
      vertex 18.643695861849494 0 110.19420096959931
    endloop
  endfacet
  facet normal -0.9807851937996002 0 0.19509075740147408
    outer loop
      vertex 18.635374020656045 0 109.76396240658315
      vertex 18.649999618530273 -5 109.83749008178711
      vertex 18.649999618530273 0 109.83749008178711
    endloop
  endfacet
  facet normal 0 1 0
    outer loop
      vertex 18.635374020656045 0 109.76396240658315
      vertex 18.649999618530273 0 109.83749008178711
      vertex 40.19698238372803 0 96.21408271789551
    endloop
  endfacet
  facet normal -0.980785193799587 7.393119589236904e-16 -0.19509075740154036
    outer loop
      vertex 18.640543983509104 -5 110.21004649529249
      vertex 18.643695861849494 0 110.19420096959931
      vertex 18.649999618530273 -5 110.16250991821289
    endloop
  endfacet
  facet normal 0 -1 0
    outer loop
      vertex 18.640543983509104 -5 110.21004649529249
      vertex 18.649999618530273 -5 110.16250991821289
      vertex 20 -5 110.2954740524292
    endloop
  endfacet
  facet normal 0 -1 0
    outer loop
      vertex 18.640543983509104 -5 110.21004649529249
      vertex 20 -5 110.2954740524292
      vertex 19.884711265563965 -5 110.87506771087646
    endloop
  endfacet
  facet normal -0.9807851937996092 0 -0.19509075740142814
    outer loop
      vertex 18.643695861849494 0 110.19420096959931
      vertex 18.649999618530273 0 110.16250991821289
      vertex 18.649999618530273 -5 110.16250991821289
    endloop
  endfacet
  facet normal 0 1 0
    outer loop
      vertex 18.643695861849494 0 110.19420096959931
      vertex 40.19698238372803 0 96.21408271789551
      vertex 18.649999618530273 0 110.16250991821289
    endloop
  endfacet
  facet normal -1 0 0
    outer loop
      vertex 18.649999618530273 -5 109.83749008178711
      vertex 18.649999618530273 -5 110
      vertex 18.649999618530273 0 109.94583002726236
    endloop
  endfacet
  facet normal -1 0 0
    outer loop
      vertex 18.649999618530273 -5 109.83749008178711
      vertex 18.649999618530273 0 109.94583002726236
      vertex 18.649999618530273 0 109.83749008178711
    endloop
  endfacet
  facet normal 0 -1 0
    outer loop
      vertex 18.649999618530273 -5 109.83749008178711
      vertex 20 -5 110.2954740524292
      vertex 18.649999618530273 -5 110
    endloop
  endfacet
  facet normal -1 0 0
    outer loop
      vertex 18.649999618530273 -5 110
      vertex 18.649999618530273 -5 110.16250991821289
      vertex 18.649999618530273 0 110.05416997273764
    endloop
  endfacet
  facet normal -1 0 0
    outer loop
      vertex 18.649999618530273 -5 110
      vertex 18.649999618530273 0 110.05416997273764
      vertex 18.649999618530273 0 109.94583002726236
    endloop
  endfacet
  facet normal 0 -1 0
    outer loop
      vertex 18.649999618530273 -5 110
      vertex 20 -5 110.2954740524292
      vertex 18.649999618530273 -5 110.16250991821289
    endloop
  endfacet
  facet normal -1 0 0
    outer loop
      vertex 18.649999618530273 -5 110.16250991821289
      vertex 18.649999618530273 0 110.16250991821289
      vertex 18.649999618530273 0 110.05416997273764
    endloop
  endfacet
  facet normal 0 1 0
    outer loop
      vertex 18.649999618530273 0 109.83749008178711
      vertex 18.649999618530273 0 109.94583002726236
      vertex 40.19698238372803 0 96.21408271789551
    endloop
  endfacet
  facet normal 0 1 0
    outer loop
      vertex 18.649999618530273 0 109.94583002726236
      vertex 18.649999618530273 0 110.05416997273764
      vertex 40.19698238372803 0 96.21408271789551
    endloop
  endfacet
  facet normal 0 1 0
    outer loop
      vertex 18.649999618530273 0 110.05416997273764
      vertex 18.649999618530273 0 110.16250991821289
      vertex 40.19698238372803 0 96.21408271789551
    endloop
  endfacet
  facet normal -0.7071067811865346 0 0.7071067811865603
    outer loop
      vertex 18.91238784790039 -6 107.66974830627441
      vertex 19.30239410400391 -6 108.05975456237792
      vertex 18.91238784790039 -5 107.66974830627441
    endloop
  endfacet
  facet normal 0 -1 0
    outer loop
      vertex 18.91238784790039 -6 107.66974830627441
      vertex 22.200000381469728 -6 104.923742972801
      vertex 19.30239410400391 -6 108.05975456237792
    endloop
  endfacet
  facet normal -0.7071067811867279 0 -0.7071067811863672
    outer loop
      vertex 18.91238784790039 -6 112.33025169372559
      vertex 18.91238784790039 -5 112.33025169372559
      vertex 18.940245437622067 -6 112.3023941040039
    endloop
  endfacet
  facet normal 0 -1 0
    outer loop
      vertex 18.91238784790039 -6 112.33025169372559
      vertex 18.940245437622067 -6 112.3023941040039
      vertex 22.200000381469728 -6 119.32273899315453
    endloop
  endfacet
  facet normal -0.7071067811865475 -1.0051114421456984e-14 0.7071067811865475
    outer loop
      vertex 18.91238784790039 -5 107.66974830627441
      vertex 19.30239410400391 -6 108.05975456237792
      vertex 19.330251693725586 -5 108.08761215209961
    endloop
  endfacet
  facet normal -0.7071067811865475 1.0048178932432025e-14 -0.7071067811865475
    outer loop
      vertex 18.91238784790039 -5 112.33025169372559
      vertex 19.330251693725586 -5 111.91238784790039
      vertex 18.940245437622067 -6 112.3023941040039
    endloop
  endfacet
  facet normal 0 -1 0
    outer loop
      vertex 18.940245437622067 -6 112.3023941040039
      vertex 19.330251693725586 -6 111.91238784790039
      vertex 22.200000381469728 -6 119.32273899315453
    endloop
  endfacet
  facet normal -0.7071067811865346 0 -0.7071067811865603
    outer loop
      vertex 18.940245437622067 -6 112.3023941040039
      vertex 19.330251693725586 -5 111.91238784790039
      vertex 19.330251693725586 -6 111.91238784790039
    endloop
  endfacet
  facet normal -0.7071067811867279 0 0.7071067811863672
    outer loop
      vertex 19.30239410400391 -6 108.05975456237792
      vertex 19.330251693725586 -6 108.08761215209961
      vertex 19.330251693725586 -5 108.08761215209961
    endloop
  endfacet
  facet normal 0 -1 0
    outer loop
      vertex 19.30239410400391 -6 108.05975456237792
      vertex 22.200000381469728 -6 104.923742972801
      vertex 19.330251693725586 -6 108.08761215209961
    endloop
  endfacet
  facet normal -0.8314701121787441 0 0.555569484901274
    outer loop
      vertex 19.330251693725586 -6 108.08761215209961
      vertex 19.636677042643228 -6 108.54621098836262
      vertex 19.330251693725586 -5 108.08761215209961
    endloop
  endfacet
  facet normal 0 -1 0
    outer loop
      vertex 19.330251693725586 -6 108.08761215209961
      vertex 22.200000381469728 -6 104.923742972801
      vertex 19.636677042643228 -6 108.54621098836262
    endloop
  endfacet
  facet normal -0.8314701121788434 0 -0.5555694849011251
    outer loop
      vertex 19.330251693725586 -6 111.91238784790039
      vertex 19.330251693725586 -5 111.91238784790039
      vertex 19.352139218648276 -6 111.8796307881673
    endloop
  endfacet
  facet normal 0 -1 0
    outer loop
      vertex 19.330251693725586 -6 111.91238784790039
      vertex 19.352139218648276 -6 111.8796307881673
      vertex 22.200000381469728 -6 119.32273899315453
    endloop
  endfacet
  facet normal -0.8314701121787506 -6.575499441906509e-15 0.555569484901264
    outer loop
      vertex 19.330251693725586 -5 108.08761215209961
      vertex 19.636677042643228 -6 108.54621098836262
      vertex 19.658564567565918 -5 108.5789680480957
    endloop
  endfacet
  facet normal -0.8314701121787506 6.581370423551069e-15 -0.555569484901264
    outer loop
      vertex 19.330251693725586 -5 111.91238784790039
      vertex 19.658564567565918 -5 111.4210319519043
      vertex 19.352139218648276 -6 111.8796307881673
    endloop
  endfacet
  facet normal 0 -1 0
    outer loop
      vertex 19.352139218648276 -6 111.8796307881673
      vertex 19.658564567565918 -6 111.4210319519043
      vertex 22.200000381469728 -6 119.32273899315453
    endloop
  endfacet
  facet normal -0.8314701121787441 0 -0.555569484901274
    outer loop
      vertex 19.352139218648276 -6 111.8796307881673
      vertex 19.658564567565918 -5 111.4210319519043
      vertex 19.658564567565918 -6 111.4210319519043
    endloop
  endfacet
  facet normal -0.8314701121788434 0 0.5555694849011251
    outer loop
      vertex 19.636677042643228 -6 108.54621098836262
      vertex 19.658564567565918 -6 108.5789680480957
      vertex 19.658564567565918 -5 108.5789680480957
    endloop
  endfacet
  facet normal 0 -1 0
    outer loop
      vertex 19.636677042643228 -6 108.54621098836262
      vertex 22.200000381469728 -6 104.923742972801
      vertex 19.658564567565918 -6 108.5789680480957
    endloop
  endfacet
  facet normal -0.9238789911886609 0 0.3826847392309004
    outer loop
      vertex 19.658564567565918 -6 108.5789680480957
      vertex 19.66633085960222 -6 108.59771746064399
      vertex 19.658564567565918 -5 108.5789680480957
    endloop
  endfacet
  facet normal 0 -1 0
    outer loop
      vertex 19.658564567565918 -6 108.5789680480957
      vertex 22.200000381469728 -6 104.923742972801
      vertex 19.66633085960222 -6 108.59771746064399
    endloop
  endfacet
  facet normal -0.923878991188694 0 -0.38268473923082047
    outer loop
      vertex 19.658564567565918 -6 111.4210319519043
      vertex 19.658564567565918 -5 111.4210319519043
      vertex 19.869634819030765 -6 110.91146532694498
    endloop
  endfacet
  facet normal 0 -1 0
    outer loop
      vertex 19.658564567565918 -6 111.4210319519043
      vertex 19.869634819030765 -6 110.91146532694498
      vertex 22.200000381469728 -6 119.32273899315453
    endloop
  endfacet
  facet normal -0.9238789911887078 -2.4831497925158756e-15 0.38268473923078744
    outer loop
      vertex 19.658564567565918 -5 108.5789680480957
      vertex 19.66633085960222 -6 108.59771746064399
      vertex 19.67364101409912 -6 108.61536566416422
    endloop
  endfacet
  facet normal -0.9238789911886932 -9.980678486676426e-16 0.38268473923082214
    outer loop
      vertex 19.658564567565918 -5 108.5789680480957
      vertex 19.67364101409912 -6 108.61536566416422
      vertex 19.884711265563965 -5 109.12493228912354
    endloop
  endfacet
  facet normal -0.9238789911886932 9.86325873977435e-16 -0.38268473923082214
    outer loop
      vertex 19.658564567565918 -5 111.4210319519043
      vertex 19.884711265563965 -5 110.87506771087646
      vertex 19.869634819030765 -6 110.91146532694498
    endloop
  endfacet
  facet normal 0 -1 0
    outer loop
      vertex 19.66633085960222 -6 108.59771746064399
      vertex 22.200000381469728 -6 104.923742972801
      vertex 19.67364101409912 -6 108.61536566416422
    endloop
  endfacet
  facet normal -0.923878991188694 0 0.38268473923082047
    outer loop
      vertex 19.67364101409912 -6 108.61536566416422
      vertex 19.884711265563965 -6 109.12493228912354
      vertex 19.884711265563965 -5 109.12493228912354
    endloop
  endfacet
  facet normal 0 -1 0
    outer loop
      vertex 19.67364101409912 -6 108.61536566416422
      vertex 22.200000381469728 -6 104.923742972801
      vertex 19.884711265563965 -6 109.12493228912354
    endloop
  endfacet
  facet normal 0 -1 0
    outer loop
      vertex 19.869634819030765 -6 110.91146532694498
      vertex 19.884711265563965 -6 110.87506771087646
      vertex 22.200000381469728 -6 119.32273899315453
    endloop
  endfacet
  facet normal -0.9238789911886836 0 -0.3826847392308456
    outer loop
      vertex 19.869634819030765 -6 110.91146532694498
      vertex 19.884711265563965 -5 110.87506771087646
      vertex 19.884711265563965 -6 110.87506771087646
    endloop
  endfacet
  facet normal -0.9807851548654606 0 0.19509095313605523
    outer loop
      vertex 19.884711265563965 -6 109.12493228912354
      vertex 19.992314084370932 -6 109.66588637034098
      vertex 19.884711265563965 -5 109.12493228912354
    endloop
  endfacet
  facet normal 0 -1 0
    outer loop
      vertex 19.884711265563965 -6 109.12493228912354
      vertex 22.200000381469728 -6 104.923742972801
      vertex 19.992314084370932 -6 109.66588637034098
    endloop
  endfacet
  facet normal -0.9807851548654636 0 -0.1950909531360403
    outer loop
      vertex 19.884711265563965 -6 110.87506771087646
      vertex 19.884711265563965 -5 110.87506771087646
      vertex 19.892397181193033 -6 110.83642813364665
    endloop
  endfacet
  facet normal 0 -1 0
    outer loop
      vertex 19.884711265563965 -6 110.87506771087646
      vertex 19.892397181193033 -6 110.83642813364665
      vertex 22.200000381469728 -6 119.32273899315453
    endloop
  endfacet
  facet normal -0.9807851548654608 -5.636139622676309e-16 0.19509095313605423
    outer loop
      vertex 19.884711265563965 -5 109.12493228912354
      vertex 19.992314084370932 -6 109.66588637034098
      vertex 20 -5 109.7045259475708
    endloop
  endfacet
  facet normal -0.9807851548654608 5.592107281874151e-16 -0.19509095313605423
    outer loop
      vertex 19.884711265563965 -5 110.87506771087646
      vertex 20 -5 110.2954740524292
      vertex 19.892397181193033 -6 110.83642813364665
    endloop
  endfacet
  facet normal 0 -1 0
    outer loop
      vertex 19.892397181193033 -6 110.83642813364665
      vertex 20 -6 110.2954740524292
      vertex 22.200000381469728 -6 119.32273899315453
    endloop
  endfacet
  facet normal -0.9807851548654606 0 -0.19509095313605523
    outer loop
      vertex 19.892397181193033 -6 110.83642813364665
      vertex 20 -5 110.2954740524292
      vertex 20 -6 110.2954740524292
    endloop
  endfacet
  facet normal -0.9807851548654636 0 0.1950909531360403
    outer loop
      vertex 19.992314084370932 -6 109.66588637034098
      vertex 20 -6 109.7045259475708
      vertex 20 -5 109.7045259475708
    endloop
  endfacet
  facet normal 0 -1 0
    outer loop
      vertex 19.992314084370932 -6 109.66588637034098
      vertex 22.200000381469728 -6 104.923742972801
      vertex 20 -6 109.7045259475708
    endloop
  endfacet
  facet normal -1 0 0
    outer loop
      vertex 20 -6 109.7045259475708
      vertex 20 -6 109.74392248789471
      vertex 20 -5 109.7045259475708
    endloop
  endfacet
  facet normal 0 -1 0
    outer loop
      vertex 20 -6 109.7045259475708
      vertex 22.200000381469728 -6 104.923742972801
      vertex 20 -6 109.74392248789471
    endloop
  endfacet
  facet normal -1 0 0
    outer loop
      vertex 20 -6 109.74392248789471
      vertex 20 -6 110.2954740524292
      vertex 20 -5 110.2954740524292
    endloop
  endfacet
  facet normal -1 0 0
    outer loop
      vertex 20 -6 109.74392248789471
      vertex 20 -5 110.2954740524292
      vertex 20 -5 109.7045259475708
    endloop
  endfacet
  facet normal 0 -1 0
    outer loop
      vertex 20 -6 109.74392248789471
      vertex 22.200000381469728 -6 104.923742972801
      vertex 20 -6 110.2954740524292
    endloop
  endfacet
  facet normal 0 -1 0
    outer loop
      vertex 20 -6 110.2954740524292
      vertex 22.200000381469728 -6 104.923742972801
      vertex 22.200000381469728 -6 119.32273899315453
    endloop
  endfacet
  facet normal -1 0 0
    outer loop
      vertex 22.200000381469728 -51.54698257446289 96.21408364211936
      vertex 22.200000381469728 -51.54698257446289 102.21408364211936
      vertex 22.200000381469728 -6 96.72031380232849
    endloop
  endfacet
  facet normal 0 0 -1
    outer loop
      vertex 22.200000381469728 -51.54698257446289 96.21408364211936
      vertex 22.200000381469728 -6 96.21408364211936
      vertex 30.801701929575557 -27.508625250291615 96.21408364211936
    endloop
  endfacet
  facet normal -1 0 0
    outer loop
      vertex 22.200000381469728 -51.54698257446289 96.21408364211936
      vertex 22.200000381469728 -6 96.72031380232849
      vertex 22.200000381469728 -6 96.21408364211936
    endloop
  endfacet
  facet normal -0.9807854329423978 -0.19508955514838086 0
    outer loop
      vertex 22.200000381469728 -51.54698257446289 96.21408364211936
      vertex 22.27685890197754 -51.933378028869626 96.21408364211936
      vertex 22.200000381469728 -51.54698257446289 102.21408364211936
    endloop
  endfacet
  facet normal 0 0 -1
    outer loop
      vertex 22.200000381469728 -51.54698257446289 96.21408364211936
      vertex 22.42762336730957 -52.297354507446286 96.21408364211936
      vertex 22.27685890197754 -51.933378028869626 96.21408364211936
    endloop
  endfacet
  facet normal 0 0 -1
    outer loop
      vertex 22.200000381469728 -51.54698257446289 96.21408364211936
      vertex 24.0030179977417 -53.349999237060544 96.21408364211936
      vertex 22.42762336730957 -52.297354507446286 96.21408364211936
    endloop
  endfacet
  facet normal 0 0 -1
    outer loop
      vertex 22.200000381469728 -51.54698257446289 96.21408364211936
      vertex 30.75000057220459 -36.23145389556885 96.21408364211936
      vertex 30.822247886657713 -36.594666481018066 96.21408364211936
    endloop
  endfacet
  facet normal 0 0 -1
    outer loop
      vertex 22.200000381469728 -51.54698257446289 96.21408364211936
      vertex 30.75000057220459 -35.86112689971924 96.21408364211936
      vertex 30.75000057220459 -36.23145389556885 96.21408364211936
    endloop
  endfacet
  facet normal 0 0 -1
    outer loop
      vertex 22.200000381469728 -51.54698257446289 96.21408364211936
      vertex 30.75000057220459 -35.768545150756836 96.21408364211936
      vertex 30.75000057220459 -35.86112689971924 96.21408364211936
    endloop
  endfacet
  facet normal 0 0 -1
    outer loop
      vertex 22.200000381469728 -51.54698257446289 96.21408364211936
      vertex 30.75000057220459 -28.231454849243164 96.21408364211936
      vertex 30.75000057220459 -35.768545150756836 96.21408364211936
    endloop
  endfacet
  facet normal 0 0 -1
    outer loop
      vertex 22.200000381469728 -51.54698257446289 96.21408364211936
      vertex 30.75000057220459 -27.861127853393555 96.21408364211936
      vertex 30.75000057220459 -28.231454849243164 96.21408364211936
    endloop
  endfacet
  facet normal 0 0 -1
    outer loop
      vertex 22.200000381469728 -51.54698257446289 96.21408364211936
      vertex 30.75000057220459 -27.768546104431152 96.21408364211936
      vertex 30.75000057220459 -27.861127853393555 96.21408364211936
    endloop
  endfacet
  facet normal 0 0 -1
    outer loop
      vertex 22.200000381469728 -51.54698257446289 96.21408364211936
      vertex 30.768062400817875 -27.677742958068848 96.21408364211936
      vertex 30.75000057220459 -27.768546104431152 96.21408364211936
    endloop
  endfacet
  facet normal 0 0 -1
    outer loop
      vertex 22.200000381469728 -51.54698257446289 96.21408364211936
      vertex 30.801701929575557 -27.508625250291615 96.21408364211936
      vertex 30.768062400817875 -27.677742958068848 96.21408364211936
    endloop
  endfacet
  facet normal 0 0 -1
    outer loop
      vertex 22.200000381469728 -51.54698257446289 96.21408364211936
      vertex 30.822247886657713 -36.594666481018066 96.21408364211936
      vertex 30.840309715270998 -36.68546962738037 96.21408364211936
    endloop
  endfacet
  facet normal 0 0 -1
    outer loop
      vertex 22.200000381469728 -51.54698257446289 96.21408364211936
      vertex 30.840309715270998 -36.68546962738037 96.21408364211936
      vertex 30.982028007507324 -37.02760753631591 96.21408364211936
    endloop
  endfacet
  facet normal 0 0 -1
    outer loop
      vertex 22.200000381469728 -51.54698257446289 96.21408364211936
      vertex 30.982028007507324 -37.02760753631591 96.21408364211936
      vertex 31.017457580566408 -37.113142013549805 96.21408364211936
    endloop
  endfacet
  facet normal 0 0 -1
    outer loop
      vertex 22.200000381469728 -51.54698257446289 96.21408364211936
      vertex 31.017457580566408 -37.113142013549805 96.21408364211936
      vertex 31.06889324188233 -37.19012107849122 96.21408364211936
    endloop
  endfacet
  facet normal 0 0 -1
    outer loop
      vertex 22.200000381469728 -51.54698257446289 96.21408364211936
      vertex 31.06889324188233 -37.19012107849122 96.21408364211936
      vertex 31.274635887145998 -37.498037338256836 96.21408364211936
    endloop
  endfacet
  facet normal 0 0 -1
    outer loop
      vertex 22.200000381469728 -51.54698257446289 96.21408364211936
      vertex 31.274635887145998 -37.498037338256836 96.21408364211936
      vertex 31.34010124206543 -37.563502693176275 96.21408364211936
    endloop
  endfacet
  facet normal 0 0 -1
    outer loop
      vertex 22.200000381469728 -51.54698257446289 96.21408364211936
      vertex 31.34010124206543 -37.563502693176275 96.21408364211936
      vertex 31.601962661743165 -37.825364112854004 96.21408364211936
    endloop
  endfacet
  facet normal 0 0 -1
    outer loop
      vertex 22.200000381469728 -51.54698257446289 96.21408364211936
      vertex 31.601962661743165 -37.825364112854004 96.21408364211936
      vertex 31.67894172668457 -37.876799774169925 96.21408364211936
    endloop
  endfacet
  facet normal 0 0 -1
    outer loop
      vertex 22.200000381469728 -51.54698257446289 96.21408364211936
      vertex 31.67894172668457 -37.876799774169925 96.21408364211936
      vertex 31.986857986450197 -38.082542419433594 96.21408364211936
    endloop
  endfacet
  facet normal 0 0 -1
    outer loop
      vertex 22.200000381469728 -51.54698257446289 96.21408364211936
      vertex 31.986857986450197 -38.082542419433594 96.21408364211936
      vertex 32.328995895385745 -38.22426071166993 96.21408364211936
    endloop
  endfacet
  facet normal 0 0 -1
    outer loop
      vertex 22.200000381469728 -51.54698257446289 96.21408364211936
      vertex 32.328995895385745 -38.22426071166993 96.21408364211936
      vertex 32.41453037261963 -38.259690284729004 96.21408364211936
    endloop
  endfacet
  facet normal 0 0 -1
    outer loop
      vertex 22.200000381469728 -51.54698257446289 96.21408364211936
      vertex 32.41453037261963 -38.259690284729004 96.21408364211936
      vertex 32.505333518981935 -38.27775211334229 96.21408364211936
    endloop
  endfacet
  facet normal 0 0 -1
    outer loop
      vertex 22.200000381469728 -51.54698257446289 96.21408364211936
      vertex 32.505333518981935 -38.27775211334229 96.21408364211936
      vertex 32.868546104431154 -38.34999942779541 96.21408364211936
    endloop
  endfacet
  facet normal 0 0 -1
    outer loop
      vertex 22.200000381469728 -51.54698257446289 96.21408364211936
      vertex 32.868546104431154 -38.34999942779541 96.21408364211936
      vertex 39.999999618530275 -51.54698257446289 96.21408364211936
    endloop
  endfacet
  facet normal 0 0 -1
    outer loop
      vertex 22.200000381469728 -51.54698257446289 96.21408364211936
      vertex 39.999999618530275 -51.54698257446289 96.21408364211936
      vertex 24.0030179977417 -53.349999237060544 96.21408364211936
    endloop
  endfacet
  facet normal -1 0 0
    outer loop
      vertex 22.200000381469728 -51.54698257446289 102.21408364211936
      vertex 22.200000381469728 -6 102.21408364211936
      vertex 22.200000381469728 -6 96.72031380232849
    endloop
  endfacet
  facet normal -1 0 0
    outer loop
      vertex 22.200000381469728 -51.54698257446289 102.21408364211936
      vertex 22.200000381469728 -6 104.923742972801
      vertex 22.200000381469728 -6 102.21408364211936
    endloop
  endfacet
  facet normal -1 0 0
    outer loop
      vertex 22.200000381469728 -51.54698257446289 102.21408364211936
      vertex 22.200000381469728 -6 119.32273899315453
      vertex 22.200000381469728 -6 104.923742972801
    endloop
  endfacet
  facet normal -0.8703906595722412 -0.1731329074004486 0.46091766738156903
    outer loop
      vertex 22.200000381469728 -51.54698257446289 102.21408364211936
      vertex 22.274541448063324 -6 119.463501330355
      vertex 22.200000381469728 -6 119.32273899315453
    endloop
  endfacet
  facet normal -0.9807854329423978 -0.19508955514838086 0
    outer loop
      vertex 22.200000381469728 -51.54698257446289 102.21408364211936
      vertex 22.27685890197754 -51.933378028869626 96.21408364211936
      vertex 22.27685890197754 -51.933378028869626 102.21408364211936
    endloop
  endfacet
  facet normal 0 0 1
    outer loop
      vertex 22.200000381469728 -51.54698257446289 102.21408364211936
      vertex 22.27685890197754 -51.933378028869626 102.21408364211936
      vertex 22.276859855651857 -51.933378028869626 102.21408364211936
    endloop
  endfacet
  facet normal -0.8703906595722324 -0.17313290740045395 0.46091766738158346
    outer loop
      vertex 22.200000381469728 -51.54698257446289 102.21408364211936
      vertex 22.276859855651857 -51.933378028869626 102.21408364211936
      vertex 22.276859855651857 -6 119.46787937973983
    endloop
  endfacet
  facet normal -0.870390659571774 -0.17313290740074225 0.460917667382341
    outer loop
      vertex 22.200000381469728 -51.54698257446289 102.21408364211936
      vertex 22.276859855651857 -6 119.46787937973983
      vertex 22.274541448063324 -6 119.463501330355
    endloop
  endfacet
  facet normal 0 0 -1
    outer loop
      vertex 22.200000381469728 -6 96.21408364211936
      vertex 30.840309715270998 -27.31453037261963 96.21408364211936
      vertex 30.801701929575557 -27.508625250291615 96.21408364211936
    endloop
  endfacet
  facet normal 0 0 -1
    outer loop
      vertex 22.200000381469728 -6 96.21408364211936
      vertex 30.982028007507324 -26.97239246368408 96.21408364211936
      vertex 30.840309715270998 -27.31453037261963 96.21408364211936
    endloop
  endfacet
  facet normal 0 0 -1
    outer loop
      vertex 22.200000381469728 -6 96.21408364211936
      vertex 31.017457580566408 -26.886857986450195 96.21408364211936
      vertex 30.982028007507324 -26.97239246368408 96.21408364211936
    endloop
  endfacet
  facet normal 0 0 -1
    outer loop
      vertex 22.200000381469728 -6 96.21408364211936
      vertex 31.03195335912539 -26.865163476250075 96.21408364211936
      vertex 31.017457580566408 -26.886857986450195 96.21408364211936
    endloop
  endfacet
  facet normal 0 0 -1
    outer loop
      vertex 22.200000381469728 -6 96.21408364211936
      vertex 38.49818354094705 -6 96.21408364211936
      vertex 31.03195335912539 -26.865163476250075 96.21408364211936
    endloop
  endfacet
  facet normal 0 -1 0
    outer loop
      vertex 22.200000381469728 -6 96.21408364211936
      vertex 40.19698238372803 -6 96.21408271789551
      vertex 38.49818354094705 -6 96.21408364211936
    endloop
  endfacet
  facet normal -0.9238791093574825 -0.38268445394714545 0
    outer loop
      vertex 22.27685890197754 -51.933378028869626 96.21408364211936
      vertex 22.42762336730957 -52.297354507446286 96.21408364211936
      vertex 22.42762336730957 -52.297354507446286 102.21408364211936
    endloop
  endfacet
  facet normal -0.9238791093574825 -0.38268445394714545 0
    outer loop
      vertex 22.27685890197754 -51.933378028869626 96.21408364211936
      vertex 22.42762336730957 -52.297354507446286 102.21408364211936
      vertex 22.27685890197754 -51.933378028869626 102.21408364211936
    endloop
  endfacet
  facet normal 0 0 1
    outer loop
      vertex 22.27685890197754 -51.933378028869626 102.21408364211936
      vertex 22.42762336730957 -52.297354507446286 102.21408364211936
      vertex 22.276859855651857 -51.933378028869626 102.21408364211936
    endloop
  endfacet
  facet normal -0.6471737772829687 -0.26806829177721475 0.7136564249980103
    outer loop
      vertex 22.276859855651857 -51.933378028869626 102.21408364211936
      vertex 22.424246692955798 -6 119.60153598658681
      vertex 22.276859855651857 -6 119.46787937973983
    endloop
  endfacet
  facet normal 0 0 1
    outer loop
      vertex 22.276859855651857 -51.933378028869626 102.21408364211936
      vertex 22.42762336730957 -52.297354507446286 102.21408364211936
      vertex 22.427624320983888 -52.297354507446286 102.21408364211936
    endloop
  endfacet
  facet normal -0.6471727984422534 -0.26806858870697764 0.7136572011162443
    outer loop
      vertex 22.276859855651857 -51.933378028869626 102.21408364211936
      vertex 22.427624320983888 -52.297354507446286 102.21408364211936
      vertex 22.424246692955798 -6 119.60153598658681
    endloop
  endfacet
  facet normal -0.6471727984417209 -0.26806858870713657 0.7136572011166675
    outer loop
      vertex 22.424246692955798 -6 119.60153598658681
      vertex 22.427624320983888 -52.297354507446286 102.21408364211936
      vertex 22.427624320983888 -6 119.60459895432484
    endloop
  endfacet
  facet normal -0.8314696157560885 -0.5555702278510096 0
    outer loop
      vertex 22.42762336730957 -52.297354507446286 96.21408364211936
      vertex 22.646499252319337 -52.624925422668454 96.21408364211936
      vertex 22.42762336730957 -52.297354507446286 102.21408364211936
    endloop
  endfacet
  facet normal 0 0 -1
    outer loop
      vertex 22.42762336730957 -52.297354507446286 96.21408364211936
      vertex 23.252645111083986 -53.1223762512207 96.21408364211936
      vertex 22.646499252319337 -52.624925422668454 96.21408364211936
    endloop
  endfacet
  facet normal 0 0 -1
    outer loop
      vertex 22.42762336730957 -52.297354507446286 96.21408364211936
      vertex 24.0030179977417 -53.349999237060544 96.21408364211936
      vertex 23.252645111083986 -53.1223762512207 96.21408364211936
    endloop
  endfacet
  facet normal -0.8314696157560885 -0.5555702278510096 0
    outer loop
      vertex 22.42762336730957 -52.297354507446286 102.21408364211936
      vertex 22.646499252319337 -52.624925422668454 96.21408364211936
      vertex 22.646499252319337 -52.624925422668454 102.21408364211936
    endloop
  endfacet
  facet normal 0 0 1
    outer loop
      vertex 22.42762336730957 -52.297354507446286 102.21408364211936
      vertex 22.646499252319337 -52.624925422668454 102.21408364211936
      vertex 22.427624320983888 -52.297354507446286 102.21408364211936
    endloop
  endfacet
  facet normal -0.4657113547022899 -0.3111770186112805 0.8284212679485918
    outer loop
      vertex 22.427624320983888 -52.297354507446286 102.21408364211936
      vertex 22.646499252319337 -52.624925422668454 102.21408364211936
      vertex 22.427624320983888 -6 119.60459895432484
    endloop
  endfacet
  facet normal -0.4657113547032402 -0.3111770186111097 0.8284212679481219
    outer loop
      vertex 22.427624320983888 -6 119.60459895432484
      vertex 22.646499252319337 -52.624925422668454 102.21408364211936
      vertex 22.432456727058224 -6 119.60731557504238
    endloop
  endfacet
  facet normal -0.46571028648053947 -0.31117721079791894 0.828421796276656
    outer loop
      vertex 22.432456727058224 -6 119.60731557504238
      vertex 22.646499252319337 -52.624925422668454 102.21408364211936
      vertex 22.646499252319337 -6 119.72764293268361
    endloop
  endfacet
  facet normal -0.7071067811865475 -0.7071067811865475 0
    outer loop
      vertex 22.646499252319337 -52.624925422668454 96.21408364211936
      vertex 22.925075149536134 -52.90350131988525 96.21408364211936
      vertex 22.646499252319337 -52.624925422668454 102.21408364211936
    endloop
  endfacet
  facet normal 0 0 -1
    outer loop
      vertex 22.646499252319337 -52.624925422668454 96.21408364211936
      vertex 23.252645111083986 -53.1223762512207 96.21408364211936
      vertex 22.925075149536134 -52.90350131988525 96.21408364211936
    endloop
  endfacet
  facet normal -0.3317263529099929 -0.3317263529080404 0.8831281071120798
    outer loop
      vertex 22.646499252319337 -52.624925422668454 102.21408364211936
      vertex 22.650740154763902 -6 119.7292359281841
      vertex 22.646499252319337 -6 119.72764293268361
    endloop
  endfacet
  facet normal -0.7071067811865475 -0.7071067811865475 0
    outer loop
      vertex 22.646499252319337 -52.624925422668454 102.21408364211936
      vertex 22.925075149536134 -52.90350131988525 96.21408364211936
      vertex 22.925075149536134 -52.90350131988525 102.21408364211936
    endloop
  endfacet
  facet normal -0.33172635290825514 -0.33172635290825514 0.8831281071126519
    outer loop
      vertex 22.646499252319337 -52.624925422668454 102.21408364211936
      vertex 22.925075149536134 -52.90350131988525 102.21408364211936
      vertex 22.925075149536134 -6 119.83228343234339
    endloop
  endfacet
  facet normal -0.3317263529081937 -0.33172635290826313 0.8831281071126721
    outer loop
      vertex 22.646499252319337 -52.624925422668454 102.21408364211936
      vertex 22.925075149536134 -6 119.83228343234339
      vertex 22.650740154763902 -6 119.7292359281841
    endloop
  endfacet
  facet normal -0.5555696725354892 -0.8314699868057832 0
    outer loop
      vertex 22.925075149536134 -52.90350131988525 96.21408364211936
      vertex 23.252645111083986 -53.1223762512207 96.21408364211936
      vertex 23.252645111083986 -53.1223762512207 102.21408364211936
    endloop
  endfacet
  facet normal -0.5555696725354892 -0.8314699868057832 0
    outer loop
      vertex 22.925075149536134 -52.90350131988525 96.21408364211936
      vertex 23.252645111083986 -53.1223762512207 102.21408364211936
      vertex 22.925075149536134 -52.90350131988525 102.21408364211936
    endloop
  endfacet
  facet normal -0.2287281087821736 -0.34231581029343117 0.9113195588135272
    outer loop
      vertex 22.925075149536134 -52.90350131988525 102.21408364211936
      vertex 23.251064043913566 -6 119.91410195864827
      vertex 22.925075149536134 -6 119.83228343234339
    endloop
  endfacet
  facet normal 0 0 1
    outer loop
      vertex 22.925075149536134 -52.90350131988525 102.21408364211936
      vertex 23.252645111083986 -53.1223762512207 102.21408364211936
      vertex 23.252646064758302 -53.1223762512207 102.21408364211936
    endloop
  endfacet
  facet normal -0.22872716814466623 -0.3423158940504403 0.9113197634381519
    outer loop
      vertex 22.925075149536134 -52.90350131988525 102.21408364211936
      vertex 23.252646064758302 -53.1223762512207 102.21408364211936
      vertex 23.251064043913566 -6 119.91410195864827
    endloop
  endfacet
  facet normal -0.22872716815499794 -0.34231589404958696 0.9113197634358794
    outer loop
      vertex 23.251064043913566 -6 119.91410195864827
      vertex 23.252646064758302 -53.1223762512207 102.21408364211936
      vertex 23.252646064758302 -6 119.91449902141625
    endloop
  endfacet
  facet normal -0.38268445394714545 -0.9238791093574825 0
    outer loop
      vertex 23.252645111083986 -53.1223762512207 96.21408364211936
      vertex 23.616621589660646 -53.27314071655273 96.21408364211936
      vertex 23.252645111083986 -53.1223762512207 102.21408364211936
    endloop
  endfacet
  facet normal 0 0 -1
    outer loop
      vertex 23.252645111083986 -53.1223762512207 96.21408364211936
      vertex 24.0030179977417 -53.349999237060544 96.21408364211936
      vertex 23.616621589660646 -53.27314071655273 96.21408364211936
    endloop
  endfacet
  facet normal -0.38268445394714545 -0.9238791093574825 0
    outer loop
      vertex 23.252645111083986 -53.1223762512207 102.21408364211936
      vertex 23.616621589660646 -53.27314071655273 96.21408364211936
      vertex 23.616621589660646 -53.27314071655273 102.21408364211936
    endloop
  endfacet
  facet normal 0 0 1
    outer loop
      vertex 23.252645111083986 -53.1223762512207 102.21408364211936
      vertex 23.616621589660646 -53.27314071655273 102.21408364211936
      vertex 23.252646064758302 -53.1223762512207 102.21408364211936
    endloop
  endfacet
  facet normal 0 0 1
    outer loop
      vertex 23.252646064758302 -53.1223762512207 102.21408364211936
      vertex 23.616621589660646 -53.27314071655273 102.21408364211936
      vertex 23.616622543334962 -53.27314071655273 102.21408364211936
    endloop
  endfacet
  facet normal -0.14413266218969978 -0.3479659395610942 0.9263614200707383
    outer loop
      vertex 23.252646064758302 -53.1223762512207 102.21408364211936
      vertex 23.616622543334962 -53.27314071655273 102.21408364211936
      vertex 23.252646064758302 -6 119.91449902141625
    endloop
  endfacet
  facet normal -0.14413266219159626 -0.3479659395610101 0.9263614200704748
    outer loop
      vertex 23.252646064758302 -6 119.91449902141625
      vertex 23.616622543334962 -53.27314071655273 102.21408364211936
      vertex 23.254390229062416 -6 119.9147703961076
    endloop
  endfacet
  facet normal -0.14413176691443202 -0.34796597927270057 0.9263615444495277
    outer loop
      vertex 23.254390229062416 -6 119.9147703961076
      vertex 23.616622543334962 -53.27314071655273 102.21408364211936
      vertex 23.616622543334962 -6 119.97112979898051
    endloop
  endfacet
  facet normal -0.1950890919691262 -0.9807855250739898 0
    outer loop
      vertex 23.616621589660646 -53.27314071655273 96.21408364211936
      vertex 24.0030179977417 -53.349999237060544 96.21408364211936
      vertex 23.616621589660646 -53.27314071655273 102.21408364211936
    endloop
  endfacet
  facet normal -0.1950890919691262 -0.9807855250739898 0
    outer loop
      vertex 23.616621589660646 -53.27314071655273 102.21408364211936
      vertex 24.0030179977417 -53.349999237060544 96.21408364211936
      vertex 24.0030179977417 -53.349999237060544 102.21408364211936
    endloop
  endfacet
  facet normal 0 0 1
    outer loop
      vertex 23.616621589660646 -53.27314071655273 102.21408364211936
      vertex 24.0030179977417 -53.349999237060544 102.21408364211936
      vertex 23.616622543334962 -53.27314071655273 102.21408364211936
    endloop
  endfacet
  facet normal -0.06977517431847395 -0.350780570306762 0.9338546013936482
    outer loop
      vertex 23.616622543334962 -53.27314071655273 102.21408364211936
      vertex 24.003014162217973 -6 119.99999997054954
      vertex 23.616622543334962 -6 119.97112979898051
    endloop
  endfacet
  facet normal -0.06977431398686006 -0.35078059765840475 0.9338546554009758
    outer loop
      vertex 23.616622543334962 -53.27314071655273 102.21408364211936
      vertex 24.0030179977417 -53.349999237060544 102.21408364211936
      vertex 24.0030179977417 -6.000000762939454 119.99999997054954
    endloop
  endfacet
  facet normal -0.0697751742557082 -0.35078057030915216 0.93385460139744
    outer loop
      vertex 23.616622543334962 -53.27314071655273 102.21408364211936
      vertex 24.0030179977417 -6.000000762939454 119.99999997054954
      vertex 24.003014162217973 -6 119.99999997054954
    endloop
  endfacet
  facet normal 0 0 1
    outer loop
      vertex 24.003014162217973 -6 119.99999997054954
      vertex 24.0030179977417 -6.000000762939454 119.99999997054954
      vertex 24.003021833292905 -6 119.99999997054954
    endloop
  endfacet
  facet normal 0 -1 0
    outer loop
      vertex 24.0030179977417 -53.349999237060544 96.21408364211936
      vertex 24.396982765197755 -53.349999237060544 102.21408364211936
      vertex 24.0030179977417 -53.349999237060544 102.21408364211936
    endloop
  endfacet
  facet normal 0 -1 0
    outer loop
      vertex 24.0030179977417 -53.349999237060544 96.21408364211936
      vertex 38.1969820022583 -53.349999237060544 96.21408364211936
      vertex 24.396982765197755 -53.349999237060544 102.21408364211936
    endloop
  endfacet
  facet normal 0 0 -1
    outer loop
      vertex 24.0030179977417 -53.349999237060544 96.21408364211936
      vertex 39.999999618530275 -51.54698257446289 96.21408364211936
      vertex 38.1969820022583 -53.349999237060544 96.21408364211936
    endloop
  endfacet
  facet normal 0 -0.3516376079263275 0.9361362041347672
    outer loop
      vertex 24.0030179977417 -53.349999237060544 102.21408364211936
      vertex 24.396982765197755 -53.349999237060544 102.21408364211936
      vertex 24.396982765197755 -6.000000762939454 119.99999997054954
    endloop
  endfacet
  facet normal 0 -0.3516376079263275 0.9361362041347672
    outer loop
      vertex 24.0030179977417 -53.349999237060544 102.21408364211936
      vertex 24.396982765197755 -6.000000762939454 119.99999997054954
      vertex 24.0030179977417 -6.000000762939454 119.99999997054954
    endloop
  endfacet
  facet normal 0 0 1
    outer loop
      vertex 24.0030179977417 -6.000000762939454 119.99999997054954
      vertex 24.396982765197755 -6.000000762939454 119.99999997054954
      vertex 24.003021833292905 -6 119.99999997054954
    endloop
  endfacet
  facet normal 0 0 1
    outer loop
      vertex 24.003021833292905 -6 119.99999997054954
      vertex 24.396982765197755 -6.000000762939454 119.99999997054954
      vertex 24.396985280270435 -6 119.99999997054954
    endloop
  endfacet
  facet normal 0.06977431398686006 -0.35078059765840475 0.9338546554009758
    outer loop
      vertex 24.396982765197755 -53.349999237060544 102.21408364211936
      vertex 24.783378219604494 -53.27314071655273 102.21408364211936
      vertex 24.396982765197755 -6.000000762939454 119.99999997054954
    endloop
  endfacet
  facet normal 0 -1 0
    outer loop
      vertex 24.396982765197755 -53.349999237060544 102.21408364211936
      vertex 38.1969820022583 -53.349999237060544 96.21408364211936
      vertex 38.1969820022583 -53.349999237060544 102.21408364211936
    endloop
  endfacet
  facet normal 0 0 1
    outer loop
      vertex 24.396982765197755 -53.349999237060544 102.21408364211936
      vertex 38.1969820022583 -53.349999237060544 102.21408364211936
      vertex 24.783378219604494 -53.27314071655273 102.21408364211936
    endloop
  endfacet
  facet normal 0 0 1
    outer loop
      vertex 24.396982765197755 -6.000000762939454 119.99999997054954
      vertex 24.396986600721483 -6 119.99999997054954
      vertex 24.396985280270435 -6 119.99999997054954
    endloop
  endfacet
  facet normal 0.06977517431979138 -0.3507805703067201 0.9338546013935654
    outer loop
      vertex 24.396982765197755 -6.000000762939454 119.99999997054954
      vertex 24.783378219604494 -53.27314071655273 102.21408364211936
      vertex 24.396986600721483 -6 119.99999997054954
    endloop
  endfacet
  facet normal 0.06977517431847093 -0.35078057030676213 0.9338546013936483
    outer loop
      vertex 24.396986600721483 -6 119.99999997054954
      vertex 24.783378219604494 -53.27314071655273 102.21408364211936
      vertex 24.783378219604494 -6 119.97112979898051
    endloop
  endfacet
  facet normal 0 -1 0
    outer loop
      vertex 24.396986600721483 -6 119.99999997054954
      vertex 24.783378219604494 -6 119.97112979898051
      vertex 40.19698238372803 -6 120
    endloop
  endfacet
  facet normal 0.144131766914432 -0.34796597927270057 0.9263615444495277
    outer loop
      vertex 24.783378219604494 -53.27314071655273 102.21408364211936
      vertex 25.14561053387704 -6 119.9147703961076
      vertex 24.783378219604494 -6 119.97112979898051
    endloop
  endfacet
  facet normal 0.14413266218969978 -0.3479659395610942 0.9263614200707383
    outer loop
      vertex 24.783378219604494 -53.27314071655273 102.21408364211936
      vertex 25.147354698181154 -53.1223762512207 102.21408364211936
      vertex 25.147354698181154 -6 119.91449902141625
    endloop
  endfacet
  facet normal 0.14413266219092505 -0.3479659395610572 0.9263614200705614
    outer loop
      vertex 24.783378219604494 -53.27314071655273 102.21408364211936
      vertex 25.147354698181154 -6 119.91449902141625
      vertex 25.14561053387704 -6 119.9147703961076
    endloop
  endfacet
  facet normal 0 0 1
    outer loop
      vertex 24.783378219604494 -53.27314071655273 102.21408364211936
      vertex 38.1969820022583 -53.349999237060544 102.21408364211936
      vertex 25.147354698181154 -53.1223762512207 102.21408364211936
    endloop
  endfacet
  facet normal 0 -1 0
    outer loop
      vertex 24.783378219604494 -6 119.97112979898051
      vertex 25.14561053387704 -6 119.9147703961076
      vertex 40.19698238372803 -6 120
    endloop
  endfacet
  facet normal 0 -1 0
    outer loop
      vertex 25.14561053387704 -6 119.9147703961076
      vertex 25.147354698181154 -6 119.91449902141625
      vertex 40.19698238372803 -6 120
    endloop
  endfacet
  facet normal 0.22872716815516753 -0.34231589404957297 0.9113197634358422
    outer loop
      vertex 25.147354698181154 -53.1223762512207 102.21408364211936
      vertex 25.14893671902589 -6 119.91410195864827
      vertex 25.147354698181154 -6 119.91449902141625
    endloop
  endfacet
  facet normal 0.22872716814466623 -0.3423158940504403 0.9113197634381519
    outer loop
      vertex 25.147354698181154 -53.1223762512207 102.21408364211936
      vertex 25.47492561340332 -52.90350131988525 102.21408364211936
      vertex 25.14893671902589 -6 119.91410195864827
    endloop
  endfacet
  facet normal 0 0 1
    outer loop
      vertex 25.147354698181154 -53.1223762512207 102.21408364211936
      vertex 38.1969820022583 -53.349999237060544 102.21408364211936
      vertex 25.47492561340332 -52.90350131988525 102.21408364211936
    endloop
  endfacet
  facet normal 0 -1 0
    outer loop
      vertex 25.147354698181154 -6 119.91449902141625
      vertex 25.14893671902589 -6 119.91410195864827
      vertex 40.19698238372803 -6 120
    endloop
  endfacet
  facet normal 0.2287281087821739 -0.34231581029343106 0.911319558813527
    outer loop
      vertex 25.14893671902589 -6 119.91410195864827
      vertex 25.47492561340332 -52.90350131988525 102.21408364211936
      vertex 25.47492561340332 -6 119.83228343234339
    endloop
  endfacet
  facet normal 0 -1 0
    outer loop
      vertex 25.14893671902589 -6 119.91410195864827
      vertex 25.47492561340332 -6 119.83228343234339
      vertex 40.19698238372803 -6 120
    endloop
  endfacet
  facet normal 0.33172635290825514 -0.33172635290825514 0.8831281071126519
    outer loop
      vertex 25.47492561340332 -52.90350131988525 102.21408364211936
      vertex 25.75350151062012 -52.624925422668454 102.21408364211936
      vertex 25.47492561340332 -6 119.83228343234339
    endloop
  endfacet
  facet normal 0 0 1
    outer loop
      vertex 25.47492561340332 -52.90350131988525 102.21408364211936
      vertex 38.1969820022583 -53.349999237060544 102.21408364211936
      vertex 25.75350151062012 -52.624925422668454 102.21408364211936
    endloop
  endfacet
  facet normal 0 -1 0
    outer loop
      vertex 25.47492561340332 -6 119.83228343234339
      vertex 25.477568057622918 -6 119.83129086017107
      vertex 40.19698238372803 -6 120
    endloop
  endfacet
  facet normal 0.33172635290333147 -0.33172635290889285 0.8831281071142617
    outer loop
      vertex 25.47492561340332 -6 119.83228343234339
      vertex 25.75350151062012 -52.624925422668454 102.21408364211936
      vertex 25.477568057622918 -6 119.83129086017107
    endloop
  endfacet
  facet normal 0.33172635290827224 -0.3317263529082532 0.8831281071126462
    outer loop
      vertex 25.477568057622918 -6 119.83129086017107
      vertex 25.75350151062012 -52.624925422668454 102.21408364211936
      vertex 25.75350151062012 -6 119.72764293268361
    endloop
  endfacet
  facet normal 0 -1 0
    outer loop
      vertex 25.477568057622918 -6 119.83129086017107
      vertex 25.75350151062012 -6 119.72764293268361
      vertex 40.19698238372803 -6 120
    endloop
  endfacet
  facet normal 0.4657102864805436 -0.31117721079791816 0.8284217962766539
    outer loop
      vertex 25.75350151062012 -52.624925422668454 102.21408364211936
      vertex 25.967544035881232 -6 119.60731557504238
      vertex 25.75350151062012 -6 119.72764293268361
    endloop
  endfacet
  facet normal 0.4657113547022899 -0.3111770186112805 0.8284212679485918
    outer loop
      vertex 25.75350151062012 -52.624925422668454 102.21408364211936
      vertex 25.972376441955568 -52.297354507446286 102.21408364211936
      vertex 25.972376441955568 -6 119.60459895432484
    endloop
  endfacet
  facet normal 0.46571135470316327 -0.3111770186111235 0.8284212679481601
    outer loop
      vertex 25.75350151062012 -52.624925422668454 102.21408364211936
      vertex 25.972376441955568 -6 119.60459895432484
      vertex 25.967544035881232 -6 119.60731557504238
    endloop
  endfacet
  facet normal 0 0 1
    outer loop
      vertex 25.75350151062012 -52.624925422668454 102.21408364211936
      vertex 38.1969820022583 -53.349999237060544 102.21408364211936
      vertex 25.972376441955568 -52.297354507446286 102.21408364211936
    endloop
  endfacet
  facet normal 0 -1 0
    outer loop
      vertex 25.75350151062012 -6 119.72764293268361
      vertex 25.967544035881232 -6 119.60731557504238
      vertex 40.19698238372803 -6 120
    endloop
  endfacet
  facet normal 0 -1 0
    outer loop
      vertex 25.967544035881232 -6 119.60731557504238
      vertex 25.972376441955568 -6 119.60459895432484
      vertex 40.19698238372803 -6 120
    endloop
  endfacet
  facet normal 0.6471727984417591 -0.2680685887071252 0.7136572011166372
    outer loop
      vertex 25.972376441955568 -52.297354507446286 102.21408364211936
      vertex 25.975754069983658 -6 119.60153598658681
      vertex 25.972376441955568 -6 119.60459895432484
    endloop
  endfacet
  facet normal 0.6471727984422534 -0.26806858870697764 0.7136572011162443
    outer loop
      vertex 25.972376441955568 -52.297354507446286 102.21408364211936
      vertex 26.1231409072876 -51.933378028869626 102.21408364211936
      vertex 25.975754069983658 -6 119.60153598658681
    endloop
  endfacet
  facet normal 0 0 1
    outer loop
      vertex 25.972376441955568 -52.297354507446286 102.21408364211936
      vertex 38.1969820022583 -53.349999237060544 102.21408364211936
      vertex 26.1231409072876 -51.933378028869626 102.21408364211936
    endloop
  endfacet
  facet normal 0 -1 0
    outer loop
      vertex 25.972376441955568 -6 119.60459895432484
      vertex 25.975754069983658 -6 119.60153598658681
      vertex 40.19698238372803 -6 120
    endloop
  endfacet
  facet normal 0.647173777282973 -0.2680682917772135 0.7136564249980067
    outer loop
      vertex 25.975754069983658 -6 119.60153598658681
      vertex 26.1231409072876 -51.933378028869626 102.21408364211936
      vertex 26.1231409072876 -6 119.46787937973983
    endloop
  endfacet
  facet normal 0 -1 0
    outer loop
      vertex 25.975754069983658 -6 119.60153598658681
      vertex 26.1231409072876 -6 119.46787937973983
      vertex 40.19698238372803 -6 120
    endloop
  endfacet
  facet normal 0.8703906595722324 -0.17313290740045395 0.46091766738158346
    outer loop
      vertex 26.1231409072876 -51.933378028869626 102.21408364211936
      vertex 26.200000381469728 -51.54698257446289 102.21408364211936
      vertex 26.1231409072876 -6 119.46787937973983
    endloop
  endfacet
  facet normal 0 0 1
    outer loop
      vertex 26.1231409072876 -51.933378028869626 102.21408364211936
      vertex 38.1969820022583 -53.349999237060544 102.21408364211936
      vertex 26.200000381469728 -51.54698257446289 102.21408364211936
    endloop
  endfacet
  facet normal 0 -1 0
    outer loop
      vertex 26.1231409072876 -6 119.46787937973983
      vertex 26.197097377846795 -6 119.32822098574653
      vertex 40.19698238372803 -6 120
    endloop
  endfacet
  facet normal 0.8703906595722241 -0.1731329074004592 0.4609176673815973
    outer loop
      vertex 26.1231409072876 -6 119.46787937973983
      vertex 26.200000381469728 -51.54698257446289 102.21408364211936
      vertex 26.197097377846795 -6 119.32822098574653
    endloop
  endfacet
  facet normal 0.870390659572285 -0.1731329074004213 0.4609176673814964
    outer loop
      vertex 26.197097377846795 -6 119.32822098574653
      vertex 26.200000381469728 -51.54698257446289 102.21408364211936
      vertex 26.200000381469728 -6 119.32273899315453
    endloop
  endfacet
  facet normal 0 -1 0
    outer loop
      vertex 26.197097377846795 -6 119.32822098574653
      vertex 26.200000381469728 -6 119.32273899315453
      vertex 40.19698238372803 -6 120
    endloop
  endfacet
  facet normal 1 0 0
    outer loop
      vertex 26.200000381469728 -51.54698257446289 102.21408364211936
      vertex 26.200000381469728 -6 102.21408364211936
      vertex 26.200000381469728 -6 108.27458413612655
    endloop
  endfacet
  facet normal 1 0 0
    outer loop
      vertex 26.200000381469728 -51.54698257446289 102.21408364211936
      vertex 26.200000381469728 -6 108.27458413612655
      vertex 26.200000381469728 -6 118.49937209181502
    endloop
  endfacet
  facet normal 1 0 0
    outer loop
      vertex 26.200000381469728 -51.54698257446289 102.21408364211936
      vertex 26.200000381469728 -6 118.49937209181502
      vertex 26.200000381469728 -6 119.32273899315453
    endloop
  endfacet
  facet normal 0 0 1
    outer loop
      vertex 26.200000381469728 -51.54698257446289 102.21408364211936
      vertex 27.364329685580202 -6 102.21408364211936
      vertex 26.200000381469728 -6 102.21408364211936
    endloop
  endfacet
  facet normal 0 0 1
    outer loop
      vertex 26.200000381469728 -51.54698257446289 102.21408364211936
      vertex 30.75000057220459 -36.23145389556885 102.21408364211936
      vertex 30.75000057220459 -35.99999952316284 102.21408364211936
    endloop
  endfacet
  facet normal 0 0 1
    outer loop
      vertex 26.200000381469728 -51.54698257446289 102.21408364211936
      vertex 30.75000057220459 -35.99999952316284 102.21408364211936
      vertex 30.75000057220459 -35.768545150756836 102.21408364211936
    endloop
  endfacet
  facet normal 0 0 1
    outer loop
      vertex 26.200000381469728 -51.54698257446289 102.21408364211936
      vertex 30.75000057220459 -35.768545150756836 102.21408364211936
      vertex 30.75000057220459 -28.231454849243164 102.21408364211936
    endloop
  endfacet
  facet normal 0 0 1
    outer loop
      vertex 26.200000381469728 -51.54698257446289 102.21408364211936
      vertex 30.75000057220459 -28.231454849243164 102.21408364211936
      vertex 30.75000057220459 -28.000000476837158 102.21408364211936
    endloop
  endfacet
  facet normal 0 0 1
    outer loop
      vertex 26.200000381469728 -51.54698257446289 102.21408364211936
      vertex 30.75000057220459 -28.000000476837158 102.21408364211936
      vertex 30.75000057220459 -27.768546104431152 102.21408364211936
    endloop
  endfacet
  facet normal 0 0 1
    outer loop
      vertex 26.200000381469728 -51.54698257446289 102.21408364211936
      vertex 30.75000057220459 -27.768546104431152 102.21408364211936
      vertex 27.364329685580202 -6 102.21408364211936
    endloop
  endfacet
  facet normal 0 0 1
    outer loop
      vertex 26.200000381469728 -51.54698257446289 102.21408364211936
      vertex 30.795155143737794 -36.45846176147461 102.21408364211936
      vertex 30.75000057220459 -36.23145389556885 102.21408364211936
    endloop
  endfacet
  facet normal 0 0 1
    outer loop
      vertex 26.200000381469728 -51.54698257446289 102.21408364211936
      vertex 30.840309715270998 -36.68546962738037 102.21408364211936
      vertex 30.795155143737794 -36.45846176147461 102.21408364211936
    endloop
  endfacet
  facet normal 0 0 1
    outer loop
      vertex 26.200000381469728 -51.54698257446289 102.21408364211936
      vertex 30.928883647918703 -36.89930582046509 102.21408364211936
      vertex 30.840309715270998 -36.68546962738037 102.21408364211936
    endloop
  endfacet
  facet normal 0 0 1
    outer loop
      vertex 26.200000381469728 -51.54698257446289 102.21408364211936
      vertex 31.017457580566408 -37.113142013549805 102.21408364211936
      vertex 30.928883647918703 -36.89930582046509 102.21408364211936
    endloop
  endfacet
  facet normal 0 0 1
    outer loop
      vertex 26.200000381469728 -51.54698257446289 102.21408364211936
      vertex 31.146046733856203 -37.30558967590332 102.21408364211936
      vertex 31.017457580566408 -37.113142013549805 102.21408364211936
    endloop
  endfacet
  facet normal 0 0 1
    outer loop
      vertex 26.200000381469728 -51.54698257446289 102.21408364211936
      vertex 31.274635887145998 -37.498037338256836 102.21408364211936
      vertex 31.146046733856203 -37.30558967590332 102.21408364211936
    endloop
  endfacet
  facet normal 0 0 1
    outer loop
      vertex 26.200000381469728 -51.54698257446289 102.21408364211936
      vertex 31.43829927444458 -37.66170072555542 102.21408364211936
      vertex 31.274635887145998 -37.498037338256836 102.21408364211936
    endloop
  endfacet
  facet normal 0 0 1
    outer loop
      vertex 26.200000381469728 -51.54698257446289 102.21408364211936
      vertex 31.601962661743165 -37.825364112854004 102.21408364211936
      vertex 31.43829927444458 -37.66170072555542 102.21408364211936
    endloop
  endfacet
  facet normal 0 0 1
    outer loop
      vertex 26.200000381469728 -51.54698257446289 102.21408364211936
      vertex 31.79441032409668 -37.9539532661438 102.21408364211936
      vertex 31.601962661743165 -37.825364112854004 102.21408364211936
    endloop
  endfacet
  facet normal 0 0 1
    outer loop
      vertex 26.200000381469728 -51.54698257446289 102.21408364211936
      vertex 31.986857986450197 -38.082542419433594 102.21408364211936
      vertex 31.79441032409668 -37.9539532661438 102.21408364211936
    endloop
  endfacet
  facet normal 0 0 1
    outer loop
      vertex 26.200000381469728 -51.54698257446289 102.21408364211936
      vertex 32.20069417953491 -38.1711163520813 102.21408364211936
      vertex 31.986857986450197 -38.082542419433594 102.21408364211936
    endloop
  endfacet
  facet normal 0 0 1
    outer loop
      vertex 26.200000381469728 -51.54698257446289 102.21408364211936
      vertex 32.41453037261963 -38.259690284729004 102.21408364211936
      vertex 32.20069417953491 -38.1711163520813 102.21408364211936
    endloop
  endfacet
  facet normal 0 0 1
    outer loop
      vertex 26.200000381469728 -51.54698257446289 102.21408364211936
      vertex 32.64153823852539 -38.30484485626221 102.21408364211936
      vertex 32.41453037261963 -38.259690284729004 102.21408364211936
    endloop
  endfacet
  facet normal 0 0 1
    outer loop
      vertex 26.200000381469728 -51.54698257446289 102.21408364211936
      vertex 32.868546104431154 -38.34999942779541 102.21408364211936
      vertex 32.64153823852539 -38.30484485626221 102.21408364211936
    endloop
  endfacet
  facet normal 0 0 1
    outer loop
      vertex 26.200000381469728 -51.54698257446289 102.21408364211936
      vertex 33.1 -38.34999942779541 102.21408364211936
      vertex 32.868546104431154 -38.34999942779541 102.21408364211936
    endloop
  endfacet
  facet normal 0 0 1
    outer loop
      vertex 26.200000381469728 -51.54698257446289 102.21408364211936
      vertex 38.1969820022583 -53.349999237060544 102.21408364211936
      vertex 39.999999618530275 -51.54698257446289 102.21408364211936
    endloop
  endfacet
  facet normal 0 0 1
    outer loop
      vertex 26.200000381469728 -51.54698257446289 102.21408364211936
      vertex 39.999999618530275 -51.54698257446289 102.21408364211936
      vertex 33.1 -38.34999942779541 102.21408364211936
    endloop
  endfacet
  facet normal 0 -1 0
    outer loop
      vertex 26.200000381469728 -6 102.21408364211936
      vertex 27.364329685580202 -6 102.21408364211936
      vertex 26.200000381469728 -6 108.27458413612655
    endloop
  endfacet
  facet normal 0 -1 0
    outer loop
      vertex 26.200000381469728 -6 108.27458413612655
      vertex 27.364329685580202 -6 102.21408364211936
      vertex 39.999999618530275 -6 102.21408364211936
    endloop
  endfacet
  facet normal 0 -1 0
    outer loop
      vertex 26.200000381469728 -6 108.27458413612655
      vertex 32 -6 109.7045259475708
      vertex 32 -6 110.25607751210529
    endloop
  endfacet
  facet normal 0 -1 0
    outer loop
      vertex 26.200000381469728 -6 108.27458413612655
      vertex 32 -6 110.25607751210529
      vertex 32 -6 110.2954740524292
    endloop
  endfacet
  facet normal 0 -1 0
    outer loop
      vertex 26.200000381469728 -6 108.27458413612655
      vertex 32 -6 110.2954740524292
      vertex 32.00768591562907 -6 110.33411362965902
    endloop
  endfacet
  facet normal 0 -1 0
    outer loop
      vertex 26.200000381469728 -6 108.27458413612655
      vertex 32.00768591562907 -6 110.33411362965902
      vertex 32.115288734436035 -6 110.87506771087646
    endloop
  endfacet
  facet normal 0 -1 0
    outer loop
      vertex 26.200000381469728 -6 108.27458413612655
      vertex 32.10760281880697 -6 109.16357186635335
      vertex 32 -6 109.7045259475708
    endloop
  endfacet
  facet normal 0 -1 0
    outer loop
      vertex 26.200000381469728 -6 108.27458413612655
      vertex 32.115288734436035 -6 109.12493228912354
      vertex 32.10760281880697 -6 109.16357186635335
    endloop
  endfacet
  facet normal 0 -1 0
    outer loop
      vertex 26.200000381469728 -6 108.27458413612655
      vertex 32.115288734436035 -6 110.87506771087646
      vertex 32.130365180969235 -6 110.91146532694498
    endloop
  endfacet
  facet normal 0 -1 0
    outer loop
      vertex 26.200000381469728 -6 108.27458413612655
      vertex 32.130365180969235 -6 109.08853467305502
      vertex 32.115288734436035 -6 109.12493228912354
    endloop
  endfacet
  facet normal 0 -1 0
    outer loop
      vertex 26.200000381469728 -6 108.27458413612655
      vertex 32.130365180969235 -6 110.91146532694498
      vertex 32.34143543243408 -6 111.4210319519043
    endloop
  endfacet
  facet normal 0 -1 0
    outer loop
      vertex 26.200000381469728 -6 108.27458413612655
      vertex 32.34143543243408 -6 108.5789680480957
      vertex 32.130365180969235 -6 109.08853467305502
    endloop
  endfacet
  facet normal 0 -1 0
    outer loop
      vertex 26.200000381469728 -6 108.27458413612655
      vertex 32.34143543243408 -6 111.4210319519043
      vertex 32.647860781351724 -6 111.8796307881673
    endloop
  endfacet
  facet normal 0 -1 0
    outer loop
      vertex 26.200000381469728 -6 108.27458413612655
      vertex 32.647860781351724 -6 108.1203692118327
      vertex 32.34143543243408 -6 108.5789680480957
    endloop
  endfacet
  facet normal 0 -1 0
    outer loop
      vertex 26.200000381469728 -6 108.27458413612655
      vertex 32.647860781351724 -6 111.8796307881673
      vertex 32.669748306274414 -6 111.91238784790039
    endloop
  endfacet
  facet normal 0 -1 0
    outer loop
      vertex 26.200000381469728 -6 108.27458413612655
      vertex 32.669748306274414 -6 108.08761215209961
      vertex 32.647860781351724 -6 108.1203692118327
    endloop
  endfacet
  facet normal 0 -1 0
    outer loop
      vertex 26.200000381469728 -6 108.27458413612655
      vertex 32.669748306274414 -6 111.91238784790039
      vertex 33.05975456237793 -6 112.3023941040039
    endloop
  endfacet
  facet normal 0 -1 0
    outer loop
      vertex 26.200000381469728 -6 108.27458413612655
      vertex 32.69760589599609 -6 108.05975456237792
      vertex 32.669748306274414 -6 108.08761215209961
    endloop
  endfacet
  facet normal 0 -1 0
    outer loop
      vertex 26.200000381469728 -6 108.27458413612655
      vertex 33.05975456237793 -6 112.3023941040039
      vertex 33.08761215209961 -6 112.33025169372559
    endloop
  endfacet
  facet normal 0 -1 0
    outer loop
      vertex 26.200000381469728 -6 108.27458413612655
      vertex 33.08761215209961 -6 107.66974830627441
      vertex 32.69760589599609 -6 108.05975456237792
    endloop
  endfacet
  facet normal 0 -1 0
    outer loop
      vertex 26.200000381469728 -6 108.27458413612655
      vertex 33.08761215209961 -6 112.33025169372559
      vertex 40.19698238372803 -6 120
    endloop
  endfacet
  facet normal 0 -1 0
    outer loop
      vertex 26.200000381469728 -6 108.27458413612655
      vertex 33.12036921183268 -6 107.64786078135174
      vertex 33.08761215209961 -6 107.66974830627441
    endloop
  endfacet
  facet normal 0 -1 0
    outer loop
      vertex 26.200000381469728 -6 108.27458413612655
      vertex 33.5789680480957 -6 107.34143543243408
      vertex 33.12036921183268 -6 107.64786078135174
    endloop
  endfacet
  facet normal 0 -1 0
    outer loop
      vertex 26.200000381469728 -6 108.27458413612655
      vertex 39.999999618530275 -6 102.21408364211936
      vertex 33.5789680480957 -6 107.34143543243408
    endloop
  endfacet
  facet normal 0 -1 0
    outer loop
      vertex 26.200000381469728 -6 108.27458413612655
      vertex 40.19698238372803 -6 120
      vertex 26.200000381469728 -6 118.49937209181502
    endloop
  endfacet
  facet normal 0 -1 0
    outer loop
      vertex 26.200000381469728 -6 118.49937209181502
      vertex 40.19698238372803 -6 120
      vertex 26.200000381469728 -6 119.32273899315453
    endloop
  endfacet
  facet normal 0 0 1
    outer loop
      vertex 27.364329685580202 -6 102.21408364211936
      vertex 30.75000057220459 -27.768546104431152 102.21408364211936
      vertex 30.795155143737794 -27.54153823852539 102.21408364211936
    endloop
  endfacet
  facet normal 0 0 1
    outer loop
      vertex 27.364329685580202 -6 102.21408364211936
      vertex 30.795155143737794 -27.54153823852539 102.21408364211936
      vertex 30.840309715270998 -27.31453037261963 102.21408364211936
    endloop
  endfacet
  facet normal 0 0 1
    outer loop
      vertex 27.364329685580202 -6 102.21408364211936
      vertex 30.840309715270998 -27.31453037261963 102.21408364211936
      vertex 30.928883647918703 -27.100694179534912 102.21408364211936
    endloop
  endfacet
  facet normal 0 0 1
    outer loop
      vertex 27.364329685580202 -6 102.21408364211936
      vertex 30.928883647918703 -27.100694179534912 102.21408364211936
      vertex 31.017457580566408 -26.886857986450195 102.21408364211936
    endloop
  endfacet
  facet normal 0 0 1
    outer loop
      vertex 27.364329685580202 -6 102.21408364211936
      vertex 31.017457580566408 -26.886857986450195 102.21408364211936
      vertex 31.146046733856203 -26.69441032409668 102.21408364211936
    endloop
  endfacet
  facet normal 0 0 1
    outer loop
      vertex 27.364329685580202 -6 102.21408364211936
      vertex 31.146046733856203 -26.69441032409668 102.21408364211936
      vertex 31.274635887145998 -26.501962661743164 102.21408364211936
    endloop
  endfacet
  facet normal 0 0 1
    outer loop
      vertex 27.364329685580202 -6 102.21408364211936
      vertex 31.274635887145998 -26.501962661743164 102.21408364211936
      vertex 31.43829927444458 -26.33829927444458 102.21408364211936
    endloop
  endfacet
  facet normal 0 0 1
    outer loop
      vertex 27.364329685580202 -6 102.21408364211936
      vertex 31.43829927444458 -26.33829927444458 102.21408364211936
      vertex 31.601962661743165 -26.174635887145996 102.21408364211936
    endloop
  endfacet
  facet normal 0 0 1
    outer loop
      vertex 27.364329685580202 -6 102.21408364211936
      vertex 31.601962661743165 -26.174635887145996 102.21408364211936
      vertex 31.79441032409668 -26.0460467338562 102.21408364211936
    endloop
  endfacet
  facet normal 0 0 1
    outer loop
      vertex 27.364329685580202 -6 102.21408364211936
      vertex 31.79441032409668 -26.0460467338562 102.21408364211936
      vertex 31.986857986450197 -25.917457580566406 102.21408364211936
    endloop
  endfacet
  facet normal 0 0 1
    outer loop
      vertex 27.364329685580202 -6 102.21408364211936
      vertex 31.986857986450197 -25.917457580566406 102.21408364211936
      vertex 32.20069417953491 -25.8288836479187 102.21408364211936
    endloop
  endfacet
  facet normal 0 0 1
    outer loop
      vertex 27.364329685580202 -6 102.21408364211936
      vertex 32.20069417953491 -25.8288836479187 102.21408364211936
      vertex 32.41453037261963 -25.740309715270996 102.21408364211936
    endloop
  endfacet
  facet normal 0 0 1
    outer loop
      vertex 27.364329685580202 -6 102.21408364211936
      vertex 32.41453037261963 -25.740309715270996 102.21408364211936
      vertex 32.64153823852539 -25.695155143737793 102.21408364211936
    endloop
  endfacet
  facet normal 0 0 1
    outer loop
      vertex 27.364329685580202 -6 102.21408364211936
      vertex 32.64153823852539 -25.695155143737793 102.21408364211936
      vertex 32.81841066013381 -25.659973109926312 102.21408364211936
    endloop
  endfacet
  facet normal 0 0 1
    outer loop
      vertex 27.364329685580202 -6 102.21408364211936
      vertex 32.81841066013381 -25.659973109926312 102.21408364211936
      vertex 32.868546104431154 -25.65000057220459 102.21408364211936
    endloop
  endfacet
  facet normal 0 0 1
    outer loop
      vertex 27.364329685580202 -6 102.21408364211936
      vertex 32.868546104431154 -25.65000057220459 102.21408364211936
      vertex 33.1 -25.65000057220459 102.21408364211936
    endloop
  endfacet
  facet normal 0 0 1
    outer loop
      vertex 27.364329685580202 -6 102.21408364211936
      vertex 33.1 -25.65000057220459 102.21408364211936
      vertex 33.33145389556885 -25.65000057220459 102.21408364211936
    endloop
  endfacet
  facet normal 0 0 1
    outer loop
      vertex 27.364329685580202 -6 102.21408364211936
      vertex 33.33145389556885 -25.65000057220459 102.21408364211936
      vertex 39.999999618530275 -6 102.21408364211936
    endloop
  endfacet
  facet normal 0.9807853634755064 0.1950899043831297 0
    outer loop
      vertex 30.75000057220459 -36.23145389556885 96.21408364211936
      vertex 30.75000057220459 -36.23145389556885 102.21408364211936
      vertex 30.795155143737794 -36.45846176147461 102.21408364211936
    endloop
  endfacet
  facet normal 1 0 0
    outer loop
      vertex 30.75000057220459 -36.23145389556885 96.21408364211936
      vertex 30.75000057220459 -35.99999952316284 102.21408364211936
      vertex 30.75000057220459 -36.23145389556885 102.21408364211936
    endloop
  endfacet
  facet normal 1 0 0
    outer loop
      vertex 30.75000057220459 -36.23145389556885 96.21408364211936
      vertex 30.75000057220459 -35.86112689971924 96.21408364211936
      vertex 30.75000057220459 -35.99999952316284 102.21408364211936
    endloop
  endfacet
  facet normal 0.9807853634755078 0.19508990438312232 -2.9042569203457173e-16
    outer loop
      vertex 30.75000057220459 -36.23145389556885 96.21408364211936
      vertex 30.795155143737794 -36.45846176147461 102.21408364211936
      vertex 30.822247886657713 -36.594666481018066 96.21408364211936
    endloop
  endfacet
  facet normal 1 0 0
    outer loop
      vertex 30.75000057220459 -35.99999952316284 102.21408364211936
      vertex 30.75000057220459 -35.86112689971924 96.21408364211936
      vertex 30.75000057220459 -35.768545150756836 102.21408364211936
    endloop
  endfacet
  facet normal 1 0 0
    outer loop
      vertex 30.75000057220459 -35.86112689971924 96.21408364211936
      vertex 30.75000057220459 -35.768545150756836 96.21408364211936
      vertex 30.75000057220459 -35.768545150756836 102.21408364211936
    endloop
  endfacet
  facet normal 0 0 -1
    outer loop
      vertex 30.75000057220459 -35.768545150756836 96.21408364211936
      vertex 30.75000057220459 -28.231454849243164 96.21408364211936
      vertex 30.768062400817875 -35.67774200439453 96.21408364211936
    endloop
  endfacet
  facet normal 0.9807853634755006 -0.19508990438315923 0
    outer loop
      vertex 30.75000057220459 -35.768545150756836 96.21408364211936
      vertex 30.768062400817875 -35.67774200439453 96.21408364211936
      vertex 30.75000057220459 -35.768545150756836 102.21408364211936
    endloop
  endfacet
  facet normal 0.9807853634755064 -0.1950899043831297 4.646811072553141e-16
    outer loop
      vertex 30.75000057220459 -35.768545150756836 102.21408364211936
      vertex 30.768062400817875 -35.67774200439453 96.21408364211936
      vertex 30.795155143737794 -35.541537284851074 102.21408364211936
    endloop
  endfacet
  facet normal 0 0 1
    outer loop
      vertex 30.75000057220459 -35.768545150756836 102.21408364211936
      vertex 30.795155143737794 -35.541537284851074 102.21408364211936
      vertex 30.75000057220459 -28.231454849243164 102.21408364211936
    endloop
  endfacet
  facet normal 0.9807853634755064 0.1950899043831297 0
    outer loop
      vertex 30.75000057220459 -28.231454849243164 96.21408364211936
      vertex 30.75000057220459 -28.231454849243164 102.21408364211936
      vertex 30.795155143737794 -28.458462715148926 102.21408364211936
    endloop
  endfacet
  facet normal 1 0 0
    outer loop
      vertex 30.75000057220459 -28.231454849243164 96.21408364211936
      vertex 30.75000057220459 -28.000000476837158 102.21408364211936
      vertex 30.75000057220459 -28.231454849243164 102.21408364211936
    endloop
  endfacet
  facet normal 1 0 0
    outer loop
      vertex 30.75000057220459 -28.231454849243164 96.21408364211936
      vertex 30.75000057220459 -27.861127853393555 96.21408364211936
      vertex 30.75000057220459 -28.000000476837158 102.21408364211936
    endloop
  endfacet
  facet normal 0.9807853634755078 0.19508990438312232 -2.9042569203457173e-16
    outer loop
      vertex 30.75000057220459 -28.231454849243164 96.21408364211936
      vertex 30.795155143737794 -28.458462715148926 102.21408364211936
      vertex 30.822247886657713 -28.594667434692383 96.21408364211936
    endloop
  endfacet
  facet normal 0 0 -1
    outer loop
      vertex 30.75000057220459 -28.231454849243164 96.21408364211936
      vertex 30.822247886657713 -28.594667434692383 96.21408364211936
      vertex 30.768062400817875 -35.67774200439453 96.21408364211936
    endloop
  endfacet
  facet normal 0 0 1
    outer loop
      vertex 30.75000057220459 -28.231454849243164 102.21408364211936
      vertex 30.795155143737794 -35.541537284851074 102.21408364211936
      vertex 30.795155143737794 -28.458462715148926 102.21408364211936
    endloop
  endfacet
  facet normal 1 0 0
    outer loop
      vertex 30.75000057220459 -28.000000476837158 102.21408364211936
      vertex 30.75000057220459 -27.861127853393555 96.21408364211936
      vertex 30.75000057220459 -27.768546104431152 102.21408364211936
    endloop
  endfacet
  facet normal 1 0 0
    outer loop
      vertex 30.75000057220459 -27.861127853393555 96.21408364211936
      vertex 30.75000057220459 -27.768546104431152 96.21408364211936
      vertex 30.75000057220459 -27.768546104431152 102.21408364211936
    endloop
  endfacet
  facet normal 0.9807853634755006 -0.19508990438315923 0
    outer loop
      vertex 30.75000057220459 -27.768546104431152 96.21408364211936
      vertex 30.768062400817875 -27.677742958068848 96.21408364211936
      vertex 30.75000057220459 -27.768546104431152 102.21408364211936
    endloop
  endfacet
  facet normal 0.9807853634755064 -0.1950899043831297 4.646811072553141e-16
    outer loop
      vertex 30.75000057220459 -27.768546104431152 102.21408364211936
      vertex 30.768062400817875 -27.677742958068848 96.21408364211936
      vertex 30.795155143737794 -27.54153823852539 102.21408364211936
    endloop
  endfacet
  facet normal 0 0 -1
    outer loop
      vertex 30.768062400817875 -35.67774200439453 96.21408364211936
      vertex 30.822247886657713 -28.594667434692383 96.21408364211936
      vertex 30.840309715270998 -35.31452941894531 96.21408364211936
    endloop
  endfacet
  facet normal 0.9807853634755078 -0.19508990438312232 2.9042569203457173e-16
    outer loop
      vertex 30.768062400817875 -35.67774200439453 96.21408364211936
      vertex 30.840309715270998 -35.31452941894531 96.21408364211936
      vertex 30.795155143737794 -35.541537284851074 102.21408364211936
    endloop
  endfacet
  facet normal 0.9807853634755137 -0.19508990438309343 -3.915171430343401e-16
    outer loop
      vertex 30.768062400817875 -27.677742958068848 96.21408364211936
      vertex 30.801701929575557 -27.508625250291615 96.21408364211936
      vertex 30.795155143737794 -27.54153823852539 102.21408364211936
    endloop
  endfacet
  facet normal 0.9807853634755064 0.1950899043831297 -4.646811072553141e-16
    outer loop
      vertex 30.795155143737794 -36.45846176147461 102.21408364211936
      vertex 30.840309715270998 -36.68546962738037 102.21408364211936
      vertex 30.822247886657713 -36.594666481018066 96.21408364211936
    endloop
  endfacet
  facet normal 0.9807853634755064 -0.1950899043831297 0
    outer loop
      vertex 30.795155143737794 -35.541537284851074 102.21408364211936
      vertex 30.840309715270998 -35.31452941894531 96.21408364211936
      vertex 30.840309715270998 -35.31452941894531 102.21408364211936
    endloop
  endfacet
  facet normal 0 0 1
    outer loop
      vertex 30.795155143737794 -35.541537284851074 102.21408364211936
      vertex 30.840309715270998 -35.31452941894531 102.21408364211936
      vertex 30.795155143737794 -28.458462715148926 102.21408364211936
    endloop
  endfacet
  facet normal 0 0 1
    outer loop
      vertex 30.795155143737794 -28.458462715148926 102.21408364211936
      vertex 30.840309715270998 -35.31452941894531 102.21408364211936
      vertex 30.840309715270998 -28.685470581054688 102.21408364211936
    endloop
  endfacet
  facet normal 0.9807853634755064 0.1950899043831297 -4.646811072553141e-16
    outer loop
      vertex 30.795155143737794 -28.458462715148926 102.21408364211936
      vertex 30.840309715270998 -28.685470581054688 102.21408364211936
      vertex 30.822247886657713 -28.594667434692383 96.21408364211936
    endloop
  endfacet
  facet normal 0.9807853634755064 -0.1950899043831297 -5.984955255744687e-16
    outer loop
      vertex 30.795155143737794 -27.54153823852539 102.21408364211936
      vertex 30.801701929575557 -27.508625250291615 96.21408364211936
      vertex 30.840309715270998 -27.31453037261963 102.21408364211936
    endloop
  endfacet
  facet normal 0.9807853634755029 -0.19508990438314752 0
    outer loop
      vertex 30.801701929575557 -27.508625250291615 96.21408364211936
      vertex 30.840309715270998 -27.31453037261963 96.21408364211936
      vertex 30.840309715270998 -27.31453037261963 102.21408364211936
    endloop
  endfacet
  facet normal 0.9807853634755006 0.19508990438315923 0
    outer loop
      vertex 30.822247886657713 -36.594666481018066 96.21408364211936
      vertex 30.840309715270998 -36.68546962738037 102.21408364211936
      vertex 30.840309715270998 -36.68546962738037 96.21408364211936
    endloop
  endfacet
  facet normal 0 0 -1
    outer loop
      vertex 30.822247886657713 -28.594667434692383 96.21408364211936
      vertex 30.840309715270998 -28.685470581054688 96.21408364211936
      vertex 30.840309715270998 -35.31452941894531 96.21408364211936
    endloop
  endfacet
  facet normal 0.9807853634755006 0.19508990438315923 0
    outer loop
      vertex 30.822247886657713 -28.594667434692383 96.21408364211936
      vertex 30.840309715270998 -28.685470581054688 102.21408364211936
      vertex 30.840309715270998 -28.685470581054688 96.21408364211936
    endloop
  endfacet
  facet normal 0.9238794082533046 0.3826837323502579 0
    outer loop
      vertex 30.840309715270998 -36.68546962738037 96.21408364211936
      vertex 30.840309715270998 -36.68546962738037 102.21408364211936
      vertex 30.928883647918703 -36.89930582046509 102.21408364211936
    endloop
  endfacet
  facet normal 0.9238794082533037 0.38268373235026004 9.056305940137687e-17
    outer loop
      vertex 30.840309715270998 -36.68546962738037 96.21408364211936
      vertex 30.928883647918703 -36.89930582046509 102.21408364211936
      vertex 30.982028007507324 -37.02760753631591 96.21408364211936
    endloop
  endfacet
  facet normal 0 0 -1
    outer loop
      vertex 30.840309715270998 -35.31452941894531 96.21408364211936
      vertex 30.840309715270998 -28.685470581054688 96.21408364211936
      vertex 30.982028007507324 -29.027608489990236 96.21408364211936
    endloop
  endfacet
  facet normal 0.9238794082533046 -0.3826837323502579 0
    outer loop
      vertex 30.840309715270998 -35.31452941894531 96.21408364211936
      vertex 30.928883647918703 -35.100693225860596 102.21408364211936
      vertex 30.840309715270998 -35.31452941894531 102.21408364211936
    endloop
  endfacet
  facet normal 0.9238794082533037 -0.38268373235026004 9.056305940137687e-17
    outer loop
      vertex 30.840309715270998 -35.31452941894531 96.21408364211936
      vertex 30.982028007507324 -34.97239151000977 96.21408364211936
      vertex 30.928883647918703 -35.100693225860596 102.21408364211936
    endloop
  endfacet
  facet normal 0 0 -1
    outer loop
      vertex 30.840309715270998 -35.31452941894531 96.21408364211936
      vertex 30.982028007507324 -29.027608489990236 96.21408364211936
      vertex 30.982028007507324 -34.97239151000977 96.21408364211936
    endloop
  endfacet
  facet normal 0 0 1
    outer loop
      vertex 30.840309715270998 -35.31452941894531 102.21408364211936
      vertex 30.928883647918703 -35.100693225860596 102.21408364211936
      vertex 30.840309715270998 -28.685470581054688 102.21408364211936
    endloop
  endfacet
  facet normal 0.9238794082533046 0.3826837323502579 0
    outer loop
      vertex 30.840309715270998 -28.685470581054688 96.21408364211936
      vertex 30.840309715270998 -28.685470581054688 102.21408364211936
      vertex 30.928883647918703 -28.899306774139404 102.21408364211936
    endloop
  endfacet
  facet normal 0.9238794082533065 0.3826837323502532 -1.9361757527190573e-16
    outer loop
      vertex 30.840309715270998 -28.685470581054688 96.21408364211936
      vertex 30.928883647918703 -28.899306774139404 102.21408364211936
      vertex 30.982028007507324 -29.027608489990236 96.21408364211936
    endloop
  endfacet
  facet normal 0 0 1
    outer loop
      vertex 30.840309715270998 -28.685470581054688 102.21408364211936
      vertex 30.928883647918703 -35.100693225860596 102.21408364211936
      vertex 30.928883647918703 -28.899306774139404 102.21408364211936
    endloop
  endfacet
  facet normal 0.9238794082533046 -0.3826837323502579 0
    outer loop
      vertex 30.840309715270998 -27.31453037261963 96.21408364211936
      vertex 30.928883647918703 -27.100694179534912 102.21408364211936
      vertex 30.840309715270998 -27.31453037261963 102.21408364211936
    endloop
  endfacet
  facet normal 0.9238794082533065 -0.3826837323502532 -1.9361757527190573e-16
    outer loop
      vertex 30.840309715270998 -27.31453037261963 96.21408364211936
      vertex 30.982028007507324 -26.97239246368408 96.21408364211936
      vertex 30.928883647918703 -27.100694179534912 102.21408364211936
    endloop
  endfacet
  facet normal 0.9238794082533046 0.3826837323502579 1.436517493952852e-16
    outer loop
      vertex 30.928883647918703 -36.89930582046509 102.21408364211936
      vertex 31.017457580566408 -37.113142013549805 102.21408364211936
      vertex 30.982028007507324 -37.02760753631591 96.21408364211936
    endloop
  endfacet
  facet normal 0.9238794082533046 -0.3826837323502579 1.436517493952852e-16
    outer loop
      vertex 30.928883647918703 -35.100693225860596 102.21408364211936
      vertex 30.982028007507324 -34.97239151000977 96.21408364211936
      vertex 31.017457580566408 -34.88685703277588 102.21408364211936
    endloop
  endfacet
  facet normal 0 0 1
    outer loop
      vertex 30.928883647918703 -35.100693225860596 102.21408364211936
      vertex 31.017457580566408 -34.88685703277588 102.21408364211936
      vertex 30.928883647918703 -28.899306774139404 102.21408364211936
    endloop
  endfacet
  facet normal 0 0 1
    outer loop
      vertex 30.928883647918703 -28.899306774139404 102.21408364211936
      vertex 31.017457580566408 -34.88685703277588 102.21408364211936
      vertex 31.017457580566408 -29.11314296722412 102.21408364211936
    endloop
  endfacet
  facet normal 0.9238794082533046 0.3826837323502579 -3.0978812043504983e-16
    outer loop
      vertex 30.928883647918703 -28.899306774139404 102.21408364211936
      vertex 31.017457580566408 -29.11314296722412 102.21408364211936
      vertex 30.982028007507324 -29.027608489990236 96.21408364211936
    endloop
  endfacet
  facet normal 0.9238794082533046 -0.3826837323502579 -3.0978812043504983e-16
    outer loop
      vertex 30.928883647918703 -27.100694179534912 102.21408364211936
      vertex 30.982028007507324 -26.97239246368408 96.21408364211936
      vertex 31.017457580566408 -26.886857986450195 102.21408364211936
    endloop
  endfacet
  facet normal 0.923879408253308 0.3826837323502492 0
    outer loop
      vertex 30.982028007507324 -37.02760753631591 96.21408364211936
      vertex 31.017457580566408 -37.113142013549805 102.21408364211936
      vertex 31.017457580566408 -37.113142013549805 96.21408364211936
    endloop
  endfacet
  facet normal 0 0 -1
    outer loop
      vertex 30.982028007507324 -34.97239151000977 96.21408364211936
      vertex 30.982028007507324 -29.027608489990236 96.21408364211936
      vertex 31.017457580566408 -29.11314296722412 96.21408364211936
    endloop
  endfacet
  facet normal 0.923879408253308 -0.3826837323502492 0
    outer loop
      vertex 30.982028007507324 -34.97239151000977 96.21408364211936
      vertex 31.017457580566408 -34.88685703277588 96.21408364211936
      vertex 31.017457580566408 -34.88685703277588 102.21408364211936
    endloop
  endfacet
  facet normal 0 0 -1
    outer loop
      vertex 30.982028007507324 -34.97239151000977 96.21408364211936
      vertex 31.017457580566408 -29.11314296722412 96.21408364211936
      vertex 31.017457580566408 -34.88685703277588 96.21408364211936
    endloop
  endfacet
  facet normal 0.923879408253297 0.38268373235027636 0
    outer loop
      vertex 30.982028007507324 -29.027608489990236 96.21408364211936
      vertex 31.017457580566408 -29.11314296722412 102.21408364211936
      vertex 31.017457580566408 -29.11314296722412 96.21408364211936
    endloop
  endfacet
  facet normal 0.923879408253297 -0.38268373235027636 0
    outer loop
      vertex 30.982028007507324 -26.97239246368408 96.21408364211936
      vertex 31.017457580566408 -26.886857986450195 96.21408364211936
      vertex 31.017457580566408 -26.886857986450195 102.21408364211936
    endloop
  endfacet
  facet normal 0.8314701384225108 0.5555694456246227 0
    outer loop
      vertex 31.017457580566408 -37.113142013549805 96.21408364211936
      vertex 31.017457580566408 -37.113142013549805 102.21408364211936
      vertex 31.06889324188233 -37.19012107849122 96.21408364211936
    endloop
  endfacet
  facet normal 0.831470138422506 0.55556944562463 -1.32409421183164e-16
    outer loop
      vertex 31.017457580566408 -37.113142013549805 102.21408364211936
      vertex 31.146046733856203 -37.30558967590332 102.21408364211936
      vertex 31.06889324188233 -37.19012107849122 96.21408364211936
    endloop
  endfacet
  facet normal 0 0 -1
    outer loop
      vertex 31.017457580566408 -34.88685703277588 96.21408364211936
      vertex 31.017457580566408 -29.11314296722412 96.21408364211936
      vertex 31.06889324188233 -29.190122032165526 96.21408364211936
    endloop
  endfacet
  facet normal 0.8314701384225108 -0.5555694456246227 0
    outer loop
      vertex 31.017457580566408 -34.88685703277588 96.21408364211936
      vertex 31.06889324188233 -34.80987796783447 96.21408364211936
      vertex 31.017457580566408 -34.88685703277588 102.21408364211936
    endloop
  endfacet
  facet normal 0 0 -1
    outer loop
      vertex 31.017457580566408 -34.88685703277588 96.21408364211936
      vertex 31.06889324188233 -29.190122032165526 96.21408364211936
      vertex 31.06889324188233 -34.80987796783447 96.21408364211936
    endloop
  endfacet
  facet normal 0.831470138422506 -0.55556944562463 -1.32409421183164e-16
    outer loop
      vertex 31.017457580566408 -34.88685703277588 102.21408364211936
      vertex 31.06889324188233 -34.80987796783447 96.21408364211936
      vertex 31.146046733856203 -34.69440937042236 102.21408364211936
    endloop
  endfacet
  facet normal 0 0 1
    outer loop
      vertex 31.017457580566408 -34.88685703277588 102.21408364211936
      vertex 31.146046733856203 -34.69440937042236 102.21408364211936
      vertex 31.017457580566408 -29.11314296722412 102.21408364211936
    endloop
  endfacet
  facet normal 0.8314701384224872 0.5555694456246583 0
    outer loop
      vertex 31.017457580566408 -29.11314296722412 96.21408364211936
      vertex 31.017457580566408 -29.11314296722412 102.21408364211936
      vertex 31.06889324188233 -29.190122032165526 96.21408364211936
    endloop
  endfacet
  facet normal 0 0 1
    outer loop
      vertex 31.017457580566408 -29.11314296722412 102.21408364211936
      vertex 31.146046733856203 -34.69440937042236 102.21408364211936
      vertex 31.146046733856203 -29.305590629577637 102.21408364211936
    endloop
  endfacet
  facet normal 0.831470138422506 0.55556944562463 5.258902482840759e-16
    outer loop
      vertex 31.017457580566408 -29.11314296722412 102.21408364211936
      vertex 31.146046733856203 -29.305590629577637 102.21408364211936
      vertex 31.06889324188233 -29.190122032165526 96.21408364211936
    endloop
  endfacet
  facet normal 0.8314701384225252 -0.5555694456246014 0
    outer loop
      vertex 31.017457580566408 -26.886857986450195 96.21408364211936
      vertex 31.03195335912539 -26.865163476250075 96.21408364211936
      vertex 31.017457580566408 -26.886857986450195 102.21408364211936
    endloop
  endfacet
  facet normal 0.8314701384224723 -0.5555694456246806 -4.136342721585559e-16
    outer loop
      vertex 31.017457580566408 -26.886857986450195 102.21408364211936
      vertex 31.03195335912539 -26.865163476250075 96.21408364211936
      vertex 31.06889324188233 -26.80987892150879 96.21408364211936
    endloop
  endfacet
  facet normal 0.831470138422506 -0.55556944562463 5.258902482840759e-16
    outer loop
      vertex 31.017457580566408 -26.886857986450195 102.21408364211936
      vertex 31.06889324188233 -26.80987892150879 96.21408364211936
      vertex 31.146046733856203 -26.69441032409668 102.21408364211936
    endloop
  endfacet
  facet normal 0 0 -1
    outer loop
      vertex 31.03195335912539 -26.865163476250075 96.21408364211936
      vertex 38.49818354094705 -6 96.21408364211936
      vertex 31.06889324188233 -26.80987892150879 96.21408364211936
    endloop
  endfacet
  facet normal 0.8314701384225048 0.5555694456246316 -8.27558882394789e-17
    outer loop
      vertex 31.06889324188233 -37.19012107849122 96.21408364211936
      vertex 31.146046733856203 -37.30558967590332 102.21408364211936
      vertex 31.274635887145998 -37.498037338256836 96.21408364211936
    endloop
  endfacet
  facet normal 0 0 -1
    outer loop
      vertex 31.06889324188233 -34.80987796783447 96.21408364211936
      vertex 31.06889324188233 -29.190122032165526 96.21408364211936
      vertex 31.274635887145998 -29.498038291931152 96.21408364211936
    endloop
  endfacet
  facet normal 0.8314701384225048 -0.5555694456246316 -8.27558882394789e-17
    outer loop
      vertex 31.06889324188233 -34.80987796783447 96.21408364211936
      vertex 31.274635887145998 -34.50196170806885 96.21408364211936
      vertex 31.146046733856203 -34.69440937042236 102.21408364211936
    endloop
  endfacet
  facet normal 0 0 -1
    outer loop
      vertex 31.06889324188233 -34.80987796783447 96.21408364211936
      vertex 31.274635887145998 -29.498038291931152 96.21408364211936
      vertex 31.274635887145998 -34.50196170806885 96.21408364211936
    endloop
  endfacet
  facet normal 0.8314701384225107 0.5555694456246227 3.2946212110433525e-16
    outer loop
      vertex 31.06889324188233 -29.190122032165526 96.21408364211936
      vertex 31.146046733856203 -29.305590629577637 102.21408364211936
      vertex 31.274635887145998 -29.498038291931152 96.21408364211936
    endloop
  endfacet
  facet normal 0.8314701384225107 -0.5555694456246227 3.2946212110433525e-16
    outer loop
      vertex 31.06889324188233 -26.80987892150879 96.21408364211936
      vertex 31.274635887145998 -26.501962661743164 96.21408364211936
      vertex 31.146046733856203 -26.69441032409668 102.21408364211936
    endloop
  endfacet
  facet normal 0 0 -1
    outer loop
      vertex 31.06889324188233 -26.80987892150879 96.21408364211936
      vertex 38.49818354094705 -6 96.21408364211936
      vertex 31.274635887145998 -26.501962661743164 96.21408364211936
    endloop
  endfacet
  facet normal 0.831470138422506 0.55556944562463 0
    outer loop
      vertex 31.146046733856203 -37.30558967590332 102.21408364211936
      vertex 31.274635887145998 -37.498037338256836 102.21408364211936
      vertex 31.274635887145998 -37.498037338256836 96.21408364211936
    endloop
  endfacet
  facet normal 0.831470138422506 -0.55556944562463 0
    outer loop
      vertex 31.146046733856203 -34.69440937042236 102.21408364211936
      vertex 31.274635887145998 -34.50196170806885 96.21408364211936
      vertex 31.274635887145998 -34.50196170806885 102.21408364211936
    endloop
  endfacet
  facet normal 0 0 1
    outer loop
      vertex 31.146046733856203 -34.69440937042236 102.21408364211936
      vertex 31.274635887145998 -34.50196170806885 102.21408364211936
      vertex 31.146046733856203 -29.305590629577637 102.21408364211936
    endloop
  endfacet
  facet normal 0 0 1
    outer loop
      vertex 31.146046733856203 -29.305590629577637 102.21408364211936
      vertex 31.274635887145998 -34.50196170806885 102.21408364211936
      vertex 31.274635887145998 -29.498038291931152 102.21408364211936
    endloop
  endfacet
  facet normal 0.831470138422506 0.55556944562463 0
    outer loop
      vertex 31.146046733856203 -29.305590629577637 102.21408364211936
      vertex 31.274635887145998 -29.498038291931152 102.21408364211936
      vertex 31.274635887145998 -29.498038291931152 96.21408364211936
    endloop
  endfacet
  facet normal 0.831470138422506 -0.55556944562463 0
    outer loop
      vertex 31.146046733856203 -26.69441032409668 102.21408364211936
      vertex 31.274635887145998 -26.501962661743164 96.21408364211936
      vertex 31.274635887145998 -26.501962661743164 102.21408364211936
    endloop
  endfacet
  facet normal 0.7071067811865859 0.7071067811865092 0
    outer loop
      vertex 31.274635887145998 -37.498037338256836 96.21408364211936
      vertex 31.274635887145998 -37.498037338256836 102.21408364211936
      vertex 31.34010124206543 -37.563502693176275 96.21408364211936
    endloop
  endfacet
  facet normal 0.7071067811865475 0.7071067811865475 -8.369264143390152e-16
    outer loop
      vertex 31.274635887145998 -37.498037338256836 102.21408364211936
      vertex 31.43829927444458 -37.66170072555542 102.21408364211936
      vertex 31.34010124206543 -37.563502693176275 96.21408364211936
    endloop
  endfacet
  facet normal 0 0 -1
    outer loop
      vertex 31.274635887145998 -34.50196170806885 96.21408364211936
      vertex 31.274635887145998 -29.498038291931152 96.21408364211936
      vertex 31.34010124206543 -29.563503646850585 96.21408364211936
    endloop
  endfacet
  facet normal 0 0 -1
    outer loop
      vertex 31.274635887145998 -34.50196170806885 96.21408364211936
      vertex 31.34010124206543 -29.563503646850585 96.21408364211936
      vertex 31.536497306823733 -34.24010028839112 96.21408364211936
    endloop
  endfacet
  facet normal 0.7071067811865475 -0.7071067811865475 0
    outer loop
      vertex 31.274635887145998 -34.50196170806885 96.21408364211936
      vertex 31.43829927444458 -34.338298320770264 102.21408364211936
      vertex 31.274635887145998 -34.50196170806885 102.21408364211936
    endloop
  endfacet
  facet normal 0.707106781186538 -0.7071067811865571 5.24640438839387e-16
    outer loop
      vertex 31.274635887145998 -34.50196170806885 96.21408364211936
      vertex 31.536497306823733 -34.24010028839112 96.21408364211936
      vertex 31.43829927444458 -34.338298320770264 102.21408364211936
    endloop
  endfacet
  facet normal 0 0 1
    outer loop
      vertex 31.274635887145998 -34.50196170806885 102.21408364211936
      vertex 31.43829927444458 -34.338298320770264 102.21408364211936
      vertex 31.274635887145998 -29.498038291931152 102.21408364211936
    endloop
  endfacet
  facet normal 0.7071067811865476 0.7071067811865476 0
    outer loop
      vertex 31.274635887145998 -29.498038291931152 96.21408364211936
      vertex 31.274635887145998 -29.498038291931152 102.21408364211936
      vertex 31.34010124206543 -29.563503646850585 96.21408364211936
    endloop
  endfacet
  facet normal 0 0 1
    outer loop
      vertex 31.274635887145998 -29.498038291931152 102.21408364211936
      vertex 31.43829927444458 -34.338298320770264 102.21408364211936
      vertex 31.43829927444458 -29.661701679229736 102.21408364211936
    endloop
  endfacet
  facet normal 0.7071067811865475 0.7071067811865475 0
    outer loop
      vertex 31.274635887145998 -29.498038291931152 102.21408364211936
      vertex 31.43829927444458 -29.661701679229736 102.21408364211936
      vertex 31.34010124206543 -29.563503646850585 96.21408364211936
    endloop
  endfacet
  facet normal 0.7071067811865475 -0.7071067811865475 0
    outer loop
      vertex 31.274635887145998 -26.501962661743164 96.21408364211936
      vertex 31.43829927444458 -26.33829927444458 102.21408364211936
      vertex 31.274635887145998 -26.501962661743164 102.21408364211936
    endloop
  endfacet
  facet normal 0.7071067811865476 -0.7071067811865476 0
    outer loop
      vertex 31.274635887145998 -26.501962661743164 96.21408364211936
      vertex 31.536497306823733 -26.24010124206543 96.21408364211936
      vertex 31.43829927444458 -26.33829927444458 102.21408364211936
    endloop
  endfacet
  facet normal 0 0 -1
    outer loop
      vertex 31.274635887145998 -26.501962661743164 96.21408364211936
      vertex 38.49818354094705 -6 96.21408364211936
      vertex 31.536497306823733 -26.24010124206543 96.21408364211936
    endloop
  endfacet
  facet normal 0.707106781186538 0.7071067811865571 -5.24640438839387e-16
    outer loop
      vertex 31.34010124206543 -37.563502693176275 96.21408364211936
      vertex 31.43829927444458 -37.66170072555542 102.21408364211936
      vertex 31.601962661743165 -37.825364112854004 96.21408364211936
    endloop
  endfacet
  facet normal 0.7071067811865476 0.7071067811865476 0
    outer loop
      vertex 31.34010124206543 -29.563503646850585 96.21408364211936
      vertex 31.43829927444458 -29.661701679229736 102.21408364211936
      vertex 31.601962661743165 -29.82536506652832 96.21408364211936
    endloop
  endfacet
  facet normal 0 0 -1
    outer loop
      vertex 31.34010124206543 -29.563503646850585 96.21408364211936
      vertex 31.601962661743165 -29.82536506652832 96.21408364211936
      vertex 31.536497306823733 -34.24010028839112 96.21408364211936
    endloop
  endfacet
  facet normal 0.7071067811865475 0.7071067811865475 0
    outer loop
      vertex 31.43829927444458 -37.66170072555542 102.21408364211936
      vertex 31.601962661743165 -37.825364112854004 102.21408364211936
      vertex 31.601962661743165 -37.825364112854004 96.21408364211936
    endloop
  endfacet
  facet normal 0.7071067811865475 -0.7071067811865475 8.369264143390152e-16
    outer loop
      vertex 31.43829927444458 -34.338298320770264 102.21408364211936
      vertex 31.536497306823733 -34.24010028839112 96.21408364211936
      vertex 31.601962661743165 -34.17463493347168 102.21408364211936
    endloop
  endfacet
  facet normal 0 0 1
    outer loop
      vertex 31.43829927444458 -34.338298320770264 102.21408364211936
      vertex 31.601962661743165 -34.17463493347168 102.21408364211936
      vertex 31.43829927444458 -29.661701679229736 102.21408364211936
    endloop
  endfacet
  facet normal 0 0 1
    outer loop
      vertex 31.43829927444458 -29.661701679229736 102.21408364211936
      vertex 31.601962661743165 -34.17463493347168 102.21408364211936
      vertex 31.601962661743165 -29.82536506652832 102.21408364211936
    endloop
  endfacet
  facet normal 0.7071067811865475 0.7071067811865475 0
    outer loop
      vertex 31.43829927444458 -29.661701679229736 102.21408364211936
      vertex 31.601962661743165 -29.82536506652832 102.21408364211936
      vertex 31.601962661743165 -29.82536506652832 96.21408364211936
    endloop
  endfacet
  facet normal 0.7071067811865475 -0.7071067811865475 0
    outer loop
      vertex 31.43829927444458 -26.33829927444458 102.21408364211936
      vertex 31.536497306823733 -26.24010124206543 96.21408364211936
      vertex 31.601962661743165 -26.174635887145996 102.21408364211936
    endloop
  endfacet
  facet normal 0.7071067811865859 -0.7071067811865092 0
    outer loop
      vertex 31.536497306823733 -34.24010028839112 96.21408364211936
      vertex 31.601962661743165 -34.17463493347168 96.21408364211936
      vertex 31.601962661743165 -34.17463493347168 102.21408364211936
    endloop
  endfacet
  facet normal 0 0 -1
    outer loop
      vertex 31.536497306823733 -34.24010028839112 96.21408364211936
      vertex 31.601962661743165 -29.82536506652832 96.21408364211936
      vertex 31.601962661743165 -34.17463493347168 96.21408364211936
    endloop
  endfacet
  facet normal 0.7071067811865476 -0.7071067811865476 0
    outer loop
      vertex 31.536497306823733 -26.24010124206543 96.21408364211936
      vertex 31.601962661743165 -26.174635887145996 96.21408364211936
      vertex 31.601962661743165 -26.174635887145996 102.21408364211936
    endloop
  endfacet
  facet normal 0 0 -1
    outer loop
      vertex 31.536497306823733 -26.24010124206543 96.21408364211936
      vertex 38.49818354094705 -6 96.21408364211936
      vertex 31.601962661743165 -26.174635887145996 96.21408364211936
    endloop
  endfacet
  facet normal 0.5555694456246583 0.8314701384224872 0
    outer loop
      vertex 31.601962661743165 -37.825364112854004 96.21408364211936
      vertex 31.601962661743165 -37.825364112854004 102.21408364211936
      vertex 31.67894172668457 -37.876799774169925 96.21408364211936
    endloop
  endfacet
  facet normal 0.55556944562463 0.831470138422506 -5.258902482840759e-16
    outer loop
      vertex 31.601962661743165 -37.825364112854004 102.21408364211936
      vertex 31.79441032409668 -37.9539532661438 102.21408364211936
      vertex 31.67894172668457 -37.876799774169925 96.21408364211936
    endloop
  endfacet
  facet normal 0 0 -1
    outer loop
      vertex 31.601962661743165 -34.17463493347168 96.21408364211936
      vertex 31.601962661743165 -29.82536506652832 96.21408364211936
      vertex 31.67894172668457 -29.87680072784424 96.21408364211936
    endloop
  endfacet
  facet normal 0.5555694456246583 -0.8314701384224872 0
    outer loop
      vertex 31.601962661743165 -34.17463493347168 96.21408364211936
      vertex 31.67894172668457 -34.12319927215576 96.21408364211936
      vertex 31.601962661743165 -34.17463493347168 102.21408364211936
    endloop
  endfacet
  facet normal 0 0 -1
    outer loop
      vertex 31.601962661743165 -34.17463493347168 96.21408364211936
      vertex 31.67894172668457 -29.87680072784424 96.21408364211936
      vertex 31.67894172668457 -34.12319927215576 96.21408364211936
    endloop
  endfacet
  facet normal 0.55556944562463 -0.831470138422506 -5.258902482840759e-16
    outer loop
      vertex 31.601962661743165 -34.17463493347168 102.21408364211936
      vertex 31.67894172668457 -34.12319927215576 96.21408364211936
      vertex 31.79441032409668 -34.046045780181885 102.21408364211936
    endloop
  endfacet
  facet normal 0 0 1
    outer loop
      vertex 31.601962661743165 -34.17463493347168 102.21408364211936
      vertex 31.79441032409668 -34.046045780181885 102.21408364211936
      vertex 31.601962661743165 -29.82536506652832 102.21408364211936
    endloop
  endfacet
  facet normal 0.5555694456246583 0.8314701384224872 0
    outer loop
      vertex 31.601962661743165 -29.82536506652832 96.21408364211936
      vertex 31.601962661743165 -29.82536506652832 102.21408364211936
      vertex 31.67894172668457 -29.87680072784424 96.21408364211936
    endloop
  endfacet
  facet normal 0 0 1
    outer loop
      vertex 31.601962661743165 -29.82536506652832 102.21408364211936
      vertex 31.79441032409668 -34.046045780181885 102.21408364211936
      vertex 31.79441032409668 -29.953954219818115 102.21408364211936
    endloop
  endfacet
  facet normal 0.55556944562463 0.831470138422506 -5.258902482840759e-16
    outer loop
      vertex 31.601962661743165 -29.82536506652832 102.21408364211936
      vertex 31.79441032409668 -29.953954219818115 102.21408364211936
      vertex 31.67894172668457 -29.87680072784424 96.21408364211936
    endloop
  endfacet
  facet normal 0.5555694456246583 -0.8314701384224872 0
    outer loop
      vertex 31.601962661743165 -26.174635887145996 96.21408364211936
      vertex 31.67894172668457 -26.123200225830075 96.21408364211936
      vertex 31.601962661743165 -26.174635887145996 102.21408364211936
    endloop
  endfacet
  facet normal 0 0 -1
    outer loop
      vertex 31.601962661743165 -26.174635887145996 96.21408364211936
      vertex 38.49818354094705 -6 96.21408364211936
      vertex 31.67894172668457 -26.123200225830075 96.21408364211936
    endloop
  endfacet
  facet normal 0.55556944562463 -0.831470138422506 -5.258902482840759e-16
    outer loop
      vertex 31.601962661743165 -26.174635887145996 102.21408364211936
      vertex 31.67894172668457 -26.123200225830075 96.21408364211936
      vertex 31.79441032409668 -26.0460467338562 102.21408364211936
    endloop
  endfacet
  facet normal 0.5555694456246227 0.8314701384225107 -3.2946212110433525e-16
    outer loop
      vertex 31.67894172668457 -37.876799774169925 96.21408364211936
      vertex 31.79441032409668 -37.9539532661438 102.21408364211936
      vertex 31.986857986450197 -38.082542419433594 96.21408364211936
    endloop
  endfacet
  facet normal 0 0 -1
    outer loop
      vertex 31.67894172668457 -34.12319927215576 96.21408364211936
      vertex 31.67894172668457 -29.87680072784424 96.21408364211936
      vertex 31.986857986450197 -30.08254337310791 96.21408364211936
    endloop
  endfacet
  facet normal 0.5555694456246227 -0.8314701384225107 -3.2946212110433525e-16
    outer loop
      vertex 31.67894172668457 -34.12319927215576 96.21408364211936
      vertex 31.986857986450197 -33.91745662689209 96.21408364211936
      vertex 31.79441032409668 -34.046045780181885 102.21408364211936
    endloop
  endfacet
  facet normal 0 0 -1
    outer loop
      vertex 31.67894172668457 -34.12319927215576 96.21408364211936
      vertex 31.986857986450197 -30.08254337310791 96.21408364211936
      vertex 31.986857986450197 -33.91745662689209 96.21408364211936
    endloop
  endfacet
  facet normal 0.5555694456246227 0.8314701384225107 -3.2946212110433525e-16
    outer loop
      vertex 31.67894172668457 -29.87680072784424 96.21408364211936
      vertex 31.79441032409668 -29.953954219818115 102.21408364211936
      vertex 31.986857986450197 -30.08254337310791 96.21408364211936
    endloop
  endfacet
  facet normal 0.5555694456246227 -0.8314701384225107 -3.2946212110433525e-16
    outer loop
      vertex 31.67894172668457 -26.123200225830075 96.21408364211936
      vertex 31.986857986450197 -25.917457580566406 96.21408364211936
      vertex 31.79441032409668 -26.0460467338562 102.21408364211936
    endloop
  endfacet
  facet normal 0 0 -1
    outer loop
      vertex 31.67894172668457 -26.123200225830075 96.21408364211936
      vertex 38.49818354094705 -6 96.21408364211936
      vertex 31.986857986450197 -25.917457580566406 96.21408364211936
    endloop
  endfacet
  facet normal 0.55556944562463 0.831470138422506 0
    outer loop
      vertex 31.79441032409668 -37.9539532661438 102.21408364211936
      vertex 31.986857986450197 -38.082542419433594 102.21408364211936
      vertex 31.986857986450197 -38.082542419433594 96.21408364211936
    endloop
  endfacet
  facet normal 0.55556944562463 -0.831470138422506 0
    outer loop
      vertex 31.79441032409668 -34.046045780181885 102.21408364211936
      vertex 31.986857986450197 -33.91745662689209 96.21408364211936
      vertex 31.986857986450197 -33.91745662689209 102.21408364211936
    endloop
  endfacet
  facet normal 0 0 1
    outer loop
      vertex 31.79441032409668 -34.046045780181885 102.21408364211936
      vertex 31.986857986450197 -33.91745662689209 102.21408364211936
      vertex 31.79441032409668 -29.953954219818115 102.21408364211936
    endloop
  endfacet
  facet normal 0 0 1
    outer loop
      vertex 31.79441032409668 -29.953954219818115 102.21408364211936
      vertex 31.986857986450197 -33.91745662689209 102.21408364211936
      vertex 31.986857986450197 -30.08254337310791 102.21408364211936
    endloop
  endfacet
  facet normal 0.55556944562463 0.831470138422506 0
    outer loop
      vertex 31.79441032409668 -29.953954219818115 102.21408364211936
      vertex 31.986857986450197 -30.08254337310791 102.21408364211936
      vertex 31.986857986450197 -30.08254337310791 96.21408364211936
    endloop
  endfacet
  facet normal 0.55556944562463 -0.831470138422506 0
    outer loop
      vertex 31.79441032409668 -26.0460467338562 102.21408364211936
      vertex 31.986857986450197 -25.917457580566406 96.21408364211936
      vertex 31.986857986450197 -25.917457580566406 102.21408364211936
    endloop
  endfacet
  facet normal 0.3826837323502579 0.9238794082533046 0
    outer loop
      vertex 31.986857986450197 -38.082542419433594 96.21408364211936
      vertex 31.986857986450197 -38.082542419433594 102.21408364211936
      vertex 32.20069417953491 -38.1711163520813 102.21408364211936
    endloop
  endfacet
  facet normal 0.3826837323502696 0.9238794082532996 -4.9028966641433835e-16
    outer loop
      vertex 31.986857986450197 -38.082542419433594 96.21408364211936
      vertex 32.20069417953491 -38.1711163520813 102.21408364211936
      vertex 32.328995895385745 -38.22426071166993 96.21408364211936
    endloop
  endfacet
  facet normal 0 0 -1
    outer loop
      vertex 31.986857986450197 -33.91745662689209 96.21408364211936
      vertex 31.986857986450197 -30.08254337310791 96.21408364211936
      vertex 32.328995895385745 -30.224261665344237 96.21408364211936
    endloop
  endfacet
  facet normal 0.3826837323502579 -0.9238794082533046 0
    outer loop
      vertex 31.986857986450197 -33.91745662689209 96.21408364211936
      vertex 32.20069417953491 -33.828882694244385 102.21408364211936
      vertex 31.986857986450197 -33.91745662689209 102.21408364211936
    endloop
  endfacet
  facet normal 0.3826837323502696 -0.9238794082532996 -4.9028966641433835e-16
    outer loop
      vertex 31.986857986450197 -33.91745662689209 96.21408364211936
      vertex 32.328995895385745 -33.775738334655756 96.21408364211936
      vertex 32.20069417953491 -33.828882694244385 102.21408364211936
    endloop
  endfacet
  facet normal 0 0 -1
    outer loop
      vertex 31.986857986450197 -33.91745662689209 96.21408364211936
      vertex 32.328995895385745 -30.224261665344237 96.21408364211936
      vertex 32.328995895385745 -33.775738334655756 96.21408364211936
    endloop
  endfacet
  facet normal 0 0 1
    outer loop
      vertex 31.986857986450197 -33.91745662689209 102.21408364211936
      vertex 32.20069417953491 -33.828882694244385 102.21408364211936
      vertex 31.986857986450197 -30.08254337310791 102.21408364211936
    endloop
  endfacet
  facet normal 0.3826837323502579 0.9238794082533046 0
    outer loop
      vertex 31.986857986450197 -30.08254337310791 96.21408364211936
      vertex 31.986857986450197 -30.08254337310791 102.21408364211936
      vertex 32.20069417953491 -30.171117305755615 102.21408364211936
    endloop
  endfacet
  facet normal 0.3826837323502532 0.9238794082533065 1.9361757527190573e-16
    outer loop
      vertex 31.986857986450197 -30.08254337310791 96.21408364211936
      vertex 32.20069417953491 -30.171117305755615 102.21408364211936
      vertex 32.328995895385745 -30.224261665344237 96.21408364211936
    endloop
  endfacet
  facet normal 0 0 1
    outer loop
      vertex 31.986857986450197 -30.08254337310791 102.21408364211936
      vertex 32.20069417953491 -33.828882694244385 102.21408364211936
      vertex 32.20069417953491 -30.171117305755615 102.21408364211936
    endloop
  endfacet
  facet normal 0.3826837323502579 -0.9238794082533046 0
    outer loop
      vertex 31.986857986450197 -25.917457580566406 96.21408364211936
      vertex 32.20069417953491 -25.8288836479187 102.21408364211936
      vertex 31.986857986450197 -25.917457580566406 102.21408364211936
    endloop
  endfacet
  facet normal 0.3826837323502532 -0.9238794082533065 1.9361757527190573e-16
    outer loop
      vertex 31.986857986450197 -25.917457580566406 96.21408364211936
      vertex 32.328995895385745 -25.77573928833008 96.21408364211936
      vertex 32.20069417953491 -25.8288836479187 102.21408364211936
    endloop
  endfacet
  facet normal 0 0 -1
    outer loop
      vertex 31.986857986450197 -25.917457580566406 96.21408364211936
      vertex 38.49818354094705 -6 96.21408364211936
      vertex 32.328995895385745 -25.77573928833008 96.21408364211936
    endloop
  endfacet
  facet normal 1 0 0
    outer loop
      vertex 32 -6 109.7045259475708
      vertex 32 -5 109.7045259475708
      vertex 32 -6 110.25607751210529
    endloop
  endfacet
  facet normal 0.9807851548654606 0 0.19509095313605523
    outer loop
      vertex 32 -6 109.7045259475708
      vertex 32.10760281880697 -6 109.16357186635335
      vertex 32 -5 109.7045259475708
    endloop
  endfacet
  facet normal 1 0 0
    outer loop
      vertex 32 -6 110.25607751210529
      vertex 32 -5 109.7045259475708
      vertex 32 -5 110.2954740524292
    endloop
  endfacet
  facet normal 1 0 0
    outer loop
      vertex 32 -6 110.25607751210529
      vertex 32 -5 110.2954740524292
      vertex 32 -6 110.2954740524292
    endloop
  endfacet
  facet normal 0.9807851548654636 0 -0.1950909531360403
    outer loop
      vertex 32 -6 110.2954740524292
      vertex 32 -5 110.2954740524292
      vertex 32.00768591562907 -6 110.33411362965902
    endloop
  endfacet
  facet normal 0.9807851548654608 5.636139622676309e-16 0.19509095313605423
    outer loop
      vertex 32 -5 109.7045259475708
      vertex 32.10760281880697 -6 109.16357186635335
      vertex 32.115288734436035 -5 109.12493228912354
    endloop
  endfacet
  facet normal 0 -1 0
    outer loop
      vertex 32 -5 109.7045259475708
      vertex 32.115288734436035 -5 109.12493228912354
      vertex 32.669748306274414 -5 108.08761215209961
    endloop
  endfacet
  facet normal 0 -1 0
    outer loop
      vertex 32 -5 109.7045259475708
      vertex 32.669748306274414 -5 108.08761215209961
      vertex 32 -5 110.2954740524292
    endloop
  endfacet
  facet normal 0.9807851548654608 -5.592107281874151e-16 -0.19509095313605423
    outer loop
      vertex 32 -5 110.2954740524292
      vertex 32.115288734436035 -5 110.87506771087646
      vertex 32.00768591562907 -6 110.33411362965902
    endloop
  endfacet
  facet normal 0 -1 0
    outer loop
      vertex 32 -5 110.2954740524292
      vertex 32.669748306274414 -5 108.08761215209961
      vertex 32.115288734436035 -5 110.87506771087646
    endloop
  endfacet
  facet normal 0.9807851548654606 0 -0.19509095313605523
    outer loop
      vertex 32.00768591562907 -6 110.33411362965902
      vertex 32.115288734436035 -5 110.87506771087646
      vertex 32.115288734436035 -6 110.87506771087646
    endloop
  endfacet
  facet normal 0.9807851548654636 0 0.1950909531360403
    outer loop
      vertex 32.10760281880697 -6 109.16357186635335
      vertex 32.115288734436035 -6 109.12493228912354
      vertex 32.115288734436035 -5 109.12493228912354
    endloop
  endfacet
  facet normal 0.9238789911886836 0 0.3826847392308456
    outer loop
      vertex 32.115288734436035 -6 109.12493228912354
      vertex 32.130365180969235 -6 109.08853467305502
      vertex 32.115288734436035 -5 109.12493228912354
    endloop
  endfacet
  facet normal 0.9238789911886836 0 -0.3826847392308456
    outer loop
      vertex 32.115288734436035 -6 110.87506771087646
      vertex 32.115288734436035 -5 110.87506771087646
      vertex 32.130365180969235 -6 110.91146532694498
    endloop
  endfacet
  facet normal 0.9238789911886932 9.980678486676426e-16 0.38268473923082214
    outer loop
      vertex 32.115288734436035 -5 109.12493228912354
      vertex 32.130365180969235 -6 109.08853467305502
      vertex 32.34143543243408 -5 108.5789680480957
    endloop
  endfacet
  facet normal 0 -1 0
    outer loop
      vertex 32.115288734436035 -5 109.12493228912354
      vertex 32.34143543243408 -5 108.5789680480957
      vertex 32.669748306274414 -5 108.08761215209961
    endloop
  endfacet
  facet normal 0.9238789911886932 9.980678486676426e-16 -0.38268473923082214
    outer loop
      vertex 32.115288734436035 -5 110.87506771087646
      vertex 32.34143543243408 -5 111.4210319519043
      vertex 32.130365180969235 -6 110.91146532694498
    endloop
  endfacet
  facet normal 0 -1 0
    outer loop
      vertex 32.115288734436035 -5 110.87506771087646
      vertex 32.669748306274414 -5 108.08761215209961
      vertex 32.34143543243408 -5 111.4210319519043
    endloop
  endfacet
  facet normal 0.923878991188694 0 0.38268473923082047
    outer loop
      vertex 32.130365180969235 -6 109.08853467305502
      vertex 32.34143543243408 -6 108.5789680480957
      vertex 32.34143543243408 -5 108.5789680480957
    endloop
  endfacet
  facet normal 0.923878991188694 0 -0.38268473923082047
    outer loop
      vertex 32.130365180969235 -6 110.91146532694498
      vertex 32.34143543243408 -5 111.4210319519043
      vertex 32.34143543243408 -6 111.4210319519043
    endloop
  endfacet
  facet normal 0.3826837323502579 0.9238794082533046 -7.844634662629488e-16
    outer loop
      vertex 32.20069417953491 -38.1711163520813 102.21408364211936
      vertex 32.41453037261963 -38.259690284729004 102.21408364211936
      vertex 32.328995895385745 -38.22426071166993 96.21408364211936
    endloop
  endfacet
  facet normal 0.3826837323502579 -0.9238794082533046 -7.844634662629488e-16
    outer loop
      vertex 32.20069417953491 -33.828882694244385 102.21408364211936
      vertex 32.328995895385745 -33.775738334655756 96.21408364211936
      vertex 32.41453037261963 -33.74030876159668 102.21408364211936
    endloop
  endfacet
  facet normal 0 0 1
    outer loop
      vertex 32.20069417953491 -33.828882694244385 102.21408364211936
      vertex 32.41453037261963 -33.74030876159668 102.21408364211936
      vertex 32.20069417953491 -30.171117305755615 102.21408364211936
    endloop
  endfacet
  facet normal 0 0 1
    outer loop
      vertex 32.20069417953491 -30.171117305755615 102.21408364211936
      vertex 32.41453037261963 -33.74030876159668 102.21408364211936
      vertex 32.41453037261963 -30.25969123840332 102.21408364211936
    endloop
  endfacet
  facet normal 0.3826837323502579 0.9238794082533046 3.0978812043504983e-16
    outer loop
      vertex 32.20069417953491 -30.171117305755615 102.21408364211936
      vertex 32.41453037261963 -30.25969123840332 102.21408364211936
      vertex 32.328995895385745 -30.224261665344237 96.21408364211936
    endloop
  endfacet
  facet normal 0.3826837323502579 -0.9238794082533046 3.0978812043504983e-16
    outer loop
      vertex 32.20069417953491 -25.8288836479187 102.21408364211936
      vertex 32.328995895385745 -25.77573928833008 96.21408364211936
      vertex 32.41453037261963 -25.740309715270996 102.21408364211936
    endloop
  endfacet
  facet normal 0.38268373235021086 0.923879408253324 0
    outer loop
      vertex 32.328995895385745 -38.22426071166993 96.21408364211936
      vertex 32.41453037261963 -38.259690284729004 102.21408364211936
      vertex 32.41453037261963 -38.259690284729004 96.21408364211936
    endloop
  endfacet
  facet normal 0 0 -1
    outer loop
      vertex 32.328995895385745 -33.775738334655756 96.21408364211936
      vertex 32.328995895385745 -30.224261665344237 96.21408364211936
      vertex 32.41453037261963 -30.25969123840332 96.21408364211936
    endloop
  endfacet
  facet normal 0.38268373235021086 -0.923879408253324 0
    outer loop
      vertex 32.328995895385745 -33.775738334655756 96.21408364211936
      vertex 32.41453037261963 -33.74030876159668 96.21408364211936
      vertex 32.41453037261963 -33.74030876159668 102.21408364211936
    endloop
  endfacet
  facet normal 0 0 -1
    outer loop
      vertex 32.328995895385745 -33.775738334655756 96.21408364211936
      vertex 32.41453037261963 -30.25969123840332 96.21408364211936
      vertex 32.41453037261963 -33.74030876159668 96.21408364211936
    endloop
  endfacet
  facet normal 0.38268373235027636 0.923879408253297 0
    outer loop
      vertex 32.328995895385745 -30.224261665344237 96.21408364211936
      vertex 32.41453037261963 -30.25969123840332 102.21408364211936
      vertex 32.41453037261963 -30.25969123840332 96.21408364211936
    endloop
  endfacet
  facet normal 0.38268373235027636 -0.923879408253297 0
    outer loop
      vertex 32.328995895385745 -25.77573928833008 96.21408364211936
      vertex 32.41453037261963 -25.740309715270996 96.21408364211936
      vertex 32.41453037261963 -25.740309715270996 102.21408364211936
    endloop
  endfacet
  facet normal 0 0 -1
    outer loop
      vertex 32.328995895385745 -25.77573928833008 96.21408364211936
      vertex 38.49818354094705 -6 96.21408364211936
      vertex 32.41453037261963 -25.740309715270996 96.21408364211936
    endloop
  endfacet
  facet normal 0.8314701121787441 0 0.555569484901274
    outer loop
      vertex 32.34143543243408 -6 108.5789680480957
      vertex 32.647860781351724 -6 108.1203692118327
      vertex 32.34143543243408 -5 108.5789680480957
    endloop
  endfacet
  facet normal 0.8314701121787441 0 -0.555569484901274
    outer loop
      vertex 32.34143543243408 -6 111.4210319519043
      vertex 32.34143543243408 -5 111.4210319519043
      vertex 32.647860781351724 -6 111.8796307881673
    endloop
  endfacet
  facet normal 0.8314701121787506 6.575499441906509e-15 0.555569484901264
    outer loop
      vertex 32.34143543243408 -5 108.5789680480957
      vertex 32.647860781351724 -6 108.1203692118327
      vertex 32.669748306274414 -5 108.08761215209961
    endloop
  endfacet
  facet normal 0 -1 0
    outer loop
      vertex 32.34143543243408 -5 111.4210319519043
      vertex 32.669748306274414 -5 108.08761215209961
      vertex 32.669748306274414 -5 111.91238784790039
    endloop
  endfacet
  facet normal 0.8314701121787506 6.575499441906509e-15 -0.555569484901264
    outer loop
      vertex 32.34143543243408 -5 111.4210319519043
      vertex 32.669748306274414 -5 111.91238784790039
      vertex 32.647860781351724 -6 111.8796307881673
    endloop
  endfacet
  facet normal 0.19508990438315923 0.9807853634755006 0
    outer loop
      vertex 32.41453037261963 -38.259690284729004 96.21408364211936
      vertex 32.41453037261963 -38.259690284729004 102.21408364211936
      vertex 32.505333518981935 -38.27775211334229 96.21408364211936
    endloop
  endfacet
  facet normal 0.1950899043831297 0.9807853634755064 -4.646811072553141e-16
    outer loop
      vertex 32.41453037261963 -38.259690284729004 102.21408364211936
      vertex 32.64153823852539 -38.30484485626221 102.21408364211936
      vertex 32.505333518981935 -38.27775211334229 96.21408364211936
    endloop
  endfacet
  facet normal 0 0 -1
    outer loop
      vertex 32.41453037261963 -33.74030876159668 96.21408364211936
      vertex 32.41453037261963 -30.25969123840332 96.21408364211936
      vertex 32.505333518981935 -30.277753067016604 96.21408364211936
    endloop
  endfacet
  facet normal 0.19508990438315923 -0.9807853634755006 0
    outer loop
      vertex 32.41453037261963 -33.74030876159668 96.21408364211936
      vertex 32.505333518981935 -33.722246932983396 96.21408364211936
      vertex 32.41453037261963 -33.74030876159668 102.21408364211936
    endloop
  endfacet
  facet normal 0 0 -1
    outer loop
      vertex 32.41453037261963 -33.74030876159668 96.21408364211936
      vertex 32.505333518981935 -30.277753067016604 96.21408364211936
      vertex 32.505333518981935 -33.722246932983396 96.21408364211936
    endloop
  endfacet
  facet normal 0.1950899043831297 -0.9807853634755064 -4.646811072553141e-16
    outer loop
      vertex 32.41453037261963 -33.74030876159668 102.21408364211936
      vertex 32.505333518981935 -33.722246932983396 96.21408364211936
      vertex 32.64153823852539 -33.69515419006348 102.21408364211936
    endloop
  endfacet
  facet normal 0 0 1
    outer loop
      vertex 32.41453037261963 -33.74030876159668 102.21408364211936
      vertex 32.64153823852539 -33.69515419006348 102.21408364211936
      vertex 32.41453037261963 -30.25969123840332 102.21408364211936
    endloop
  endfacet
  facet normal 0.19508990438315923 0.9807853634755006 0
    outer loop
      vertex 32.41453037261963 -30.25969123840332 96.21408364211936
      vertex 32.41453037261963 -30.25969123840332 102.21408364211936
      vertex 32.505333518981935 -30.277753067016604 96.21408364211936
    endloop
  endfacet
  facet normal 0 0 1
    outer loop
      vertex 32.41453037261963 -30.25969123840332 102.21408364211936
      vertex 32.64153823852539 -33.69515419006348 102.21408364211936
      vertex 32.64153823852539 -30.304845809936523 102.21408364211936
    endloop
  endfacet
  facet normal 0.1950899043831297 0.9807853634755064 -4.646811072553141e-16
    outer loop
      vertex 32.41453037261963 -30.25969123840332 102.21408364211936
      vertex 32.64153823852539 -30.304845809936523 102.21408364211936
      vertex 32.505333518981935 -30.277753067016604 96.21408364211936
    endloop
  endfacet
  facet normal 0.19508990438315923 -0.9807853634755006 0
    outer loop
      vertex 32.41453037261963 -25.740309715270996 96.21408364211936
      vertex 32.505333518981935 -25.722247886657712 96.21408364211936
      vertex 32.41453037261963 -25.740309715270996 102.21408364211936
    endloop
  endfacet
  facet normal 0 0 -1
    outer loop
      vertex 32.41453037261963 -25.740309715270996 96.21408364211936
      vertex 38.49818354094705 -6 96.21408364211936
      vertex 32.505333518981935 -25.722247886657712 96.21408364211936
    endloop
  endfacet
  facet normal 0.1950899043831297 -0.9807853634755064 -4.646811072553141e-16
    outer loop
      vertex 32.41453037261963 -25.740309715270996 102.21408364211936
      vertex 32.505333518981935 -25.722247886657712 96.21408364211936
      vertex 32.64153823852539 -25.695155143737793 102.21408364211936
    endloop
  endfacet
  facet normal 0.19508990438312232 0.9807853634755078 -2.9042569203457173e-16
    outer loop
      vertex 32.505333518981935 -38.27775211334229 96.21408364211936
      vertex 32.64153823852539 -38.30484485626221 102.21408364211936
      vertex 32.868546104431154 -38.34999942779541 96.21408364211936
    endloop
  endfacet
  facet normal 0 0 -1
    outer loop
      vertex 32.505333518981935 -33.722246932983396 96.21408364211936
      vertex 32.505333518981935 -30.277753067016604 96.21408364211936
      vertex 32.868546104431154 -30.350000381469727 96.21408364211936
    endloop
  endfacet
  facet normal 0.19508990438312232 -0.9807853634755078 -2.9042569203457173e-16
    outer loop
      vertex 32.505333518981935 -33.722246932983396 96.21408364211936
      vertex 32.868546104431154 -33.64999961853027 96.21408364211936
      vertex 32.64153823852539 -33.69515419006348 102.21408364211936
    endloop
  endfacet
  facet normal 0 0 -1
    outer loop
      vertex 32.505333518981935 -33.722246932983396 96.21408364211936
      vertex 32.868546104431154 -30.350000381469727 96.21408364211936
      vertex 32.868546104431154 -33.64999961853027 96.21408364211936
    endloop
  endfacet
  facet normal 0.19508990438312232 0.9807853634755078 -2.9042569203457173e-16
    outer loop
      vertex 32.505333518981935 -30.277753067016604 96.21408364211936
      vertex 32.64153823852539 -30.304845809936523 102.21408364211936
      vertex 32.868546104431154 -30.350000381469727 96.21408364211936
    endloop
  endfacet
  facet normal 0.19508990438312232 -0.9807853634755078 -2.9042569203457173e-16
    outer loop
      vertex 32.505333518981935 -25.722247886657712 96.21408364211936
      vertex 32.868546104431154 -25.65000057220459 96.21408364211936
      vertex 32.64153823852539 -25.695155143737793 102.21408364211936
    endloop
  endfacet
  facet normal 0 0 -1
    outer loop
      vertex 32.505333518981935 -25.722247886657712 96.21408364211936
      vertex 38.49818354094705 -6 96.21408364211936
      vertex 32.868546104431154 -25.65000057220459 96.21408364211936
    endloop
  endfacet
  facet normal 0.1950899043831297 0.9807853634755064 0
    outer loop
      vertex 32.64153823852539 -38.30484485626221 102.21408364211936
      vertex 32.868546104431154 -38.34999942779541 102.21408364211936
      vertex 32.868546104431154 -38.34999942779541 96.21408364211936
    endloop
  endfacet
  facet normal 0.1950899043831297 -0.9807853634755064 0
    outer loop
      vertex 32.64153823852539 -33.69515419006348 102.21408364211936
      vertex 32.868546104431154 -33.64999961853027 96.21408364211936
      vertex 32.868546104431154 -33.64999961853027 102.21408364211936
    endloop
  endfacet
  facet normal 0 0 1
    outer loop
      vertex 32.64153823852539 -33.69515419006348 102.21408364211936
      vertex 32.868546104431154 -33.64999961853027 102.21408364211936
      vertex 32.64153823852539 -30.304845809936523 102.21408364211936
    endloop
  endfacet
  facet normal 0 0 1
    outer loop
      vertex 32.64153823852539 -30.304845809936523 102.21408364211936
      vertex 32.868546104431154 -33.64999961853027 102.21408364211936
      vertex 32.868546104431154 -30.350000381469727 102.21408364211936
    endloop
  endfacet
  facet normal 0.1950899043831297 0.9807853634755064 0
    outer loop
      vertex 32.64153823852539 -30.304845809936523 102.21408364211936
      vertex 32.868546104431154 -30.350000381469727 102.21408364211936
      vertex 32.868546104431154 -30.350000381469727 96.21408364211936
    endloop
  endfacet
  facet normal 0.19508990438314155 -0.980785363475504 4.665367381924906e-16
    outer loop
      vertex 32.64153823852539 -25.695155143737793 102.21408364211936
      vertex 32.868546104431154 -25.65000057220459 96.21408364211936
      vertex 32.81841066013381 -25.659973109926312 102.21408364211936
    endloop
  endfacet
  facet normal 0.8314701121788434 0 0.5555694849011251
    outer loop
      vertex 32.647860781351724 -6 108.1203692118327
      vertex 32.669748306274414 -6 108.08761215209961
      vertex 32.669748306274414 -5 108.08761215209961
    endloop
  endfacet
  facet normal 0.8314701121788434 0 -0.5555694849011251
    outer loop
      vertex 32.647860781351724 -6 111.8796307881673
      vertex 32.669748306274414 -5 111.91238784790039
      vertex 32.669748306274414 -6 111.91238784790039
    endloop
  endfacet
  facet normal 0.7071067811867279 0 0.7071067811863672
    outer loop
      vertex 32.669748306274414 -6 108.08761215209961
      vertex 32.69760589599609 -6 108.05975456237792
      vertex 32.669748306274414 -5 108.08761215209961
    endloop
  endfacet
  facet normal 0.7071067811865346 0 -0.7071067811865603
    outer loop
      vertex 32.669748306274414 -6 111.91238784790039
      vertex 32.669748306274414 -5 111.91238784790039
      vertex 33.05975456237793 -6 112.3023941040039
    endloop
  endfacet
  facet normal 0.7071067811865475 -1.0048178932432025e-14 0.7071067811865475
    outer loop
      vertex 32.669748306274414 -5 108.08761215209961
      vertex 32.69760589599609 -6 108.05975456237792
      vertex 33.08761215209961 -5 107.66974830627441
    endloop
  endfacet
  facet normal 0 -1 0
    outer loop
      vertex 32.669748306274414 -5 108.08761215209961
      vertex 33.08761215209961 -5 107.66974830627441
      vertex 33.5789680480957 -5 107.34143543243408
    endloop
  endfacet
  facet normal 0 -1 0
    outer loop
      vertex 32.669748306274414 -5 108.08761215209961
      vertex 33.08761215209961 -5 112.33025169372559
      vertex 32.669748306274414 -5 111.91238784790039
    endloop
  endfacet
  facet normal 0 -1 0
    outer loop
      vertex 32.669748306274414 -5 108.08761215209961
      vertex 33.35000038146973 -5 109.83749008178711
      vertex 33.35000038146973 -5 110
    endloop
  endfacet
  facet normal 0 -1 0
    outer loop
      vertex 32.669748306274414 -5 108.08761215209961
      vertex 33.35000038146973 -5 110
      vertex 33.35000038146973 -5 110.16250991821289
    endloop
  endfacet
  facet normal 0 -1 0
    outer loop
      vertex 32.669748306274414 -5 108.08761215209961
      vertex 33.35000038146973 -5 110.16250991821289
      vertex 33.381704807281494 -5 110.32189846038818
    endloop
  endfacet
  facet normal 0 -1 0
    outer loop
      vertex 32.669748306274414 -5 108.08761215209961
      vertex 33.36446030508091 -5 109.76479530541624
      vertex 33.35000038146973 -5 109.83749008178711
    endloop
  endfacet
  facet normal 0 -1 0
    outer loop
      vertex 32.669748306274414 -5 108.08761215209961
      vertex 33.381704807281494 -5 109.67810153961182
      vertex 33.36446030508091 -5 109.76479530541624
    endloop
  endfacet
  facet normal 0 -1 0
    outer loop
      vertex 32.669748306274414 -5 108.08761215209961
      vertex 33.381704807281494 -5 110.32189846038818
      vertex 33.41340923309326 -5 110.48128700256348
    endloop
  endfacet
  facet normal 0 -1 0
    outer loop
      vertex 32.669748306274414 -5 108.08761215209961
      vertex 33.41340923309326 -5 109.51871299743652
      vertex 33.381704807281494 -5 109.67810153961182
    endloop
  endfacet
  facet normal 0 -1 0
    outer loop
      vertex 32.669748306274414 -5 108.08761215209961
      vertex 33.41340923309326 -5 110.48128700256348
      vertex 34.124932289123535 -5 112.88471126556396
    endloop
  endfacet
  facet normal 0 -1 0
    outer loop
      vertex 32.669748306274414 -5 108.08761215209961
      vertex 33.42269935550932 -5 109.49628462664955
      vertex 33.41340923309326 -5 109.51871299743652
    endloop
  endfacet
  facet normal 0 -1 0
    outer loop
      vertex 32.669748306274414 -5 108.08761215209961
      vertex 33.47559928894043 -5 109.36857271194458
      vertex 33.42269935550932 -5 109.49628462664955
    endloop
  endfacet
  facet normal 0 -1 0
    outer loop
      vertex 32.669748306274414 -5 108.08761215209961
      vertex 33.49475623844927 -5 109.32232368017847
      vertex 33.47559928894043 -5 109.36857271194458
    endloop
  endfacet
  facet normal 0 -1 0
    outer loop
      vertex 32.669748306274414 -5 108.08761215209961
      vertex 33.5377893447876 -5 109.21843242645264
      vertex 33.49475623844927 -5 109.32232368017847
    endloop
  endfacet
  facet normal 0 -1 0
    outer loop
      vertex 32.669748306274414 -5 108.08761215209961
      vertex 33.56471615706674 -5 109.17813364975004
      vertex 33.5377893447876 -5 109.21843242645264
    endloop
  endfacet
  facet normal 0 -1 0
    outer loop
      vertex 32.669748306274414 -5 108.08761215209961
      vertex 33.5789680480957 -5 107.34143543243408
      vertex 34.124932289123535 -5 107.11528873443604
    endloop
  endfacet
  facet normal 0 -1 0
    outer loop
      vertex 32.669748306274414 -5 108.08761215209961
      vertex 33.5789680480957 -5 112.65856456756592
      vertex 33.08761215209961 -5 112.33025169372559
    endloop
  endfacet
  facet normal 0 -1 0
    outer loop
      vertex 32.669748306274414 -5 108.08761215209961
      vertex 33.62807559967041 -5 109.08330965042114
      vertex 33.56471615706674 -5 109.17813364975004
    endloop
  endfacet
  facet normal 0 -1 0
    outer loop
      vertex 32.669748306274414 -5 108.08761215209961
      vertex 33.643044014348575 -5 109.06090786017378
      vertex 33.62807559967041 -5 109.08330965042114
    endloop
  endfacet
  facet normal 0 -1 0
    outer loop
      vertex 32.669748306274414 -5 108.08761215209961
      vertex 33.718361835538204 -5 108.94818690284762
      vertex 33.643044014348575 -5 109.06090786017378
    endloop
  endfacet
  facet normal 0 -1 0
    outer loop
      vertex 32.669748306274414 -5 108.08761215209961
      vertex 33.71836185455322 -5 108.94818687438965
      vertex 33.718361835538204 -5 108.94818690284762
    endloop
  endfacet
  facet normal 0 -1 0
    outer loop
      vertex 32.669748306274414 -5 108.08761215209961
      vertex 33.81422311090118 -5 108.8523256180417
      vertex 33.71836185455322 -5 108.94818687438965
    endloop
  endfacet
  facet normal 0 -1 0
    outer loop
      vertex 32.669748306274414 -5 108.08761215209961
      vertex 33.833274364471436 -5 108.83327436447144
      vertex 33.81422311090118 -5 108.8523256180417
    endloop
  endfacet
  facet normal 0 -1 0
    outer loop
      vertex 32.669748306274414 -5 108.08761215209961
      vertex 33.91391544035382 -5 108.75263328858907
      vertex 33.833274364471436 -5 108.83327436447144
    endloop
  endfacet
  facet normal 0 -1 0
    outer loop
      vertex 32.669748306274414 -5 108.08761215209961
      vertex 33.94818687438965 -5 108.71836185455322
      vertex 33.91391544035382 -5 108.75263328858907
    endloop
  endfacet
  facet normal 0 -1 0
    outer loop
      vertex 32.669748306274414 -5 108.08761215209961
      vertex 34.04168644250154 -5 108.65588736960024
      vertex 33.94818687438965 -5 108.71836185455322
    endloop
  endfacet
  facet normal 0 -1 0
    outer loop
      vertex 32.669748306274414 -5 108.08761215209961
      vertex 34.08330965042114 -5 108.62807559967041
      vertex 34.04168644250154 -5 108.65588736960024
    endloop
  endfacet
  facet normal 0 -1 0
    outer loop
      vertex 32.669748306274414 -5 108.08761215209961
      vertex 34.124932289123535 -5 107.11528873443604
      vertex 34.7045259475708 -5 107
    endloop
  endfacet
  facet normal 0 -1 0
    outer loop
      vertex 32.669748306274414 -5 108.08761215209961
      vertex 34.124932289123535 -5 112.88471126556396
      vertex 33.5789680480957 -5 112.65856456756592
    endloop
  endfacet
  facet normal 0 -1 0
    outer loop
      vertex 32.669748306274414 -5 108.08761215209961
      vertex 34.19824677115925 -5 108.55127698375063
      vertex 34.08330965042114 -5 108.62807559967041
    endloop
  endfacet
  facet normal 0 -1 0
    outer loop
      vertex 32.669748306274414 -5 108.08761215209961
      vertex 34.21843242645264 -5 108.5377893447876
      vertex 34.19824677115925 -5 108.55127698375063
    endloop
  endfacet
  facet normal 0 -1 0
    outer loop
      vertex 32.669748306274414 -5 108.08761215209961
      vertex 34.36857271194458 -5 108.47559928894043
      vertex 34.21843242645264 -5 108.5377893447876
    endloop
  endfacet
  facet normal 0 -1 0
    outer loop
      vertex 32.669748306274414 -5 108.08761215209961
      vertex 34.450236469571806 -5 108.44177310011386
      vertex 34.36857271194458 -5 108.47559928894043
    endloop
  endfacet
  facet normal 0 -1 0
    outer loop
      vertex 32.669748306274414 -5 108.08761215209961
      vertex 34.51871299743652 -5 108.41340923309326
      vertex 34.450236469571806 -5 108.44177310011386
    endloop
  endfacet
  facet normal 0 -1 0
    outer loop
      vertex 32.669748306274414 -5 108.08761215209961
      vertex 34.678101539611816 -5 108.3817048072815
      vertex 34.51871299743652 -5 108.41340923309326
    endloop
  endfacet
  facet normal 0 -1 0
    outer loop
      vertex 32.669748306274414 -5 108.08761215209961
      vertex 34.7045259475708 -5 107
      vertex 35.2954740524292 -5 107
    endloop
  endfacet
  facet normal 0 -1 0
    outer loop
      vertex 32.669748306274414 -5 108.08761215209961
      vertex 34.83749008178711 -5 108.35000038146973
      vertex 34.678101539611816 -5 108.3817048072815
    endloop
  endfacet
  facet normal 0 -1 0
    outer loop
      vertex 32.669748306274414 -5 108.08761215209961
      vertex 35 -5 108.35000038146973
      vertex 34.83749008178711 -5 108.35000038146973
    endloop
  endfacet
  facet normal 0 -1 0
    outer loop
      vertex 32.669748306274414 -5 108.08761215209961
      vertex 35.16250991821289 -5 108.35000038146973
      vertex 35 -5 108.35000038146973
    endloop
  endfacet
  facet normal 0 -1 0
    outer loop
      vertex 32.669748306274414 -5 108.08761215209961
      vertex 35.2954740524292 -5 107
      vertex 35.875067710876465 -5 107.11528873443604
    endloop
  endfacet
  facet normal 0 -1 0
    outer loop
      vertex 32.669748306274414 -5 108.08761215209961
      vertex 35.875067710876465 -5 107.11528873443604
      vertex 36.4210319519043 -5 107.34143543243408
    endloop
  endfacet
  facet normal 0 -1 0
    outer loop
      vertex 32.669748306274414 -5 108.08761215209961
      vertex 36.4210319519043 -5 107.34143543243408
      vertex 36.91238784790039 -5 107.66974830627441
    endloop
  endfacet
  facet normal 0 -1 0
    outer loop
      vertex 32.669748306274414 -5 108.08761215209961
      vertex 36.91238784790039 -5 107.66974830627441
      vertex 37.330251693725586 -5 108.08761215209961
    endloop
  endfacet
  facet normal 0 -1 0
    outer loop
      vertex 32.669748306274414 -5 108.08761215209961
      vertex 37.330251693725586 -5 108.08761215209961
      vertex 37.65856456756592 -5 108.5789680480957
    endloop
  endfacet
  facet normal 0 -1 0
    outer loop
      vertex 32.669748306274414 -5 108.08761215209961
      vertex 37.65856456756592 -5 108.5789680480957
      vertex 35.16250991821289 -5 108.35000038146973
    endloop
  endfacet
  facet normal 0.7071067811865475 1.0051114421456984e-14 -0.7071067811865475
    outer loop
      vertex 32.669748306274414 -5 111.91238784790039
      vertex 33.08761215209961 -5 112.33025169372559
      vertex 33.05975456237793 -6 112.3023941040039
    endloop
  endfacet
  facet normal 0.7071067811865346 0 0.7071067811865603
    outer loop
      vertex 32.69760589599609 -6 108.05975456237792
      vertex 33.08761215209961 -6 107.66974830627441
      vertex 33.08761215209961 -5 107.66974830627441
    endloop
  endfacet
  facet normal 0.19508990438308785 -0.9807853634755148 0
    outer loop
      vertex 32.81841066013381 -25.659973109926312 102.21408364211936
      vertex 32.868546104431154 -25.65000057220459 96.21408364211936
      vertex 32.868546104431154 -25.65000057220459 102.21408364211936
    endloop
  endfacet
  facet normal 0 1 0
    outer loop
      vertex 32.868546104431154 -38.34999942779541 96.21408364211936
      vertex 32.868546104431154 -38.34999942779541 102.21408364211936
      vertex 33.1 -38.34999942779541 102.21408364211936
    endloop
  endfacet
  facet normal 0 1 0
    outer loop
      vertex 32.868546104431154 -38.34999942779541 96.21408364211936
      vertex 33.1 -38.34999942779541 102.21408364211936
      vertex 33.238872337341306 -38.34999942779541 96.21408364211936
    endloop
  endfacet
  facet normal 0 0 -1
    outer loop
      vertex 32.868546104431154 -38.34999942779541 96.21408364211936
      vertex 33.238872337341306 -38.34999942779541 96.21408364211936
      vertex 39.999999618530275 -51.54698257446289 96.21408364211936
    endloop
  endfacet
  facet normal 0 0 -1
    outer loop
      vertex 32.868546104431154 -33.64999961853027 96.21408364211936
      vertex 32.868546104431154 -30.350000381469727 96.21408364211936
      vertex 32.9611276626587 -33.64999961853027 96.21408364211936
    endloop
  endfacet
  facet normal 0 -1 0
    outer loop
      vertex 32.868546104431154 -33.64999961853027 96.21408364211936
      vertex 32.9611276626587 -33.64999961853027 96.21408364211936
      vertex 32.868546104431154 -33.64999961853027 102.21408364211936
    endloop
  endfacet
  facet normal 0 -1 0
    outer loop
      vertex 32.868546104431154 -33.64999961853027 102.21408364211936
      vertex 32.9611276626587 -33.64999961853027 96.21408364211936
      vertex 33.1 -33.64999961853027 102.21408364211936
    endloop
  endfacet
  facet normal 0 0 1
    outer loop
      vertex 32.868546104431154 -33.64999961853027 102.21408364211936
      vertex 33.1 -33.64999961853027 102.21408364211936
      vertex 32.868546104431154 -30.350000381469727 102.21408364211936
    endloop
  endfacet
  facet normal 0 1 0
    outer loop
      vertex 32.868546104431154 -30.350000381469727 96.21408364211936
      vertex 32.868546104431154 -30.350000381469727 102.21408364211936
      vertex 33.1 -30.350000381469727 102.21408364211936
    endloop
  endfacet
  facet normal 0 1 0
    outer loop
      vertex 32.868546104431154 -30.350000381469727 96.21408364211936
      vertex 33.1 -30.350000381469727 102.21408364211936
      vertex 33.238872337341306 -30.350000381469727 96.21408364211936
    endloop
  endfacet
  facet normal 0 0 -1
    outer loop
      vertex 32.868546104431154 -30.350000381469727 96.21408364211936
      vertex 33.238872337341306 -30.350000381469727 96.21408364211936
      vertex 32.9611276626587 -33.64999961853027 96.21408364211936
    endloop
  endfacet
  facet normal 0 0 1
    outer loop
      vertex 32.868546104431154 -30.350000381469727 102.21408364211936
      vertex 33.1 -33.64999961853027 102.21408364211936
      vertex 33.1 -30.350000381469727 102.21408364211936
    endloop
  endfacet
  facet normal 0 -1 0
    outer loop
      vertex 32.868546104431154 -25.65000057220459 96.21408364211936
      vertex 32.9611276626587 -25.65000057220459 96.21408364211936
      vertex 32.868546104431154 -25.65000057220459 102.21408364211936
    endloop
  endfacet
  facet normal 0 0 -1
    outer loop
      vertex 32.868546104431154 -25.65000057220459 96.21408364211936
      vertex 38.49818354094705 -6 96.21408364211936
      vertex 32.9611276626587 -25.65000057220459 96.21408364211936
    endloop
  endfacet
  facet normal 0 -1 0
    outer loop
      vertex 32.868546104431154 -25.65000057220459 102.21408364211936
      vertex 32.9611276626587 -25.65000057220459 96.21408364211936
      vertex 33.1 -25.65000057220459 102.21408364211936
    endloop
  endfacet
  facet normal 0 0 -1
    outer loop
      vertex 32.9611276626587 -33.64999961853027 96.21408364211936
      vertex 33.238872337341306 -30.350000381469727 96.21408364211936
      vertex 33.33145389556885 -33.64999961853027 96.21408364211936
    endloop
  endfacet
  facet normal 0 -1 0
    outer loop
      vertex 32.9611276626587 -33.64999961853027 96.21408364211936
      vertex 33.33145389556885 -33.64999961853027 96.21408364211936
      vertex 33.1 -33.64999961853027 102.21408364211936
    endloop
  endfacet
  facet normal 0 -1 0
    outer loop
      vertex 32.9611276626587 -25.65000057220459 96.21408364211936
      vertex 33.33145389556885 -25.65000057220459 96.21408364211936
      vertex 33.1 -25.65000057220459 102.21408364211936
    endloop
  endfacet
  facet normal 0 0 -1
    outer loop
      vertex 32.9611276626587 -25.65000057220459 96.21408364211936
      vertex 38.49818354094705 -6 96.21408364211936
      vertex 33.33145389556885 -25.65000057220459 96.21408364211936
    endloop
  endfacet
  facet normal 0.7071067811867279 0 -0.7071067811863672
    outer loop
      vertex 33.05975456237793 -6 112.3023941040039
      vertex 33.08761215209961 -5 112.33025169372559
      vertex 33.08761215209961 -6 112.33025169372559
    endloop
  endfacet
  facet normal 0.5555694849010424 0 0.8314701121788988
    outer loop
      vertex 33.08761215209961 -6 107.66974830627441
      vertex 33.12036921183268 -6 107.64786078135174
      vertex 33.08761215209961 -5 107.66974830627441
    endloop
  endfacet
  facet normal 0.5555694849010424 0 -0.8314701121788988
    outer loop
      vertex 33.08761215209961 -6 112.33025169372559
      vertex 33.08761215209961 -5 112.33025169372559
      vertex 33.12036921183268 -6 112.35213921864826
    endloop
  endfacet
  facet normal 0 -1 0
    outer loop
      vertex 33.08761215209961 -6 112.33025169372559
      vertex 33.12036921183268 -6 112.35213921864826
      vertex 40.19698238372803 -6 120
    endloop
  endfacet
  facet normal 0.555569484901264 1.0500250671294458e-14 0.8314701121787506
    outer loop
      vertex 33.08761215209961 -5 107.66974830627441
      vertex 33.12036921183268 -6 107.64786078135174
      vertex 33.5789680480957 -5 107.34143543243408
    endloop
  endfacet
  facet normal 0.555569484901264 1.0500250671294458e-14 -0.8314701121787506
    outer loop
      vertex 33.08761215209961 -5 112.33025169372559
      vertex 33.5789680480957 -5 112.65856456756592
      vertex 33.12036921183268 -6 112.35213921864826
    endloop
  endfacet
  facet normal 0 1 0
    outer loop
      vertex 33.1 -38.34999942779541 102.21408364211936
      vertex 33.33145389556885 -38.34999942779541 102.21408364211936
      vertex 33.238872337341306 -38.34999942779541 96.21408364211936
    endloop
  endfacet
  facet normal 0 0 1
    outer loop
      vertex 33.1 -38.34999942779541 102.21408364211936
      vertex 39.999999618530275 -51.54698257446289 102.21408364211936
      vertex 33.33145389556885 -38.34999942779541 102.21408364211936
    endloop
  endfacet
  facet normal 0 -1 0
    outer loop
      vertex 33.1 -33.64999961853027 102.21408364211936
      vertex 33.33145389556885 -33.64999961853027 96.21408364211936
      vertex 33.33145389556885 -33.64999961853027 102.21408364211936
    endloop
  endfacet
  facet normal 0 0 1
    outer loop
      vertex 33.1 -33.64999961853027 102.21408364211936
      vertex 33.33145389556885 -33.64999961853027 102.21408364211936
      vertex 33.1 -30.350000381469727 102.21408364211936
    endloop
  endfacet
  facet normal 0 0 1
    outer loop
      vertex 33.1 -30.350000381469727 102.21408364211936
      vertex 33.33145389556885 -33.64999961853027 102.21408364211936
      vertex 33.33145389556885 -30.350000381469727 102.21408364211936
    endloop
  endfacet
  facet normal 0 1 0
    outer loop
      vertex 33.1 -30.350000381469727 102.21408364211936
      vertex 33.33145389556885 -30.350000381469727 102.21408364211936
      vertex 33.238872337341306 -30.350000381469727 96.21408364211936
    endloop
  endfacet
  facet normal 0 -1 0
    outer loop
      vertex 33.1 -25.65000057220459 102.21408364211936
      vertex 33.33145389556885 -25.65000057220459 96.21408364211936
      vertex 33.33145389556885 -25.65000057220459 102.21408364211936
    endloop
  endfacet
  facet normal 0.5555694849012799 0 0.83147011217874
    outer loop
      vertex 33.12036921183268 -6 107.64786078135174
      vertex 33.5789680480957 -6 107.34143543243408
      vertex 33.5789680480957 -5 107.34143543243408
    endloop
  endfacet
  facet normal 0 -1 0
    outer loop
      vertex 33.12036921183268 -6 112.35213921864826
      vertex 33.5789680480957 -6 112.65856456756592
      vertex 40.19698238372803 -6 120
    endloop
  endfacet
  facet normal 0.5555694849012799 0 -0.83147011217874
    outer loop
      vertex 33.12036921183268 -6 112.35213921864826
      vertex 33.5789680480957 -5 112.65856456756592
      vertex 33.5789680480957 -6 112.65856456756592
    endloop
  endfacet
  facet normal 0 0 -1
    outer loop
      vertex 33.238872337341306 -38.34999942779541 96.21408364211936
      vertex 33.33145389556885 -38.34999942779541 96.21408364211936
      vertex 39.999999618530275 -51.54698257446289 96.21408364211936
    endloop
  endfacet
  facet normal 0 1 0
    outer loop
      vertex 33.238872337341306 -38.34999942779541 96.21408364211936
      vertex 33.33145389556885 -38.34999942779541 102.21408364211936
      vertex 33.33145389556885 -38.34999942779541 96.21408364211936
    endloop
  endfacet
  facet normal 0 0 -1
    outer loop
      vertex 33.238872337341306 -30.350000381469727 96.21408364211936
      vertex 33.33145389556885 -30.350000381469727 96.21408364211936
      vertex 33.33145389556885 -33.64999961853027 96.21408364211936
    endloop
  endfacet
  facet normal 0 1 0
    outer loop
      vertex 33.238872337341306 -30.350000381469727 96.21408364211936
      vertex 33.33145389556885 -30.350000381469727 102.21408364211936
      vertex 33.33145389556885 -30.350000381469727 96.21408364211936
    endloop
  endfacet
  facet normal -0.19508990438315923 0.9807853634755006 0
    outer loop
      vertex 33.33145389556885 -38.34999942779541 96.21408364211936
      vertex 33.33145389556885 -38.34999942779541 102.21408364211936
      vertex 33.422257041931154 -38.331937599182126 96.21408364211936
    endloop
  endfacet
  facet normal 0 0 -1
    outer loop
      vertex 33.33145389556885 -38.34999942779541 96.21408364211936
      vertex 33.422257041931154 -38.331937599182126 96.21408364211936
      vertex 39.999999618530275 -51.54698257446289 96.21408364211936
    endloop
  endfacet
  facet normal -0.1950899043831297 0.9807853634755064 4.646811072553141e-16
    outer loop
      vertex 33.33145389556885 -38.34999942779541 102.21408364211936
      vertex 33.55846176147461 -38.30484485626221 102.21408364211936
      vertex 33.422257041931154 -38.331937599182126 96.21408364211936
    endloop
  endfacet
  facet normal 0 0 1
    outer loop
      vertex 33.33145389556885 -38.34999942779541 102.21408364211936
      vertex 39.999999618530275 -51.54698257446289 102.21408364211936
      vertex 33.55846176147461 -38.30484485626221 102.21408364211936
    endloop
  endfacet
  facet normal 0 0 -1
    outer loop
      vertex 33.33145389556885 -33.64999961853027 96.21408364211936
      vertex 33.33145389556885 -30.350000381469727 96.21408364211936
      vertex 33.422257041931154 -30.331938552856442 96.21408364211936
    endloop
  endfacet
  facet normal -0.19508990438315923 -0.9807853634755006 0
    outer loop
      vertex 33.33145389556885 -33.64999961853027 96.21408364211936
      vertex 33.422257041931154 -33.66806144714356 96.21408364211936
      vertex 33.33145389556885 -33.64999961853027 102.21408364211936
    endloop
  endfacet
  facet normal 0 0 -1
    outer loop
      vertex 33.33145389556885 -33.64999961853027 96.21408364211936
      vertex 33.422257041931154 -30.331938552856442 96.21408364211936
      vertex 33.422257041931154 -33.66806144714356 96.21408364211936
    endloop
  endfacet
  facet normal -0.1950899043831297 -0.9807853634755064 4.646811072553141e-16
    outer loop
      vertex 33.33145389556885 -33.64999961853027 102.21408364211936
      vertex 33.422257041931154 -33.66806144714356 96.21408364211936
      vertex 33.55846176147461 -33.69515419006348 102.21408364211936
    endloop
  endfacet
  facet normal 0 0 1
    outer loop
      vertex 33.33145389556885 -33.64999961853027 102.21408364211936
      vertex 33.55846176147461 -33.69515419006348 102.21408364211936
      vertex 33.33145389556885 -30.350000381469727 102.21408364211936
    endloop
  endfacet
  facet normal -0.19508990438315923 0.9807853634755006 0
    outer loop
      vertex 33.33145389556885 -30.350000381469727 96.21408364211936
      vertex 33.33145389556885 -30.350000381469727 102.21408364211936
      vertex 33.422257041931154 -30.331938552856442 96.21408364211936
    endloop
  endfacet
  facet normal 0 0 1
    outer loop
      vertex 33.33145389556885 -30.350000381469727 102.21408364211936
      vertex 33.55846176147461 -33.69515419006348 102.21408364211936
      vertex 33.55846176147461 -30.304845809936523 102.21408364211936
    endloop
  endfacet
  facet normal -0.1950899043831297 0.9807853634755064 4.646811072553141e-16
    outer loop
      vertex 33.33145389556885 -30.350000381469727 102.21408364211936
      vertex 33.55846176147461 -30.304845809936523 102.21408364211936
      vertex 33.422257041931154 -30.331938552856442 96.21408364211936
    endloop
  endfacet
  facet normal -0.19508990438315923 -0.9807853634755006 0
    outer loop
      vertex 33.33145389556885 -25.65000057220459 96.21408364211936
      vertex 33.422257041931154 -25.668062400817874 96.21408364211936
      vertex 33.33145389556885 -25.65000057220459 102.21408364211936
    endloop
  endfacet
  facet normal 0 0 -1
    outer loop
      vertex 33.33145389556885 -25.65000057220459 96.21408364211936
      vertex 38.49818354094705 -6 96.21408364211936
      vertex 33.422257041931154 -25.668062400817874 96.21408364211936
    endloop
  endfacet
  facet normal -0.1950899043831297 -0.9807853634755064 4.646811072553141e-16
    outer loop
      vertex 33.33145389556885 -25.65000057220459 102.21408364211936
      vertex 33.422257041931154 -25.668062400817874 96.21408364211936
      vertex 33.55846176147461 -25.695155143737793 102.21408364211936
    endloop
  endfacet
  facet normal 0 0 1
    outer loop
      vertex 33.33145389556885 -25.65000057220459 102.21408364211936
      vertex 33.55846176147461 -25.695155143737793 102.21408364211936
      vertex 39.999999618530275 -6 102.21408364211936
    endloop
  endfacet
  facet normal 1 0 0
    outer loop
      vertex 33.35000038146973 -5 109.83749008178711
      vertex 33.35000038146973 0 109.83749008178711
      vertex 33.35000038146973 0 109.94583002726236
    endloop
  endfacet
  facet normal 1 0 0
    outer loop
      vertex 33.35000038146973 -5 109.83749008178711
      vertex 33.35000038146973 0 109.94583002726236
      vertex 33.35000038146973 -5 110
    endloop
  endfacet
  facet normal 0.9807851937995896 0 0.1950907574015269
    outer loop
      vertex 33.35000038146973 -5 109.83749008178711
      vertex 33.359640330543854 0 109.78902689753986
      vertex 33.35000038146973 0 109.83749008178711
    endloop
  endfacet
  facet normal 0.9807851937996007 -5.596621480053928e-16 0.1950907574014714
    outer loop
      vertex 33.35000038146973 -5 109.83749008178711
      vertex 33.36446030508091 -5 109.76479530541624
      vertex 33.359640330543854 0 109.78902689753986
    endloop
  endfacet
  facet normal 1 0 0
    outer loop
      vertex 33.35000038146973 -5 110
      vertex 33.35000038146973 0 109.94583002726236
      vertex 33.35000038146973 0 110.05416997273764
    endloop
  endfacet
  facet normal 1 0 0
    outer loop
      vertex 33.35000038146973 -5 110
      vertex 33.35000038146973 0 110.05416997273764
      vertex 33.35000038146973 -5 110.16250991821289
    endloop
  endfacet
  facet normal 1 0 0
    outer loop
      vertex 33.35000038146973 -5 110.16250991821289
      vertex 33.35000038146973 0 110.05416997273764
      vertex 33.35000038146973 0 110.16250991821289
    endloop
  endfacet
  facet normal 0.9807851937995911 0 -0.19509075740151982
    outer loop
      vertex 33.35000038146973 -5 110.16250991821289
      vertex 33.35000038146973 0 110.16250991821289
      vertex 33.37113666534424 0 110.26876894632974
    endloop
  endfacet
  facet normal 0.9807851937995943 -3.6987101350155235e-16 -0.19509075740150308
    outer loop
      vertex 33.35000038146973 -5 110.16250991821289
      vertex 33.37113666534424 0 110.26876894632974
      vertex 33.381704807281494 -5 110.32189846038818
    endloop
  endfacet
  facet normal 0.9807851937995922 -7.73666095487137e-16 0.19509075740151388
    outer loop
      vertex 33.359640330543854 0 109.78902689753986
      vertex 33.36446030508091 -5 109.76479530541624
      vertex 33.37113666534424 0 109.73123105367026
    endloop
  endfacet
  facet normal 0.9807851937995891 -6.63335116035363e-16 0.19509075740152967
    outer loop
      vertex 33.36446030508091 -5 109.76479530541624
      vertex 33.381704807281494 -5 109.67810153961182
      vertex 33.37113666534424 0 109.73123105367026
    endloop
  endfacet
  facet normal 0.980785193799601 0 0.19509075740146964
    outer loop
      vertex 33.37113666534424 0 109.73123105367026
      vertex 33.381704807281494 -5 109.67810153961182
      vertex 33.39227294921875 0 109.62497202555338
    endloop
  endfacet
  facet normal 0.980785193799601 0 -0.19509075740146964
    outer loop
      vertex 33.37113666534424 0 110.26876894632974
      vertex 33.39227294921875 0 110.37502797444662
      vertex 33.381704807281494 -5 110.32189846038818
    endloop
  endfacet
  facet normal 0.9807851937995943 3.696041512984488e-16 0.19509075740150308
    outer loop
      vertex 33.381704807281494 -5 109.67810153961182
      vertex 33.41340923309326 -5 109.51871299743652
      vertex 33.39227294921875 0 109.62497202555338
    endloop
  endfacet
  facet normal 0.9807851937995943 3.696041512984488e-16 -0.19509075740150308
    outer loop
      vertex 33.381704807281494 -5 110.32189846038818
      vertex 33.39227294921875 0 110.37502797444662
      vertex 33.41340923309326 -5 110.48128700256348
    endloop
  endfacet
  facet normal 0.9807851937995911 0 0.19509075740151982
    outer loop
      vertex 33.39227294921875 0 109.62497202555338
      vertex 33.41340923309326 -5 109.51871299743652
      vertex 33.41340923309326 0 109.51871299743652
    endloop
  endfacet
  facet normal 0.9807851937995911 0 -0.19509075740151982
    outer loop
      vertex 33.39227294921875 0 110.37502797444662
      vertex 33.41340923309326 0 110.48128700256348
      vertex 33.41340923309326 -5 110.48128700256348
    endloop
  endfacet
  facet normal 0.92387972105086 0 0.38268297718997746
    outer loop
      vertex 33.41340923309326 -5 109.51871299743652
      vertex 33.4196026480373 0 109.50376075024522
      vertex 33.41340923309326 0 109.51871299743652
    endloop
  endfacet
  facet normal 0.9238797210508424 1.502841049088575e-16 0.38268297719002037
    outer loop
      vertex 33.41340923309326 -5 109.51871299743652
      vertex 33.42269935550932 -5 109.49628462664955
      vertex 33.4196026480373 0 109.50376075024522
    endloop
  endfacet
  facet normal 0.9238797210508265 0 -0.382682977190059
    outer loop
      vertex 33.41340923309326 -5 110.48128700256348
      vertex 33.41340923309326 0 110.48128700256348
      vertex 33.45486927032471 0 110.58138052622476
    endloop
  endfacet
  facet normal 0.9238797210508392 -7.248000711678739e-16 -0.382682977190028
    outer loop
      vertex 33.41340923309326 -5 110.48128700256348
      vertex 33.45486927032471 0 110.58138052622476
      vertex 33.47559928894043 -5 110.63142728805542
    endloop
  endfacet
  facet normal 0 -1 0
    outer loop
      vertex 33.41340923309326 -5 110.48128700256348
      vertex 33.47559928894043 -5 110.63142728805542
      vertex 34.124932289123535 -5 112.88471126556396
    endloop
  endfacet
  facet normal 0.9238797210508205 5.753000474505732e-17 0.38268297719007327
    outer loop
      vertex 33.4196026480373 0 109.50376075024522
      vertex 33.42269935550932 -5 109.49628462664955
      vertex 33.45486927032471 0 109.41861947377524
    endloop
  endfacet
  facet normal -0.19508990438312232 0.9807853634755078 2.9042569203457173e-16
    outer loop
      vertex 33.422257041931154 -38.331937599182126 96.21408364211936
      vertex 33.55846176147461 -38.30484485626221 102.21408364211936
      vertex 33.78546962738037 -38.259690284729004 96.21408364211936
    endloop
  endfacet
  facet normal 0 0 -1
    outer loop
      vertex 33.422257041931154 -38.331937599182126 96.21408364211936
      vertex 33.78546962738037 -38.259690284729004 96.21408364211936
      vertex 39.999999618530275 -51.54698257446289 96.21408364211936
    endloop
  endfacet
  facet normal 0 0 -1
    outer loop
      vertex 33.422257041931154 -33.66806144714356 96.21408364211936
      vertex 33.422257041931154 -30.331938552856442 96.21408364211936
      vertex 33.78546962738037 -30.25969123840332 96.21408364211936
    endloop
  endfacet
  facet normal -0.19508990438312232 -0.9807853634755078 2.9042569203457173e-16
    outer loop
      vertex 33.422257041931154 -33.66806144714356 96.21408364211936
      vertex 33.78546962738037 -33.74030876159668 96.21408364211936
      vertex 33.55846176147461 -33.69515419006348 102.21408364211936
    endloop
  endfacet
  facet normal 0 0 -1
    outer loop
      vertex 33.422257041931154 -33.66806144714356 96.21408364211936
      vertex 33.78546962738037 -30.25969123840332 96.21408364211936
      vertex 33.78546962738037 -33.74030876159668 96.21408364211936
    endloop
  endfacet
  facet normal -0.19508990438312232 0.9807853634755078 2.9042569203457173e-16
    outer loop
      vertex 33.422257041931154 -30.331938552856442 96.21408364211936
      vertex 33.55846176147461 -30.304845809936523 102.21408364211936
      vertex 33.78546962738037 -30.25969123840332 96.21408364211936
    endloop
  endfacet
  facet normal -0.19508990438312232 -0.9807853634755078 2.9042569203457173e-16
    outer loop
      vertex 33.422257041931154 -25.668062400817874 96.21408364211936
      vertex 33.78546962738037 -25.740309715270996 96.21408364211936
      vertex 33.55846176147461 -25.695155143737793 102.21408364211936
    endloop
  endfacet
  facet normal 0 0 -1
    outer loop
      vertex 33.422257041931154 -25.668062400817874 96.21408364211936
      vertex 38.49818354094705 -6 96.21408364211936
      vertex 33.78546962738037 -25.740309715270996 96.21408364211936
    endloop
  endfacet
  facet normal 0.9238797210508387 -7.403997884026609e-16 0.3826829771900294
    outer loop
      vertex 33.42269935550932 -5 109.49628462664955
      vertex 33.47559928894043 -5 109.36857271194458
      vertex 33.45486927032471 0 109.41861947377524
    endloop
  endfacet
  facet normal 0.9238797210508648 0 0.3826829771899662
    outer loop
      vertex 33.45486927032471 0 109.41861947377524
      vertex 33.47559928894043 -5 109.36857271194458
      vertex 33.49632930755615 0 109.31852595011392
    endloop
  endfacet
  facet normal 0.9238797210508648 0 -0.3826829771899662
    outer loop
      vertex 33.45486927032471 0 110.58138052622476
      vertex 33.49632930755615 0 110.68147404988608
      vertex 33.47559928894043 -5 110.63142728805542
    endloop
  endfacet
  facet normal 0.9238797210508285 1.0253008471168382e-15 0.3826829771900536
    outer loop
      vertex 33.47559928894043 -5 109.36857271194458
      vertex 33.49475623844927 -5 109.32232368017847
      vertex 33.49632930755615 0 109.31852595011392
    endloop
  endfacet
  facet normal 0.9238797210508392 7.25333797288027e-16 -0.382682977190028
    outer loop
      vertex 33.47559928894043 -5 110.63142728805542
      vertex 33.49632930755615 0 110.68147404988608
      vertex 33.5377893447876 -5 110.78156757354736
    endloop
  endfacet
  facet normal 0 -1 0
    outer loop
      vertex 33.47559928894043 -5 110.63142728805542
      vertex 33.5377893447876 -5 110.78156757354736
      vertex 34.124932289123535 -5 112.88471126556396
    endloop
  endfacet
  facet normal 0.9238797210508458 9.885901387130905e-16 0.38268297719001204
    outer loop
      vertex 33.49475623844927 -5 109.32232368017847
      vertex 33.5091006072287 0 109.28769326226987
      vertex 33.49632930755615 0 109.31852595011392
    endloop
  endfacet
  facet normal 0.9238797210508439 1.02547493379307e-15 0.3826829771900166
    outer loop
      vertex 33.49475623844927 -5 109.32232368017847
      vertex 33.5377893447876 -5 109.21843242645264
      vertex 33.5091006072287 0 109.28769326226987
    endloop
  endfacet
  facet normal 0.9238797210508265 0 -0.382682977190059
    outer loop
      vertex 33.49632930755615 0 110.68147404988608
      vertex 33.5377893447876 0 110.78156757354736
      vertex 33.5377893447876 -5 110.78156757354736
    endloop
  endfacet
  facet normal 0.9238797210508178 0 0.3826829771900798
    outer loop
      vertex 33.5091006072287 0 109.28769326226987
      vertex 33.5377893447876 -5 109.21843242645264
      vertex 33.5377893447876 0 109.21843242645264
    endloop
  endfacet
  facet normal 0.831469321108683 0 0.5555706688217673
    outer loop
      vertex 33.5377893447876 -5 109.21843242645264
      vertex 33.55574055297369 0 109.19156657531758
      vertex 33.5377893447876 0 109.21843242645264
    endloop
  endfacet
  facet normal 0.8314693211087058 -2.6530737874039655e-16 0.5555706688217332
    outer loop
      vertex 33.5377893447876 -5 109.21843242645264
      vertex 33.56471615706674 -5 109.17813364975004
      vertex 33.55574055297369 0 109.19156657531758
    endloop
  endfacet
  facet normal 0.8314693211086818 0 -0.5555706688217692
    outer loop
      vertex 33.5377893447876 -5 110.78156757354736
      vertex 33.5377893447876 0 110.78156757354736
      vertex 33.597980181376144 0 110.87164942423502
    endloop
  endfacet
  facet normal 0.831469321108729 -1.840285430740898e-15 -0.5555706688216986
    outer loop
      vertex 33.5377893447876 -5 110.78156757354736
      vertex 33.597980181376144 0 110.87164942423502
      vertex 33.62807559967041 -5 110.91669034957886
    endloop
  endfacet
  facet normal 0 -1 0
    outer loop
      vertex 33.5377893447876 -5 110.78156757354736
      vertex 33.62807559967041 -5 110.91669034957886
      vertex 34.124932289123535 -5 112.88471126556396
    endloop
  endfacet
  facet normal 0.8314693211086812 -4.075601542721559e-16 0.5555706688217699
    outer loop
      vertex 33.55574055297369 0 109.19156657531758
      vertex 33.56471615706674 -5 109.17813364975004
      vertex 33.597980181376144 0 109.12835057576498
    endloop
  endfacet
  facet normal -0.1950899043831297 0.9807853634755064 0
    outer loop
      vertex 33.55846176147461 -38.30484485626221 102.21408364211936
      vertex 33.78546962738037 -38.259690284729004 102.21408364211936
      vertex 33.78546962738037 -38.259690284729004 96.21408364211936
    endloop
  endfacet
  facet normal 0 0 1
    outer loop
      vertex 33.55846176147461 -38.30484485626221 102.21408364211936
      vertex 39.999999618530275 -51.54698257446289 102.21408364211936
      vertex 33.78546962738037 -38.259690284729004 102.21408364211936
    endloop
  endfacet
  facet normal -0.1950899043831297 -0.9807853634755064 0
    outer loop
      vertex 33.55846176147461 -33.69515419006348 102.21408364211936
      vertex 33.78546962738037 -33.74030876159668 96.21408364211936
      vertex 33.78546962738037 -33.74030876159668 102.21408364211936
    endloop
  endfacet
  facet normal 0 0 1
    outer loop
      vertex 33.55846176147461 -33.69515419006348 102.21408364211936
      vertex 33.78546962738037 -33.74030876159668 102.21408364211936
      vertex 33.55846176147461 -30.304845809936523 102.21408364211936
    endloop
  endfacet
  facet normal 0 0 1
    outer loop
      vertex 33.55846176147461 -30.304845809936523 102.21408364211936
      vertex 33.78546962738037 -33.74030876159668 102.21408364211936
      vertex 33.78546962738037 -30.25969123840332 102.21408364211936
    endloop
  endfacet
  facet normal -0.1950899043831297 0.9807853634755064 0
    outer loop
      vertex 33.55846176147461 -30.304845809936523 102.21408364211936
      vertex 33.78546962738037 -30.25969123840332 102.21408364211936
      vertex 33.78546962738037 -30.25969123840332 96.21408364211936
    endloop
  endfacet
  facet normal -0.1950899043831297 -0.9807853634755064 0
    outer loop
      vertex 33.55846176147461 -25.695155143737793 102.21408364211936
      vertex 33.78546962738037 -25.740309715270996 96.21408364211936
      vertex 33.78546962738037 -25.740309715270996 102.21408364211936
    endloop
  endfacet
  facet normal 0 0 1
    outer loop
      vertex 33.55846176147461 -25.695155143737793 102.21408364211936
      vertex 33.78546962738037 -25.740309715270996 102.21408364211936
      vertex 39.999999618530275 -6 102.21408364211936
    endloop
  endfacet
  facet normal 0.8314693211087388 -1.6481135606397445e-15 0.5555706688216838
    outer loop
      vertex 33.56471615706674 -5 109.17813364975004
      vertex 33.62807559967041 -5 109.08330965042114
      vertex 33.597980181376144 0 109.12835057576498
    endloop
  endfacet
  facet normal 0.3826847392308076 0 0.9238789911886993
    outer loop
      vertex 33.5789680480957 -6 107.34143543243408
      vertex 34.08853467305501 -6 107.13036518096925
      vertex 33.5789680480957 -5 107.34143543243408
    endloop
  endfacet
  facet normal 0 -1 0
    outer loop
      vertex 33.5789680480957 -6 107.34143543243408
      vertex 39.999999618530275 -6 102.21408364211936
      vertex 34.08853467305501 -6 107.13036518096925
    endloop
  endfacet
  facet normal 0.3826847392308076 0 -0.9238789911886993
    outer loop
      vertex 33.5789680480957 -6 112.65856456756592
      vertex 33.5789680480957 -5 112.65856456756592
      vertex 34.08853467305501 -6 112.86963481903075
    endloop
  endfacet
  facet normal 0 -1 0
    outer loop
      vertex 33.5789680480957 -6 112.65856456756592
      vertex 34.08853467305501 -6 112.86963481903075
      vertex 40.19698238372803 -6 120
    endloop
  endfacet
  facet normal 0.38268473923082214 8.689061270753595e-15 0.9238789911886932
    outer loop
      vertex 33.5789680480957 -5 107.34143543243408
      vertex 34.08853467305501 -6 107.13036518096925
      vertex 34.124932289123535 -5 107.11528873443604
    endloop
  endfacet
  facet normal 0.38268473923082214 8.689061270753595e-15 -0.9238789911886932
    outer loop
      vertex 33.5789680480957 -5 112.65856456756592
      vertex 34.124932289123535 -5 112.88471126556396
      vertex 34.08853467305501 -6 112.86963481903075
    endloop
  endfacet
  facet normal 0.8314693211088233 0 0.5555706688215573
    outer loop
      vertex 33.597980181376144 0 109.12835057576498
      vertex 33.62807559967041 -5 109.08330965042114
      vertex 33.658171017964676 0 109.0382687250773
    endloop
  endfacet
  facet normal 0.8314693211088233 0 -0.5555706688215573
    outer loop
      vertex 33.597980181376144 0 110.87164942423502
      vertex 33.658171017964676 0 110.9617312749227
      vertex 33.62807559967041 -5 110.91669034957886
    endloop
  endfacet
  facet normal 0.8314693211087273 1.8712280936987587e-15 0.5555706688217008
    outer loop
      vertex 33.62807559967041 -5 109.08330965042114
      vertex 33.643044014348575 -5 109.06090786017378
      vertex 33.658171017964676 0 109.0382687250773
    endloop
  endfacet
  facet normal 0.831469321108729 1.8413528816868036e-15 -0.5555706688216986
    outer loop
      vertex 33.62807559967041 -5 110.91669034957886
      vertex 33.658171017964676 0 110.9617312749227
      vertex 33.71836185455322 -5 111.05181312561035
    endloop
  endfacet
  facet normal 0 -1 0
    outer loop
      vertex 33.62807559967041 -5 110.91669034957886
      vertex 33.71836185455322 -5 111.05181312561035
      vertex 34.124932289123535 -5 112.88471126556396
    endloop
  endfacet
  facet normal 0.8314693211087684 1.4692158645355207e-15 0.5555706688216396
    outer loop
      vertex 33.643044014348575 -5 109.06090786017378
      vertex 33.66814996108346 0 109.02333419824572
      vertex 33.658171017964676 0 109.0382687250773
    endloop
  endfacet
  facet normal 0.8314693211086815 2.8816431790823574e-15 0.5555706688217695
    outer loop
      vertex 33.643044014348575 -5 109.06090786017378
      vertex 33.718361835538204 -5 108.94818690284762
      vertex 33.66814996108346 0 109.02333419824572
    endloop
  endfacet
  facet normal 0.8314693211086818 0 -0.5555706688217692
    outer loop
      vertex 33.658171017964676 0 110.9617312749227
      vertex 33.71836185455322 0 111.05181312561035
      vertex 33.71836185455322 -5 111.05181312561035
    endloop
  endfacet
  facet normal 0.8314693211086492 1.8291780304167803e-15 0.5555706688218179
    outer loop
      vertex 33.66814996108346 0 109.02333419824572
      vertex 33.718361835538204 -5 108.94818690284762
      vertex 33.71836184187654 0 108.94818689336162
    endloop
  endfacet
  facet normal 0.8314695102118904 1.0526840049067877e-15 0.5555703858090341
    outer loop
      vertex 33.718361835538204 -5 108.94818690284762
      vertex 33.71836185455322 -5 108.94818687438965
      vertex 33.71836184187654 0 108.94818689336162
    endloop
  endfacet
  facet normal 0.8314693820553052 0 0.5555705776087939
    outer loop
      vertex 33.71836184187654 0 108.94818689336162
      vertex 33.71836185455322 -5 108.94818687438965
      vertex 33.71836185455322 0 108.94818687438965
    endloop
  endfacet
  facet normal 0.7071067811865476 0 0.7071067811865476
    outer loop
      vertex 33.71836185455322 -5 108.94818687438965
      vertex 33.782269358785186 0 108.88427937015769
      vertex 33.71836185455322 0 108.94818687438965
    endloop
  endfacet
  facet normal 0.7071067811864952 1.3397347528519352e-15 0.7071067811866
    outer loop
      vertex 33.71836185455322 -5 108.94818687438965
      vertex 33.81422311090118 -5 108.8523256180417
      vertex 33.782269358785186 0 108.88427937015769
    endloop
  endfacet
  facet normal 0.7071067811864821 0 -0.7071067811866132
    outer loop
      vertex 33.71836185455322 -5 111.05181312561035
      vertex 33.71836185455322 0 111.05181312561035
      vertex 33.7949701944987 0 111.12842146555582
    endloop
  endfacet
  facet normal 0.7071067811865476 -2.0089427772498784e-15 -0.7071067811865476
    outer loop
      vertex 33.71836185455322 -5 111.05181312561035
      vertex 33.7949701944987 0 111.12842146555582
      vertex 33.833274364471436 -5 111.16672563552856
    endloop
  endfacet
  facet normal 0 -1 0
    outer loop
      vertex 33.71836185455322 -5 111.05181312561035
      vertex 33.833274364471436 -5 111.16672563552856
      vertex 34.124932289123535 -5 112.88471126556396
    endloop
  endfacet
  facet normal 0 1 0
    outer loop
      vertex 33.71836185455322 0 108.94818687438965
      vertex 33.782269358785186 0 108.88427937015769
      vertex 40.19698238372803 0 96.21408271789551
    endloop
  endfacet
  facet normal 0 1 0
    outer loop
      vertex 33.782269358785186 0 108.88427937015769
      vertex 33.7949701944987 0 108.87157853444418
      vertex 40.19698238372803 0 96.21408271789551
    endloop
  endfacet
  facet normal 0.7071067811861519 -3.046465621852602e-15 0.7071067811869431
    outer loop
      vertex 33.782269358785186 0 108.88427937015769
      vertex 33.81422311090118 -5 108.8523256180417
      vertex 33.7949701944987 0 108.87157853444418
    endloop
  endfacet
  facet normal -0.3826837323502579 0.9238794082533046 0
    outer loop
      vertex 33.78546962738037 -38.259690284729004 96.21408364211936
      vertex 33.78546962738037 -38.259690284729004 102.21408364211936
      vertex 33.99930582046509 -38.1711163520813 102.21408364211936
    endloop
  endfacet
  facet normal -0.3826837323502696 0.9238794082532996 4.9028966641433835e-16
    outer loop
      vertex 33.78546962738037 -38.259690284729004 96.21408364211936
      vertex 33.99930582046509 -38.1711163520813 102.21408364211936
      vertex 34.12760753631592 -38.11797199249267 96.21408364211936
    endloop
  endfacet
  facet normal 0 0 -1
    outer loop
      vertex 33.78546962738037 -38.259690284729004 96.21408364211936
      vertex 34.12760753631592 -38.11797199249267 96.21408364211936
      vertex 39.999999618530275 -51.54698257446289 96.21408364211936
    endloop
  endfacet
  facet normal 0 0 1
    outer loop
      vertex 33.78546962738037 -38.259690284729004 102.21408364211936
      vertex 39.999999618530275 -51.54698257446289 102.21408364211936
      vertex 33.99930582046509 -38.1711163520813 102.21408364211936
    endloop
  endfacet
  facet normal 0 0 -1
    outer loop
      vertex 33.78546962738037 -33.74030876159668 96.21408364211936
      vertex 33.78546962738037 -30.25969123840332 96.21408364211936
      vertex 34.12760753631592 -30.117972946166994 96.21408364211936
    endloop
  endfacet
  facet normal -0.3826837323502579 -0.9238794082533046 0
    outer loop
      vertex 33.78546962738037 -33.74030876159668 96.21408364211936
      vertex 33.99930582046509 -33.828882694244385 102.21408364211936
      vertex 33.78546962738037 -33.74030876159668 102.21408364211936
    endloop
  endfacet
  facet normal -0.3826837323502696 -0.9238794082532996 4.9028966641433835e-16
    outer loop
      vertex 33.78546962738037 -33.74030876159668 96.21408364211936
      vertex 34.12760753631592 -33.88202705383301 96.21408364211936
      vertex 33.99930582046509 -33.828882694244385 102.21408364211936
    endloop
  endfacet
  facet normal 0 0 -1
    outer loop
      vertex 33.78546962738037 -33.74030876159668 96.21408364211936
      vertex 34.12760753631592 -30.117972946166994 96.21408364211936
      vertex 34.12760753631592 -33.88202705383301 96.21408364211936
    endloop
  endfacet
  facet normal 0 0 1
    outer loop
      vertex 33.78546962738037 -33.74030876159668 102.21408364211936
      vertex 33.99930582046509 -33.828882694244385 102.21408364211936
      vertex 33.78546962738037 -30.25969123840332 102.21408364211936
    endloop
  endfacet
  facet normal -0.3826837323502579 0.9238794082533046 0
    outer loop
      vertex 33.78546962738037 -30.25969123840332 96.21408364211936
      vertex 33.78546962738037 -30.25969123840332 102.21408364211936
      vertex 33.99930582046509 -30.171117305755615 102.21408364211936
    endloop
  endfacet
  facet normal -0.3826837323502532 0.9238794082533065 -1.9361757527190573e-16
    outer loop
      vertex 33.78546962738037 -30.25969123840332 96.21408364211936
      vertex 33.99930582046509 -30.171117305755615 102.21408364211936
      vertex 34.12760753631592 -30.117972946166994 96.21408364211936
    endloop
  endfacet
  facet normal 0 0 1
    outer loop
      vertex 33.78546962738037 -30.25969123840332 102.21408364211936
      vertex 33.99930582046509 -33.828882694244385 102.21408364211936
      vertex 33.99930582046509 -30.171117305755615 102.21408364211936
    endloop
  endfacet
  facet normal -0.3826837323502579 -0.9238794082533046 0
    outer loop
      vertex 33.78546962738037 -25.740309715270996 96.21408364211936
      vertex 33.99930582046509 -25.8288836479187 102.21408364211936
      vertex 33.78546962738037 -25.740309715270996 102.21408364211936
    endloop
  endfacet
  facet normal -0.3826837323502532 -0.9238794082533065 -1.9361757527190573e-16
    outer loop
      vertex 33.78546962738037 -25.740309715270996 96.21408364211936
      vertex 34.12760753631592 -25.882028007507323 96.21408364211936
      vertex 33.99930582046509 -25.8288836479187 102.21408364211936
    endloop
  endfacet
  facet normal 0 0 -1
    outer loop
      vertex 33.78546962738037 -25.740309715270996 96.21408364211936
      vertex 38.49818354094705 -6 96.21408364211936
      vertex 34.12760753631592 -25.882028007507323 96.21408364211936
    endloop
  endfacet
  facet normal 0 0 1
    outer loop
      vertex 33.78546962738037 -25.740309715270996 102.21408364211936
      vertex 33.99930582046509 -25.8288836479187 102.21408364211936
      vertex 39.999999618530275 -6 102.21408364211936
    endloop
  endfacet
  facet normal 0.7071067811868113 2.0313794939719706e-15 0.7071067811862839
    outer loop
      vertex 33.7949701944987 0 108.87157853444418
      vertex 33.81422311090118 -5 108.8523256180417
      vertex 33.833274364471436 -5 108.83327436447144
    endloop
  endfacet
  facet normal 0.7071067811866787 0 0.7071067811864163
    outer loop
      vertex 33.7949701944987 0 108.87157853444418
      vertex 33.833274364471436 -5 108.83327436447144
      vertex 33.87157853444417 0 108.79497019449869
    endloop
  endfacet
  facet normal 0 1 0
    outer loop
      vertex 33.7949701944987 0 108.87157853444418
      vertex 33.87157853444417 0 108.79497019449869
      vertex 40.19698238372803 0 96.21408271789551
    endloop
  endfacet
  facet normal 0.7071067811866787 0 -0.7071067811864163
    outer loop
      vertex 33.7949701944987 0 111.12842146555582
      vertex 33.87157853444417 0 111.20502980550131
      vertex 33.833274364471436 -5 111.16672563552856
    endloop
  endfacet
  facet normal 0.7071067811864852 2.9638713915626206e-15 0.7071067811866097
    outer loop
      vertex 33.833274364471436 -5 108.83327436447144
      vertex 33.91391544035382 -5 108.75263328858907
      vertex 33.87157853444417 0 108.79497019449869
    endloop
  endfacet
  facet normal 0.7071067811865476 2.0089427772498784e-15 -0.7071067811865476
    outer loop
      vertex 33.833274364471436 -5 111.16672563552856
      vertex 33.87157853444417 0 111.20502980550131
      vertex 33.94818687438965 -5 111.28163814544678
    endloop
  endfacet
  facet normal 0 -1 0
    outer loop
      vertex 33.833274364471436 -5 111.16672563552856
      vertex 33.94818687438965 -5 111.28163814544678
      vertex 34.124932289123535 -5 112.88471126556396
    endloop
  endfacet
  facet normal 0.7071067811863607 8.544802433719796e-16 0.7071067811867345
    outer loop
      vertex 33.87157853444417 0 108.79497019449869
      vertex 33.91391544035382 -5 108.75263328858907
      vertex 33.9253392516991 0 108.74120947724379
    endloop
  endfacet
  facet normal 0 1 0
    outer loop
      vertex 33.87157853444417 0 108.79497019449869
      vertex 33.9253392516991 0 108.74120947724379
      vertex 40.19698238372803 0 96.21408271789551
    endloop
  endfacet
  facet normal 0.7071067811864821 0 -0.7071067811866132
    outer loop
      vertex 33.87157853444417 0 111.20502980550131
      vertex 33.94818687438965 0 111.28163814544678
      vertex 33.94818687438965 -5 111.28163814544678
    endloop
  endfacet
  facet normal 0.7071067811866942 -6.699768936083495e-16 0.707106781186401
    outer loop
      vertex 33.91391544035382 -5 108.75263328858907
      vertex 33.94818687438965 -5 108.71836185455322
      vertex 33.9253392516991 0 108.74120947724379
    endloop
  endfacet
  facet normal 0.7071067811867674 0 0.7071067811863276
    outer loop
      vertex 33.9253392516991 0 108.74120947724379
      vertex 33.94818687438965 -5 108.71836185455322
      vertex 33.94818687438965 0 108.71836185455322
    endloop
  endfacet
  facet normal 0 1 0
    outer loop
      vertex 33.9253392516991 0 108.74120947724379
      vertex 33.94818687438965 0 108.71836185455322
      vertex 40.19698238372803 0 96.21408271789551
    endloop
  endfacet
  facet normal 0.5555706688217253 0 0.831469321108711
    outer loop
      vertex 33.94818687438965 -5 108.71836185455322
      vertex 34.010519919797574 0 108.67671219791791
      vertex 33.94818687438965 0 108.71836185455322
    endloop
  endfacet
  facet normal 0.5555706688217835 -1.0490007370149412e-15 0.8314693211086721
    outer loop
      vertex 33.94818687438965 -5 108.71836185455322
      vertex 34.04168644250154 -5 108.65588736960024
      vertex 34.010519919797574 0 108.67671219791791
    endloop
  endfacet
  facet normal 0.5555706688216312 0 -0.8314693211087739
    outer loop
      vertex 33.94818687438965 -5 111.28163814544678
      vertex 33.94818687438965 0 111.28163814544678
      vertex 33.98927130049621 0 111.30908991247017
    endloop
  endfacet
  facet normal 0.5555706688217195 -1.0491275694195893e-15 -0.8314693211087149
    outer loop
      vertex 33.94818687438965 -5 111.28163814544678
      vertex 33.98927130049621 0 111.30908991247017
      vertex 34.0098135135495 -5 111.32281579598188
    endloop
  endfacet
  facet normal 0 -1 0
    outer loop
      vertex 33.94818687438965 -5 111.28163814544678
      vertex 34.0098135135495 -5 111.32281579598188
      vertex 34.124932289123535 -5 112.88471126556396
    endloop
  endfacet
  facet normal 0 1 0
    outer loop
      vertex 33.94818687438965 0 108.71836185455322
      vertex 34.010519919797574 0 108.67671219791791
      vertex 40.19698238372803 0 96.21408271789551
    endloop
  endfacet
  facet normal 0.5555706688216067 -1.7195271063468184e-15 -0.8314693211087902
    outer loop
      vertex 33.98927130049621 0 111.30908991247017
      vertex 34.038268725077316 0 111.34182898203531
      vertex 34.0098135135495 -5 111.32281579598188
    endloop
  endfacet
  facet normal -0.3826837323502579 0.9238794082533046 7.844634662629488e-16
    outer loop
      vertex 33.99930582046509 -38.1711163520813 102.21408364211936
      vertex 34.213142013549806 -38.082542419433594 102.21408364211936
      vertex 34.12760753631592 -38.11797199249267 96.21408364211936
    endloop
  endfacet
  facet normal 0 0 1
    outer loop
      vertex 33.99930582046509 -38.1711163520813 102.21408364211936
      vertex 39.999999618530275 -51.54698257446289 102.21408364211936
      vertex 34.213142013549806 -38.082542419433594 102.21408364211936
    endloop
  endfacet
  facet normal 0 0 1
    outer loop
      vertex 33.99930582046509 -33.828882694244385 102.21408364211936
      vertex 34.06261940390476 -30.144891936727234 102.21408364211936
      vertex 33.99930582046509 -30.171117305755615 102.21408364211936
    endloop
  endfacet
  facet normal -0.3826837323502579 -0.9238794082533046 7.844634662629488e-16
    outer loop
      vertex 33.99930582046509 -33.828882694244385 102.21408364211936
      vertex 34.12760753631592 -33.88202705383301 96.21408364211936
      vertex 34.213142013549806 -33.91745662689209 102.21408364211936
    endloop
  endfacet
  facet normal 0 0 1
    outer loop
      vertex 33.99930582046509 -33.828882694244385 102.21408364211936
      vertex 34.213142013549806 -33.91745662689209 102.21408364211936
      vertex 34.06261940390476 -30.144891936727234 102.21408364211936
    endloop
  endfacet
  facet normal -0.3826837323502868 0.9238794082532926 -1.033626137269923e-15
    outer loop
      vertex 33.99930582046509 -30.171117305755615 102.21408364211936
      vertex 34.06261940390476 -30.144891936727234 102.21408364211936
      vertex 34.12760753631592 -30.117972946166994 96.21408364211936
    endloop
  endfacet
  facet normal -0.3826837323502579 -0.9238794082533046 -3.0978812043504983e-16
    outer loop
      vertex 33.99930582046509 -25.8288836479187 102.21408364211936
      vertex 34.12760753631592 -25.882028007507323 96.21408364211936
      vertex 34.213142013549806 -25.917457580566406 102.21408364211936
    endloop
  endfacet
  facet normal 0 0 1
    outer loop
      vertex 33.99930582046509 -25.8288836479187 102.21408364211936
      vertex 34.213142013549806 -25.917457580566406 102.21408364211936
      vertex 39.999999618530275 -6 102.21408364211936
    endloop
  endfacet
  facet normal 0.5555706688216809 -2.330971761824617e-15 -0.8314693211087407
    outer loop
      vertex 34.0098135135495 -5 111.32281579598188
      vertex 34.038268725077316 0 111.34182898203531
      vertex 34.08330965042114 -5 111.37192440032959
    endloop
  endfacet
  facet normal 0 -1 0
    outer loop
      vertex 34.0098135135495 -5 111.32281579598188
      vertex 34.08330965042114 -5 111.37192440032959
      vertex 34.7045259475708 -5 113
    endloop
  endfacet
  facet normal 0 -1 0
    outer loop
      vertex 34.0098135135495 -5 111.32281579598188
      vertex 34.7045259475708 -5 113
      vertex 34.124932289123535 -5 112.88471126556396
    endloop
  endfacet
  facet normal 0 1 0
    outer loop
      vertex 34.010519919797574 0 108.67671219791791
      vertex 34.038268725077316 0 108.65817101796469
      vertex 40.19698238372803 0 96.21408271789551
    endloop
  endfacet
  facet normal 0.5555706688213764 -4.719739669502572e-15 0.8314693211089441
    outer loop
      vertex 34.010519919797574 0 108.67671219791791
      vertex 34.04168644250154 -5 108.65588736960024
      vertex 34.038268725077316 0 108.65817101796469
    endloop
  endfacet
  facet normal 0.5555706688215075 -4.590224052655154e-15 0.8314693211088565
    outer loop
      vertex 34.038268725077316 0 108.65817101796469
      vertex 34.04168644250154 -5 108.65588736960024
      vertex 34.08330965042114 -5 108.62807559967041
    endloop
  endfacet
  facet normal 0.5555706688218598 0 0.8314693211086212
    outer loop
      vertex 34.038268725077316 0 108.65817101796469
      vertex 34.08330965042114 -5 108.62807559967041
      vertex 34.12835057576497 0 108.59798018137613
    endloop
  endfacet
  facet normal 0 1 0
    outer loop
      vertex 34.038268725077316 0 108.65817101796469
      vertex 34.12835057576497 0 108.59798018137613
      vertex 40.19698238372803 0 96.21408271789551
    endloop
  endfacet
  facet normal 0.5555706688218598 0 -0.8314693211086212
    outer loop
      vertex 34.038268725077316 0 111.34182898203531
      vertex 34.12835057576497 0 111.40201981862387
      vertex 34.08330965042114 -5 111.37192440032959
    endloop
  endfacet
  facet normal 0 0 1
    outer loop
      vertex 34.06261940390476 -30.144891936727234 102.21408364211936
      vertex 34.213142013549806 -33.91745662689209 102.21408364211936
      vertex 34.40558967590332 -34.046045780181885 102.21408364211936
    endloop
  endfacet
  facet normal -0.38268373235024566 0.9238794082533096 -5.119627595022979e-16
    outer loop
      vertex 34.06261940390476 -30.144891936727234 102.21408364211936
      vertex 34.213142013549806 -30.08254337310791 102.21408364211936
      vertex 34.12760753631592 -30.117972946166994 96.21408364211936
    endloop
  endfacet
  facet normal 0 0 1
    outer loop
      vertex 34.06261940390476 -30.144891936727234 102.21408364211936
      vertex 34.40558967590332 -34.046045780181885 102.21408364211936
      vertex 34.59803733825684 -34.17463493347168 102.21408364211936
    endloop
  endfacet
  facet normal 0 0 1
    outer loop
      vertex 34.06261940390476 -30.144891936727234 102.21408364211936
      vertex 34.59803733825684 -34.17463493347168 102.21408364211936
      vertex 34.76170072555542 -34.338298320770264 102.21408364211936
    endloop
  endfacet
  facet normal 0 0 1
    outer loop
      vertex 34.06261940390476 -30.144891936727234 102.21408364211936
      vertex 34.76170072555542 -34.338298320770264 102.21408364211936
      vertex 34.925364112854005 -34.50196170806885 102.21408364211936
    endloop
  endfacet
  facet normal 0 0 1
    outer loop
      vertex 34.06261940390476 -30.144891936727234 102.21408364211936
      vertex 34.925364112854005 -34.50196170806885 102.21408364211936
      vertex 35.0539532661438 -34.69440937042236 102.21408364211936
    endloop
  endfacet
  facet normal 0 0 1
    outer loop
      vertex 34.06261940390476 -30.144891936727234 102.21408364211936
      vertex 35.0539532661438 -34.69440937042236 102.21408364211936
      vertex 35.182542419433595 -34.88685703277588 102.21408364211936
    endloop
  endfacet
  facet normal 0 0 1
    outer loop
      vertex 34.06261940390476 -30.144891936727234 102.21408364211936
      vertex 35.182542419433595 -34.88685703277588 102.21408364211936
      vertex 35.2711163520813 -35.100693225860596 102.21408364211936
    endloop
  endfacet
  facet normal 0 0 1
    outer loop
      vertex 34.06261940390476 -30.144891936727234 102.21408364211936
      vertex 35.2711163520813 -35.100693225860596 102.21408364211936
      vertex 35.359690284729005 -35.31452941894531 102.21408364211936
    endloop
  endfacet
  facet normal 0 0 1
    outer loop
      vertex 34.06261940390476 -30.144891936727234 102.21408364211936
      vertex 35.359690284729005 -35.31452941894531 102.21408364211936
      vertex 39.999999618530275 -51.54698257446289 102.21408364211936
    endloop
  endfacet
  facet normal 0 0 1
    outer loop
      vertex 34.06261940390476 -30.144891936727234 102.21408364211936
      vertex 39.999999618530275 -51.54698257446289 102.21408364211936
      vertex 34.213142013549806 -30.08254337310791 102.21408364211936
    endloop
  endfacet
  facet normal 0.5555706688217225 1.7901439202754675e-15 0.831469321108713
    outer loop
      vertex 34.08330965042114 -5 108.62807559967041
      vertex 34.19824677115925 -5 108.55127698375063
      vertex 34.12835057576497 0 108.59798018137613
    endloop
  endfacet
  facet normal 0.5555706688216986 2.1018109124877194e-15 -0.831469321108729
    outer loop
      vertex 34.08330965042114 -5 111.37192440032959
      vertex 34.12835057576497 0 111.40201981862387
      vertex 34.21843242645264 -5 111.4622106552124
    endloop
  endfacet
  facet normal 0 -1 0
    outer loop
      vertex 34.08330965042114 -5 111.37192440032959
      vertex 34.21843242645264 -5 111.4622106552124
      vertex 34.7045259475708 -5 113
    endloop
  endfacet
  facet normal 0.3826847392310259 0 0.9238789911886088
    outer loop
      vertex 34.08853467305501 -6 107.13036518096925
      vertex 34.124932289123535 -6 107.11528873443604
      vertex 34.124932289123535 -5 107.11528873443604
    endloop
  endfacet
  facet normal 0 -1 0
    outer loop
      vertex 34.08853467305501 -6 107.13036518096925
      vertex 39.999999618530275 -6 102.21408364211936
      vertex 34.124932289123535 -6 107.11528873443604
    endloop
  endfacet
  facet normal 0 -1 0
    outer loop
      vertex 34.08853467305501 -6 112.86963481903075
      vertex 34.124932289123535 -6 112.88471126556396
      vertex 40.19698238372803 -6 120
    endloop
  endfacet
  facet normal 0.3826847392310259 0 -0.9238789911886088
    outer loop
      vertex 34.08853467305501 -6 112.86963481903075
      vertex 34.124932289123535 -5 112.88471126556396
      vertex 34.124932289123535 -6 112.88471126556396
    endloop
  endfacet
  facet normal 0.1950909531363873 0 0.9807851548653946
    outer loop
      vertex 34.124932289123535 -6 107.11528873443604
      vertex 34.16357186635335 -6 107.10760281880695
      vertex 34.124932289123535 -5 107.11528873443604
    endloop
  endfacet
  facet normal 0 -1 0
    outer loop
      vertex 34.124932289123535 -6 107.11528873443604
      vertex 39.999999618530275 -6 102.21408364211936
      vertex 34.16357186635335 -6 107.10760281880695
    endloop
  endfacet
  facet normal 0.1950909531363873 0 -0.9807851548653946
    outer loop
      vertex 34.124932289123535 -6 112.88471126556396
      vertex 34.124932289123535 -5 112.88471126556396
      vertex 34.16357186635335 -6 112.89239718119305
    endloop
  endfacet
  facet normal 0 -1 0
    outer loop
      vertex 34.124932289123535 -6 112.88471126556396
      vertex 34.16357186635335 -6 112.89239718119305
      vertex 40.19698238372803 -6 120
    endloop
  endfacet
  facet normal 0.19509095313605423 -1.3378492880389209e-14 0.9807851548654608
    outer loop
      vertex 34.124932289123535 -5 107.11528873443604
      vertex 34.16357186635335 -6 107.10760281880695
      vertex 34.7045259475708 -5 107
    endloop
  endfacet
  facet normal 0.19509095313605423 -1.3378492880389209e-14 -0.9807851548654608
    outer loop
      vertex 34.124932289123535 -5 112.88471126556396
      vertex 34.7045259475708 -5 113
      vertex 34.16357186635335 -6 112.89239718119305
    endloop
  endfacet
  facet normal 0 0 -1
    outer loop
      vertex 34.12760753631592 -38.11797199249267 96.21408364211936
      vertex 34.213142013549806 -38.082542419433594 96.21408364211936
      vertex 39.999999618530275 -51.54698257446289 96.21408364211936
    endloop
  endfacet
  facet normal -0.38268373235021086 0.923879408253324 0
    outer loop
      vertex 34.12760753631592 -38.11797199249267 96.21408364211936
      vertex 34.213142013549806 -38.082542419433594 102.21408364211936
      vertex 34.213142013549806 -38.082542419433594 96.21408364211936
    endloop
  endfacet
  facet normal 0 0 -1
    outer loop
      vertex 34.12760753631592 -33.88202705383301 96.21408364211936
      vertex 34.12760753631592 -30.117972946166994 96.21408364211936
      vertex 34.213142013549806 -30.08254337310791 96.21408364211936
    endloop
  endfacet
  facet normal -0.38268373235021086 -0.923879408253324 0
    outer loop
      vertex 34.12760753631592 -33.88202705383301 96.21408364211936
      vertex 34.213142013549806 -33.91745662689209 96.21408364211936
      vertex 34.213142013549806 -33.91745662689209 102.21408364211936
    endloop
  endfacet
  facet normal 0 0 -1
    outer loop
      vertex 34.12760753631592 -33.88202705383301 96.21408364211936
      vertex 34.213142013549806 -30.08254337310791 96.21408364211936
      vertex 34.213142013549806 -33.91745662689209 96.21408364211936
    endloop
  endfacet
  facet normal -0.38268373235027636 0.923879408253297 0
    outer loop
      vertex 34.12760753631592 -30.117972946166994 96.21408364211936
      vertex 34.213142013549806 -30.08254337310791 102.21408364211936
      vertex 34.213142013549806 -30.08254337310791 96.21408364211936
    endloop
  endfacet
  facet normal -0.38268373235027636 -0.923879408253297 0
    outer loop
      vertex 34.12760753631592 -25.882028007507323 96.21408364211936
      vertex 34.213142013549806 -25.917457580566406 96.21408364211936
      vertex 34.213142013549806 -25.917457580566406 102.21408364211936
    endloop
  endfacet
  facet normal 0 0 -1
    outer loop
      vertex 34.12760753631592 -25.882028007507323 96.21408364211936
      vertex 38.49818354094705 -6 96.21408364211936
      vertex 34.213142013549806 -25.917457580566406 96.21408364211936
    endloop
  endfacet
  facet normal 0.5555706688216039 -6.070677332164268e-16 0.8314693211087921
    outer loop
      vertex 34.12835057576497 0 108.59798018137613
      vertex 34.19824677115925 -5 108.55127698375063
      vertex 34.204975322923715 0 108.54678110409628
    endloop
  endfacet
  facet normal 0 1 0
    outer loop
      vertex 34.12835057576497 0 108.59798018137613
      vertex 34.204975322923715 0 108.54678110409628
      vertex 40.19698238372803 0 96.21408271789551
    endloop
  endfacet
  facet normal 0.5555706688216179 0 -0.8314693211087828
    outer loop
      vertex 34.12835057576497 0 111.40201981862387
      vertex 34.21843242645264 0 111.4622106552124
      vertex 34.21843242645264 -5 111.4622106552124
    endloop
  endfacet
  facet normal 0 1 0
    outer loop
      vertex 34.12835057576497 0 111.40201981862387
      vertex 40.19698238372803 0 120
      vertex 34.21843242645264 0 111.4622106552124
    endloop
  endfacet
  facet normal 0.19509095313603045 0 0.9807851548654656
    outer loop
      vertex 34.16357186635335 -6 107.10760281880695
      vertex 34.7045259475708 -6 107
      vertex 34.7045259475708 -5 107
    endloop
  endfacet
  facet normal 0 -1 0
    outer loop
      vertex 34.16357186635335 -6 107.10760281880695
      vertex 39.999999618530275 -6 102.21408364211936
      vertex 34.7045259475708 -6 107
    endloop
  endfacet
  facet normal 0 -1 0
    outer loop
      vertex 34.16357186635335 -6 112.89239718119305
      vertex 34.7045259475708 -6 113
      vertex 40.19698238372803 -6 120
    endloop
  endfacet
  facet normal 0.19509095313603045 0 -0.9807851548654656
    outer loop
      vertex 34.16357186635335 -6 112.89239718119305
      vertex 34.7045259475708 -5 113
      vertex 34.7045259475708 -6 113
    endloop
  endfacet
  facet normal 0.5555706688215621 -5.263119574606748e-16 0.8314693211088201
    outer loop
      vertex 34.19824677115925 -5 108.55127698375063
      vertex 34.21843242645264 -5 108.5377893447876
      vertex 34.204975322923715 0 108.54678110409628
    endloop
  endfacet
  facet normal 0.5555706688216974 0 0.8314693211087298
    outer loop
      vertex 34.204975322923715 0 108.54678110409628
      vertex 34.21843242645264 -5 108.5377893447876
      vertex 34.21843242645264 0 108.5377893447876
    endloop
  endfacet
  facet normal 0 1 0
    outer loop
      vertex 34.204975322923715 0 108.54678110409628
      vertex 34.21843242645264 0 108.5377893447876
      vertex 40.19698238372803 0 96.21408271789551
    endloop
  endfacet
  facet normal -0.5555694456246583 0.8314701384224872 0
    outer loop
      vertex 34.213142013549806 -38.082542419433594 96.21408364211936
      vertex 34.213142013549806 -38.082542419433594 102.21408364211936
      vertex 34.29012107849121 -38.03110675811767 96.21408364211936
    endloop
  endfacet
  facet normal 0 0 -1
    outer loop
      vertex 34.213142013549806 -38.082542419433594 96.21408364211936
      vertex 34.29012107849121 -38.03110675811767 96.21408364211936
      vertex 39.999999618530275 -51.54698257446289 96.21408364211936
    endloop
  endfacet
  facet normal -0.55556944562463 0.831470138422506 5.258902482840759e-16
    outer loop
      vertex 34.213142013549806 -38.082542419433594 102.21408364211936
      vertex 34.40558967590332 -37.9539532661438 102.21408364211936
      vertex 34.29012107849121 -38.03110675811767 96.21408364211936
    endloop
  endfacet
  facet normal 0 0 1
    outer loop
      vertex 34.213142013549806 -38.082542419433594 102.21408364211936
      vertex 39.999999618530275 -51.54698257446289 102.21408364211936
      vertex 34.40558967590332 -37.9539532661438 102.21408364211936
    endloop
  endfacet
  facet normal 0 0 -1
    outer loop
      vertex 34.213142013549806 -33.91745662689209 96.21408364211936
      vertex 34.213142013549806 -30.08254337310791 96.21408364211936
      vertex 34.29012107849121 -30.03110771179199 96.21408364211936
    endloop
  endfacet
  facet normal 0 0 -1
    outer loop
      vertex 34.213142013549806 -33.91745662689209 96.21408364211936
      vertex 34.29012107849121 -30.03110771179199 96.21408364211936
      vertex 34.52105827331543 -34.12319927215576 96.21408364211936
    endloop
  endfacet
  facet normal -0.55556944562463 -0.831470138422506 0
    outer loop
      vertex 34.213142013549806 -33.91745662689209 96.21408364211936
      vertex 34.40558967590332 -34.046045780181885 102.21408364211936
      vertex 34.213142013549806 -33.91745662689209 102.21408364211936
    endloop
  endfacet
  facet normal -0.5555694456246227 -0.8314701384225107 -3.279006892507602e-16
    outer loop
      vertex 34.213142013549806 -33.91745662689209 96.21408364211936
      vertex 34.52105827331543 -34.12319927215576 96.21408364211936
      vertex 34.40558967590332 -34.046045780181885 102.21408364211936
    endloop
  endfacet
  facet normal -0.5555694456246583 0.8314701384224872 0
    outer loop
      vertex 34.213142013549806 -30.08254337310791 96.21408364211936
      vertex 34.213142013549806 -30.08254337310791 102.21408364211936
      vertex 34.29012107849121 -30.03110771179199 96.21408364211936
    endloop
  endfacet
  facet normal -0.55556944562463 0.831470138422506 5.258902482840759e-16
    outer loop
      vertex 34.213142013549806 -30.08254337310791 102.21408364211936
      vertex 34.40558967590332 -29.953954219818115 102.21408364211936
      vertex 34.29012107849121 -30.03110771179199 96.21408364211936
    endloop
  endfacet
  facet normal 0 0 1
    outer loop
      vertex 34.213142013549806 -30.08254337310791 102.21408364211936
      vertex 39.999999618530275 -51.54698257446289 102.21408364211936
      vertex 34.40558967590332 -29.953954219818115 102.21408364211936
    endloop
  endfacet
  facet normal -0.55556944562463 -0.831470138422506 0
    outer loop
      vertex 34.213142013549806 -25.917457580566406 96.21408364211936
      vertex 34.40558967590332 -26.0460467338562 102.21408364211936
      vertex 34.213142013549806 -25.917457580566406 102.21408364211936
    endloop
  endfacet
  facet normal -0.5555694456246227 -0.8314701384225107 -3.279006892507602e-16
    outer loop
      vertex 34.213142013549806 -25.917457580566406 96.21408364211936
      vertex 34.52105827331543 -26.123200225830075 96.21408364211936
      vertex 34.40558967590332 -26.0460467338562 102.21408364211936
    endloop
  endfacet
  facet normal 0 0 -1
    outer loop
      vertex 34.213142013549806 -25.917457580566406 96.21408364211936
      vertex 38.49818354094705 -6 96.21408364211936
      vertex 34.52105827331543 -26.123200225830075 96.21408364211936
    endloop
  endfacet
  facet normal 0 0 1
    outer loop
      vertex 34.213142013549806 -25.917457580566406 102.21408364211936
      vertex 34.40558967590332 -26.0460467338562 102.21408364211936
      vertex 39.999999618530275 -6 102.21408364211936
    endloop
  endfacet
  facet normal 0.38268297719001254 0 0.9238797210508456
    outer loop
      vertex 34.21843242645264 -5 108.5377893447876
      vertex 34.31852595011394 0 108.49632930755615
      vertex 34.21843242645264 0 108.5377893447876
    endloop
  endfacet
  facet normal 0.382682977190028 -3.6293376170409006e-16 0.9238797210508392
    outer loop
      vertex 34.21843242645264 -5 108.5377893447876
      vertex 34.36857271194458 -5 108.47559928894043
      vertex 34.31852595011394 0 108.49632930755615
    endloop
  endfacet
  facet normal 0.38268297719001254 0 -0.9238797210508456
    outer loop
      vertex 34.21843242645264 -5 111.4622106552124
      vertex 34.21843242645264 0 111.4622106552124
      vertex 34.31852595011394 0 111.50367069244385
    endloop
  endfacet
  facet normal 0.382682977190028 -3.6293376170409006e-16 -0.9238797210508392
    outer loop
      vertex 34.21843242645264 -5 111.4622106552124
      vertex 34.31852595011394 0 111.50367069244385
      vertex 34.36857271194458 -5 111.52440071105957
    endloop
  endfacet
  facet normal 0 -1 0
    outer loop
      vertex 34.21843242645264 -5 111.4622106552124
      vertex 34.36857271194458 -5 111.52440071105957
      vertex 34.7045259475708 -5 113
    endloop
  endfacet
  facet normal 0 1 0
    outer loop
      vertex 34.21843242645264 0 108.5377893447876
      vertex 34.31852595011394 0 108.49632930755615
      vertex 40.19698238372803 0 96.21408271789551
    endloop
  endfacet
  facet normal 0 1 0
    outer loop
      vertex 34.21843242645264 0 111.4622106552124
      vertex 40.19698238372803 0 120
      vertex 34.31852595011394 0 111.50367069244385
    endloop
  endfacet
  facet normal -0.5555694456246227 0.8314701384225107 3.2946212110433525e-16
    outer loop
      vertex 34.29012107849121 -38.03110675811767 96.21408364211936
      vertex 34.40558967590332 -37.9539532661438 102.21408364211936
      vertex 34.59803733825684 -37.825364112854004 96.21408364211936
    endloop
  endfacet
  facet normal 0 0 -1
    outer loop
      vertex 34.29012107849121 -38.03110675811767 96.21408364211936
      vertex 34.59803733825684 -37.825364112854004 96.21408364211936
      vertex 39.999999618530275 -51.54698257446289 96.21408364211936
    endloop
  endfacet
  facet normal -0.5555694456246227 0.8314701384225107 3.2946212110433525e-16
    outer loop
      vertex 34.29012107849121 -30.03110771179199 96.21408364211936
      vertex 34.40558967590332 -29.953954219818115 102.21408364211936
      vertex 34.59803733825684 -29.82536506652832 96.21408364211936
    endloop
  endfacet
  facet normal 0 0 -1
    outer loop
      vertex 34.29012107849121 -30.03110771179199 96.21408364211936
      vertex 34.59803733825684 -29.82536506652832 96.21408364211936
      vertex 34.52105827331543 -34.12319927215576 96.21408364211936
    endloop
  endfacet
  facet normal 0.382682977190059 0 0.9238797210508265
    outer loop
      vertex 34.31852595011394 0 108.49632930755615
      vertex 34.36857271194458 -5 108.47559928894043
      vertex 34.41861947377522 0 108.4548692703247
    endloop
  endfacet
  facet normal 0 1 0
    outer loop
      vertex 34.31852595011394 0 108.49632930755615
      vertex 34.41861947377522 0 108.4548692703247
      vertex 40.19698238372803 0 96.21408271789551
    endloop
  endfacet
  facet normal 0.382682977190059 0 -0.9238797210508265
    outer loop
      vertex 34.31852595011394 0 111.50367069244385
      vertex 34.41861947377522 0 111.5451307296753
      vertex 34.36857271194458 -5 111.52440071105957
    endloop
  endfacet
  facet normal 0 1 0
    outer loop
      vertex 34.31852595011394 0 111.50367069244385
      vertex 40.19698238372803 0 120
      vertex 34.41861947377522 0 111.5451307296753
    endloop
  endfacet
  facet normal 0.3826829771899184 1.6490159338730328e-15 0.9238797210508847
    outer loop
      vertex 34.36857271194458 -5 108.47559928894043
      vertex 34.450236469571806 -5 108.44177310011386
      vertex 34.41861947377522 0 108.4548692703247
    endloop
  endfacet
  facet normal 0.382682977190028 3.6240003558393696e-16 -0.9238797210508392
    outer loop
      vertex 34.36857271194458 -5 111.52440071105957
      vertex 34.41861947377522 0 111.5451307296753
      vertex 34.51871299743652 -5 111.58659076690674
    endloop
  endfacet
  facet normal 0 -1 0
    outer loop
      vertex 34.36857271194458 -5 111.52440071105957
      vertex 34.51871299743652 -5 111.58659076690674
      vertex 34.7045259475708 -5 113
    endloop
  endfacet
  facet normal -0.55556944562463 0.831470138422506 0
    outer loop
      vertex 34.40558967590332 -37.9539532661438 102.21408364211936
      vertex 34.59803733825684 -37.825364112854004 102.21408364211936
      vertex 34.59803733825684 -37.825364112854004 96.21408364211936
    endloop
  endfacet
  facet normal 0 0 1
    outer loop
      vertex 34.40558967590332 -37.9539532661438 102.21408364211936
      vertex 39.999999618530275 -51.54698257446289 102.21408364211936
      vertex 34.59803733825684 -37.825364112854004 102.21408364211936
    endloop
  endfacet
  facet normal -0.55556944562463 -0.831470138422506 -5.258902482840759e-16
    outer loop
      vertex 34.40558967590332 -34.046045780181885 102.21408364211936
      vertex 34.52105827331543 -34.12319927215576 96.21408364211936
      vertex 34.59803733825684 -34.17463493347168 102.21408364211936
    endloop
  endfacet
  facet normal -0.55556944562463 0.831470138422506 0
    outer loop
      vertex 34.40558967590332 -29.953954219818115 102.21408364211936
      vertex 34.59803733825684 -29.82536506652832 102.21408364211936
      vertex 34.59803733825684 -29.82536506652832 96.21408364211936
    endloop
  endfacet
  facet normal 0 0 1
    outer loop
      vertex 34.40558967590332 -29.953954219818115 102.21408364211936
      vertex 39.999999618530275 -51.54698257446289 102.21408364211936
      vertex 34.59803733825684 -29.82536506652832 102.21408364211936
    endloop
  endfacet
  facet normal -0.55556944562463 -0.831470138422506 -5.258902482840759e-16
    outer loop
      vertex 34.40558967590332 -26.0460467338562 102.21408364211936
      vertex 34.52105827331543 -26.123200225830075 96.21408364211936
      vertex 34.59803733825684 -26.174635887145996 102.21408364211936
    endloop
  endfacet
  facet normal 0 0 1
    outer loop
      vertex 34.40558967590332 -26.0460467338562 102.21408364211936
      vertex 34.59803733825684 -26.174635887145996 102.21408364211936
      vertex 39.999999618530275 -6 102.21408364211936
    endloop
  endfacet
  facet normal 0.3826829771898899 1.4380439459034513e-15 0.9238797210508964
    outer loop
      vertex 34.41861947377522 0 108.4548692703247
      vertex 34.450236469571806 -5 108.44177310011386
      vertex 34.473061978860045 0 108.43231847777366
    endloop
  endfacet
  facet normal 0 1 0
    outer loop
      vertex 34.41861947377522 0 108.4548692703247
      vertex 34.473061978860045 0 108.43231847777366
      vertex 40.19698238372803 0 96.21408271789551
    endloop
  endfacet
  facet normal 0.38268297719001254 0 -0.9238797210508456
    outer loop
      vertex 34.41861947377522 0 111.5451307296753
      vertex 34.51871299743652 0 111.58659076690674
      vertex 34.51871299743652 -5 111.58659076690674
    endloop
  endfacet
  facet normal 0 1 0
    outer loop
      vertex 34.41861947377522 0 111.5451307296753
      vertex 40.19698238372803 0 120
      vertex 34.51871299743652 0 111.58659076690674
    endloop
  endfacet
  facet normal 0.3826829771901588 0 0.923879721050785
    outer loop
      vertex 34.450236469571806 -5 108.44177310011386
      vertex 34.51871299743652 -5 108.41340923309326
      vertex 34.473061978860045 0 108.43231847777366
    endloop
  endfacet
  facet normal 0.3826829771901588 0 0.9238797210507851
    outer loop
      vertex 34.473061978860045 0 108.43231847777366
      vertex 34.51871299743652 -5 108.41340923309326
      vertex 34.51871299743652 0 108.41340923309326
    endloop
  endfacet
  facet normal 0 1 0
    outer loop
      vertex 34.473061978860045 0 108.43231847777366
      vertex 34.51871299743652 0 108.41340923309326
      vertex 40.19698238372803 0 96.21408271789551
    endloop
  endfacet
  facet normal 0.19509075740149473 0 0.980785193799596
    outer loop
      vertex 34.51871299743652 -5 108.41340923309326
      vertex 34.62497202555339 0 108.39227294921875
      vertex 34.51871299743652 0 108.41340923309326
    endloop
  endfacet
  facet normal 0.19509075740150308 -1.846686445476726e-16 0.9807851937995943
    outer loop
      vertex 34.51871299743652 -5 108.41340923309326
      vertex 34.678101539611816 -5 108.3817048072815
      vertex 34.62497202555339 0 108.39227294921875
    endloop
  endfacet
  facet normal 0.19509075740237952 0 -0.9807851937994201
    outer loop
      vertex 34.51871299743652 -5 111.58659076690674
      vertex 34.51871299743652 0 111.58659076690674
      vertex 34.53458607824477 0 111.58974812631303
    endloop
  endfacet
  facet normal 0.1950907574017604 2.0432560160494666e-15 -0.9807851937995432
    outer loop
      vertex 34.51871299743652 -5 111.58659076690674
      vertex 34.53458607824477 0 111.58974812631303
      vertex 34.5425226186489 -5 111.59132680601616
    endloop
  endfacet
  facet normal 0 -1 0
    outer loop
      vertex 34.51871299743652 -5 111.58659076690674
      vertex 34.5425226186489 -5 111.59132680601616
      vertex 34.7045259475708 -5 113
    endloop
  endfacet
  facet normal 0 1 0
    outer loop
      vertex 34.51871299743652 0 108.41340923309326
      vertex 34.62497202555339 0 108.39227294921875
      vertex 40.19698238372803 0 96.21408271789551
    endloop
  endfacet
  facet normal 0 1 0
    outer loop
      vertex 34.51871299743652 0 111.58659076690674
      vertex 40.19698238372803 0 120
      vertex 34.53458607824477 0 111.58974812631303
    endloop
  endfacet
  facet normal -0.5555694456246583 -0.8314701384224872 0
    outer loop
      vertex 34.52105827331543 -34.12319927215576 96.21408364211936
      vertex 34.59803733825684 -34.17463493347168 96.21408364211936
      vertex 34.59803733825684 -34.17463493347168 102.21408364211936
    endloop
  endfacet
  facet normal 0 0 -1
    outer loop
      vertex 34.52105827331543 -34.12319927215576 96.21408364211936
      vertex 34.59803733825684 -29.82536506652832 96.21408364211936
      vertex 34.59803733825684 -34.17463493347168 96.21408364211936
    endloop
  endfacet
  facet normal -0.5555694456246583 -0.8314701384224872 0
    outer loop
      vertex 34.52105827331543 -26.123200225830075 96.21408364211936
      vertex 34.59803733825684 -26.174635887145996 96.21408364211936
      vertex 34.59803733825684 -26.174635887145996 102.21408364211936
    endloop
  endfacet
  facet normal 0 0 -1
    outer loop
      vertex 34.52105827331543 -26.123200225830075 96.21408364211936
      vertex 38.49818354094705 -6 96.21408364211936
      vertex 34.59803733825684 -26.174635887145996 96.21408364211936
    endloop
  endfacet
  facet normal 0.19509075740133935 1.3484185512166172e-15 -0.9807851937996269
    outer loop
      vertex 34.53458607824477 0 111.58974812631303
      vertex 34.62497202555339 0 111.60772705078125
      vertex 34.5425226186489 -5 111.59132680601616
    endloop
  endfacet
  facet normal 0 1 0
    outer loop
      vertex 34.53458607824477 0 111.58974812631303
      vertex 40.19698238372803 0 120
      vertex 34.62497202555339 0 111.60772705078125
    endloop
  endfacet
  facet normal 0.19509075740145793 -6.839250107815937e-16 -0.9807851937996034
    outer loop
      vertex 34.5425226186489 -5 111.59132680601616
      vertex 34.62497202555339 0 111.60772705078125
      vertex 34.678101539611816 -5 111.6182951927185
    endloop
  endfacet
  facet normal 0 -1 0
    outer loop
      vertex 34.5425226186489 -5 111.59132680601616
      vertex 34.678101539611816 -5 111.6182951927185
      vertex 35.2954740524292 -5 113
    endloop
  endfacet
  facet normal 0 -1 0
    outer loop
      vertex 34.5425226186489 -5 111.59132680601616
      vertex 35.2954740524292 -5 113
      vertex 34.7045259475708 -5 113
    endloop
  endfacet
  facet normal -0.7071067811865475 0.7071067811865475 0
    outer loop
      vertex 34.59803733825684 -37.825364112854004 96.21408364211936
      vertex 34.59803733825684 -37.825364112854004 102.21408364211936
      vertex 34.76170072555542 -37.66170072555542 102.21408364211936
    endloop
  endfacet
  facet normal -0.707106781186538 0.7071067811865571 -5.24640438839387e-16
    outer loop
      vertex 34.59803733825684 -37.825364112854004 96.21408364211936
      vertex 34.76170072555542 -37.66170072555542 102.21408364211936
      vertex 34.85989875793457 -37.563502693176275 96.21408364211936
    endloop
  endfacet
  facet normal 0 0 -1
    outer loop
      vertex 34.59803733825684 -37.825364112854004 96.21408364211936
      vertex 34.85989875793457 -37.563502693176275 96.21408364211936
      vertex 39.999999618530275 -51.54698257446289 96.21408364211936
    endloop
  endfacet
  facet normal 0 0 1
    outer loop
      vertex 34.59803733825684 -37.825364112854004 102.21408364211936
      vertex 39.999999618530275 -51.54698257446289 102.21408364211936
      vertex 34.76170072555542 -37.66170072555542 102.21408364211936
    endloop
  endfacet
  facet normal 0 0 -1
    outer loop
      vertex 34.59803733825684 -34.17463493347168 96.21408364211936
      vertex 34.59803733825684 -29.82536506652832 96.21408364211936
      vertex 34.66350269317627 -34.24010028839112 96.21408364211936
    endloop
  endfacet
  facet normal -0.7071067811865859 -0.7071067811865092 0
    outer loop
      vertex 34.59803733825684 -34.17463493347168 96.21408364211936
      vertex 34.66350269317627 -34.24010028839112 96.21408364211936
      vertex 34.59803733825684 -34.17463493347168 102.21408364211936
    endloop
  endfacet
  facet normal -0.7071067811865475 -0.7071067811865475 8.369264143390152e-16
    outer loop
      vertex 34.59803733825684 -34.17463493347168 102.21408364211936
      vertex 34.66350269317627 -34.24010028839112 96.21408364211936
      vertex 34.76170072555542 -34.338298320770264 102.21408364211936
    endloop
  endfacet
  facet normal -0.7071067811865475 0.7071067811865475 0
    outer loop
      vertex 34.59803733825684 -29.82536506652832 96.21408364211936
      vertex 34.59803733825684 -29.82536506652832 102.21408364211936
      vertex 34.76170072555542 -29.661701679229736 102.21408364211936
    endloop
  endfacet
  facet normal -0.7071067811865476 0.7071067811865476 0
    outer loop
      vertex 34.59803733825684 -29.82536506652832 96.21408364211936
      vertex 34.76170072555542 -29.661701679229736 102.21408364211936
      vertex 34.85989875793457 -29.563503646850585 96.21408364211936
    endloop
  endfacet
  facet normal 0 0 -1
    outer loop
      vertex 34.59803733825684 -29.82536506652832 96.21408364211936
      vertex 34.85989875793457 -29.563503646850585 96.21408364211936
      vertex 34.66350269317627 -34.24010028839112 96.21408364211936
    endloop
  endfacet
  facet normal 0 0 1
    outer loop
      vertex 34.59803733825684 -29.82536506652832 102.21408364211936
      vertex 39.999999618530275 -51.54698257446289 102.21408364211936
      vertex 34.76170072555542 -29.661701679229736 102.21408364211936
    endloop
  endfacet
  facet normal -0.7071067811865476 -0.7071067811865476 0
    outer loop
      vertex 34.59803733825684 -26.174635887145996 96.21408364211936
      vertex 34.66350269317627 -26.24010124206543 96.21408364211936
      vertex 34.59803733825684 -26.174635887145996 102.21408364211936
    endloop
  endfacet
  facet normal 0 0 -1
    outer loop
      vertex 34.59803733825684 -26.174635887145996 96.21408364211936
      vertex 38.49818354094705 -6 96.21408364211936
      vertex 34.66350269317627 -26.24010124206543 96.21408364211936
    endloop
  endfacet
  facet normal -0.7071067811865475 -0.7071067811865475 0
    outer loop
      vertex 34.59803733825684 -26.174635887145996 102.21408364211936
      vertex 34.66350269317627 -26.24010124206543 96.21408364211936
      vertex 34.76170072555542 -26.33829927444458 102.21408364211936
    endloop
  endfacet
  facet normal 0 0 1
    outer loop
      vertex 34.59803733825684 -26.174635887145996 102.21408364211936
      vertex 34.76170072555542 -26.33829927444458 102.21408364211936
      vertex 39.999999618530275 -6 102.21408364211936
    endloop
  endfacet
  facet normal 0.19509075740151982 0 0.9807851937995911
    outer loop
      vertex 34.62497202555339 0 108.39227294921875
      vertex 34.678101539611816 -5 108.3817048072815
      vertex 34.73123105367024 0 108.37113666534424
    endloop
  endfacet
  facet normal 0 1 0
    outer loop
      vertex 34.62497202555339 0 108.39227294921875
      vertex 34.73123105367024 0 108.37113666534424
      vertex 40.19698238372803 0 96.21408271789551
    endloop
  endfacet
  facet normal 0.19509075740151982 0 -0.9807851937995911
    outer loop
      vertex 34.62497202555339 0 111.60772705078125
      vertex 34.73123105367024 0 111.62886333465576
      vertex 34.678101539611816 -5 111.6182951927185
    endloop
  endfacet
  facet normal 0 1 0
    outer loop
      vertex 34.62497202555339 0 111.60772705078125
      vertex 40.19698238372803 0 120
      vertex 34.73123105367024 0 111.62886333465576
    endloop
  endfacet
  facet normal 0 0 -1
    outer loop
      vertex 34.66350269317627 -34.24010028839112 96.21408364211936
      vertex 34.85989875793457 -29.563503646850585 96.21408364211936
      vertex 34.925364112854005 -34.50196170806885 96.21408364211936
    endloop
  endfacet
  facet normal -0.707106781186538 -0.7071067811865571 5.24640438839387e-16
    outer loop
      vertex 34.66350269317627 -34.24010028839112 96.21408364211936
      vertex 34.925364112854005 -34.50196170806885 96.21408364211936
      vertex 34.76170072555542 -34.338298320770264 102.21408364211936
    endloop
  endfacet
  facet normal -0.7071067811865476 -0.7071067811865476 0
    outer loop
      vertex 34.66350269317627 -26.24010124206543 96.21408364211936
      vertex 34.925364112854005 -26.501962661743164 96.21408364211936
      vertex 34.76170072555542 -26.33829927444458 102.21408364211936
    endloop
  endfacet
  facet normal 0 0 -1
    outer loop
      vertex 34.66350269317627 -26.24010124206543 96.21408364211936
      vertex 38.49818354094705 -6 96.21408364211936
      vertex 34.925364112854005 -26.501962661743164 96.21408364211936
    endloop
  endfacet
  facet normal 0.19509075740150308 1.8493550675077617e-16 0.9807851937995943
    outer loop
      vertex 34.678101539611816 -5 108.3817048072815
      vertex 34.83749008178711 -5 108.35000038146973
      vertex 34.73123105367024 0 108.37113666534424
    endloop
  endfacet
  facet normal 0.19509075740150308 1.8493550675077617e-16 -0.9807851937995943
    outer loop
      vertex 34.678101539611816 -5 111.6182951927185
      vertex 34.73123105367024 0 111.62886333465576
      vertex 34.83749008178711 -5 111.64999961853027
    endloop
  endfacet
  facet normal 0 -1 0
    outer loop
      vertex 34.678101539611816 -5 111.6182951927185
      vertex 34.83749008178711 -5 111.64999961853027
      vertex 35.2954740524292 -5 113
    endloop
  endfacet
  facet normal 0 0 1
    outer loop
      vertex 34.7045259475708 -6 107
      vertex 35.25607751210531 -6 107
      vertex 34.7045259475708 -5 107
    endloop
  endfacet
  facet normal 0 -1 0
    outer loop
      vertex 34.7045259475708 -6 107
      vertex 39.999999618530275 -6 102.21408364211936
      vertex 35.25607751210531 -6 107
    endloop
  endfacet
  facet normal 0 0 -1
    outer loop
      vertex 34.7045259475708 -6 113
      vertex 34.7045259475708 -5 113
      vertex 35.25607751210531 -6 113
    endloop
  endfacet
  facet normal 0 -1 0
    outer loop
      vertex 34.7045259475708 -6 113
      vertex 35.25607751210531 -6 113
      vertex 40.19698238372803 -6 120
    endloop
  endfacet
  facet normal 0 0 1
    outer loop
      vertex 34.7045259475708 -5 107
      vertex 35.25607751210531 -6 107
      vertex 35.2954740524292 -5 107
    endloop
  endfacet
  facet normal 0 0 -1
    outer loop
      vertex 34.7045259475708 -5 113
      vertex 35.2954740524292 -5 113
      vertex 35.25607751210531 -6 113
    endloop
  endfacet
  facet normal 0.19509075740149473 0 0.980785193799596
    outer loop
      vertex 34.73123105367024 0 108.37113666534424
      vertex 34.83749008178711 -5 108.35000038146973
      vertex 34.83749008178711 0 108.35000038146973
    endloop
  endfacet
  facet normal 0 1 0
    outer loop
      vertex 34.73123105367024 0 108.37113666534424
      vertex 34.83749008178711 0 108.35000038146973
      vertex 40.19698238372803 0 96.21408271789551
    endloop
  endfacet
  facet normal 0.19509075740149473 0 -0.980785193799596
    outer loop
      vertex 34.73123105367024 0 111.62886333465576
      vertex 34.83749008178711 0 111.64999961853027
      vertex 34.83749008178711 -5 111.64999961853027
    endloop
  endfacet
  facet normal 0 1 0
    outer loop
      vertex 34.73123105367024 0 111.62886333465576
      vertex 40.19698238372803 0 120
      vertex 34.83749008178711 0 111.64999961853027
    endloop
  endfacet
  facet normal -0.7071067811865475 0.7071067811865475 -8.369264143390152e-16
    outer loop
      vertex 34.76170072555542 -37.66170072555542 102.21408364211936
      vertex 34.925364112854005 -37.498037338256836 102.21408364211936
      vertex 34.85989875793457 -37.563502693176275 96.21408364211936
    endloop
  endfacet
  facet normal 0 0 1
    outer loop
      vertex 34.76170072555542 -37.66170072555542 102.21408364211936
      vertex 39.999999618530275 -51.54698257446289 102.21408364211936
      vertex 34.925364112854005 -37.498037338256836 102.21408364211936
    endloop
  endfacet
  facet normal -0.7071067811865475 -0.7071067811865475 0
    outer loop
      vertex 34.76170072555542 -34.338298320770264 102.21408364211936
      vertex 34.925364112854005 -34.50196170806885 96.21408364211936
      vertex 34.925364112854005 -34.50196170806885 102.21408364211936
    endloop
  endfacet
  facet normal -0.7071067811865475 0.7071067811865475 0
    outer loop
      vertex 34.76170072555542 -29.661701679229736 102.21408364211936
      vertex 34.925364112854005 -29.498038291931152 102.21408364211936
      vertex 34.85989875793457 -29.563503646850585 96.21408364211936
    endloop
  endfacet
  facet normal 0 0 1
    outer loop
      vertex 34.76170072555542 -29.661701679229736 102.21408364211936
      vertex 39.999999618530275 -51.54698257446289 102.21408364211936
      vertex 34.925364112854005 -29.498038291931152 102.21408364211936
    endloop
  endfacet
  facet normal -0.7071067811865475 -0.7071067811865475 0
    outer loop
      vertex 34.76170072555542 -26.33829927444458 102.21408364211936
      vertex 34.925364112854005 -26.501962661743164 96.21408364211936
      vertex 34.925364112854005 -26.501962661743164 102.21408364211936
    endloop
  endfacet
  facet normal 0 0 1
    outer loop
      vertex 34.76170072555542 -26.33829927444458 102.21408364211936
      vertex 34.925364112854005 -26.501962661743164 102.21408364211936
      vertex 39.999999618530275 -6 102.21408364211936
    endloop
  endfacet
  facet normal 0 0 1
    outer loop
      vertex 34.83749008178711 -5 108.35000038146973
      vertex 34.945830027262375 0 108.35000038146973
      vertex 34.83749008178711 0 108.35000038146973
    endloop
  endfacet
  facet normal 0 0 1
    outer loop
      vertex 34.83749008178711 -5 108.35000038146973
      vertex 35 -5 108.35000038146973
      vertex 34.945830027262375 0 108.35000038146973
    endloop
  endfacet
  facet normal 0 0 -1
    outer loop
      vertex 34.83749008178711 -5 111.64999961853027
      vertex 34.83749008178711 0 111.64999961853027
      vertex 34.945830027262375 0 111.64999961853027
    endloop
  endfacet
  facet normal 0 0 -1
    outer loop
      vertex 34.83749008178711 -5 111.64999961853027
      vertex 34.945830027262375 0 111.64999961853027
      vertex 35 -5 111.64999961853027
    endloop
  endfacet
  facet normal 0 -1 0
    outer loop
      vertex 34.83749008178711 -5 111.64999961853027
      vertex 35 -5 111.64999961853027
      vertex 35.2954740524292 -5 113
    endloop
  endfacet
  facet normal 0 1 0
    outer loop
      vertex 34.83749008178711 0 108.35000038146973
      vertex 34.945830027262375 0 108.35000038146973
      vertex 40.19698238372803 0 96.21408271789551
    endloop
  endfacet
  facet normal 0 1 0
    outer loop
      vertex 34.83749008178711 0 111.64999961853027
      vertex 40.19698238372803 0 120
      vertex 34.945830027262375 0 111.64999961853027
    endloop
  endfacet
  facet normal 0 0 -1
    outer loop
      vertex 34.85989875793457 -37.563502693176275 96.21408364211936
      vertex 34.925364112854005 -37.498037338256836 96.21408364211936
      vertex 39.999999618530275 -51.54698257446289 96.21408364211936
    endloop
  endfacet
  facet normal -0.7071067811865859 0.7071067811865092 0
    outer loop
      vertex 34.85989875793457 -37.563502693176275 96.21408364211936
      vertex 34.925364112854005 -37.498037338256836 102.21408364211936
      vertex 34.925364112854005 -37.498037338256836 96.21408364211936
    endloop
  endfacet
  facet normal 0 0 -1
    outer loop
      vertex 34.85989875793457 -29.563503646850585 96.21408364211936
      vertex 34.925364112854005 -29.498038291931152 96.21408364211936
      vertex 34.925364112854005 -34.50196170806885 96.21408364211936
    endloop
  endfacet
  facet normal -0.7071067811865476 0.7071067811865476 0
    outer loop
      vertex 34.85989875793457 -29.563503646850585 96.21408364211936
      vertex 34.925364112854005 -29.498038291931152 102.21408364211936
      vertex 34.925364112854005 -29.498038291931152 96.21408364211936
    endloop
  endfacet
  facet normal -0.831470138422506 0.55556944562463 0
    outer loop
      vertex 34.925364112854005 -37.498037338256836 96.21408364211936
      vertex 34.925364112854005 -37.498037338256836 102.21408364211936
      vertex 35.0539532661438 -37.30558967590332 102.21408364211936
    endloop
  endfacet
  facet normal -0.8314701384224961 0.5555694456246449 -6.995214704016256e-16
    outer loop
      vertex 34.925364112854005 -37.498037338256836 96.21408364211936
      vertex 35.0539532661438 -37.30558967590332 102.21408364211936
      vertex 35.13110675811768 -37.19012107849122 96.21408364211936
    endloop
  endfacet
  facet normal 0 0 -1
    outer loop
      vertex 34.925364112854005 -37.498037338256836 96.21408364211936
      vertex 35.13110675811768 -37.19012107849122 96.21408364211936
      vertex 39.999999618530275 -51.54698257446289 96.21408364211936
    endloop
  endfacet
  facet normal 0 0 1
    outer loop
      vertex 34.925364112854005 -37.498037338256836 102.21408364211936
      vertex 39.999999618530275 -51.54698257446289 102.21408364211936
      vertex 35.0539532661438 -37.30558967590332 102.21408364211936
    endloop
  endfacet
  facet normal 0 0 -1
    outer loop
      vertex 34.925364112854005 -34.50196170806885 96.21408364211936
      vertex 34.925364112854005 -29.498038291931152 96.21408364211936
      vertex 35.13110675811768 -29.190122032165526 96.21408364211936
    endloop
  endfacet
  facet normal -0.831470138422506 -0.55556944562463 0
    outer loop
      vertex 34.925364112854005 -34.50196170806885 96.21408364211936
      vertex 35.0539532661438 -34.69440937042236 102.21408364211936
      vertex 34.925364112854005 -34.50196170806885 102.21408364211936
    endloop
  endfacet
  facet normal -0.8314701384224961 -0.5555694456246449 -6.995214704016256e-16
    outer loop
      vertex 34.925364112854005 -34.50196170806885 96.21408364211936
      vertex 35.13110675811768 -34.80987796783447 96.21408364211936
      vertex 35.0539532661438 -34.69440937042236 102.21408364211936
    endloop
  endfacet
  facet normal 0 0 -1
    outer loop
      vertex 34.925364112854005 -34.50196170806885 96.21408364211936
      vertex 35.13110675811768 -29.190122032165526 96.21408364211936
      vertex 35.13110675811768 -34.80987796783447 96.21408364211936
    endloop
  endfacet
  facet normal -0.831470138422506 0.55556944562463 0
    outer loop
      vertex 34.925364112854005 -29.498038291931152 96.21408364211936
      vertex 34.925364112854005 -29.498038291931152 102.21408364211936
      vertex 35.0539532661438 -29.305590629577637 102.21408364211936
    endloop
  endfacet
  facet normal -0.831470138422502 0.5555694456246361 -2.873034610578059e-16
    outer loop
      vertex 34.925364112854005 -29.498038291931152 96.21408364211936
      vertex 35.0539532661438 -29.305590629577637 102.21408364211936
      vertex 35.13110675811768 -29.190122032165526 96.21408364211936
    endloop
  endfacet
  facet normal 0 0 1
    outer loop
      vertex 34.925364112854005 -29.498038291931152 102.21408364211936
      vertex 39.999999618530275 -51.54698257446289 102.21408364211936
      vertex 35.0539532661438 -29.305590629577637 102.21408364211936
    endloop
  endfacet
  facet normal -0.831470138422506 -0.55556944562463 0
    outer loop
      vertex 34.925364112854005 -26.501962661743164 96.21408364211936
      vertex 35.0539532661438 -26.69441032409668 102.21408364211936
      vertex 34.925364112854005 -26.501962661743164 102.21408364211936
    endloop
  endfacet
  facet normal -0.831470138422502 -0.5555694456246361 -2.873034610578059e-16
    outer loop
      vertex 34.925364112854005 -26.501962661743164 96.21408364211936
      vertex 35.13110675811768 -26.80987892150879 96.21408364211936
      vertex 35.0539532661438 -26.69441032409668 102.21408364211936
    endloop
  endfacet
  facet normal 0 0 -1
    outer loop
      vertex 34.925364112854005 -26.501962661743164 96.21408364211936
      vertex 38.49818354094705 -6 96.21408364211936
      vertex 35.13110675811768 -26.80987892150879 96.21408364211936
    endloop
  endfacet
  facet normal 0 0 1
    outer loop
      vertex 34.925364112854005 -26.501962661743164 102.21408364211936
      vertex 35.0539532661438 -26.69441032409668 102.21408364211936
      vertex 39.999999618530275 -6 102.21408364211936
    endloop
  endfacet
  facet normal 0 0 1
    outer loop
      vertex 34.945830027262375 0 108.35000038146973
      vertex 35 -5 108.35000038146973
      vertex 35.054169972737625 0 108.35000038146973
    endloop
  endfacet
  facet normal 0 1 0
    outer loop
      vertex 34.945830027262375 0 108.35000038146973
      vertex 35.054169972737625 0 108.35000038146973
      vertex 40.19698238372803 0 96.21408271789551
    endloop
  endfacet
  facet normal 0 0 -1
    outer loop
      vertex 34.945830027262375 0 111.64999961853027
      vertex 35.054169972737625 0 111.64999961853027
      vertex 35 -5 111.64999961853027
    endloop
  endfacet
  facet normal 0 1 0
    outer loop
      vertex 34.945830027262375 0 111.64999961853027
      vertex 40.19698238372803 0 120
      vertex 35.054169972737625 0 111.64999961853027
    endloop
  endfacet
  facet normal 0 0 1
    outer loop
      vertex 35 -5 108.35000038146973
      vertex 35.16250991821289 -5 108.35000038146973
      vertex 35.054169972737625 0 108.35000038146973
    endloop
  endfacet
  facet normal 0 -1 0
    outer loop
      vertex 35 -5 111.64999961853027
      vertex 35.05005969921854 -5 111.64999961853027
      vertex 35.2954740524292 -5 113
    endloop
  endfacet
  facet normal 0 0 -1
    outer loop
      vertex 35 -5 111.64999961853027
      vertex 35.054169972737625 0 111.64999961853027
      vertex 35.05005969921854 -5 111.64999961853027
    endloop
  endfacet
  facet normal 0 0 -1
    outer loop
      vertex 35.05005969921854 -5 111.64999961853027
      vertex 35.054169972737625 0 111.64999961853027
      vertex 35.08754310554998 0 111.64999961853027
    endloop
  endfacet
  facet normal 0 0 -1
    outer loop
      vertex 35.05005969921854 -5 111.64999961853027
      vertex 35.08754310554998 0 111.64999961853027
      vertex 35.16250991821289 -5 111.64999961853027
    endloop
  endfacet
  facet normal 0 -1 0
    outer loop
      vertex 35.05005969921854 -5 111.64999961853027
      vertex 35.16250991821289 -5 111.64999961853027
      vertex 35.875067710876465 -5 112.88471126556396
    endloop
  endfacet
  facet normal 0 -1 0
    outer loop
      vertex 35.05005969921854 -5 111.64999961853027
      vertex 35.875067710876465 -5 112.88471126556396
      vertex 35.2954740524292 -5 113
    endloop
  endfacet
  facet normal -0.831470138422506 0.55556944562463 -1.1167360616768737e-15
    outer loop
      vertex 35.0539532661438 -37.30558967590332 102.21408364211936
      vertex 35.182542419433595 -37.113142013549805 102.21408364211936
      vertex 35.13110675811768 -37.19012107849122 96.21408364211936
    endloop
  endfacet
  facet normal 0 0 1
    outer loop
      vertex 35.0539532661438 -37.30558967590332 102.21408364211936
      vertex 39.999999618530275 -51.54698257446289 102.21408364211936
      vertex 35.182542419433595 -37.113142013549805 102.21408364211936
    endloop
  endfacet
  facet normal -0.831470138422506 -0.55556944562463 -1.1167360616768737e-15
    outer loop
      vertex 35.0539532661438 -34.69440937042236 102.21408364211936
      vertex 35.13110675811768 -34.80987796783447 96.21408364211936
      vertex 35.182542419433595 -34.88685703277588 102.21408364211936
    endloop
  endfacet
  facet normal -0.831470138422506 0.55556944562463 -4.584363922096339e-16
    outer loop
      vertex 35.0539532661438 -29.305590629577637 102.21408364211936
      vertex 35.182542419433595 -29.11314296722412 102.21408364211936
      vertex 35.13110675811768 -29.190122032165526 96.21408364211936
    endloop
  endfacet
  facet normal 0 0 1
    outer loop
      vertex 35.0539532661438 -29.305590629577637 102.21408364211936
      vertex 39.999999618530275 -51.54698257446289 102.21408364211936
      vertex 35.182542419433595 -29.11314296722412 102.21408364211936
    endloop
  endfacet
  facet normal -0.831470138422506 -0.55556944562463 -4.584363922096339e-16
    outer loop
      vertex 35.0539532661438 -26.69441032409668 102.21408364211936
      vertex 35.13110675811768 -26.80987892150879 96.21408364211936
      vertex 35.182542419433595 -26.886857986450195 102.21408364211936
    endloop
  endfacet
  facet normal 0 0 1
    outer loop
      vertex 35.0539532661438 -26.69441032409668 102.21408364211936
      vertex 35.182542419433595 -26.886857986450195 102.21408364211936
      vertex 39.999999618530275 -6 102.21408364211936
    endloop
  endfacet
  facet normal 0 0 1
    outer loop
      vertex 35.054169972737625 0 108.35000038146973
      vertex 35.16250991821289 -5 108.35000038146973
      vertex 35.16250991821289 0 108.35000038146973
    endloop
  endfacet
  facet normal 0 1 0
    outer loop
      vertex 35.054169972737625 0 108.35000038146973
      vertex 35.16250991821289 0 108.35000038146973
      vertex 40.19698238372803 0 96.21408271789551
    endloop
  endfacet
  facet normal 0 1 0
    outer loop
      vertex 35.054169972737625 0 111.64999961853027
      vertex 40.19698238372803 0 120
      vertex 35.08754310554998 0 111.64999961853027
    endloop
  endfacet
  facet normal 0 0 -1
    outer loop
      vertex 35.08754310554998 0 111.64999961853027
      vertex 35.16250991821289 0 111.64999961853027
      vertex 35.16250991821289 -5 111.64999961853027
    endloop
  endfacet
  facet normal 0 1 0
    outer loop
      vertex 35.08754310554998 0 111.64999961853027
      vertex 40.19698238372803 0 120
      vertex 35.16250991821289 0 111.64999961853027
    endloop
  endfacet
  facet normal 0 0 -1
    outer loop
      vertex 35.13110675811768 -37.19012107849122 96.21408364211936
      vertex 35.182542419433595 -37.113142013549805 96.21408364211936
      vertex 39.999999618530275 -51.54698257446289 96.21408364211936
    endloop
  endfacet
  facet normal -0.8314701384225464 0.5555694456245698 0
    outer loop
      vertex 35.13110675811768 -37.19012107849122 96.21408364211936
      vertex 35.182542419433595 -37.113142013549805 102.21408364211936
      vertex 35.182542419433595 -37.113142013549805 96.21408364211936
    endloop
  endfacet
  facet normal 0 0 -1
    outer loop
      vertex 35.13110675811768 -34.80987796783447 96.21408364211936
      vertex 35.13110675811768 -29.190122032165526 96.21408364211936
      vertex 35.182542419433595 -29.11314296722412 96.21408364211936
    endloop
  endfacet
  facet normal -0.8314701384225464 -0.5555694456245698 0
    outer loop
      vertex 35.13110675811768 -34.80987796783447 96.21408364211936
      vertex 35.182542419433595 -34.88685703277588 96.21408364211936
      vertex 35.182542419433595 -34.88685703277588 102.21408364211936
    endloop
  endfacet
  facet normal 0 0 -1
    outer loop
      vertex 35.13110675811768 -34.80987796783447 96.21408364211936
      vertex 35.182542419433595 -29.11314296722412 96.21408364211936
      vertex 35.182542419433595 -34.88685703277588 96.21408364211936
    endloop
  endfacet
  facet normal -0.8314701384225226 0.5555694456246052 0
    outer loop
      vertex 35.13110675811768 -29.190122032165526 96.21408364211936
      vertex 35.182542419433595 -29.11314296722412 102.21408364211936
      vertex 35.182542419433595 -29.11314296722412 96.21408364211936
    endloop
  endfacet
  facet normal -0.8314701384225226 -0.5555694456246052 0
    outer loop
      vertex 35.13110675811768 -26.80987892150879 96.21408364211936
      vertex 35.182542419433595 -26.886857986450195 96.21408364211936
      vertex 35.182542419433595 -26.886857986450195 102.21408364211936
    endloop
  endfacet
  facet normal 0 0 -1
    outer loop
      vertex 35.13110675811768 -26.80987892150879 96.21408364211936
      vertex 38.49818354094705 -6 96.21408364211936
      vertex 35.182542419433595 -26.886857986450195 96.21408364211936
    endloop
  endfacet
  facet normal -0.19509075740149473 0 0.980785193799596
    outer loop
      vertex 35.16250991821289 -5 108.35000038146973
      vertex 35.26876894632976 0 108.37113666534424
      vertex 35.16250991821289 0 108.35000038146973
    endloop
  endfacet
  facet normal -0.19509075740150308 1.846686445476726e-16 0.9807851937995943
    outer loop
      vertex 35.16250991821289 -5 108.35000038146973
      vertex 35.321898460388184 -5 108.3817048072815
      vertex 35.26876894632976 0 108.37113666534424
    endloop
  endfacet
  facet normal 0 -1 0
    outer loop
      vertex 35.16250991821289 -5 108.35000038146973
      vertex 37.65856456756592 -5 108.5789680480957
      vertex 35.321898460388184 -5 108.3817048072815
    endloop
  endfacet
  facet normal -0.19509075740149473 0 -0.980785193799596
    outer loop
      vertex 35.16250991821289 -5 111.64999961853027
      vertex 35.16250991821289 0 111.64999961853027
      vertex 35.26876894632976 0 111.62886333465576
    endloop
  endfacet
  facet normal -0.19509075740150308 1.846686445476726e-16 -0.9807851937995943
    outer loop
      vertex 35.16250991821289 -5 111.64999961853027
      vertex 35.26876894632976 0 111.62886333465576
      vertex 35.321898460388184 -5 111.6182951927185
    endloop
  endfacet
  facet normal 0 -1 0
    outer loop
      vertex 35.16250991821289 -5 111.64999961853027
      vertex 35.321898460388184 -5 111.6182951927185
      vertex 35.875067710876465 -5 112.88471126556396
    endloop
  endfacet
  facet normal 0 1 0
    outer loop
      vertex 35.16250991821289 0 108.35000038146973
      vertex 35.26876894632976 0 108.37113666534424
      vertex 40.19698238372803 0 96.21408271789551
    endloop
  endfacet
  facet normal 0 1 0
    outer loop
      vertex 35.16250991821289 0 111.64999961853027
      vertex 40.19698238372803 0 120
      vertex 35.26876894632976 0 111.62886333465576
    endloop
  endfacet
  facet normal -0.923879408253308 0.3826837323502492 0
    outer loop
      vertex 35.182542419433595 -37.113142013549805 96.21408364211936
      vertex 35.182542419433595 -37.113142013549805 102.21408364211936
      vertex 35.21797199249268 -37.02760753631591 96.21408364211936
    endloop
  endfacet
  facet normal 0 0 -1
    outer loop
      vertex 35.182542419433595 -37.113142013549805 96.21408364211936
      vertex 35.21797199249268 -37.02760753631591 96.21408364211936
      vertex 39.999999618530275 -51.54698257446289 96.21408364211936
    endloop
  endfacet
  facet normal -0.9238794082533046 0.3826837323502579 1.436517493952852e-16
    outer loop
      vertex 35.182542419433595 -37.113142013549805 102.21408364211936
      vertex 35.2711163520813 -36.89930582046509 102.21408364211936
      vertex 35.21797199249268 -37.02760753631591 96.21408364211936
    endloop
  endfacet
  facet normal 0 0 1
    outer loop
      vertex 35.182542419433595 -37.113142013549805 102.21408364211936
      vertex 39.999999618530275 -51.54698257446289 102.21408364211936
      vertex 35.2711163520813 -36.89930582046509 102.21408364211936
    endloop
  endfacet
  facet normal 0 0 -1
    outer loop
      vertex 35.182542419433595 -34.88685703277588 96.21408364211936
      vertex 35.182542419433595 -29.11314296722412 96.21408364211936
      vertex 35.21797199249268 -29.027608489990236 96.21408364211936
    endloop
  endfacet
  facet normal -0.923879408253308 -0.3826837323502492 0
    outer loop
      vertex 35.182542419433595 -34.88685703277588 96.21408364211936
      vertex 35.21797199249268 -34.97239151000977 96.21408364211936
      vertex 35.182542419433595 -34.88685703277588 102.21408364211936
    endloop
  endfacet
  facet normal 0 0 -1
    outer loop
      vertex 35.182542419433595 -34.88685703277588 96.21408364211936
      vertex 35.21797199249268 -29.027608489990236 96.21408364211936
      vertex 35.21797199249268 -34.97239151000977 96.21408364211936
    endloop
  endfacet
  facet normal -0.9238794082533046 -0.3826837323502579 1.436517493952852e-16
    outer loop
      vertex 35.182542419433595 -34.88685703277588 102.21408364211936
      vertex 35.21797199249268 -34.97239151000977 96.21408364211936
      vertex 35.2711163520813 -35.100693225860596 102.21408364211936
    endloop
  endfacet
  facet normal -0.923879408253297 0.38268373235027636 0
    outer loop
      vertex 35.182542419433595 -29.11314296722412 96.21408364211936
      vertex 35.182542419433595 -29.11314296722412 102.21408364211936
      vertex 35.21797199249268 -29.027608489990236 96.21408364211936
    endloop
  endfacet
  facet normal -0.9238794082533046 0.3826837323502579 -3.0978812043504983e-16
    outer loop
      vertex 35.182542419433595 -29.11314296722412 102.21408364211936
      vertex 35.2711163520813 -28.899306774139404 102.21408364211936
      vertex 35.21797199249268 -29.027608489990236 96.21408364211936
    endloop
  endfacet
  facet normal 0 0 1
    outer loop
      vertex 35.182542419433595 -29.11314296722412 102.21408364211936
      vertex 39.999999618530275 -51.54698257446289 102.21408364211936
      vertex 35.2711163520813 -28.899306774139404 102.21408364211936
    endloop
  endfacet
  facet normal -0.923879408253297 -0.38268373235027636 0
    outer loop
      vertex 35.182542419433595 -26.886857986450195 96.21408364211936
      vertex 35.21797199249268 -26.97239246368408 96.21408364211936
      vertex 35.182542419433595 -26.886857986450195 102.21408364211936
    endloop
  endfacet
  facet normal 0 0 -1
    outer loop
      vertex 35.182542419433595 -26.886857986450195 96.21408364211936
      vertex 38.49818354094705 -6 96.21408364211936
      vertex 35.21797199249268 -26.97239246368408 96.21408364211936
    endloop
  endfacet
  facet normal -0.9238794082533046 -0.3826837323502579 -3.0978812043504983e-16
    outer loop
      vertex 35.182542419433595 -26.886857986450195 102.21408364211936
      vertex 35.21797199249268 -26.97239246368408 96.21408364211936
      vertex 35.2711163520813 -27.100694179534912 102.21408364211936
    endloop
  endfacet
  facet normal 0 0 1
    outer loop
      vertex 35.182542419433595 -26.886857986450195 102.21408364211936
      vertex 35.2711163520813 -27.100694179534912 102.21408364211936
      vertex 39.999999618530275 -6 102.21408364211936
    endloop
  endfacet
  facet normal -0.9238794082533037 0.38268373235026004 9.056305940137687e-17
    outer loop
      vertex 35.21797199249268 -37.02760753631591 96.21408364211936
      vertex 35.2711163520813 -36.89930582046509 102.21408364211936
      vertex 35.359690284729005 -36.68546962738037 96.21408364211936
    endloop
  endfacet
  facet normal 0 0 -1
    outer loop
      vertex 35.21797199249268 -37.02760753631591 96.21408364211936
      vertex 35.359690284729005 -36.68546962738037 96.21408364211936
      vertex 39.999999618530275 -51.54698257446289 96.21408364211936
    endloop
  endfacet
  facet normal 0 0 -1
    outer loop
      vertex 35.21797199249268 -34.97239151000977 96.21408364211936
      vertex 35.21797199249268 -29.027608489990236 96.21408364211936
      vertex 35.359690284729005 -28.685470581054688 96.21408364211936
    endloop
  endfacet
  facet normal -0.9238794082533037 -0.38268373235026004 9.056305940137687e-17
    outer loop
      vertex 35.21797199249268 -34.97239151000977 96.21408364211936
      vertex 35.359690284729005 -35.31452941894531 96.21408364211936
      vertex 35.2711163520813 -35.100693225860596 102.21408364211936
    endloop
  endfacet
  facet normal 0 0 -1
    outer loop
      vertex 35.21797199249268 -34.97239151000977 96.21408364211936
      vertex 35.359690284729005 -28.685470581054688 96.21408364211936
      vertex 35.359690284729005 -35.31452941894531 96.21408364211936
    endloop
  endfacet
  facet normal -0.9238794082533065 0.3826837323502532 -1.9205614321326135e-16
    outer loop
      vertex 35.21797199249268 -29.027608489990236 96.21408364211936
      vertex 35.2711163520813 -28.899306774139404 102.21408364211936
      vertex 35.359690284729005 -28.685470581054688 96.21408364211936
    endloop
  endfacet
  facet normal -0.9238794082533065 -0.3826837323502532 -1.9205614321326135e-16
    outer loop
      vertex 35.21797199249268 -26.97239246368408 96.21408364211936
      vertex 35.359690284729005 -27.31453037261963 96.21408364211936
      vertex 35.2711163520813 -27.100694179534912 102.21408364211936
    endloop
  endfacet
  facet normal 0 0 -1
    outer loop
      vertex 35.21797199249268 -26.97239246368408 96.21408364211936
      vertex 38.49818354094705 -6 96.21408364211936
      vertex 35.359690284729005 -27.31453037261963 96.21408364211936
    endloop
  endfacet
  facet normal 0 0 1
    outer loop
      vertex 35.25607751210531 -6 107
      vertex 35.2954740524292 -6 107
      vertex 35.2954740524292 -5 107
    endloop
  endfacet
  facet normal 0 -1 0
    outer loop
      vertex 35.25607751210531 -6 107
      vertex 39.999999618530275 -6 102.21408364211936
      vertex 35.2954740524292 -6 107
    endloop
  endfacet
  facet normal 0 -1 0
    outer loop
      vertex 35.25607751210531 -6 113
      vertex 35.2954740524292 -6 113
      vertex 40.19698238372803 -6 120
    endloop
  endfacet
  facet normal 0 0 -1
    outer loop
      vertex 35.25607751210531 -6 113
      vertex 35.2954740524292 -5 113
      vertex 35.2954740524292 -6 113
    endloop
  endfacet
  facet normal -0.19509075740151982 0 0.9807851937995911
    outer loop
      vertex 35.26876894632976 0 108.37113666534424
      vertex 35.321898460388184 -5 108.3817048072815
      vertex 35.37502797444661 0 108.39227294921875
    endloop
  endfacet
  facet normal 0 1 0
    outer loop
      vertex 35.26876894632976 0 108.37113666534424
      vertex 35.37502797444661 0 108.39227294921875
      vertex 40.19698238372803 0 96.21408271789551
    endloop
  endfacet
  facet normal -0.19509075740151982 0 -0.9807851937995911
    outer loop
      vertex 35.26876894632976 0 111.62886333465576
      vertex 35.37502797444661 0 111.60772705078125
      vertex 35.321898460388184 -5 111.6182951927185
    endloop
  endfacet
  facet normal 0 1 0
    outer loop
      vertex 35.26876894632976 0 111.62886333465576
      vertex 40.19698238372803 0 120
      vertex 35.37502797444661 0 111.60772705078125
    endloop
  endfacet
  facet normal -0.9238794082533046 0.3826837323502579 0
    outer loop
      vertex 35.2711163520813 -36.89930582046509 102.21408364211936
      vertex 35.359690284729005 -36.68546962738037 102.21408364211936
      vertex 35.359690284729005 -36.68546962738037 96.21408364211936
    endloop
  endfacet
  facet normal 0 0 1
    outer loop
      vertex 35.2711163520813 -36.89930582046509 102.21408364211936
      vertex 39.999999618530275 -51.54698257446289 102.21408364211936
      vertex 35.359690284729005 -36.68546962738037 102.21408364211936
    endloop
  endfacet
  facet normal -0.9238794082533046 -0.3826837323502579 0
    outer loop
      vertex 35.2711163520813 -35.100693225860596 102.21408364211936
      vertex 35.359690284729005 -35.31452941894531 96.21408364211936
      vertex 35.359690284729005 -35.31452941894531 102.21408364211936
    endloop
  endfacet
  facet normal -0.9238794082533046 0.3826837323502579 0
    outer loop
      vertex 35.2711163520813 -28.899306774139404 102.21408364211936
      vertex 35.359690284729005 -28.685470581054688 102.21408364211936
      vertex 35.359690284729005 -28.685470581054688 96.21408364211936
    endloop
  endfacet
  facet normal 0 0 1
    outer loop
      vertex 35.2711163520813 -28.899306774139404 102.21408364211936
      vertex 39.999999618530275 -51.54698257446289 102.21408364211936
      vertex 35.359690284729005 -28.685470581054688 102.21408364211936
    endloop
  endfacet
  facet normal -0.9238794082533046 -0.3826837323502579 0
    outer loop
      vertex 35.2711163520813 -27.100694179534912 102.21408364211936
      vertex 35.359690284729005 -27.31453037261963 96.21408364211936
      vertex 35.359690284729005 -27.31453037261963 102.21408364211936
    endloop
  endfacet
  facet normal 0 0 1
    outer loop
      vertex 35.2711163520813 -27.100694179534912 102.21408364211936
      vertex 35.359690284729005 -27.31453037261963 102.21408364211936
      vertex 39.999999618530275 -6 102.21408364211936
    endloop
  endfacet
  facet normal -0.19509095313603045 0 0.9807851548654656
    outer loop
      vertex 35.2954740524292 -6 107
      vertex 35.83642813364665 -6 107.10760281880695
      vertex 35.2954740524292 -5 107
    endloop
  endfacet
  facet normal 0 -1 0
    outer loop
      vertex 35.2954740524292 -6 107
      vertex 39.999999618530275 -6 102.21408364211936
      vertex 35.83642813364665 -6 107.10760281880695
    endloop
  endfacet
  facet normal -0.1950909531363873 0 -0.9807851548653946
    outer loop
      vertex 35.2954740524292 -6 113
      vertex 35.2954740524292 -5 113
      vertex 35.334113629659015 -6 112.99231408437092
    endloop
  endfacet
  facet normal 0 -1 0
    outer loop
      vertex 35.2954740524292 -6 113
      vertex 35.334113629659015 -6 112.99231408437092
      vertex 40.19698238372803 -6 120
    endloop
  endfacet
  facet normal -0.19509095313605423 -1.3374089646308992e-14 0.9807851548654608
    outer loop
      vertex 35.2954740524292 -5 107
      vertex 35.83642813364665 -6 107.10760281880695
      vertex 35.875067710876465 -5 107.11528873443604
    endloop
  endfacet
  facet normal -0.19509095313605423 1.3378492880389209e-14 -0.9807851548654608
    outer loop
      vertex 35.2954740524292 -5 113
      vertex 35.875067710876465 -5 112.88471126556396
      vertex 35.334113629659015 -6 112.99231408437092
    endloop
  endfacet
  facet normal -0.19509075740150308 -1.8493550675077617e-16 0.9807851937995943
    outer loop
      vertex 35.321898460388184 -5 108.3817048072815
      vertex 35.48128700256348 -5 108.41340923309326
      vertex 35.37502797444661 0 108.39227294921875
    endloop
  endfacet
  facet normal 0 -1 0
    outer loop
      vertex 35.321898460388184 -5 108.3817048072815
      vertex 37.65856456756592 -5 108.5789680480957
      vertex 35.48128700256348 -5 108.41340923309326
    endloop
  endfacet
  facet normal -0.19509075740150308 -1.8493550675077617e-16 -0.9807851937995943
    outer loop
      vertex 35.321898460388184 -5 111.6182951927185
      vertex 35.37502797444661 0 111.60772705078125
      vertex 35.48128700256348 -5 111.58659076690674
    endloop
  endfacet
  facet normal 0 -1 0
    outer loop
      vertex 35.321898460388184 -5 111.6182951927185
      vertex 35.48128700256348 -5 111.58659076690674
      vertex 35.875067710876465 -5 112.88471126556396
    endloop
  endfacet
  facet normal 0 -1 0
    outer loop
      vertex 35.334113629659015 -6 112.99231408437092
      vertex 35.875067710876465 -6 112.88471126556396
      vertex 40.19698238372803 -6 120
    endloop
  endfacet
  facet normal -0.19509095313603045 0 -0.9807851548654656
    outer loop
      vertex 35.334113629659015 -6 112.99231408437092
      vertex 35.875067710876465 -5 112.88471126556396
      vertex 35.875067710876465 -6 112.88471126556396
    endloop
  endfacet
  facet normal -0.9807853634755064 0.1950899043831297 0
    outer loop
      vertex 35.359690284729005 -36.68546962738037 96.21408364211936
      vertex 35.359690284729005 -36.68546962738037 102.21408364211936
      vertex 35.40484485626221 -36.45846176147461 102.21408364211936
    endloop
  endfacet
  facet normal -0.9807853634755043 0.1950899043831408 -4.35638538051856e-16
    outer loop
      vertex 35.359690284729005 -36.68546962738037 96.21408364211936
      vertex 35.40484485626221 -36.45846176147461 102.21408364211936
      vertex 35.431937599182135 -36.32225704193115 96.21408364211936
    endloop
  endfacet
  facet normal 0 0 -1
    outer loop
      vertex 35.359690284729005 -36.68546962738037 96.21408364211936
      vertex 35.431937599182135 -36.32225704193115 96.21408364211936
      vertex 39.999999618530275 -51.54698257446289 96.21408364211936
    endloop
  endfacet
  facet normal 0 0 1
    outer loop
      vertex 35.359690284729005 -36.68546962738037 102.21408364211936
      vertex 39.999999618530275 -51.54698257446289 102.21408364211936
      vertex 35.40484485626221 -36.45846176147461 102.21408364211936
    endloop
  endfacet
  facet normal 0 0 -1
    outer loop
      vertex 35.359690284729005 -35.31452941894531 96.21408364211936
      vertex 35.359690284729005 -28.685470581054688 96.21408364211936
      vertex 35.431937599182135 -28.32225799560547 96.21408364211936
    endloop
  endfacet
  facet normal -0.9807853634755064 -0.1950899043831297 0
    outer loop
      vertex 35.359690284729005 -35.31452941894531 96.21408364211936
      vertex 35.40484485626221 -35.541537284851074 102.21408364211936
      vertex 35.359690284729005 -35.31452941894531 102.21408364211936
    endloop
  endfacet
  facet normal -0.9807853634755043 -0.1950899043831408 -4.35638538051856e-16
    outer loop
      vertex 35.359690284729005 -35.31452941894531 96.21408364211936
      vertex 35.431937599182135 -35.67774200439453 96.21408364211936
      vertex 35.40484485626221 -35.541537284851074 102.21408364211936
    endloop
  endfacet
  facet normal 0 0 -1
    outer loop
      vertex 35.359690284729005 -35.31452941894531 96.21408364211936
      vertex 35.431937599182135 -28.32225799560547 96.21408364211936
      vertex 35.431937599182135 -35.67774200439453 96.21408364211936
    endloop
  endfacet
  facet normal 0 0 1
    outer loop
      vertex 35.359690284729005 -35.31452941894531 102.21408364211936
      vertex 35.40484485626221 -35.541537284851074 102.21408364211936
      vertex 39.999999618530275 -51.54698257446289 102.21408364211936
    endloop
  endfacet
  facet normal -0.9807853634755064 0.1950899043831297 0
    outer loop
      vertex 35.359690284729005 -28.685470581054688 96.21408364211936
      vertex 35.359690284729005 -28.685470581054688 102.21408364211936
      vertex 35.40484485626221 -28.458462715148926 102.21408364211936
    endloop
  endfacet
  facet normal -0.9807853634755043 0.1950899043831408 -4.35638538051856e-16
    outer loop
      vertex 35.359690284729005 -28.685470581054688 96.21408364211936
      vertex 35.40484485626221 -28.458462715148926 102.21408364211936
      vertex 35.431937599182135 -28.32225799560547 96.21408364211936
    endloop
  endfacet
  facet normal 0 0 1
    outer loop
      vertex 35.359690284729005 -28.685470581054688 102.21408364211936
      vertex 39.999999618530275 -51.54698257446289 102.21408364211936
      vertex 35.40484485626221 -28.458462715148926 102.21408364211936
    endloop
  endfacet
  facet normal -0.9807853634755064 -0.1950899043831297 0
    outer loop
      vertex 35.359690284729005 -27.31453037261963 96.21408364211936
      vertex 35.40484485626221 -27.54153823852539 102.21408364211936
      vertex 35.359690284729005 -27.31453037261963 102.21408364211936
    endloop
  endfacet
  facet normal -0.9807853634755043 -0.1950899043831408 -4.35638538051856e-16
    outer loop
      vertex 35.359690284729005 -27.31453037261963 96.21408364211936
      vertex 35.431937599182135 -27.677742958068848 96.21408364211936
      vertex 35.40484485626221 -27.54153823852539 102.21408364211936
    endloop
  endfacet
  facet normal 0 0 -1
    outer loop
      vertex 35.359690284729005 -27.31453037261963 96.21408364211936
      vertex 38.49818354094705 -6 96.21408364211936
      vertex 35.431937599182135 -27.677742958068848 96.21408364211936
    endloop
  endfacet
  facet normal 0 0 1
    outer loop
      vertex 35.359690284729005 -27.31453037261963 102.21408364211936
      vertex 35.40484485626221 -27.54153823852539 102.21408364211936
      vertex 39.999999618530275 -6 102.21408364211936
    endloop
  endfacet
  facet normal -0.19509075740149473 0 0.980785193799596
    outer loop
      vertex 35.37502797444661 0 108.39227294921875
      vertex 35.48128700256348 -5 108.41340923309326
      vertex 35.48128700256348 0 108.41340923309326
    endloop
  endfacet
  facet normal 0 1 0
    outer loop
      vertex 35.37502797444661 0 108.39227294921875
      vertex 35.48128700256348 0 108.41340923309326
      vertex 40.19698238372803 0 96.21408271789551
    endloop
  endfacet
  facet normal -0.19509075740149473 0 -0.980785193799596
    outer loop
      vertex 35.37502797444661 0 111.60772705078125
      vertex 35.48128700256348 0 111.58659076690674
      vertex 35.48128700256348 -5 111.58659076690674
    endloop
  endfacet
  facet normal 0 1 0
    outer loop
      vertex 35.37502797444661 0 111.60772705078125
      vertex 40.19698238372803 0 120
      vertex 35.48128700256348 0 111.58659076690674
    endloop
  endfacet
  facet normal -0.9807853634755064 0.1950899043831297 -6.970216608829711e-16
    outer loop
      vertex 35.40484485626221 -36.45846176147461 102.21408364211936
      vertex 35.44999942779541 -36.23145389556885 102.21408364211936
      vertex 35.431937599182135 -36.32225704193115 96.21408364211936
    endloop
  endfacet
  facet normal 0 0 1
    outer loop
      vertex 35.40484485626221 -36.45846176147461 102.21408364211936
      vertex 39.999999618530275 -51.54698257446289 102.21408364211936
      vertex 35.44999942779541 -36.23145389556885 102.21408364211936
    endloop
  endfacet
  facet normal -0.9807853634755064 -0.1950899043831297 -6.970216608829711e-16
    outer loop
      vertex 35.40484485626221 -35.541537284851074 102.21408364211936
      vertex 35.431937599182135 -35.67774200439453 96.21408364211936
      vertex 35.44999942779541 -35.768545150756836 102.21408364211936
    endloop
  endfacet
  facet normal 0 0 1
    outer loop
      vertex 35.40484485626221 -35.541537284851074 102.21408364211936
      vertex 35.44999942779541 -35.768545150756836 102.21408364211936
      vertex 39.999999618530275 -51.54698257446289 102.21408364211936
    endloop
  endfacet
  facet normal -0.9807853634755064 0.1950899043831297 -6.970216608829711e-16
    outer loop
      vertex 35.40484485626221 -28.458462715148926 102.21408364211936
      vertex 35.44999942779541 -28.231454849243164 102.21408364211936
      vertex 35.431937599182135 -28.32225799560547 96.21408364211936
    endloop
  endfacet
  facet normal 0 0 1
    outer loop
      vertex 35.40484485626221 -28.458462715148926 102.21408364211936
      vertex 39.999999618530275 -51.54698257446289 102.21408364211936
      vertex 35.44999942779541 -28.231454849243164 102.21408364211936
    endloop
  endfacet
  facet normal -0.9807853634755064 -0.1950899043831297 -6.970216608829711e-16
    outer loop
      vertex 35.40484485626221 -27.54153823852539 102.21408364211936
      vertex 35.431937599182135 -27.677742958068848 96.21408364211936
      vertex 35.44999942779541 -27.768546104431152 102.21408364211936
    endloop
  endfacet
  facet normal 0 0 1
    outer loop
      vertex 35.40484485626221 -27.54153823852539 102.21408364211936
      vertex 35.44999942779541 -27.768546104431152 102.21408364211936
      vertex 39.999999618530275 -6 102.21408364211936
    endloop
  endfacet
  facet normal 0 0 -1
    outer loop
      vertex 35.431937599182135 -36.32225704193115 96.21408364211936
      vertex 35.44999942779541 -36.23145389556885 96.21408364211936
      vertex 39.999999618530275 -51.54698257446289 96.21408364211936
    endloop
  endfacet
  facet normal -0.9807853634755153 0.1950899043830854 0
    outer loop
      vertex 35.431937599182135 -36.32225704193115 96.21408364211936
      vertex 35.44999942779541 -36.23145389556885 102.21408364211936
      vertex 35.44999942779541 -36.23145389556885 96.21408364211936
    endloop
  endfacet
  facet normal 0 0 -1
    outer loop
      vertex 35.431937599182135 -35.67774200439453 96.21408364211936
      vertex 35.431937599182135 -28.32225799560547 96.21408364211936
      vertex 35.44999942779541 -28.231454849243164 96.21408364211936
    endloop
  endfacet
  facet normal -0.9807853634755153 -0.1950899043830854 0
    outer loop
      vertex 35.431937599182135 -35.67774200439453 96.21408364211936
      vertex 35.44999942779541 -35.768545150756836 96.21408364211936
      vertex 35.44999942779541 -35.768545150756836 102.21408364211936
    endloop
  endfacet
  facet normal 0 0 -1
    outer loop
      vertex 35.431937599182135 -35.67774200439453 96.21408364211936
      vertex 35.44999942779541 -28.231454849243164 96.21408364211936
      vertex 35.44999942779541 -35.768545150756836 96.21408364211936
    endloop
  endfacet
  facet normal -0.9807853634755153 0.1950899043830854 0
    outer loop
      vertex 35.431937599182135 -28.32225799560547 96.21408364211936
      vertex 35.44999942779541 -28.231454849243164 102.21408364211936
      vertex 35.44999942779541 -28.231454849243164 96.21408364211936
    endloop
  endfacet
  facet normal -0.9807853634755153 -0.1950899043830854 0
    outer loop
      vertex 35.431937599182135 -27.677742958068848 96.21408364211936
      vertex 35.44999942779541 -27.768546104431152 96.21408364211936
      vertex 35.44999942779541 -27.768546104431152 102.21408364211936
    endloop
  endfacet
  facet normal 0 0 -1
    outer loop
      vertex 35.431937599182135 -27.677742958068848 96.21408364211936
      vertex 38.49818354094705 -6 96.21408364211936
      vertex 35.44999942779541 -27.768546104431152 96.21408364211936
    endloop
  endfacet
  facet normal -1 0 0
    outer loop
      vertex 35.44999942779541 -36.23145389556885 96.21408364211936
      vertex 35.44999942779541 -36.23145389556885 102.21408364211936
      vertex 35.44999942779541 -35.99999952316284 102.21408364211936
    endloop
  endfacet
  facet normal -1 0 0
    outer loop
      vertex 35.44999942779541 -36.23145389556885 96.21408364211936
      vertex 35.44999942779541 -35.99999952316284 102.21408364211936
      vertex 35.44999942779541 -35.86112689971924 96.21408364211936
    endloop
  endfacet
  facet normal 0 0 -1
    outer loop
      vertex 35.44999942779541 -36.23145389556885 96.21408364211936
      vertex 35.44999942779541 -35.86112689971924 96.21408364211936
      vertex 39.999999618530275 -51.54698257446289 96.21408364211936
    endloop
  endfacet
  facet normal 0 0 1
    outer loop
      vertex 35.44999942779541 -36.23145389556885 102.21408364211936
      vertex 39.999999618530275 -51.54698257446289 102.21408364211936
      vertex 35.44999942779541 -35.99999952316284 102.21408364211936
    endloop
  endfacet
  facet normal -1 0 0
    outer loop
      vertex 35.44999942779541 -35.99999952316284 102.21408364211936
      vertex 35.44999942779541 -35.768545150756836 102.21408364211936
      vertex 35.44999942779541 -35.86112689971924 96.21408364211936
    endloop
  endfacet
  facet normal 0 0 1
    outer loop
      vertex 35.44999942779541 -35.99999952316284 102.21408364211936
      vertex 39.999999618530275 -51.54698257446289 102.21408364211936
      vertex 35.44999942779541 -35.768545150756836 102.21408364211936
    endloop
  endfacet
  facet normal 0 0 -1
    outer loop
      vertex 35.44999942779541 -35.86112689971924 96.21408364211936
      vertex 35.44999942779541 -35.768545150756836 96.21408364211936
      vertex 39.999999618530275 -51.54698257446289 96.21408364211936
    endloop
  endfacet
  facet normal -1 0 0
    outer loop
      vertex 35.44999942779541 -35.86112689971924 96.21408364211936
      vertex 35.44999942779541 -35.768545150756836 102.21408364211936
      vertex 35.44999942779541 -35.768545150756836 96.21408364211936
    endloop
  endfacet
  facet normal 0 0 -1
    outer loop
      vertex 35.44999942779541 -35.768545150756836 96.21408364211936
      vertex 35.44999942779541 -28.231454849243164 96.21408364211936
      vertex 39.999999618530275 -51.54698257446289 96.21408364211936
    endloop
  endfacet
  facet normal -1 0 0
    outer loop
      vertex 35.44999942779541 -28.231454849243164 96.21408364211936
      vertex 35.44999942779541 -28.231454849243164 102.21408364211936
      vertex 35.44999942779541 -28.000000476837158 102.21408364211936
    endloop
  endfacet
  facet normal -1 0 0
    outer loop
      vertex 35.44999942779541 -28.231454849243164 96.21408364211936
      vertex 35.44999942779541 -28.000000476837158 102.21408364211936
      vertex 35.44999942779541 -27.861127853393555 96.21408364211936
    endloop
  endfacet
  facet normal 0 0 -1
    outer loop
      vertex 35.44999942779541 -28.231454849243164 96.21408364211936
      vertex 35.44999942779541 -27.861127853393555 96.21408364211936
      vertex 39.999999618530275 -51.54698257446289 96.21408364211936
    endloop
  endfacet
  facet normal 0 0 1
    outer loop
      vertex 35.44999942779541 -28.231454849243164 102.21408364211936
      vertex 39.999999618530275 -51.54698257446289 102.21408364211936
      vertex 39.999999618530275 -6 102.21408364211936
    endloop
  endfacet
  facet normal 0 0 1
    outer loop
      vertex 35.44999942779541 -28.231454849243164 102.21408364211936
      vertex 39.999999618530275 -6 102.21408364211936
      vertex 35.44999942779541 -28.000000476837158 102.21408364211936
    endloop
  endfacet
  facet normal -1 0 0
    outer loop
      vertex 35.44999942779541 -28.000000476837158 102.21408364211936
      vertex 35.44999942779541 -27.768546104431152 102.21408364211936
      vertex 35.44999942779541 -27.861127853393555 96.21408364211936
    endloop
  endfacet
  facet normal 0 0 1
    outer loop
      vertex 35.44999942779541 -28.000000476837158 102.21408364211936
      vertex 39.999999618530275 -6 102.21408364211936
      vertex 35.44999942779541 -27.768546104431152 102.21408364211936
    endloop
  endfacet
  facet normal 0 0 -1
    outer loop
      vertex 35.44999942779541 -27.861127853393555 96.21408364211936
      vertex 35.44999942779541 -27.768546104431152 96.21408364211936
      vertex 39.999999618530275 -51.54698257446289 96.21408364211936
    endloop
  endfacet
  facet normal -1 0 0
    outer loop
      vertex 35.44999942779541 -27.861127853393555 96.21408364211936
      vertex 35.44999942779541 -27.768546104431152 102.21408364211936
      vertex 35.44999942779541 -27.768546104431152 96.21408364211936
    endloop
  endfacet
  facet normal 0 0 -1
    outer loop
      vertex 35.44999942779541 -27.768546104431152 96.21408364211936
      vertex 38.49818354094705 -6 96.21408364211936
      vertex 39.999999618530275 -51.54698257446289 96.21408364211936
    endloop
  endfacet
  facet normal -0.38268297719001254 0 0.9238797210508456
    outer loop
      vertex 35.48128700256348 -5 108.41340923309326
      vertex 35.58138052622478 0 108.4548692703247
      vertex 35.48128700256348 0 108.41340923309326
    endloop
  endfacet
  facet normal -0.382682977190028 3.6293376170409006e-16 0.9238797210508392
    outer loop
      vertex 35.48128700256348 -5 108.41340923309326
      vertex 35.63142728805542 -5 108.47559928894043
      vertex 35.58138052622478 0 108.4548692703247
    endloop
  endfacet
  facet normal 0 -1 0
    outer loop
      vertex 35.48128700256348 -5 108.41340923309326
      vertex 37.65856456756592 -5 108.5789680480957
      vertex 35.63142728805542 -5 108.47559928894043
    endloop
  endfacet
  facet normal -0.3826829771897523 0 -0.9238797210509534
    outer loop
      vertex 35.48128700256348 -5 111.58659076690674
      vertex 35.48128700256348 0 111.58659076690674
      vertex 35.51113858180037 0 111.57422585515914
    endloop
  endfacet
  facet normal -0.3826829771900026 1.7506808479607474e-15 -0.9238797210508498
    outer loop
      vertex 35.48128700256348 -5 111.58659076690674
      vertex 35.51113858180037 0 111.57422585515914
      vertex 35.52606437141881 -5 111.56804339928533
    endloop
  endfacet
  facet normal 0 -1 0
    outer loop
      vertex 35.48128700256348 -5 111.58659076690674
      vertex 35.52606437141881 -5 111.56804339928533
      vertex 35.875067710876465 -5 112.88471126556396
    endloop
  endfacet
  facet normal 0 1 0
    outer loop
      vertex 35.48128700256348 0 108.41340923309326
      vertex 35.58138052622478 0 108.4548692703247
      vertex 40.19698238372803 0 96.21408271789551
    endloop
  endfacet
  facet normal 0 1 0
    outer loop
      vertex 35.48128700256348 0 111.58659076690674
      vertex 40.19698238372803 0 120
      vertex 35.51113858180037 0 111.57422585515914
    endloop
  endfacet
  facet normal -0.3826829771901232 1.3287763466695057e-15 -0.9238797210507997
    outer loop
      vertex 35.51113858180037 0 111.57422585515914
      vertex 35.58138052622478 0 111.5451307296753
      vertex 35.52606437141881 -5 111.56804339928533
    endloop
  endfacet
  facet normal 0 1 0
    outer loop
      vertex 35.51113858180037 0 111.57422585515914
      vertex 40.19698238372803 0 120
      vertex 35.58138052622478 0 111.5451307296753
    endloop
  endfacet
  facet normal -0.38268297719003885 2.3577057592764696e-16 -0.9238797210508348
    outer loop
      vertex 35.52606437141881 -5 111.56804339928533
      vertex 35.58138052622478 0 111.5451307296753
      vertex 35.63142728805542 -5 111.52440071105957
    endloop
  endfacet
  facet normal 0 -1 0
    outer loop
      vertex 35.52606437141881 -5 111.56804339928533
      vertex 35.63142728805542 -5 111.52440071105957
      vertex 36.4210319519043 -5 112.65856456756592
    endloop
  endfacet
  facet normal 0 -1 0
    outer loop
      vertex 35.52606437141881 -5 111.56804339928533
      vertex 36.4210319519043 -5 112.65856456756592
      vertex 35.875067710876465 -5 112.88471126556396
    endloop
  endfacet
  facet normal -0.382682977190059 0 0.9238797210508265
    outer loop
      vertex 35.58138052622478 0 108.4548692703247
      vertex 35.63142728805542 -5 108.47559928894043
      vertex 35.68147404988606 0 108.49632930755615
    endloop
  endfacet
  facet normal 0 1 0
    outer loop
      vertex 35.58138052622478 0 108.4548692703247
      vertex 35.68147404988606 0 108.49632930755615
      vertex 40.19698238372803 0 96.21408271789551
    endloop
  endfacet
  facet normal -0.382682977190059 0 -0.9238797210508265
    outer loop
      vertex 35.58138052622478 0 111.5451307296753
      vertex 35.68147404988606 0 111.50367069244385
      vertex 35.63142728805542 -5 111.52440071105957
    endloop
  endfacet
  facet normal 0 1 0
    outer loop
      vertex 35.58138052622478 0 111.5451307296753
      vertex 40.19698238372803 0 120
      vertex 35.68147404988606 0 111.50367069244385
    endloop
  endfacet
  facet normal -0.382682977190028 -3.6240003558393696e-16 0.9238797210508392
    outer loop
      vertex 35.63142728805542 -5 108.47559928894043
      vertex 35.78156757354736 -5 108.5377893447876
      vertex 35.68147404988606 0 108.49632930755615
    endloop
  endfacet
  facet normal 0 -1 0
    outer loop
      vertex 35.63142728805542 -5 108.47559928894043
      vertex 37.65856456756592 -5 108.5789680480957
      vertex 35.78156757354736 -5 108.5377893447876
    endloop
  endfacet
  facet normal -0.382682977190028 -3.6240003558393696e-16 -0.9238797210508392
    outer loop
      vertex 35.63142728805542 -5 111.52440071105957
      vertex 35.68147404988606 0 111.50367069244385
      vertex 35.78156757354736 -5 111.4622106552124
    endloop
  endfacet
  facet normal 0 -1 0
    outer loop
      vertex 35.63142728805542 -5 111.52440071105957
      vertex 35.78156757354736 -5 111.4622106552124
      vertex 36.4210319519043 -5 112.65856456756592
    endloop
  endfacet
  facet normal -0.38268297719001254 0 0.9238797210508456
    outer loop
      vertex 35.68147404988606 0 108.49632930755615
      vertex 35.78156757354736 -5 108.5377893447876
      vertex 35.78156757354736 0 108.5377893447876
    endloop
  endfacet
  facet normal 0 1 0
    outer loop
      vertex 35.68147404988606 0 108.49632930755615
      vertex 35.78156757354736 0 108.5377893447876
      vertex 40.19698238372803 0 96.21408271789551
    endloop
  endfacet
  facet normal -0.38268297719001254 0 -0.9238797210508456
    outer loop
      vertex 35.68147404988606 0 111.50367069244385
      vertex 35.78156757354736 0 111.4622106552124
      vertex 35.78156757354736 -5 111.4622106552124
    endloop
  endfacet
  facet normal 0 1 0
    outer loop
      vertex 35.68147404988606 0 111.50367069244385
      vertex 40.19698238372803 0 120
      vertex 35.78156757354736 0 111.4622106552124
    endloop
  endfacet
  facet normal -0.5555706688216179 0 0.8314693211087828
    outer loop
      vertex 35.78156757354736 -5 108.5377893447876
      vertex 35.87164942423503 0 108.59798018137613
      vertex 35.78156757354736 0 108.5377893447876
    endloop
  endfacet
  facet normal -0.5555706688216986 2.102878363433625e-15 0.831469321108729
    outer loop
      vertex 35.78156757354736 -5 108.5377893447876
      vertex 35.91669034957886 -5 108.62807559967041
      vertex 35.87164942423503 0 108.59798018137613
    endloop
  endfacet
  facet normal 0 -1 0
    outer loop
      vertex 35.78156757354736 -5 108.5377893447876
      vertex 37.65856456756592 -5 108.5789680480957
      vertex 35.91669034957886 -5 108.62807559967041
    endloop
  endfacet
  facet normal -0.5555706688216179 0 -0.8314693211087828
    outer loop
      vertex 35.78156757354736 -5 111.4622106552124
      vertex 35.78156757354736 0 111.4622106552124
      vertex 35.87164942423503 0 111.40201981862387
    endloop
  endfacet
  facet normal -0.5555706688216986 2.102878363433625e-15 -0.831469321108729
    outer loop
      vertex 35.78156757354736 -5 111.4622106552124
      vertex 35.87164942423503 0 111.40201981862387
      vertex 35.91669034957886 -5 111.37192440032959
    endloop
  endfacet
  facet normal 0 -1 0
    outer loop
      vertex 35.78156757354736 -5 111.4622106552124
      vertex 35.91669034957886 -5 111.37192440032959
      vertex 36.4210319519043 -5 112.65856456756592
    endloop
  endfacet
  facet normal 0 1 0
    outer loop
      vertex 35.78156757354736 0 108.5377893447876
      vertex 35.87164942423503 0 108.59798018137613
      vertex 40.19698238372803 0 96.21408271789551
    endloop
  endfacet
  facet normal 0 1 0
    outer loop
      vertex 35.78156757354736 0 111.4622106552124
      vertex 40.19698238372803 0 120
      vertex 35.87164942423503 0 111.40201981862387
    endloop
  endfacet
  facet normal -0.1950909531363873 0 0.9807851548653946
    outer loop
      vertex 35.83642813364665 -6 107.10760281880695
      vertex 35.875067710876465 -6 107.11528873443604
      vertex 35.875067710876465 -5 107.11528873443604
    endloop
  endfacet
  facet normal 0 -1 0
    outer loop
      vertex 35.83642813364665 -6 107.10760281880695
      vertex 39.999999618530275 -6 102.21408364211936
      vertex 35.875067710876465 -6 107.11528873443604
    endloop
  endfacet
  facet normal -0.5555706688218598 0 0.8314693211086212
    outer loop
      vertex 35.87164942423503 0 108.59798018137613
      vertex 35.91669034957886 -5 108.62807559967041
      vertex 35.961731274922684 0 108.65817101796469
    endloop
  endfacet
  facet normal 0 1 0
    outer loop
      vertex 35.87164942423503 0 108.59798018137613
      vertex 35.961731274922684 0 108.65817101796469
      vertex 40.19698238372803 0 96.21408271789551
    endloop
  endfacet
  facet normal -0.5555706688218598 0 -0.8314693211086212
    outer loop
      vertex 35.87164942423503 0 111.40201981862387
      vertex 35.961731274922684 0 111.34182898203531
      vertex 35.91669034957886 -5 111.37192440032959
    endloop
  endfacet
  facet normal 0 1 0
    outer loop
      vertex 35.87164942423503 0 111.40201981862387
      vertex 40.19698238372803 0 120
      vertex 35.961731274922684 0 111.34182898203531
    endloop
  endfacet
  facet normal -0.3826847392310259 0 0.9238789911886088
    outer loop
      vertex 35.875067710876465 -6 107.11528873443604
      vertex 35.91146532694499 -6 107.13036518096925
      vertex 35.875067710876465 -5 107.11528873443604
    endloop
  endfacet
  facet normal 0 -1 0
    outer loop
      vertex 35.875067710876465 -6 107.11528873443604
      vertex 39.999999618530275 -6 102.21408364211936
      vertex 35.91146532694499 -6 107.13036518096925
    endloop
  endfacet
  facet normal -0.3826847392308076 0 -0.9238789911886993
    outer loop
      vertex 35.875067710876465 -6 112.88471126556396
      vertex 35.875067710876465 -5 112.88471126556396
      vertex 36.38463433583577 -6 112.67364101409913
    endloop
  endfacet
  facet normal 0 -1 0
    outer loop
      vertex 35.875067710876465 -6 112.88471126556396
      vertex 36.38463433583577 -6 112.67364101409913
      vertex 40.19698238372803 -6 120
    endloop
  endfacet
  facet normal -0.38268473923082214 8.689061270753595e-15 0.9238789911886932
    outer loop
      vertex 35.875067710876465 -5 107.11528873443604
      vertex 35.91146532694499 -6 107.13036518096925
      vertex 36.4210319519043 -5 107.34143543243408
    endloop
  endfacet
  facet normal -0.38268473923082214 -8.689061270753595e-15 -0.9238789911886932
    outer loop
      vertex 35.875067710876465 -5 112.88471126556396
      vertex 36.4210319519043 -5 112.65856456756592
      vertex 36.38463433583577 -6 112.67364101409913
    endloop
  endfacet
  facet normal -0.3826847392308076 0 0.9238789911886993
    outer loop
      vertex 35.91146532694499 -6 107.13036518096925
      vertex 36.4210319519043 -6 107.34143543243408
      vertex 36.4210319519043 -5 107.34143543243408
    endloop
  endfacet
  facet normal 0 -1 0
    outer loop
      vertex 35.91146532694499 -6 107.13036518096925
      vertex 39.999999618530275 -6 102.21408364211936
      vertex 36.4210319519043 -6 107.34143543243408
    endloop
  endfacet
  facet normal -0.5555706688216986 -2.1018109124877194e-15 0.831469321108729
    outer loop
      vertex 35.91669034957886 -5 108.62807559967041
      vertex 36.05181312561035 -5 108.71836185455322
      vertex 35.961731274922684 0 108.65817101796469
    endloop
  endfacet
  facet normal 0 -1 0
    outer loop
      vertex 35.91669034957886 -5 108.62807559967041
      vertex 37.65856456756592 -5 108.5789680480957
      vertex 36.05181312561035 -5 108.71836185455322
    endloop
  endfacet
  facet normal 0 -1 0
    outer loop
      vertex 35.91669034957886 -5 111.37192440032959
      vertex 35.93909213982623 -5 111.35695598565141
      vertex 36.91238784790039 -5 112.33025169372559
    endloop
  endfacet
  facet normal -0.5555706688218219 -4.941651825936333e-16 -0.8314693211086466
    outer loop
      vertex 35.91669034957886 -5 111.37192440032959
      vertex 35.961731274922684 0 111.34182898203531
      vertex 35.93909213982623 -5 111.35695598565141
    endloop
  endfacet
  facet normal 0 -1 0
    outer loop
      vertex 35.91669034957886 -5 111.37192440032959
      vertex 36.91238784790039 -5 112.33025169372559
      vertex 36.4210319519043 -5 112.65856456756592
    endloop
  endfacet
  facet normal -0.5555706688210926 -5.2708270045726396e-15 -0.8314693211091339
    outer loop
      vertex 35.93909213982623 -5 111.35695598565141
      vertex 35.961731274922684 0 111.34182898203531
      vertex 35.976665801754265 0 111.33185003891654
    endloop
  endfacet
  facet normal -0.5555706688216739 1.0492659015493699e-15 -0.8314693211087453
    outer loop
      vertex 35.93909213982623 -5 111.35695598565141
      vertex 35.976665801754265 0 111.33185003891654
      vertex 36.05181312561035 -5 111.28163814544678
    endloop
  endfacet
  facet normal 0 -1 0
    outer loop
      vertex 35.93909213982623 -5 111.35695598565141
      vertex 36.05181312561035 -5 111.28163814544678
      vertex 36.91238784790039 -5 112.33025169372559
    endloop
  endfacet
  facet normal -0.5555706688216179 0 0.8314693211087828
    outer loop
      vertex 35.961731274922684 0 108.65817101796469
      vertex 36.05181312561035 -5 108.71836185455322
      vertex 36.05181312561035 0 108.71836185455322
    endloop
  endfacet
  facet normal 0 1 0
    outer loop
      vertex 35.961731274922684 0 108.65817101796469
      vertex 36.05181312561035 0 108.71836185455322
      vertex 40.19698238372803 0 96.21408271789551
    endloop
  endfacet
  facet normal 0 1 0
    outer loop
      vertex 35.961731274922684 0 111.34182898203531
      vertex 40.19698238372803 0 120
      vertex 35.976665801754265 0 111.33185003891654
    endloop
  endfacet
  facet normal -0.5555706688217222 0 -0.8314693211087131
    outer loop
      vertex 35.976665801754265 0 111.33185003891654
      vertex 36.05181312561035 0 111.28163814544678
      vertex 36.05181312561035 -5 111.28163814544678
    endloop
  endfacet
  facet normal 0 1 0
    outer loop
      vertex 35.976665801754265 0 111.33185003891654
      vertex 40.19698238372803 0 120
      vertex 36.05181312561035 0 111.28163814544678
    endloop
  endfacet
  facet normal -0.7071067811866913 0 0.7071067811864037
    outer loop
      vertex 36.05181312561035 -5 108.71836185455322
      vertex 36.08675270218559 0 108.75330143112848
      vertex 36.05181312561035 0 108.71836185455322
    endloop
  endfacet
  facet normal -0.7071067811864516 -3.3498230071980184e-15 0.7071067811866434
    outer loop
      vertex 36.05181312561035 -5 108.71836185455322
      vertex 36.10422249047322 -5 108.77077121941608
      vertex 36.08675270218559 0 108.75330143112848
    endloop
  endfacet
  facet normal 0 -1 0
    outer loop
      vertex 36.05181312561035 -5 108.71836185455322
      vertex 37.65856456756592 -5 108.5789680480957
      vertex 36.10422249047322 -5 108.77077121941608
    endloop
  endfacet
  facet normal -0.7071067811864821 0 -0.7071067811866132
    outer loop
      vertex 36.05181312561035 -5 111.28163814544678
      vertex 36.05181312561035 0 111.28163814544678
      vertex 36.12842146555583 0 111.20502980550131
    endloop
  endfacet
  facet normal -0.7071067811865476 2.0089427772498784e-15 -0.7071067811865476
    outer loop
      vertex 36.05181312561035 -5 111.28163814544678
      vertex 36.12842146555583 0 111.20502980550131
      vertex 36.166725635528564 -5 111.16672563552856
    endloop
  endfacet
  facet normal 0 -1 0
    outer loop
      vertex 36.05181312561035 -5 111.28163814544678
      vertex 36.166725635528564 -5 111.16672563552856
      vertex 36.91238784790039 -5 112.33025169372559
    endloop
  endfacet
  facet normal 0 1 0
    outer loop
      vertex 36.05181312561035 0 108.71836185455322
      vertex 36.08675270218559 0 108.75330143112848
      vertex 40.19698238372803 0 96.21408271789551
    endloop
  endfacet
  facet normal 0 1 0
    outer loop
      vertex 36.05181312561035 0 111.28163814544678
      vertex 40.19698238372803 0 120
      vertex 36.12842146555583 0 111.20502980550131
    endloop
  endfacet
  facet normal -0.7071067811863063 -2.3344137547383933e-15 0.7071067811867887
    outer loop
      vertex 36.08675270218559 0 108.75330143112848
      vertex 36.10422249047322 -5 108.77077121941608
      vertex 36.12842146555583 0 108.79497019449869
    endloop
  endfacet
  facet normal 0 1 0
    outer loop
      vertex 36.08675270218559 0 108.75330143112848
      vertex 36.12842146555583 0 108.79497019449869
      vertex 40.19698238372803 0 96.21408271789551
    endloop
  endfacet
  facet normal -0.7071067811866278 7.781379182459541e-16 0.7071067811864671
    outer loop
      vertex 36.10422249047322 -5 108.77077121941608
      vertex 36.166725635528564 -5 108.83327436447144
      vertex 36.12842146555583 0 108.79497019449869
    endloop
  endfacet
  facet normal 0 -1 0
    outer loop
      vertex 36.10422249047322 -5 108.77077121941608
      vertex 37.65856456756592 -5 108.5789680480957
      vertex 37.884711265563965 -5 109.12493228912354
    endloop
  endfacet
  facet normal 0 -1 0
    outer loop
      vertex 36.10422249047322 -5 108.77077121941608
      vertex 37.884711265563965 -5 109.12493228912354
      vertex 36.166725635528564 -5 108.83327436447144
    endloop
  endfacet
  facet normal -0.7071067811866787 0 0.7071067811864163
    outer loop
      vertex 36.12842146555583 0 108.79497019449869
      vertex 36.166725635528564 -5 108.83327436447144
      vertex 36.2050298055013 0 108.87157853444418
    endloop
  endfacet
  facet normal 0 1 0
    outer loop
      vertex 36.12842146555583 0 108.79497019449869
      vertex 36.2050298055013 0 108.87157853444418
      vertex 40.19698238372803 0 96.21408271789551
    endloop
  endfacet
  facet normal -0.7071067811866787 0 -0.7071067811864163
    outer loop
      vertex 36.12842146555583 0 111.20502980550131
      vertex 36.2050298055013 0 111.12842146555582
      vertex 36.166725635528564 -5 111.16672563552856
    endloop
  endfacet
  facet normal 0 1 0
    outer loop
      vertex 36.12842146555583 0 111.20502980550131
      vertex 40.19698238372803 0 120
      vertex 36.2050298055013 0 111.12842146555582
    endloop
  endfacet
  facet normal -0.7071067811865476 -2.0089427772498784e-15 0.7071067811865476
    outer loop
      vertex 36.166725635528564 -5 108.83327436447144
      vertex 36.28163814544678 -5 108.94818687438965
      vertex 36.2050298055013 0 108.87157853444418
    endloop
  endfacet
  facet normal 0 -1 0
    outer loop
      vertex 36.166725635528564 -5 108.83327436447144
      vertex 37.884711265563965 -5 109.12493228912354
      vertex 36.28163814544678 -5 108.94818687438965
    endloop
  endfacet
  facet normal -0.7071067811865476 -2.0089427772498784e-15 -0.7071067811865476
    outer loop
      vertex 36.166725635528564 -5 111.16672563552856
      vertex 36.2050298055013 0 111.12842146555582
      vertex 36.28163814544678 -5 111.05181312561035
    endloop
  endfacet
  facet normal 0 -1 0
    outer loop
      vertex 36.166725635528564 -5 111.16672563552856
      vertex 36.28163814544678 -5 111.05181312561035
      vertex 37.330251693725586 -5 111.91238784790039
    endloop
  endfacet
  facet normal 0 -1 0
    outer loop
      vertex 36.166725635528564 -5 111.16672563552856
      vertex 37.330251693725586 -5 111.91238784790039
      vertex 36.91238784790039 -5 112.33025169372559
    endloop
  endfacet
  facet normal -0.7071067811864821 0 0.7071067811866132
    outer loop
      vertex 36.2050298055013 0 108.87157853444418
      vertex 36.28163814544678 -5 108.94818687438965
      vertex 36.28163814544678 0 108.94818687438965
    endloop
  endfacet
  facet normal 0 1 0
    outer loop
      vertex 36.2050298055013 0 108.87157853444418
      vertex 36.28163814544678 0 108.94818687438965
      vertex 40.19698238372803 0 96.21408271789551
    endloop
  endfacet
  facet normal -0.7071067811864821 0 -0.7071067811866132
    outer loop
      vertex 36.2050298055013 0 111.12842146555582
      vertex 36.28163814544678 0 111.05181312561035
      vertex 36.28163814544678 -5 111.05181312561035
    endloop
  endfacet
  facet normal 0 1 0
    outer loop
      vertex 36.2050298055013 0 111.12842146555582
      vertex 40.19698238372803 0 120
      vertex 36.28163814544678 0 111.05181312561035
    endloop
  endfacet
  facet normal -0.8314693211086818 0 0.5555706688217692
    outer loop
      vertex 36.28163814544678 -5 108.94818687438965
      vertex 36.341828982035324 0 109.0382687250773
      vertex 36.28163814544678 0 108.94818687438965
    endloop
  endfacet
  facet normal -0.831469321108729 1.840285430740898e-15 0.5555706688216986
    outer loop
      vertex 36.28163814544678 -5 108.94818687438965
      vertex 36.37192440032959 -5 109.08330965042114
      vertex 36.341828982035324 0 109.0382687250773
    endloop
  endfacet
  facet normal 0 -1 0
    outer loop
      vertex 36.28163814544678 -5 108.94818687438965
      vertex 37.884711265563965 -5 109.12493228912354
      vertex 36.37192440032959 -5 109.08330965042114
    endloop
  endfacet
  facet normal -0.8314693820553052 0 -0.5555705776087939
    outer loop
      vertex 36.28163814544678 -5 111.05181312561035
      vertex 36.28163814544678 0 111.05181312561035
      vertex 36.28163815812346 0 111.05181310663838
    endloop
  endfacet
  facet normal -0.8314695102118904 1.0526840049067877e-15 -0.5555703858090341
    outer loop
      vertex 36.28163814544678 -5 111.05181312561035
      vertex 36.28163815812346 0 111.05181310663838
      vertex 36.281638164461796 -5 111.05181309715238
    endloop
  endfacet
  facet normal 0 -1 0
    outer loop
      vertex 36.28163814544678 -5 111.05181312561035
      vertex 36.281638164461796 -5 111.05181309715238
      vertex 37.330251693725586 -5 111.91238784790039
    endloop
  endfacet
  facet normal 0 1 0
    outer loop
      vertex 36.28163814544678 0 108.94818687438965
      vertex 36.341828982035324 0 109.0382687250773
      vertex 40.19698238372803 0 96.21408271789551
    endloop
  endfacet
  facet normal 0 1 0
    outer loop
      vertex 36.28163814544678 0 111.05181312561035
      vertex 40.19698238372803 0 120
      vertex 36.28163815812346 0 111.05181310663838
    endloop
  endfacet
  facet normal -0.8314693211086688 1.829335965719073e-15 -0.5555706688217883
    outer loop
      vertex 36.28163815812346 0 111.05181310663838
      vertex 36.341828982035324 0 110.9617312749227
      vertex 36.281638164461796 -5 111.05181309715238
    endloop
  endfacet
  facet normal 0 1 0
    outer loop
      vertex 36.28163815812346 0 111.05181310663838
      vertex 40.19698238372803 0 120
      vertex 36.341828982035324 0 110.9617312749227
    endloop
  endfacet
  facet normal -0.8314693211086892 2.617390270603964e-15 -0.5555706688217581
    outer loop
      vertex 36.281638164461796 -5 111.05181309715238
      vertex 36.341828982035324 0 110.9617312749227
      vertex 36.37192440032959 -5 110.91669034957886
    endloop
  endfacet
  facet normal 0 -1 0
    outer loop
      vertex 36.281638164461796 -5 111.05181309715238
      vertex 36.37192440032959 -5 110.91669034957886
      vertex 37.330251693725586 -5 111.91238784790039
    endloop
  endfacet
  facet normal -0.8314693211088233 0 0.5555706688215573
    outer loop
      vertex 36.341828982035324 0 109.0382687250773
      vertex 36.37192440032959 -5 109.08330965042114
      vertex 36.402019818623856 0 109.12835057576498
    endloop
  endfacet
  facet normal 0 1 0
    outer loop
      vertex 36.341828982035324 0 109.0382687250773
      vertex 36.402019818623856 0 109.12835057576498
      vertex 40.19698238372803 0 96.21408271789551
    endloop
  endfacet
  facet normal -0.8314693211088233 0 -0.5555706688215573
    outer loop
      vertex 36.341828982035324 0 110.9617312749227
      vertex 36.402019818623856 0 110.87164942423502
      vertex 36.37192440032959 -5 110.91669034957886
    endloop
  endfacet
  facet normal 0 1 0
    outer loop
      vertex 36.341828982035324 0 110.9617312749227
      vertex 40.19698238372803 0 120
      vertex 36.402019818623856 0 110.87164942423502
    endloop
  endfacet
  facet normal -0.831469321108729 -1.8413528816868036e-15 0.5555706688216986
    outer loop
      vertex 36.37192440032959 -5 109.08330965042114
      vertex 36.4622106552124 -5 109.21843242645264
      vertex 36.402019818623856 0 109.12835057576498
    endloop
  endfacet
  facet normal 0 -1 0
    outer loop
      vertex 36.37192440032959 -5 109.08330965042114
      vertex 37.884711265563965 -5 109.12493228912354
      vertex 36.4622106552124 -5 109.21843242645264
    endloop
  endfacet
  facet normal -0.831469321108729 -1.8413528816868036e-15 -0.5555706688216986
    outer loop
      vertex 36.37192440032959 -5 110.91669034957886
      vertex 36.402019818623856 0 110.87164942423502
      vertex 36.4622106552124 -5 110.78156757354736
    endloop
  endfacet
  facet normal 0 -1 0
    outer loop
      vertex 36.37192440032959 -5 110.91669034957886
      vertex 36.4622106552124 -5 110.78156757354736
      vertex 37.65856456756592 -5 111.4210319519043
    endloop
  endfacet
  facet normal 0 -1 0
    outer loop
      vertex 36.37192440032959 -5 110.91669034957886
      vertex 37.65856456756592 -5 111.4210319519043
      vertex 37.330251693725586 -5 111.91238784790039
    endloop
  endfacet
  facet normal 0 -1 0
    outer loop
      vertex 36.38463433583577 -6 112.67364101409913
      vertex 36.4210319519043 -6 112.65856456756592
      vertex 40.19698238372803 -6 120
    endloop
  endfacet
  facet normal -0.3826847392310259 0 -0.9238789911886088
    outer loop
      vertex 36.38463433583577 -6 112.67364101409913
      vertex 36.4210319519043 -5 112.65856456756592
      vertex 36.4210319519043 -6 112.65856456756592
    endloop
  endfacet
  facet normal -0.8314693211086818 0 0.5555706688217692
    outer loop
      vertex 36.402019818623856 0 109.12835057576498
      vertex 36.4622106552124 -5 109.21843242645264
      vertex 36.4622106552124 0 109.21843242645264
    endloop
  endfacet
  facet normal 0 1 0
    outer loop
      vertex 36.402019818623856 0 109.12835057576498
      vertex 36.4622106552124 0 109.21843242645264
      vertex 40.19698238372803 0 96.21408271789551
    endloop
  endfacet
  facet normal -0.8314693211086818 0 -0.5555706688217692
    outer loop
      vertex 36.402019818623856 0 110.87164942423502
      vertex 36.4622106552124 0 110.78156757354736
      vertex 36.4622106552124 -5 110.78156757354736
    endloop
  endfacet
  facet normal 0 1 0
    outer loop
      vertex 36.402019818623856 0 110.87164942423502
      vertex 40.19698238372803 0 120
      vertex 36.4622106552124 0 110.78156757354736
    endloop
  endfacet
  facet normal -0.5555694849010424 0 0.8314701121788988
    outer loop
      vertex 36.4210319519043 -6 107.34143543243408
      vertex 36.45378901163737 -6 107.36332295735676
      vertex 36.4210319519043 -5 107.34143543243408
    endloop
  endfacet
  facet normal 0 -1 0
    outer loop
      vertex 36.4210319519043 -6 107.34143543243408
      vertex 39.999999618530275 -6 102.21408364211936
      vertex 36.45378901163737 -6 107.36332295735676
    endloop
  endfacet
  facet normal -0.5555694849010424 0 -0.8314701121788988
    outer loop
      vertex 36.4210319519043 -6 112.65856456756592
      vertex 36.4210319519043 -5 112.65856456756592
      vertex 36.45378901163737 -6 112.63667704264324
    endloop
  endfacet
  facet normal 0 -1 0
    outer loop
      vertex 36.4210319519043 -6 112.65856456756592
      vertex 36.45378901163737 -6 112.63667704264324
      vertex 40.19698238372803 -6 120
    endloop
  endfacet
  facet normal -0.555569484901264 -1.0500250671294458e-14 0.8314701121787506
    outer loop
      vertex 36.4210319519043 -5 107.34143543243408
      vertex 36.45378901163737 -6 107.36332295735676
      vertex 36.91238784790039 -5 107.66974830627441
    endloop
  endfacet
  facet normal -0.555569484901264 -1.0500250671294458e-14 -0.8314701121787506
    outer loop
      vertex 36.4210319519043 -5 112.65856456756592
      vertex 36.91238784790039 -5 112.33025169372559
      vertex 36.45378901163737 -6 112.63667704264324
    endloop
  endfacet
  facet normal -0.5555694849012799 0 0.83147011217874
    outer loop
      vertex 36.45378901163737 -6 107.36332295735676
      vertex 36.91238784790039 -6 107.66974830627441
      vertex 36.91238784790039 -5 107.66974830627441
    endloop
  endfacet
  facet normal 0 -1 0
    outer loop
      vertex 36.45378901163737 -6 107.36332295735676
      vertex 39.999999618530275 -6 102.21408364211936
      vertex 36.91238784790039 -6 107.66974830627441
    endloop
  endfacet
  facet normal 0 -1 0
    outer loop
      vertex 36.45378901163737 -6 112.63667704264324
      vertex 36.91238784790039 -6 112.33025169372559
      vertex 40.19698238372803 -6 120
    endloop
  endfacet
  facet normal -0.5555694849012799 0 -0.83147011217874
    outer loop
      vertex 36.45378901163737 -6 112.63667704264324
      vertex 36.91238784790039 -5 112.33025169372559
      vertex 36.91238784790039 -6 112.33025169372559
    endloop
  endfacet
  facet normal -0.9238797210506771 0 0.38268297719041944
    outer loop
      vertex 36.4622106552124 -5 109.21843242645264
      vertex 36.468404098233066 0 109.23338474142699
      vertex 36.4622106552124 0 109.21843242645264
    endloop
  endfacet
  facet normal -0.9238797210507629 7.252905794147603e-16 0.38268297719021244
    outer loop
      vertex 36.4622106552124 -5 109.21843242645264
      vertex 36.4715008197434 -5 109.24086089891418
      vertex 36.468404098233066 0 109.23338474142699
    endloop
  endfacet
  facet normal 0 -1 0
    outer loop
      vertex 36.4622106552124 -5 109.21843242645264
      vertex 37.884711265563965 -5 109.12493228912354
      vertex 36.4715008197434 -5 109.24086089891418
    endloop
  endfacet
  facet normal -0.9238797210508317 0 -0.3826829771900463
    outer loop
      vertex 36.4622106552124 -5 110.78156757354736
      vertex 36.4622106552124 0 110.78156757354736
      vertex 36.49679708769665 0 110.69806842281346
    endloop
  endfacet
  facet normal -0.9238797210508534 1.026234808580822e-15 -0.3826829771899939
    outer loop
      vertex 36.4622106552124 -5 110.78156757354736
      vertex 36.49679708769665 0 110.69806842281346
      vertex 36.51409030393876 -5 110.65631884744653
    endloop
  endfacet
  facet normal 0 -1 0
    outer loop
      vertex 36.4622106552124 -5 110.78156757354736
      vertex 36.51409030393876 -5 110.65631884744653
      vertex 37.65856456756592 -5 111.4210319519043
    endloop
  endfacet
  facet normal 0 1 0
    outer loop
      vertex 36.4622106552124 0 109.21843242645264
      vertex 36.468404098233066 0 109.23338474142699
      vertex 40.19698238372803 0 96.21408271789551
    endloop
  endfacet
  facet normal 0 1 0
    outer loop
      vertex 36.4622106552124 0 110.78156757354736
      vertex 40.19698238372803 0 120
      vertex 36.49679708769665 0 110.69806842281346
    endloop
  endfacet
  facet normal -0.9238797210508526 3.452979516419462e-16 0.3826829771899956
    outer loop
      vertex 36.468404098233066 0 109.23338474142699
      vertex 36.4715008197434 -5 109.24086089891418
      vertex 36.50367069244385 0 109.31852595011392
    endloop
  endfacet
  facet normal 0 1 0
    outer loop
      vertex 36.468404098233066 0 109.23338474142699
      vertex 36.50367069244385 0 109.31852595011392
      vertex 40.19698238372803 0 96.21408271789551
    endloop
  endfacet
  facet normal -0.9238797210508526 3.451018710334045e-16 0.3826829771899956
    outer loop
      vertex 36.4715008197434 -5 109.24086089891418
      vertex 36.52440071105957 -5 109.36857271194458
      vertex 36.50367069244385 0 109.31852595011392
    endloop
  endfacet
  facet normal 0 -1 0
    outer loop
      vertex 36.4715008197434 -5 109.24086089891418
      vertex 37.884711265563965 -5 109.12493228912354
      vertex 38 -5 109.7045259475708
    endloop
  endfacet
  facet normal 0 -1 0
    outer loop
      vertex 36.4715008197434 -5 109.24086089891418
      vertex 38 -5 109.7045259475708
      vertex 36.52440071105957 -5 109.36857271194458
    endloop
  endfacet
  facet normal -0.9238797210508 2.2853118497237556e-15 -0.3826829771901227
    outer loop
      vertex 36.49679708769665 0 110.69806842281346
      vertex 36.50367069244385 0 110.68147404988608
      vertex 36.51409030393876 -5 110.65631884744653
    endloop
  endfacet
  facet normal 0 1 0
    outer loop
      vertex 36.49679708769665 0 110.69806842281346
      vertex 40.19698238372803 0 120
      vertex 36.50367069244385 0 110.68147404988608
    endloop
  endfacet
  facet normal -0.9238797210508648 0 0.3826829771899662
    outer loop
      vertex 36.50367069244385 0 109.31852595011392
      vertex 36.52440071105957 -5 109.36857271194458
      vertex 36.54513072967529 0 109.41861947377524
    endloop
  endfacet
  facet normal 0 1 0
    outer loop
      vertex 36.50367069244385 0 109.31852595011392
      vertex 36.54513072967529 0 109.41861947377524
      vertex 40.19698238372803 0 96.21408271789551
    endloop
  endfacet
  facet normal -0.923879721050768 2.741247459112504e-15 -0.3826829771901999
    outer loop
      vertex 36.50367069244385 0 110.68147404988608
      vertex 36.52440071105957 -5 110.63142728805542
      vertex 36.51409030393876 -5 110.65631884744653
    endloop
  endfacet
  facet normal -0.9238797210508648 0 -0.3826829771899662
    outer loop
      vertex 36.50367069244385 0 110.68147404988608
      vertex 36.54513072967529 0 110.58138052622476
      vertex 36.52440071105957 -5 110.63142728805542
    endloop
  endfacet
  facet normal 0 1 0
    outer loop
      vertex 36.50367069244385 0 110.68147404988608
      vertex 40.19698238372803 0 120
      vertex 36.54513072967529 0 110.58138052622476
    endloop
  endfacet
  facet normal 0 -1 0
    outer loop
      vertex 36.51409030393876 -5 110.65631884744653
      vertex 36.52440071105957 -5 110.63142728805542
      vertex 37.65856456756592 -5 111.4210319519043
    endloop
  endfacet
  facet normal -0.9238797210508392 -7.25333797288027e-16 0.382682977190028
    outer loop
      vertex 36.52440071105957 -5 109.36857271194458
      vertex 36.58659076690674 -5 109.51871299743652
      vertex 36.54513072967529 0 109.41861947377524
    endloop
  endfacet
  facet normal 0 -1 0
    outer loop
      vertex 36.52440071105957 -5 109.36857271194458
      vertex 38 -5 109.7045259475708
      vertex 36.58659076690674 -5 109.51871299743652
    endloop
  endfacet
  facet normal -0.9238797210508392 -7.25333797288027e-16 -0.382682977190028
    outer loop
      vertex 36.52440071105957 -5 110.63142728805542
      vertex 36.54513072967529 0 110.58138052622476
      vertex 36.58659076690674 -5 110.48128700256348
    endloop
  endfacet
  facet normal 0 -1 0
    outer loop
      vertex 36.52440071105957 -5 110.63142728805542
      vertex 36.58659076690674 -5 110.48128700256348
      vertex 37.884711265563965 -5 110.87506771087646
    endloop
  endfacet
  facet normal 0 -1 0
    outer loop
      vertex 36.52440071105957 -5 110.63142728805542
      vertex 37.884711265563965 -5 110.87506771087646
      vertex 37.65856456756592 -5 111.4210319519043
    endloop
  endfacet
  facet normal -0.9238797210508265 0 0.382682977190059
    outer loop
      vertex 36.54513072967529 0 109.41861947377524
      vertex 36.58659076690674 -5 109.51871299743652
      vertex 36.58659076690674 0 109.51871299743652
    endloop
  endfacet
  facet normal 0 1 0
    outer loop
      vertex 36.54513072967529 0 109.41861947377524
      vertex 36.58659076690674 0 109.51871299743652
      vertex 40.19698238372803 0 96.21408271789551
    endloop
  endfacet
  facet normal -0.9238797210508265 0 -0.382682977190059
    outer loop
      vertex 36.54513072967529 0 110.58138052622476
      vertex 36.58659076690674 0 110.48128700256348
      vertex 36.58659076690674 -5 110.48128700256348
    endloop
  endfacet
  facet normal 0 1 0
    outer loop
      vertex 36.54513072967529 0 110.58138052622476
      vertex 40.19698238372803 0 120
      vertex 36.58659076690674 0 110.48128700256348
    endloop
  endfacet
  facet normal -0.9807851937995911 0 0.19509075740151982
    outer loop
      vertex 36.58659076690674 -5 109.51871299743652
      vertex 36.60772705078125 0 109.62497202555338
      vertex 36.58659076690674 0 109.51871299743652
    endloop
  endfacet
  facet normal -0.9807851937995943 3.6987101350155235e-16 0.19509075740150308
    outer loop
      vertex 36.58659076690674 -5 109.51871299743652
      vertex 36.618295192718506 -5 109.67810153961182
      vertex 36.60772705078125 0 109.62497202555338
    endloop
  endfacet
  facet normal 0 -1 0
    outer loop
      vertex 36.58659076690674 -5 109.51871299743652
      vertex 38 -5 109.7045259475708
      vertex 36.618295192718506 -5 109.67810153961182
    endloop
  endfacet
  facet normal -0.9807851937995911 0 -0.19509075740151982
    outer loop
      vertex 36.58659076690674 -5 110.48128700256348
      vertex 36.58659076690674 0 110.48128700256348
      vertex 36.60772705078125 0 110.37502797444662
    endloop
  endfacet
  facet normal -0.9807851937995943 3.6987101350155235e-16 -0.19509075740150308
    outer loop
      vertex 36.58659076690674 -5 110.48128700256348
      vertex 36.60772705078125 0 110.37502797444662
      vertex 36.618295192718506 -5 110.32189846038818
    endloop
  endfacet
  facet normal 0 -1 0
    outer loop
      vertex 36.58659076690674 -5 110.48128700256348
      vertex 36.618295192718506 -5 110.32189846038818
      vertex 37.884711265563965 -5 110.87506771087646
    endloop
  endfacet
  facet normal 0 1 0
    outer loop
      vertex 36.58659076690674 0 109.51871299743652
      vertex 36.60772705078125 0 109.62497202555338
      vertex 40.19698238372803 0 96.21408271789551
    endloop
  endfacet
  facet normal 0 1 0
    outer loop
      vertex 36.58659076690674 0 110.48128700256348
      vertex 40.19698238372803 0 120
      vertex 36.60772705078125 0 110.37502797444662
    endloop
  endfacet
  facet normal -0.980785193799601 0 0.19509075740146964
    outer loop
      vertex 36.60772705078125 0 109.62497202555338
      vertex 36.618295192718506 -5 109.67810153961182
      vertex 36.62886333465576 0 109.73123105367026
    endloop
  endfacet
  facet normal 0 1 0
    outer loop
      vertex 36.60772705078125 0 109.62497202555338
      vertex 36.62886333465576 0 109.73123105367026
      vertex 40.19698238372803 0 96.21408271789551
    endloop
  endfacet
  facet normal -0.980785193799601 0 -0.19509075740146964
    outer loop
      vertex 36.60772705078125 0 110.37502797444662
      vertex 36.62886333465576 0 110.26876894632974
      vertex 36.618295192718506 -5 110.32189846038818
    endloop
  endfacet
  facet normal 0 1 0
    outer loop
      vertex 36.60772705078125 0 110.37502797444662
      vertex 40.19698238372803 0 120
      vertex 36.62886333465576 0 110.26876894632974
    endloop
  endfacet
  facet normal -0.980785193799565 -1.9982158920209385e-15 0.1950907574016505
    outer loop
      vertex 36.618295192718506 -5 109.67810153961182
      vertex 36.62806122171894 -5 109.72719856898118
      vertex 36.62886333465576 0 109.73123105367026
    endloop
  endfacet
  facet normal 0 -1 0
    outer loop
      vertex 36.618295192718506 -5 109.67810153961182
      vertex 38 -5 109.7045259475708
      vertex 36.62806122171894 -5 109.72719856898118
    endloop
  endfacet
  facet normal -0.9807851937995975 -1.9470204272873595e-16 -0.19509075740148726
    outer loop
      vertex 36.618295192718506 -5 110.32189846038818
      vertex 36.62886333465576 0 110.26876894632974
      vertex 36.640543983509104 -5 110.21004649529249
    endloop
  endfacet
  facet normal 0 -1 0
    outer loop
      vertex 36.618295192718506 -5 110.32189846038818
      vertex 36.640543983509104 -5 110.21004649529249
      vertex 37.884711265563965 -5 110.87506771087646
    endloop
  endfacet
  facet normal -0.9807851937995705 -1.974648705077531e-15 0.1950907574016226
    outer loop
      vertex 36.62806122171894 -5 109.72719856898118
      vertex 36.635374020656045 0 109.76396240658315
      vertex 36.62886333465576 0 109.73123105367026
    endloop
  endfacet
  facet normal -0.9807851937996075 -5.59589406321273e-16 0.19509075740143747
    outer loop
      vertex 36.62806122171894 -5 109.72719856898118
      vertex 36.64999961853027 -5 109.83749008178711
      vertex 36.635374020656045 0 109.76396240658315
    endloop
  endfacet
  facet normal 0 -1 0
    outer loop
      vertex 36.62806122171894 -5 109.72719856898118
      vertex 38 -5 109.7045259475708
      vertex 38 -5 110.2954740524292
    endloop
  endfacet
  facet normal 0 -1 0
    outer loop
      vertex 36.62806122171894 -5 109.72719856898118
      vertex 38 -5 110.2954740524292
      vertex 36.64999961853027 -5 109.83749008178711
    endloop
  endfacet
  facet normal 0 1 0
    outer loop
      vertex 36.62886333465576 0 109.73123105367026
      vertex 36.635374020656045 0 109.76396240658315
      vertex 40.19698238372803 0 96.21408271789551
    endloop
  endfacet
  facet normal -0.9807851937995834 6.7850999948998935e-16 -0.19509075740155882
    outer loop
      vertex 36.62886333465576 0 110.26876894632974
      vertex 36.643695861849494 0 110.19420096959931
      vertex 36.640543983509104 -5 110.21004649529249
    endloop
  endfacet
  facet normal 0 1 0
    outer loop
      vertex 36.62886333465576 0 110.26876894632974
      vertex 40.19698238372803 0 120
      vertex 36.643695861849494 0 110.19420096959931
    endloop
  endfacet
  facet normal -0.9807851937996002 0 0.19509075740147408
    outer loop
      vertex 36.635374020656045 0 109.76396240658315
      vertex 36.64999961853027 -5 109.83749008178711
      vertex 36.64999961853027 0 109.83749008178711
    endloop
  endfacet
  facet normal 0 1 0
    outer loop
      vertex 36.635374020656045 0 109.76396240658315
      vertex 36.64999961853027 0 109.83749008178711
      vertex 40.19698238372803 0 96.21408271789551
    endloop
  endfacet
  facet normal -0.980785193799587 7.393119589236904e-16 -0.19509075740154036
    outer loop
      vertex 36.640543983509104 -5 110.21004649529249
      vertex 36.643695861849494 0 110.19420096959931
      vertex 36.64999961853027 -5 110.16250991821289
    endloop
  endfacet
  facet normal 0 -1 0
    outer loop
      vertex 36.640543983509104 -5 110.21004649529249
      vertex 36.64999961853027 -5 110.16250991821289
      vertex 38 -5 110.2954740524292
    endloop
  endfacet
  facet normal 0 -1 0
    outer loop
      vertex 36.640543983509104 -5 110.21004649529249
      vertex 38 -5 110.2954740524292
      vertex 37.884711265563965 -5 110.87506771087646
    endloop
  endfacet
  facet normal -0.9807851937996092 0 -0.19509075740142814
    outer loop
      vertex 36.643695861849494 0 110.19420096959931
      vertex 36.64999961853027 0 110.16250991821289
      vertex 36.64999961853027 -5 110.16250991821289
    endloop
  endfacet
  facet normal 0 1 0
    outer loop
      vertex 36.643695861849494 0 110.19420096959931
      vertex 40.19698238372803 0 120
      vertex 36.64999961853027 0 110.16250991821289
    endloop
  endfacet
  facet normal -1 0 0
    outer loop
      vertex 36.64999961853027 -5 109.83749008178711
      vertex 36.64999961853027 -5 110
      vertex 36.64999961853027 0 109.94583002726236
    endloop
  endfacet
  facet normal -1 0 0
    outer loop
      vertex 36.64999961853027 -5 109.83749008178711
      vertex 36.64999961853027 0 109.94583002726236
      vertex 36.64999961853027 0 109.83749008178711
    endloop
  endfacet
  facet normal 0 -1 0
    outer loop
      vertex 36.64999961853027 -5 109.83749008178711
      vertex 38 -5 110.2954740524292
      vertex 36.64999961853027 -5 110
    endloop
  endfacet
  facet normal -1 0 0
    outer loop
      vertex 36.64999961853027 -5 110
      vertex 36.64999961853027 -5 110.16250991821289
      vertex 36.64999961853027 0 110.05416997273764
    endloop
  endfacet
  facet normal -1 0 0
    outer loop
      vertex 36.64999961853027 -5 110
      vertex 36.64999961853027 0 110.05416997273764
      vertex 36.64999961853027 0 109.94583002726236
    endloop
  endfacet
  facet normal 0 -1 0
    outer loop
      vertex 36.64999961853027 -5 110
      vertex 38 -5 110.2954740524292
      vertex 36.64999961853027 -5 110.16250991821289
    endloop
  endfacet
  facet normal -1 0 0
    outer loop
      vertex 36.64999961853027 -5 110.16250991821289
      vertex 36.64999961853027 0 110.16250991821289
      vertex 36.64999961853027 0 110.05416997273764
    endloop
  endfacet
  facet normal 0 1 0
    outer loop
      vertex 36.64999961853027 0 109.83749008178711
      vertex 36.64999961853027 0 109.94583002726236
      vertex 40.19698238372803 0 120
    endloop
  endfacet
  facet normal 0 1 0
    outer loop
      vertex 36.64999961853027 0 109.83749008178711
      vertex 40.19698238372803 0 120
      vertex 40.19698238372803 0 96.21408271789551
    endloop
  endfacet
  facet normal 0 1 0
    outer loop
      vertex 36.64999961853027 0 109.94583002726236
      vertex 36.64999961853027 0 110.05416997273764
      vertex 40.19698238372803 0 120
    endloop
  endfacet
  facet normal 0 1 0
    outer loop
      vertex 36.64999961853027 0 110.05416997273764
      vertex 36.64999961853027 0 110.16250991821289
      vertex 40.19698238372803 0 120
    endloop
  endfacet
  facet normal -0.7071067811865346 0 0.7071067811865603
    outer loop
      vertex 36.91238784790039 -6 107.66974830627441
      vertex 37.30239410400391 -6 108.05975456237792
      vertex 36.91238784790039 -5 107.66974830627441
    endloop
  endfacet
  facet normal 0 -1 0
    outer loop
      vertex 36.91238784790039 -6 107.66974830627441
      vertex 39.999999618530275 -6 102.21408364211936
      vertex 37.30239410400391 -6 108.05975456237792
    endloop
  endfacet
  facet normal -0.7071067811867279 0 -0.7071067811863672
    outer loop
      vertex 36.91238784790039 -6 112.33025169372559
      vertex 36.91238784790039 -5 112.33025169372559
      vertex 36.94024543762207 -6 112.3023941040039
    endloop
  endfacet
  facet normal 0 -1 0
    outer loop
      vertex 36.91238784790039 -6 112.33025169372559
      vertex 36.94024543762207 -6 112.3023941040039
      vertex 40.19698238372803 -6 120
    endloop
  endfacet
  facet normal -0.7071067811865475 -1.0051114421456984e-14 0.7071067811865475
    outer loop
      vertex 36.91238784790039 -5 107.66974830627441
      vertex 37.30239410400391 -6 108.05975456237792
      vertex 37.330251693725586 -5 108.08761215209961
    endloop
  endfacet
  facet normal -0.7071067811865475 1.0048178932432025e-14 -0.7071067811865475
    outer loop
      vertex 36.91238784790039 -5 112.33025169372559
      vertex 37.330251693725586 -5 111.91238784790039
      vertex 36.94024543762207 -6 112.3023941040039
    endloop
  endfacet
  facet normal 0 -1 0
    outer loop
      vertex 36.94024543762207 -6 112.3023941040039
      vertex 37.330251693725586 -6 111.91238784790039
      vertex 40.19698238372803 -6 120
    endloop
  endfacet
  facet normal -0.7071067811865346 0 -0.7071067811865603
    outer loop
      vertex 36.94024543762207 -6 112.3023941040039
      vertex 37.330251693725586 -5 111.91238784790039
      vertex 37.330251693725586 -6 111.91238784790039
    endloop
  endfacet
  facet normal -0.7071067811867279 0 0.7071067811863672
    outer loop
      vertex 37.30239410400391 -6 108.05975456237792
      vertex 37.330251693725586 -6 108.08761215209961
      vertex 37.330251693725586 -5 108.08761215209961
    endloop
  endfacet
  facet normal 0 -1 0
    outer loop
      vertex 37.30239410400391 -6 108.05975456237792
      vertex 39.999999618530275 -6 102.21408364211936
      vertex 37.330251693725586 -6 108.08761215209961
    endloop
  endfacet
  facet normal -0.8314701121787441 0 0.555569484901274
    outer loop
      vertex 37.330251693725586 -6 108.08761215209961
      vertex 37.63667704264323 -6 108.54621098836262
      vertex 37.330251693725586 -5 108.08761215209961
    endloop
  endfacet
  facet normal 0 -1 0
    outer loop
      vertex 37.330251693725586 -6 108.08761215209961
      vertex 39.999999618530275 -6 102.21408364211936
      vertex 37.63667704264323 -6 108.54621098836262
    endloop
  endfacet
  facet normal -0.8314701121788434 0 -0.5555694849011251
    outer loop
      vertex 37.330251693725586 -6 111.91238784790039
      vertex 37.330251693725586 -5 111.91238784790039
      vertex 37.352139218648276 -6 111.8796307881673
    endloop
  endfacet
  facet normal 0 -1 0
    outer loop
      vertex 37.330251693725586 -6 111.91238784790039
      vertex 37.352139218648276 -6 111.8796307881673
      vertex 40.19698238372803 -6 120
    endloop
  endfacet
  facet normal -0.8314701121787506 -6.575499441906509e-15 0.555569484901264
    outer loop
      vertex 37.330251693725586 -5 108.08761215209961
      vertex 37.63667704264323 -6 108.54621098836262
      vertex 37.65856456756592 -5 108.5789680480957
    endloop
  endfacet
  facet normal -0.8314701121787506 6.581370423551069e-15 -0.555569484901264
    outer loop
      vertex 37.330251693725586 -5 111.91238784790039
      vertex 37.65856456756592 -5 111.4210319519043
      vertex 37.352139218648276 -6 111.8796307881673
    endloop
  endfacet
  facet normal 0 -1 0
    outer loop
      vertex 37.352139218648276 -6 111.8796307881673
      vertex 37.65856456756592 -6 111.4210319519043
      vertex 40.19698238372803 -6 120
    endloop
  endfacet
  facet normal -0.8314701121787441 0 -0.555569484901274
    outer loop
      vertex 37.352139218648276 -6 111.8796307881673
      vertex 37.65856456756592 -5 111.4210319519043
      vertex 37.65856456756592 -6 111.4210319519043
    endloop
  endfacet
  facet normal -0.8314701121788434 0 0.5555694849011251
    outer loop
      vertex 37.63667704264323 -6 108.54621098836262
      vertex 37.65856456756592 -6 108.5789680480957
      vertex 37.65856456756592 -5 108.5789680480957
    endloop
  endfacet
  facet normal 0 -1 0
    outer loop
      vertex 37.63667704264323 -6 108.54621098836262
      vertex 39.999999618530275 -6 102.21408364211936
      vertex 37.65856456756592 -6 108.5789680480957
    endloop
  endfacet
  facet normal -0.9238789911886836 0 0.3826847392308456
    outer loop
      vertex 37.65856456756592 -6 108.5789680480957
      vertex 37.67364101409912 -6 108.61536566416422
      vertex 37.65856456756592 -5 108.5789680480957
    endloop
  endfacet
  facet normal 0 -1 0
    outer loop
      vertex 37.65856456756592 -6 108.5789680480957
      vertex 39.999999618530275 -6 102.21408364211936
      vertex 37.67364101409912 -6 108.61536566416422
    endloop
  endfacet
  facet normal -0.923878991188694 0 -0.38268473923082047
    outer loop
      vertex 37.65856456756592 -6 111.4210319519043
      vertex 37.65856456756592 -5 111.4210319519043
      vertex 37.869634819030765 -6 110.91146532694498
    endloop
  endfacet
  facet normal 0 -1 0
    outer loop
      vertex 37.65856456756592 -6 111.4210319519043
      vertex 37.869634819030765 -6 110.91146532694498
      vertex 40.19698238372803 -6 120
    endloop
  endfacet
  facet normal -0.9238789911886932 -9.980678486676426e-16 0.38268473923082214
    outer loop
      vertex 37.65856456756592 -5 108.5789680480957
      vertex 37.67364101409912 -6 108.61536566416422
      vertex 37.884711265563965 -5 109.12493228912354
    endloop
  endfacet
  facet normal -0.9238789911886932 9.86325873977435e-16 -0.38268473923082214
    outer loop
      vertex 37.65856456756592 -5 111.4210319519043
      vertex 37.884711265563965 -5 110.87506771087646
      vertex 37.869634819030765 -6 110.91146532694498
    endloop
  endfacet
  facet normal -0.923878991188694 0 0.38268473923082047
    outer loop
      vertex 37.67364101409912 -6 108.61536566416422
      vertex 37.884711265563965 -6 109.12493228912354
      vertex 37.884711265563965 -5 109.12493228912354
    endloop
  endfacet
  facet normal 0 -1 0
    outer loop
      vertex 37.67364101409912 -6 108.61536566416422
      vertex 39.999999618530275 -6 102.21408364211936
      vertex 37.884711265563965 -6 109.12493228912354
    endloop
  endfacet
  facet normal 0 -1 0
    outer loop
      vertex 37.869634819030765 -6 110.91146532694498
      vertex 37.884711265563965 -6 110.87506771087646
      vertex 40.19698238372803 -6 120
    endloop
  endfacet
  facet normal -0.9238789911886836 0 -0.3826847392308456
    outer loop
      vertex 37.869634819030765 -6 110.91146532694498
      vertex 37.884711265563965 -5 110.87506771087646
      vertex 37.884711265563965 -6 110.87506771087646
    endloop
  endfacet
  facet normal -0.9807851548654606 0 0.19509095313605523
    outer loop
      vertex 37.884711265563965 -6 109.12493228912354
      vertex 37.99231408437093 -6 109.66588637034098
      vertex 37.884711265563965 -5 109.12493228912354
    endloop
  endfacet
  facet normal 0 -1 0
    outer loop
      vertex 37.884711265563965 -6 109.12493228912354
      vertex 39.999999618530275 -6 102.21408364211936
      vertex 37.99231408437093 -6 109.66588637034098
    endloop
  endfacet
  facet normal -0.9807851548654636 0 -0.1950909531360403
    outer loop
      vertex 37.884711265563965 -6 110.87506771087646
      vertex 37.884711265563965 -5 110.87506771087646
      vertex 37.89239718119303 -6 110.83642813364665
    endloop
  endfacet
  facet normal 0 -1 0
    outer loop
      vertex 37.884711265563965 -6 110.87506771087646
      vertex 37.89239718119303 -6 110.83642813364665
      vertex 40.19698238372803 -6 120
    endloop
  endfacet
  facet normal -0.9807851548654608 -5.636139622676309e-16 0.19509095313605423
    outer loop
      vertex 37.884711265563965 -5 109.12493228912354
      vertex 37.99231408437093 -6 109.66588637034098
      vertex 38 -5 109.7045259475708
    endloop
  endfacet
  facet normal -0.9807851548654608 5.592107281874151e-16 -0.19509095313605423
    outer loop
      vertex 37.884711265563965 -5 110.87506771087646
      vertex 38 -5 110.2954740524292
      vertex 37.89239718119303 -6 110.83642813364665
    endloop
  endfacet
  facet normal 0 -1 0
    outer loop
      vertex 37.89239718119303 -6 110.83642813364665
      vertex 38 -6 110.2954740524292
      vertex 40.19698238372803 -6 120
    endloop
  endfacet
  facet normal -0.9807851548654606 0 -0.19509095313605523
    outer loop
      vertex 37.89239718119303 -6 110.83642813364665
      vertex 38 -5 110.2954740524292
      vertex 38 -6 110.2954740524292
    endloop
  endfacet
  facet normal -0.9807851548654636 0 0.1950909531360403
    outer loop
      vertex 37.99231408437093 -6 109.66588637034098
      vertex 38 -6 109.7045259475708
      vertex 38 -5 109.7045259475708
    endloop
  endfacet
  facet normal 0 -1 0
    outer loop
      vertex 37.99231408437093 -6 109.66588637034098
      vertex 39.999999618530275 -6 102.21408364211936
      vertex 38 -6 109.7045259475708
    endloop
  endfacet
  facet normal -1 0 0
    outer loop
      vertex 38 -6 109.7045259475708
      vertex 38 -6 109.74392248789471
      vertex 38 -5 109.7045259475708
    endloop
  endfacet
  facet normal 0 -1 0
    outer loop
      vertex 38 -6 109.7045259475708
      vertex 39.999999618530275 -6 102.21408364211936
      vertex 38 -6 109.74392248789471
    endloop
  endfacet
  facet normal -1 0 0
    outer loop
      vertex 38 -6 109.74392248789471
      vertex 38 -6 110.2954740524292
      vertex 38 -5 110.2954740524292
    endloop
  endfacet
  facet normal -1 0 0
    outer loop
      vertex 38 -6 109.74392248789471
      vertex 38 -5 110.2954740524292
      vertex 38 -5 109.7045259475708
    endloop
  endfacet
  facet normal 0 -1 0
    outer loop
      vertex 38 -6 109.74392248789471
      vertex 39.999999618530275 -6 102.21408364211936
      vertex 38 -6 110.2954740524292
    endloop
  endfacet
  facet normal 0 -1 0
    outer loop
      vertex 38 -6 110.2954740524292
      vertex 39.999999618530275 -6 102.21408364211936
      vertex 40.19698238372803 -6 120
    endloop
  endfacet
  facet normal 0.1950890919691262 -0.9807855250739898 0
    outer loop
      vertex 38.1969820022583 -53.349999237060544 96.21408364211936
      vertex 38.58337841033936 -53.27314071655273 96.21408364211936
      vertex 38.1969820022583 -53.349999237060544 102.21408364211936
    endloop
  endfacet
  facet normal 0 0 -1
    outer loop
      vertex 38.1969820022583 -53.349999237060544 96.21408364211936
      vertex 38.94735488891602 -53.1223762512207 96.21408364211936
      vertex 38.58337841033936 -53.27314071655273 96.21408364211936
    endloop
  endfacet
  facet normal 0 0 -1
    outer loop
      vertex 38.1969820022583 -53.349999237060544 96.21408364211936
      vertex 39.77237663269043 -52.297354507446286 96.21408364211936
      vertex 38.94735488891602 -53.1223762512207 96.21408364211936
    endloop
  endfacet
  facet normal 0 0 -1
    outer loop
      vertex 38.1969820022583 -53.349999237060544 96.21408364211936
      vertex 39.999999618530275 -51.54698257446289 96.21408364211936
      vertex 39.77237663269043 -52.297354507446286 96.21408364211936
    endloop
  endfacet
  facet normal 0.1950890919691262 -0.9807855250739898 0
    outer loop
      vertex 38.1969820022583 -53.349999237060544 102.21408364211936
      vertex 38.58337841033936 -53.27314071655273 96.21408364211936
      vertex 38.58337841033936 -53.27314071655273 102.21408364211936
    endloop
  endfacet
  facet normal 0 0 1
    outer loop
      vertex 38.1969820022583 -53.349999237060544 102.21408364211936
      vertex 38.58337841033936 -53.27314071655273 102.21408364211936
      vertex 38.94735488891602 -53.1223762512207 102.21408364211936
    endloop
  endfacet
  facet normal 0 0 1
    outer loop
      vertex 38.1969820022583 -53.349999237060544 102.21408364211936
      vertex 38.94735488891602 -53.1223762512207 102.21408364211936
      vertex 39.77237663269043 -52.297354507446286 102.21408364211936
    endloop
  endfacet
  facet normal 0 0 1
    outer loop
      vertex 38.1969820022583 -53.349999237060544 102.21408364211936
      vertex 39.77237663269043 -52.297354507446286 102.21408364211936
      vertex 39.999999618530275 -51.54698257446289 102.21408364211936
    endloop
  endfacet
  facet normal 0 0 -1
    outer loop
      vertex 38.49818354094705 -6 96.21408364211936
      vertex 39.999999618530275 -6 96.21408364211936
      vertex 39.999999618530275 -51.54698257446289 96.21408364211936
    endloop
  endfacet
  facet normal 0 -1 0
    outer loop
      vertex 38.49818354094705 -6 96.21408364211936
      vertex 40.19698238372803 -6 96.21408271789551
      vertex 39.999999618530275 -6 96.21408364211936
    endloop
  endfacet
  facet normal 0.38268445394714545 -0.9238791093574825 0
    outer loop
      vertex 38.58337841033936 -53.27314071655273 96.21408364211936
      vertex 38.94735488891602 -53.1223762512207 96.21408364211936
      vertex 38.58337841033936 -53.27314071655273 102.21408364211936
    endloop
  endfacet
  facet normal 0.38268445394714545 -0.9238791093574825 0
    outer loop
      vertex 38.58337841033936 -53.27314071655273 102.21408364211936
      vertex 38.94735488891602 -53.1223762512207 96.21408364211936
      vertex 38.94735488891602 -53.1223762512207 102.21408364211936
    endloop
  endfacet
  facet normal 0.5555696725354892 -0.8314699868057832 0
    outer loop
      vertex 38.94735488891602 -53.1223762512207 96.21408364211936
      vertex 39.27492485046387 -52.90350131988525 96.21408364211936
      vertex 39.27492485046387 -52.90350131988525 102.21408364211936
    endloop
  endfacet
  facet normal 0.5555696725354892 -0.8314699868057832 0
    outer loop
      vertex 38.94735488891602 -53.1223762512207 96.21408364211936
      vertex 39.27492485046387 -52.90350131988525 102.21408364211936
      vertex 38.94735488891602 -53.1223762512207 102.21408364211936
    endloop
  endfacet
  facet normal 0 0 -1
    outer loop
      vertex 38.94735488891602 -53.1223762512207 96.21408364211936
      vertex 39.553500747680665 -52.624925422668454 96.21408364211936
      vertex 39.27492485046387 -52.90350131988525 96.21408364211936
    endloop
  endfacet
  facet normal 0 0 -1
    outer loop
      vertex 38.94735488891602 -53.1223762512207 96.21408364211936
      vertex 39.77237663269043 -52.297354507446286 96.21408364211936
      vertex 39.553500747680665 -52.624925422668454 96.21408364211936
    endloop
  endfacet
  facet normal 0 0 1
    outer loop
      vertex 38.94735488891602 -53.1223762512207 102.21408364211936
      vertex 39.27492485046387 -52.90350131988525 102.21408364211936
      vertex 39.553500747680665 -52.624925422668454 102.21408364211936
    endloop
  endfacet
  facet normal 0 0 1
    outer loop
      vertex 38.94735488891602 -53.1223762512207 102.21408364211936
      vertex 39.553500747680665 -52.624925422668454 102.21408364211936
      vertex 39.77237663269043 -52.297354507446286 102.21408364211936
    endloop
  endfacet
  facet normal 0.7071067811865475 -0.7071067811865475 0
    outer loop
      vertex 39.27492485046387 -52.90350131988525 96.21408364211936
      vertex 39.553500747680665 -52.624925422668454 96.21408364211936
      vertex 39.553500747680665 -52.624925422668454 102.21408364211936
    endloop
  endfacet
  facet normal 0.7071067811865475 -0.7071067811865475 0
    outer loop
      vertex 39.27492485046387 -52.90350131988525 96.21408364211936
      vertex 39.553500747680665 -52.624925422668454 102.21408364211936
      vertex 39.27492485046387 -52.90350131988525 102.21408364211936
    endloop
  endfacet
  facet normal 0.8314696157560885 -0.5555702278510096 0
    outer loop
      vertex 39.553500747680665 -52.624925422668454 96.21408364211936
      vertex 39.77237663269043 -52.297354507446286 96.21408364211936
      vertex 39.553500747680665 -52.624925422668454 102.21408364211936
    endloop
  endfacet
  facet normal 0.8314696157560885 -0.5555702278510096 0
    outer loop
      vertex 39.553500747680665 -52.624925422668454 102.21408364211936
      vertex 39.77237663269043 -52.297354507446286 96.21408364211936
      vertex 39.77237663269043 -52.297354507446286 102.21408364211936
    endloop
  endfacet
  facet normal 0.9238791093574825 -0.38268445394714545 0
    outer loop
      vertex 39.77237663269043 -52.297354507446286 96.21408364211936
      vertex 39.92314109802246 -51.933378028869626 96.21408364211936
      vertex 39.77237663269043 -52.297354507446286 102.21408364211936
    endloop
  endfacet
  facet normal 0 0 -1
    outer loop
      vertex 39.77237663269043 -52.297354507446286 96.21408364211936
      vertex 39.999999618530275 -51.54698257446289 96.21408364211936
      vertex 39.92314109802246 -51.933378028869626 96.21408364211936
    endloop
  endfacet
  facet normal 0.9238791093574825 -0.38268445394714545 0
    outer loop
      vertex 39.77237663269043 -52.297354507446286 102.21408364211936
      vertex 39.92314109802246 -51.933378028869626 96.21408364211936
      vertex 39.92314109802246 -51.933378028869626 102.21408364211936
    endloop
  endfacet
  facet normal 0 0 1
    outer loop
      vertex 39.77237663269043 -52.297354507446286 102.21408364211936
      vertex 39.92314109802246 -51.933378028869626 102.21408364211936
      vertex 39.999999618530275 -51.54698257446289 102.21408364211936
    endloop
  endfacet
  facet normal 0.9807854329423978 -0.19508955514838086 0
    outer loop
      vertex 39.92314109802246 -51.933378028869626 96.21408364211936
      vertex 39.999999618530275 -51.54698257446289 96.21408364211936
      vertex 39.999999618530275 -51.54698257446289 102.21408364211936
    endloop
  endfacet
  facet normal 0.9807854329423978 -0.19508955514838086 0
    outer loop
      vertex 39.92314109802246 -51.933378028869626 96.21408364211936
      vertex 39.999999618530275 -51.54698257446289 102.21408364211936
      vertex 39.92314109802246 -51.933378028869626 102.21408364211936
    endloop
  endfacet
  facet normal 1 0 0
    outer loop
      vertex 39.999999618530275 -51.54698257446289 96.21408364211936
      vertex 39.999999618530275 -6 96.21408364211936
      vertex 39.999999618530275 -6 96.72031380232849
    endloop
  endfacet
  facet normal 1 0 0
    outer loop
      vertex 39.999999618530275 -51.54698257446289 96.21408364211936
      vertex 39.999999618530275 -6 96.72031380232849
      vertex 39.999999618530275 -51.54698257446289 102.21408364211936
    endloop
  endfacet
  facet normal 1 0 0
    outer loop
      vertex 39.999999618530275 -51.54698257446289 102.21408364211936
      vertex 39.999999618530275 -6 96.72031380232849
      vertex 39.999999618530275 -6 102.21408364211936
    endloop
  endfacet
  facet normal 0 -1 0
    outer loop
      vertex 39.999999618530275 -6 96.21408364211936
      vertex 40.19698238372803 -6 96.21408271789551
      vertex 39.999999618530275 -6 96.72031380232849
    endloop
  endfacet
  facet normal 0 -1 0
    outer loop
      vertex 39.999999618530275 -6 96.72031380232849
      vertex 40.19698238372803 -6 96.21408271789551
      vertex 39.999999618530275 -6 102.21408364211936
    endloop
  endfacet
  facet normal 0 -1 0
    outer loop
      vertex 39.999999618530275 -6 102.21408364211936
      vertex 40.19698238372803 -6 96.21408271789551
      vertex 40.19698238372803 -6 120
    endloop
  endfacet
  facet normal 0.19509188372102473 -0.9807849697595198 0
    outer loop
      vertex 40.19698238372803 -6 96.21408271789551
      vertex 40.583377838134766 -5.923140525817871 96.21408271789551
      vertex 40.19698238372803 -6 120
    endloop
  endfacet
  facet normal 0.19509188372102473 -0.9807849697595198 0
    outer loop
      vertex 40.19698238372803 -6 120
      vertex 40.583377838134766 -5.923140525817871 96.21408271789551
      vertex 40.583377838134766 -5.923140525817871 120
    endloop
  endfacet
  facet normal 0 0 1
    outer loop
      vertex 40.19698238372803 -6 120
      vertex 40.583377838134766 -5.923140525817871 120
      vertex 41.274925231933594 -5.553501129150391 120
    endloop
  endfacet
  facet normal 0.19508955514838083 0.9807854329423978 0
    outer loop
      vertex 40.19698238372803 0 96.21408271789551
      vertex 40.19698238372803 0 120
      vertex 40.583377838134766 -0.0768585205078125 120
    endloop
  endfacet
  facet normal 0 0 -1
    outer loop
      vertex 40.19698238372803 0 96.21408271789551
      vertex 40.583377838134766 -0.0768585205078125 96.21408271789551
      vertex 40.583377838134766 -5.923140525817871 96.21408271789551
    endloop
  endfacet
  facet normal 0.19508955514838083 0.9807854329423978 0
    outer loop
      vertex 40.19698238372803 0 96.21408271789551
      vertex 40.583377838134766 -0.0768585205078125 120
      vertex 40.583377838134766 -0.0768585205078125 96.21408271789551
    endloop
  endfacet
  facet normal 0 0 1
    outer loop
      vertex 40.19698238372803 0 120
      vertex 41.274925231933594 -5.553501129150391 120
      vertex 40.583377838134766 -0.0768585205078125 120
    endloop
  endfacet
  facet normal 0 0 -1
    outer loop
      vertex 40.583377838134766 -5.923140525817871 96.21408271789551
      vertex 40.583377838134766 -0.0768585205078125 96.21408271789551
      vertex 40.947354316711426 -0.22762298583984375 96.21408271789551
    endloop
  endfacet
  facet normal 0.3826844539471454 -0.9238791093574824 0
    outer loop
      vertex 40.583377838134766 -5.923140525817871 96.21408271789551
      vertex 40.947354316711426 -5.77237606048584 96.21408271789551
      vertex 40.947354316711426 -5.77237606048584 120
    endloop
  endfacet
  facet normal 0.3826844539471454 -0.9238791093574824 0
    outer loop
      vertex 40.583377838134766 -5.923140525817871 96.21408271789551
      vertex 40.947354316711426 -5.77237606048584 120
      vertex 40.583377838134766 -5.923140525817871 120
    endloop
  endfacet
  facet normal 0 0 -1
    outer loop
      vertex 40.583377838134766 -5.923140525817871 96.21408271789551
      vertex 40.947354316711426 -0.22762298583984375 96.21408271789551
      vertex 41.274925231933594 -0.44649791717529297 96.21408271789551
    endloop
  endfacet
  facet normal 0 0 -1
    outer loop
      vertex 40.583377838134766 -5.923140525817871 96.21408271789551
      vertex 41.274925231933594 -5.553501129150391 96.21408271789551
      vertex 40.947354316711426 -5.77237606048584 96.21408271789551
    endloop
  endfacet
  facet normal 0 0 -1
    outer loop
      vertex 40.583377838134766 -5.923140525817871 96.21408271789551
      vertex 41.274925231933594 -0.44649791717529297 96.21408271789551
      vertex 41.55350112915039 -0.7250738143920898 96.21408271789551
    endloop
  endfacet
  facet normal 0 0 -1
    outer loop
      vertex 40.583377838134766 -5.923140525817871 96.21408271789551
      vertex 41.55350112915039 -5.274925231933594 96.21408271789551
      vertex 41.274925231933594 -5.553501129150391 96.21408271789551
    endloop
  endfacet
  facet normal 0 0 -1
    outer loop
      vertex 40.583377838134766 -5.923140525817871 96.21408271789551
      vertex 41.55350112915039 -0.7250738143920898 96.21408271789551
      vertex 41.77237606048584 -1.0526447296142578 96.21408271789551
    endloop
  endfacet
  facet normal 0 0 -1
    outer loop
      vertex 40.583377838134766 -5.923140525817871 96.21408271789551
      vertex 41.77237606048584 -4.947354316711426 96.21408271789551
      vertex 41.55350112915039 -5.274925231933594 96.21408271789551
    endloop
  endfacet
  facet normal 0 0 -1
    outer loop
      vertex 40.583377838134766 -5.923140525817871 96.21408271789551
      vertex 41.77237606048584 -1.0526447296142578 96.21408271789551
      vertex 41.92314052581787 -1.416621208190918 96.21408271789551
    endloop
  endfacet
  facet normal 0 0 -1
    outer loop
      vertex 40.583377838134766 -5.923140525817871 96.21408271789551
      vertex 41.92314052581787 -4.583377838134766 96.21408271789551
      vertex 41.77237606048584 -4.947354316711426 96.21408271789551
    endloop
  endfacet
  facet normal 0 0 -1
    outer loop
      vertex 40.583377838134766 -5.923140525817871 96.21408271789551
      vertex 41.92314052581787 -1.416621208190918 96.21408271789551
      vertex 42 -1.8030166625976562 96.21408271789551
    endloop
  endfacet
  facet normal 0 0 -1
    outer loop
      vertex 40.583377838134766 -5.923140525817871 96.21408271789551
      vertex 42 -4.196982383728027 96.21408271789551
      vertex 41.92314052581787 -4.583377838134766 96.21408271789551
    endloop
  endfacet
  facet normal 0 0 -1
    outer loop
      vertex 40.583377838134766 -5.923140525817871 96.21408271789551
      vertex 42 -1.8030166625976562 96.21408271789551
      vertex 42 -4.196982383728027 96.21408271789551
    endloop
  endfacet
  facet normal 0 0 1
    outer loop
      vertex 40.583377838134766 -5.923140525817871 120
      vertex 40.947354316711426 -5.77237606048584 120
      vertex 41.274925231933594 -5.553501129150391 120
    endloop
  endfacet
  facet normal 0.3826844539471454 0.9238791093574824 0
    outer loop
      vertex 40.583377838134766 -0.0768585205078125 96.21408271789551
      vertex 40.583377838134766 -0.0768585205078125 120
      vertex 40.947354316711426 -0.22762298583984375 96.21408271789551
    endloop
  endfacet
  facet normal 0.3826844539471454 0.9238791093574824 0
    outer loop
      vertex 40.583377838134766 -0.0768585205078125 120
      vertex 40.947354316711426 -0.22762298583984375 120
      vertex 40.947354316711426 -0.22762298583984375 96.21408271789551
    endloop
  endfacet
  facet normal 0 0 1
    outer loop
      vertex 40.583377838134766 -0.0768585205078125 120
      vertex 41.274925231933594 -5.553501129150391 120
      vertex 40.947354316711426 -0.22762298583984375 120
    endloop
  endfacet
  facet normal 0.555568554316088 -0.8314707339739217 0
    outer loop
      vertex 40.947354316711426 -5.77237606048584 96.21408271789551
      vertex 41.274925231933594 -5.553501129150391 96.21408271789551
      vertex 41.274925231933594 -5.553501129150391 120
    endloop
  endfacet
  facet normal 0.555568554316088 -0.8314707339739217 0
    outer loop
      vertex 40.947354316711426 -5.77237606048584 96.21408271789551
      vertex 41.274925231933594 -5.553501129150391 120
      vertex 40.947354316711426 -5.77237606048584 120
    endloop
  endfacet
  facet normal 0.555568554316088 0.8314707339739217 0
    outer loop
      vertex 40.947354316711426 -0.22762298583984375 96.21408271789551
      vertex 40.947354316711426 -0.22762298583984375 120
      vertex 41.274925231933594 -0.44649791717529297 120
    endloop
  endfacet
  facet normal 0.555568554316088 0.8314707339739217 0
    outer loop
      vertex 40.947354316711426 -0.22762298583984375 96.21408271789551
      vertex 41.274925231933594 -0.44649791717529297 120
      vertex 41.274925231933594 -0.44649791717529297 96.21408271789551
    endloop
  endfacet
  facet normal 0 0 1
    outer loop
      vertex 40.947354316711426 -0.22762298583984375 120
      vertex 41.274925231933594 -5.553501129150391 120
      vertex 41.274925231933594 -0.44649791717529297 120
    endloop
  endfacet
  facet normal 0.7071067811865476 -0.7071067811865476 0
    outer loop
      vertex 41.274925231933594 -5.553501129150391 96.21408271789551
      vertex 41.55350112915039 -5.274925231933594 96.21408271789551
      vertex 41.274925231933594 -5.553501129150391 120
    endloop
  endfacet
  facet normal 0.7071067811865476 -0.7071067811865476 0
    outer loop
      vertex 41.274925231933594 -5.553501129150391 120
      vertex 41.55350112915039 -5.274925231933594 96.21408271789551
      vertex 41.55350112915039 -5.274925231933594 120
    endloop
  endfacet
  facet normal 0 0 1
    outer loop
      vertex 41.274925231933594 -5.553501129150391 120
      vertex 41.55350112915039 -5.274925231933594 120
      vertex 41.77237606048584 -4.947354316711426 120
    endloop
  endfacet
  facet normal 0 0 1
    outer loop
      vertex 41.274925231933594 -5.553501129150391 120
      vertex 41.55350112915039 -0.7250738143920898 120
      vertex 41.274925231933594 -0.44649791717529297 120
    endloop
  endfacet
  facet normal 0 0 1
    outer loop
      vertex 41.274925231933594 -5.553501129150391 120
      vertex 41.77237606048584 -4.947354316711426 120
      vertex 41.92314052581787 -4.583377838134766 120
    endloop
  endfacet
  facet normal 0 0 1
    outer loop
      vertex 41.274925231933594 -5.553501129150391 120
      vertex 41.77237606048584 -1.0526447296142578 120
      vertex 41.55350112915039 -0.7250738143920898 120
    endloop
  endfacet
  facet normal 0 0 1
    outer loop
      vertex 41.274925231933594 -5.553501129150391 120
      vertex 41.92314052581787 -4.583377838134766 120
      vertex 42 -4.196982383728027 120
    endloop
  endfacet
  facet normal 0 0 1
    outer loop
      vertex 41.274925231933594 -5.553501129150391 120
      vertex 41.92314052581787 -1.416621208190918 120
      vertex 41.77237606048584 -1.0526447296142578 120
    endloop
  endfacet
  facet normal 0 0 1
    outer loop
      vertex 41.274925231933594 -5.553501129150391 120
      vertex 42 -4.196982383728027 120
      vertex 42 -1.8030166625976562 120
    endloop
  endfacet
  facet normal 0 0 1
    outer loop
      vertex 41.274925231933594 -5.553501129150391 120
      vertex 42 -1.8030166625976562 120
      vertex 41.92314052581787 -1.416621208190918 120
    endloop
  endfacet
  facet normal 0.7071067811865476 0.7071067811865476 0
    outer loop
      vertex 41.274925231933594 -0.44649791717529297 96.21408271789551
      vertex 41.274925231933594 -0.44649791717529297 120
      vertex 41.55350112915039 -0.7250738143920898 120
    endloop
  endfacet
  facet normal 0.7071067811865476 0.7071067811865476 0
    outer loop
      vertex 41.274925231933594 -0.44649791717529297 96.21408271789551
      vertex 41.55350112915039 -0.7250738143920898 120
      vertex 41.55350112915039 -0.7250738143920898 96.21408271789551
    endloop
  endfacet
  facet normal 0.8314707339739217 -0.555568554316088 0
    outer loop
      vertex 41.55350112915039 -5.274925231933594 96.21408271789551
      vertex 41.77237606048584 -4.947354316711426 96.21408271789551
      vertex 41.77237606048584 -4.947354316711426 120
    endloop
  endfacet
  facet normal 0.8314707339739217 -0.555568554316088 0
    outer loop
      vertex 41.55350112915039 -5.274925231933594 96.21408271789551
      vertex 41.77237606048584 -4.947354316711426 120
      vertex 41.55350112915039 -5.274925231933594 120
    endloop
  endfacet
  facet normal 0.8314707339739217 0.555568554316088 0
    outer loop
      vertex 41.55350112915039 -0.7250738143920898 96.21408271789551
      vertex 41.55350112915039 -0.7250738143920898 120
      vertex 41.77237606048584 -1.0526447296142578 96.21408271789551
    endloop
  endfacet
  facet normal 0.8314707339739217 0.555568554316088 0
    outer loop
      vertex 41.55350112915039 -0.7250738143920898 120
      vertex 41.77237606048584 -1.0526447296142578 120
      vertex 41.77237606048584 -1.0526447296142578 96.21408271789551
    endloop
  endfacet
  facet normal 0.9238791093574824 -0.3826844539471454 0
    outer loop
      vertex 41.77237606048584 -4.947354316711426 96.21408271789551
      vertex 41.92314052581787 -4.583377838134766 96.21408271789551
      vertex 41.77237606048584 -4.947354316711426 120
    endloop
  endfacet
  facet normal 0.9238791093574824 -0.3826844539471454 0
    outer loop
      vertex 41.77237606048584 -4.947354316711426 120
      vertex 41.92314052581787 -4.583377838134766 96.21408271789551
      vertex 41.92314052581787 -4.583377838134766 120
    endloop
  endfacet
  facet normal 0.9238791093574824 0.3826844539471454 0
    outer loop
      vertex 41.77237606048584 -1.0526447296142578 96.21408271789551
      vertex 41.77237606048584 -1.0526447296142578 120
      vertex 41.92314052581787 -1.416621208190918 96.21408271789551
    endloop
  endfacet
  facet normal 0.9238791093574824 0.3826844539471454 0
    outer loop
      vertex 41.77237606048584 -1.0526447296142578 120
      vertex 41.92314052581787 -1.416621208190918 120
      vertex 41.92314052581787 -1.416621208190918 96.21408271789551
    endloop
  endfacet
  facet normal 0.9807849697595198 -0.19509188372102473 0
    outer loop
      vertex 41.92314052581787 -4.583377838134766 96.21408271789551
      vertex 42 -4.196982383728027 96.21408271789551
      vertex 41.92314052581787 -4.583377838134766 120
    endloop
  endfacet
  facet normal 0.9807849697595198 -0.19509188372102473 0
    outer loop
      vertex 41.92314052581787 -4.583377838134766 120
      vertex 42 -4.196982383728027 96.21408271789551
      vertex 42 -4.196982383728027 120
    endloop
  endfacet
  facet normal 0.9807849697595198 0.19509188372102473 0
    outer loop
      vertex 41.92314052581787 -1.416621208190918 96.21408271789551
      vertex 41.92314052581787 -1.416621208190918 120
      vertex 42 -1.8030166625976562 120
    endloop
  endfacet
  facet normal 0.9807849697595198 0.19509188372102473 0
    outer loop
      vertex 41.92314052581787 -1.416621208190918 96.21408271789551
      vertex 42 -1.8030166625976562 120
      vertex 42 -1.8030166625976562 96.21408271789551
    endloop
  endfacet
  facet normal 1 0 0
    outer loop
      vertex 42 -4.196982383728027 96.21408271789551
      vertex 42 -1.8030166625976562 96.21408271789551
      vertex 42 -1.8030166625976562 120
    endloop
  endfacet
  facet normal 1 0 0
    outer loop
      vertex 42 -4.196982383728027 96.21408271789551
      vertex 42 -1.8030166625976562 120
      vertex 42 -4.196982383728027 120
    endloop
  endfacet
endsolid OpenSCAD_Model
