solid OpenSCAD_Model
  facet normal -1 0 0
    outer loop
      vertex -51 -46.492454528808594 -24.399999618530273
      vertex -51 -46.492454528808594 10
      vertex -51 -25.492462158203125 -20
    endloop
  endfacet
  facet normal -0.8944254850132667 0 -0.4472170074569868
    outer loop
      vertex -51 -46.492454528808594 -24.399999618530273
      vertex -51 -25.492462158203125 -24.399999618530273
      vertex -50.69999694824219 -46.19245529174805 -25
    endloop
  endfacet
  facet normal -1 0 0
    outer loop
      vertex -51 -46.492454528808594 -24.399999618530273
      vertex -51 -25.492462158203125 -20
      vertex -51 -25.492462158203125 -24.399999618530273
    endloop
  endfacet
  facet normal -0.9807854145160009 -0.1950896477844905 0
    outer loop
      vertex -51 -46.492454528808594 -24.399999618530273
      vertex -50.80785369873047 -47.45844268798828 -24.399999618530273
      vertex -51 -46.492454528808594 10
    endloop
  endfacet
  facet normal -0.8454811302456958 -0.16817538485116515 -0.5068320218066565
    outer loop
      vertex -51 -46.492454528808594 -24.399999618530273
      vertex -50.69999694824219 -46.19245529174805 -25
      vertex -50.507850646972656 -47.158447265625 -25
    endloop
  endfacet
  facet normal -0.8454813517043827 -0.16817609302821865 -0.5068314173903332
    outer loop
      vertex -51 -46.492454528808594 -24.399999618530273
      vertex -50.507850646972656 -47.158447265625 -25
      vertex -50.80785369873047 -47.45844268798828 -24.399999618530273
    endloop
  endfacet
  facet normal -1 0 0
    outer loop
      vertex -51 -46.492454528808594 10
      vertex -51 -14.607542991638184 10
      vertex -51 -25.492462158203125 -20
    endloop
  endfacet
  facet normal -0.9807854145160009 -0.1950896477844905 0
    outer loop
      vertex -51 -46.492454528808594 10
      vertex -50.80785369873047 -47.45844268798828 -24.399999618530273
      vertex -50.80785369873047 -47.45844268798828 10
    endloop
  endfacet
  facet normal 0 0 1
    outer loop
      vertex -51 -46.492454528808594 10
      vertex -50.80785369873047 -47.45844268798828 10
      vertex -47.650001525878906 -46.16250991821289 10
    endloop
  endfacet
  facet normal 0 0 1
    outer loop
      vertex -51 -46.492454528808594 10
      vertex -47.650001525878906 -46.16250991821289 10
      vertex -47.650001525878906 -45.83749008178711 10
    endloop
  endfacet
  facet normal 0 0 1
    outer loop
      vertex -51 -46.492454528808594 10
      vertex -47.650001525878906 -45.83749008178711 10
      vertex -47.58658981323242 -45.518714904785156 10
    endloop
  endfacet
  facet normal 0 0 1
    outer loop
      vertex -51 -46.492454528808594 10
      vertex -47.58658981323242 -45.518714904785156 10
      vertex -47.46221160888672 -45.21843338012695 10
    endloop
  endfacet
  facet normal 0 0 1
    outer loop
      vertex -51 -46.492454528808594 10
      vertex -47.46221160888672 -45.21843338012695 10
      vertex -47.281639099121094 -44.94818878173828 10
    endloop
  endfacet
  facet normal 0 0 1
    outer loop
      vertex -51 -46.492454528808594 10
      vertex -47.281639099121094 -44.94818878173828 10
      vertex -47.05181121826172 -44.718360900878906 10
    endloop
  endfacet
  facet normal 0 0 1
    outer loop
      vertex -51 -46.492454528808594 10
      vertex -47.05181121826172 -44.718360900878906 10
      vertex -46.78156661987305 -44.53778839111328 10
    endloop
  endfacet
  facet normal 0 0 1
    outer loop
      vertex -51 -46.492454528808594 10
      vertex -46.78156661987305 -44.53778839111328 10
      vertex -51 -14.607542991638184 10
    endloop
  endfacet
  facet normal -1 0 0
    outer loop
      vertex -51 -25.492462158203125 -24.399999618530273
      vertex -51 -25.492462158203125 -20
      vertex -51 -25.492456436157227 -20
    endloop
  endfacet
  facet normal -0.8944254850132668 0 -0.4472170074569868
    outer loop
      vertex -51 -25.492462158203125 -24.399999618530273
      vertex -51 -25.492456436157227 -24.399999618530273
      vertex -50.69999694824219 -25.192461013793945 -25
    endloop
  endfacet
  facet normal -1 0 0
    outer loop
      vertex -51 -25.492462158203125 -24.399999618530273
      vertex -51 -25.492456436157227 -20
      vertex -51 -25.492456436157227 -24.399999618530273
    endloop
  endfacet
  facet normal -0.8944254850132668 0 -0.4472170074569868
    outer loop
      vertex -51 -25.492462158203125 -24.399999618530273
      vertex -50.69999694824219 -25.192461013793945 -25
      vertex -50.69999694824219 -46.19245529174805 -25
    endloop
  endfacet
  facet normal 0 0 0
    outer loop
      vertex -51 -25.492462158203125 -20
      vertex -51 -14.607542991638184 -20
      vertex -51 5.492456436157227 -20
    endloop
  endfacet
  facet normal -1 0 0
    outer loop
      vertex -51 -25.492462158203125 -20
      vertex -51 -14.607542991638184 10
      vertex -51 -14.607542991638184 -20
    endloop
  endfacet
  facet normal 0 0 0
    outer loop
      vertex -51 -25.492462158203125 -20
      vertex -51 5.492456436157227 -20
      vertex -51 -25.492456436157227 -20
    endloop
  endfacet
  facet normal -1 0 0
    outer loop
      vertex -51 -25.492456436157227 -24.399999618530273
      vertex -51 -25.492456436157227 -20
      vertex -51 5.492456436157227 -20
    endloop
  endfacet
  facet normal -0.8944277596606861 0 -0.4472124581766098
    outer loop
      vertex -51 -25.492456436157227 -24.399999618530273
      vertex -51 5.492456436157227 -24.399999618530273
      vertex -50.70000076293945 -25.192455291748047 -25
    endloop
  endfacet
  facet normal -1 0 0
    outer loop
      vertex -51 -25.492456436157227 -24.399999618530273
      vertex -51 5.492456436157227 -20
      vertex -51 5.492456436157227 -24.399999618530273
    endloop
  endfacet
  facet normal -0.6837635999022496 -0.45584239993483305 -0.5698026376477807
    outer loop
      vertex -51 -25.492456436157227 -24.399999618530273
      vertex -50.70000076293945 -25.192455291748047 -25
      vertex -50.69999694824219 -25.192461013793945 -25
    endloop
  endfacet
  facet normal -0.9807854513687687 0.19508946251235745 0
    outer loop
      vertex -51 -14.607542991638184 -20
      vertex -51 -14.607542991638184 10
      vertex -50.80785369873047 -13.64155387878418 10
    endloop
  endfacet
  facet normal 0 0 1
    outer loop
      vertex -51 -14.607542991638184 -20
      vertex -50.80785369873047 -13.64155387878418 -20
      vertex -51 5.492456436157227 -20
    endloop
  endfacet
  facet normal -0.9807854513687687 0.19508946251235745 0
    outer loop
      vertex -51 -14.607542991638184 -20
      vertex -50.80785369873047 -13.64155387878418 10
      vertex -50.80785369873047 -13.64155387878418 -20
    endloop
  endfacet
  facet normal 0 0 1
    outer loop
      vertex -51 -14.607542991638184 10
      vertex -47.650001525878906 -15.16250991821289 10
      vertex -47.650001525878906 -14.83749008178711 10
    endloop
  endfacet
  facet normal 0 0 1
    outer loop
      vertex -51 -14.607542991638184 10
      vertex -47.650001525878906 -14.83749008178711 10
      vertex -50.80785369873047 -13.64155387878418 10
    endloop
  endfacet
  facet normal 0 0 1
    outer loop
      vertex -51 -14.607542991638184 10
      vertex -47.58658981323242 -15.481287002563477 10
      vertex -47.650001525878906 -15.16250991821289 10
    endloop
  endfacet
  facet normal 0 0 1
    outer loop
      vertex -51 -14.607542991638184 10
      vertex -47.46221160888672 -15.781567573547363 10
      vertex -47.58658981323242 -15.481287002563477 10
    endloop
  endfacet
  facet normal 0 0 1
    outer loop
      vertex -51 -14.607542991638184 10
      vertex -47.281639099121094 -16.05181312561035 10
      vertex -47.46221160888672 -15.781567573547363 10
    endloop
  endfacet
  facet normal 0 0 1
    outer loop
      vertex -51 -14.607542991638184 10
      vertex -47.05181121826172 -16.281639099121094 10
      vertex -47.281639099121094 -16.05181312561035 10
    endloop
  endfacet
  facet normal 0 0 1
    outer loop
      vertex -51 -14.607542991638184 10
      vertex -46.78156661987305 -44.53778839111328 10
      vertex -46.78156661987305 -16.46221160888672 10
    endloop
  endfacet
  facet normal 0 0 1
    outer loop
      vertex -51 -14.607542991638184 10
      vertex -46.78156661987305 -16.46221160888672 10
      vertex -47.05181121826172 -16.281639099121094 10
    endloop
  endfacet
  facet normal -0.9807854513687686 0.19508946251235743 0
    outer loop
      vertex -51 5.492456436157227 -24.399999618530273
      vertex -51 5.492456436157227 -20
      vertex -50.80785369873047 6.4584455490112305 -20
    endloop
  endfacet
  facet normal -0.8454808381553964 0.16817582484532162 -0.5068323630645977
    outer loop
      vertex -51 5.492456436157227 -24.399999618530273
      vertex -50.80785369873047 6.4584455490112305 -24.399999618530273
      vertex -50.507850646972656 6.158445358276367 -25
    endloop
  endfacet
  facet normal -0.9807854513687686 0.19508946251235743 0
    outer loop
      vertex -51 5.492456436157227 -24.399999618530273
      vertex -50.80785369873047 6.4584455490112305 -20
      vertex -50.80785369873047 6.4584455490112305 -24.399999618530273
    endloop
  endfacet
  facet normal -0.8944277596606861 0 -0.44721245817660976
    outer loop
      vertex -51 5.492456436157227 -24.399999618530273
      vertex -50.70000076293945 5.192456245422363 -25
      vertex -50.70000076293945 -25.192455291748047 -25
    endloop
  endfacet
  facet normal -0.8454819514939924 0.1681793851148278 -0.5068293244478943
    outer loop
      vertex -51 5.492456436157227 -24.399999618530273
      vertex -50.507850646972656 6.158445358276367 -25
      vertex -50.70000076293945 5.192456245422363 -25
    endloop
  endfacet
  facet normal 0 0 1
    outer loop
      vertex -51 5.492456436157227 -20
      vertex -50.80785369873047 -13.64155387878418 -20
      vertex -50.43094253540039 -12.731611251831055 -20
    endloop
  endfacet
  facet normal 0 0 1
    outer loop
      vertex -51 5.492456436157227 -20
      vertex -50.43094253540039 -12.731611251831055 -20
      vertex -49.883750915527344 -11.91268539428711 -20
    endloop
  endfacet
  facet normal 0 0 1
    outer loop
      vertex -51 5.492456436157227 -20
      vertex -50.43094253540039 7.368387222290039 -20
      vertex -50.80785369873047 6.4584455490112305 -20
    endloop
  endfacet
  facet normal 0 0 1
    outer loop
      vertex -51 5.492456436157227 -20
      vertex -49.883750915527344 -11.91268539428711 -20
      vertex -49.187313079833984 -11.216245651245117 -20
    endloop
  endfacet
  facet normal 0 0 1
    outer loop
      vertex -51 5.492456436157227 -20
      vertex -49.883750915527344 8.1873140335083 -20
      vertex -50.43094253540039 7.368387222290039 -20
    endloop
  endfacet
  facet normal 0 0 1
    outer loop
      vertex -51 5.492456436157227 -20
      vertex -49.187313079833984 -11.216245651245117 -20
      vertex -48.368385314941406 -10.66905689239502 -20
    endloop
  endfacet
  facet normal 0 0 1
    outer loop
      vertex -51 5.492456436157227 -20
      vertex -49.187313079833984 8.883752822875977 -20
      vertex -49.883750915527344 8.1873140335083 -20
    endloop
  endfacet
  facet normal 0 0 1
    outer loop
      vertex -51 5.492456436157227 -20
      vertex -48.368385314941406 -10.66905689239502 -20
      vertex -47.45844268798828 -10.292146682739258 -20
    endloop
  endfacet
  facet normal 0 0 1
    outer loop
      vertex -51 5.492456436157227 -20
      vertex -48.368385314941406 9.430941581726074 -20
      vertex -49.187313079833984 8.883752822875977 -20
    endloop
  endfacet
  facet normal 0 0 1
    outer loop
      vertex -51 5.492456436157227 -20
      vertex -47.45844650268555 9.807852745056152 -20
      vertex -48.368385314941406 9.430941581726074 -20
    endloop
  endfacet
  facet normal 0 0 1
    outer loop
      vertex -51 5.492456436157227 -20
      vertex -47.45844268798828 -10.292146682739258 -20
      vertex -42.53851318359375 -0.4667024612426758 -20
    endloop
  endfacet
  facet normal 0 0 1
    outer loop
      vertex -51 5.492456436157227 -20
      vertex -46.492454528808594 10 -20
      vertex -47.45844650268555 9.807852745056152 -20
    endloop
  endfacet
  facet normal 0 0 1
    outer loop
      vertex -51 5.492456436157227 -20
      vertex -42.599998474121094 -0.15758609771728516 -20
      vertex -42.599998474121094 0.15758609771728516 -20
    endloop
  endfacet
  facet normal 0 0 1
    outer loop
      vertex -51 5.492456436157227 -20
      vertex -42.599998474121094 0.15758609771728516 -20
      vertex -42.53851318359375 0.4667024612426758 -20
    endloop
  endfacet
  facet normal 0 0 1
    outer loop
      vertex -51 5.492456436157227 -20
      vertex -42.53851318359375 -0.4667024612426758 -20
      vertex -42.599998474121094 -0.15758609771728516 -20
    endloop
  endfacet
  facet normal 0 0 1
    outer loop
      vertex -51 5.492456436157227 -20
      vertex -42.53851318359375 0.4667024612426758 -20
      vertex -42.41790008544922 0.7578840255737305 -20
    endloop
  endfacet
  facet normal 0 0 1
    outer loop
      vertex -51 5.492456436157227 -20
      vertex -42.41790008544922 0.7578840255737305 -20
      vertex -42.242801666259766 1.0199403762817383 -20
    endloop
  endfacet
  facet normal 0 0 1
    outer loop
      vertex -51 5.492456436157227 -20
      vertex -42.242801666259766 1.0199403762817383 -20
      vertex -46.492454528808594 10 -20
    endloop
  endfacet
  facet normal -0.7734583683620759 -0.3203774444361225 -0.5469190484041074
    outer loop
      vertex -50.80785369873047 -47.45844268798828 -24.399999618530273
      vertex -50.507850646972656 -47.158447265625 -25
      vertex -50.43094253540039 -48.368385314941406 -24.399999618530273
    endloop
  endfacet
  facet normal -0.923879322060637 -0.3826839404375073 0
    outer loop
      vertex -50.80785369873047 -47.45844268798828 -24.399999618530273
      vertex -50.43094253540039 -48.368385314941406 -24.399999618530273
      vertex -50.80785369873047 -47.45844268798828 10
    endloop
  endfacet
  facet normal -0.923879322060637 -0.3826839404375073 0
    outer loop
      vertex -50.80785369873047 -47.45844268798828 10
      vertex -50.43094253540039 -48.368385314941406 -24.399999618530273
      vertex -50.43094253540039 -48.368385314941406 10
    endloop
  endfacet
  facet normal 0 0 1
    outer loop
      vertex -50.80785369873047 -47.45844268798828 10
      vertex -50.43094253540039 -48.368385314941406 10
      vertex -47.58658981323242 -46.481285095214844 10
    endloop
  endfacet
  facet normal 0 0 1
    outer loop
      vertex -50.80785369873047 -47.45844268798828 10
      vertex -47.58658981323242 -46.481285095214844 10
      vertex -47.650001525878906 -46.16250991821289 10
    endloop
  endfacet
  facet normal -0.923879322060637 0.3826839404375073 0
    outer loop
      vertex -50.80785369873047 -13.64155387878418 -20
      vertex -50.80785369873047 -13.64155387878418 10
      vertex -50.43094253540039 -12.731611251831055 10
    endloop
  endfacet
  facet normal -0.923879322060637 0.3826839404375073 0
    outer loop
      vertex -50.80785369873047 -13.64155387878418 -20
      vertex -50.43094253540039 -12.731611251831055 10
      vertex -50.43094253540039 -12.731611251831055 -20
    endloop
  endfacet
  facet normal 0 0 1
    outer loop
      vertex -50.80785369873047 -13.64155387878418 10
      vertex -47.650001525878906 -14.83749008178711 10
      vertex -47.58658981323242 -14.518712997436523 10
    endloop
  endfacet
  facet normal 0 0 1
    outer loop
      vertex -50.80785369873047 -13.64155387878418 10
      vertex -47.58658981323242 -14.518712997436523 10
      vertex -50.43094253540039 -12.731611251831055 10
    endloop
  endfacet
  facet normal -0.9238791802586291 0.3826842827771261 0
    outer loop
      vertex -50.80785369873047 6.4584455490112305 -24.399999618530273
      vertex -50.80785369873047 6.4584455490112305 -20
      vertex -50.43094253540039 7.368387222290039 -20
    endloop
  endfacet
  facet normal -0.773459432690083 0.320378221071448 -0.546917088273743
    outer loop
      vertex -50.80785369873047 6.4584455490112305 -24.399999618530273
      vertex -50.43094253540039 7.368387222290039 -24.399999618530273
      vertex -50.130943298339844 7.068387985229492 -25
    endloop
  endfacet
  facet normal -0.9238791802586291 0.3826842827771261 0
    outer loop
      vertex -50.80785369873047 6.4584455490112305 -24.399999618530273
      vertex -50.43094253540039 7.368387222290039 -20
      vertex -50.43094253540039 7.368387222290039 -24.399999618530273
    endloop
  endfacet
  facet normal -0.7734587806136659 0.3203743726722702 -0.5469202647794925
    outer loop
      vertex -50.80785369873047 6.4584455490112305 -24.399999618530273
      vertex -50.130943298339844 7.068387985229492 -25
      vertex -50.507850646972656 6.158445358276367 -25
    endloop
  endfacet
  facet normal 0 0 -1
    outer loop
      vertex -50.70000076293945 -25.192455291748047 -25
      vertex -50.70000076293945 5.192456245422363 -25
      vertex -49 -14.7045259475708 -25
    endloop
  endfacet
  facet normal 0 0 -1
    outer loop
      vertex -50.70000076293945 -25.192455291748047 -25
      vertex -49 -15.2954740524292 -25
      vertex -48.88471221923828 -15.875067710876465 -25
    endloop
  endfacet
  facet normal 0 0 -1
    outer loop
      vertex -50.70000076293945 -25.192455291748047 -25
      vertex -49 -14.7045259475708 -25
      vertex -49 -15.2954740524292 -25
    endloop
  endfacet
  facet normal 0 0 -1
    outer loop
      vertex -50.70000076293945 -25.192455291748047 -25
      vertex -48.88471221923828 -15.875067710876465 -25
      vertex -48.658565521240234 -16.421031951904297 -25
    endloop
  endfacet
  facet normal 0 0 -1
    outer loop
      vertex -50.70000076293945 -25.192455291748047 -25
      vertex -48.658565521240234 -16.421031951904297 -25
      vertex -48.33025360107422 -16.91238784790039 -25
    endloop
  endfacet
  facet normal 0 0 -1
    outer loop
      vertex -50.70000076293945 -25.192455291748047 -25
      vertex -48.33025360107422 -16.91238784790039 -25
      vertex -47.91238784790039 -17.330251693725586 -25
    endloop
  endfacet
  facet normal 0 0 -1
    outer loop
      vertex -50.70000076293945 -25.192455291748047 -25
      vertex -47.91238784790039 -17.330251693725586 -25
      vertex -47.4210319519043 -17.658565521240234 -25
    endloop
  endfacet
  facet normal 0 0 -1
    outer loop
      vertex -50.70000076293945 -25.192455291748047 -25
      vertex -47.4210319519043 -17.658565521240234 -25
      vertex -46.87506866455078 -17.88471221923828 -25
    endloop
  endfacet
  facet normal 0 0 -1
    outer loop
      vertex -50.70000076293945 -25.192455291748047 -25
      vertex -46.87506866455078 -17.88471221923828 -25
      vertex -46.295475006103516 -18 -25
    endloop
  endfacet
  facet normal 0 0 -1
    outer loop
      vertex -50.70000076293945 -25.192455291748047 -25
      vertex -46.295475006103516 -18 -25
      vertex -50.69999694824219 -25.192461013793945 -25
    endloop
  endfacet
  facet normal 0 0 -1
    outer loop
      vertex -50.70000076293945 5.192456245422363 -25
      vertex -50.507850646972656 6.158445358276367 -25
      vertex -50.130943298339844 7.068387985229492 -25
    endloop
  endfacet
  facet normal 0 0 -1
    outer loop
      vertex -50.70000076293945 5.192456245422363 -25
      vertex -50.130943298339844 7.068387985229492 -25
      vertex -49.58375549316406 7.8873138427734375 -25
    endloop
  endfacet
  facet normal 0 0 -1
    outer loop
      vertex -50.70000076293945 5.192456245422363 -25
      vertex -49.58375549316406 7.8873138427734375 -25
      vertex -48.88731384277344 8.58375358581543 -25
    endloop
  endfacet
  facet normal 0 0 -1
    outer loop
      vertex -50.70000076293945 5.192456245422363 -25
      vertex -48.88731384277344 8.58375358581543 -25
      vertex -48.068389892578125 9.130942344665527 -25
    endloop
  endfacet
  facet normal 0 0 -1
    outer loop
      vertex -50.70000076293945 5.192456245422363 -25
      vertex -48.88471221923828 -14.124932289123535 -25
      vertex -49 -14.7045259475708 -25
    endloop
  endfacet
  facet normal 0 0 -1
    outer loop
      vertex -50.70000076293945 5.192456245422363 -25
      vertex -48.658565521240234 -13.578968048095703 -25
      vertex -48.88471221923828 -14.124932289123535 -25
    endloop
  endfacet
  facet normal 0 0 -1
    outer loop
      vertex -50.70000076293945 5.192456245422363 -25
      vertex -48.33025360107422 -13.08761215209961 -25
      vertex -48.658565521240234 -13.578968048095703 -25
    endloop
  endfacet
  facet normal 0 0 -1
    outer loop
      vertex -50.70000076293945 5.192456245422363 -25
      vertex -48.068389892578125 9.130942344665527 -25
      vertex -47.158447265625 9.507852554321289 -25
    endloop
  endfacet
  facet normal 0 0 -1
    outer loop
      vertex -50.70000076293945 5.192456245422363 -25
      vertex -47.91238784790039 -12.669748306274414 -25
      vertex -48.33025360107422 -13.08761215209961 -25
    endloop
  endfacet
  facet normal 0 0 -1
    outer loop
      vertex -50.70000076293945 5.192456245422363 -25
      vertex -47.4210319519043 -12.341435432434082 -25
      vertex -47.91238784790039 -12.669748306274414 -25
    endloop
  endfacet
  facet normal 0 0 -1
    outer loop
      vertex -50.70000076293945 5.192456245422363 -25
      vertex -47.158447265625 9.507852554321289 -25
      vertex -46.19245529174805 9.699999809265137 -25
    endloop
  endfacet
  facet normal 0 0 -1
    outer loop
      vertex -50.70000076293945 5.192456245422363 -25
      vertex -46.19245529174805 9.699999809265137 -25
      vertex -42.242801666259766 1.0199403762817383 -25
    endloop
  endfacet
  facet normal 0 0 -1
    outer loop
      vertex -50.70000076293945 5.192456245422363 -25
      vertex -42.599998474121094 -0.15758609771728516 -25
      vertex -42.53851318359375 -0.4667024612426758 -25
    endloop
  endfacet
  facet normal 0 0 -1
    outer loop
      vertex -50.70000076293945 5.192456245422363 -25
      vertex -42.599998474121094 0.15758609771728516 -25
      vertex -42.599998474121094 -0.15758609771728516 -25
    endloop
  endfacet
  facet normal 0 0 -1
    outer loop
      vertex -50.70000076293945 5.192456245422363 -25
      vertex -42.53851318359375 -0.4667024612426758 -25
      vertex -47.4210319519043 -12.341435432434082 -25
    endloop
  endfacet
  facet normal 0 0 -1
    outer loop
      vertex -50.70000076293945 5.192456245422363 -25
      vertex -42.53851318359375 0.4667024612426758 -25
      vertex -42.599998474121094 0.15758609771728516 -25
    endloop
  endfacet
  facet normal 0 0 -1
    outer loop
      vertex -50.70000076293945 5.192456245422363 -25
      vertex -42.41790008544922 0.7578840255737305 -25
      vertex -42.53851318359375 0.4667024612426758 -25
    endloop
  endfacet
  facet normal 0 0 -1
    outer loop
      vertex -50.70000076293945 5.192456245422363 -25
      vertex -42.242801666259766 1.0199403762817383 -25
      vertex -42.41790008544922 0.7578840255737305 -25
    endloop
  endfacet
  facet normal 0 0 -1
    outer loop
      vertex -50.69999694824219 -46.19245529174805 -25
      vertex -50.69999694824219 -25.192461013793945 -25
      vertex -48.33025360107422 -44.08761215209961 -25
    endloop
  endfacet
  facet normal 0 0 -1
    outer loop
      vertex -50.69999694824219 -46.19245529174805 -25
      vertex -49 -46.295475006103516 -25
      vertex -50.507850646972656 -47.158447265625 -25
    endloop
  endfacet
  facet normal 0 0 -1
    outer loop
      vertex -50.69999694824219 -46.19245529174805 -25
      vertex -49 -45.704524993896484 -25
      vertex -49 -46.295475006103516 -25
    endloop
  endfacet
  facet normal 0 0 -1
    outer loop
      vertex -50.69999694824219 -46.19245529174805 -25
      vertex -48.88471221923828 -45.12493133544922 -25
      vertex -49 -45.704524993896484 -25
    endloop
  endfacet
  facet normal 0 0 -1
    outer loop
      vertex -50.69999694824219 -46.19245529174805 -25
      vertex -48.658565521240234 -44.5789680480957 -25
      vertex -48.88471221923828 -45.12493133544922 -25
    endloop
  endfacet
  facet normal 0 0 -1
    outer loop
      vertex -50.69999694824219 -46.19245529174805 -25
      vertex -48.33025360107422 -44.08761215209961 -25
      vertex -48.658565521240234 -44.5789680480957 -25
    endloop
  endfacet
  facet normal 0 0 -1
    outer loop
      vertex -50.69999694824219 -25.192461013793945 -25
      vertex -47.91238784790039 -43.66974639892578 -25
      vertex -48.33025360107422 -44.08761215209961 -25
    endloop
  endfacet
  facet normal 0 0 -1
    outer loop
      vertex -50.69999694824219 -25.192461013793945 -25
      vertex -47.4210319519043 -43.341434478759766 -25
      vertex -47.91238784790039 -43.66974639892578 -25
    endloop
  endfacet
  facet normal 0 0 -1
    outer loop
      vertex -50.69999694824219 -25.192461013793945 -25
      vertex -46.295475006103516 -18 -25
      vertex -45.704524993896484 -18 -25
    endloop
  endfacet
  facet normal 0 0 -1
    outer loop
      vertex -50.69999694824219 -25.192461013793945 -25
      vertex -45.704524993896484 -18 -25
      vertex -45.12493133544922 -17.88471221923828 -25
    endloop
  endfacet
  facet normal 0 0 -1
    outer loop
      vertex -50.69999694824219 -25.192461013793945 -25
      vertex -45.12493133544922 -17.88471221923828 -25
      vertex -42.400001525878906 -31.084609985351562 -25
    endloop
  endfacet
  facet normal 0 0 -1
    outer loop
      vertex -50.69999694824219 -25.192461013793945 -25
      vertex -42.400001525878906 -31.084609985351562 -25
      vertex -42.285396575927734 -32.248199462890625 -25
    endloop
  endfacet
  facet normal 0 0 -1
    outer loop
      vertex -50.69999694824219 -25.192461013793945 -25
      vertex -42.285396575927734 -32.248199462890625 -25
      vertex -47.4210319519043 -43.341434478759766 -25
    endloop
  endfacet
  facet normal -0.7734604593393938 -0.32037641111186815 -0.5469166966198535
    outer loop
      vertex -50.507850646972656 -47.158447265625 -25
      vertex -50.130943298339844 -48.06838607788086 -25
      vertex -50.43094253540039 -48.368385314941406 -24.399999618530273
    endloop
  endfacet
  facet normal 0 0 -1
    outer loop
      vertex -50.507850646972656 -47.158447265625 -25
      vertex -49 -46.295475006103516 -25
      vertex -48.88471221923828 -46.87506866455078 -25
    endloop
  endfacet
  facet normal 0 0 -1
    outer loop
      vertex -50.507850646972656 -47.158447265625 -25
      vertex -48.88471221923828 -46.87506866455078 -25
      vertex -50.130943298339844 -48.06838607788086 -25
    endloop
  endfacet
  facet normal -0.6832400122383818 -0.45652770010532195 -0.5698820445610138
    outer loop
      vertex -50.43094253540039 -48.368385314941406 -24.399999618530273
      vertex -50.130943298339844 -48.06838607788086 -25
      vertex -49.5837516784668 -48.88731384277344 -25
    endloop
  endfacet
  facet normal -0.8314688706159071 -0.5555713430304949 0
    outer loop
      vertex -50.43094253540039 -48.368385314941406 -24.399999618530273
      vertex -49.883750915527344 -49.187313079833984 -24.399999618530273
      vertex -50.43094253540039 -48.368385314941406 10
    endloop
  endfacet
  facet normal -0.6832400122383818 -0.45652770010532195 -0.5698820445610138
    outer loop
      vertex -50.43094253540039 -48.368385314941406 -24.399999618530273
      vertex -49.5837516784668 -48.88731384277344 -25
      vertex -49.883750915527344 -49.187313079833984 -24.399999618530273
    endloop
  endfacet
  facet normal -0.8314688706159071 -0.5555713430304949 0
    outer loop
      vertex -50.43094253540039 -48.368385314941406 10
      vertex -49.883750915527344 -49.187313079833984 -24.399999618530273
      vertex -49.883750915527344 -49.187313079833984 10
    endloop
  endfacet
  facet normal 0 0 1
    outer loop
      vertex -50.43094253540039 -48.368385314941406 10
      vertex -49.883750915527344 -49.187313079833984 10
      vertex -47.46221160888672 -46.78156661987305 10
    endloop
  endfacet
  facet normal 0 0 1
    outer loop
      vertex -50.43094253540039 -48.368385314941406 10
      vertex -47.46221160888672 -46.78156661987305 10
      vertex -47.58658981323242 -46.481285095214844 10
    endloop
  endfacet
  facet normal -0.8314682728774442 0.5555722376056961 0
    outer loop
      vertex -50.43094253540039 -12.731611251831055 -20
      vertex -50.43094253540039 -12.731611251831055 10
      vertex -49.883750915527344 -11.91268539428711 10
    endloop
  endfacet
  facet normal -0.8314682728774442 0.5555722376056961 0
    outer loop
      vertex -50.43094253540039 -12.731611251831055 -20
      vertex -49.883750915527344 -11.91268539428711 10
      vertex -49.883750915527344 -11.91268539428711 -20
    endloop
  endfacet
  facet normal 0 0 1
    outer loop
      vertex -50.43094253540039 -12.731611251831055 10
      vertex -47.58658981323242 -14.518712997436523 10
      vertex -47.46221160888672 -14.218432426452637 10
    endloop
  endfacet
  facet normal 0 0 1
    outer loop
      vertex -50.43094253540039 -12.731611251831055 10
      vertex -47.46221160888672 -14.218432426452637 10
      vertex -49.883750915527344 -11.91268539428711 10
    endloop
  endfacet
  facet normal -0.8314685717470366 0.5555717903178158 0
    outer loop
      vertex -50.43094253540039 7.368387222290039 -24.399999618530273
      vertex -50.43094253540039 7.368387222290039 -20
      vertex -49.883750915527344 8.1873140335083 -20
    endloop
  endfacet
  facet normal -0.6832397429065621 0.4565280517883096 -0.5698820857364668
    outer loop
      vertex -50.43094253540039 7.368387222290039 -24.399999618530273
      vertex -49.883750915527344 8.1873140335083 -24.399999618530273
      vertex -50.130943298339844 7.068387985229492 -25
    endloop
  endfacet
  facet normal -0.8314685717470366 0.5555717903178158 0
    outer loop
      vertex -50.43094253540039 7.368387222290039 -24.399999618530273
      vertex -49.883750915527344 8.1873140335083 -20
      vertex -49.883750915527344 8.1873140335083 -24.399999618530273
    endloop
  endfacet
  facet normal 0 0 -1
    outer loop
      vertex -50.130943298339844 -48.06838607788086 -25
      vertex -48.88471221923828 -46.87506866455078 -25
      vertex -48.658565521240234 -47.4210319519043 -25
    endloop
  endfacet
  facet normal 0 0 -1
    outer loop
      vertex -50.130943298339844 -48.06838607788086 -25
      vertex -48.658565521240234 -47.4210319519043 -25
      vertex -49.5837516784668 -48.88731384277344 -25
    endloop
  endfacet
  facet normal -0.6832424947512095 0.4565272395073656 -0.569879437209247
    outer loop
      vertex -50.130943298339844 7.068387985229492 -25
      vertex -49.883750915527344 8.1873140335083 -24.399999618530273
      vertex -49.58375549316406 7.8873138427734375 -25
    endloop
  endfacet
  facet normal -0.577350880971596 -0.577350880971596 -0.5773490456237405
    outer loop
      vertex -49.883750915527344 -49.187313079833984 -24.399999618530273
      vertex -49.5837516784668 -48.88731384277344 -25
      vertex -48.88731384277344 -49.5837516784668 -25
    endloop
  endfacet
  facet normal -0.7071067811865475 -0.7071067811865475 0
    outer loop
      vertex -49.883750915527344 -49.187313079833984 -24.399999618530273
      vertex -49.187313079833984 -49.883750915527344 -24.399999618530273
      vertex -49.883750915527344 -49.187313079833984 10
    endloop
  endfacet
  facet normal -0.577350880971596 -0.577350880971596 -0.5773490456237405
    outer loop
      vertex -49.883750915527344 -49.187313079833984 -24.399999618530273
      vertex -48.88731384277344 -49.5837516784668 -25
      vertex -49.187313079833984 -49.883750915527344 -24.399999618530273
    endloop
  endfacet
  facet normal -0.7071067811865475 -0.7071067811865475 0
    outer loop
      vertex -49.883750915527344 -49.187313079833984 10
      vertex -49.187313079833984 -49.883750915527344 -24.399999618530273
      vertex -49.187313079833984 -49.883750915527344 10
    endloop
  endfacet
  facet normal 0 0 1
    outer loop
      vertex -49.883750915527344 -49.187313079833984 10
      vertex -49.187313079833984 -49.883750915527344 10
      vertex -47.281639099121094 -47.05181121826172 10
    endloop
  endfacet
  facet normal 0 0 1
    outer loop
      vertex -49.883750915527344 -49.187313079833984 10
      vertex -47.281639099121094 -47.05181121826172 10
      vertex -47.46221160888672 -46.78156661987305 10
    endloop
  endfacet
  facet normal -0.7071077494685053 0.7071058129032638 0
    outer loop
      vertex -49.883750915527344 -11.91268539428711 -20
      vertex -49.883750915527344 -11.91268539428711 10
      vertex -49.187313079833984 -11.216245651245117 10
    endloop
  endfacet
  facet normal -0.7071077494685053 0.7071058129032638 0
    outer loop
      vertex -49.883750915527344 -11.91268539428711 -20
      vertex -49.187313079833984 -11.216245651245117 10
      vertex -49.187313079833984 -11.216245651245117 -20
    endloop
  endfacet
  facet normal 0 0 1
    outer loop
      vertex -49.883750915527344 -11.91268539428711 10
      vertex -47.46221160888672 -14.218432426452637 10
      vertex -47.281639099121094 -13.948186874389648 10
    endloop
  endfacet
  facet normal 0 0 1
    outer loop
      vertex -49.883750915527344 -11.91268539428711 10
      vertex -47.281639099121094 -13.948186874389648 10
      vertex -49.187313079833984 -11.216245651245117 10
    endloop
  endfacet
  facet normal -0.7071072653280236 0.7071062970447398 0
    outer loop
      vertex -49.883750915527344 8.1873140335083 -24.399999618530273
      vertex -49.883750915527344 8.1873140335083 -20
      vertex -49.187313079833984 8.883752822875977 -20
    endloop
  endfacet
  facet normal -0.5773521939465508 0.5773514033444659 -0.5773472102654349
    outer loop
      vertex -49.883750915527344 8.1873140335083 -24.399999618530273
      vertex -49.187313079833984 8.883752822875977 -24.399999618530273
      vertex -49.58375549316406 7.8873138427734375 -25
    endloop
  endfacet
  facet normal -0.7071072653280236 0.7071062970447398 0
    outer loop
      vertex -49.883750915527344 8.1873140335083 -24.399999618530273
      vertex -49.187313079833984 8.883752822875977 -20
      vertex -49.187313079833984 8.883752822875977 -24.399999618530273
    endloop
  endfacet
  facet normal -0.5773500903731135 0.577351671569357 -0.5773490456233796
    outer loop
      vertex -49.58375549316406 7.8873138427734375 -25
      vertex -49.187313079833984 8.883752822875977 -24.399999618530273
      vertex -48.88731384277344 8.58375358581543 -25
    endloop
  endfacet
  facet normal 0 0 -1
    outer loop
      vertex -49.5837516784668 -48.88731384277344 -25
      vertex -48.658565521240234 -47.4210319519043 -25
      vertex -48.33025360107422 -47.91238784790039 -25
    endloop
  endfacet
  facet normal 0 0 -1
    outer loop
      vertex -49.5837516784668 -48.88731384277344 -25
      vertex -48.33025360107422 -47.91238784790039 -25
      vertex -48.88731384277344 -49.5837516784668 -25
    endloop
  endfacet
  facet normal -0.45652770010532195 -0.6832400122383818 -0.5698820445610138
    outer loop
      vertex -49.187313079833984 -49.883750915527344 -24.399999618530273
      vertex -48.88731384277344 -49.5837516784668 -25
      vertex -48.368385314941406 -50.43094253540039 -24.399999618530273
    endloop
  endfacet
  facet normal -0.5555713430304949 -0.8314688706159071 0
    outer loop
      vertex -49.187313079833984 -49.883750915527344 -24.399999618530273
      vertex -48.368385314941406 -50.43094253540039 -24.399999618530273
      vertex -48.368385314941406 -50.43094253540039 10
    endloop
  endfacet
  facet normal -0.5555713430304949 -0.8314688706159071 0
    outer loop
      vertex -49.187313079833984 -49.883750915527344 -24.399999618530273
      vertex -48.368385314941406 -50.43094253540039 10
      vertex -49.187313079833984 -49.883750915527344 10
    endloop
  endfacet
  facet normal 0 0 1
    outer loop
      vertex -49.187313079833984 -49.883750915527344 10
      vertex -48.368385314941406 -50.43094253540039 10
      vertex -47.05181121826172 -47.281639099121094 10
    endloop
  endfacet
  facet normal 0 0 1
    outer loop
      vertex -49.187313079833984 -49.883750915527344 10
      vertex -47.05181121826172 -47.281639099121094 10
      vertex -47.281639099121094 -47.05181121826172 10
    endloop
  endfacet
  facet normal -0.5555693347943472 0.8314702124767709 0
    outer loop
      vertex -49.187313079833984 -11.216245651245117 -20
      vertex -49.187313079833984 -11.216245651245117 10
      vertex -48.368385314941406 -10.66905689239502 -20
    endloop
  endfacet
  facet normal -0.5555693347943472 0.8314702124767709 0
    outer loop
      vertex -49.187313079833984 -11.216245651245117 10
      vertex -48.368385314941406 -10.66905689239502 10
      vertex -48.368385314941406 -10.66905689239502 -20
    endloop
  endfacet
  facet normal 0 0 1
    outer loop
      vertex -49.187313079833984 -11.216245651245117 10
      vertex -47.281639099121094 -13.948186874389648 10
      vertex -47.05181121826172 -13.718361854553223 10
    endloop
  endfacet
  facet normal 0 0 1
    outer loop
      vertex -49.187313079833984 -11.216245651245117 10
      vertex -47.05181121826172 -13.718361854553223 10
      vertex -48.368385314941406 -10.66905689239502 10
    endloop
  endfacet
  facet normal -0.5555693347943472 0.8314702124767709 0
    outer loop
      vertex -49.187313079833984 8.883752822875977 -24.399999618530273
      vertex -49.187313079833984 8.883752822875977 -20
      vertex -48.368385314941406 9.430941581726074 -24.399999618530273
    endloop
  endfacet
  facet normal -0.4565268762498694 0.6832423516271755 -0.5698798998074099
    outer loop
      vertex -49.187313079833984 8.883752822875977 -24.399999618530273
      vertex -48.368385314941406 9.430941581726074 -24.399999618530273
      vertex -48.068389892578125 9.130942344665527 -25
    endloop
  endfacet
  facet normal -0.456527527848742 0.6832401441587576 -0.5698820243929759
    outer loop
      vertex -49.187313079833984 8.883752822875977 -24.399999618530273
      vertex -48.068389892578125 9.130942344665527 -25
      vertex -48.88731384277344 8.58375358581543 -25
    endloop
  endfacet
  facet normal -0.5555693347943472 0.8314702124767709 0
    outer loop
      vertex -49.187313079833984 8.883752822875977 -20
      vertex -48.368385314941406 9.430941581726074 -20
      vertex -48.368385314941406 9.430941581726074 -24.399999618530273
    endloop
  endfacet
  facet normal 0.9807854636530015 0.19508940075505646 0
    outer loop
      vertex -49 -46.295475006103516 -25
      vertex -49 -46.295475006103516 6
      vertex -48.88471221923828 -46.87506866455078 6
    endloop
  endfacet
  facet normal 1 0 0
    outer loop
      vertex -49 -46.295475006103516 -25
      vertex -49 -45.704524993896484 -25
      vertex -49 -46.295475006103516 6
    endloop
  endfacet
  facet normal 0.9807854636530015 0.19508940075505646 0
    outer loop
      vertex -49 -46.295475006103516 -25
      vertex -48.88471221923828 -46.87506866455078 6
      vertex -48.88471221923828 -46.87506866455078 -25
    endloop
  endfacet
  facet normal 1 0 0
    outer loop
      vertex -49 -46.295475006103516 6
      vertex -49 -45.704524993896484 -25
      vertex -49 -45.704524993896484 6
    endloop
  endfacet
  facet normal 0 0 -1
    outer loop
      vertex -49 -46.295475006103516 6
      vertex -49 -45.704524993896484 6
      vertex -47.650001525878906 -45.83749008178711 6
    endloop
  endfacet
  facet normal 0 0 -1
    outer loop
      vertex -49 -46.295475006103516 6
      vertex -47.650001525878906 -46.16250991821289 6
      vertex -48.88471221923828 -46.87506866455078 6
    endloop
  endfacet
  facet normal 0 0 -1
    outer loop
      vertex -49 -46.295475006103516 6
      vertex -47.650001525878906 -45.83749008178711 6
      vertex -47.650001525878906 -46.16250991821289 6
    endloop
  endfacet
  facet normal 0.9807854636530015 -0.19508940075505646 0
    outer loop
      vertex -49 -45.704524993896484 -25
      vertex -48.88471221923828 -45.12493133544922 -25
      vertex -49 -45.704524993896484 6
    endloop
  endfacet
  facet normal 0.9807854636530015 -0.19508940075505646 0
    outer loop
      vertex -49 -45.704524993896484 6
      vertex -48.88471221923828 -45.12493133544922 -25
      vertex -48.88471221923828 -45.12493133544922 6
    endloop
  endfacet
  facet normal 0 0 -1
    outer loop
      vertex -49 -45.704524993896484 6
      vertex -48.88471221923828 -45.12493133544922 6
      vertex -47.650001525878906 -45.83749008178711 6
    endloop
  endfacet
  facet normal 0.9807854636530015 0.19508940075505646 0
    outer loop
      vertex -49 -15.2954740524292 -25
      vertex -49 -15.2954740524292 6
      vertex -48.88471221923828 -15.875067710876465 6
    endloop
  endfacet
  facet normal 1 0 0
    outer loop
      vertex -49 -15.2954740524292 -25
      vertex -49 -14.7045259475708 -25
      vertex -49 -15.2954740524292 6
    endloop
  endfacet
  facet normal 0.9807854636530015 0.19508940075505646 0
    outer loop
      vertex -49 -15.2954740524292 -25
      vertex -48.88471221923828 -15.875067710876465 6
      vertex -48.88471221923828 -15.875067710876465 -25
    endloop
  endfacet
  facet normal 1 0 0
    outer loop
      vertex -49 -15.2954740524292 6
      vertex -49 -14.7045259475708 -25
      vertex -49 -14.7045259475708 6
    endloop
  endfacet
  facet normal 0 0 -1
    outer loop
      vertex -49 -15.2954740524292 6
      vertex -49 -14.7045259475708 6
      vertex -47.650001525878906 -14.83749008178711 6
    endloop
  endfacet
  facet normal 0 0 -1
    outer loop
      vertex -49 -15.2954740524292 6
      vertex -47.650001525878906 -15.16250991821289 6
      vertex -48.88471221923828 -15.875067710876465 6
    endloop
  endfacet
  facet normal 0 0 -1
    outer loop
      vertex -49 -15.2954740524292 6
      vertex -47.650001525878906 -14.83749008178711 6
      vertex -47.650001525878906 -15.16250991821289 6
    endloop
  endfacet
  facet normal 0.9807854636530015 -0.19508940075505646 0
    outer loop
      vertex -49 -14.7045259475708 -25
      vertex -48.88471221923828 -14.124932289123535 -25
      vertex -49 -14.7045259475708 6
    endloop
  endfacet
  facet normal 0.9807854636530015 -0.19508940075505646 0
    outer loop
      vertex -49 -14.7045259475708 6
      vertex -48.88471221923828 -14.124932289123535 -25
      vertex -48.88471221923828 -14.124932289123535 6
    endloop
  endfacet
  facet normal 0 0 -1
    outer loop
      vertex -49 -14.7045259475708 6
      vertex -48.88471221923828 -14.124932289123535 6
      vertex -47.650001525878906 -14.83749008178711 6
    endloop
  endfacet
  facet normal 0 0 -1
    outer loop
      vertex -48.88731384277344 -49.5837516784668 -25
      vertex -48.33025360107422 -47.91238784790039 -25
      vertex -47.91238784790039 -48.33025360107422 -25
    endloop
  endfacet
  facet normal -0.45652770010532195 -0.6832400122383818 -0.5698820445610138
    outer loop
      vertex -48.88731384277344 -49.5837516784668 -25
      vertex -48.06838607788086 -50.130943298339844 -25
      vertex -48.368385314941406 -50.43094253540039 -24.399999618530273
    endloop
  endfacet
  facet normal 0 0 -1
    outer loop
      vertex -48.88731384277344 -49.5837516784668 -25
      vertex -47.91238784790039 -48.33025360107422 -25
      vertex -47.4210319519043 -48.658565521240234 -25
    endloop
  endfacet
  facet normal 0 0 -1
    outer loop
      vertex -48.88731384277344 -49.5837516784668 -25
      vertex -47.4210319519043 -48.658565521240234 -25
      vertex -48.06838607788086 -50.130943298339844 -25
    endloop
  endfacet
  facet normal 0.9238787548503221 0.3826853097993421 0
    outer loop
      vertex -48.88471221923828 -46.87506866455078 -25
      vertex -48.88471221923828 -46.87506866455078 6
      vertex -48.658565521240234 -47.4210319519043 6
    endloop
  endfacet
  facet normal 0.9238787548503221 0.3826853097993421 0
    outer loop
      vertex -48.88471221923828 -46.87506866455078 -25
      vertex -48.658565521240234 -47.4210319519043 6
      vertex -48.658565521240234 -47.4210319519043 -25
    endloop
  endfacet
  facet normal 0 0 -1
    outer loop
      vertex -48.88471221923828 -46.87506866455078 6
      vertex -47.650001525878906 -46.16250991821289 6
      vertex -47.58658981323242 -46.481285095214844 6
    endloop
  endfacet
  facet normal 0 0 -1
    outer loop
      vertex -48.88471221923828 -46.87506866455078 6
      vertex -47.58658981323242 -46.481285095214844 6
      vertex -48.658565521240234 -47.4210319519043 6
    endloop
  endfacet
  facet normal 0.9238787548503221 -0.3826853097993421 0
    outer loop
      vertex -48.88471221923828 -45.12493133544922 -25
      vertex -48.658565521240234 -44.5789680480957 -25
      vertex -48.88471221923828 -45.12493133544922 6
    endloop
  endfacet
  facet normal 0.9238787548503221 -0.3826853097993421 0
    outer loop
      vertex -48.88471221923828 -45.12493133544922 6
      vertex -48.658565521240234 -44.5789680480957 -25
      vertex -48.658565521240234 -44.5789680480957 6
    endloop
  endfacet
  facet normal 0 0 -1
    outer loop
      vertex -48.88471221923828 -45.12493133544922 6
      vertex -48.658565521240234 -44.5789680480957 6
      vertex -47.58658981323242 -45.518714904785156 6
    endloop
  endfacet
  facet normal 0 0 -1
    outer loop
      vertex -48.88471221923828 -45.12493133544922 6
      vertex -47.58658981323242 -45.518714904785156 6
      vertex -47.650001525878906 -45.83749008178711 6
    endloop
  endfacet
  facet normal 0.9238789911886933 0.38268473923082214 0
    outer loop
      vertex -48.88471221923828 -15.875067710876465 -25
      vertex -48.88471221923828 -15.875067710876465 6
      vertex -48.658565521240234 -16.421031951904297 6
    endloop
  endfacet
  facet normal 0.9238789911886933 0.38268473923082214 0
    outer loop
      vertex -48.88471221923828 -15.875067710876465 -25
      vertex -48.658565521240234 -16.421031951904297 6
      vertex -48.658565521240234 -16.421031951904297 -25
    endloop
  endfacet
  facet normal 0 0 -1
    outer loop
      vertex -48.88471221923828 -15.875067710876465 6
      vertex -47.650001525878906 -15.16250991821289 6
      vertex -47.58658981323242 -15.481287002563477 6
    endloop
  endfacet
  facet normal 0 0 -1
    outer loop
      vertex -48.88471221923828 -15.875067710876465 6
      vertex -47.58658981323242 -15.481287002563477 6
      vertex -48.658565521240234 -16.421031951904297 6
    endloop
  endfacet
  facet normal 0.9238789911886933 -0.38268473923082214 0
    outer loop
      vertex -48.88471221923828 -14.124932289123535 -25
      vertex -48.658565521240234 -13.578968048095703 -25
      vertex -48.88471221923828 -14.124932289123535 6
    endloop
  endfacet
  facet normal 0.9238789911886933 -0.38268473923082214 0
    outer loop
      vertex -48.88471221923828 -14.124932289123535 6
      vertex -48.658565521240234 -13.578968048095703 -25
      vertex -48.658565521240234 -13.578968048095703 6
    endloop
  endfacet
  facet normal 0 0 -1
    outer loop
      vertex -48.88471221923828 -14.124932289123535 6
      vertex -48.658565521240234 -13.578968048095703 6
      vertex -47.58658981323242 -14.518712997436523 6
    endloop
  endfacet
  facet normal 0 0 -1
    outer loop
      vertex -48.88471221923828 -14.124932289123535 6
      vertex -47.58658981323242 -14.518712997436523 6
      vertex -47.650001525878906 -14.83749008178711 6
    endloop
  endfacet
  facet normal 0.8314708576579628 0.5555683692089854 0
    outer loop
      vertex -48.658565521240234 -47.4210319519043 -25
      vertex -48.658565521240234 -47.4210319519043 6
      vertex -48.33025360107422 -47.91238784790039 6
    endloop
  endfacet
  facet normal 0.8314708576579628 0.5555683692089854 0
    outer loop
      vertex -48.658565521240234 -47.4210319519043 -25
      vertex -48.33025360107422 -47.91238784790039 6
      vertex -48.33025360107422 -47.91238784790039 -25
    endloop
  endfacet
  facet normal 0 0 -1
    outer loop
      vertex -48.658565521240234 -47.4210319519043 6
      vertex -47.58658981323242 -46.481285095214844 6
      vertex -47.46221160888672 -46.78156661987305 6
    endloop
  endfacet
  facet normal 0 0 -1
    outer loop
      vertex -48.658565521240234 -47.4210319519043 6
      vertex -47.46221160888672 -46.78156661987305 6
      vertex -48.33025360107422 -47.91238784790039 6
    endloop
  endfacet
  facet normal 0.8314708576579628 -0.5555683692089854 0
    outer loop
      vertex -48.658565521240234 -44.5789680480957 -25
      vertex -48.33025360107422 -44.08761215209961 -25
      vertex -48.658565521240234 -44.5789680480957 6
    endloop
  endfacet
  facet normal 0.8314708576579628 -0.5555683692089854 0
    outer loop
      vertex -48.658565521240234 -44.5789680480957 6
      vertex -48.33025360107422 -44.08761215209961 -25
      vertex -48.33025360107422 -44.08761215209961 6
    endloop
  endfacet
  facet normal 0 0 -1
    outer loop
      vertex -48.658565521240234 -44.5789680480957 6
      vertex -48.33025360107422 -44.08761215209961 6
      vertex -47.46221160888672 -45.21843338012695 6
    endloop
  endfacet
  facet normal 0 0 -1
    outer loop
      vertex -48.658565521240234 -44.5789680480957 6
      vertex -47.46221160888672 -45.21843338012695 6
      vertex -47.58658981323242 -45.518714904785156 6
    endloop
  endfacet
  facet normal 0.8314708576579628 0.5555683692089854 0
    outer loop
      vertex -48.658565521240234 -16.421031951904297 -25
      vertex -48.658565521240234 -16.421031951904297 6
      vertex -48.33025360107422 -16.91238784790039 6
    endloop
  endfacet
  facet normal 0.8314708576579628 0.5555683692089854 0
    outer loop
      vertex -48.658565521240234 -16.421031951904297 -25
      vertex -48.33025360107422 -16.91238784790039 6
      vertex -48.33025360107422 -16.91238784790039 -25
    endloop
  endfacet
  facet normal 0 0 -1
    outer loop
      vertex -48.658565521240234 -16.421031951904297 6
      vertex -47.58658981323242 -15.481287002563477 6
      vertex -47.46221160888672 -15.781567573547363 6
    endloop
  endfacet
  facet normal 0 0 -1
    outer loop
      vertex -48.658565521240234 -16.421031951904297 6
      vertex -47.46221160888672 -15.781567573547363 6
      vertex -48.33025360107422 -16.91238784790039 6
    endloop
  endfacet
  facet normal 0.8314708576579628 -0.5555683692089854 0
    outer loop
      vertex -48.658565521240234 -13.578968048095703 -25
      vertex -48.33025360107422 -13.08761215209961 -25
      vertex -48.658565521240234 -13.578968048095703 6
    endloop
  endfacet
  facet normal 0.8314708576579628 -0.5555683692089854 0
    outer loop
      vertex -48.658565521240234 -13.578968048095703 6
      vertex -48.33025360107422 -13.08761215209961 -25
      vertex -48.33025360107422 -13.08761215209961 6
    endloop
  endfacet
  facet normal 0 0 -1
    outer loop
      vertex -48.658565521240234 -13.578968048095703 6
      vertex -48.33025360107422 -13.08761215209961 6
      vertex -47.46221160888672 -14.218432426452637 6
    endloop
  endfacet
  facet normal 0 0 -1
    outer loop
      vertex -48.658565521240234 -13.578968048095703 6
      vertex -47.46221160888672 -14.218432426452637 6
      vertex -47.58658981323242 -14.518712997436523 6
    endloop
  endfacet
  facet normal -0.32037641111186815 -0.7734604593393938 -0.5469166966198535
    outer loop
      vertex -48.368385314941406 -50.43094253540039 -24.399999618530273
      vertex -48.06838607788086 -50.130943298339844 -25
      vertex -47.158447265625 -50.507850646972656 -25
    endloop
  endfacet
  facet normal -0.3826839404375073 -0.923879322060637 0
    outer loop
      vertex -48.368385314941406 -50.43094253540039 -24.399999618530273
      vertex -47.45844268798828 -50.80785369873047 -24.399999618530273
      vertex -47.45844268798828 -50.80785369873047 10
    endloop
  endfacet
  facet normal -0.3826839404375073 -0.923879322060637 0
    outer loop
      vertex -48.368385314941406 -50.43094253540039 -24.399999618530273
      vertex -47.45844268798828 -50.80785369873047 10
      vertex -48.368385314941406 -50.43094253540039 10
    endloop
  endfacet
  facet normal -0.3203774444361225 -0.7734583683620759 -0.5469190484041074
    outer loop
      vertex -48.368385314941406 -50.43094253540039 -24.399999618530273
      vertex -47.158447265625 -50.507850646972656 -25
      vertex -47.45844268798828 -50.80785369873047 -24.399999618530273
    endloop
  endfacet
  facet normal 0 0 1
    outer loop
      vertex -48.368385314941406 -50.43094253540039 10
      vertex -47.45844268798828 -50.80785369873047 10
      vertex -46.78156661987305 -47.46221160888672 10
    endloop
  endfacet
  facet normal 0 0 1
    outer loop
      vertex -48.368385314941406 -50.43094253540039 10
      vertex -46.78156661987305 -47.46221160888672 10
      vertex -47.05181121826172 -47.281639099121094 10
    endloop
  endfacet
  facet normal -0.3826831139580588 0.923879664399733 0
    outer loop
      vertex -48.368385314941406 -10.66905689239502 -20
      vertex -48.368385314941406 -10.66905689239502 10
      vertex -47.45844268798828 -10.292146682739258 -20
    endloop
  endfacet
  facet normal -0.3826831139580588 0.923879664399733 0
    outer loop
      vertex -48.368385314941406 -10.66905689239502 10
      vertex -47.45844268798828 -10.292146682739258 10
      vertex -47.45844268798828 -10.292146682739258 -20
    endloop
  endfacet
  facet normal 0 0 1
    outer loop
      vertex -48.368385314941406 -10.66905689239502 10
      vertex -47.05181121826172 -13.718361854553223 10
      vertex -46.78156661987305 -13.537789344787598 10
    endloop
  endfacet
  facet normal 0 0 1
    outer loop
      vertex -48.368385314941406 -10.66905689239502 10
      vertex -46.78156661987305 -13.537789344787598 10
      vertex -47.45844268798828 -10.292146682739258 10
    endloop
  endfacet
  facet normal -0.3826853097993421 0.923878754850322 0
    outer loop
      vertex -48.368385314941406 9.430941581726074 -24.399999618530273
      vertex -48.368385314941406 9.430941581726074 -20
      vertex -47.45844650268555 9.807852745056152 -24.399999618530273
    endloop
  endfacet
  facet normal -0.3203793936645168 0.7734598316660646 -0.546915837139737
    outer loop
      vertex -48.368385314941406 9.430941581726074 -24.399999618530273
      vertex -47.45844650268555 9.807852745056152 -24.399999618530273
      vertex -48.068389892578125 9.130942344665527 -25
    endloop
  endfacet
  facet normal -0.3826853097993421 0.923878754850322 0
    outer loop
      vertex -48.368385314941406 9.430941581726074 -20
      vertex -47.45844650268555 9.807852745056152 -20
      vertex -47.45844650268555 9.807852745056152 -24.399999618530273
    endloop
  endfacet
  facet normal 0.7071067811865476 0.7071067811865476 0
    outer loop
      vertex -48.33025360107422 -47.91238784790039 -25
      vertex -48.33025360107422 -47.91238784790039 6
      vertex -47.91238784790039 -48.33025360107422 6
    endloop
  endfacet
  facet normal 0.7071067811865476 0.7071067811865476 0
    outer loop
      vertex -48.33025360107422 -47.91238784790039 -25
      vertex -47.91238784790039 -48.33025360107422 6
      vertex -47.91238784790039 -48.33025360107422 -25
    endloop
  endfacet
  facet normal 0 0 -1
    outer loop
      vertex -48.33025360107422 -47.91238784790039 6
      vertex -47.46221160888672 -46.78156661987305 6
      vertex -47.281639099121094 -47.05181121826172 6
    endloop
  endfacet
  facet normal 0 0 -1
    outer loop
      vertex -48.33025360107422 -47.91238784790039 6
      vertex -47.281639099121094 -47.05181121826172 6
      vertex -47.91238784790039 -48.33025360107422 6
    endloop
  endfacet
  facet normal 0.7071067811865476 -0.7071067811865476 0
    outer loop
      vertex -48.33025360107422 -44.08761215209961 -25
      vertex -47.91238784790039 -43.66974639892578 -25
      vertex -48.33025360107422 -44.08761215209961 6
    endloop
  endfacet
  facet normal 0.7071067811865476 -0.7071067811865476 0
    outer loop
      vertex -48.33025360107422 -44.08761215209961 6
      vertex -47.91238784790039 -43.66974639892578 -25
      vertex -47.91238784790039 -43.66974639892578 6
    endloop
  endfacet
  facet normal 0 0 -1
    outer loop
      vertex -48.33025360107422 -44.08761215209961 6
      vertex -47.91238784790039 -43.66974639892578 6
      vertex -47.281639099121094 -44.94818878173828 6
    endloop
  endfacet
  facet normal 0 0 -1
    outer loop
      vertex -48.33025360107422 -44.08761215209961 6
      vertex -47.281639099121094 -44.94818878173828 6
      vertex -47.46221160888672 -45.21843338012695 6
    endloop
  endfacet
  facet normal 0.707105167386231 0.7071083949831809 0
    outer loop
      vertex -48.33025360107422 -16.91238784790039 -25
      vertex -48.33025360107422 -16.91238784790039 6
      vertex -47.91238784790039 -17.330251693725586 -25
    endloop
  endfacet
  facet normal 0.707105167386231 0.7071083949831809 0
    outer loop
      vertex -48.33025360107422 -16.91238784790039 6
      vertex -47.91238784790039 -17.330251693725586 6
      vertex -47.91238784790039 -17.330251693725586 -25
    endloop
  endfacet
  facet normal 0 0 -1
    outer loop
      vertex -48.33025360107422 -16.91238784790039 6
      vertex -47.46221160888672 -15.781567573547363 6
      vertex -47.281639099121094 -16.05181312561035 6
    endloop
  endfacet
  facet normal 0 0 -1
    outer loop
      vertex -48.33025360107422 -16.91238784790039 6
      vertex -47.281639099121094 -16.05181312561035 6
      vertex -47.91238784790039 -17.330251693725586 6
    endloop
  endfacet
  facet normal 0.707105167386231 -0.7071083949831809 0
    outer loop
      vertex -48.33025360107422 -13.08761215209961 -25
      vertex -47.91238784790039 -12.669748306274414 -25
      vertex -47.91238784790039 -12.669748306274414 6
    endloop
  endfacet
  facet normal 0.707105167386231 -0.7071083949831809 0
    outer loop
      vertex -48.33025360107422 -13.08761215209961 -25
      vertex -47.91238784790039 -12.669748306274414 6
      vertex -48.33025360107422 -13.08761215209961 6
    endloop
  endfacet
  facet normal 0 0 -1
    outer loop
      vertex -48.33025360107422 -13.08761215209961 6
      vertex -47.91238784790039 -12.669748306274414 6
      vertex -47.281639099121094 -13.948186874389648 6
    endloop
  endfacet
  facet normal 0 0 -1
    outer loop
      vertex -48.33025360107422 -13.08761215209961 6
      vertex -47.281639099121094 -13.948186874389648 6
      vertex -47.46221160888672 -14.218432426452637 6
    endloop
  endfacet
  facet normal -0.32037707735789517 0.7734594391933878 -0.5469177490503149
    outer loop
      vertex -48.068389892578125 9.130942344665527 -25
      vertex -47.45844650268555 9.807852745056152 -24.399999618530273
      vertex -47.158447265625 9.507852554321289 -25
    endloop
  endfacet
  facet normal 0 0 -1
    outer loop
      vertex -48.06838607788086 -50.130943298339844 -25
      vertex -47.4210319519043 -48.658565521240234 -25
      vertex -46.87506866455078 -48.88471221923828 -25
    endloop
  endfacet
  facet normal 0 0 -1
    outer loop
      vertex -48.06838607788086 -50.130943298339844 -25
      vertex -46.87506866455078 -48.88471221923828 -25
      vertex -47.158447265625 -50.507850646972656 -25
    endloop
  endfacet
  facet normal 0.5555683692089854 0.8314708576579628 0
    outer loop
      vertex -47.91238784790039 -48.33025360107422 -25
      vertex -47.91238784790039 -48.33025360107422 6
      vertex -47.4210319519043 -48.658565521240234 -25
    endloop
  endfacet
  facet normal 0.5555683692089854 0.8314708576579628 0
    outer loop
      vertex -47.91238784790039 -48.33025360107422 6
      vertex -47.4210319519043 -48.658565521240234 6
      vertex -47.4210319519043 -48.658565521240234 -25
    endloop
  endfacet
  facet normal 0 0 -1
    outer loop
      vertex -47.91238784790039 -48.33025360107422 6
      vertex -47.281639099121094 -47.05181121826172 6
      vertex -47.05181121826172 -47.281639099121094 6
    endloop
  endfacet
  facet normal 0 0 -1
    outer loop
      vertex -47.91238784790039 -48.33025360107422 6
      vertex -47.05181121826172 -47.281639099121094 6
      vertex -47.4210319519043 -48.658565521240234 6
    endloop
  endfacet
  facet normal 0.5555683692089854 -0.8314708576579628 0
    outer loop
      vertex -47.91238784790039 -43.66974639892578 -25
      vertex -47.4210319519043 -43.341434478759766 -25
      vertex -47.4210319519043 -43.341434478759766 6
    endloop
  endfacet
  facet normal 0.5555683692089854 -0.8314708576579628 0
    outer loop
      vertex -47.91238784790039 -43.66974639892578 -25
      vertex -47.4210319519043 -43.341434478759766 6
      vertex -47.91238784790039 -43.66974639892578 6
    endloop
  endfacet
  facet normal 0 0 -1
    outer loop
      vertex -47.91238784790039 -43.66974639892578 6
      vertex -47.4210319519043 -43.341434478759766 6
      vertex -47.05181121826172 -44.718360900878906 6
    endloop
  endfacet
  facet normal 0 0 -1
    outer loop
      vertex -47.91238784790039 -43.66974639892578 6
      vertex -47.05181121826172 -44.718360900878906 6
      vertex -47.281639099121094 -44.94818878173828 6
    endloop
  endfacet
  facet normal 0.5555706005905418 0.831469366699378 0
    outer loop
      vertex -47.91238784790039 -17.330251693725586 -25
      vertex -47.91238784790039 -17.330251693725586 6
      vertex -47.4210319519043 -17.658565521240234 -25
    endloop
  endfacet
  facet normal 0.5555706005905418 0.831469366699378 0
    outer loop
      vertex -47.91238784790039 -17.330251693725586 6
      vertex -47.4210319519043 -17.658565521240234 6
      vertex -47.4210319519043 -17.658565521240234 -25
    endloop
  endfacet
  facet normal 0 0 -1
    outer loop
      vertex -47.91238784790039 -17.330251693725586 6
      vertex -47.281639099121094 -16.05181312561035 6
      vertex -47.05181121826172 -16.281639099121094 6
    endloop
  endfacet
  facet normal 0 0 -1
    outer loop
      vertex -47.91238784790039 -17.330251693725586 6
      vertex -47.05181121826172 -16.281639099121094 6
      vertex -47.4210319519043 -17.658565521240234 6
    endloop
  endfacet
  facet normal 0.555569484901264 -0.8314701121787507 0
    outer loop
      vertex -47.91238784790039 -12.669748306274414 -25
      vertex -47.4210319519043 -12.341435432434082 -25
      vertex -47.4210319519043 -12.341435432434082 6
    endloop
  endfacet
  facet normal 0.555569484901264 -0.8314701121787507 0
    outer loop
      vertex -47.91238784790039 -12.669748306274414 -25
      vertex -47.4210319519043 -12.341435432434082 6
      vertex -47.91238784790039 -12.669748306274414 6
    endloop
  endfacet
  facet normal 0 0 -1
    outer loop
      vertex -47.91238784790039 -12.669748306274414 6
      vertex -47.4210319519043 -12.341435432434082 6
      vertex -47.05181121826172 -13.718361854553223 6
    endloop
  endfacet
  facet normal 0 0 -1
    outer loop
      vertex -47.91238784790039 -12.669748306274414 6
      vertex -47.05181121826172 -13.718361854553223 6
      vertex -47.281639099121094 -13.948186874389648 6
    endloop
  endfacet
  facet normal 0.9807832860955112 0.19510034781027563 0
    outer loop
      vertex -47.650001525878906 -46.16250991821289 6
      vertex -47.650001525878906 -46.16250991821289 10
      vertex -47.58658981323242 -46.481285095214844 10
    endloop
  endfacet
  facet normal 1 0 0
    outer loop
      vertex -47.650001525878906 -46.16250991821289 6
      vertex -47.650001525878906 -45.83749008178711 6
      vertex -47.650001525878906 -46.16250991821289 10
    endloop
  endfacet
  facet normal 0.9807832860955112 0.19510034781027563 0
    outer loop
      vertex -47.650001525878906 -46.16250991821289 6
      vertex -47.58658981323242 -46.481285095214844 10
      vertex -47.58658981323242 -46.481285095214844 6
    endloop
  endfacet
  facet normal 1 0 0
    outer loop
      vertex -47.650001525878906 -46.16250991821289 10
      vertex -47.650001525878906 -45.83749008178711 6
      vertex -47.650001525878906 -45.83749008178711 10
    endloop
  endfacet
  facet normal 0.9807832860955112 -0.19510034781027563 0
    outer loop
      vertex -47.650001525878906 -45.83749008178711 6
      vertex -47.58658981323242 -45.518714904785156 6
      vertex -47.650001525878906 -45.83749008178711 10
    endloop
  endfacet
  facet normal 0.9807832860955112 -0.19510034781027563 0
    outer loop
      vertex -47.650001525878906 -45.83749008178711 10
      vertex -47.58658981323242 -45.518714904785156 6
      vertex -47.58658981323242 -45.518714904785156 10
    endloop
  endfacet
  facet normal 0.9807835094686675 0.19509922489421663 0
    outer loop
      vertex -47.650001525878906 -15.16250991821289 6
      vertex -47.650001525878906 -15.16250991821289 10
      vertex -47.58658981323242 -15.481287002563477 10
    endloop
  endfacet
  facet normal 1 0 0
    outer loop
      vertex -47.650001525878906 -15.16250991821289 6
      vertex -47.650001525878906 -14.83749008178711 6
      vertex -47.650001525878906 -15.16250991821289 10
    endloop
  endfacet
  facet normal 0.9807835094686675 0.19509922489421663 0
    outer loop
      vertex -47.650001525878906 -15.16250991821289 6
      vertex -47.58658981323242 -15.481287002563477 10
      vertex -47.58658981323242 -15.481287002563477 6
    endloop
  endfacet
  facet normal 1 0 0
    outer loop
      vertex -47.650001525878906 -15.16250991821289 10
      vertex -47.650001525878906 -14.83749008178711 6
      vertex -47.650001525878906 -14.83749008178711 10
    endloop
  endfacet
  facet normal 0.9807835094686675 -0.19509922489421663 0
    outer loop
      vertex -47.650001525878906 -14.83749008178711 6
      vertex -47.58658981323242 -14.518712997436523 6
      vertex -47.650001525878906 -14.83749008178711 10
    endloop
  endfacet
  facet normal 0.9807835094686675 -0.19509922489421663 0
    outer loop
      vertex -47.650001525878906 -14.83749008178711 10
      vertex -47.58658981323242 -14.518712997436523 6
      vertex -47.58658981323242 -14.518712997436523 10
    endloop
  endfacet
  facet normal 0.9238822255149663 0.3826769308143791 0
    outer loop
      vertex -47.58658981323242 -46.481285095214844 6
      vertex -47.58658981323242 -46.481285095214844 10
      vertex -47.46221160888672 -46.78156661987305 10
    endloop
  endfacet
  facet normal 0.9238822255149663 0.3826769308143791 0
    outer loop
      vertex -47.58658981323242 -46.481285095214844 6
      vertex -47.46221160888672 -46.78156661987305 10
      vertex -47.46221160888672 -46.78156661987305 6
    endloop
  endfacet
  facet normal 0.9238822255149663 -0.3826769308143791 0
    outer loop
      vertex -47.58658981323242 -45.518714904785156 6
      vertex -47.46221160888672 -45.21843338012695 6
      vertex -47.58658981323242 -45.518714904785156 10
    endloop
  endfacet
  facet normal 0.9238822255149663 -0.3826769308143791 0
    outer loop
      vertex -47.58658981323242 -45.518714904785156 10
      vertex -47.46221160888672 -45.21843338012695 6
      vertex -47.46221160888672 -45.21843338012695 10
    endloop
  endfacet
  facet normal 0.9238817958257876 0.38267796819482264 0
    outer loop
      vertex -47.58658981323242 -15.481287002563477 6
      vertex -47.58658981323242 -15.481287002563477 10
      vertex -47.46221160888672 -15.781567573547363 10
    endloop
  endfacet
  facet normal 0.9238817958257876 0.38267796819482264 0
    outer loop
      vertex -47.58658981323242 -15.481287002563477 6
      vertex -47.46221160888672 -15.781567573547363 10
      vertex -47.46221160888672 -15.781567573547363 6
    endloop
  endfacet
  facet normal 0.9238817958257876 -0.38267796819482264 0
    outer loop
      vertex -47.58658981323242 -14.518712997436523 6
      vertex -47.46221160888672 -14.218432426452637 6
      vertex -47.58658981323242 -14.518712997436523 10
    endloop
  endfacet
  facet normal 0.9238817958257876 -0.38267796819482264 0
    outer loop
      vertex -47.58658981323242 -14.518712997436523 10
      vertex -47.46221160888672 -14.218432426452637 6
      vertex -47.46221160888672 -14.218432426452637 10
    endloop
  endfacet
  facet normal 0.8314684154429262 0.5555720242424284 0
    outer loop
      vertex -47.46221160888672 -46.78156661987305 6
      vertex -47.46221160888672 -46.78156661987305 10
      vertex -47.281639099121094 -47.05181121826172 10
    endloop
  endfacet
  facet normal 0.8314684154429262 0.5555720242424284 0
    outer loop
      vertex -47.46221160888672 -46.78156661987305 6
      vertex -47.281639099121094 -47.05181121826172 10
      vertex -47.281639099121094 -47.05181121826172 6
    endloop
  endfacet
  facet normal 0.8314684154429262 -0.5555720242424284 0
    outer loop
      vertex -47.46221160888672 -45.21843338012695 6
      vertex -47.281639099121094 -44.94818878173828 6
      vertex -47.46221160888672 -45.21843338012695 10
    endloop
  endfacet
  facet normal 0.8314684154429262 -0.5555720242424284 0
    outer loop
      vertex -47.46221160888672 -45.21843338012695 10
      vertex -47.281639099121094 -44.94818878173828 6
      vertex -47.281639099121094 -44.94818878173828 10
    endloop
  endfacet
  facet normal 0.831469321108729 0.5555706688216986 0
    outer loop
      vertex -47.46221160888672 -15.781567573547363 6
      vertex -47.46221160888672 -15.781567573547363 10
      vertex -47.281639099121094 -16.05181312561035 10
    endloop
  endfacet
  facet normal 0.831469321108729 0.5555706688216986 0
    outer loop
      vertex -47.46221160888672 -15.781567573547363 6
      vertex -47.281639099121094 -16.05181312561035 10
      vertex -47.281639099121094 -16.05181312561035 6
    endloop
  endfacet
  facet normal 0.831469321108729 -0.5555706688216986 0
    outer loop
      vertex -47.46221160888672 -14.218432426452637 6
      vertex -47.281639099121094 -13.948186874389648 6
      vertex -47.46221160888672 -14.218432426452637 10
    endloop
  endfacet
  facet normal 0.831469321108729 -0.5555706688216986 0
    outer loop
      vertex -47.46221160888672 -14.218432426452637 10
      vertex -47.281639099121094 -13.948186874389648 6
      vertex -47.281639099121094 -13.948186874389648 10
    endloop
  endfacet
  facet normal -0.19508983812463043 0.9807853766551098 0
    outer loop
      vertex -47.45844650268555 9.807852745056152 -24.399999618530273
      vertex -47.45844650268555 9.807852745056152 -20
      vertex -46.492454528808594 10 -24.399999618530273
    endloop
  endfacet
  facet normal -0.1681765040083073 0.8454825603112879 -0.5068292648506134
    outer loop
      vertex -47.45844650268555 9.807852745056152 -24.399999618530273
      vertex -46.492454528808594 10 -24.399999618530273
      vertex -47.158447265625 9.507852554321289 -25
    endloop
  endfacet
  facet normal -0.19508983812463043 0.9807853766551098 0
    outer loop
      vertex -47.45844650268555 9.807852745056152 -20
      vertex -46.492454528808594 10 -20
      vertex -46.492454528808594 10 -24.399999618530273
    endloop
  endfacet
  facet normal -0.16817609302821865 -0.8454813517043827 -0.5068314173903332
    outer loop
      vertex -47.45844268798828 -50.80785369873047 -24.399999618530273
      vertex -47.158447265625 -50.507850646972656 -25
      vertex -46.492454528808594 -51 -24.399999618530273
    endloop
  endfacet
  facet normal -0.1950896477844905 -0.9807854145160009 0
    outer loop
      vertex -47.45844268798828 -50.80785369873047 -24.399999618530273
      vertex -46.492454528808594 -51 -24.399999618530273
      vertex -46.492454528808594 -51 10
    endloop
  endfacet
  facet normal -0.1950896477844905 -0.9807854145160009 0
    outer loop
      vertex -47.45844268798828 -50.80785369873047 -24.399999618530273
      vertex -46.492454528808594 -51 10
      vertex -47.45844268798828 -50.80785369873047 10
    endloop
  endfacet
  facet normal 0 0 1
    outer loop
      vertex -47.45844268798828 -50.80785369873047 10
      vertex -46.492454528808594 -51 10
      vertex -46.481285095214844 -47.58658981323242 10
    endloop
  endfacet
  facet normal 0 0 1
    outer loop
      vertex -47.45844268798828 -50.80785369873047 10
      vertex -46.481285095214844 -47.58658981323242 10
      vertex -46.78156661987305 -47.46221160888672 10
    endloop
  endfacet
  facet normal -0.19509057921435122 0.980785229243288 0
    outer loop
      vertex -47.45844268798828 -10.292146682739258 -20
      vertex -47.45844268798828 -10.292146682739258 10
      vertex -46.492454528808594 -10.09999942779541 -20
    endloop
  endfacet
  facet normal 0 0 1
    outer loop
      vertex -47.45844268798828 -10.292146682739258 -20
      vertex -46.492454528808594 -10.09999942779541 -20
      vertex -42.41790008544922 -0.7578840255737305 -20
    endloop
  endfacet
  facet normal 0 0 1
    outer loop
      vertex -47.45844268798828 -10.292146682739258 -20
      vertex -42.41790008544922 -0.7578840255737305 -20
      vertex -42.53851318359375 -0.4667024612426758 -20
    endloop
  endfacet
  facet normal 0 0 1
    outer loop
      vertex -47.45844268798828 -10.292146682739258 10
      vertex -46.78156661987305 -13.537789344787598 10
      vertex -46.481285095214844 -13.413409233093262 10
    endloop
  endfacet
  facet normal -0.19509057921435122 0.980785229243288 0
    outer loop
      vertex -47.45844268798828 -10.292146682739258 10
      vertex -46.492454528808594 -10.09999942779541 10
      vertex -46.492454528808594 -10.09999942779541 -20
    endloop
  endfacet
  facet normal 0 0 1
    outer loop
      vertex -47.45844268798828 -10.292146682739258 10
      vertex -46.481285095214844 -13.413409233093262 10
      vertex -46.492454528808594 -10.09999942779541 10
    endloop
  endfacet
  facet normal 0.3826853097993421 0.9238787548503221 0
    outer loop
      vertex -47.4210319519043 -48.658565521240234 -25
      vertex -47.4210319519043 -48.658565521240234 6
      vertex -46.87506866455078 -48.88471221923828 -25
    endloop
  endfacet
  facet normal 0 0 -1
    outer loop
      vertex -47.4210319519043 -48.658565521240234 6
      vertex -47.05181121826172 -47.281639099121094 6
      vertex -46.78156661987305 -47.46221160888672 6
    endloop
  endfacet
  facet normal 0.3826853097993421 0.9238787548503221 0
    outer loop
      vertex -47.4210319519043 -48.658565521240234 6
      vertex -46.87506866455078 -48.88471221923828 6
      vertex -46.87506866455078 -48.88471221923828 -25
    endloop
  endfacet
  facet normal 0 0 -1
    outer loop
      vertex -47.4210319519043 -48.658565521240234 6
      vertex -46.78156661987305 -47.46221160888672 6
      vertex -46.87506866455078 -48.88471221923828 6
    endloop
  endfacet
  facet normal 0.3826853097993421 -0.9238787548503221 0
    outer loop
      vertex -47.4210319519043 -43.341434478759766 -25
      vertex -46.87506866455078 -43.11528778076172 -25
      vertex -46.87506866455078 -43.11528778076172 6
    endloop
  endfacet
  facet normal 0.3826853097993421 -0.9238787548503221 0
    outer loop
      vertex -47.4210319519043 -43.341434478759766 -25
      vertex -46.87506866455078 -43.11528778076172 6
      vertex -47.4210319519043 -43.341434478759766 6
    endloop
  endfacet
  facet normal 0 0 -1
    outer loop
      vertex -47.4210319519043 -43.341434478759766 -25
      vertex -42.285396575927734 -32.248199462890625 -25
      vertex -42.05729293823242 -33.39495086669922 -25
    endloop
  endfacet
  facet normal 0 0 -1
    outer loop
      vertex -47.4210319519043 -43.341434478759766 -25
      vertex -42.05729293823242 -33.39495086669922 -25
      vertex -46.87506866455078 -43.11528778076172 -25
    endloop
  endfacet
  facet normal 0 0 -1
    outer loop
      vertex -47.4210319519043 -43.341434478759766 6
      vertex -46.87506866455078 -43.11528778076172 6
      vertex -46.78156661987305 -44.53778839111328 6
    endloop
  endfacet
  facet normal 0 0 -1
    outer loop
      vertex -47.4210319519043 -43.341434478759766 6
      vertex -46.78156661987305 -44.53778839111328 6
      vertex -47.05181121826172 -44.718360900878906 6
    endloop
  endfacet
  facet normal 0.3826853097993421 0.9238787548503221 0
    outer loop
      vertex -47.4210319519043 -17.658565521240234 -25
      vertex -47.4210319519043 -17.658565521240234 6
      vertex -46.87506866455078 -17.88471221923828 -25
    endloop
  endfacet
  facet normal 0 0 -1
    outer loop
      vertex -47.4210319519043 -17.658565521240234 6
      vertex -47.05181121826172 -16.281639099121094 6
      vertex -46.78156661987305 -16.46221160888672 6
    endloop
  endfacet
  facet normal 0.3826853097993421 0.9238787548503221 0
    outer loop
      vertex -47.4210319519043 -17.658565521240234 6
      vertex -46.87506866455078 -17.88471221923828 6
      vertex -46.87506866455078 -17.88471221923828 -25
    endloop
  endfacet
  facet normal 0 0 -1
    outer loop
      vertex -47.4210319519043 -17.658565521240234 6
      vertex -46.78156661987305 -16.46221160888672 6
      vertex -46.87506866455078 -17.88471221923828 6
    endloop
  endfacet
  facet normal 0.3826853097993421 -0.9238787548503221 0
    outer loop
      vertex -47.4210319519043 -12.341435432434082 -25
      vertex -46.87506866455078 -12.115288734436035 -25
      vertex -46.87506866455078 -12.115288734436035 6
    endloop
  endfacet
  facet normal 0.3826853097993421 -0.9238787548503221 0
    outer loop
      vertex -47.4210319519043 -12.341435432434082 -25
      vertex -46.87506866455078 -12.115288734436035 6
      vertex -47.4210319519043 -12.341435432434082 6
    endloop
  endfacet
  facet normal 0 0 -1
    outer loop
      vertex -47.4210319519043 -12.341435432434082 -25
      vertex -42.53851318359375 -0.4667024612426758 -25
      vertex -42.41790008544922 -0.7578840255737305 -25
    endloop
  endfacet
  facet normal 0 0 -1
    outer loop
      vertex -47.4210319519043 -12.341435432434082 -25
      vertex -42.41790008544922 -0.7578840255737305 -25
      vertex -46.87506866455078 -12.115288734436035 -25
    endloop
  endfacet
  facet normal 0 0 -1
    outer loop
      vertex -47.4210319519043 -12.341435432434082 6
      vertex -46.87506866455078 -12.115288734436035 6
      vertex -46.78156661987305 -13.537789344787598 6
    endloop
  endfacet
  facet normal 0 0 -1
    outer loop
      vertex -47.4210319519043 -12.341435432434082 6
      vertex -46.78156661987305 -13.537789344787598 6
      vertex -47.05181121826172 -13.718361854553223 6
    endloop
  endfacet
  facet normal 0.7071067811865476 0.7071067811865476 0
    outer loop
      vertex -47.281639099121094 -47.05181121826172 6
      vertex -47.281639099121094 -47.05181121826172 10
      vertex -47.05181121826172 -47.281639099121094 10
    endloop
  endfacet
  facet normal 0.7071067811865476 0.7071067811865476 0
    outer loop
      vertex -47.281639099121094 -47.05181121826172 6
      vertex -47.05181121826172 -47.281639099121094 10
      vertex -47.05181121826172 -47.281639099121094 6
    endloop
  endfacet
  facet normal 0.7071067811865476 -0.7071067811865476 0
    outer loop
      vertex -47.281639099121094 -44.94818878173828 6
      vertex -47.05181121826172 -44.718360900878906 6
      vertex -47.281639099121094 -44.94818878173828 10
    endloop
  endfacet
  facet normal 0.7071067811865476 -0.7071067811865476 0
    outer loop
      vertex -47.281639099121094 -44.94818878173828 10
      vertex -47.05181121826172 -44.718360900878906 6
      vertex -47.05181121826172 -44.718360900878906 10
    endloop
  endfacet
  facet normal 0.7071038470178513 0.7071097153430683 0
    outer loop
      vertex -47.281639099121094 -16.05181312561035 6
      vertex -47.281639099121094 -16.05181312561035 10
      vertex -47.05181121826172 -16.281639099121094 6
    endloop
  endfacet
  facet normal 0.7071038470178513 0.7071097153430683 0
    outer loop
      vertex -47.281639099121094 -16.05181312561035 10
      vertex -47.05181121826172 -16.281639099121094 10
      vertex -47.05181121826172 -16.281639099121094 6
    endloop
  endfacet
  facet normal 0.7071023799198058 -0.7071111824258944 0
    outer loop
      vertex -47.281639099121094 -13.948186874389648 6
      vertex -47.05181121826172 -13.718361854553223 6
      vertex -47.05181121826172 -13.718361854553223 10
    endloop
  endfacet
  facet normal 0.7071023799198058 -0.7071111824258944 0
    outer loop
      vertex -47.281639099121094 -13.948186874389648 6
      vertex -47.05181121826172 -13.718361854553223 10
      vertex -47.281639099121094 -13.948186874389648 10
    endloop
  endfacet
  facet normal 0 0 -1
    outer loop
      vertex -47.158447265625 -50.507850646972656 -25
      vertex -46.87506866455078 -48.88471221923828 -25
      vertex -46.295475006103516 -49 -25
    endloop
  endfacet
  facet normal 0 0 -1
    outer loop
      vertex -47.158447265625 -50.507850646972656 -25
      vertex -46.295475006103516 -49 -25
      vertex -46.19245529174805 -50.69999694824219 -25
    endloop
  endfacet
  facet normal -0.16817538485116515 -0.8454811302456958 -0.5068320218066565
    outer loop
      vertex -47.158447265625 -50.507850646972656 -25
      vertex -46.19245529174805 -50.69999694824219 -25
      vertex -46.492454528808594 -51 -24.399999618530273
    endloop
  endfacet
  facet normal -0.1681765040083073 0.8454825603112879 -0.5068292648506134
    outer loop
      vertex -47.158447265625 9.507852554321289 -25
      vertex -46.492454528808594 10 -24.399999618530273
      vertex -46.19245529174805 9.699999809265137 -25
    endloop
  endfacet
  facet normal 0.5555720242424284 0.8314684154429262 0
    outer loop
      vertex -47.05181121826172 -47.281639099121094 6
      vertex -47.05181121826172 -47.281639099121094 10
      vertex -46.78156661987305 -47.46221160888672 6
    endloop
  endfacet
  facet normal 0.5555720242424284 0.8314684154429262 0
    outer loop
      vertex -47.05181121826172 -47.281639099121094 10
      vertex -46.78156661987305 -47.46221160888672 10
      vertex -46.78156661987305 -47.46221160888672 6
    endloop
  endfacet
  facet normal 0.5555720242424284 -0.8314684154429262 0
    outer loop
      vertex -47.05181121826172 -44.718360900878906 6
      vertex -46.78156661987305 -44.53778839111328 6
      vertex -46.78156661987305 -44.53778839111328 10
    endloop
  endfacet
  facet normal 0.5555720242424284 -0.8314684154429262 0
    outer loop
      vertex -47.05181121826172 -44.718360900878906 6
      vertex -46.78156661987305 -44.53778839111328 10
      vertex -47.05181121826172 -44.718360900878906 10
    endloop
  endfacet
  facet normal 0.5555720242424284 0.8314684154429262 0
    outer loop
      vertex -47.05181121826172 -16.281639099121094 6
      vertex -47.05181121826172 -16.281639099121094 10
      vertex -46.78156661987305 -16.46221160888672 6
    endloop
  endfacet
  facet normal 0.5555720242424284 0.8314684154429262 0
    outer loop
      vertex -47.05181121826172 -16.281639099121094 10
      vertex -46.78156661987305 -16.46221160888672 10
      vertex -46.78156661987305 -16.46221160888672 6
    endloop
  endfacet
  facet normal 0.5555720242424284 -0.8314684154429262 0
    outer loop
      vertex -47.05181121826172 -13.718361854553223 6
      vertex -46.78156661987305 -13.537789344787598 6
      vertex -46.78156661987305 -13.537789344787598 10
    endloop
  endfacet
  facet normal 0.5555720242424284 -0.8314684154429262 0
    outer loop
      vertex -47.05181121826172 -13.718361854553223 6
      vertex -46.78156661987305 -13.537789344787598 10
      vertex -47.05181121826172 -13.718361854553223 10
    endloop
  endfacet
  facet normal 0.19508940075505646 0.9807854636530015 0
    outer loop
      vertex -46.87506866455078 -48.88471221923828 -25
      vertex -46.87506866455078 -48.88471221923828 6
      vertex -46.295475006103516 -49 -25
    endloop
  endfacet
  facet normal 0 0 -1
    outer loop
      vertex -46.87506866455078 -48.88471221923828 6
      vertex -46.78156661987305 -47.46221160888672 6
      vertex -46.481285095214844 -47.58658981323242 6
    endloop
  endfacet
  facet normal 0 0 -1
    outer loop
      vertex -46.87506866455078 -48.88471221923828 6
      vertex -46.481285095214844 -47.58658981323242 6
      vertex -46.295475006103516 -49 6
    endloop
  endfacet
  facet normal 0.19508940075505646 0.9807854636530015 0
    outer loop
      vertex -46.87506866455078 -48.88471221923828 6
      vertex -46.295475006103516 -49 6
      vertex -46.295475006103516 -49 -25
    endloop
  endfacet
  facet normal 0.19508940075505646 -0.9807854636530015 0
    outer loop
      vertex -46.87506866455078 -43.11528778076172 -25
      vertex -46.295475006103516 -43 -25
      vertex -46.295475006103516 -43 6
    endloop
  endfacet
  facet normal 0.19508940075505646 -0.9807854636530015 0
    outer loop
      vertex -46.87506866455078 -43.11528778076172 -25
      vertex -46.295475006103516 -43 6
      vertex -46.87506866455078 -43.11528778076172 6
    endloop
  endfacet
  facet normal 0 0 -1
    outer loop
      vertex -46.87506866455078 -43.11528778076172 -25
      vertex -42.05729293823242 -33.39495086669922 -25
      vertex -41.71788787841797 -34.513824462890625 -25
    endloop
  endfacet
  facet normal 0 0 -1
    outer loop
      vertex -46.87506866455078 -43.11528778076172 -25
      vertex -41.71788787841797 -34.513824462890625 -25
      vertex -46.295475006103516 -43 -25
    endloop
  endfacet
  facet normal 0 0 -1
    outer loop
      vertex -46.87506866455078 -43.11528778076172 6
      vertex -46.481285095214844 -44.41341018676758 6
      vertex -46.78156661987305 -44.53778839111328 6
    endloop
  endfacet
  facet normal 0 0 -1
    outer loop
      vertex -46.87506866455078 -43.11528778076172 6
      vertex -46.295475006103516 -43 6
      vertex -46.481285095214844 -44.41341018676758 6
    endloop
  endfacet
  facet normal 0.19508940075505646 0.9807854636530015 0
    outer loop
      vertex -46.87506866455078 -17.88471221923828 -25
      vertex -46.87506866455078 -17.88471221923828 6
      vertex -46.295475006103516 -18 -25
    endloop
  endfacet
  facet normal 0 0 -1
    outer loop
      vertex -46.87506866455078 -17.88471221923828 6
      vertex -46.78156661987305 -16.46221160888672 6
      vertex -46.481285095214844 -16.586589813232422 6
    endloop
  endfacet
  facet normal 0 0 -1
    outer loop
      vertex -46.87506866455078 -17.88471221923828 6
      vertex -46.481285095214844 -16.586589813232422 6
      vertex -46.295475006103516 -18 6
    endloop
  endfacet
  facet normal 0.19508940075505646 0.9807854636530015 0
    outer loop
      vertex -46.87506866455078 -17.88471221923828 6
      vertex -46.295475006103516 -18 6
      vertex -46.295475006103516 -18 -25
    endloop
  endfacet
  facet normal 0.19509095313605423 -0.9807851548654608 0
    outer loop
      vertex -46.87506866455078 -12.115288734436035 -25
      vertex -46.295475006103516 -12 -25
      vertex -46.295475006103516 -12 6
    endloop
  endfacet
  facet normal 0.19509095313605423 -0.9807851548654608 0
    outer loop
      vertex -46.87506866455078 -12.115288734436035 -25
      vertex -46.295475006103516 -12 6
      vertex -46.87506866455078 -12.115288734436035 6
    endloop
  endfacet
  facet normal 0 0 -1
    outer loop
      vertex -46.87506866455078 -12.115288734436035 -25
      vertex -42.41790008544922 -0.7578840255737305 -25
      vertex -42.242801666259766 -1.0199403762817383 -25
    endloop
  endfacet
  facet normal 0 0 -1
    outer loop
      vertex -46.87506866455078 -12.115288734436035 -25
      vertex -42.242801666259766 -1.0199403762817383 -25
      vertex -46.295475006103516 -12 -25
    endloop
  endfacet
  facet normal 0 0 -1
    outer loop
      vertex -46.87506866455078 -12.115288734436035 6
      vertex -46.481285095214844 -13.413409233093262 6
      vertex -46.78156661987305 -13.537789344787598 6
    endloop
  endfacet
  facet normal 0 0 -1
    outer loop
      vertex -46.87506866455078 -12.115288734436035 6
      vertex -46.295475006103516 -12 6
      vertex -46.481285095214844 -13.413409233093262 6
    endloop
  endfacet
  facet normal 0.3826769308143791 0.9238822255149663 0
    outer loop
      vertex -46.78156661987305 -47.46221160888672 6
      vertex -46.78156661987305 -47.46221160888672 10
      vertex -46.481285095214844 -47.58658981323242 6
    endloop
  endfacet
  facet normal 0.3826769308143791 0.9238822255149663 0
    outer loop
      vertex -46.78156661987305 -47.46221160888672 10
      vertex -46.481285095214844 -47.58658981323242 10
      vertex -46.481285095214844 -47.58658981323242 6
    endloop
  endfacet
  facet normal 0.3826769308143791 -0.9238822255149663 0
    outer loop
      vertex -46.78156661987305 -44.53778839111328 6
      vertex -46.481285095214844 -44.41341018676758 6
      vertex -46.481285095214844 -44.41341018676758 10
    endloop
  endfacet
  facet normal 0.3826769308143791 -0.9238822255149663 0
    outer loop
      vertex -46.78156661987305 -44.53778839111328 6
      vertex -46.481285095214844 -44.41341018676758 10
      vertex -46.78156661987305 -44.53778839111328 10
    endloop
  endfacet
  facet normal 0 0 1
    outer loop
      vertex -46.78156661987305 -44.53778839111328 10
      vertex -46.481285095214844 -44.41341018676758 10
      vertex -46.78156661987305 -16.46221160888672 10
    endloop
  endfacet
  facet normal 0.3826769308143791 0.9238822255149663 0
    outer loop
      vertex -46.78156661987305 -16.46221160888672 6
      vertex -46.78156661987305 -16.46221160888672 10
      vertex -46.481285095214844 -16.586589813232422 6
    endloop
  endfacet
  facet normal 0 0 1
    outer loop
      vertex -46.78156661987305 -16.46221160888672 10
      vertex -46.481285095214844 -44.41341018676758 10
      vertex -46.481285095214844 -16.586589813232422 10
    endloop
  endfacet
  facet normal 0.3826769308143791 0.9238822255149663 0
    outer loop
      vertex -46.78156661987305 -16.46221160888672 10
      vertex -46.481285095214844 -16.586589813232422 10
      vertex -46.481285095214844 -16.586589813232422 6
    endloop
  endfacet
  facet normal 0.3826819398006651 -0.9238801507503016 0
    outer loop
      vertex -46.78156661987305 -13.537789344787598 6
      vertex -46.481285095214844 -13.413409233093262 6
      vertex -46.481285095214844 -13.413409233093262 10
    endloop
  endfacet
  facet normal 0.3826819398006651 -0.9238801507503016 0
    outer loop
      vertex -46.78156661987305 -13.537789344787598 6
      vertex -46.481285095214844 -13.413409233093262 10
      vertex -46.78156661987305 -13.537789344787598 10
    endloop
  endfacet
  facet normal 0 -0.8944254850132667 -0.4472170074569868
    outer loop
      vertex -46.492454528808594 -51 -24.399999618530273
      vertex -46.19245529174805 -50.69999694824219 -25
      vertex -25.492462158203125 -51 -24.399999618530273
    endloop
  endfacet
  facet normal 0 -1 0
    outer loop
      vertex -46.492454528808594 -51 -24.399999618530273
      vertex -42 -51 -9.954923629760742
      vertex -46.492454528808594 -51 10
    endloop
  endfacet
  facet normal 0 -1 0
    outer loop
      vertex -46.492454528808594 -51 -24.399999618530273
      vertex -41.998077392578125 -51 -9.964584350585938
      vertex -42 -51 -9.954923629760742
    endloop
  endfacet
  facet normal 0 -1 0
    outer loop
      vertex -46.492454528808594 -51 -24.399999618530273
      vertex -41.99430847167969 -51 -9.97368335723877
      vertex -41.998077392578125 -51 -9.964584350585938
    endloop
  endfacet
  facet normal 0 -1 0
    outer loop
      vertex -46.492454528808594 -51 -24.399999618530273
      vertex -41.98883819580078 -51 -9.98187255859375
      vertex -41.99430847167969 -51 -9.97368335723877
    endloop
  endfacet
  facet normal 0 -1 0
    outer loop
      vertex -46.492454528808594 -51 -24.399999618530273
      vertex -41.98187255859375 -51 -9.988837242126465
      vertex -41.98883819580078 -51 -9.98187255859375
    endloop
  endfacet
  facet normal 0 -1 0
    outer loop
      vertex -46.492454528808594 -51 -24.399999618530273
      vertex -41.97368240356445 -51 -9.994309425354004
      vertex -41.98187255859375 -51 -9.988837242126465
    endloop
  endfacet
  facet normal 0 -1 0
    outer loop
      vertex -46.492454528808594 -51 -24.399999618530273
      vertex -41.96458435058594 -51 -9.998078346252441
      vertex -41.97368240356445 -51 -9.994309425354004
    endloop
  endfacet
  facet normal 0 -1 0
    outer loop
      vertex -46.492454528808594 -51 -24.399999618530273
      vertex -41.954925537109375 -51 -10
      vertex -41.96458435058594 -51 -9.998078346252441
    endloop
  endfacet
  facet normal 0 -1 0
    outer loop
      vertex -46.492454528808594 -51 -24.399999618530273
      vertex -25.492462158203125 -51 -24.399999618530273
      vertex -25.492462158203125 -51 -20
    endloop
  endfacet
  facet normal 0 -1 0
    outer loop
      vertex -46.492454528808594 -51 -24.399999618530273
      vertex -25.492462158203125 -51 -20
      vertex -41.954925537109375 -51 -10
    endloop
  endfacet
  facet normal 0 0 1
    outer loop
      vertex -46.492454528808594 -51 10
      vertex -46.16250991821289 -47.650001525878906 10
      vertex -46.481285095214844 -47.58658981323242 10
    endloop
  endfacet
  facet normal 0 0 1
    outer loop
      vertex -46.492454528808594 -51 10
      vertex -45.83749008178711 -47.650001525878906 10
      vertex -46.16250991821289 -47.650001525878906 10
    endloop
  endfacet
  facet normal 0 0 1
    outer loop
      vertex -46.492454528808594 -51 10
      vertex -45.518714904785156 -47.58658981323242 10
      vertex -45.83749008178711 -47.650001525878906 10
    endloop
  endfacet
  facet normal 0 0 1
    outer loop
      vertex -46.492454528808594 -51 10
      vertex -45.21843338012695 -47.46221160888672 10
      vertex -45.518714904785156 -47.58658981323242 10
    endloop
  endfacet
  facet normal 0 -1 0
    outer loop
      vertex -46.492454528808594 -51 10
      vertex -42 -51 -9.954923629760742
      vertex -42 -51 10
    endloop
  endfacet
  facet normal 0 0 1
    outer loop
      vertex -46.492454528808594 -51 10
      vertex -42 -51 10
      vertex -45.21843338012695 -47.46221160888672 10
    endloop
  endfacet
  facet normal 0 1 0
    outer loop
      vertex -46.492454528808594 -10.09999942779541 -20
      vertex -46.492454528808594 -10.09999942779541 10
      vertex -42 -10.09999942779541 -9.954923629760742
    endloop
  endfacet
  facet normal 0 0 1
    outer loop
      vertex -46.492454528808594 -10.09999942779541 -20
      vertex -42.242801666259766 -1.0199403762817383 -20
      vertex -42.41790008544922 -0.7578840255737305 -20
    endloop
  endfacet
  facet normal 0 0 1
    outer loop
      vertex -46.492454528808594 -10.09999942779541 -20
      vertex -42.01993942260742 -1.2428007125854492 -20
      vertex -42.242801666259766 -1.0199403762817383 -20
    endloop
  endfacet
  facet normal 0 1 0
    outer loop
      vertex -46.492454528808594 -10.09999942779541 -20
      vertex -42 -10.09999942779541 -9.954923629760742
      vertex -41.998077392578125 -10.09999942779541 -9.964584350585938
    endloop
  endfacet
  facet normal 0 1 0
    outer loop
      vertex -46.492454528808594 -10.09999942779541 -20
      vertex -41.998077392578125 -10.09999942779541 -9.964584350585938
      vertex -41.99430847167969 -10.09999942779541 -9.97368335723877
    endloop
  endfacet
  facet normal 0 1 0
    outer loop
      vertex -46.492454528808594 -10.09999942779541 -20
      vertex -41.99430847167969 -10.09999942779541 -9.97368335723877
      vertex -41.98883819580078 -10.09999942779541 -9.98187255859375
    endloop
  endfacet
  facet normal 0 1 0
    outer loop
      vertex -46.492454528808594 -10.09999942779541 -20
      vertex -41.98883819580078 -10.09999942779541 -9.98187255859375
      vertex -41.98187255859375 -10.09999942779541 -9.988837242126465
    endloop
  endfacet
  facet normal 0 1 0
    outer loop
      vertex -46.492454528808594 -10.09999942779541 -20
      vertex -41.98187255859375 -10.09999942779541 -9.988837242126465
      vertex -41.97368240356445 -10.09999942779541 -9.994309425354004
    endloop
  endfacet
  facet normal 0 1 0
    outer loop
      vertex -46.492454528808594 -10.09999942779541 -20
      vertex -41.97368240356445 -10.09999942779541 -9.994309425354004
      vertex -41.96458435058594 -10.09999942779541 -9.998078346252441
    endloop
  endfacet
  facet normal 0 1 0
    outer loop
      vertex -46.492454528808594 -10.09999942779541 -20
      vertex -41.96458435058594 -10.09999942779541 -9.998078346252441
      vertex -41.954925537109375 -10.09999942779541 -10
    endloop
  endfacet
  facet normal 0 1 0
    outer loop
      vertex -46.492454528808594 -10.09999942779541 -20
      vertex -41.954925537109375 -10.09999942779541 -10
      vertex -14.607542991638184 -10.09999942779541 -20
    endloop
  endfacet
  facet normal 0 0 1
    outer loop
      vertex -46.492454528808594 -10.09999942779541 -20
      vertex -41.75788497924805 -1.4179010391235352 -20
      vertex -42.01993942260742 -1.2428007125854492 -20
    endloop
  endfacet
  facet normal 0 0 1
    outer loop
      vertex -46.492454528808594 -10.09999942779541 -20
      vertex -41.46670150756836 -1.5385122299194336 -20
      vertex -41.75788497924805 -1.4179010391235352 -20
    endloop
  endfacet
  facet normal 0 0 1
    outer loop
      vertex -46.492454528808594 -10.09999942779541 -20
      vertex -41.15758514404297 -1.5999994277954102 -20
      vertex -41.46670150756836 -1.5385122299194336 -20
    endloop
  endfacet
  facet normal 0 0 1
    outer loop
      vertex -46.492454528808594 -10.09999942779541 -20
      vertex -40.84241485595703 -1.5999994277954102 -20
      vertex -41.15758514404297 -1.5999994277954102 -20
    endloop
  endfacet
  facet normal 0 0 1
    outer loop
      vertex -46.492454528808594 -10.09999942779541 -20
      vertex -40.533294677734375 -1.5385122299194336 -20
      vertex -40.84241485595703 -1.5999994277954102 -20
    endloop
  endfacet
  facet normal 0 0 1
    outer loop
      vertex -46.492454528808594 -10.09999942779541 -20
      vertex -40.24211502075195 -1.4179010391235352 -20
      vertex -40.533294677734375 -1.5385122299194336 -20
    endloop
  endfacet
  facet normal 0 0 1
    outer loop
      vertex -46.492454528808594 -10.09999942779541 -20
      vertex -39.98005676269531 -1.2428007125854492 -20
      vertex -40.24211502075195 -1.4179010391235352 -20
    endloop
  endfacet
  facet normal 0 0 1
    outer loop
      vertex -46.492454528808594 -10.09999942779541 -20
      vertex -14.607542991638184 -10.09999942779541 -20
      vertex -39.98005676269531 -1.2428007125854492 -20
    endloop
  endfacet
  facet normal 0 0 1
    outer loop
      vertex -46.492454528808594 -10.09999942779541 10
      vertex -46.481285095214844 -13.413409233093262 10
      vertex -46.16250991821289 -13.350000381469727 10
    endloop
  endfacet
  facet normal 0 0 1
    outer loop
      vertex -46.492454528808594 -10.09999942779541 10
      vertex -46.16250991821289 -13.350000381469727 10
      vertex -45.83749008178711 -13.350000381469727 10
    endloop
  endfacet
  facet normal 0 0 1
    outer loop
      vertex -46.492454528808594 -10.09999942779541 10
      vertex -45.83749008178711 -13.350000381469727 10
      vertex -45.518714904785156 -13.413409233093262 10
    endloop
  endfacet
  facet normal 0 0 1
    outer loop
      vertex -46.492454528808594 -10.09999942779541 10
      vertex -45.518714904785156 -13.413409233093262 10
      vertex -45.21843338012695 -13.537789344787598 10
    endloop
  endfacet
  facet normal 0 0 1
    outer loop
      vertex -46.492454528808594 -10.09999942779541 10
      vertex -45.21843338012695 -13.537789344787598 10
      vertex -42 -10.09999942779541 10
    endloop
  endfacet
  facet normal 0 1 0
    outer loop
      vertex -46.492454528808594 -10.09999942779541 10
      vertex -42 -10.09999942779541 10
      vertex -42 -10.09999942779541 -9.954923629760742
    endloop
  endfacet
  facet normal 0 1 0
    outer loop
      vertex -46.492454528808594 10 -24.399999618530273
      vertex -46.492454528808594 10 -20
      vertex -15.007542610168457 10 -24.399999618530273
    endloop
  endfacet
  facet normal 0 0.8944271909999157 -0.44721359549995787
    outer loop
      vertex -46.492454528808594 10 -24.399999618530273
      vertex -15.30754280090332 9.699999809265137 -25
      vertex -46.19245529174805 9.699999809265137 -25
    endloop
  endfacet
  facet normal 0 0.8944271909999159 -0.4472135954999579
    outer loop
      vertex -46.492454528808594 10 -24.399999618530273
      vertex -15.007542610168457 10 -24.399999618530273
      vertex -15.30754280090332 9.699999809265137 -25
    endloop
  endfacet
  facet normal 0 0 1
    outer loop
      vertex -46.492454528808594 10 -20
      vertex -42.242801666259766 1.0199403762817383 -20
      vertex -42.01993942260742 1.2428007125854492 -20
    endloop
  endfacet
  facet normal 0 0 1
    outer loop
      vertex -46.492454528808594 10 -20
      vertex -42.01993942260742 1.2428007125854492 -20
      vertex -41.75788497924805 1.4179010391235352 -20
    endloop
  endfacet
  facet normal 0 0 1
    outer loop
      vertex -46.492454528808594 10 -20
      vertex -41.75788497924805 1.4179010391235352 -20
      vertex -41.46670150756836 1.5385122299194336 -20
    endloop
  endfacet
  facet normal 0 0 1
    outer loop
      vertex -46.492454528808594 10 -20
      vertex -41.46670150756836 1.5385122299194336 -20
      vertex -41.15758514404297 1.5999994277954102 -20
    endloop
  endfacet
  facet normal 0 0 1
    outer loop
      vertex -46.492454528808594 10 -20
      vertex -41.15758514404297 1.5999994277954102 -20
      vertex -40.84241485595703 1.5999994277954102 -20
    endloop
  endfacet
  facet normal 0 0 1
    outer loop
      vertex -46.492454528808594 10 -20
      vertex -40.84241485595703 1.5999994277954102 -20
      vertex -40.533294677734375 1.5385122299194336 -20
    endloop
  endfacet
  facet normal 0 0 1
    outer loop
      vertex -46.492454528808594 10 -20
      vertex -40.533294677734375 1.5385122299194336 -20
      vertex -40.24211502075195 1.4179010391235352 -20
    endloop
  endfacet
  facet normal 0 0 1
    outer loop
      vertex -46.492454528808594 10 -20
      vertex -40.24211502075195 1.4179010391235352 -20
      vertex -39.98005676269531 1.2428007125854492 -20
    endloop
  endfacet
  facet normal 0 0 1
    outer loop
      vertex -46.492454528808594 10 -20
      vertex -39.98005676269531 1.2428007125854492 -20
      vertex -15.007542610168457 10 -20
    endloop
  endfacet
  facet normal 0 1 0
    outer loop
      vertex -46.492454528808594 10 -20
      vertex -15.007542610168457 10 -20
      vertex -15.007542610168457 10 -24.399999618530273
    endloop
  endfacet
  facet normal 0.19510034781027563 0.9807832860955112 0
    outer loop
      vertex -46.481285095214844 -47.58658981323242 6
      vertex -46.481285095214844 -47.58658981323242 10
      vertex -46.16250991821289 -47.650001525878906 6
    endloop
  endfacet
  facet normal 0 0 -1
    outer loop
      vertex -46.481285095214844 -47.58658981323242 6
      vertex -46.16250991821289 -47.650001525878906 6
      vertex -46.295475006103516 -49 6
    endloop
  endfacet
  facet normal 0.19510034781027563 0.9807832860955112 0
    outer loop
      vertex -46.481285095214844 -47.58658981323242 10
      vertex -46.16250991821289 -47.650001525878906 10
      vertex -46.16250991821289 -47.650001525878906 6
    endloop
  endfacet
  facet normal 0 0 -1
    outer loop
      vertex -46.481285095214844 -44.41341018676758 6
      vertex -46.295475006103516 -43 6
      vertex -46.16250991821289 -44.349998474121094 6
    endloop
  endfacet
  facet normal 0.19510034781027563 -0.9807832860955112 0
    outer loop
      vertex -46.481285095214844 -44.41341018676758 6
      vertex -46.16250991821289 -44.349998474121094 6
      vertex -46.16250991821289 -44.349998474121094 10
    endloop
  endfacet
  facet normal 0.19510034781027563 -0.9807832860955112 0
    outer loop
      vertex -46.481285095214844 -44.41341018676758 6
      vertex -46.16250991821289 -44.349998474121094 10
      vertex -46.481285095214844 -44.41341018676758 10
    endloop
  endfacet
  facet normal 0 0 1
    outer loop
      vertex -46.481285095214844 -44.41341018676758 10
      vertex -46.16250991821289 -44.349998474121094 10
      vertex -46.481285095214844 -16.586589813232422 10
    endloop
  endfacet
  facet normal 0.19509470279006122 0.9807844090029458 0
    outer loop
      vertex -46.481285095214844 -16.586589813232422 6
      vertex -46.481285095214844 -16.586589813232422 10
      vertex -46.16250991821289 -16.649999618530273 6
    endloop
  endfacet
  facet normal 0 0 -1
    outer loop
      vertex -46.481285095214844 -16.586589813232422 6
      vertex -46.16250991821289 -16.649999618530273 6
      vertex -46.295475006103516 -18 6
    endloop
  endfacet
  facet normal 0 0 1
    outer loop
      vertex -46.481285095214844 -16.586589813232422 10
      vertex -46.16250991821289 -44.349998474121094 10
      vertex -46.16250991821289 -16.649999618530273 10
    endloop
  endfacet
  facet normal 0.19509470279006122 0.9807844090029458 0
    outer loop
      vertex -46.481285095214844 -16.586589813232422 10
      vertex -46.16250991821289 -16.649999618530273 10
      vertex -46.16250991821289 -16.649999618530273 6
    endloop
  endfacet
  facet normal 0 0 -1
    outer loop
      vertex -46.481285095214844 -13.413409233093262 6
      vertex -46.295475006103516 -12 6
      vertex -46.16250991821289 -13.350000381469727 6
    endloop
  endfacet
  facet normal 0.19509188027268318 -0.9807849704454432 0
    outer loop
      vertex -46.481285095214844 -13.413409233093262 6
      vertex -46.16250991821289 -13.350000381469727 6
      vertex -46.16250991821289 -13.350000381469727 10
    endloop
  endfacet
  facet normal 0.19509188027268318 -0.9807849704454432 0
    outer loop
      vertex -46.481285095214844 -13.413409233093262 6
      vertex -46.16250991821289 -13.350000381469727 10
      vertex -46.481285095214844 -13.413409233093262 10
    endloop
  endfacet
  facet normal 0 1 0
    outer loop
      vertex -46.295475006103516 -49 -25
      vertex -46.295475006103516 -49 6
      vertex -45.704524993896484 -49 -25
    endloop
  endfacet
  facet normal 0 0 -1
    outer loop
      vertex -46.295475006103516 -49 -25
      vertex -45.704524993896484 -49 -25
      vertex -46.19245529174805 -50.69999694824219 -25
    endloop
  endfacet
  facet normal 0 0 -1
    outer loop
      vertex -46.295475006103516 -49 6
      vertex -46.16250991821289 -47.650001525878906 6
      vertex -45.704524993896484 -49 6
    endloop
  endfacet
  facet normal 0 1 0
    outer loop
      vertex -46.295475006103516 -49 6
      vertex -45.704524993896484 -49 6
      vertex -45.704524993896484 -49 -25
    endloop
  endfacet
  facet normal 0 -1 0
    outer loop
      vertex -46.295475006103516 -43 -25
      vertex -45.704524993896484 -43 -25
      vertex -45.704524993896484 -43 6
    endloop
  endfacet
  facet normal 0 -1 0
    outer loop
      vertex -46.295475006103516 -43 -25
      vertex -45.704524993896484 -43 6
      vertex -46.295475006103516 -43 6
    endloop
  endfacet
  facet normal 0 0 -1
    outer loop
      vertex -46.295475006103516 -43 -25
      vertex -41.71788787841797 -34.513824462890625 -25
      vertex -41.27044677734375 -35.59403991699219 -25
    endloop
  endfacet
  facet normal 0 0 -1
    outer loop
      vertex -46.295475006103516 -43 -25
      vertex -41.27044677734375 -35.59403991699219 -25
      vertex -45.704524993896484 -43 -25
    endloop
  endfacet
  facet normal 0 0 -1
    outer loop
      vertex -46.295475006103516 -43 6
      vertex -45.704524993896484 -43 6
      vertex -46.16250991821289 -44.349998474121094 6
    endloop
  endfacet
  facet normal 0 1 0
    outer loop
      vertex -46.295475006103516 -18 -25
      vertex -46.295475006103516 -18 6
      vertex -45.704524993896484 -18 -25
    endloop
  endfacet
  facet normal 0 0 -1
    outer loop
      vertex -46.295475006103516 -18 6
      vertex -46.16250991821289 -16.649999618530273 6
      vertex -45.704524993896484 -18 6
    endloop
  endfacet
  facet normal 0 1 0
    outer loop
      vertex -46.295475006103516 -18 6
      vertex -45.704524993896484 -18 6
      vertex -45.704524993896484 -18 -25
    endloop
  endfacet
  facet normal 0 -1 0
    outer loop
      vertex -46.295475006103516 -12 -25
      vertex -45.704524993896484 -12 -25
      vertex -45.704524993896484 -12 6
    endloop
  endfacet
  facet normal 0 -1 0
    outer loop
      vertex -46.295475006103516 -12 -25
      vertex -45.704524993896484 -12 6
      vertex -46.295475006103516 -12 6
    endloop
  endfacet
  facet normal 0 0 -1
    outer loop
      vertex -46.295475006103516 -12 -25
      vertex -42.242801666259766 -1.0199403762817383 -25
      vertex -42.01993942260742 -1.2428007125854492 -25
    endloop
  endfacet
  facet normal 0 0 -1
    outer loop
      vertex -46.295475006103516 -12 -25
      vertex -42.01993942260742 -1.2428007125854492 -25
      vertex -45.704524993896484 -12 -25
    endloop
  endfacet
  facet normal 0 0 -1
    outer loop
      vertex -46.295475006103516 -12 6
      vertex -45.704524993896484 -12 6
      vertex -46.16250991821289 -13.350000381469727 6
    endloop
  endfacet
  facet normal 0 0 -1
    outer loop
      vertex -46.19245529174805 -50.69999694824219 -25
      vertex -45.704524993896484 -49 -25
      vertex -45.12493133544922 -48.88471221923828 -25
    endloop
  endfacet
  facet normal 0 0 -1
    outer loop
      vertex -46.19245529174805 -50.69999694824219 -25
      vertex -45.12493133544922 -48.88471221923828 -25
      vertex -44.5789680480957 -48.658565521240234 -25
    endloop
  endfacet
  facet normal 0 0 -1
    outer loop
      vertex -46.19245529174805 -50.69999694824219 -25
      vertex -44.5789680480957 -48.658565521240234 -25
      vertex -44.08761215209961 -48.33025360107422 -25
    endloop
  endfacet
  facet normal 0 0 -1
    outer loop
      vertex -46.19245529174805 -50.69999694824219 -25
      vertex -44.08761215209961 -48.33025360107422 -25
      vertex -25.192461013793945 -50.69999694824219 -25
    endloop
  endfacet
  facet normal 0 -0.8944254850132668 -0.4472170074569868
    outer loop
      vertex -46.19245529174805 -50.69999694824219 -25
      vertex -25.192461013793945 -50.69999694824219 -25
      vertex -25.492462158203125 -51 -24.399999618530273
    endloop
  endfacet
  facet normal 0 0 -1
    outer loop
      vertex -46.19245529174805 9.699999809265137 -25
      vertex -42.01993942260742 1.2428007125854492 -25
      vertex -42.242801666259766 1.0199403762817383 -25
    endloop
  endfacet
  facet normal 0 0 -1
    outer loop
      vertex -46.19245529174805 9.699999809265137 -25
      vertex -41.75788497924805 1.4179010391235352 -25
      vertex -42.01993942260742 1.2428007125854492 -25
    endloop
  endfacet
  facet normal 0 0 -1
    outer loop
      vertex -46.19245529174805 9.699999809265137 -25
      vertex -41.46670150756836 1.5385122299194336 -25
      vertex -41.75788497924805 1.4179010391235352 -25
    endloop
  endfacet
  facet normal 0 0 -1
    outer loop
      vertex -46.19245529174805 9.699999809265137 -25
      vertex -41.15758514404297 1.5999994277954102 -25
      vertex -41.46670150756836 1.5385122299194336 -25
    endloop
  endfacet
  facet normal 0 0 -1
    outer loop
      vertex -46.19245529174805 9.699999809265137 -25
      vertex -40.84241485595703 1.5999994277954102 -25
      vertex -41.15758514404297 1.5999994277954102 -25
    endloop
  endfacet
  facet normal 0 0 -1
    outer loop
      vertex -46.19245529174805 9.699999809265137 -25
      vertex -40.533294677734375 1.5385122299194336 -25
      vertex -40.84241485595703 1.5999994277954102 -25
    endloop
  endfacet
  facet normal 0 0 -1
    outer loop
      vertex -46.19245529174805 9.699999809265137 -25
      vertex -40.24211502075195 1.4179010391235352 -25
      vertex -40.533294677734375 1.5385122299194336 -25
    endloop
  endfacet
  facet normal 0 0 -1
    outer loop
      vertex -46.19245529174805 9.699999809265137 -25
      vertex -39.98005676269531 1.2428007125854492 -25
      vertex -40.24211502075195 1.4179010391235352 -25
    endloop
  endfacet
  facet normal 0 0 -1
    outer loop
      vertex -46.19245529174805 9.699999809265137 -25
      vertex -15.30754280090332 9.699999809265137 -25
      vertex -39.98005676269531 1.2428007125854492 -25
    endloop
  endfacet
  facet normal 0 1 0
    outer loop
      vertex -46.16250991821289 -47.650001525878906 6
      vertex -46.16250991821289 -47.650001525878906 10
      vertex -45.83749008178711 -47.650001525878906 6
    endloop
  endfacet
  facet normal 0 0 -1
    outer loop
      vertex -46.16250991821289 -47.650001525878906 6
      vertex -45.83749008178711 -47.650001525878906 6
      vertex -45.704524993896484 -49 6
    endloop
  endfacet
  facet normal 0 1 0
    outer loop
      vertex -46.16250991821289 -47.650001525878906 10
      vertex -45.83749008178711 -47.650001525878906 10
      vertex -45.83749008178711 -47.650001525878906 6
    endloop
  endfacet
  facet normal 0 -1 0
    outer loop
      vertex -46.16250991821289 -44.349998474121094 6
      vertex -45.83749008178711 -44.349998474121094 6
      vertex -45.83749008178711 -44.349998474121094 10
    endloop
  endfacet
  facet normal 0 -1 0
    outer loop
      vertex -46.16250991821289 -44.349998474121094 6
      vertex -45.83749008178711 -44.349998474121094 10
      vertex -46.16250991821289 -44.349998474121094 10
    endloop
  endfacet
  facet normal 0 0 -1
    outer loop
      vertex -46.16250991821289 -44.349998474121094 6
      vertex -45.704524993896484 -43 6
      vertex -45.83749008178711 -44.349998474121094 6
    endloop
  endfacet
  facet normal 0 0 1
    outer loop
      vertex -46.16250991821289 -44.349998474121094 10
      vertex -45.83749008178711 -44.349998474121094 10
      vertex -46.16250991821289 -16.649999618530273 10
    endloop
  endfacet
  facet normal 0 1 0
    outer loop
      vertex -46.16250991821289 -16.649999618530273 6
      vertex -46.16250991821289 -16.649999618530273 10
      vertex -45.83749008178711 -16.649999618530273 6
    endloop
  endfacet
  facet normal 0 0 -1
    outer loop
      vertex -46.16250991821289 -16.649999618530273 6
      vertex -45.83749008178711 -16.649999618530273 6
      vertex -45.704524993896484 -18 6
    endloop
  endfacet
  facet normal 0 0 1
    outer loop
      vertex -46.16250991821289 -16.649999618530273 10
      vertex -45.83749008178711 -44.349998474121094 10
      vertex -45.83749008178711 -16.649999618530273 10
    endloop
  endfacet
  facet normal 0 1 0
    outer loop
      vertex -46.16250991821289 -16.649999618530273 10
      vertex -45.83749008178711 -16.649999618530273 10
      vertex -45.83749008178711 -16.649999618530273 6
    endloop
  endfacet
  facet normal 0 -1 0
    outer loop
      vertex -46.16250991821289 -13.350000381469727 6
      vertex -45.83749008178711 -13.350000381469727 6
      vertex -45.83749008178711 -13.350000381469727 10
    endloop
  endfacet
  facet normal 0 -1 0
    outer loop
      vertex -46.16250991821289 -13.350000381469727 6
      vertex -45.83749008178711 -13.350000381469727 10
      vertex -46.16250991821289 -13.350000381469727 10
    endloop
  endfacet
  facet normal 0 0 -1
    outer loop
      vertex -46.16250991821289 -13.350000381469727 6
      vertex -45.704524993896484 -12 6
      vertex -45.83749008178711 -13.350000381469727 6
    endloop
  endfacet
  facet normal -0.19510034781027563 0.9807832860955112 0
    outer loop
      vertex -45.83749008178711 -47.650001525878906 6
      vertex -45.83749008178711 -47.650001525878906 10
      vertex -45.518714904785156 -47.58658981323242 6
    endloop
  endfacet
  facet normal 0 0 -1
    outer loop
      vertex -45.83749008178711 -47.650001525878906 6
      vertex -45.518714904785156 -47.58658981323242 6
      vertex -45.704524993896484 -49 6
    endloop
  endfacet
  facet normal -0.19510034781027563 0.9807832860955112 0
    outer loop
      vertex -45.83749008178711 -47.650001525878906 10
      vertex -45.518714904785156 -47.58658981323242 10
      vertex -45.518714904785156 -47.58658981323242 6
    endloop
  endfacet
  facet normal 0 0 -1
    outer loop
      vertex -45.83749008178711 -44.349998474121094 6
      vertex -45.704524993896484 -43 6
      vertex -45.518714904785156 -44.41341018676758 6
    endloop
  endfacet
  facet normal -0.19510034781027563 -0.9807832860955112 0
    outer loop
      vertex -45.83749008178711 -44.349998474121094 6
      vertex -45.518714904785156 -44.41341018676758 6
      vertex -45.518714904785156 -44.41341018676758 10
    endloop
  endfacet
  facet normal -0.19510034781027563 -0.9807832860955112 0
    outer loop
      vertex -45.83749008178711 -44.349998474121094 6
      vertex -45.518714904785156 -44.41341018676758 10
      vertex -45.83749008178711 -44.349998474121094 10
    endloop
  endfacet
  facet normal 0 0 1
    outer loop
      vertex -45.83749008178711 -44.349998474121094 10
      vertex -45.518714904785156 -44.41341018676758 10
      vertex -45.83749008178711 -16.649999618530273 10
    endloop
  endfacet
  facet normal -0.19509470279006122 0.9807844090029458 0
    outer loop
      vertex -45.83749008178711 -16.649999618530273 6
      vertex -45.83749008178711 -16.649999618530273 10
      vertex -45.518714904785156 -16.586589813232422 6
    endloop
  endfacet
  facet normal 0 0 -1
    outer loop
      vertex -45.83749008178711 -16.649999618530273 6
      vertex -45.518714904785156 -16.586589813232422 6
      vertex -45.704524993896484 -18 6
    endloop
  endfacet
  facet normal 0 0 1
    outer loop
      vertex -45.83749008178711 -16.649999618530273 10
      vertex -45.518714904785156 -44.41341018676758 10
      vertex -45.518714904785156 -16.586589813232422 10
    endloop
  endfacet
  facet normal -0.19509470279006122 0.9807844090029458 0
    outer loop
      vertex -45.83749008178711 -16.649999618530273 10
      vertex -45.518714904785156 -16.586589813232422 10
      vertex -45.518714904785156 -16.586589813232422 6
    endloop
  endfacet
  facet normal 0 0 -1
    outer loop
      vertex -45.83749008178711 -13.350000381469727 6
      vertex -45.704524993896484 -12 6
      vertex -45.518714904785156 -13.413409233093262 6
    endloop
  endfacet
  facet normal -0.19509188027268318 -0.9807849704454432 0
    outer loop
      vertex -45.83749008178711 -13.350000381469727 6
      vertex -45.518714904785156 -13.413409233093262 6
      vertex -45.518714904785156 -13.413409233093262 10
    endloop
  endfacet
  facet normal -0.19509188027268318 -0.9807849704454432 0
    outer loop
      vertex -45.83749008178711 -13.350000381469727 6
      vertex -45.518714904785156 -13.413409233093262 10
      vertex -45.83749008178711 -13.350000381469727 10
    endloop
  endfacet
  facet normal -0.19508940075505646 0.9807854636530015 0
    outer loop
      vertex -45.704524993896484 -49 -25
      vertex -45.704524993896484 -49 6
      vertex -45.12493133544922 -48.88471221923828 -25
    endloop
  endfacet
  facet normal 0 0 -1
    outer loop
      vertex -45.704524993896484 -49 6
      vertex -45.518714904785156 -47.58658981323242 6
      vertex -45.12493133544922 -48.88471221923828 6
    endloop
  endfacet
  facet normal -0.19508940075505646 0.9807854636530015 0
    outer loop
      vertex -45.704524993896484 -49 6
      vertex -45.12493133544922 -48.88471221923828 6
      vertex -45.12493133544922 -48.88471221923828 -25
    endloop
  endfacet
  facet normal -0.19508940075505646 -0.9807854636530015 0
    outer loop
      vertex -45.704524993896484 -43 -25
      vertex -45.12493133544922 -43.11528778076172 -25
      vertex -45.12493133544922 -43.11528778076172 6
    endloop
  endfacet
  facet normal -0.19508940075505646 -0.9807854636530015 0
    outer loop
      vertex -45.704524993896484 -43 -25
      vertex -45.12493133544922 -43.11528778076172 6
      vertex -45.704524993896484 -43 6
    endloop
  endfacet
  facet normal 0 0 -1
    outer loop
      vertex -45.704524993896484 -43 -25
      vertex -41.27044677734375 -35.59403991699219 -25
      vertex -40.71928024291992 -36.62519836425781 -25
    endloop
  endfacet
  facet normal 0 0 -1
    outer loop
      vertex -45.704524993896484 -43 -25
      vertex -40.71928024291992 -36.62519836425781 -25
      vertex -45.12493133544922 -43.11528778076172 -25
    endloop
  endfacet
  facet normal 0 0 -1
    outer loop
      vertex -45.704524993896484 -43 6
      vertex -45.12493133544922 -43.11528778076172 6
      vertex -45.518714904785156 -44.41341018676758 6
    endloop
  endfacet
  facet normal -0.19508940075505646 0.9807854636530015 0
    outer loop
      vertex -45.704524993896484 -18 -25
      vertex -45.704524993896484 -18 6
      vertex -45.12493133544922 -17.88471221923828 -25
    endloop
  endfacet
  facet normal 0 0 -1
    outer loop
      vertex -45.704524993896484 -18 6
      vertex -45.518714904785156 -16.586589813232422 6
      vertex -45.12493133544922 -17.88471221923828 6
    endloop
  endfacet
  facet normal -0.19508940075505646 0.9807854636530015 0
    outer loop
      vertex -45.704524993896484 -18 6
      vertex -45.12493133544922 -17.88471221923828 6
      vertex -45.12493133544922 -17.88471221923828 -25
    endloop
  endfacet
  facet normal -0.19509095313605423 -0.9807851548654608 0
    outer loop
      vertex -45.704524993896484 -12 -25
      vertex -45.12493133544922 -12.115288734436035 -25
      vertex -45.12493133544922 -12.115288734436035 6
    endloop
  endfacet
  facet normal -0.19509095313605423 -0.9807851548654608 0
    outer loop
      vertex -45.704524993896484 -12 -25
      vertex -45.12493133544922 -12.115288734436035 6
      vertex -45.704524993896484 -12 6
    endloop
  endfacet
  facet normal 0 0 -1
    outer loop
      vertex -45.704524993896484 -12 -25
      vertex -42.01993942260742 -1.2428007125854492 -25
      vertex -41.75788497924805 -1.4179010391235352 -25
    endloop
  endfacet
  facet normal 0 0 -1
    outer loop
      vertex -45.704524993896484 -12 -25
      vertex -41.75788497924805 -1.4179010391235352 -25
      vertex -45.12493133544922 -12.115288734436035 -25
    endloop
  endfacet
  facet normal 0 0 -1
    outer loop
      vertex -45.704524993896484 -12 6
      vertex -45.12493133544922 -12.115288734436035 6
      vertex -45.518714904785156 -13.413409233093262 6
    endloop
  endfacet
  facet normal -0.3826769308143791 0.9238822255149663 0
    outer loop
      vertex -45.518714904785156 -47.58658981323242 6
      vertex -45.518714904785156 -47.58658981323242 10
      vertex -45.21843338012695 -47.46221160888672 6
    endloop
  endfacet
  facet normal 0 0 -1
    outer loop
      vertex -45.518714904785156 -47.58658981323242 6
      vertex -45.21843338012695 -47.46221160888672 6
      vertex -45.12493133544922 -48.88471221923828 6
    endloop
  endfacet
  facet normal -0.3826769308143791 0.9238822255149663 0
    outer loop
      vertex -45.518714904785156 -47.58658981323242 10
      vertex -45.21843338012695 -47.46221160888672 10
      vertex -45.21843338012695 -47.46221160888672 6
    endloop
  endfacet
  facet normal -0.3826769308143791 -0.9238822255149663 0
    outer loop
      vertex -45.518714904785156 -44.41341018676758 6
      vertex -45.21843338012695 -44.53778839111328 6
      vertex -45.21843338012695 -44.53778839111328 10
    endloop
  endfacet
  facet normal -0.3826769308143791 -0.9238822255149663 0
    outer loop
      vertex -45.518714904785156 -44.41341018676758 6
      vertex -45.21843338012695 -44.53778839111328 10
      vertex -45.518714904785156 -44.41341018676758 10
    endloop
  endfacet
  facet normal 0 0 -1
    outer loop
      vertex -45.518714904785156 -44.41341018676758 6
      vertex -45.12493133544922 -43.11528778076172 6
      vertex -45.21843338012695 -44.53778839111328 6
    endloop
  endfacet
  facet normal 0 0 1
    outer loop
      vertex -45.518714904785156 -44.41341018676758 10
      vertex -45.21843338012695 -44.53778839111328 10
      vertex -45.518714904785156 -16.586589813232422 10
    endloop
  endfacet
  facet normal -0.3826769308143791 0.9238822255149663 0
    outer loop
      vertex -45.518714904785156 -16.586589813232422 6
      vertex -45.518714904785156 -16.586589813232422 10
      vertex -45.21843338012695 -16.46221160888672 6
    endloop
  endfacet
  facet normal 0 0 -1
    outer loop
      vertex -45.518714904785156 -16.586589813232422 6
      vertex -45.21843338012695 -16.46221160888672 6
      vertex -45.12493133544922 -17.88471221923828 6
    endloop
  endfacet
  facet normal 0 0 1
    outer loop
      vertex -45.518714904785156 -16.586589813232422 10
      vertex -45.21843338012695 -44.53778839111328 10
      vertex -45.21843338012695 -16.46221160888672 10
    endloop
  endfacet
  facet normal -0.3826769308143791 0.9238822255149663 0
    outer loop
      vertex -45.518714904785156 -16.586589813232422 10
      vertex -45.21843338012695 -16.46221160888672 10
      vertex -45.21843338012695 -16.46221160888672 6
    endloop
  endfacet
  facet normal -0.3826819398006651 -0.9238801507503016 0
    outer loop
      vertex -45.518714904785156 -13.413409233093262 6
      vertex -45.21843338012695 -13.537789344787598 6
      vertex -45.21843338012695 -13.537789344787598 10
    endloop
  endfacet
  facet normal -0.3826819398006651 -0.9238801507503016 0
    outer loop
      vertex -45.518714904785156 -13.413409233093262 6
      vertex -45.21843338012695 -13.537789344787598 10
      vertex -45.518714904785156 -13.413409233093262 10
    endloop
  endfacet
  facet normal 0 0 -1
    outer loop
      vertex -45.518714904785156 -13.413409233093262 6
      vertex -45.12493133544922 -12.115288734436035 6
      vertex -45.21843338012695 -13.537789344787598 6
    endloop
  endfacet
  facet normal -0.5555720242424284 0.8314684154429262 0
    outer loop
      vertex -45.21843338012695 -47.46221160888672 6
      vertex -45.21843338012695 -47.46221160888672 10
      vertex -44.94818878173828 -47.281639099121094 6
    endloop
  endfacet
  facet normal 0 0 -1
    outer loop
      vertex -45.21843338012695 -47.46221160888672 6
      vertex -44.94818878173828 -47.281639099121094 6
      vertex -44.5789680480957 -48.658565521240234 6
    endloop
  endfacet
  facet normal 0 0 -1
    outer loop
      vertex -45.21843338012695 -47.46221160888672 6
      vertex -44.5789680480957 -48.658565521240234 6
      vertex -45.12493133544922 -48.88471221923828 6
    endloop
  endfacet
  facet normal -0.5555720242424284 0.8314684154429262 0
    outer loop
      vertex -45.21843338012695 -47.46221160888672 10
      vertex -44.94818878173828 -47.281639099121094 10
      vertex -44.94818878173828 -47.281639099121094 6
    endloop
  endfacet
  facet normal 0 0 1
    outer loop
      vertex -45.21843338012695 -47.46221160888672 10
      vertex -42 -51 10
      vertex -44.94818878173828 -47.281639099121094 10
    endloop
  endfacet
  facet normal 0 0 -1
    outer loop
      vertex -45.21843338012695 -44.53778839111328 6
      vertex -45.12493133544922 -43.11528778076172 6
      vertex -44.5789680480957 -43.341434478759766 6
    endloop
  endfacet
  facet normal -0.5555720242424284 -0.8314684154429262 0
    outer loop
      vertex -45.21843338012695 -44.53778839111328 6
      vertex -44.94818878173828 -44.718360900878906 6
      vertex -44.94818878173828 -44.718360900878906 10
    endloop
  endfacet
  facet normal -0.5555720242424284 -0.8314684154429262 0
    outer loop
      vertex -45.21843338012695 -44.53778839111328 6
      vertex -44.94818878173828 -44.718360900878906 10
      vertex -45.21843338012695 -44.53778839111328 10
    endloop
  endfacet
  facet normal 0 0 -1
    outer loop
      vertex -45.21843338012695 -44.53778839111328 6
      vertex -44.5789680480957 -43.341434478759766 6
      vertex -44.94818878173828 -44.718360900878906 6
    endloop
  endfacet
  facet normal 0 0 1
    outer loop
      vertex -45.21843338012695 -44.53778839111328 10
      vertex -44.94818878173828 -44.718360900878906 10
      vertex -45.21843338012695 -16.46221160888672 10
    endloop
  endfacet
  facet normal -0.5555720242424284 0.8314684154429262 0
    outer loop
      vertex -45.21843338012695 -16.46221160888672 6
      vertex -45.21843338012695 -16.46221160888672 10
      vertex -44.94818878173828 -16.281639099121094 6
    endloop
  endfacet
  facet normal 0 0 -1
    outer loop
      vertex -45.21843338012695 -16.46221160888672 6
      vertex -44.94818878173828 -16.281639099121094 6
      vertex -44.5789680480957 -17.658565521240234 6
    endloop
  endfacet
  facet normal 0 0 -1
    outer loop
      vertex -45.21843338012695 -16.46221160888672 6
      vertex -44.5789680480957 -17.658565521240234 6
      vertex -45.12493133544922 -17.88471221923828 6
    endloop
  endfacet
  facet normal 0 0 1
    outer loop
      vertex -45.21843338012695 -16.46221160888672 10
      vertex -44.94818878173828 -44.718360900878906 10
      vertex -44.94818878173828 -16.281639099121094 10
    endloop
  endfacet
  facet normal -0.5555720242424284 0.8314684154429262 0
    outer loop
      vertex -45.21843338012695 -16.46221160888672 10
      vertex -44.94818878173828 -16.281639099121094 10
      vertex -44.94818878173828 -16.281639099121094 6
    endloop
  endfacet
  facet normal 0 0 -1
    outer loop
      vertex -45.21843338012695 -13.537789344787598 6
      vertex -45.12493133544922 -12.115288734436035 6
      vertex -44.5789680480957 -12.341435432434082 6
    endloop
  endfacet
  facet normal -0.5555720242424284 -0.8314684154429262 0
    outer loop
      vertex -45.21843338012695 -13.537789344787598 6
      vertex -44.94818878173828 -13.718361854553223 6
      vertex -44.94818878173828 -13.718361854553223 10
    endloop
  endfacet
  facet normal -0.5555720242424284 -0.8314684154429262 0
    outer loop
      vertex -45.21843338012695 -13.537789344787598 6
      vertex -44.94818878173828 -13.718361854553223 10
      vertex -45.21843338012695 -13.537789344787598 10
    endloop
  endfacet
  facet normal 0 0 -1
    outer loop
      vertex -45.21843338012695 -13.537789344787598 6
      vertex -44.5789680480957 -12.341435432434082 6
      vertex -44.94818878173828 -13.718361854553223 6
    endloop
  endfacet
  facet normal 0 0 1
    outer loop
      vertex -45.21843338012695 -13.537789344787598 10
      vertex -44.94818878173828 -13.718361854553223 10
      vertex -42 -10.09999942779541 10
    endloop
  endfacet
  facet normal -0.3826853097993421 0.9238787548503221 0
    outer loop
      vertex -45.12493133544922 -48.88471221923828 -25
      vertex -45.12493133544922 -48.88471221923828 6
      vertex -44.5789680480957 -48.658565521240234 -25
    endloop
  endfacet
  facet normal -0.3826853097993421 0.9238787548503221 0
    outer loop
      vertex -45.12493133544922 -48.88471221923828 6
      vertex -44.5789680480957 -48.658565521240234 6
      vertex -44.5789680480957 -48.658565521240234 -25
    endloop
  endfacet
  facet normal -0.3826853097993421 -0.9238787548503221 0
    outer loop
      vertex -45.12493133544922 -43.11528778076172 -25
      vertex -44.5789680480957 -43.341434478759766 -25
      vertex -44.5789680480957 -43.341434478759766 6
    endloop
  endfacet
  facet normal -0.3826853097993421 -0.9238787548503221 0
    outer loop
      vertex -45.12493133544922 -43.11528778076172 -25
      vertex -44.5789680480957 -43.341434478759766 6
      vertex -45.12493133544922 -43.11528778076172 6
    endloop
  endfacet
  facet normal 0 0 -1
    outer loop
      vertex -45.12493133544922 -43.11528778076172 -25
      vertex -40.71928024291992 -36.62519836425781 -25
      vertex -40.06969451904297 -37.59737014770508 -25
    endloop
  endfacet
  facet normal 0 0 -1
    outer loop
      vertex -45.12493133544922 -43.11528778076172 -25
      vertex -40.06969451904297 -37.59737014770508 -25
      vertex -44.5789680480957 -43.341434478759766 -25
    endloop
  endfacet
  facet normal -0.3826853097993421 0.9238787548503221 0
    outer loop
      vertex -45.12493133544922 -17.88471221923828 -25
      vertex -45.12493133544922 -17.88471221923828 6
      vertex -44.5789680480957 -17.658565521240234 -25
    endloop
  endfacet
  facet normal 0 0 -1
    outer loop
      vertex -45.12493133544922 -17.88471221923828 -25
      vertex -44.5789680480957 -17.658565521240234 -25
      vertex -42.400001525878906 -31.084609985351562 -25
    endloop
  endfacet
  facet normal -0.3826853097993421 0.9238787548503221 0
    outer loop
      vertex -45.12493133544922 -17.88471221923828 6
      vertex -44.5789680480957 -17.658565521240234 6
      vertex -44.5789680480957 -17.658565521240234 -25
    endloop
  endfacet
  facet normal -0.3826853097993421 -0.9238787548503221 0
    outer loop
      vertex -45.12493133544922 -12.115288734436035 -25
      vertex -44.5789680480957 -12.341435432434082 -25
      vertex -44.5789680480957 -12.341435432434082 6
    endloop
  endfacet
  facet normal -0.3826853097993421 -0.9238787548503221 0
    outer loop
      vertex -45.12493133544922 -12.115288734436035 -25
      vertex -44.5789680480957 -12.341435432434082 6
      vertex -45.12493133544922 -12.115288734436035 6
    endloop
  endfacet
  facet normal 0 0 -1
    outer loop
      vertex -45.12493133544922 -12.115288734436035 -25
      vertex -41.75788497924805 -1.4179010391235352 -25
      vertex -41.46670150756836 -1.5385122299194336 -25
    endloop
  endfacet
  facet normal 0 0 -1
    outer loop
      vertex -45.12493133544922 -12.115288734436035 -25
      vertex -41.46670150756836 -1.5385122299194336 -25
      vertex -44.5789680480957 -12.341435432434082 -25
    endloop
  endfacet
  facet normal -0.7071067811865476 0.7071067811865476 0
    outer loop
      vertex -44.94818878173828 -47.281639099121094 6
      vertex -44.94818878173828 -47.281639099121094 10
      vertex -44.718360900878906 -47.05181121826172 10
    endloop
  endfacet
  facet normal 0 0 -1
    outer loop
      vertex -44.94818878173828 -47.281639099121094 6
      vertex -44.718360900878906 -47.05181121826172 6
      vertex -44.08761215209961 -48.33025360107422 6
    endloop
  endfacet
  facet normal -0.7071067811865476 0.7071067811865476 0
    outer loop
      vertex -44.94818878173828 -47.281639099121094 6
      vertex -44.718360900878906 -47.05181121826172 10
      vertex -44.718360900878906 -47.05181121826172 6
    endloop
  endfacet
  facet normal 0 0 -1
    outer loop
      vertex -44.94818878173828 -47.281639099121094 6
      vertex -44.08761215209961 -48.33025360107422 6
      vertex -44.5789680480957 -48.658565521240234 6
    endloop
  endfacet
  facet normal 0 0 1
    outer loop
      vertex -44.94818878173828 -47.281639099121094 10
      vertex -42 -51 10
      vertex -44.718360900878906 -47.05181121826172 10
    endloop
  endfacet
  facet normal -0.7071067811865476 -0.7071067811865476 0
    outer loop
      vertex -44.94818878173828 -44.718360900878906 6
      vertex -44.718360900878906 -44.94818878173828 6
      vertex -44.94818878173828 -44.718360900878906 10
    endloop
  endfacet
  facet normal 0 0 -1
    outer loop
      vertex -44.94818878173828 -44.718360900878906 6
      vertex -44.5789680480957 -43.341434478759766 6
      vertex -44.08761215209961 -43.66974639892578 6
    endloop
  endfacet
  facet normal 0 0 -1
    outer loop
      vertex -44.94818878173828 -44.718360900878906 6
      vertex -44.08761215209961 -43.66974639892578 6
      vertex -44.718360900878906 -44.94818878173828 6
    endloop
  endfacet
  facet normal -0.7071067811865476 -0.7071067811865476 0
    outer loop
      vertex -44.94818878173828 -44.718360900878906 10
      vertex -44.718360900878906 -44.94818878173828 6
      vertex -44.718360900878906 -44.94818878173828 10
    endloop
  endfacet
  facet normal 0 0 1
    outer loop
      vertex -44.94818878173828 -44.718360900878906 10
      vertex -44.718360900878906 -44.94818878173828 10
      vertex -44.94818878173828 -16.281639099121094 10
    endloop
  endfacet
  facet normal -0.7071038470178513 0.7071097153430683 0
    outer loop
      vertex -44.94818878173828 -16.281639099121094 6
      vertex -44.94818878173828 -16.281639099121094 10
      vertex -44.718360900878906 -16.05181312561035 6
    endloop
  endfacet
  facet normal 0 0 -1
    outer loop
      vertex -44.94818878173828 -16.281639099121094 6
      vertex -44.718360900878906 -16.05181312561035 6
      vertex -44.08761215209961 -17.330251693725586 6
    endloop
  endfacet
  facet normal 0 0 -1
    outer loop
      vertex -44.94818878173828 -16.281639099121094 6
      vertex -44.08761215209961 -17.330251693725586 6
      vertex -44.5789680480957 -17.658565521240234 6
    endloop
  endfacet
  facet normal 0 0 1
    outer loop
      vertex -44.94818878173828 -16.281639099121094 10
      vertex -44.718360900878906 -44.94818878173828 10
      vertex -44.718360900878906 -16.05181312561035 10
    endloop
  endfacet
  facet normal -0.7071038470178513 0.7071097153430683 0
    outer loop
      vertex -44.94818878173828 -16.281639099121094 10
      vertex -44.718360900878906 -16.05181312561035 10
      vertex -44.718360900878906 -16.05181312561035 6
    endloop
  endfacet
  facet normal -0.7071023799198058 -0.7071111824258944 0
    outer loop
      vertex -44.94818878173828 -13.718361854553223 6
      vertex -44.718360900878906 -13.948186874389648 6
      vertex -44.718360900878906 -13.948186874389648 10
    endloop
  endfacet
  facet normal -0.7071023799198058 -0.7071111824258944 0
    outer loop
      vertex -44.94818878173828 -13.718361854553223 6
      vertex -44.718360900878906 -13.948186874389648 10
      vertex -44.94818878173828 -13.718361854553223 10
    endloop
  endfacet
  facet normal 0 0 -1
    outer loop
      vertex -44.94818878173828 -13.718361854553223 6
      vertex -44.5789680480957 -12.341435432434082 6
      vertex -44.08761215209961 -12.669748306274414 6
    endloop
  endfacet
  facet normal 0 0 -1
    outer loop
      vertex -44.94818878173828 -13.718361854553223 6
      vertex -44.08761215209961 -12.669748306274414 6
      vertex -44.718360900878906 -13.948186874389648 6
    endloop
  endfacet
  facet normal 0 0 1
    outer loop
      vertex -44.94818878173828 -13.718361854553223 10
      vertex -44.718360900878906 -13.948186874389648 10
      vertex -42 -10.09999942779541 10
    endloop
  endfacet
  facet normal -0.8314684154429262 0.5555720242424284 0
    outer loop
      vertex -44.718360900878906 -47.05181121826172 6
      vertex -44.718360900878906 -47.05181121826172 10
      vertex -44.53778839111328 -46.78156661987305 10
    endloop
  endfacet
  facet normal 0 0 -1
    outer loop
      vertex -44.718360900878906 -47.05181121826172 6
      vertex -44.53778839111328 -46.78156661987305 6
      vertex -43.66974639892578 -47.91238784790039 6
    endloop
  endfacet
  facet normal -0.8314684154429262 0.5555720242424284 0
    outer loop
      vertex -44.718360900878906 -47.05181121826172 6
      vertex -44.53778839111328 -46.78156661987305 10
      vertex -44.53778839111328 -46.78156661987305 6
    endloop
  endfacet
  facet normal 0 0 -1
    outer loop
      vertex -44.718360900878906 -47.05181121826172 6
      vertex -43.66974639892578 -47.91238784790039 6
      vertex -44.08761215209961 -48.33025360107422 6
    endloop
  endfacet
  facet normal 0 0 1
    outer loop
      vertex -44.718360900878906 -47.05181121826172 10
      vertex -42 -51 10
      vertex -44.53778839111328 -46.78156661987305 10
    endloop
  endfacet
  facet normal -0.8314684154429262 -0.5555720242424284 0
    outer loop
      vertex -44.718360900878906 -44.94818878173828 6
      vertex -44.53778839111328 -45.21843338012695 6
      vertex -44.718360900878906 -44.94818878173828 10
    endloop
  endfacet
  facet normal 0 0 -1
    outer loop
      vertex -44.718360900878906 -44.94818878173828 6
      vertex -44.08761215209961 -43.66974639892578 6
      vertex -43.66974639892578 -44.08761215209961 6
    endloop
  endfacet
  facet normal 0 0 -1
    outer loop
      vertex -44.718360900878906 -44.94818878173828 6
      vertex -43.66974639892578 -44.08761215209961 6
      vertex -44.53778839111328 -45.21843338012695 6
    endloop
  endfacet
  facet normal -0.8314684154429262 -0.5555720242424284 0
    outer loop
      vertex -44.718360900878906 -44.94818878173828 10
      vertex -44.53778839111328 -45.21843338012695 6
      vertex -44.53778839111328 -45.21843338012695 10
    endloop
  endfacet
  facet normal 0 0 1
    outer loop
      vertex -44.718360900878906 -44.94818878173828 10
      vertex -44.53778839111328 -45.21843338012695 10
      vertex -44.718360900878906 -16.05181312561035 10
    endloop
  endfacet
  facet normal -0.831469321108729 0.5555706688216986 0
    outer loop
      vertex -44.718360900878906 -16.05181312561035 6
      vertex -44.718360900878906 -16.05181312561035 10
      vertex -44.53778839111328 -15.781567573547363 10
    endloop
  endfacet
  facet normal 0 0 -1
    outer loop
      vertex -44.718360900878906 -16.05181312561035 6
      vertex -44.53778839111328 -15.781567573547363 6
      vertex -43.66974639892578 -16.91238784790039 6
    endloop
  endfacet
  facet normal -0.831469321108729 0.5555706688216986 0
    outer loop
      vertex -44.718360900878906 -16.05181312561035 6
      vertex -44.53778839111328 -15.781567573547363 10
      vertex -44.53778839111328 -15.781567573547363 6
    endloop
  endfacet
  facet normal 0 0 -1
    outer loop
      vertex -44.718360900878906 -16.05181312561035 6
      vertex -43.66974639892578 -16.91238784790039 6
      vertex -44.08761215209961 -17.330251693725586 6
    endloop
  endfacet
  facet normal 0 0 1
    outer loop
      vertex -44.718360900878906 -16.05181312561035 10
      vertex -44.53778839111328 -45.21843338012695 10
      vertex -44.53778839111328 -15.781567573547363 10
    endloop
  endfacet
  facet normal -0.831469321108729 -0.5555706688216986 0
    outer loop
      vertex -44.718360900878906 -13.948186874389648 6
      vertex -44.53778839111328 -14.218432426452637 6
      vertex -44.718360900878906 -13.948186874389648 10
    endloop
  endfacet
  facet normal 0 0 -1
    outer loop
      vertex -44.718360900878906 -13.948186874389648 6
      vertex -44.08761215209961 -12.669748306274414 6
      vertex -43.66974639892578 -13.08761215209961 6
    endloop
  endfacet
  facet normal 0 0 -1
    outer loop
      vertex -44.718360900878906 -13.948186874389648 6
      vertex -43.66974639892578 -13.08761215209961 6
      vertex -44.53778839111328 -14.218432426452637 6
    endloop
  endfacet
  facet normal -0.831469321108729 -0.5555706688216986 0
    outer loop
      vertex -44.718360900878906 -13.948186874389648 10
      vertex -44.53778839111328 -14.218432426452637 6
      vertex -44.53778839111328 -14.218432426452637 10
    endloop
  endfacet
  facet normal 0 0 1
    outer loop
      vertex -44.718360900878906 -13.948186874389648 10
      vertex -44.53778839111328 -14.218432426452637 10
      vertex -42 -10.09999942779541 10
    endloop
  endfacet
  facet normal -0.5555683692089854 0.8314708576579628 0
    outer loop
      vertex -44.5789680480957 -48.658565521240234 -25
      vertex -44.5789680480957 -48.658565521240234 6
      vertex -44.08761215209961 -48.33025360107422 -25
    endloop
  endfacet
  facet normal -0.5555683692089854 0.8314708576579628 0
    outer loop
      vertex -44.5789680480957 -48.658565521240234 6
      vertex -44.08761215209961 -48.33025360107422 6
      vertex -44.08761215209961 -48.33025360107422 -25
    endloop
  endfacet
  facet normal -0.5555683692089854 -0.8314708576579628 0
    outer loop
      vertex -44.5789680480957 -43.341434478759766 -25
      vertex -44.08761215209961 -43.66974639892578 -25
      vertex -44.08761215209961 -43.66974639892578 6
    endloop
  endfacet
  facet normal -0.5555683692089854 -0.8314708576579628 0
    outer loop
      vertex -44.5789680480957 -43.341434478759766 -25
      vertex -44.08761215209961 -43.66974639892578 6
      vertex -44.5789680480957 -43.341434478759766 6
    endloop
  endfacet
  facet normal 0 0 -1
    outer loop
      vertex -44.5789680480957 -43.341434478759766 -25
      vertex -40.06969451904297 -37.59737014770508 -25
      vertex -39.32794952392578 -38.501190185546875 -25
    endloop
  endfacet
  facet normal 0 0 -1
    outer loop
      vertex -44.5789680480957 -43.341434478759766 -25
      vertex -39.32794952392578 -38.501190185546875 -25
      vertex -44.08761215209961 -43.66974639892578 -25
    endloop
  endfacet
  facet normal -0.5555706005905418 0.831469366699378 0
    outer loop
      vertex -44.5789680480957 -17.658565521240234 -25
      vertex -44.5789680480957 -17.658565521240234 6
      vertex -44.08761215209961 -17.330251693725586 -25
    endloop
  endfacet
  facet normal 0 0 -1
    outer loop
      vertex -44.5789680480957 -17.658565521240234 -25
      vertex -44.08761215209961 -17.330251693725586 -25
      vertex -42.400001525878906 -31.084609985351562 -25
    endloop
  endfacet
  facet normal -0.5555706005905418 0.831469366699378 0
    outer loop
      vertex -44.5789680480957 -17.658565521240234 6
      vertex -44.08761215209961 -17.330251693725586 6
      vertex -44.08761215209961 -17.330251693725586 -25
    endloop
  endfacet
  facet normal -0.555569484901264 -0.8314701121787507 0
    outer loop
      vertex -44.5789680480957 -12.341435432434082 -25
      vertex -44.08761215209961 -12.669748306274414 -25
      vertex -44.08761215209961 -12.669748306274414 6
    endloop
  endfacet
  facet normal -0.555569484901264 -0.8314701121787507 0
    outer loop
      vertex -44.5789680480957 -12.341435432434082 -25
      vertex -44.08761215209961 -12.669748306274414 6
      vertex -44.5789680480957 -12.341435432434082 6
    endloop
  endfacet
  facet normal 0 0 -1
    outer loop
      vertex -44.5789680480957 -12.341435432434082 -25
      vertex -41.46670150756836 -1.5385122299194336 -25
      vertex -41.15758514404297 -1.5999994277954102 -25
    endloop
  endfacet
  facet normal 0 0 -1
    outer loop
      vertex -44.5789680480957 -12.341435432434082 -25
      vertex -41.15758514404297 -1.5999994277954102 -25
      vertex -44.08761215209961 -12.669748306274414 -25
    endloop
  endfacet
  facet normal -0.9238822255149663 0.3826769308143791 0
    outer loop
      vertex -44.53778839111328 -46.78156661987305 6
      vertex -44.53778839111328 -46.78156661987305 10
      vertex -44.41341018676758 -46.481285095214844 10
    endloop
  endfacet
  facet normal 0 0 -1
    outer loop
      vertex -44.53778839111328 -46.78156661987305 6
      vertex -44.41341018676758 -46.481285095214844 6
      vertex -43.341434478759766 -47.4210319519043 6
    endloop
  endfacet
  facet normal -0.9238822255149663 0.3826769308143791 0
    outer loop
      vertex -44.53778839111328 -46.78156661987305 6
      vertex -44.41341018676758 -46.481285095214844 10
      vertex -44.41341018676758 -46.481285095214844 6
    endloop
  endfacet
  facet normal 0 0 -1
    outer loop
      vertex -44.53778839111328 -46.78156661987305 6
      vertex -43.341434478759766 -47.4210319519043 6
      vertex -43.66974639892578 -47.91238784790039 6
    endloop
  endfacet
  facet normal 0 0 1
    outer loop
      vertex -44.53778839111328 -46.78156661987305 10
      vertex -42 -51 10
      vertex -44.41341018676758 -46.481285095214844 10
    endloop
  endfacet
  facet normal -0.9238822255149663 -0.3826769308143791 0
    outer loop
      vertex -44.53778839111328 -45.21843338012695 6
      vertex -44.41341018676758 -45.518714904785156 6
      vertex -44.53778839111328 -45.21843338012695 10
    endloop
  endfacet
  facet normal 0 0 -1
    outer loop
      vertex -44.53778839111328 -45.21843338012695 6
      vertex -43.66974639892578 -44.08761215209961 6
      vertex -43.341434478759766 -44.5789680480957 6
    endloop
  endfacet
  facet normal 0 0 -1
    outer loop
      vertex -44.53778839111328 -45.21843338012695 6
      vertex -43.341434478759766 -44.5789680480957 6
      vertex -44.41341018676758 -45.518714904785156 6
    endloop
  endfacet
  facet normal -0.9238822255149663 -0.3826769308143791 0
    outer loop
      vertex -44.53778839111328 -45.21843338012695 10
      vertex -44.41341018676758 -45.518714904785156 6
      vertex -44.41341018676758 -45.518714904785156 10
    endloop
  endfacet
  facet normal 0 0 1
    outer loop
      vertex -44.53778839111328 -45.21843338012695 10
      vertex -44.41341018676758 -45.518714904785156 10
      vertex -44.53778839111328 -15.781567573547363 10
    endloop
  endfacet
  facet normal -0.9238817958257876 0.38267796819482264 0
    outer loop
      vertex -44.53778839111328 -15.781567573547363 6
      vertex -44.53778839111328 -15.781567573547363 10
      vertex -44.41341018676758 -15.481287002563477 10
    endloop
  endfacet
  facet normal 0 0 -1
    outer loop
      vertex -44.53778839111328 -15.781567573547363 6
      vertex -44.41341018676758 -15.481287002563477 6
      vertex -43.341434478759766 -16.421031951904297 6
    endloop
  endfacet
  facet normal -0.9238817958257876 0.38267796819482264 0
    outer loop
      vertex -44.53778839111328 -15.781567573547363 6
      vertex -44.41341018676758 -15.481287002563477 10
      vertex -44.41341018676758 -15.481287002563477 6
    endloop
  endfacet
  facet normal 0 0 -1
    outer loop
      vertex -44.53778839111328 -15.781567573547363 6
      vertex -43.341434478759766 -16.421031951904297 6
      vertex -43.66974639892578 -16.91238784790039 6
    endloop
  endfacet
  facet normal 0 0 1
    outer loop
      vertex -44.53778839111328 -15.781567573547363 10
      vertex -44.41341018676758 -45.518714904785156 10
      vertex -44.41341018676758 -15.481287002563477 10
    endloop
  endfacet
  facet normal -0.9238817958257876 -0.38267796819482264 0
    outer loop
      vertex -44.53778839111328 -14.218432426452637 6
      vertex -44.41341018676758 -14.518712997436523 6
      vertex -44.53778839111328 -14.218432426452637 10
    endloop
  endfacet
  facet normal 0 0 -1
    outer loop
      vertex -44.53778839111328 -14.218432426452637 6
      vertex -43.66974639892578 -13.08761215209961 6
      vertex -43.341434478759766 -13.578968048095703 6
    endloop
  endfacet
  facet normal 0 0 -1
    outer loop
      vertex -44.53778839111328 -14.218432426452637 6
      vertex -43.341434478759766 -13.578968048095703 6
      vertex -44.41341018676758 -14.518712997436523 6
    endloop
  endfacet
  facet normal -0.9238817958257876 -0.38267796819482264 0
    outer loop
      vertex -44.53778839111328 -14.218432426452637 10
      vertex -44.41341018676758 -14.518712997436523 6
      vertex -44.41341018676758 -14.518712997436523 10
    endloop
  endfacet
  facet normal 0 0 1
    outer loop
      vertex -44.53778839111328 -14.218432426452637 10
      vertex -44.41341018676758 -14.518712997436523 10
      vertex -42 -10.09999942779541 10
    endloop
  endfacet
  facet normal -0.9807832860955112 0.19510034781027563 0
    outer loop
      vertex -44.41341018676758 -46.481285095214844 6
      vertex -44.41341018676758 -46.481285095214844 10
      vertex -44.349998474121094 -46.16250991821289 10
    endloop
  endfacet
  facet normal 0 0 -1
    outer loop
      vertex -44.41341018676758 -46.481285095214844 6
      vertex -44.349998474121094 -46.16250991821289 6
      vertex -43.11528778076172 -46.87506866455078 6
    endloop
  endfacet
  facet normal -0.9807832860955112 0.19510034781027563 0
    outer loop
      vertex -44.41341018676758 -46.481285095214844 6
      vertex -44.349998474121094 -46.16250991821289 10
      vertex -44.349998474121094 -46.16250991821289 6
    endloop
  endfacet
  facet normal 0 0 -1
    outer loop
      vertex -44.41341018676758 -46.481285095214844 6
      vertex -43.11528778076172 -46.87506866455078 6
      vertex -43.341434478759766 -47.4210319519043 6
    endloop
  endfacet
  facet normal 0 0 1
    outer loop
      vertex -44.41341018676758 -46.481285095214844 10
      vertex -42 -51 10
      vertex -44.349998474121094 -46.16250991821289 10
    endloop
  endfacet
  facet normal -0.9807832860955112 -0.19510034781027563 0
    outer loop
      vertex -44.41341018676758 -45.518714904785156 6
      vertex -44.349998474121094 -45.83749008178711 6
      vertex -44.41341018676758 -45.518714904785156 10
    endloop
  endfacet
  facet normal 0 0 -1
    outer loop
      vertex -44.41341018676758 -45.518714904785156 6
      vertex -43.341434478759766 -44.5789680480957 6
      vertex -43.11528778076172 -45.12493133544922 6
    endloop
  endfacet
  facet normal 0 0 -1
    outer loop
      vertex -44.41341018676758 -45.518714904785156 6
      vertex -43.11528778076172 -45.12493133544922 6
      vertex -44.349998474121094 -45.83749008178711 6
    endloop
  endfacet
  facet normal -0.9807832860955112 -0.19510034781027563 0
    outer loop
      vertex -44.41341018676758 -45.518714904785156 10
      vertex -44.349998474121094 -45.83749008178711 6
      vertex -44.349998474121094 -45.83749008178711 10
    endloop
  endfacet
  facet normal 0 0 1
    outer loop
      vertex -44.41341018676758 -45.518714904785156 10
      vertex -44.349998474121094 -45.83749008178711 10
      vertex -42 -51 10
    endloop
  endfacet
  facet normal 0 0 1
    outer loop
      vertex -44.41341018676758 -45.518714904785156 10
      vertex -42 -51 10
      vertex -44.41341018676758 -15.481287002563477 10
    endloop
  endfacet
  facet normal -0.9807835094686675 0.19509922489421663 0
    outer loop
      vertex -44.41341018676758 -15.481287002563477 6
      vertex -44.41341018676758 -15.481287002563477 10
      vertex -44.349998474121094 -15.16250991821289 10
    endloop
  endfacet
  facet normal 0 0 -1
    outer loop
      vertex -44.41341018676758 -15.481287002563477 6
      vertex -44.349998474121094 -15.16250991821289 6
      vertex -43.11528778076172 -15.875067710876465 6
    endloop
  endfacet
  facet normal -0.9807835094686675 0.19509922489421663 0
    outer loop
      vertex -44.41341018676758 -15.481287002563477 6
      vertex -44.349998474121094 -15.16250991821289 10
      vertex -44.349998474121094 -15.16250991821289 6
    endloop
  endfacet
  facet normal 0 0 -1
    outer loop
      vertex -44.41341018676758 -15.481287002563477 6
      vertex -43.11528778076172 -15.875067710876465 6
      vertex -43.341434478759766 -16.421031951904297 6
    endloop
  endfacet
  facet normal 0 0 1
    outer loop
      vertex -44.41341018676758 -15.481287002563477 10
      vertex -42 -51 10
      vertex -42 -10.09999942779541 10
    endloop
  endfacet
  facet normal 0 0 1
    outer loop
      vertex -44.41341018676758 -15.481287002563477 10
      vertex -42 -10.09999942779541 10
      vertex -44.349998474121094 -15.16250991821289 10
    endloop
  endfacet
  facet normal -0.9807835094686675 -0.19509922489421663 0
    outer loop
      vertex -44.41341018676758 -14.518712997436523 6
      vertex -44.349998474121094 -14.83749008178711 6
      vertex -44.41341018676758 -14.518712997436523 10
    endloop
  endfacet
  facet normal 0 0 -1
    outer loop
      vertex -44.41341018676758 -14.518712997436523 6
      vertex -43.341434478759766 -13.578968048095703 6
      vertex -43.11528778076172 -14.124932289123535 6
    endloop
  endfacet
  facet normal 0 0 -1
    outer loop
      vertex -44.41341018676758 -14.518712997436523 6
      vertex -43.11528778076172 -14.124932289123535 6
      vertex -44.349998474121094 -14.83749008178711 6
    endloop
  endfacet
  facet normal -0.9807835094686675 -0.19509922489421663 0
    outer loop
      vertex -44.41341018676758 -14.518712997436523 10
      vertex -44.349998474121094 -14.83749008178711 6
      vertex -44.349998474121094 -14.83749008178711 10
    endloop
  endfacet
  facet normal 0 0 1
    outer loop
      vertex -44.41341018676758 -14.518712997436523 10
      vertex -44.349998474121094 -14.83749008178711 10
      vertex -42 -10.09999942779541 10
    endloop
  endfacet
  facet normal -1 0 0
    outer loop
      vertex -44.349998474121094 -46.16250991821289 6
      vertex -44.349998474121094 -46.16250991821289 10
      vertex -44.349998474121094 -45.83749008178711 10
    endloop
  endfacet
  facet normal 0 0 -1
    outer loop
      vertex -44.349998474121094 -46.16250991821289 6
      vertex -44.349998474121094 -45.83749008178711 6
      vertex -43 -45.704524993896484 6
    endloop
  endfacet
  facet normal -1 0 0
    outer loop
      vertex -44.349998474121094 -46.16250991821289 6
      vertex -44.349998474121094 -45.83749008178711 10
      vertex -44.349998474121094 -45.83749008178711 6
    endloop
  endfacet
  facet normal 0 0 -1
    outer loop
      vertex -44.349998474121094 -46.16250991821289 6
      vertex -43 -46.295475006103516 6
      vertex -43.11528778076172 -46.87506866455078 6
    endloop
  endfacet
  facet normal 0 0 -1
    outer loop
      vertex -44.349998474121094 -46.16250991821289 6
      vertex -43 -45.704524993896484 6
      vertex -43 -46.295475006103516 6
    endloop
  endfacet
  facet normal 0 0 1
    outer loop
      vertex -44.349998474121094 -46.16250991821289 10
      vertex -42 -51 10
      vertex -44.349998474121094 -45.83749008178711 10
    endloop
  endfacet
  facet normal 0 0 -1
    outer loop
      vertex -44.349998474121094 -45.83749008178711 6
      vertex -43.11528778076172 -45.12493133544922 6
      vertex -43 -45.704524993896484 6
    endloop
  endfacet
  facet normal -1 0 0
    outer loop
      vertex -44.349998474121094 -15.16250991821289 6
      vertex -44.349998474121094 -15.16250991821289 10
      vertex -44.349998474121094 -14.83749008178711 10
    endloop
  endfacet
  facet normal 0 0 -1
    outer loop
      vertex -44.349998474121094 -15.16250991821289 6
      vertex -44.349998474121094 -14.83749008178711 6
      vertex -43 -14.7045259475708 6
    endloop
  endfacet
  facet normal -1 0 0
    outer loop
      vertex -44.349998474121094 -15.16250991821289 6
      vertex -44.349998474121094 -14.83749008178711 10
      vertex -44.349998474121094 -14.83749008178711 6
    endloop
  endfacet
  facet normal 0 0 -1
    outer loop
      vertex -44.349998474121094 -15.16250991821289 6
      vertex -43 -15.2954740524292 6
      vertex -43.11528778076172 -15.875067710876465 6
    endloop
  endfacet
  facet normal 0 0 -1
    outer loop
      vertex -44.349998474121094 -15.16250991821289 6
      vertex -43 -14.7045259475708 6
      vertex -43 -15.2954740524292 6
    endloop
  endfacet
  facet normal 0 0 1
    outer loop
      vertex -44.349998474121094 -15.16250991821289 10
      vertex -42 -10.09999942779541 10
      vertex -44.349998474121094 -14.83749008178711 10
    endloop
  endfacet
  facet normal 0 0 -1
    outer loop
      vertex -44.349998474121094 -14.83749008178711 6
      vertex -43.11528778076172 -14.124932289123535 6
      vertex -43 -14.7045259475708 6
    endloop
  endfacet
  facet normal -0.7071067811865476 0.7071067811865476 0
    outer loop
      vertex -44.08761215209961 -48.33025360107422 -25
      vertex -44.08761215209961 -48.33025360107422 6
      vertex -43.66974639892578 -47.91238784790039 6
    endloop
  endfacet
  facet normal 0 0 -1
    outer loop
      vertex -44.08761215209961 -48.33025360107422 -25
      vertex -43.66974639892578 -47.91238784790039 -25
      vertex -25.192461013793945 -50.69999694824219 -25
    endloop
  endfacet
  facet normal -0.7071067811865476 0.7071067811865476 0
    outer loop
      vertex -44.08761215209961 -48.33025360107422 -25
      vertex -43.66974639892578 -47.91238784790039 6
      vertex -43.66974639892578 -47.91238784790039 -25
    endloop
  endfacet
  facet normal -0.7071067811865476 -0.7071067811865476 0
    outer loop
      vertex -44.08761215209961 -43.66974639892578 -25
      vertex -43.66974639892578 -44.08761215209961 -25
      vertex -44.08761215209961 -43.66974639892578 6
    endloop
  endfacet
  facet normal 0 0 -1
    outer loop
      vertex -44.08761215209961 -43.66974639892578 -25
      vertex -39.32794952392578 -38.501190185546875 -25
      vertex -43.66974639892578 -44.08761215209961 -25
    endloop
  endfacet
  facet normal -0.7071067811865476 -0.7071067811865476 0
    outer loop
      vertex -44.08761215209961 -43.66974639892578 6
      vertex -43.66974639892578 -44.08761215209961 -25
      vertex -43.66974639892578 -44.08761215209961 6
    endloop
  endfacet
  facet normal -0.707105167386231 0.7071083949831809 0
    outer loop
      vertex -44.08761215209961 -17.330251693725586 -25
      vertex -44.08761215209961 -17.330251693725586 6
      vertex -43.66974639892578 -16.91238784790039 -25
    endloop
  endfacet
  facet normal 0 0 -1
    outer loop
      vertex -44.08761215209961 -17.330251693725586 -25
      vertex -43.66974639892578 -16.91238784790039 -25
      vertex -42.400001525878906 -31.084609985351562 -25
    endloop
  endfacet
  facet normal -0.707105167386231 0.7071083949831809 0
    outer loop
      vertex -44.08761215209961 -17.330251693725586 6
      vertex -43.66974639892578 -16.91238784790039 6
      vertex -43.66974639892578 -16.91238784790039 -25
    endloop
  endfacet
  facet normal -0.707105167386231 -0.7071083949831809 0
    outer loop
      vertex -44.08761215209961 -12.669748306274414 -25
      vertex -43.66974639892578 -13.08761215209961 -25
      vertex -43.66974639892578 -13.08761215209961 6
    endloop
  endfacet
  facet normal -0.707105167386231 -0.7071083949831809 0
    outer loop
      vertex -44.08761215209961 -12.669748306274414 -25
      vertex -43.66974639892578 -13.08761215209961 6
      vertex -44.08761215209961 -12.669748306274414 6
    endloop
  endfacet
  facet normal 0 0 -1
    outer loop
      vertex -44.08761215209961 -12.669748306274414 -25
      vertex -41.15758514404297 -1.5999994277954102 -25
      vertex -40.84241485595703 -1.5999994277954102 -25
    endloop
  endfacet
  facet normal 0 0 -1
    outer loop
      vertex -44.08761215209961 -12.669748306274414 -25
      vertex -40.84241485595703 -1.5999994277954102 -25
      vertex -40.533294677734375 -1.5385122299194336 -25
    endloop
  endfacet
  facet normal 0 0 -1
    outer loop
      vertex -44.08761215209961 -12.669748306274414 -25
      vertex -40.533294677734375 -1.5385122299194336 -25
      vertex -43.66974639892578 -13.08761215209961 -25
    endloop
  endfacet
  facet normal -0.8314708576579628 0.5555683692089854 0
    outer loop
      vertex -43.66974639892578 -47.91238784790039 -25
      vertex -43.66974639892578 -47.91238784790039 6
      vertex -43.341434478759766 -47.4210319519043 6
    endloop
  endfacet
  facet normal 0 0 -1
    outer loop
      vertex -43.66974639892578 -47.91238784790039 -25
      vertex -43.341434478759766 -47.4210319519043 -25
      vertex -25.192461013793945 -50.69999694824219 -25
    endloop
  endfacet
  facet normal -0.8314708576579628 0.5555683692089854 0
    outer loop
      vertex -43.66974639892578 -47.91238784790039 -25
      vertex -43.341434478759766 -47.4210319519043 6
      vertex -43.341434478759766 -47.4210319519043 -25
    endloop
  endfacet
  facet normal -0.8314708576579628 -0.5555683692089854 0
    outer loop
      vertex -43.66974639892578 -44.08761215209961 -25
      vertex -43.341434478759766 -44.5789680480957 -25
      vertex -43.66974639892578 -44.08761215209961 6
    endloop
  endfacet
  facet normal 0 0 -1
    outer loop
      vertex -43.66974639892578 -44.08761215209961 -25
      vertex -39.32794952392578 -38.501190185546875 -25
      vertex -38.501190185546875 -39.32794952392578 -25
    endloop
  endfacet
  facet normal 0 0 -1
    outer loop
      vertex -43.66974639892578 -44.08761215209961 -25
      vertex -38.501190185546875 -39.32794952392578 -25
      vertex -43.341434478759766 -44.5789680480957 -25
    endloop
  endfacet
  facet normal -0.8314708576579628 -0.5555683692089854 0
    outer loop
      vertex -43.66974639892578 -44.08761215209961 6
      vertex -43.341434478759766 -44.5789680480957 -25
      vertex -43.341434478759766 -44.5789680480957 6
    endloop
  endfacet
  facet normal -0.8314708576579628 0.5555683692089854 0
    outer loop
      vertex -43.66974639892578 -16.91238784790039 -25
      vertex -43.66974639892578 -16.91238784790039 6
      vertex -43.341434478759766 -16.421031951904297 6
    endloop
  endfacet
  facet normal 0 0 -1
    outer loop
      vertex -43.66974639892578 -16.91238784790039 -25
      vertex -43.341434478759766 -16.421031951904297 -25
      vertex -42.400001525878906 -31.084609985351562 -25
    endloop
  endfacet
  facet normal -0.8314708576579628 0.5555683692089854 0
    outer loop
      vertex -43.66974639892578 -16.91238784790039 -25
      vertex -43.341434478759766 -16.421031951904297 6
      vertex -43.341434478759766 -16.421031951904297 -25
    endloop
  endfacet
  facet normal -0.8314708576579628 -0.5555683692089854 0
    outer loop
      vertex -43.66974639892578 -13.08761215209961 -25
      vertex -43.341434478759766 -13.578968048095703 -25
      vertex -43.66974639892578 -13.08761215209961 6
    endloop
  endfacet
  facet normal 0 0 -1
    outer loop
      vertex -43.66974639892578 -13.08761215209961 -25
      vertex -40.533294677734375 -1.5385122299194336 -25
      vertex -40.24211502075195 -1.4179010391235352 -25
    endloop
  endfacet
  facet normal 0 0 -1
    outer loop
      vertex -43.66974639892578 -13.08761215209961 -25
      vertex -40.24211502075195 -1.4179010391235352 -25
      vertex -43.341434478759766 -13.578968048095703 -25
    endloop
  endfacet
  facet normal -0.8314708576579628 -0.5555683692089854 0
    outer loop
      vertex -43.66974639892578 -13.08761215209961 6
      vertex -43.341434478759766 -13.578968048095703 -25
      vertex -43.341434478759766 -13.578968048095703 6
    endloop
  endfacet
  facet normal -0.9238787548503221 0.3826853097993421 0
    outer loop
      vertex -43.341434478759766 -47.4210319519043 -25
      vertex -43.341434478759766 -47.4210319519043 6
      vertex -43.11528778076172 -46.87506866455078 6
    endloop
  endfacet
  facet normal 0 0 -1
    outer loop
      vertex -43.341434478759766 -47.4210319519043 -25
      vertex -43.11528778076172 -46.87506866455078 -25
      vertex -33.39495086669922 -42.05729293823242 -25
    endloop
  endfacet
  facet normal -0.9238787548503221 0.3826853097993421 0
    outer loop
      vertex -43.341434478759766 -47.4210319519043 -25
      vertex -43.11528778076172 -46.87506866455078 6
      vertex -43.11528778076172 -46.87506866455078 -25
    endloop
  endfacet
  facet normal 0 0 -1
    outer loop
      vertex -43.341434478759766 -47.4210319519043 -25
      vertex -33.39495086669922 -42.05729293823242 -25
      vertex -25.192461013793945 -50.69999694824219 -25
    endloop
  endfacet
  facet normal -0.9238787548503221 -0.3826853097993421 0
    outer loop
      vertex -43.341434478759766 -44.5789680480957 -25
      vertex -43.11528778076172 -45.12493133544922 -25
      vertex -43.341434478759766 -44.5789680480957 6
    endloop
  endfacet
  facet normal 0 0 -1
    outer loop
      vertex -43.341434478759766 -44.5789680480957 -25
      vertex -38.501190185546875 -39.32794952392578 -25
      vertex -37.59737014770508 -40.06969451904297 -25
    endloop
  endfacet
  facet normal 0 0 -1
    outer loop
      vertex -43.341434478759766 -44.5789680480957 -25
      vertex -37.59737014770508 -40.06969451904297 -25
      vertex -43.11528778076172 -45.12493133544922 -25
    endloop
  endfacet
  facet normal -0.9238787548503221 -0.3826853097993421 0
    outer loop
      vertex -43.341434478759766 -44.5789680480957 6
      vertex -43.11528778076172 -45.12493133544922 -25
      vertex -43.11528778076172 -45.12493133544922 6
    endloop
  endfacet
  facet normal -0.9238789911886933 0.38268473923082214 0
    outer loop
      vertex -43.341434478759766 -16.421031951904297 -25
      vertex -43.341434478759766 -16.421031951904297 6
      vertex -43.11528778076172 -15.875067710876465 6
    endloop
  endfacet
  facet normal 0 0 -1
    outer loop
      vertex -43.341434478759766 -16.421031951904297 -25
      vertex -43.11528778076172 -15.875067710876465 -25
      vertex -42.400001525878906 -31.084609985351562 -25
    endloop
  endfacet
  facet normal -0.9238789911886933 0.38268473923082214 0
    outer loop
      vertex -43.341434478759766 -16.421031951904297 -25
      vertex -43.11528778076172 -15.875067710876465 6
      vertex -43.11528778076172 -15.875067710876465 -25
    endloop
  endfacet
  facet normal -0.9238789911886933 -0.38268473923082214 0
    outer loop
      vertex -43.341434478759766 -13.578968048095703 -25
      vertex -43.11528778076172 -14.124932289123535 -25
      vertex -43.341434478759766 -13.578968048095703 6
    endloop
  endfacet
  facet normal 0 0 -1
    outer loop
      vertex -43.341434478759766 -13.578968048095703 -25
      vertex -40.24211502075195 -1.4179010391235352 -25
      vertex -39.98005676269531 -1.2428007125854492 -25
    endloop
  endfacet
  facet normal 0 0 -1
    outer loop
      vertex -43.341434478759766 -13.578968048095703 -25
      vertex -39.98005676269531 -1.2428007125854492 -25
      vertex -43.11528778076172 -14.124932289123535 -25
    endloop
  endfacet
  facet normal -0.9238789911886933 -0.38268473923082214 0
    outer loop
      vertex -43.341434478759766 -13.578968048095703 6
      vertex -43.11528778076172 -14.124932289123535 -25
      vertex -43.11528778076172 -14.124932289123535 6
    endloop
  endfacet
  facet normal -0.9807854636530015 0.19508940075505646 0
    outer loop
      vertex -43.11528778076172 -46.87506866455078 -25
      vertex -43.11528778076172 -46.87506866455078 6
      vertex -43 -46.295475006103516 6
    endloop
  endfacet
  facet normal 0 0 -1
    outer loop
      vertex -43.11528778076172 -46.87506866455078 -25
      vertex -43 -46.295475006103516 -25
      vertex -34.513824462890625 -41.71788787841797 -25
    endloop
  endfacet
  facet normal -0.9807854636530015 0.19508940075505646 0
    outer loop
      vertex -43.11528778076172 -46.87506866455078 -25
      vertex -43 -46.295475006103516 6
      vertex -43 -46.295475006103516 -25
    endloop
  endfacet
  facet normal 0 0 -1
    outer loop
      vertex -43.11528778076172 -46.87506866455078 -25
      vertex -34.513824462890625 -41.71788787841797 -25
      vertex -33.39495086669922 -42.05729293823242 -25
    endloop
  endfacet
  facet normal -0.9807854636530015 -0.19508940075505646 0
    outer loop
      vertex -43.11528778076172 -45.12493133544922 -25
      vertex -43 -45.704524993896484 -25
      vertex -43.11528778076172 -45.12493133544922 6
    endloop
  endfacet
  facet normal 0 0 -1
    outer loop
      vertex -43.11528778076172 -45.12493133544922 -25
      vertex -37.59737014770508 -40.06969451904297 -25
      vertex -36.62519836425781 -40.71928024291992 -25
    endloop
  endfacet
  facet normal 0 0 -1
    outer loop
      vertex -43.11528778076172 -45.12493133544922 -25
      vertex -36.62519836425781 -40.71928024291992 -25
      vertex -43 -45.704524993896484 -25
    endloop
  endfacet
  facet normal -0.9807854636530015 -0.19508940075505646 0
    outer loop
      vertex -43.11528778076172 -45.12493133544922 6
      vertex -43 -45.704524993896484 -25
      vertex -43 -45.704524993896484 6
    endloop
  endfacet
  facet normal -0.9807854636530015 0.19508940075505646 0
    outer loop
      vertex -43.11528778076172 -15.875067710876465 -25
      vertex -43.11528778076172 -15.875067710876465 6
      vertex -43 -15.2954740524292 6
    endloop
  endfacet
  facet normal 0 0 -1
    outer loop
      vertex -43.11528778076172 -15.875067710876465 -25
      vertex -43 -15.2954740524292 -25
      vertex -42.400001525878906 -31.084609985351562 -25
    endloop
  endfacet
  facet normal -0.9807854636530015 0.19508940075505646 0
    outer loop
      vertex -43.11528778076172 -15.875067710876465 -25
      vertex -43 -15.2954740524292 6
      vertex -43 -15.2954740524292 -25
    endloop
  endfacet
  facet normal -0.9807854636530015 -0.19508940075505646 0
    outer loop
      vertex -43.11528778076172 -14.124932289123535 -25
      vertex -43 -14.7045259475708 -25
      vertex -43.11528778076172 -14.124932289123535 6
    endloop
  endfacet
  facet normal 0 0 -1
    outer loop
      vertex -43.11528778076172 -14.124932289123535 -25
      vertex -39.98005676269531 -1.2428007125854492 -25
      vertex -39.757198333740234 -1.0199403762817383 -25
    endloop
  endfacet
  facet normal 0 0 -1
    outer loop
      vertex -43.11528778076172 -14.124932289123535 -25
      vertex -39.757198333740234 -1.0199403762817383 -25
      vertex -38.501190185546875 -21.672048568725586 -25
    endloop
  endfacet
  facet normal 0 0 -1
    outer loop
      vertex -43.11528778076172 -14.124932289123535 -25
      vertex -38.501190185546875 -21.672048568725586 -25
      vertex -43 -14.7045259475708 -25
    endloop
  endfacet
  facet normal -0.9807854636530015 -0.19508940075505646 0
    outer loop
      vertex -43.11528778076172 -14.124932289123535 6
      vertex -43 -14.7045259475708 -25
      vertex -43 -14.7045259475708 6
    endloop
  endfacet
  facet normal -1 0 0
    outer loop
      vertex -43 -46.295475006103516 -25
      vertex -43 -46.295475006103516 6
      vertex -43 -45.704524993896484 6
    endloop
  endfacet
  facet normal 0 0 -1
    outer loop
      vertex -43 -46.295475006103516 -25
      vertex -43 -45.704524993896484 -25
      vertex -35.59403991699219 -41.27044677734375 -25
    endloop
  endfacet
  facet normal -1 0 0
    outer loop
      vertex -43 -46.295475006103516 -25
      vertex -43 -45.704524993896484 6
      vertex -43 -45.704524993896484 -25
    endloop
  endfacet
  facet normal 0 0 -1
    outer loop
      vertex -43 -46.295475006103516 -25
      vertex -35.59403991699219 -41.27044677734375 -25
      vertex -34.513824462890625 -41.71788787841797 -25
    endloop
  endfacet
  facet normal 0 0 -1
    outer loop
      vertex -43 -45.704524993896484 -25
      vertex -36.62519836425781 -40.71928024291992 -25
      vertex -35.59403991699219 -41.27044677734375 -25
    endloop
  endfacet
  facet normal -1 0 0
    outer loop
      vertex -43 -15.2954740524292 -25
      vertex -43 -15.2954740524292 6
      vertex -43 -14.7045259475708 6
    endloop
  endfacet
  facet normal 0 0 -1
    outer loop
      vertex -43 -15.2954740524292 -25
      vertex -43 -14.7045259475708 -25
      vertex -38.501190185546875 -21.672048568725586 -25
    endloop
  endfacet
  facet normal -1 0 0
    outer loop
      vertex -43 -15.2954740524292 -25
      vertex -43 -14.7045259475708 6
      vertex -43 -14.7045259475708 -25
    endloop
  endfacet
  facet normal 0 0 -1
    outer loop
      vertex -43 -15.2954740524292 -25
      vertex -42.400001525878906 -29.915390014648438 -25
      vertex -42.400001525878906 -31.084609985351562 -25
    endloop
  endfacet
  facet normal 0 0 -1
    outer loop
      vertex -43 -15.2954740524292 -25
      vertex -42.285396575927734 -28.751802444458008 -25
      vertex -42.400001525878906 -29.915390014648438 -25
    endloop
  endfacet
  facet normal 0 0 -1
    outer loop
      vertex -43 -15.2954740524292 -25
      vertex -42.05729293823242 -27.60504913330078 -25
      vertex -42.285396575927734 -28.751802444458008 -25
    endloop
  endfacet
  facet normal 0 0 -1
    outer loop
      vertex -43 -15.2954740524292 -25
      vertex -41.71788787841797 -26.486175537109375 -25
      vertex -42.05729293823242 -27.60504913330078 -25
    endloop
  endfacet
  facet normal 0 0 -1
    outer loop
      vertex -43 -15.2954740524292 -25
      vertex -41.27044677734375 -25.405960083007812 -25
      vertex -41.71788787841797 -26.486175537109375 -25
    endloop
  endfacet
  facet normal 0 0 -1
    outer loop
      vertex -43 -15.2954740524292 -25
      vertex -40.71928024291992 -24.374799728393555 -25
      vertex -41.27044677734375 -25.405960083007812 -25
    endloop
  endfacet
  facet normal 0 0 -1
    outer loop
      vertex -43 -15.2954740524292 -25
      vertex -40.06969451904297 -23.402629852294922 -25
      vertex -40.71928024291992 -24.374799728393555 -25
    endloop
  endfacet
  facet normal 0 0 -1
    outer loop
      vertex -43 -15.2954740524292 -25
      vertex -39.32794952392578 -22.498809814453125 -25
      vertex -40.06969451904297 -23.402629852294922 -25
    endloop
  endfacet
  facet normal 0 0 -1
    outer loop
      vertex -43 -15.2954740524292 -25
      vertex -38.501190185546875 -21.672048568725586 -25
      vertex -39.32794952392578 -22.498809814453125 -25
    endloop
  endfacet
  facet normal 0.9807863592928809 0.19508489799319606 0
    outer loop
      vertex -42.599998474121094 -0.15758609771728516 -25
      vertex -42.599998474121094 -0.15758609771728516 -20
      vertex -42.53851318359375 -0.4667024612426758 -20
    endloop
  endfacet
  facet normal 1 0 0
    outer loop
      vertex -42.599998474121094 -0.15758609771728516 -25
      vertex -42.599998474121094 0.15758609771728516 -25
      vertex -42.599998474121094 -0.15758609771728516 -20
    endloop
  endfacet
  facet normal 0.9807863592928809 0.19508489799319606 0
    outer loop
      vertex -42.599998474121094 -0.15758609771728516 -25
      vertex -42.53851318359375 -0.4667024612426758 -20
      vertex -42.53851318359375 -0.4667024612426758 -25
    endloop
  endfacet
  facet normal 1 0 0
    outer loop
      vertex -42.599998474121094 -0.15758609771728516 -20
      vertex -42.599998474121094 0.15758609771728516 -25
      vertex -42.599998474121094 0.15758609771728516 -20
    endloop
  endfacet
  facet normal 0.9807863592928809 -0.19508489799319606 0
    outer loop
      vertex -42.599998474121094 0.15758609771728516 -25
      vertex -42.53851318359375 0.4667024612426758 -25
      vertex -42.599998474121094 0.15758609771728516 -20
    endloop
  endfacet
  facet normal 0.9807863592928809 -0.19508489799319606 0
    outer loop
      vertex -42.599998474121094 0.15758609771728516 -20
      vertex -42.53851318359375 0.4667024612426758 -25
      vertex -42.53851318359375 0.4667024612426758 -20
    endloop
  endfacet
  facet normal 0.9238775749067064 0.3826881584064278 0
    outer loop
      vertex -42.53851318359375 -0.4667024612426758 -25
      vertex -42.53851318359375 -0.4667024612426758 -20
      vertex -42.41790008544922 -0.7578840255737305 -20
    endloop
  endfacet
  facet normal 0.9238775749067064 0.3826881584064278 0
    outer loop
      vertex -42.53851318359375 -0.4667024612426758 -25
      vertex -42.41790008544922 -0.7578840255737305 -20
      vertex -42.41790008544922 -0.7578840255737305 -25
    endloop
  endfacet
  facet normal 0.9238775749067064 -0.3826881584064278 0
    outer loop
      vertex -42.53851318359375 0.4667024612426758 -25
      vertex -42.41790008544922 0.7578840255737305 -25
      vertex -42.53851318359375 0.4667024612426758 -20
    endloop
  endfacet
  facet normal 0.9238775749067064 -0.3826881584064278 0
    outer loop
      vertex -42.53851318359375 0.4667024612426758 -20
      vertex -42.41790008544922 0.7578840255737305 -25
      vertex -42.41790008544922 0.7578840255737305 -20
    endloop
  endfacet
  facet normal 0.8314725968284974 0.5555657663348913 0
    outer loop
      vertex -42.41790008544922 -0.7578840255737305 -25
      vertex -42.41790008544922 -0.7578840255737305 -20
      vertex -42.242801666259766 -1.0199403762817383 -20
    endloop
  endfacet
  facet normal 0.8314725968284974 0.5555657663348913 0
    outer loop
      vertex -42.41790008544922 -0.7578840255737305 -25
      vertex -42.242801666259766 -1.0199403762817383 -20
      vertex -42.242801666259766 -1.0199403762817383 -25
    endloop
  endfacet
  facet normal 0.8314725968284974 -0.5555657663348913 0
    outer loop
      vertex -42.41790008544922 0.7578840255737305 -25
      vertex -42.242801666259766 1.0199403762817383 -25
      vertex -42.41790008544922 0.7578840255737305 -20
    endloop
  endfacet
  facet normal 0.8314725968284974 -0.5555657663348913 0
    outer loop
      vertex -42.41790008544922 0.7578840255737305 -20
      vertex -42.242801666259766 1.0199403762817383 -25
      vertex -42.242801666259766 1.0199403762817383 -20
    endloop
  endfacet
  facet normal 0.707105095313009 0 -0.7071084670560666
    outer loop
      vertex -42.400001525878906 -31.084609985351562 -25
      vertex -42.400001525878906 -29.915390014648438 -25
      vertex -42 -29.935041427612305 -24.600000381469727
    endloop
  endfacet
  facet normal 0.7037000779189655 0.06930924846545064 -0.7071084983324669
    outer loop
      vertex -42.400001525878906 -31.084609985351562 -25
      vertex -42 -31.064958572387695 -24.600000381469727
      vertex -42.285396575927734 -32.248199462890625 -25
    endloop
  endfacet
  facet normal 0.707105095313009 0 -0.7071084670560667
    outer loop
      vertex -42.400001525878906 -31.084609985351562 -25
      vertex -42 -29.935041427612305 -24.600000381469727
      vertex -42 -31.064958572387695 -24.600000381469727
    endloop
  endfacet
  facet normal 0.7037000696004508 -0.06930936125761232 -0.7071084955552313
    outer loop
      vertex -42.400001525878906 -29.915390014648438 -25
      vertex -42.285396575927734 -28.751802444458008 -25
      vertex -42 -29.935041427612305 -24.600000381469727
    endloop
  endfacet
  facet normal 0.7037004632843457 0.06930903300839933 -0.7071081359430381
    outer loop
      vertex -42.285396575927734 -32.248199462890625 -25
      vertex -42 -31.064958572387695 -24.600000381469727
      vertex -41.88924789428711 -32.18943405151367 -24.600000381469727
    endloop
  endfacet
  facet normal 0.6935183530168546 0.13794974098676654 -0.7071083106501248
    outer loop
      vertex -42.285396575927734 -32.248199462890625 -25
      vertex -41.88924789428711 -32.18943405151367 -24.600000381469727
      vertex -42.05729293823242 -33.39495086669922 -25
    endloop
  endfacet
  facet normal 0.6935187140766439 -0.13794958335984125 -0.7071079872808144
    outer loop
      vertex -42.285396575927734 -28.751802444458008 -25
      vertex -42.05729293823242 -27.60504913330078 -25
      vertex -41.88924789428711 -28.810565948486328 -24.600000381469727
    endloop
  endfacet
  facet normal 0.7037006277344172 -0.06930904920545479 -0.707107970697844
    outer loop
      vertex -42.285396575927734 -28.751802444458008 -25
      vertex -41.88924789428711 -28.810565948486328 -24.600000381469727
      vertex -42 -29.935041427612305 -24.600000381469727
    endloop
  endfacet
  facet normal 0.7071037553087961 0.7071098070513506 0
    outer loop
      vertex -42.242801666259766 -1.0199403762817383 -25
      vertex -42.242801666259766 -1.0199403762817383 -20
      vertex -42.01993942260742 -1.2428007125854492 -25
    endloop
  endfacet
  facet normal 0.7071037553087961 0.7071098070513506 0
    outer loop
      vertex -42.242801666259766 -1.0199403762817383 -20
      vertex -42.01993942260742 -1.2428007125854492 -20
      vertex -42.01993942260742 -1.2428007125854492 -25
    endloop
  endfacet
  facet normal 0.7071037553087961 -0.7071098070513506 0
    outer loop
      vertex -42.242801666259766 1.0199403762817383 -25
      vertex -42.01993942260742 1.2428007125854492 -25
      vertex -42.01993942260742 1.2428007125854492 -20
    endloop
  endfacet
  facet normal 0.7071037553087961 -0.7071098070513506 0
    outer loop
      vertex -42.242801666259766 1.0199403762817383 -25
      vertex -42.01993942260742 1.2428007125854492 -20
      vertex -42.242801666259766 1.0199403762817383 -20
    endloop
  endfacet
  facet normal 0.6935190447691896 0.13794943899016346 -0.7071076911084548
    outer loop
      vertex -42.05729293823242 -33.39495086669922 -25
      vertex -41.88924789428711 -32.18943405151367 -24.600000381469727
      vertex -41.6688117980957 -33.29764175415039 -24.600000381469727
    endloop
  endfacet
  facet normal 0.6766579777531999 0.2052626519284148 -0.7071076472972587
    outer loop
      vertex -42.05729293823242 -33.39495086669922 -25
      vertex -41.6688117980957 -33.29764175415039 -24.600000381469727
      vertex -41.34081268310547 -34.37890625 -24.600000381469727
    endloop
  endfacet
  facet normal 0.6766562890509323 0.20526051293096154 -0.7071098841899607
    outer loop
      vertex -42.05729293823242 -33.39495086669922 -25
      vertex -41.34081268310547 -34.37890625 -24.600000381469727
      vertex -41.71788787841797 -34.513824462890625 -25
    endloop
  endfacet
  facet normal 0.6766562890509323 -0.20526051293096154 -0.7071098841899607
    outer loop
      vertex -42.05729293823242 -27.60504913330078 -25
      vertex -41.71788787841797 -26.486175537109375 -25
      vertex -41.34081268310547 -26.62109375 -24.600000381469727
    endloop
  endfacet
  facet normal 0.6935190447691896 -0.13794943899016346 -0.7071076911084548
    outer loop
      vertex -42.05729293823242 -27.60504913330078 -25
      vertex -41.6688117980957 -27.70235824584961 -24.600000381469727
      vertex -41.88924789428711 -28.810565948486328 -24.600000381469727
    endloop
  endfacet
  facet normal 0.6766579777531999 -0.2052626519284148 -0.7071076472972587
    outer loop
      vertex -42.05729293823242 -27.60504913330078 -25
      vertex -41.34081268310547 -26.62109375 -24.600000381469727
      vertex -41.6688117980957 -27.70235824584961 -24.600000381469727
    endloop
  endfacet
  facet normal 0.555572745753627 0.8314679333418552 0
    outer loop
      vertex -42.01993942260742 -1.2428007125854492 -25
      vertex -42.01993942260742 -1.2428007125854492 -20
      vertex -41.75788497924805 -1.4179010391235352 -25
    endloop
  endfacet
  facet normal 0.555572745753627 0.8314679333418552 0
    outer loop
      vertex -42.01993942260742 -1.2428007125854492 -20
      vertex -41.75788497924805 -1.4179010391235352 -20
      vertex -41.75788497924805 -1.4179010391235352 -25
    endloop
  endfacet
  facet normal 0.555572745753627 -0.8314679333418552 0
    outer loop
      vertex -42.01993942260742 1.2428007125854492 -25
      vertex -41.75788497924805 1.4179010391235352 -25
      vertex -41.75788497924805 1.4179010391235352 -20
    endloop
  endfacet
  facet normal 0.555572745753627 -0.8314679333418552 0
    outer loop
      vertex -42.01993942260742 1.2428007125854492 -25
      vertex -41.75788497924805 1.4179010391235352 -20
      vertex -42.01993942260742 1.2428007125854492 -20
    endloop
  endfacet
  facet normal 1 0 0
    outer loop
      vertex -42 -51 -9.954923629760742
      vertex -42 -10.09999942779541 -9.954923629760742
      vertex -42 -51 10
    endloop
  endfacet
  facet normal 0.9807664222595494 0 0.195185104370706
    outer loop
      vertex -42 -51 -9.954923629760742
      vertex -41.998077392578125 -51 -9.964584350585938
      vertex -41.998077392578125 -10.09999942779541 -9.964584350585938
    endloop
  endfacet
  facet normal 0.9807664222595494 0 0.195185104370706
    outer loop
      vertex -42 -51 -9.954923629760742
      vertex -41.998077392578125 -10.09999942779541 -9.964584350585938
      vertex -42 -10.09999942779541 -9.954923629760742
    endloop
  endfacet
  facet normal 1 0 0
    outer loop
      vertex -42 -51 10
      vertex -42 -10.09999942779541 -9.954923629760742
      vertex -42 -10.09999942779541 10
    endloop
  endfacet
  facet normal 0.9951846457177981 0.09801796226988709 0
    outer loop
      vertex -42 -31.064958572387695 -24.600000381469727
      vertex -42 -31.064958572387695 -19
      vertex -41.88924789428711 -32.18943405151367 -19
    endloop
  endfacet
  facet normal 1 0 0
    outer loop
      vertex -42 -31.064958572387695 -24.600000381469727
      vertex -42 -29.935041427612305 -24.600000381469727
      vertex -42 -31.064958572387695 -19
    endloop
  endfacet
  facet normal 0.9951846457177981 0.09801796226988709 0
    outer loop
      vertex -42 -31.064958572387695 -24.600000381469727
      vertex -41.88924789428711 -32.18943405151367 -19
      vertex -41.88924789428711 -32.18943405151367 -24.600000381469727
    endloop
  endfacet
  facet normal 1 0 0
    outer loop
      vertex -42 -31.064958572387695 -19
      vertex -42 -29.935041427612305 -24.600000381469727
      vertex -42 -29.935041427612305 -19
    endloop
  endfacet
  facet normal 0.7071067811865476 0 -0.7071067811865476
    outer loop
      vertex -42 -31.064958572387695 -19
      vertex -42 -29.935041427612305 -19
      vertex -36.5 -30.794761657714844 -13.5
    endloop
  endfacet
  facet normal 0.7037018305558338 0.06930916767402717 -0.7071067620583912
    outer loop
      vertex -42 -31.064958572387695 -19
      vertex -36.5 -30.794761657714844 -13.5
      vertex -41.88924789428711 -32.18943405151367 -19
    endloop
  endfacet
  facet normal 0.9951846457177981 -0.09801796226988709 0
    outer loop
      vertex -42 -29.935041427612305 -24.600000381469727
      vertex -41.88924789428711 -28.810565948486328 -24.600000381469727
      vertex -42 -29.935041427612305 -19
    endloop
  endfacet
  facet normal 0.9951846457177981 -0.09801796226988709 0
    outer loop
      vertex -42 -29.935041427612305 -19
      vertex -41.88924789428711 -28.810565948486328 -24.600000381469727
      vertex -41.88924789428711 -28.810565948486328 -19
    endloop
  endfacet
  facet normal 0.7037018305558338 -0.06930916767402717 -0.7071067620583912
    outer loop
      vertex -42 -29.935041427612305 -19
      vertex -41.88924789428711 -28.810565948486328 -19
      vertex -36.5 -30.205238342285156 -13.5
    endloop
  endfacet
  facet normal 0.7071067811865475 0 -0.7071067811865475
    outer loop
      vertex -42 -29.935041427612305 -19
      vertex -36.5 -30.205238342285156 -13.5
      vertex -36.5 -30.794761657714844 -13.5
    endloop
  endfacet
  facet normal 0.9238799295946889 0 0.38268247371954833
    outer loop
      vertex -41.998077392578125 -51 -9.964584350585938
      vertex -41.99430847167969 -51 -9.97368335723877
      vertex -41.99430847167969 -10.09999942779541 -9.97368335723877
    endloop
  endfacet
  facet normal 0.9238799295946889 0 0.38268247371954833
    outer loop
      vertex -41.998077392578125 -51 -9.964584350585938
      vertex -41.99430847167969 -10.09999942779541 -9.97368335723877
      vertex -41.998077392578125 -10.09999942779541 -9.964584350585938
    endloop
  endfacet
  facet normal 0.8315434129306192 0 0.5554597666903496
    outer loop
      vertex -41.99430847167969 -51 -9.97368335723877
      vertex -41.98883819580078 -51 -9.98187255859375
      vertex -41.98883819580078 -10.09999942779541 -9.98187255859375
    endloop
  endfacet
  facet normal 0.8315434129306192 0 0.5554597666903496
    outer loop
      vertex -41.99430847167969 -51 -9.97368335723877
      vertex -41.98883819580078 -10.09999942779541 -9.98187255859375
      vertex -41.99430847167969 -10.09999942779541 -9.97368335723877
    endloop
  endfacet
  facet normal 0.7070583707679872 0 0.7071551882910282
    outer loop
      vertex -41.98883819580078 -51 -9.98187255859375
      vertex -41.98187255859375 -51 -9.988837242126465
      vertex -41.98883819580078 -10.09999942779541 -9.98187255859375
    endloop
  endfacet
  facet normal 0.7070583707679872 0 0.7071551882910282
    outer loop
      vertex -41.98883819580078 -10.09999942779541 -9.98187255859375
      vertex -41.98187255859375 -51 -9.988837242126465
      vertex -41.98187255859375 -10.09999942779541 -9.988837242126465
    endloop
  endfacet
  facet normal 0.5555489379100005 0 0.8314838408454313
    outer loop
      vertex -41.98187255859375 -51 -9.988837242126465
      vertex -41.97368240356445 -51 -9.994309425354004
      vertex -41.98187255859375 -10.09999942779541 -9.988837242126465
    endloop
  endfacet
  facet normal 0.5555489379100005 0 0.8314838408454313
    outer loop
      vertex -41.98187255859375 -10.09999942779541 -9.988837242126465
      vertex -41.97368240356445 -51 -9.994309425354004
      vertex -41.97368240356445 -10.09999942779541 -9.994309425354004
    endloop
  endfacet
  facet normal 0.3827167119462181 0 0.9238657469551925
    outer loop
      vertex -41.97368240356445 -51 -9.994309425354004
      vertex -41.96458435058594 -51 -9.998078346252441
      vertex -41.97368240356445 -10.09999942779541 -9.994309425354004
    endloop
  endfacet
  facet normal 0.3827167119462181 0 0.9238657469551925
    outer loop
      vertex -41.97368240356445 -10.09999942779541 -9.994309425354004
      vertex -41.96458435058594 -51 -9.998078346252441
      vertex -41.96458435058594 -10.09999942779541 -9.998078346252441
    endloop
  endfacet
  facet normal 0.19512903076804036 0 0.980777579959659
    outer loop
      vertex -41.96458435058594 -51 -9.998078346252441
      vertex -41.954925537109375 -51 -10
      vertex -41.96458435058594 -10.09999942779541 -9.998078346252441
    endloop
  endfacet
  facet normal 0.19512903076804036 0 0.980777579959659
    outer loop
      vertex -41.96458435058594 -10.09999942779541 -9.998078346252441
      vertex -41.954925537109375 -51 -10
      vertex -41.954925537109375 -10.09999942779541 -10
    endloop
  endfacet
  facet normal 0 0 1
    outer loop
      vertex -41.954925537109375 -51 -10
      vertex -36.5 -30.794761657714844 -10
      vertex -41.954925537109375 -10.09999942779541 -10
    endloop
  endfacet
  facet normal 0 0 1
    outer loop
      vertex -41.954925537109375 -51 -10
      vertex -36.44221496582031 -31.38144302368164 -10
      vertex -36.5 -30.794761657714844 -10
    endloop
  endfacet
  facet normal 0 0 1
    outer loop
      vertex -41.954925537109375 -51 -10
      vertex -36.327205657958984 -31.959638595581055 -10
      vertex -36.44221496582031 -31.38144302368164 -10
    endloop
  endfacet
  facet normal 0 0 1
    outer loop
      vertex -41.954925537109375 -51 -10
      vertex -36.15607452392578 -32.52377700805664 -10
      vertex -36.327205657958984 -31.959638595581055 -10
    endloop
  endfacet
  facet normal 0 0 1
    outer loop
      vertex -41.954925537109375 -51 -10
      vertex -35.930477142333984 -33.068424224853516 -10
      vertex -36.15607452392578 -32.52377700805664 -10
    endloop
  endfacet
  facet normal 0 0 1
    outer loop
      vertex -41.954925537109375 -51 -10
      vertex -35.6525764465332 -33.58833694458008 -10
      vertex -35.930477142333984 -33.068424224853516 -10
    endloop
  endfacet
  facet normal 0 0 1
    outer loop
      vertex -41.954925537109375 -51 -10
      vertex -35.32505798339844 -34.07850646972656 -10
      vertex -35.6525764465332 -33.58833694458008 -10
    endloop
  endfacet
  facet normal 0 0 1
    outer loop
      vertex -41.954925537109375 -51 -10
      vertex -34.95106887817383 -34.53421401977539 -10
      vertex -35.32505798339844 -34.07850646972656 -10
    endloop
  endfacet
  facet normal 0 0 1
    outer loop
      vertex -41.954925537109375 -51 -10
      vertex -34.53421401977539 -34.95106887817383 -10
      vertex -34.95106887817383 -34.53421401977539 -10
    endloop
  endfacet
  facet normal 0 0 1
    outer loop
      vertex -41.954925537109375 -51 -10
      vertex -34.07850646972656 -35.32505798339844 -10
      vertex -34.53421401977539 -34.95106887817383 -10
    endloop
  endfacet
  facet normal 0 0 1
    outer loop
      vertex -41.954925537109375 -51 -10
      vertex -33.58833694458008 -35.6525764465332 -10
      vertex -34.07850646972656 -35.32505798339844 -10
    endloop
  endfacet
  facet normal 0 0 1
    outer loop
      vertex -41.954925537109375 -51 -10
      vertex -33.068424224853516 -35.930477142333984 -10
      vertex -33.58833694458008 -35.6525764465332 -10
    endloop
  endfacet
  facet normal 0 0 1
    outer loop
      vertex -41.954925537109375 -51 -10
      vertex -32.52377700805664 -36.15607452392578 -10
      vertex -33.068424224853516 -35.930477142333984 -10
    endloop
  endfacet
  facet normal 0 0 1
    outer loop
      vertex -41.954925537109375 -51 -10
      vertex -31.959638595581055 -36.327205657958984 -10
      vertex -32.52377700805664 -36.15607452392578 -10
    endloop
  endfacet
  facet normal 0 0 1
    outer loop
      vertex -41.954925537109375 -51 -10
      vertex -31.38144302368164 -36.44221496582031 -10
      vertex -31.959638595581055 -36.327205657958984 -10
    endloop
  endfacet
  facet normal 0 0 1
    outer loop
      vertex -41.954925537109375 -51 -10
      vertex -30.794761657714844 -36.5 -10
      vertex -31.38144302368164 -36.44221496582031 -10
    endloop
  endfacet
  facet normal 0 -1 0
    outer loop
      vertex -41.954925537109375 -51 -10
      vertex -25.492462158203125 -51 -20
      vertex -19.045076370239258 -51 -10
    endloop
  endfacet
  facet normal 0 0 1
    outer loop
      vertex -41.954925537109375 -51 -10
      vertex -19.045076370239258 -51 -10
      vertex -30.794761657714844 -36.5 -10
    endloop
  endfacet
  facet normal 0 0 1
    outer loop
      vertex -41.954925537109375 -10.09999942779541 -10
      vertex -36.5 -30.794761657714844 -10
      vertex -36.5 -30.205238342285156 -10
    endloop
  endfacet
  facet normal 0 0 1
    outer loop
      vertex -41.954925537109375 -10.09999942779541 -10
      vertex -36.5 -30.205238342285156 -10
      vertex -36.44221496582031 -29.61855697631836 -10
    endloop
  endfacet
  facet normal 0 0 1
    outer loop
      vertex -41.954925537109375 -10.09999942779541 -10
      vertex -36.44221496582031 -29.61855697631836 -10
      vertex -36.327205657958984 -29.040361404418945 -10
    endloop
  endfacet
  facet normal 0 0 1
    outer loop
      vertex -41.954925537109375 -10.09999942779541 -10
      vertex -36.327205657958984 -29.040361404418945 -10
      vertex -36.15607452392578 -28.47622299194336 -10
    endloop
  endfacet
  facet normal 0 0 1
    outer loop
      vertex -41.954925537109375 -10.09999942779541 -10
      vertex -36.15607452392578 -28.47622299194336 -10
      vertex -35.930477142333984 -27.931575775146484 -10
    endloop
  endfacet
  facet normal 0 0 1
    outer loop
      vertex -41.954925537109375 -10.09999942779541 -10
      vertex -35.930477142333984 -27.931575775146484 -10
      vertex -35.6525764465332 -27.411663055419922 -10
    endloop
  endfacet
  facet normal 0 0 1
    outer loop
      vertex -41.954925537109375 -10.09999942779541 -10
      vertex -35.6525764465332 -27.411663055419922 -10
      vertex -35.32505798339844 -26.921493530273438 -10
    endloop
  endfacet
  facet normal 0 0 1
    outer loop
      vertex -41.954925537109375 -10.09999942779541 -10
      vertex -35.32505798339844 -26.921493530273438 -10
      vertex -34.95106887817383 -26.46578598022461 -10
    endloop
  endfacet
  facet normal 0 0 1
    outer loop
      vertex -41.954925537109375 -10.09999942779541 -10
      vertex -34.95106887817383 -26.46578598022461 -10
      vertex -34.53421401977539 -26.048931121826172 -10
    endloop
  endfacet
  facet normal 0 0 1
    outer loop
      vertex -41.954925537109375 -10.09999942779541 -10
      vertex -34.53421401977539 -26.048931121826172 -10
      vertex -34.07850646972656 -25.674942016601562 -10
    endloop
  endfacet
  facet normal 0 0 1
    outer loop
      vertex -41.954925537109375 -10.09999942779541 -10
      vertex -34.07850646972656 -25.674942016601562 -10
      vertex -33.58833694458008 -25.347423553466797 -10
    endloop
  endfacet
  facet normal 0 0 1
    outer loop
      vertex -41.954925537109375 -10.09999942779541 -10
      vertex -33.58833694458008 -25.347423553466797 -10
      vertex -33.068424224853516 -25.069522857666016 -10
    endloop
  endfacet
  facet normal 0 0 1
    outer loop
      vertex -41.954925537109375 -10.09999942779541 -10
      vertex -33.068424224853516 -25.069522857666016 -10
      vertex -32.52377700805664 -24.843923568725586 -10
    endloop
  endfacet
  facet normal 0 0 1
    outer loop
      vertex -41.954925537109375 -10.09999942779541 -10
      vertex -32.52377700805664 -24.843923568725586 -10
      vertex -31.959638595581055 -24.672794342041016 -10
    endloop
  endfacet
  facet normal 0 0 1
    outer loop
      vertex -41.954925537109375 -10.09999942779541 -10
      vertex -31.959638595581055 -24.672794342041016 -10
      vertex -31.38144302368164 -24.557785034179688 -10
    endloop
  endfacet
  facet normal 0 0 1
    outer loop
      vertex -41.954925537109375 -10.09999942779541 -10
      vertex -31.38144302368164 -24.557785034179688 -10
      vertex -30.794761657714844 -24.5 -10
    endloop
  endfacet
  facet normal 0 0 1
    outer loop
      vertex -41.954925537109375 -10.09999942779541 -10
      vertex -30.794761657714844 -24.5 -10
      vertex -19.045076370239258 -10.09999942779541 -10
    endloop
  endfacet
  facet normal 0 1 0
    outer loop
      vertex -41.954925537109375 -10.09999942779541 -10
      vertex -19.045076370239258 -10.09999942779541 -10
      vertex -14.607542991638184 -10.09999942779541 -20
    endloop
  endfacet
  facet normal 0.9807853009762137 0.1950902185887284 0
    outer loop
      vertex -41.88924789428711 -32.18943405151367 -24.600000381469727
      vertex -41.88924789428711 -32.18943405151367 -19
      vertex -41.6688117980957 -33.29764175415039 -19
    endloop
  endfacet
  facet normal 0.9807853009762137 0.1950902185887284 0
    outer loop
      vertex -41.88924789428711 -32.18943405151367 -24.600000381469727
      vertex -41.6688117980957 -33.29764175415039 -19
      vertex -41.6688117980957 -33.29764175415039 -24.600000381469727
    endloop
  endfacet
  facet normal 0.7037015212676065 0.06931090506298451 -0.7071068995597527
    outer loop
      vertex -41.88924789428711 -32.18943405151367 -19
      vertex -36.5 -30.794761657714844 -13.5
      vertex -36.44221496582031 -31.38144302368164 -13.5
    endloop
  endfacet
  facet normal 0.693520052424932 0.13794858538145136 -0.7071068693456286
    outer loop
      vertex -41.88924789428711 -32.18943405151367 -19
      vertex -36.44221496582031 -31.38144302368164 -13.5
      vertex -36.327205657958984 -31.959638595581055 -13.5
    endloop
  endfacet
  facet normal 0.6935199299876871 0.13794961507097342 -0.7071067885486915
    outer loop
      vertex -41.88924789428711 -32.18943405151367 -19
      vertex -36.327205657958984 -31.959638595581055 -13.5
      vertex -41.6688117980957 -33.29764175415039 -19
    endloop
  endfacet
  facet normal 0.9807853009762137 -0.1950902185887284 0
    outer loop
      vertex -41.88924789428711 -28.810565948486328 -24.600000381469727
      vertex -41.6688117980957 -27.70235824584961 -24.600000381469727
      vertex -41.88924789428711 -28.810565948486328 -19
    endloop
  endfacet
  facet normal 0.9807853009762137 -0.1950902185887284 0
    outer loop
      vertex -41.88924789428711 -28.810565948486328 -19
      vertex -41.6688117980957 -27.70235824584961 -24.600000381469727
      vertex -41.6688117980957 -27.70235824584961 -19
    endloop
  endfacet
  facet normal 0.6935199299876871 -0.13794961507097342 -0.7071067885486915
    outer loop
      vertex -41.88924789428711 -28.810565948486328 -19
      vertex -41.6688117980957 -27.70235824584961 -19
      vertex -36.327205657958984 -29.040361404418945 -13.5
    endloop
  endfacet
  facet normal 0.7037015212676065 -0.06931090506298451 -0.7071068995597527
    outer loop
      vertex -41.88924789428711 -28.810565948486328 -19
      vertex -36.44221496582031 -29.61855697631836 -13.5
      vertex -36.5 -30.205238342285156 -13.5
    endloop
  endfacet
  facet normal 0.693520052424932 -0.13794858538145136 -0.7071068693456286
    outer loop
      vertex -41.88924789428711 -28.810565948486328 -19
      vertex -36.327205657958984 -29.040361404418945 -13.5
      vertex -36.44221496582031 -29.61855697631836 -13.5
    endloop
  endfacet
  facet normal 0.38268085331574186 0.9238806007842874 0
    outer loop
      vertex -41.75788497924805 -1.4179010391235352 -25
      vertex -41.75788497924805 -1.4179010391235352 -20
      vertex -41.46670150756836 -1.5385122299194336 -25
    endloop
  endfacet
  facet normal 0.38268085331574186 0.9238806007842874 0
    outer loop
      vertex -41.75788497924805 -1.4179010391235352 -20
      vertex -41.46670150756836 -1.5385122299194336 -20
      vertex -41.46670150756836 -1.5385122299194336 -25
    endloop
  endfacet
  facet normal 0.38268085331574186 -0.9238806007842874 0
    outer loop
      vertex -41.75788497924805 1.4179010391235352 -25
      vertex -41.46670150756836 1.5385122299194336 -25
      vertex -41.46670150756836 1.5385122299194336 -20
    endloop
  endfacet
  facet normal 0.38268085331574186 -0.9238806007842874 0
    outer loop
      vertex -41.75788497924805 1.4179010391235352 -25
      vertex -41.46670150756836 1.5385122299194336 -20
      vertex -41.75788497924805 1.4179010391235352 -20
    endloop
  endfacet
  facet normal 0.6532784615086858 0.27059753034975137 -0.7071097710380334
    outer loop
      vertex -41.71788787841797 -34.513824462890625 -25
      vertex -41.34081268310547 -34.37890625 -24.600000381469727
      vertex -41.27044677734375 -35.59403991699219 -25
    endloop
  endfacet
  facet normal 0.6532784615086858 -0.27059753034975137 -0.7071097710380334
    outer loop
      vertex -41.71788787841797 -26.486175537109375 -25
      vertex -41.27044677734375 -25.405960083007812 -25
      vertex -41.34081268310547 -26.62109375 -24.600000381469727
    endloop
  endfacet
  facet normal 0.9569400613508434 0.29028558176706604 0
    outer loop
      vertex -41.6688117980957 -33.29764175415039 -24.600000381469727
      vertex -41.6688117980957 -33.29764175415039 -19
      vertex -41.34081268310547 -34.37890625 -19
    endloop
  endfacet
  facet normal 0.9569400613508434 0.29028558176706604 0
    outer loop
      vertex -41.6688117980957 -33.29764175415039 -24.600000381469727
      vertex -41.34081268310547 -34.37890625 -19
      vertex -41.34081268310547 -34.37890625 -24.600000381469727
    endloop
  endfacet
  facet normal 0.6766588107073476 0.20526290460315286 -0.7071067768632932
    outer loop
      vertex -41.6688117980957 -33.29764175415039 -19
      vertex -36.327205657958984 -31.959638595581055 -13.5
      vertex -41.34081268310547 -34.37890625 -19
    endloop
  endfacet
  facet normal 0.9569400613508434 -0.29028558176706604 0
    outer loop
      vertex -41.6688117980957 -27.70235824584961 -24.600000381469727
      vertex -41.34081268310547 -26.62109375 -24.600000381469727
      vertex -41.6688117980957 -27.70235824584961 -19
    endloop
  endfacet
  facet normal 0.9569400613508434 -0.29028558176706604 0
    outer loop
      vertex -41.6688117980957 -27.70235824584961 -19
      vertex -41.34081268310547 -26.62109375 -24.600000381469727
      vertex -41.34081268310547 -26.62109375 -19
    endloop
  endfacet
  facet normal 0.6766588107073476 -0.20526290460315286 -0.7071067768632932
    outer loop
      vertex -41.6688117980957 -27.70235824584961 -19
      vertex -41.34081268310547 -26.62109375 -19
      vertex -36.327205657958984 -29.040361404418945 -13.5
    endloop
  endfacet
  facet normal 0.19509071943511516 0.9807852013515952 0
    outer loop
      vertex -41.46670150756836 -1.5385122299194336 -25
      vertex -41.46670150756836 -1.5385122299194336 -20
      vertex -41.15758514404297 -1.5999994277954102 -25
    endloop
  endfacet
  facet normal 0.19509071943511516 0.9807852013515952 0
    outer loop
      vertex -41.46670150756836 -1.5385122299194336 -20
      vertex -41.15758514404297 -1.5999994277954102 -20
      vertex -41.15758514404297 -1.5999994277954102 -25
    endloop
  endfacet
  facet normal 0.19509071943511516 -0.9807852013515952 0
    outer loop
      vertex -41.46670150756836 1.5385122299194336 -25
      vertex -41.15758514404297 1.5999994277954102 -25
      vertex -41.15758514404297 1.5999994277954102 -20
    endloop
  endfacet
  facet normal 0.19509071943511516 -0.9807852013515952 0
    outer loop
      vertex -41.46670150756836 1.5385122299194336 -25
      vertex -41.15758514404297 1.5999994277954102 -20
      vertex -41.46670150756836 1.5385122299194336 -20
    endloop
  endfacet
  facet normal 0.9238797690851888 0.3826828612246677 0
    outer loop
      vertex -41.34081268310547 -34.37890625 -24.600000381469727
      vertex -41.34081268310547 -34.37890625 -19
      vertex -40.90841293334961 -35.422813415527344 -19
    endloop
  endfacet
  facet normal 0.6532803650770778 0.2705971140997458 -0.7071081716722338
    outer loop
      vertex -41.34081268310547 -34.37890625 -24.600000381469727
      vertex -40.90841293334961 -35.422813415527344 -24.600000381469727
      vertex -41.27044677734375 -35.59403991699219 -25
    endloop
  endfacet
  facet normal 0.9238797690851888 0.3826828612246677 0
    outer loop
      vertex -41.34081268310547 -34.37890625 -24.600000381469727
      vertex -40.90841293334961 -35.422813415527344 -19
      vertex -40.90841293334961 -35.422813415527344 -24.600000381469727
    endloop
  endfacet
  facet normal 0.6766583769140246 0.20526401470556652 -0.7071068697297679
    outer loop
      vertex -41.34081268310547 -34.37890625 -19
      vertex -36.327205657958984 -31.959638595581055 -13.5
      vertex -36.15607452392578 -32.52377700805664 -13.5
    endloop
  endfacet
  facet normal 0.6532825911362017 0.27059505209001394 -0.7071069041543669
    outer loop
      vertex -41.34081268310547 -34.37890625 -19
      vertex -36.15607452392578 -32.52377700805664 -13.5
      vertex -35.930477142333984 -33.068424224853516 -13.5
    endloop
  endfacet
  facet normal 0.653281735179477 0.2705976816137491 -0.7071066886871852
    outer loop
      vertex -41.34081268310547 -34.37890625 -19
      vertex -35.930477142333984 -33.068424224853516 -13.5
      vertex -40.90841293334961 -35.422813415527344 -19
    endloop
  endfacet
  facet normal 0.6532803650770778 -0.2705971140997458 -0.7071081716722338
    outer loop
      vertex -41.34081268310547 -26.62109375 -24.600000381469727
      vertex -41.27044677734375 -25.405960083007812 -25
      vertex -40.90841293334961 -25.577186584472656 -24.600000381469727
    endloop
  endfacet
  facet normal 0.9238797690851888 -0.3826828612246677 0
    outer loop
      vertex -41.34081268310547 -26.62109375 -24.600000381469727
      vertex -40.90841293334961 -25.577186584472656 -24.600000381469727
      vertex -41.34081268310547 -26.62109375 -19
    endloop
  endfacet
  facet normal 0.9238797690851888 -0.3826828612246677 0
    outer loop
      vertex -41.34081268310547 -26.62109375 -19
      vertex -40.90841293334961 -25.577186584472656 -24.600000381469727
      vertex -40.90841293334961 -25.577186584472656 -19
    endloop
  endfacet
  facet normal 0.653281735179477 -0.2705976816137491 -0.7071066886871852
    outer loop
      vertex -41.34081268310547 -26.62109375 -19
      vertex -40.90841293334961 -25.577186584472656 -19
      vertex -35.930477142333984 -27.931575775146484 -13.5
    endloop
  endfacet
  facet normal 0.6766583769140246 -0.20526401470556652 -0.7071068697297679
    outer loop
      vertex -41.34081268310547 -26.62109375 -19
      vertex -36.15607452392578 -28.47622299194336 -13.5
      vertex -36.327205657958984 -29.040361404418945 -13.5
    endloop
  endfacet
  facet normal 0.6532825911362017 -0.27059505209001394 -0.7071069041543669
    outer loop
      vertex -41.34081268310547 -26.62109375 -19
      vertex -35.930477142333984 -27.931575775146484 -13.5
      vertex -36.15607452392578 -28.47622299194336 -13.5
    endloop
  endfacet
  facet normal 0.6236116562518299 0.33332688300219165 -0.7071079770833397
    outer loop
      vertex -41.27044677734375 -35.59403991699219 -25
      vertex -40.90841293334961 -35.422813415527344 -24.600000381469727
      vertex -40.37577438354492 -36.4193115234375 -24.600000381469727
    endloop
  endfacet
  facet normal 0.6236123671083006 0.33332827570231 -0.7071066936516065
    outer loop
      vertex -41.27044677734375 -35.59403991699219 -25
      vertex -40.37577438354492 -36.4193115234375 -24.600000381469727
      vertex -40.71928024291992 -36.62519836425781 -25
    endloop
  endfacet
  facet normal 0.6236119343355717 -0.333327427819561 -0.7071074750117141
    outer loop
      vertex -41.27044677734375 -25.405960083007812 -25
      vertex -40.71928024291992 -24.374799728393555 -25
      vertex -40.37577438354492 -24.5806884765625 -24.600000381469727
    endloop
  endfacet
  facet normal 0.6236116562518299 -0.33332688300219165 -0.7071079770833397
    outer loop
      vertex -41.27044677734375 -25.405960083007812 -25
      vertex -40.37577438354492 -24.5806884765625 -24.600000381469727
      vertex -40.90841293334961 -25.577186584472656 -24.600000381469727
    endloop
  endfacet
  facet normal 0 1 0
    outer loop
      vertex -41.15758514404297 -1.5999994277954102 -25
      vertex -41.15758514404297 -1.5999994277954102 -20
      vertex -40.84241485595703 -1.5999994277954102 -25
    endloop
  endfacet
  facet normal 0 1 0
    outer loop
      vertex -41.15758514404297 -1.5999994277954102 -20
      vertex -40.84241485595703 -1.5999994277954102 -20
      vertex -40.84241485595703 -1.5999994277954102 -25
    endloop
  endfacet
  facet normal 0 -1 0
    outer loop
      vertex -41.15758514404297 1.5999994277954102 -25
      vertex -40.84241485595703 1.5999994277954102 -25
      vertex -40.84241485595703 1.5999994277954102 -20
    endloop
  endfacet
  facet normal 0 -1 0
    outer loop
      vertex -41.15758514404297 1.5999994277954102 -25
      vertex -40.84241485595703 1.5999994277954102 -20
      vertex -41.15758514404297 1.5999994277954102 -20
    endloop
  endfacet
  facet normal 0.88192155348069 0.4713961958970462 0
    outer loop
      vertex -40.90841293334961 -35.422813415527344 -24.600000381469727
      vertex -40.90841293334961 -35.422813415527344 -19
      vertex -40.37577438354492 -36.4193115234375 -19
    endloop
  endfacet
  facet normal 0.88192155348069 0.4713961958970462 0
    outer loop
      vertex -40.90841293334961 -35.422813415527344 -24.600000381469727
      vertex -40.37577438354492 -36.4193115234375 -19
      vertex -40.37577438354492 -36.4193115234375 -24.600000381469727
    endloop
  endfacet
  facet normal 0.6236127691020468 0.3333274778321476 -0.7071067152381855
    outer loop
      vertex -40.90841293334961 -35.422813415527344 -19
      vertex -35.930477142333984 -33.068424224853516 -13.5
      vertex -40.37577438354492 -36.4193115234375 -19
    endloop
  endfacet
  facet normal 0.88192155348069 -0.4713961958970462 0
    outer loop
      vertex -40.90841293334961 -25.577186584472656 -24.600000381469727
      vertex -40.37577438354492 -24.5806884765625 -24.600000381469727
      vertex -40.90841293334961 -25.577186584472656 -19
    endloop
  endfacet
  facet normal 0.88192155348069 -0.4713961958970462 0
    outer loop
      vertex -40.90841293334961 -25.577186584472656 -19
      vertex -40.37577438354492 -24.5806884765625 -24.600000381469727
      vertex -40.37577438354492 -24.5806884765625 -19
    endloop
  endfacet
  facet normal 0.6236127691020468 -0.3333274778321476 -0.7071067152381855
    outer loop
      vertex -40.90841293334961 -25.577186584472656 -19
      vertex -40.37577438354492 -24.5806884765625 -19
      vertex -35.930477142333984 -27.931575775146484 -13.5
    endloop
  endfacet
  facet normal -0.19508840354767268 0.9807856620083821 0
    outer loop
      vertex -40.84241485595703 -1.5999994277954102 -25
      vertex -40.84241485595703 -1.5999994277954102 -20
      vertex -40.533294677734375 -1.5385122299194336 -25
    endloop
  endfacet
  facet normal -0.19508840354767268 0.9807856620083821 0
    outer loop
      vertex -40.84241485595703 -1.5999994277954102 -20
      vertex -40.533294677734375 -1.5385122299194336 -20
      vertex -40.533294677734375 -1.5385122299194336 -25
    endloop
  endfacet
  facet normal -0.19508840354767268 -0.9807856620083821 0
    outer loop
      vertex -40.84241485595703 1.5999994277954102 -25
      vertex -40.533294677734375 1.5385122299194336 -25
      vertex -40.533294677734375 1.5385122299194336 -20
    endloop
  endfacet
  facet normal -0.19508840354767268 -0.9807856620083821 0
    outer loop
      vertex -40.84241485595703 1.5999994277954102 -25
      vertex -40.533294677734375 1.5385122299194336 -20
      vertex -40.84241485595703 1.5999994277954102 -20
    endloop
  endfacet
  facet normal 0.5879376957936912 0.39284819845566865 -0.7071064692356737
    outer loop
      vertex -40.71928024291992 -36.62519836425781 -25
      vertex -40.37577438354492 -36.4193115234375 -24.600000381469727
      vertex -40.06969451904297 -37.59737014770508 -25
    endloop
  endfacet
  facet normal 0.5879365740704989 -0.3928482196897173 -0.7071073901161439
    outer loop
      vertex -40.71928024291992 -24.374799728393555 -25
      vertex -40.06969451904297 -23.402629852294922 -25
      vertex -40.37577438354492 -24.5806884765625 -24.600000381469727
    endloop
  endfacet
  facet normal -0.38268513255163855 0.9238788282691269 0
    outer loop
      vertex -40.533294677734375 -1.5385122299194336 -25
      vertex -40.533294677734375 -1.5385122299194336 -20
      vertex -40.24211502075195 -1.4179010391235352 -25
    endloop
  endfacet
  facet normal -0.38268513255163855 0.9238788282691269 0
    outer loop
      vertex -40.533294677734375 -1.5385122299194336 -20
      vertex -40.24211502075195 -1.4179010391235352 -20
      vertex -40.24211502075195 -1.4179010391235352 -25
    endloop
  endfacet
  facet normal -0.38268513255163855 -0.9238788282691269 0
    outer loop
      vertex -40.533294677734375 1.5385122299194336 -25
      vertex -40.24211502075195 1.4179010391235352 -25
      vertex -40.24211502075195 1.4179010391235352 -20
    endloop
  endfacet
  facet normal -0.38268513255163855 -0.9238788282691269 0
    outer loop
      vertex -40.533294677734375 1.5385122299194336 -25
      vertex -40.24211502075195 1.4179010391235352 -20
      vertex -40.533294677734375 1.5385122299194336 -20
    endloop
  endfacet
  facet normal 0.8314686318201716 0.5555717004123698 0
    outer loop
      vertex -40.37577438354492 -36.4193115234375 -24.600000381469727
      vertex -40.37577438354492 -36.4193115234375 -19
      vertex -39.748023986816406 -37.358802795410156 -19
    endloop
  endfacet
  facet normal 0.5879366607963462 0.3928482180480406 -0.7071073189185085
    outer loop
      vertex -40.37577438354492 -36.4193115234375 -24.600000381469727
      vertex -39.748023986816406 -37.358802795410156 -24.600000381469727
      vertex -40.06969451904297 -37.59737014770508 -25
    endloop
  endfacet
  facet normal 0.8314686318201716 0.5555717004123698 0
    outer loop
      vertex -40.37577438354492 -36.4193115234375 -24.600000381469727
      vertex -39.748023986816406 -37.358802795410156 -19
      vertex -39.748023986816406 -37.358802795410156 -24.600000381469727
    endloop
  endfacet
  facet normal 0.6236116446074534 0.333329236563063 -0.7071068778920714
    outer loop
      vertex -40.37577438354492 -36.4193115234375 -19
      vertex -35.930477142333984 -33.068424224853516 -13.5
      vertex -35.6525764465332 -33.58833694458008 -13.5
    endloop
  endfacet
  facet normal 0.5879390106041475 0.3928454775161702 -0.7071068876802915
    outer loop
      vertex -40.37577438354492 -36.4193115234375 -19
      vertex -35.6525764465332 -33.58833694458008 -13.5
      vertex -35.32505798339844 -34.07850646972656 -13.5
    endloop
  endfacet
  facet normal 0.5879372522710874 0.3928486132603374 -0.7071066075574133
    outer loop
      vertex -40.37577438354492 -36.4193115234375 -19
      vertex -35.32505798339844 -34.07850646972656 -13.5
      vertex -39.748023986816406 -37.358802795410156 -19
    endloop
  endfacet
  facet normal 0.5879366607963462 -0.3928482180480406 -0.7071073189185085
    outer loop
      vertex -40.37577438354492 -24.5806884765625 -24.600000381469727
      vertex -40.06969451904297 -23.402629852294922 -25
      vertex -39.748023986816406 -23.641197204589844 -24.600000381469727
    endloop
  endfacet
  facet normal 0.8314686318201716 -0.5555717004123698 0
    outer loop
      vertex -40.37577438354492 -24.5806884765625 -24.600000381469727
      vertex -39.748023986816406 -23.641197204589844 -24.600000381469727
      vertex -40.37577438354492 -24.5806884765625 -19
    endloop
  endfacet
  facet normal 0.8314686318201716 -0.5555717004123698 0
    outer loop
      vertex -40.37577438354492 -24.5806884765625 -19
      vertex -39.748023986816406 -23.641197204589844 -24.600000381469727
      vertex -39.748023986816406 -23.641197204589844 -19
    endloop
  endfacet
  facet normal 0.5879372522710874 -0.3928486132603374 -0.7071066075574133
    outer loop
      vertex -40.37577438354492 -24.5806884765625 -19
      vertex -39.748023986816406 -23.641197204589844 -19
      vertex -35.32505798339844 -26.921493530273438 -13.5
    endloop
  endfacet
  facet normal 0.6236116446074534 -0.333329236563063 -0.7071068778920714
    outer loop
      vertex -40.37577438354492 -24.5806884765625 -19
      vertex -35.6525764465332 -27.411663055419922 -13.5
      vertex -35.930477142333984 -27.931575775146484 -13.5
    endloop
  endfacet
  facet normal 0.5879390106041475 -0.3928454775161702 -0.7071068876802915
    outer loop
      vertex -40.37577438354492 -24.5806884765625 -19
      vertex -35.32505798339844 -26.921493530273438 -13.5
      vertex -35.6525764465332 -27.411663055419922 -13.5
    endloop
  endfacet
  facet normal -0.5555671546557193 0.8314716691912889 0
    outer loop
      vertex -40.24211502075195 -1.4179010391235352 -25
      vertex -40.24211502075195 -1.4179010391235352 -20
      vertex -39.98005676269531 -1.2428007125854492 -25
    endloop
  endfacet
  facet normal -0.5555671546557193 0.8314716691912889 0
    outer loop
      vertex -40.24211502075195 -1.4179010391235352 -20
      vertex -39.98005676269531 -1.2428007125854492 -20
      vertex -39.98005676269531 -1.2428007125854492 -25
    endloop
  endfacet
  facet normal -0.5555671546557193 -0.8314716691912889 0
    outer loop
      vertex -40.24211502075195 1.4179010391235352 -25
      vertex -39.98005676269531 1.2428007125854492 -25
      vertex -39.98005676269531 1.2428007125854492 -20
    endloop
  endfacet
  facet normal -0.5555671546557193 -0.8314716691912889 0
    outer loop
      vertex -40.24211502075195 1.4179010391235352 -25
      vertex -39.98005676269531 1.2428007125854492 -20
      vertex -40.24211502075195 1.4179010391235352 -20
    endloop
  endfacet
  facet normal 0.5466009389611166 0.44858293657298 -0.7071073203852352
    outer loop
      vertex -40.06969451904297 -37.59737014770508 -25
      vertex -39.748023986816406 -37.358802795410156 -24.600000381469727
      vertex -39.031211853027344 -38.232242584228516 -24.600000381469727
    endloop
  endfacet
  facet normal 0.5466010465647032 0.44858331707639415 -0.70710699581825
    outer loop
      vertex -40.06969451904297 -37.59737014770508 -25
      vertex -39.031211853027344 -38.232242584228516 -24.600000381469727
      vertex -39.32794952392578 -38.501190185546875 -25
    endloop
  endfacet
  facet normal 0.5466010465647032 -0.44858331707639415 -0.70710699581825
    outer loop
      vertex -40.06969451904297 -23.402629852294922 -25
      vertex -39.32794952392578 -22.498809814453125 -25
      vertex -39.031211853027344 -22.767757415771484 -24.600000381469727
    endloop
  endfacet
  facet normal 0.5466009389611166 -0.44858293657298 -0.7071073203852352
    outer loop
      vertex -40.06969451904297 -23.402629852294922 -25
      vertex -39.031211853027344 -22.767757415771484 -24.600000381469727
      vertex -39.748023986816406 -23.641197204589844 -24.600000381469727
    endloop
  endfacet
  facet normal -0.7071098070772476 0.7071037552828989 0
    outer loop
      vertex -39.98005676269531 -1.2428007125854492 -25
      vertex -39.98005676269531 -1.2428007125854492 -20
      vertex -39.757198333740234 -1.0199403762817383 -20
    endloop
  endfacet
  facet normal -0.7071098070772476 0.7071037552828989 0
    outer loop
      vertex -39.98005676269531 -1.2428007125854492 -25
      vertex -39.757198333740234 -1.0199403762817383 -20
      vertex -39.757198333740234 -1.0199403762817383 -25
    endloop
  endfacet
  facet normal 0 0 1
    outer loop
      vertex -39.98005676269531 -1.2428007125854492 -20
      vertex -21.242801666259766 -1.0199403762817383 -20
      vertex -39.757198333740234 -1.0199403762817383 -20
    endloop
  endfacet
  facet normal 0 0 1
    outer loop
      vertex -39.98005676269531 -1.2428007125854492 -20
      vertex -21.019941329956055 -1.2428007125854492 -20
      vertex -21.242801666259766 -1.0199403762817383 -20
    endloop
  endfacet
  facet normal 0 0 1
    outer loop
      vertex -39.98005676269531 -1.2428007125854492 -20
      vertex -14.607542991638184 -10.09999942779541 -20
      vertex -21.019941329956055 -1.2428007125854492 -20
    endloop
  endfacet
  facet normal -0.7071098070772476 -0.7071037552828989 0
    outer loop
      vertex -39.98005676269531 1.2428007125854492 -25
      vertex -39.757198333740234 1.0199403762817383 -25
      vertex -39.98005676269531 1.2428007125854492 -20
    endloop
  endfacet
  facet normal 0 0 -1
    outer loop
      vertex -39.98005676269531 1.2428007125854492 -25
      vertex -21.242801666259766 1.0199403762817383 -25
      vertex -39.757198333740234 1.0199403762817383 -25
    endloop
  endfacet
  facet normal 0 0 -1
    outer loop
      vertex -39.98005676269531 1.2428007125854492 -25
      vertex -21.019941329956055 1.2428007125854492 -25
      vertex -21.242801666259766 1.0199403762817383 -25
    endloop
  endfacet
  facet normal 0 0 -1
    outer loop
      vertex -39.98005676269531 1.2428007125854492 -25
      vertex -15.30754280090332 9.699999809265137 -25
      vertex -21.019941329956055 1.2428007125854492 -25
    endloop
  endfacet
  facet normal -0.7071098070772476 -0.7071037552828989 0
    outer loop
      vertex -39.98005676269531 1.2428007125854492 -20
      vertex -39.757198333740234 1.0199403762817383 -25
      vertex -39.757198333740234 1.0199403762817383 -20
    endloop
  endfacet
  facet normal 0 0 1
    outer loop
      vertex -39.98005676269531 1.2428007125854492 -20
      vertex -39.757198333740234 1.0199403762817383 -20
      vertex -21.242801666259766 1.0199403762817383 -20
    endloop
  endfacet
  facet normal 0 0 1
    outer loop
      vertex -39.98005676269531 1.2428007125854492 -20
      vertex -21.242801666259766 1.0199403762817383 -20
      vertex -21.019941329956055 1.2428007125854492 -20
    endloop
  endfacet
  facet normal 0 0 1
    outer loop
      vertex -39.98005676269531 1.2428007125854492 -20
      vertex -21.019941329956055 1.2428007125854492 -20
      vertex -15.007542610168457 10 -20
    endloop
  endfacet
  facet normal -0.8314725968284974 0.5555657663348913 0
    outer loop
      vertex -39.757198333740234 -1.0199403762817383 -25
      vertex -39.757198333740234 -1.0199403762817383 -20
      vertex -39.58209991455078 -0.7578840255737305 -20
    endloop
  endfacet
  facet normal 0 0 -1
    outer loop
      vertex -39.757198333740234 -1.0199403762817383 -25
      vertex -39.58209991455078 -0.7578840255737305 -25
      vertex -38.501190185546875 -21.672048568725586 -25
    endloop
  endfacet
  facet normal -0.8314725968284974 0.5555657663348913 0
    outer loop
      vertex -39.757198333740234 -1.0199403762817383 -25
      vertex -39.58209991455078 -0.7578840255737305 -20
      vertex -39.58209991455078 -0.7578840255737305 -25
    endloop
  endfacet
  facet normal 0 0 1
    outer loop
      vertex -39.757198333740234 -1.0199403762817383 -20
      vertex -21.242801666259766 -1.0199403762817383 -20
      vertex -39.58209991455078 -0.7578840255737305 -20
    endloop
  endfacet
  facet normal -0.8314725968284974 -0.5555657663348913 0
    outer loop
      vertex -39.757198333740234 1.0199403762817383 -25
      vertex -39.58209991455078 0.7578840255737305 -25
      vertex -39.757198333740234 1.0199403762817383 -20
    endloop
  endfacet
  facet normal 0 0 -1
    outer loop
      vertex -39.757198333740234 1.0199403762817383 -25
      vertex -21.242801666259766 1.0199403762817383 -25
      vertex -39.58209991455078 0.7578840255737305 -25
    endloop
  endfacet
  facet normal -0.8314725968284974 -0.5555657663348913 0
    outer loop
      vertex -39.757198333740234 1.0199403762817383 -20
      vertex -39.58209991455078 0.7578840255737305 -25
      vertex -39.58209991455078 0.7578840255737305 -20
    endloop
  endfacet
  facet normal 0 0 1
    outer loop
      vertex -39.757198333740234 1.0199403762817383 -20
      vertex -39.58209991455078 0.7578840255737305 -20
      vertex -21.242801666259766 1.0199403762817383 -20
    endloop
  endfacet
  facet normal 0.7730110505385962 0.6343925565020573 0
    outer loop
      vertex -39.748023986816406 -37.358802795410156 -24.600000381469727
      vertex -39.748023986816406 -37.358802795410156 -19
      vertex -39.031211853027344 -38.232242584228516 -19
    endloop
  endfacet
  facet normal 0.7730110505385962 0.6343925565020573 0
    outer loop
      vertex -39.748023986816406 -37.358802795410156 -24.600000381469727
      vertex -39.031211853027344 -38.232242584228516 -19
      vertex -39.031211853027344 -38.232242584228516 -24.600000381469727
    endloop
  endfacet
  facet normal 0.5466013241421406 0.44858361488327836 -0.7071065923213482
    outer loop
      vertex -39.748023986816406 -37.358802795410156 -19
      vertex -35.32505798339844 -34.07850646972656 -13.5
      vertex -34.95106887817383 -34.53421401977539 -13.5
    endloop
  endfacet
  facet normal 0.5466014848473949 0.4485833845694108 -0.7071066142038802
    outer loop
      vertex -39.748023986816406 -37.358802795410156 -19
      vertex -34.95106887817383 -34.53421401977539 -13.5
      vertex -39.031211853027344 -38.232242584228516 -19
    endloop
  endfacet
  facet normal 0.7730110505385962 -0.6343925565020573 0
    outer loop
      vertex -39.748023986816406 -23.641197204589844 -24.600000381469727
      vertex -39.031211853027344 -22.767757415771484 -24.600000381469727
      vertex -39.748023986816406 -23.641197204589844 -19
    endloop
  endfacet
  facet normal 0.7730110505385962 -0.6343925565020573 0
    outer loop
      vertex -39.748023986816406 -23.641197204589844 -19
      vertex -39.031211853027344 -22.767757415771484 -24.600000381469727
      vertex -39.031211853027344 -22.767757415771484 -19
    endloop
  endfacet
  facet normal 0.5466014848473949 -0.4485833845694108 -0.7071066142038802
    outer loop
      vertex -39.748023986816406 -23.641197204589844 -19
      vertex -39.031211853027344 -22.767757415771484 -19
      vertex -34.95106887817383 -26.46578598022461 -13.5
    endloop
  endfacet
  facet normal 0.5466013241421406 -0.44858361488327836 -0.7071065923213482
    outer loop
      vertex -39.748023986816406 -23.641197204589844 -19
      vertex -34.95106887817383 -26.46578598022461 -13.5
      vertex -35.32505798339844 -26.921493530273438 -13.5
    endloop
  endfacet
  facet normal -0.9238775749067064 0.3826881584064278 0
    outer loop
      vertex -39.58209991455078 -0.7578840255737305 -25
      vertex -39.58209991455078 -0.7578840255737305 -20
      vertex -39.46148681640625 -0.4667024612426758 -20
    endloop
  endfacet
  facet normal 0 0 -1
    outer loop
      vertex -39.58209991455078 -0.7578840255737305 -25
      vertex -39.46148681640625 -0.4667024612426758 -25
      vertex -38.501190185546875 -21.672048568725586 -25
    endloop
  endfacet
  facet normal -0.9238775749067064 0.3826881584064278 0
    outer loop
      vertex -39.58209991455078 -0.7578840255737305 -25
      vertex -39.46148681640625 -0.4667024612426758 -20
      vertex -39.46148681640625 -0.4667024612426758 -25
    endloop
  endfacet
  facet normal 0 0 1
    outer loop
      vertex -39.58209991455078 -0.7578840255737305 -20
      vertex -21.41790199279785 -0.7578840255737305 -20
      vertex -39.46148681640625 -0.4667024612426758 -20
    endloop
  endfacet
  facet normal 0 0 1
    outer loop
      vertex -39.58209991455078 -0.7578840255737305 -20
      vertex -21.242801666259766 -1.0199403762817383 -20
      vertex -21.41790199279785 -0.7578840255737305 -20
    endloop
  endfacet
  facet normal -0.9238775749067064 -0.3826881584064278 0
    outer loop
      vertex -39.58209991455078 0.7578840255737305 -25
      vertex -39.46148681640625 0.4667024612426758 -25
      vertex -39.58209991455078 0.7578840255737305 -20
    endloop
  endfacet
  facet normal 0 0 -1
    outer loop
      vertex -39.58209991455078 0.7578840255737305 -25
      vertex -21.41790199279785 0.7578840255737305 -25
      vertex -39.46148681640625 0.4667024612426758 -25
    endloop
  endfacet
  facet normal 0 0 -1
    outer loop
      vertex -39.58209991455078 0.7578840255737305 -25
      vertex -21.242801666259766 1.0199403762817383 -25
      vertex -21.41790199279785 0.7578840255737305 -25
    endloop
  endfacet
  facet normal -0.9238775749067064 -0.3826881584064278 0
    outer loop
      vertex -39.58209991455078 0.7578840255737305 -20
      vertex -39.46148681640625 0.4667024612426758 -25
      vertex -39.46148681640625 0.4667024612426758 -20
    endloop
  endfacet
  facet normal 0 0 1
    outer loop
      vertex -39.58209991455078 0.7578840255737305 -20
      vertex -39.46148681640625 0.4667024612426758 -20
      vertex -21.41790199279785 0.7578840255737305 -20
    endloop
  endfacet
  facet normal 0 0 1
    outer loop
      vertex -39.58209991455078 0.7578840255737305 -20
      vertex -21.41790199279785 0.7578840255737305 -20
      vertex -21.242801666259766 1.0199403762817383 -20
    endloop
  endfacet
  facet normal -0.9807863592928809 0.19508489799319606 0
    outer loop
      vertex -39.46148681640625 -0.4667024612426758 -25
      vertex -39.46148681640625 -0.4667024612426758 -20
      vertex -39.400001525878906 -0.15758609771728516 -20
    endloop
  endfacet
  facet normal 0 0 -1
    outer loop
      vertex -39.46148681640625 -0.4667024612426758 -25
      vertex -39.400001525878906 -0.15758609771728516 -25
      vertex -21.53851318359375 -0.4667024612426758 -25
    endloop
  endfacet
  facet normal -0.9807863592928809 0.19508489799319606 0
    outer loop
      vertex -39.46148681640625 -0.4667024612426758 -25
      vertex -39.400001525878906 -0.15758609771728516 -20
      vertex -39.400001525878906 -0.15758609771728516 -25
    endloop
  endfacet
  facet normal 0 0 -1
    outer loop
      vertex -39.46148681640625 -0.4667024612426758 -25
      vertex -37.59737014770508 -20.9303035736084 -25
      vertex -38.501190185546875 -21.672048568725586 -25
    endloop
  endfacet
  facet normal 0 0 -1
    outer loop
      vertex -39.46148681640625 -0.4667024612426758 -25
      vertex -36.62519836425781 -20.280719757080078 -25
      vertex -37.59737014770508 -20.9303035736084 -25
    endloop
  endfacet
  facet normal 0 0 -1
    outer loop
      vertex -39.46148681640625 -0.4667024612426758 -25
      vertex -35.59403991699219 -19.72955322265625 -25
      vertex -36.62519836425781 -20.280719757080078 -25
    endloop
  endfacet
  facet normal 0 0 -1
    outer loop
      vertex -39.46148681640625 -0.4667024612426758 -25
      vertex -34.513824462890625 -19.282114028930664 -25
      vertex -35.59403991699219 -19.72955322265625 -25
    endloop
  endfacet
  facet normal 0 0 -1
    outer loop
      vertex -39.46148681640625 -0.4667024612426758 -25
      vertex -33.39495086669922 -18.942707061767578 -25
      vertex -34.513824462890625 -19.282114028930664 -25
    endloop
  endfacet
  facet normal 0 0 -1
    outer loop
      vertex -39.46148681640625 -0.4667024612426758 -25
      vertex -32.248199462890625 -18.714603424072266 -25
      vertex -33.39495086669922 -18.942707061767578 -25
    endloop
  endfacet
  facet normal 0 0 -1
    outer loop
      vertex -39.46148681640625 -0.4667024612426758 -25
      vertex -31.084609985351562 -18.600000381469727 -25
      vertex -32.248199462890625 -18.714603424072266 -25
    endloop
  endfacet
  facet normal 0 0 -1
    outer loop
      vertex -39.46148681640625 -0.4667024612426758 -25
      vertex -21.53851318359375 -0.4667024612426758 -25
      vertex -21.41790199279785 -0.7578840255737305 -25
    endloop
  endfacet
  facet normal 0 0 -1
    outer loop
      vertex -39.46148681640625 -0.4667024612426758 -25
      vertex -21.41790199279785 -0.7578840255737305 -25
      vertex -21.242801666259766 -1.0199403762817383 -25
    endloop
  endfacet
  facet normal 0 0 -1
    outer loop
      vertex -39.46148681640625 -0.4667024612426758 -25
      vertex -21.242801666259766 -1.0199403762817383 -25
      vertex -31.084609985351562 -18.600000381469727 -25
    endloop
  endfacet
  facet normal 0 0 1
    outer loop
      vertex -39.46148681640625 -0.4667024612426758 -20
      vertex -21.53851318359375 -0.4667024612426758 -20
      vertex -39.400001525878906 -0.15758609771728516 -20
    endloop
  endfacet
  facet normal 0 0 1
    outer loop
      vertex -39.46148681640625 -0.4667024612426758 -20
      vertex -21.41790199279785 -0.7578840255737305 -20
      vertex -21.53851318359375 -0.4667024612426758 -20
    endloop
  endfacet
  facet normal -0.9807863592928809 -0.19508489799319606 0
    outer loop
      vertex -39.46148681640625 0.4667024612426758 -25
      vertex -39.400001525878906 0.15758609771728516 -25
      vertex -39.46148681640625 0.4667024612426758 -20
    endloop
  endfacet
  facet normal 0 0 -1
    outer loop
      vertex -39.46148681640625 0.4667024612426758 -25
      vertex -21.53851318359375 0.4667024612426758 -25
      vertex -39.400001525878906 0.15758609771728516 -25
    endloop
  endfacet
  facet normal 0 0 -1
    outer loop
      vertex -39.46148681640625 0.4667024612426758 -25
      vertex -21.41790199279785 0.7578840255737305 -25
      vertex -21.53851318359375 0.4667024612426758 -25
    endloop
  endfacet
  facet normal -0.9807863592928809 -0.19508489799319606 0
    outer loop
      vertex -39.46148681640625 0.4667024612426758 -20
      vertex -39.400001525878906 0.15758609771728516 -25
      vertex -39.400001525878906 0.15758609771728516 -20
    endloop
  endfacet
  facet normal 0 0 1
    outer loop
      vertex -39.46148681640625 0.4667024612426758 -20
      vertex -39.400001525878906 0.15758609771728516 -20
      vertex -21.53851318359375 0.4667024612426758 -20
    endloop
  endfacet
  facet normal 0 0 1
    outer loop
      vertex -39.46148681640625 0.4667024612426758 -20
      vertex -21.53851318359375 0.4667024612426758 -20
      vertex -21.41790199279785 0.7578840255737305 -20
    endloop
  endfacet
  facet normal -1 0 0
    outer loop
      vertex -39.400001525878906 -0.15758609771728516 -25
      vertex -39.400001525878906 -0.15758609771728516 -20
      vertex -39.400001525878906 0.15758609771728516 -20
    endloop
  endfacet
  facet normal 0 0 -1
    outer loop
      vertex -39.400001525878906 -0.15758609771728516 -25
      vertex -39.400001525878906 0.15758609771728516 -25
      vertex -21.600000381469727 0.15758609771728516 -25
    endloop
  endfacet
  facet normal -1 0 0
    outer loop
      vertex -39.400001525878906 -0.15758609771728516 -25
      vertex -39.400001525878906 0.15758609771728516 -20
      vertex -39.400001525878906 0.15758609771728516 -25
    endloop
  endfacet
  facet normal 0 0 -1
    outer loop
      vertex -39.400001525878906 -0.15758609771728516 -25
      vertex -21.600000381469727 -0.15758609771728516 -25
      vertex -21.53851318359375 -0.4667024612426758 -25
    endloop
  endfacet
  facet normal 0 0 -1
    outer loop
      vertex -39.400001525878906 -0.15758609771728516 -25
      vertex -21.600000381469727 0.15758609771728516 -25
      vertex -21.600000381469727 -0.15758609771728516 -25
    endloop
  endfacet
  facet normal 0 0 1
    outer loop
      vertex -39.400001525878906 -0.15758609771728516 -20
      vertex -21.600000381469727 -0.15758609771728516 -20
      vertex -39.400001525878906 0.15758609771728516 -20
    endloop
  endfacet
  facet normal 0 0 1
    outer loop
      vertex -39.400001525878906 -0.15758609771728516 -20
      vertex -21.53851318359375 -0.4667024612426758 -20
      vertex -21.600000381469727 -0.15758609771728516 -20
    endloop
  endfacet
  facet normal 0 0 -1
    outer loop
      vertex -39.400001525878906 0.15758609771728516 -25
      vertex -21.53851318359375 0.4667024612426758 -25
      vertex -21.600000381469727 0.15758609771728516 -25
    endloop
  endfacet
  facet normal 0 0 1
    outer loop
      vertex -39.400001525878906 0.15758609771728516 -20
      vertex -21.600000381469727 -0.15758609771728516 -20
      vertex -21.600000381469727 0.15758609771728516 -20
    endloop
  endfacet
  facet normal 0 0 1
    outer loop
      vertex -39.400001525878906 0.15758609771728516 -20
      vertex -21.600000381469727 0.15758609771728516 -20
      vertex -21.53851318359375 0.4667024612426758 -20
    endloop
  endfacet
  facet normal 0.4999998290801276 0.4999998290801276 -0.7071070229036664
    outer loop
      vertex -39.32794952392578 -38.501190185546875 -25
      vertex -39.031211853027344 -38.232242584228516 -24.600000381469727
      vertex -38.501190185546875 -39.32794952392578 -25
    endloop
  endfacet
  facet normal 0.5000003916666513 -0.49999923815943464 -0.707107042938465
    outer loop
      vertex -39.32794952392578 -22.498809814453125 -25
      vertex -38.501190185546875 -21.672048568725586 -25
      vertex -39.031211853027344 -22.767757415771484 -24.600000381469727
    endloop
  endfacet
  facet normal 0.7071067811865475 0.7071067811865475 0
    outer loop
      vertex -39.031211853027344 -38.232242584228516 -24.600000381469727
      vertex -39.031211853027344 -38.232242584228516 -19
      vertex -38.232242584228516 -39.031211853027344 -19
    endloop
  endfacet
  facet normal 0.4999998290801276 0.4999998290801276 -0.7071070229036664
    outer loop
      vertex -39.031211853027344 -38.232242584228516 -24.600000381469727
      vertex -38.232242584228516 -39.031211853027344 -24.600000381469727
      vertex -38.501190185546875 -39.32794952392578 -25
    endloop
  endfacet
  facet normal 0.7071067811865475 0.7071067811865475 0
    outer loop
      vertex -39.031211853027344 -38.232242584228516 -24.600000381469727
      vertex -38.232242584228516 -39.031211853027344 -19
      vertex -38.232242584228516 -39.031211853027344 -24.600000381469727
    endloop
  endfacet
  facet normal 0.5000000981511036 0.5000000981511036 -0.7071066423798983
    outer loop
      vertex -39.031211853027344 -38.232242584228516 -19
      vertex -34.95106887817383 -34.53421401977539 -13.5
      vertex -38.232242584228516 -39.031211853027344 -19
    endloop
  endfacet
  facet normal 0.5000004405541214 -0.49999924692513303 -0.7071070021715133
    outer loop
      vertex -39.031211853027344 -22.767757415771484 -24.600000381469727
      vertex -38.501190185546875 -21.672048568725586 -25
      vertex -38.232242584228516 -21.968786239624023 -24.600000381469727
    endloop
  endfacet
  facet normal 0.7071076252094595 -0.7071059371626282 0
    outer loop
      vertex -39.031211853027344 -22.767757415771484 -24.600000381469727
      vertex -38.232242584228516 -21.968786239624023 -24.600000381469727
      vertex -39.031211853027344 -22.767757415771484 -19
    endloop
  endfacet
  facet normal 0.7071076252094595 -0.7071059371626282 0
    outer loop
      vertex -39.031211853027344 -22.767757415771484 -19
      vertex -38.232242584228516 -21.968786239624023 -24.600000381469727
      vertex -38.232242584228516 -21.968786239624023 -19
    endloop
  endfacet
  facet normal 0.5000006803059982 -0.49999948667643757 -0.7071066631116114
    outer loop
      vertex -39.031211853027344 -22.767757415771484 -19
      vertex -38.232242584228516 -21.968786239624023 -19
      vertex -34.95106887817383 -26.46578598022461 -13.5
    endloop
  endfacet
  facet normal 0.4485833170763941 0.5466010465647031 -0.7071069958182499
    outer loop
      vertex -38.501190185546875 -39.32794952392578 -25
      vertex -38.232242584228516 -39.031211853027344 -24.600000381469727
      vertex -37.59737014770508 -40.06969451904297 -25
    endloop
  endfacet
  facet normal 0.4485833170763941 -0.5466010465647031 -0.7071069958182499
    outer loop
      vertex -38.501190185546875 -21.672048568725586 -25
      vertex -37.59737014770508 -20.9303035736084 -25
      vertex -38.232242584228516 -21.968786239624023 -24.600000381469727
    endloop
  endfacet
  facet normal 0.6343925565020573 0.7730110505385962 0
    outer loop
      vertex -38.232242584228516 -39.031211853027344 -24.600000381469727
      vertex -38.232242584228516 -39.031211853027344 -19
      vertex -37.358802795410156 -39.748023986816406 -24.600000381469727
    endloop
  endfacet
  facet normal 0.44858293657298 0.5466009389611166 -0.7071073203852352
    outer loop
      vertex -38.232242584228516 -39.031211853027344 -24.600000381469727
      vertex -37.358802795410156 -39.748023986816406 -24.600000381469727
      vertex -37.59737014770508 -40.06969451904297 -25
    endloop
  endfacet
  facet normal 0.6343925565020573 0.7730110505385962 0
    outer loop
      vertex -38.232242584228516 -39.031211853027344 -19
      vertex -37.358802795410156 -39.748023986816406 -19
      vertex -37.358802795410156 -39.748023986816406 -24.600000381469727
    endloop
  endfacet
  facet normal 0.5000000981511036 0.5000000981511036 -0.7071066423798983
    outer loop
      vertex -38.232242584228516 -39.031211853027344 -19
      vertex -34.95106887817383 -34.53421401977539 -13.5
      vertex -34.53421401977539 -34.95106887817383 -13.5
    endloop
  endfacet
  facet normal 0.4485833845694108 0.5466014848473949 -0.7071066142038802
    outer loop
      vertex -38.232242584228516 -39.031211853027344 -19
      vertex -34.53421401977539 -34.95106887817383 -13.5
      vertex -37.358802795410156 -39.748023986816406 -19
    endloop
  endfacet
  facet normal 0.44858293657298 -0.5466009389611166 -0.7071073203852352
    outer loop
      vertex -38.232242584228516 -21.968786239624023 -24.600000381469727
      vertex -37.59737014770508 -20.9303035736084 -25
      vertex -37.358802795410156 -21.25197410583496 -24.600000381469727
    endloop
  endfacet
  facet normal 0.6343925565020573 -0.7730110505385962 0
    outer loop
      vertex -38.232242584228516 -21.968786239624023 -24.600000381469727
      vertex -37.358802795410156 -21.25197410583496 -24.600000381469727
      vertex -37.358802795410156 -21.25197410583496 -19
    endloop
  endfacet
  facet normal 0.6343925565020573 -0.7730110505385962 0
    outer loop
      vertex -38.232242584228516 -21.968786239624023 -24.600000381469727
      vertex -37.358802795410156 -21.25197410583496 -19
      vertex -38.232242584228516 -21.968786239624023 -19
    endloop
  endfacet
  facet normal 0.44858332444286525 -0.5466014115828465 -0.707106708982051
    outer loop
      vertex -38.232242584228516 -21.968786239624023 -19
      vertex -37.358802795410156 -21.25197410583496 -19
      vertex -34.53421401977539 -26.048931121826172 -13.5
    endloop
  endfacet
  facet normal 0.5000000368465884 -0.5000000368465884 -0.7071067290775985
    outer loop
      vertex -38.232242584228516 -21.968786239624023 -19
      vertex -34.53421401977539 -26.048931121826172 -13.5
      vertex -34.95106887817383 -26.46578598022461 -13.5
    endloop
  endfacet
  facet normal 0.3928482180480406 0.5879366607963462 -0.7071073189185085
    outer loop
      vertex -37.59737014770508 -40.06969451904297 -25
      vertex -37.358802795410156 -39.748023986816406 -24.600000381469727
      vertex -36.4193115234375 -40.37577438354492 -24.600000381469727
    endloop
  endfacet
  facet normal 0.39284819845566865 0.5879376957936912 -0.7071064692356737
    outer loop
      vertex -37.59737014770508 -40.06969451904297 -25
      vertex -36.4193115234375 -40.37577438354492 -24.600000381469727
      vertex -36.62519836425781 -40.71928024291992 -25
    endloop
  endfacet
  facet normal 0.39284738790132756 -0.5879382090517071 -0.7071064927973543
    outer loop
      vertex -37.59737014770508 -20.9303035736084 -25
      vertex -36.62519836425781 -20.280719757080078 -25
      vertex -36.4193115234375 -20.624225616455078 -24.600000381469727
    endloop
  endfacet
  facet normal 0.3928474063898377 -0.587937232449476 -0.7071072945405305
    outer loop
      vertex -37.59737014770508 -20.9303035736084 -25
      vertex -36.4193115234375 -20.624225616455078 -24.600000381469727
      vertex -37.358802795410156 -21.25197410583496 -24.600000381469727
    endloop
  endfacet
  facet normal 0.5555717004123698 0.8314686318201716 0
    outer loop
      vertex -37.358802795410156 -39.748023986816406 -24.600000381469727
      vertex -37.358802795410156 -39.748023986816406 -19
      vertex -36.4193115234375 -40.37577438354492 -24.600000381469727
    endloop
  endfacet
  facet normal 0.5555717004123698 0.8314686318201716 0
    outer loop
      vertex -37.358802795410156 -39.748023986816406 -19
      vertex -36.4193115234375 -40.37577438354492 -19
      vertex -36.4193115234375 -40.37577438354492 -24.600000381469727
    endloop
  endfacet
  facet normal 0.44858361488327836 0.5466013241421406 -0.7071065923213482
    outer loop
      vertex -37.358802795410156 -39.748023986816406 -19
      vertex -34.53421401977539 -34.95106887817383 -13.5
      vertex -34.07850646972656 -35.32505798339844 -13.5
    endloop
  endfacet
  facet normal 0.3928486132603374 0.5879372522710874 -0.7071066075574133
    outer loop
      vertex -37.358802795410156 -39.748023986816406 -19
      vertex -34.07850646972656 -35.32505798339844 -13.5
      vertex -36.4193115234375 -40.37577438354492 -19
    endloop
  endfacet
  facet normal 0.5555705333997505 -0.8314694115948684 0
    outer loop
      vertex -37.358802795410156 -21.25197410583496 -24.600000381469727
      vertex -36.4193115234375 -20.624225616455078 -24.600000381469727
      vertex -36.4193115234375 -20.624225616455078 -19
    endloop
  endfacet
  facet normal 0.5555705333997505 -0.8314694115948684 0
    outer loop
      vertex -37.358802795410156 -21.25197410583496 -24.600000381469727
      vertex -36.4193115234375 -20.624225616455078 -19
      vertex -37.358802795410156 -21.25197410583496 -19
    endloop
  endfacet
  facet normal 0.39284774496320457 -0.5879377391599317 -0.7071066851252596
    outer loop
      vertex -37.358802795410156 -21.25197410583496 -19
      vertex -36.4193115234375 -20.624225616455078 -19
      vertex -34.07850646972656 -25.674942016601562 -13.5
    endloop
  endfacet
  facet normal 0.4485835547567213 -0.5466012508776373 -0.7071066870994968
    outer loop
      vertex -37.358802795410156 -21.25197410583496 -19
      vertex -34.07850646972656 -25.674942016601562 -13.5
      vertex -34.53421401977539 -26.048931121826172 -13.5
    endloop
  endfacet
  facet normal 0.33332827570231 0.6236123671083006 -0.7071066936516065
    outer loop
      vertex -36.62519836425781 -40.71928024291992 -25
      vertex -36.4193115234375 -40.37577438354492 -24.600000381469727
      vertex -35.59403991699219 -41.27044677734375 -25
    endloop
  endfacet
  facet normal 0.33332827570231 -0.6236123671083006 -0.7071066936516065
    outer loop
      vertex -36.62519836425781 -20.280719757080078 -25
      vertex -35.59403991699219 -19.72955322265625 -25
      vertex -36.4193115234375 -20.624225616455078 -24.600000381469727
    endloop
  endfacet
  facet normal 0.9951844018380932 0.0980204383695402 0
    outer loop
      vertex -36.5 -30.794761657714844 -13.5
      vertex -36.5 -30.794761657714844 -10
      vertex -36.44221496582031 -31.38144302368164 -10
    endloop
  endfacet
  facet normal 1 0 0
    outer loop
      vertex -36.5 -30.794761657714844 -13.5
      vertex -36.5 -30.205238342285156 -13.5
      vertex -36.5 -30.794761657714844 -10
    endloop
  endfacet
  facet normal 0.9951844018380932 0.0980204383695402 0
    outer loop
      vertex -36.5 -30.794761657714844 -13.5
      vertex -36.44221496582031 -31.38144302368164 -10
      vertex -36.44221496582031 -31.38144302368164 -13.5
    endloop
  endfacet
  facet normal 1 0 0
    outer loop
      vertex -36.5 -30.794761657714844 -10
      vertex -36.5 -30.205238342285156 -13.5
      vertex -36.5 -30.205238342285156 -10
    endloop
  endfacet
  facet normal 0.9951844018380932 -0.0980204383695402 0
    outer loop
      vertex -36.5 -30.205238342285156 -13.5
      vertex -36.44221496582031 -29.61855697631836 -13.5
      vertex -36.5 -30.205238342285156 -10
    endloop
  endfacet
  facet normal 0.9951844018380932 -0.0980204383695402 0
    outer loop
      vertex -36.5 -30.205238342285156 -10
      vertex -36.44221496582031 -29.61855697631836 -13.5
      vertex -36.44221496582031 -29.61855697631836 -10
    endloop
  endfacet
  facet normal 0.9807855861972504 0.19508878467947854 0
    outer loop
      vertex -36.44221496582031 -31.38144302368164 -13.5
      vertex -36.44221496582031 -31.38144302368164 -10
      vertex -36.327205657958984 -31.959638595581055 -10
    endloop
  endfacet
  facet normal 0.9807855861972504 0.19508878467947854 0
    outer loop
      vertex -36.44221496582031 -31.38144302368164 -13.5
      vertex -36.327205657958984 -31.959638595581055 -10
      vertex -36.327205657958984 -31.959638595581055 -13.5
    endloop
  endfacet
  facet normal 0.9807855861972504 -0.19508878467947854 0
    outer loop
      vertex -36.44221496582031 -29.61855697631836 -13.5
      vertex -36.327205657958984 -29.040361404418945 -13.5
      vertex -36.44221496582031 -29.61855697631836 -10
    endloop
  endfacet
  facet normal 0.9807855861972504 -0.19508878467947854 0
    outer loop
      vertex -36.44221496582031 -29.61855697631836 -10
      vertex -36.327205657958984 -29.040361404418945 -13.5
      vertex -36.327205657958984 -29.040361404418945 -10
    endloop
  endfacet
  facet normal 0.4713961958970462 0.88192155348069 0
    outer loop
      vertex -36.4193115234375 -40.37577438354492 -24.600000381469727
      vertex -36.4193115234375 -40.37577438354492 -19
      vertex -35.422813415527344 -40.90841293334961 -24.600000381469727
    endloop
  endfacet
  facet normal 0.33332688300219165 0.6236116562518299 -0.7071079770833397
    outer loop
      vertex -36.4193115234375 -40.37577438354492 -24.600000381469727
      vertex -35.422813415527344 -40.90841293334961 -24.600000381469727
      vertex -35.59403991699219 -41.27044677734375 -25
    endloop
  endfacet
  facet normal 0.4713961958970462 0.88192155348069 0
    outer loop
      vertex -36.4193115234375 -40.37577438354492 -19
      vertex -35.422813415527344 -40.90841293334961 -19
      vertex -35.422813415527344 -40.90841293334961 -24.600000381469727
    endloop
  endfacet
  facet normal 0.3928454775161702 0.5879390106041475 -0.7071068876802915
    outer loop
      vertex -36.4193115234375 -40.37577438354492 -19
      vertex -34.07850646972656 -35.32505798339844 -13.5
      vertex -33.58833694458008 -35.6525764465332 -13.5
    endloop
  endfacet
  facet normal 0.333329236563063 0.6236116446074534 -0.7071068778920714
    outer loop
      vertex -36.4193115234375 -40.37577438354492 -19
      vertex -33.58833694458008 -35.6525764465332 -13.5
      vertex -33.068424224853516 -35.930477142333984 -13.5
    endloop
  endfacet
  facet normal 0.3333274778321476 0.6236127691020468 -0.7071067152381855
    outer loop
      vertex -36.4193115234375 -40.37577438354492 -19
      vertex -33.068424224853516 -35.930477142333984 -13.5
      vertex -35.422813415527344 -40.90841293334961 -19
    endloop
  endfacet
  facet normal 0.33332688300219165 -0.6236116562518299 -0.7071079770833397
    outer loop
      vertex -36.4193115234375 -20.624225616455078 -24.600000381469727
      vertex -35.59403991699219 -19.72955322265625 -25
      vertex -35.422813415527344 -20.09158706665039 -24.600000381469727
    endloop
  endfacet
  facet normal 0.4713961958970462 -0.88192155348069 0
    outer loop
      vertex -36.4193115234375 -20.624225616455078 -24.600000381469727
      vertex -35.422813415527344 -20.09158706665039 -24.600000381469727
      vertex -35.422813415527344 -20.09158706665039 -19
    endloop
  endfacet
  facet normal 0.4713961958970462 -0.88192155348069 0
    outer loop
      vertex -36.4193115234375 -20.624225616455078 -24.600000381469727
      vertex -35.422813415527344 -20.09158706665039 -19
      vertex -36.4193115234375 -20.624225616455078 -19
    endloop
  endfacet
  facet normal 0.3333274778321476 -0.6236127691020468 -0.7071067152381855
    outer loop
      vertex -36.4193115234375 -20.624225616455078 -19
      vertex -35.422813415527344 -20.09158706665039 -19
      vertex -33.068424224853516 -25.069522857666016 -13.5
    endloop
  endfacet
  facet normal 0.3928454775161702 -0.5879390106041475 -0.7071068876802915
    outer loop
      vertex -36.4193115234375 -20.624225616455078 -19
      vertex -33.58833694458008 -25.347423553466797 -13.5
      vertex -34.07850646972656 -25.674942016601562 -13.5
    endloop
  endfacet
  facet normal 0.333329236563063 -0.6236116446074534 -0.7071068778920714
    outer loop
      vertex -36.4193115234375 -20.624225616455078 -19
      vertex -33.068424224853516 -25.069522857666016 -13.5
      vertex -33.58833694458008 -25.347423553466797 -13.5
    endloop
  endfacet
  facet normal 0.9569395735522327 0.29028718981324547 0
    outer loop
      vertex -36.327205657958984 -31.959638595581055 -13.5
      vertex -36.327205657958984 -31.959638595581055 -10
      vertex -36.15607452392578 -32.52377700805664 -10
    endloop
  endfacet
  facet normal 0.9569395735522327 0.29028718981324547 0
    outer loop
      vertex -36.327205657958984 -31.959638595581055 -13.5
      vertex -36.15607452392578 -32.52377700805664 -10
      vertex -36.15607452392578 -32.52377700805664 -13.5
    endloop
  endfacet
  facet normal 0.9569395735522327 -0.29028718981324547 0
    outer loop
      vertex -36.327205657958984 -29.040361404418945 -13.5
      vertex -36.15607452392578 -28.47622299194336 -13.5
      vertex -36.327205657958984 -29.040361404418945 -10
    endloop
  endfacet
  facet normal 0.9569395735522327 -0.29028718981324547 0
    outer loop
      vertex -36.327205657958984 -29.040361404418945 -10
      vertex -36.15607452392578 -28.47622299194336 -13.5
      vertex -36.15607452392578 -28.47622299194336 -10
    endloop
  endfacet
  facet normal 0.9238812611125812 0.38267925912574197 0
    outer loop
      vertex -36.15607452392578 -32.52377700805664 -13.5
      vertex -36.15607452392578 -32.52377700805664 -10
      vertex -35.930477142333984 -33.068424224853516 -10
    endloop
  endfacet
  facet normal 0.9238812611125812 0.38267925912574197 0
    outer loop
      vertex -36.15607452392578 -32.52377700805664 -13.5
      vertex -35.930477142333984 -33.068424224853516 -10
      vertex -35.930477142333984 -33.068424224853516 -13.5
    endloop
  endfacet
  facet normal 0.9238812611125812 -0.38267925912574197 0
    outer loop
      vertex -36.15607452392578 -28.47622299194336 -13.5
      vertex -35.930477142333984 -27.931575775146484 -13.5
      vertex -36.15607452392578 -28.47622299194336 -10
    endloop
  endfacet
  facet normal 0.9238812611125812 -0.38267925912574197 0
    outer loop
      vertex -36.15607452392578 -28.47622299194336 -10
      vertex -35.930477142333984 -27.931575775146484 -13.5
      vertex -35.930477142333984 -27.931575775146484 -10
    endloop
  endfacet
  facet normal 0.8819201660710658 0.471398791552528 0
    outer loop
      vertex -35.930477142333984 -33.068424224853516 -13.5
      vertex -35.930477142333984 -33.068424224853516 -10
      vertex -35.6525764465332 -33.58833694458008 -10
    endloop
  endfacet
  facet normal 0.8819201660710658 0.471398791552528 0
    outer loop
      vertex -35.930477142333984 -33.068424224853516 -13.5
      vertex -35.6525764465332 -33.58833694458008 -10
      vertex -35.6525764465332 -33.58833694458008 -13.5
    endloop
  endfacet
  facet normal 0.8819201660710658 -0.471398791552528 0
    outer loop
      vertex -35.930477142333984 -27.931575775146484 -13.5
      vertex -35.6525764465332 -27.411663055419922 -13.5
      vertex -35.930477142333984 -27.931575775146484 -10
    endloop
  endfacet
  facet normal 0.8819201660710658 -0.471398791552528 0
    outer loop
      vertex -35.930477142333984 -27.931575775146484 -10
      vertex -35.6525764465332 -27.411663055419922 -13.5
      vertex -35.6525764465332 -27.411663055419922 -10
    endloop
  endfacet
  facet normal 0.8314714478682949 0.5555674858914993 0
    outer loop
      vertex -35.6525764465332 -33.58833694458008 -13.5
      vertex -35.6525764465332 -33.58833694458008 -10
      vertex -35.32505798339844 -34.07850646972656 -10
    endloop
  endfacet
  facet normal 0.8314714478682949 0.5555674858914993 0
    outer loop
      vertex -35.6525764465332 -33.58833694458008 -13.5
      vertex -35.32505798339844 -34.07850646972656 -10
      vertex -35.32505798339844 -34.07850646972656 -13.5
    endloop
  endfacet
  facet normal 0.8314714478682949 -0.5555674858914993 0
    outer loop
      vertex -35.6525764465332 -27.411663055419922 -13.5
      vertex -35.32505798339844 -26.921493530273438 -13.5
      vertex -35.6525764465332 -27.411663055419922 -10
    endloop
  endfacet
  facet normal 0.8314714478682949 -0.5555674858914993 0
    outer loop
      vertex -35.6525764465332 -27.411663055419922 -10
      vertex -35.32505798339844 -26.921493530273438 -13.5
      vertex -35.32505798339844 -26.921493530273438 -10
    endloop
  endfacet
  facet normal 0.2705971140997458 0.6532803650770777 -0.7071081716722337
    outer loop
      vertex -35.59403991699219 -41.27044677734375 -25
      vertex -35.422813415527344 -40.90841293334961 -24.600000381469727
      vertex -34.37890625 -41.34081268310547 -24.600000381469727
    endloop
  endfacet
  facet normal 0.27059753034975137 0.6532784615086858 -0.7071097710380334
    outer loop
      vertex -35.59403991699219 -41.27044677734375 -25
      vertex -34.37890625 -41.34081268310547 -24.600000381469727
      vertex -34.513824462890625 -41.71788787841797 -25
    endloop
  endfacet
  facet normal 0.2705977278466693 -0.6532817231116562 -0.7071066821438512
    outer loop
      vertex -35.59403991699219 -19.72955322265625 -25
      vertex -34.513824462890625 -19.282114028930664 -25
      vertex -34.37890625 -19.6591854095459 -24.600000381469727
    endloop
  endfacet
  facet normal 0.27059812255699395 -0.653279918044416 -0.7071081987563935
    outer loop
      vertex -35.59403991699219 -19.72955322265625 -25
      vertex -34.37890625 -19.6591854095459 -24.600000381469727
      vertex -35.422813415527344 -20.09158706665039 -24.600000381469727
    endloop
  endfacet
  facet normal 0.3826828612246677 0.9238797690851888 0
    outer loop
      vertex -35.422813415527344 -40.90841293334961 -24.600000381469727
      vertex -35.422813415527344 -40.90841293334961 -19
      vertex -34.37890625 -41.34081268310547 -24.600000381469727
    endloop
  endfacet
  facet normal 0.3826828612246677 0.9238797690851888 0
    outer loop
      vertex -35.422813415527344 -40.90841293334961 -19
      vertex -34.37890625 -41.34081268310547 -19
      vertex -34.37890625 -41.34081268310547 -24.600000381469727
    endloop
  endfacet
  facet normal 0.2705976816137491 0.653281735179477 -0.7071066886871852
    outer loop
      vertex -35.422813415527344 -40.90841293334961 -19
      vertex -33.068424224853516 -35.930477142333984 -13.5
      vertex -34.37890625 -41.34081268310547 -19
    endloop
  endfacet
  facet normal 0.3826843020593516 -0.9238791722716488 0
    outer loop
      vertex -35.422813415527344 -20.09158706665039 -24.600000381469727
      vertex -34.37890625 -19.6591854095459 -24.600000381469727
      vertex -34.37890625 -19.6591854095459 -19
    endloop
  endfacet
  facet normal 0.3826843020593516 -0.9238791722716488 0
    outer loop
      vertex -35.422813415527344 -20.09158706665039 -24.600000381469727
      vertex -34.37890625 -19.6591854095459 -19
      vertex -35.422813415527344 -20.09158706665039 -19
    endloop
  endfacet
  facet normal 0.2705986900718092 -0.6532812881427319 -0.7071067157749203
    outer loop
      vertex -35.422813415527344 -20.09158706665039 -19
      vertex -34.37890625 -19.6591854095459 -19
      vertex -33.068424224853516 -25.069522857666016 -13.5
    endloop
  endfacet
  facet normal 0.7730107993450817 0.6343928625827044 0
    outer loop
      vertex -35.32505798339844 -34.07850646972656 -13.5
      vertex -35.32505798339844 -34.07850646972656 -10
      vertex -34.95106887817383 -34.53421401977539 -10
    endloop
  endfacet
  facet normal 0.7730107993450817 0.6343928625827044 0
    outer loop
      vertex -35.32505798339844 -34.07850646972656 -13.5
      vertex -34.95106887817383 -34.53421401977539 -10
      vertex -34.95106887817383 -34.53421401977539 -13.5
    endloop
  endfacet
  facet normal 0.7730107993450817 -0.6343928625827044 0
    outer loop
      vertex -35.32505798339844 -26.921493530273438 -13.5
      vertex -34.95106887817383 -26.46578598022461 -13.5
      vertex -35.32505798339844 -26.921493530273438 -10
    endloop
  endfacet
  facet normal 0.7730107993450817 -0.6343928625827044 0
    outer loop
      vertex -35.32505798339844 -26.921493530273438 -10
      vertex -34.95106887817383 -26.46578598022461 -13.5
      vertex -34.95106887817383 -26.46578598022461 -10
    endloop
  endfacet
  facet normal 0.7071067811865476 0.7071067811865476 0
    outer loop
      vertex -34.95106887817383 -34.53421401977539 -13.5
      vertex -34.95106887817383 -34.53421401977539 -10
      vertex -34.53421401977539 -34.95106887817383 -10
    endloop
  endfacet
  facet normal 0.7071067811865476 0.7071067811865476 0
    outer loop
      vertex -34.95106887817383 -34.53421401977539 -13.5
      vertex -34.53421401977539 -34.95106887817383 -10
      vertex -34.53421401977539 -34.95106887817383 -13.5
    endloop
  endfacet
  facet normal 0.7071067811865476 -0.7071067811865476 0
    outer loop
      vertex -34.95106887817383 -26.46578598022461 -13.5
      vertex -34.53421401977539 -26.048931121826172 -13.5
      vertex -34.95106887817383 -26.46578598022461 -10
    endloop
  endfacet
  facet normal 0.7071067811865476 -0.7071067811865476 0
    outer loop
      vertex -34.95106887817383 -26.46578598022461 -10
      vertex -34.53421401977539 -26.048931121826172 -13.5
      vertex -34.53421401977539 -26.048931121826172 -10
    endloop
  endfacet
  facet normal 0.6343928625827044 0.7730107993450817 0
    outer loop
      vertex -34.53421401977539 -34.95106887817383 -13.5
      vertex -34.53421401977539 -34.95106887817383 -10
      vertex -34.07850646972656 -35.32505798339844 -13.5
    endloop
  endfacet
  facet normal 0.6343928625827044 0.7730107993450817 0
    outer loop
      vertex -34.53421401977539 -34.95106887817383 -10
      vertex -34.07850646972656 -35.32505798339844 -10
      vertex -34.07850646972656 -35.32505798339844 -13.5
    endloop
  endfacet
  facet normal 0.6343928625827044 -0.7730107993450817 0
    outer loop
      vertex -34.53421401977539 -26.048931121826172 -13.5
      vertex -34.07850646972656 -25.674942016601562 -13.5
      vertex -34.07850646972656 -25.674942016601562 -10
    endloop
  endfacet
  facet normal 0.6343928625827044 -0.7730107993450817 0
    outer loop
      vertex -34.53421401977539 -26.048931121826172 -13.5
      vertex -34.07850646972656 -25.674942016601562 -10
      vertex -34.53421401977539 -26.048931121826172 -10
    endloop
  endfacet
  facet normal 0.20526051293096154 0.6766562890509323 -0.7071098841899607
    outer loop
      vertex -34.513824462890625 -41.71788787841797 -25
      vertex -34.37890625 -41.34081268310547 -24.600000381469727
      vertex -33.39495086669922 -42.05729293823242 -25
    endloop
  endfacet
  facet normal 0.20526249798087567 -0.6766590303042896 -0.7071066847586079
    outer loop
      vertex -34.513824462890625 -19.282114028930664 -25
      vertex -33.39495086669922 -18.942707061767578 -25
      vertex -34.37890625 -19.6591854095459 -24.600000381469727
    endloop
  endfacet
  facet normal 0.29028558176706604 0.9569400613508434 0
    outer loop
      vertex -34.37890625 -41.34081268310547 -24.600000381469727
      vertex -34.37890625 -41.34081268310547 -19
      vertex -33.29764175415039 -41.6688117980957 -24.600000381469727
    endloop
  endfacet
  facet normal 0.2052626519284148 0.6766579777531999 -0.7071076472972587
    outer loop
      vertex -34.37890625 -41.34081268310547 -24.600000381469727
      vertex -33.29764175415039 -41.6688117980957 -24.600000381469727
      vertex -33.39495086669922 -42.05729293823242 -25
    endloop
  endfacet
  facet normal 0.29028558176706604 0.9569400613508434 0
    outer loop
      vertex -34.37890625 -41.34081268310547 -19
      vertex -33.29764175415039 -41.6688117980957 -19
      vertex -33.29764175415039 -41.6688117980957 -24.600000381469727
    endloop
  endfacet
  facet normal 0.27059505209001394 0.6532825911362017 -0.7071069041543669
    outer loop
      vertex -34.37890625 -41.34081268310547 -19
      vertex -33.068424224853516 -35.930477142333984 -13.5
      vertex -32.52377700805664 -36.15607452392578 -13.5
    endloop
  endfacet
  facet normal 0.20526401470556652 0.6766583769140246 -0.7071068697297679
    outer loop
      vertex -34.37890625 -41.34081268310547 -19
      vertex -32.52377700805664 -36.15607452392578 -13.5
      vertex -31.959638595581055 -36.327205657958984 -13.5
    endloop
  endfacet
  facet normal 0.20526290460315286 0.6766588107073476 -0.7071067768632932
    outer loop
      vertex -34.37890625 -41.34081268310547 -19
      vertex -31.959638595581055 -36.327205657958984 -13.5
      vertex -33.29764175415039 -41.6688117980957 -19
    endloop
  endfacet
  facet normal 0.20526155074100874 -0.6766582824747677 -0.7071076753548176
    outer loop
      vertex -34.37890625 -19.6591854095459 -24.600000381469727
      vertex -33.39495086669922 -18.942707061767578 -25
      vertex -33.29764175415039 -19.331188201904297 -24.600000381469727
    endloop
  endfacet
  facet normal 0.29028403596932756 -0.9569405302636932 0
    outer loop
      vertex -34.37890625 -19.6591854095459 -24.600000381469727
      vertex -33.29764175415039 -19.331188201904297 -24.600000381469727
      vertex -33.29764175415039 -19.331188201904297 -19
    endloop
  endfacet
  facet normal 0.29028403596932756 -0.9569405302636932 0
    outer loop
      vertex -34.37890625 -19.6591854095459 -24.600000381469727
      vertex -33.29764175415039 -19.331188201904297 -19
      vertex -34.37890625 -19.6591854095459 -19
    endloop
  endfacet
  facet normal 0.205261803414565 -0.676659115429863 -0.7071068049203569
    outer loop
      vertex -34.37890625 -19.6591854095459 -19
      vertex -33.29764175415039 -19.331188201904297 -19
      vertex -31.959638595581055 -24.672794342041016 -13.5
    endloop
  endfacet
  facet normal 0.2705970247103142 -0.6532818302494918 -0.7071068522393201
    outer loop
      vertex -34.37890625 -19.6591854095459 -19
      vertex -32.52377700805664 -24.843923568725586 -13.5
      vertex -33.068424224853516 -25.069522857666016 -13.5
    endloop
  endfacet
  facet normal 0.20526193531801082 -0.6766590638863074 -0.7071068159549949
    outer loop
      vertex -34.37890625 -19.6591854095459 -19
      vertex -31.959638595581055 -24.672794342041016 -13.5
      vertex -32.52377700805664 -24.843923568725586 -13.5
    endloop
  endfacet
  facet normal 0.5555674858914993 0.8314714478682949 0
    outer loop
      vertex -34.07850646972656 -35.32505798339844 -13.5
      vertex -34.07850646972656 -35.32505798339844 -10
      vertex -33.58833694458008 -35.6525764465332 -13.5
    endloop
  endfacet
  facet normal 0.5555674858914993 0.8314714478682949 0
    outer loop
      vertex -34.07850646972656 -35.32505798339844 -10
      vertex -33.58833694458008 -35.6525764465332 -10
      vertex -33.58833694458008 -35.6525764465332 -13.5
    endloop
  endfacet
  facet normal 0.5555674858914993 -0.8314714478682949 0
    outer loop
      vertex -34.07850646972656 -25.674942016601562 -13.5
      vertex -33.58833694458008 -25.347423553466797 -13.5
      vertex -33.58833694458008 -25.347423553466797 -10
    endloop
  endfacet
  facet normal 0.5555674858914993 -0.8314714478682949 0
    outer loop
      vertex -34.07850646972656 -25.674942016601562 -13.5
      vertex -33.58833694458008 -25.347423553466797 -10
      vertex -34.07850646972656 -25.674942016601562 -10
    endloop
  endfacet
  facet normal 0.471398791552528 0.8819201660710658 0
    outer loop
      vertex -33.58833694458008 -35.6525764465332 -13.5
      vertex -33.58833694458008 -35.6525764465332 -10
      vertex -33.068424224853516 -35.930477142333984 -13.5
    endloop
  endfacet
  facet normal 0.471398791552528 0.8819201660710658 0
    outer loop
      vertex -33.58833694458008 -35.6525764465332 -10
      vertex -33.068424224853516 -35.930477142333984 -10
      vertex -33.068424224853516 -35.930477142333984 -13.5
    endloop
  endfacet
  facet normal 0.471398791552528 -0.8819201660710658 0
    outer loop
      vertex -33.58833694458008 -25.347423553466797 -13.5
      vertex -33.068424224853516 -25.069522857666016 -13.5
      vertex -33.068424224853516 -25.069522857666016 -10
    endloop
  endfacet
  facet normal 0.471398791552528 -0.8819201660710658 0
    outer loop
      vertex -33.58833694458008 -25.347423553466797 -13.5
      vertex -33.068424224853516 -25.069522857666016 -10
      vertex -33.58833694458008 -25.347423553466797 -10
    endloop
  endfacet
  facet normal 0.13794943899016346 0.6935190447691896 -0.7071076911084548
    outer loop
      vertex -33.39495086669922 -42.05729293823242 -25
      vertex -33.29764175415039 -41.6688117980957 -24.600000381469727
      vertex -32.18943405151367 -41.88924789428711 -24.600000381469727
    endloop
  endfacet
  facet normal 0 0 -1
    outer loop
      vertex -33.39495086669922 -42.05729293823242 -25
      vertex -32.248199462890625 -42.285396575927734 -25
      vertex -25.192461013793945 -50.69999694824219 -25
    endloop
  endfacet
  facet normal 0.13794974098676654 0.6935183530168546 -0.7071083106501248
    outer loop
      vertex -33.39495086669922 -42.05729293823242 -25
      vertex -32.18943405151367 -41.88924789428711 -24.600000381469727
      vertex -32.248199462890625 -42.285396575927734 -25
    endloop
  endfacet
  facet normal 0.13794974098676654 -0.6935183530168546 -0.7071083106501248
    outer loop
      vertex -33.39495086669922 -18.942707061767578 -25
      vertex -32.248199462890625 -18.714603424072266 -25
      vertex -32.18943405151367 -19.11075210571289 -24.600000381469727
    endloop
  endfacet
  facet normal 0.13794943899016346 -0.6935190447691896 -0.7071076911084548
    outer loop
      vertex -33.39495086669922 -18.942707061767578 -25
      vertex -32.18943405151367 -19.11075210571289 -24.600000381469727
      vertex -33.29764175415039 -19.331188201904297 -24.600000381469727
    endloop
  endfacet
  facet normal 0.1950902185887284 0.9807853009762137 0
    outer loop
      vertex -33.29764175415039 -41.6688117980957 -24.600000381469727
      vertex -33.29764175415039 -41.6688117980957 -19
      vertex -32.18943405151367 -41.88924789428711 -24.600000381469727
    endloop
  endfacet
  facet normal 0.1950902185887284 0.9807853009762137 0
    outer loop
      vertex -33.29764175415039 -41.6688117980957 -19
      vertex -32.18943405151367 -41.88924789428711 -19
      vertex -32.18943405151367 -41.88924789428711 -24.600000381469727
    endloop
  endfacet
  facet normal 0.13794961507097342 0.6935199299876871 -0.7071067885486915
    outer loop
      vertex -33.29764175415039 -41.6688117980957 -19
      vertex -31.959638595581055 -36.327205657958984 -13.5
      vertex -32.18943405151367 -41.88924789428711 -19
    endloop
  endfacet
  facet normal 0.1950902185887284 -0.9807853009762137 0
    outer loop
      vertex -33.29764175415039 -19.331188201904297 -24.600000381469727
      vertex -32.18943405151367 -19.11075210571289 -24.600000381469727
      vertex -32.18943405151367 -19.11075210571289 -19
    endloop
  endfacet
  facet normal 0.1950902185887284 -0.9807853009762137 0
    outer loop
      vertex -33.29764175415039 -19.331188201904297 -24.600000381469727
      vertex -32.18943405151367 -19.11075210571289 -19
      vertex -33.29764175415039 -19.331188201904297 -19
    endloop
  endfacet
  facet normal 0.13794961507097342 -0.6935199299876871 -0.7071067885486915
    outer loop
      vertex -33.29764175415039 -19.331188201904297 -19
      vertex -32.18943405151367 -19.11075210571289 -19
      vertex -31.959638595581055 -24.672794342041016 -13.5
    endloop
  endfacet
  facet normal 0.38267925912574197 0.9238812611125812 0
    outer loop
      vertex -33.068424224853516 -35.930477142333984 -13.5
      vertex -33.068424224853516 -35.930477142333984 -10
      vertex -32.52377700805664 -36.15607452392578 -13.5
    endloop
  endfacet
  facet normal 0.38267925912574197 0.9238812611125812 0
    outer loop
      vertex -33.068424224853516 -35.930477142333984 -10
      vertex -32.52377700805664 -36.15607452392578 -10
      vertex -32.52377700805664 -36.15607452392578 -13.5
    endloop
  endfacet
  facet normal 0.3826820207364794 -0.9238801172257388 0
    outer loop
      vertex -33.068424224853516 -25.069522857666016 -13.5
      vertex -32.52377700805664 -24.843923568725586 -13.5
      vertex -32.52377700805664 -24.843923568725586 -10
    endloop
  endfacet
  facet normal 0.3826820207364794 -0.9238801172257388 0
    outer loop
      vertex -33.068424224853516 -25.069522857666016 -13.5
      vertex -32.52377700805664 -24.843923568725586 -10
      vertex -33.068424224853516 -25.069522857666016 -10
    endloop
  endfacet
  facet normal 0.29028718981324547 0.9569395735522327 0
    outer loop
      vertex -32.52377700805664 -36.15607452392578 -13.5
      vertex -32.52377700805664 -36.15607452392578 -10
      vertex -31.959638595581055 -36.327205657958984 -13.5
    endloop
  endfacet
  facet normal 0.29028718981324547 0.9569395735522327 0
    outer loop
      vertex -32.52377700805664 -36.15607452392578 -10
      vertex -31.959638595581055 -36.327205657958984 -10
      vertex -31.959638595581055 -36.327205657958984 -13.5
    endloop
  endfacet
  facet normal 0.29028422703895884 -0.956940472303473 0
    outer loop
      vertex -32.52377700805664 -24.843923568725586 -13.5
      vertex -31.959638595581055 -24.672794342041016 -13.5
      vertex -31.959638595581055 -24.672794342041016 -10
    endloop
  endfacet
  facet normal 0.29028422703895884 -0.956940472303473 0
    outer loop
      vertex -32.52377700805664 -24.843923568725586 -13.5
      vertex -31.959638595581055 -24.672794342041016 -10
      vertex -32.52377700805664 -24.843923568725586 -10
    endloop
  endfacet
  facet normal 0.06930903300839933 0.7037004632843457 -0.7071081359430381
    outer loop
      vertex -32.248199462890625 -42.285396575927734 -25
      vertex -32.18943405151367 -41.88924789428711 -24.600000381469727
      vertex -31.064958572387695 -42 -24.600000381469727
    endloop
  endfacet
  facet normal 0 0 -1
    outer loop
      vertex -32.248199462890625 -42.285396575927734 -25
      vertex -31.084609985351562 -42.400001525878906 -25
      vertex -25.192461013793945 -50.69999694824219 -25
    endloop
  endfacet
  facet normal 0.06930924846545064 0.7037000779189655 -0.7071084983324669
    outer loop
      vertex -32.248199462890625 -42.285396575927734 -25
      vertex -31.064958572387695 -42 -24.600000381469727
      vertex -31.084609985351562 -42.400001525878906 -25
    endloop
  endfacet
  facet normal 0.06930826773103614 -0.7037018320533408 -0.7071068487780999
    outer loop
      vertex -32.248199462890625 -18.714603424072266 -25
      vertex -31.084609985351562 -18.600000381469727 -25
      vertex -31.064958572387695 -19 -24.600000381469727
    endloop
  endfacet
  facet normal 0.06930903300839933 -0.7037004632843457 -0.7071081359430381
    outer loop
      vertex -32.248199462890625 -18.714603424072266 -25
      vertex -31.064958572387695 -19 -24.600000381469727
      vertex -32.18943405151367 -19.11075210571289 -24.600000381469727
    endloop
  endfacet
  facet normal 0.09801796226988709 0.9951846457177981 0
    outer loop
      vertex -32.18943405151367 -41.88924789428711 -24.600000381469727
      vertex -32.18943405151367 -41.88924789428711 -19
      vertex -31.064958572387695 -42 -24.600000381469727
    endloop
  endfacet
  facet normal 0.13794858538145136 0.693520052424932 -0.7071068693456286
    outer loop
      vertex -32.18943405151367 -41.88924789428711 -19
      vertex -31.959638595581055 -36.327205657958984 -13.5
      vertex -31.38144302368164 -36.44221496582031 -13.5
    endloop
  endfacet
  facet normal 0.06931090506298451 0.7037015212676065 -0.7071068995597527
    outer loop
      vertex -32.18943405151367 -41.88924789428711 -19
      vertex -31.38144302368164 -36.44221496582031 -13.5
      vertex -30.794761657714844 -36.5 -13.5
    endloop
  endfacet
  facet normal 0.09801796226988709 0.9951846457177981 0
    outer loop
      vertex -32.18943405151367 -41.88924789428711 -19
      vertex -31.064958572387695 -42 -19
      vertex -31.064958572387695 -42 -24.600000381469727
    endloop
  endfacet
  facet normal 0.06930916767402717 0.7037018305558338 -0.7071067620583912
    outer loop
      vertex -32.18943405151367 -41.88924789428711 -19
      vertex -30.794761657714844 -36.5 -13.5
      vertex -31.064958572387695 -42 -19
    endloop
  endfacet
  facet normal 0.09801796226988709 -0.9951846457177981 0
    outer loop
      vertex -32.18943405151367 -19.11075210571289 -24.600000381469727
      vertex -31.064958572387695 -19 -24.600000381469727
      vertex -31.064958572387695 -19 -19
    endloop
  endfacet
  facet normal 0.09801796226988709 -0.9951846457177981 0
    outer loop
      vertex -32.18943405151367 -19.11075210571289 -24.600000381469727
      vertex -31.064958572387695 -19 -19
      vertex -32.18943405151367 -19.11075210571289 -19
    endloop
  endfacet
  facet normal 0.13794858538145136 -0.693520052424932 -0.7071068693456286
    outer loop
      vertex -32.18943405151367 -19.11075210571289 -19
      vertex -31.38144302368164 -24.557785034179688 -13.5
      vertex -31.959638595581055 -24.672794342041016 -13.5
    endloop
  endfacet
  facet normal 0.06930916767402717 -0.7037018305558338 -0.7071067620583912
    outer loop
      vertex -32.18943405151367 -19.11075210571289 -19
      vertex -31.064958572387695 -19 -19
      vertex -30.794761657714844 -24.5 -13.5
    endloop
  endfacet
  facet normal 0.06931090506298451 -0.7037015212676065 -0.7071068995597527
    outer loop
      vertex -32.18943405151367 -19.11075210571289 -19
      vertex -30.794761657714844 -24.5 -13.5
      vertex -31.38144302368164 -24.557785034179688 -13.5
    endloop
  endfacet
  facet normal 0.19508878467947854 0.9807855861972504 0
    outer loop
      vertex -31.959638595581055 -36.327205657958984 -13.5
      vertex -31.959638595581055 -36.327205657958984 -10
      vertex -31.38144302368164 -36.44221496582031 -13.5
    endloop
  endfacet
  facet normal 0.19508878467947854 0.9807855861972504 0
    outer loop
      vertex -31.959638595581055 -36.327205657958984 -10
      vertex -31.38144302368164 -36.44221496582031 -10
      vertex -31.38144302368164 -36.44221496582031 -13.5
    endloop
  endfacet
  facet normal 0.19508878467947854 -0.9807855861972504 0
    outer loop
      vertex -31.959638595581055 -24.672794342041016 -13.5
      vertex -31.38144302368164 -24.557785034179688 -13.5
      vertex -31.38144302368164 -24.557785034179688 -10
    endloop
  endfacet
  facet normal 0.19508878467947854 -0.9807855861972504 0
    outer loop
      vertex -31.959638595581055 -24.672794342041016 -13.5
      vertex -31.38144302368164 -24.557785034179688 -10
      vertex -31.959638595581055 -24.672794342041016 -10
    endloop
  endfacet
  facet normal 0.0980204383695402 0.9951844018380932 0
    outer loop
      vertex -31.38144302368164 -36.44221496582031 -13.5
      vertex -31.38144302368164 -36.44221496582031 -10
      vertex -30.794761657714844 -36.5 -13.5
    endloop
  endfacet
  facet normal 0.0980204383695402 0.9951844018380932 0
    outer loop
      vertex -31.38144302368164 -36.44221496582031 -10
      vertex -30.794761657714844 -36.5 -10
      vertex -30.794761657714844 -36.5 -13.5
    endloop
  endfacet
  facet normal 0.0980204383695402 -0.9951844018380932 0
    outer loop
      vertex -31.38144302368164 -24.557785034179688 -13.5
      vertex -30.794761657714844 -24.5 -13.5
      vertex -30.794761657714844 -24.5 -10
    endloop
  endfacet
  facet normal 0.0980204383695402 -0.9951844018380932 0
    outer loop
      vertex -31.38144302368164 -24.557785034179688 -13.5
      vertex -30.794761657714844 -24.5 -10
      vertex -31.38144302368164 -24.557785034179688 -10
    endloop
  endfacet
  facet normal 0 0.707105095313009 -0.7071084670560666
    outer loop
      vertex -31.084609985351562 -42.400001525878906 -25
      vertex -31.064958572387695 -42 -24.600000381469727
      vertex -29.915390014648438 -42.400001525878906 -25
    endloop
  endfacet
  facet normal 0 0 -1
    outer loop
      vertex -31.084609985351562 -42.400001525878906 -25
      vertex -29.915390014648438 -42.400001525878906 -25
      vertex -25.192461013793945 -50.69999694824219 -25
    endloop
  endfacet
  facet normal 0 -0.7071067811865476 -0.7071067811865476
    outer loop
      vertex -31.084609985351562 -18.600000381469727 -25
      vertex -29.935041427612305 -19 -24.600000381469727
      vertex -31.064958572387695 -19 -24.600000381469727
    endloop
  endfacet
  facet normal 0 -0.7071067811865476 -0.7071067811865476
    outer loop
      vertex -31.084609985351562 -18.600000381469727 -25
      vertex -29.915390014648438 -18.600000381469727 -25
      vertex -29.935041427612305 -19 -24.600000381469727
    endloop
  endfacet
  facet normal 0 0 -1
    outer loop
      vertex -31.084609985351562 -18.600000381469727 -25
      vertex -21.242801666259766 -1.0199403762817383 -25
      vertex -29.915390014648438 -18.600000381469727 -25
    endloop
  endfacet
  facet normal 0 1 0
    outer loop
      vertex -31.064958572387695 -42 -24.600000381469727
      vertex -31.064958572387695 -42 -19
      vertex -29.935041427612305 -42 -24.600000381469727
    endloop
  endfacet
  facet normal 0 0.707105095313009 -0.7071084670560667
    outer loop
      vertex -31.064958572387695 -42 -24.600000381469727
      vertex -29.935041427612305 -42 -24.600000381469727
      vertex -29.915390014648438 -42.400001525878906 -25
    endloop
  endfacet
  facet normal 0 0.7071067811865476 -0.7071067811865476
    outer loop
      vertex -31.064958572387695 -42 -19
      vertex -30.794761657714844 -36.5 -13.5
      vertex -29.935041427612305 -42 -19
    endloop
  endfacet
  facet normal 0 1 0
    outer loop
      vertex -31.064958572387695 -42 -19
      vertex -29.935041427612305 -42 -19
      vertex -29.935041427612305 -42 -24.600000381469727
    endloop
  endfacet
  facet normal 0 -1 0
    outer loop
      vertex -31.064958572387695 -19 -24.600000381469727
      vertex -29.935041427612305 -19 -24.600000381469727
      vertex -29.935041427612305 -19 -19
    endloop
  endfacet
  facet normal 0 -1 0
    outer loop
      vertex -31.064958572387695 -19 -24.600000381469727
      vertex -29.935041427612305 -19 -19
      vertex -31.064958572387695 -19 -19
    endloop
  endfacet
  facet normal 0 -0.7071067811865475 -0.7071067811865475
    outer loop
      vertex -31.064958572387695 -19 -19
      vertex -30.205238342285156 -24.5 -13.5
      vertex -30.794761657714844 -24.5 -13.5
    endloop
  endfacet
  facet normal 0 -0.7071067811865476 -0.7071067811865476
    outer loop
      vertex -31.064958572387695 -19 -19
      vertex -29.935041427612305 -19 -19
      vertex -30.205238342285156 -24.5 -13.5
    endloop
  endfacet
  facet normal 0 1 0
    outer loop
      vertex -30.794761657714844 -36.5 -13.5
      vertex -30.794761657714844 -36.5 -10
      vertex -30.205238342285156 -36.5 -13.5
    endloop
  endfacet
  facet normal 0 0.7071067811865475 -0.7071067811865475
    outer loop
      vertex -30.794761657714844 -36.5 -13.5
      vertex -30.205238342285156 -36.5 -13.5
      vertex -29.935041427612305 -42 -19
    endloop
  endfacet
  facet normal 0 1 0
    outer loop
      vertex -30.794761657714844 -36.5 -10
      vertex -30.205238342285156 -36.5 -10
      vertex -30.205238342285156 -36.5 -13.5
    endloop
  endfacet
  facet normal 0 0 1
    outer loop
      vertex -30.794761657714844 -36.5 -10
      vertex -19.045076370239258 -51 -10
      vertex -30.205238342285156 -36.5 -10
    endloop
  endfacet
  facet normal 0 -1 0
    outer loop
      vertex -30.794761657714844 -24.5 -13.5
      vertex -30.205238342285156 -24.5 -13.5
      vertex -30.205238342285156 -24.5 -10
    endloop
  endfacet
  facet normal 0 -1 0
    outer loop
      vertex -30.794761657714844 -24.5 -13.5
      vertex -30.205238342285156 -24.5 -10
      vertex -30.794761657714844 -24.5 -10
    endloop
  endfacet
  facet normal 0 0 1
    outer loop
      vertex -30.794761657714844 -24.5 -10
      vertex -30.205238342285156 -24.5 -10
      vertex -19.045076370239258 -10.09999942779541 -10
    endloop
  endfacet
  facet normal -0.0980204383695402 0.9951844018380932 0
    outer loop
      vertex -30.205238342285156 -36.5 -13.5
      vertex -30.205238342285156 -36.5 -10
      vertex -29.61855697631836 -36.44221496582031 -13.5
    endloop
  endfacet
  facet normal -0.06931090506298451 0.7037015212676065 -0.7071068995597527
    outer loop
      vertex -30.205238342285156 -36.5 -13.5
      vertex -29.61855697631836 -36.44221496582031 -13.5
      vertex -28.810565948486328 -41.88924789428711 -19
    endloop
  endfacet
  facet normal -0.06930916767402717 0.7037018305558338 -0.7071067620583912
    outer loop
      vertex -30.205238342285156 -36.5 -13.5
      vertex -28.810565948486328 -41.88924789428711 -19
      vertex -29.935041427612305 -42 -19
    endloop
  endfacet
  facet normal -0.0980204383695402 0.9951844018380932 0
    outer loop
      vertex -30.205238342285156 -36.5 -10
      vertex -29.61855697631836 -36.44221496582031 -10
      vertex -29.61855697631836 -36.44221496582031 -13.5
    endloop
  endfacet
  facet normal 0 0 1
    outer loop
      vertex -30.205238342285156 -36.5 -10
      vertex -19.045076370239258 -51 -10
      vertex -29.61855697631836 -36.44221496582031 -10
    endloop
  endfacet
  facet normal -0.06930916767402717 -0.7037018305558338 -0.7071067620583912
    outer loop
      vertex -30.205238342285156 -24.5 -13.5
      vertex -29.935041427612305 -19 -19
      vertex -28.810565948486328 -19.11075210571289 -19
    endloop
  endfacet
  facet normal -0.0980204383695402 -0.9951844018380932 0
    outer loop
      vertex -30.205238342285156 -24.5 -13.5
      vertex -29.61855697631836 -24.557785034179688 -13.5
      vertex -29.61855697631836 -24.557785034179688 -10
    endloop
  endfacet
  facet normal -0.0980204383695402 -0.9951844018380932 0
    outer loop
      vertex -30.205238342285156 -24.5 -13.5
      vertex -29.61855697631836 -24.557785034179688 -10
      vertex -30.205238342285156 -24.5 -10
    endloop
  endfacet
  facet normal -0.06931090506298451 -0.7037015212676065 -0.7071068995597527
    outer loop
      vertex -30.205238342285156 -24.5 -13.5
      vertex -28.810565948486328 -19.11075210571289 -19
      vertex -29.61855697631836 -24.557785034179688 -13.5
    endloop
  endfacet
  facet normal 0 0 1
    outer loop
      vertex -30.205238342285156 -24.5 -10
      vertex -29.61855697631836 -24.557785034179688 -10
      vertex -19.045076370239258 -10.09999942779541 -10
    endloop
  endfacet
  facet normal -0.09801796226988709 0.9951846457177981 0
    outer loop
      vertex -29.935041427612305 -42 -24.600000381469727
      vertex -29.935041427612305 -42 -19
      vertex -28.810565948486328 -41.88924789428711 -24.600000381469727
    endloop
  endfacet
  facet normal -0.06930904920545479 0.7037006277344172 -0.707107970697844
    outer loop
      vertex -29.935041427612305 -42 -24.600000381469727
      vertex -28.810565948486328 -41.88924789428711 -24.600000381469727
      vertex -28.751802444458008 -42.285396575927734 -25
    endloop
  endfacet
  facet normal -0.06930936125761232 0.7037000696004508 -0.7071084955552313
    outer loop
      vertex -29.935041427612305 -42 -24.600000381469727
      vertex -28.751802444458008 -42.285396575927734 -25
      vertex -29.915390014648438 -42.400001525878906 -25
    endloop
  endfacet
  facet normal -0.09801796226988709 0.9951846457177981 0
    outer loop
      vertex -29.935041427612305 -42 -19
      vertex -28.810565948486328 -41.88924789428711 -19
      vertex -28.810565948486328 -41.88924789428711 -24.600000381469727
    endloop
  endfacet
  facet normal -0.06930838052162175 -0.703701823735008 -0.7071068460010084
    outer loop
      vertex -29.935041427612305 -19 -24.600000381469727
      vertex -29.915390014648438 -18.600000381469727 -25
      vertex -28.751802444458008 -18.714603424072266 -25
    endloop
  endfacet
  facet normal -0.09801796226988709 -0.9951846457177981 0
    outer loop
      vertex -29.935041427612305 -19 -24.600000381469727
      vertex -28.810565948486328 -19.11075210571289 -24.600000381469727
      vertex -28.810565948486328 -19.11075210571289 -19
    endloop
  endfacet
  facet normal -0.09801796226988709 -0.9951846457177981 0
    outer loop
      vertex -29.935041427612305 -19 -24.600000381469727
      vertex -28.810565948486328 -19.11075210571289 -19
      vertex -29.935041427612305 -19 -19
    endloop
  endfacet
  facet normal -0.06930904920545479 -0.7037006277344172 -0.707107970697844
    outer loop
      vertex -29.935041427612305 -19 -24.600000381469727
      vertex -28.751802444458008 -18.714603424072266 -25
      vertex -28.810565948486328 -19.11075210571289 -24.600000381469727
    endloop
  endfacet
  facet normal 0 0 -1
    outer loop
      vertex -29.915390014648438 -42.400001525878906 -25
      vertex -28.751802444458008 -42.285396575927734 -25
      vertex -25.192461013793945 -50.69999694824219 -25
    endloop
  endfacet
  facet normal 0 0 -1
    outer loop
      vertex -29.915390014648438 -18.600000381469727 -25
      vertex -21.242801666259766 -1.0199403762817383 -25
      vertex -28.751802444458008 -18.714603424072266 -25
    endloop
  endfacet
  facet normal -0.19508878467947854 0.9807855861972504 0
    outer loop
      vertex -29.61855697631836 -36.44221496582031 -13.5
      vertex -29.61855697631836 -36.44221496582031 -10
      vertex -29.040361404418945 -36.327205657958984 -13.5
    endloop
  endfacet
  facet normal -0.13794858538145136 0.693520052424932 -0.7071068693456286
    outer loop
      vertex -29.61855697631836 -36.44221496582031 -13.5
      vertex -29.040361404418945 -36.327205657958984 -13.5
      vertex -28.810565948486328 -41.88924789428711 -19
    endloop
  endfacet
  facet normal -0.19508878467947854 0.9807855861972504 0
    outer loop
      vertex -29.61855697631836 -36.44221496582031 -10
      vertex -29.040361404418945 -36.327205657958984 -10
      vertex -29.040361404418945 -36.327205657958984 -13.5
    endloop
  endfacet
  facet normal 0 0 1
    outer loop
      vertex -29.61855697631836 -36.44221496582031 -10
      vertex -19.045076370239258 -51 -10
      vertex -29.040361404418945 -36.327205657958984 -10
    endloop
  endfacet
  facet normal -0.19508878467947854 -0.9807855861972504 0
    outer loop
      vertex -29.61855697631836 -24.557785034179688 -13.5
      vertex -29.040361404418945 -24.672794342041016 -13.5
      vertex -29.040361404418945 -24.672794342041016 -10
    endloop
  endfacet
  facet normal -0.19508878467947854 -0.9807855861972504 0
    outer loop
      vertex -29.61855697631836 -24.557785034179688 -13.5
      vertex -29.040361404418945 -24.672794342041016 -10
      vertex -29.61855697631836 -24.557785034179688 -10
    endloop
  endfacet
  facet normal -0.13794858538145136 -0.693520052424932 -0.7071068693456286
    outer loop
      vertex -29.61855697631836 -24.557785034179688 -13.5
      vertex -28.810565948486328 -19.11075210571289 -19
      vertex -29.040361404418945 -24.672794342041016 -13.5
    endloop
  endfacet
  facet normal 0 0 1
    outer loop
      vertex -29.61855697631836 -24.557785034179688 -10
      vertex -29.040361404418945 -24.672794342041016 -10
      vertex -19.045076370239258 -10.09999942779541 -10
    endloop
  endfacet
  facet normal -0.29028718981324547 0.9569395735522327 0
    outer loop
      vertex -29.040361404418945 -36.327205657958984 -13.5
      vertex -29.040361404418945 -36.327205657958984 -10
      vertex -28.47622299194336 -36.15607452392578 -13.5
    endloop
  endfacet
  facet normal -0.20526401470556652 0.6766583769140246 -0.7071068697297679
    outer loop
      vertex -29.040361404418945 -36.327205657958984 -13.5
      vertex -28.47622299194336 -36.15607452392578 -13.5
      vertex -26.62109375 -41.34081268310547 -19
    endloop
  endfacet
  facet normal -0.13794961507097342 0.6935199299876871 -0.7071067885486915
    outer loop
      vertex -29.040361404418945 -36.327205657958984 -13.5
      vertex -27.70235824584961 -41.6688117980957 -19
      vertex -28.810565948486328 -41.88924789428711 -19
    endloop
  endfacet
  facet normal -0.20526290460315286 0.6766588107073476 -0.7071067768632932
    outer loop
      vertex -29.040361404418945 -36.327205657958984 -13.5
      vertex -26.62109375 -41.34081268310547 -19
      vertex -27.70235824584961 -41.6688117980957 -19
    endloop
  endfacet
  facet normal -0.29028718981324547 0.9569395735522327 0
    outer loop
      vertex -29.040361404418945 -36.327205657958984 -10
      vertex -28.47622299194336 -36.15607452392578 -10
      vertex -28.47622299194336 -36.15607452392578 -13.5
    endloop
  endfacet
  facet normal 0 0 1
    outer loop
      vertex -29.040361404418945 -36.327205657958984 -10
      vertex -19.045076370239258 -51 -10
      vertex -28.47622299194336 -36.15607452392578 -10
    endloop
  endfacet
  facet normal -0.13794961507097342 -0.6935199299876871 -0.7071067885486915
    outer loop
      vertex -29.040361404418945 -24.672794342041016 -13.5
      vertex -28.810565948486328 -19.11075210571289 -19
      vertex -27.70235824584961 -19.331188201904297 -19
    endloop
  endfacet
  facet normal -0.29028422703895884 -0.956940472303473 0
    outer loop
      vertex -29.040361404418945 -24.672794342041016 -13.5
      vertex -28.47622299194336 -24.843923568725586 -13.5
      vertex -28.47622299194336 -24.843923568725586 -10
    endloop
  endfacet
  facet normal -0.29028422703895884 -0.956940472303473 0
    outer loop
      vertex -29.040361404418945 -24.672794342041016 -13.5
      vertex -28.47622299194336 -24.843923568725586 -10
      vertex -29.040361404418945 -24.672794342041016 -10
    endloop
  endfacet
  facet normal -0.205261803414565 -0.676659115429863 -0.7071068049203569
    outer loop
      vertex -29.040361404418945 -24.672794342041016 -13.5
      vertex -27.70235824584961 -19.331188201904297 -19
      vertex -26.62109375 -19.6591854095459 -19
    endloop
  endfacet
  facet normal -0.20526193531801082 -0.6766590638863074 -0.7071068159549949
    outer loop
      vertex -29.040361404418945 -24.672794342041016 -13.5
      vertex -26.62109375 -19.6591854095459 -19
      vertex -28.47622299194336 -24.843923568725586 -13.5
    endloop
  endfacet
  facet normal 0 0 1
    outer loop
      vertex -29.040361404418945 -24.672794342041016 -10
      vertex -28.47622299194336 -24.843923568725586 -10
      vertex -19.045076370239258 -10.09999942779541 -10
    endloop
  endfacet
  facet normal -0.1950902185887284 0.9807853009762137 0
    outer loop
      vertex -28.810565948486328 -41.88924789428711 -24.600000381469727
      vertex -28.810565948486328 -41.88924789428711 -19
      vertex -27.70235824584961 -41.6688117980957 -24.600000381469727
    endloop
  endfacet
  facet normal -0.13794943899016346 0.6935190447691896 -0.7071076911084548
    outer loop
      vertex -28.810565948486328 -41.88924789428711 -24.600000381469727
      vertex -27.70235824584961 -41.6688117980957 -24.600000381469727
      vertex -27.60504913330078 -42.05729293823242 -25
    endloop
  endfacet
  facet normal -0.13794958335984125 0.6935187140766439 -0.7071079872808144
    outer loop
      vertex -28.810565948486328 -41.88924789428711 -24.600000381469727
      vertex -27.60504913330078 -42.05729293823242 -25
      vertex -28.751802444458008 -42.285396575927734 -25
    endloop
  endfacet
  facet normal -0.1950902185887284 0.9807853009762137 0
    outer loop
      vertex -28.810565948486328 -41.88924789428711 -19
      vertex -27.70235824584961 -41.6688117980957 -19
      vertex -27.70235824584961 -41.6688117980957 -24.600000381469727
    endloop
  endfacet
  facet normal -0.13794958335984125 -0.6935187140766439 -0.7071079872808144
    outer loop
      vertex -28.810565948486328 -19.11075210571289 -24.600000381469727
      vertex -28.751802444458008 -18.714603424072266 -25
      vertex -27.60504913330078 -18.942707061767578 -25
    endloop
  endfacet
  facet normal -0.1950902185887284 -0.9807853009762137 0
    outer loop
      vertex -28.810565948486328 -19.11075210571289 -24.600000381469727
      vertex -27.70235824584961 -19.331188201904297 -24.600000381469727
      vertex -27.70235824584961 -19.331188201904297 -19
    endloop
  endfacet
  facet normal -0.1950902185887284 -0.9807853009762137 0
    outer loop
      vertex -28.810565948486328 -19.11075210571289 -24.600000381469727
      vertex -27.70235824584961 -19.331188201904297 -19
      vertex -28.810565948486328 -19.11075210571289 -19
    endloop
  endfacet
  facet normal -0.13794943899016346 -0.6935190447691896 -0.7071076911084548
    outer loop
      vertex -28.810565948486328 -19.11075210571289 -24.600000381469727
      vertex -27.60504913330078 -18.942707061767578 -25
      vertex -27.70235824584961 -19.331188201904297 -24.600000381469727
    endloop
  endfacet
  facet normal 0 0 -1
    outer loop
      vertex -28.751802444458008 -42.285396575927734 -25
      vertex -27.60504913330078 -42.05729293823242 -25
      vertex -25.192461013793945 -50.69999694824219 -25
    endloop
  endfacet
  facet normal 0 0 -1
    outer loop
      vertex -28.751802444458008 -18.714603424072266 -25
      vertex -21.242801666259766 -1.0199403762817383 -25
      vertex -21.019941329956055 -1.2428007125854492 -25
    endloop
  endfacet
  facet normal 0 0 -1
    outer loop
      vertex -28.751802444458008 -18.714603424072266 -25
      vertex -21.019941329956055 -1.2428007125854492 -25
      vertex -27.60504913330078 -18.942707061767578 -25
    endloop
  endfacet
  facet normal -0.38267925912574197 0.9238812611125812 0
    outer loop
      vertex -28.47622299194336 -36.15607452392578 -13.5
      vertex -28.47622299194336 -36.15607452392578 -10
      vertex -27.931575775146484 -35.930477142333984 -13.5
    endloop
  endfacet
  facet normal -0.27059505209001394 0.6532825911362017 -0.7071069041543669
    outer loop
      vertex -28.47622299194336 -36.15607452392578 -13.5
      vertex -27.931575775146484 -35.930477142333984 -13.5
      vertex -26.62109375 -41.34081268310547 -19
    endloop
  endfacet
  facet normal -0.38267925912574197 0.9238812611125812 0
    outer loop
      vertex -28.47622299194336 -36.15607452392578 -10
      vertex -27.931575775146484 -35.930477142333984 -10
      vertex -27.931575775146484 -35.930477142333984 -13.5
    endloop
  endfacet
  facet normal 0 0 1
    outer loop
      vertex -28.47622299194336 -36.15607452392578 -10
      vertex -19.045076370239258 -51 -10
      vertex -27.931575775146484 -35.930477142333984 -10
    endloop
  endfacet
  facet normal -0.3826820207364794 -0.9238801172257388 0
    outer loop
      vertex -28.47622299194336 -24.843923568725586 -13.5
      vertex -27.931575775146484 -25.069522857666016 -13.5
      vertex -27.931575775146484 -25.069522857666016 -10
    endloop
  endfacet
  facet normal -0.3826820207364794 -0.9238801172257388 0
    outer loop
      vertex -28.47622299194336 -24.843923568725586 -13.5
      vertex -27.931575775146484 -25.069522857666016 -10
      vertex -28.47622299194336 -24.843923568725586 -10
    endloop
  endfacet
  facet normal -0.2705970247103142 -0.6532818302494918 -0.7071068522393201
    outer loop
      vertex -28.47622299194336 -24.843923568725586 -13.5
      vertex -26.62109375 -19.6591854095459 -19
      vertex -27.931575775146484 -25.069522857666016 -13.5
    endloop
  endfacet
  facet normal 0 0 1
    outer loop
      vertex -28.47622299194336 -24.843923568725586 -10
      vertex -27.931575775146484 -25.069522857666016 -10
      vertex -19.045076370239258 -10.09999942779541 -10
    endloop
  endfacet
  facet normal -0.471398791552528 0.8819201660710658 0
    outer loop
      vertex -27.931575775146484 -35.930477142333984 -13.5
      vertex -27.931575775146484 -35.930477142333984 -10
      vertex -27.411663055419922 -35.6525764465332 -13.5
    endloop
  endfacet
  facet normal -0.333329236563063 0.6236116446074534 -0.7071068778920714
    outer loop
      vertex -27.931575775146484 -35.930477142333984 -13.5
      vertex -27.411663055419922 -35.6525764465332 -13.5
      vertex -24.5806884765625 -40.37577438354492 -19
    endloop
  endfacet
  facet normal -0.2705976816137491 0.653281735179477 -0.7071066886871852
    outer loop
      vertex -27.931575775146484 -35.930477142333984 -13.5
      vertex -25.577186584472656 -40.90841293334961 -19
      vertex -26.62109375 -41.34081268310547 -19
    endloop
  endfacet
  facet normal -0.3333274778321476 0.6236127691020468 -0.7071067152381855
    outer loop
      vertex -27.931575775146484 -35.930477142333984 -13.5
      vertex -24.5806884765625 -40.37577438354492 -19
      vertex -25.577186584472656 -40.90841293334961 -19
    endloop
  endfacet
  facet normal -0.471398791552528 0.8819201660710658 0
    outer loop
      vertex -27.931575775146484 -35.930477142333984 -10
      vertex -27.411663055419922 -35.6525764465332 -10
      vertex -27.411663055419922 -35.6525764465332 -13.5
    endloop
  endfacet
  facet normal 0 0 1
    outer loop
      vertex -27.931575775146484 -35.930477142333984 -10
      vertex -19.045076370239258 -51 -10
      vertex -27.411663055419922 -35.6525764465332 -10
    endloop
  endfacet
  facet normal -0.471398791552528 -0.8819201660710658 0
    outer loop
      vertex -27.931575775146484 -25.069522857666016 -13.5
      vertex -27.411663055419922 -25.347423553466797 -13.5
      vertex -27.411663055419922 -25.347423553466797 -10
    endloop
  endfacet
  facet normal -0.471398791552528 -0.8819201660710658 0
    outer loop
      vertex -27.931575775146484 -25.069522857666016 -13.5
      vertex -27.411663055419922 -25.347423553466797 -10
      vertex -27.931575775146484 -25.069522857666016 -10
    endloop
  endfacet
  facet normal -0.2705986900718092 -0.6532812881427319 -0.7071067157749203
    outer loop
      vertex -27.931575775146484 -25.069522857666016 -13.5
      vertex -26.62109375 -19.6591854095459 -19
      vertex -25.577186584472656 -20.09158706665039 -19
    endloop
  endfacet
  facet normal -0.3333274778321476 -0.6236127691020468 -0.7071067152381855
    outer loop
      vertex -27.931575775146484 -25.069522857666016 -13.5
      vertex -25.577186584472656 -20.09158706665039 -19
      vertex -24.5806884765625 -20.624225616455078 -19
    endloop
  endfacet
  facet normal -0.333329236563063 -0.6236116446074534 -0.7071068778920714
    outer loop
      vertex -27.931575775146484 -25.069522857666016 -13.5
      vertex -24.5806884765625 -20.624225616455078 -19
      vertex -27.411663055419922 -25.347423553466797 -13.5
    endloop
  endfacet
  facet normal 0 0 1
    outer loop
      vertex -27.931575775146484 -25.069522857666016 -10
      vertex -27.411663055419922 -25.347423553466797 -10
      vertex -19.045076370239258 -10.09999942779541 -10
    endloop
  endfacet
  facet normal -0.29028558176706604 0.9569400613508434 0
    outer loop
      vertex -27.70235824584961 -41.6688117980957 -24.600000381469727
      vertex -27.70235824584961 -41.6688117980957 -19
      vertex -26.62109375 -41.34081268310547 -24.600000381469727
    endloop
  endfacet
  facet normal -0.2052626519284148 0.6766579777531999 -0.7071076472972587
    outer loop
      vertex -27.70235824584961 -41.6688117980957 -24.600000381469727
      vertex -26.62109375 -41.34081268310547 -24.600000381469727
      vertex -27.60504913330078 -42.05729293823242 -25
    endloop
  endfacet
  facet normal -0.29028558176706604 0.9569400613508434 0
    outer loop
      vertex -27.70235824584961 -41.6688117980957 -19
      vertex -26.62109375 -41.34081268310547 -19
      vertex -26.62109375 -41.34081268310547 -24.600000381469727
    endloop
  endfacet
  facet normal -0.20526155074100874 -0.6766582824747677 -0.7071076753548176
    outer loop
      vertex -27.70235824584961 -19.331188201904297 -24.600000381469727
      vertex -27.60504913330078 -18.942707061767578 -25
      vertex -26.62109375 -19.6591854095459 -24.600000381469727
    endloop
  endfacet
  facet normal -0.29028403596932756 -0.9569405302636932 0
    outer loop
      vertex -27.70235824584961 -19.331188201904297 -24.600000381469727
      vertex -26.62109375 -19.6591854095459 -24.600000381469727
      vertex -26.62109375 -19.6591854095459 -19
    endloop
  endfacet
  facet normal -0.29028403596932756 -0.9569405302636932 0
    outer loop
      vertex -27.70235824584961 -19.331188201904297 -24.600000381469727
      vertex -26.62109375 -19.6591854095459 -19
      vertex -27.70235824584961 -19.331188201904297 -19
    endloop
  endfacet
  facet normal -0.20526051293096154 0.6766562890509323 -0.7071098841899607
    outer loop
      vertex -27.60504913330078 -42.05729293823242 -25
      vertex -26.62109375 -41.34081268310547 -24.600000381469727
      vertex -26.486175537109375 -41.71788787841797 -25
    endloop
  endfacet
  facet normal 0 0 -1
    outer loop
      vertex -27.60504913330078 -42.05729293823242 -25
      vertex -26.486175537109375 -41.71788787841797 -25
      vertex -25.192461013793945 -50.69999694824219 -25
    endloop
  endfacet
  facet normal -0.20526249798087567 -0.6766590303042896 -0.7071066847586079
    outer loop
      vertex -27.60504913330078 -18.942707061767578 -25
      vertex -26.486175537109375 -19.282114028930664 -25
      vertex -26.62109375 -19.6591854095459 -24.600000381469727
    endloop
  endfacet
  facet normal 0 0 -1
    outer loop
      vertex -27.60504913330078 -18.942707061767578 -25
      vertex -21.019941329956055 -1.2428007125854492 -25
      vertex -20.757884979248047 -1.4179010391235352 -25
    endloop
  endfacet
  facet normal 0 0 -1
    outer loop
      vertex -27.60504913330078 -18.942707061767578 -25
      vertex -20.757884979248047 -1.4179010391235352 -25
      vertex -18 -14.7045259475708 -25
    endloop
  endfacet
  facet normal 0 0 -1
    outer loop
      vertex -27.60504913330078 -18.942707061767578 -25
      vertex -18 -14.7045259475708 -25
      vertex -26.486175537109375 -19.282114028930664 -25
    endloop
  endfacet
  facet normal -0.5555674858914993 0.8314714478682949 0
    outer loop
      vertex -27.411663055419922 -35.6525764465332 -13.5
      vertex -27.411663055419922 -35.6525764465332 -10
      vertex -26.921493530273438 -35.32505798339844 -13.5
    endloop
  endfacet
  facet normal -0.3928454775161702 0.5879390106041475 -0.7071068876802915
    outer loop
      vertex -27.411663055419922 -35.6525764465332 -13.5
      vertex -26.921493530273438 -35.32505798339844 -13.5
      vertex -24.5806884765625 -40.37577438354492 -19
    endloop
  endfacet
  facet normal -0.5555674858914993 0.8314714478682949 0
    outer loop
      vertex -27.411663055419922 -35.6525764465332 -10
      vertex -26.921493530273438 -35.32505798339844 -10
      vertex -26.921493530273438 -35.32505798339844 -13.5
    endloop
  endfacet
  facet normal 0 0 1
    outer loop
      vertex -27.411663055419922 -35.6525764465332 -10
      vertex -19.045076370239258 -51 -10
      vertex -26.921493530273438 -35.32505798339844 -10
    endloop
  endfacet
  facet normal -0.5555674858914993 -0.8314714478682949 0
    outer loop
      vertex -27.411663055419922 -25.347423553466797 -13.5
      vertex -26.921493530273438 -25.674942016601562 -13.5
      vertex -26.921493530273438 -25.674942016601562 -10
    endloop
  endfacet
  facet normal -0.5555674858914993 -0.8314714478682949 0
    outer loop
      vertex -27.411663055419922 -25.347423553466797 -13.5
      vertex -26.921493530273438 -25.674942016601562 -10
      vertex -27.411663055419922 -25.347423553466797 -10
    endloop
  endfacet
  facet normal -0.3928454775161702 -0.5879390106041475 -0.7071068876802915
    outer loop
      vertex -27.411663055419922 -25.347423553466797 -13.5
      vertex -24.5806884765625 -20.624225616455078 -19
      vertex -26.921493530273438 -25.674942016601562 -13.5
    endloop
  endfacet
  facet normal 0 0 1
    outer loop
      vertex -27.411663055419922 -25.347423553466797 -10
      vertex -26.921493530273438 -25.674942016601562 -10
      vertex -19.045076370239258 -10.09999942779541 -10
    endloop
  endfacet
  facet normal -0.6343928625827044 0.7730107993450817 0
    outer loop
      vertex -26.921493530273438 -35.32505798339844 -13.5
      vertex -26.921493530273438 -35.32505798339844 -10
      vertex -26.46578598022461 -34.95106887817383 -13.5
    endloop
  endfacet
  facet normal -0.44858361488327836 0.5466013241421406 -0.7071065923213482
    outer loop
      vertex -26.921493530273438 -35.32505798339844 -13.5
      vertex -26.46578598022461 -34.95106887817383 -13.5
      vertex -23.641197204589844 -39.748023986816406 -19
    endloop
  endfacet
  facet normal -0.3928486132603374 0.5879372522710874 -0.7071066075574133
    outer loop
      vertex -26.921493530273438 -35.32505798339844 -13.5
      vertex -23.641197204589844 -39.748023986816406 -19
      vertex -24.5806884765625 -40.37577438354492 -19
    endloop
  endfacet
  facet normal -0.6343928625827044 0.7730107993450817 0
    outer loop
      vertex -26.921493530273438 -35.32505798339844 -10
      vertex -26.46578598022461 -34.95106887817383 -10
      vertex -26.46578598022461 -34.95106887817383 -13.5
    endloop
  endfacet
  facet normal 0 0 1
    outer loop
      vertex -26.921493530273438 -35.32505798339844 -10
      vertex -19.045076370239258 -51 -10
      vertex -26.46578598022461 -34.95106887817383 -10
    endloop
  endfacet
  facet normal -0.6343928625827044 -0.7730107993450817 0
    outer loop
      vertex -26.921493530273438 -25.674942016601562 -13.5
      vertex -26.46578598022461 -26.048931121826172 -13.5
      vertex -26.46578598022461 -26.048931121826172 -10
    endloop
  endfacet
  facet normal -0.6343928625827044 -0.7730107993450817 0
    outer loop
      vertex -26.921493530273438 -25.674942016601562 -13.5
      vertex -26.46578598022461 -26.048931121826172 -10
      vertex -26.921493530273438 -25.674942016601562 -10
    endloop
  endfacet
  facet normal -0.39284774496320457 -0.5879377391599317 -0.7071066851252596
    outer loop
      vertex -26.921493530273438 -25.674942016601562 -13.5
      vertex -24.5806884765625 -20.624225616455078 -19
      vertex -23.641197204589844 -21.25197410583496 -19
    endloop
  endfacet
  facet normal -0.4485835547567213 -0.5466012508776373 -0.7071066870994968
    outer loop
      vertex -26.921493530273438 -25.674942016601562 -13.5
      vertex -23.641197204589844 -21.25197410583496 -19
      vertex -26.46578598022461 -26.048931121826172 -13.5
    endloop
  endfacet
  facet normal 0 0 1
    outer loop
      vertex -26.921493530273438 -25.674942016601562 -10
      vertex -26.46578598022461 -26.048931121826172 -10
      vertex -19.045076370239258 -10.09999942779541 -10
    endloop
  endfacet
  facet normal -0.3826828612246677 0.9238797690851888 0
    outer loop
      vertex -26.62109375 -41.34081268310547 -24.600000381469727
      vertex -26.62109375 -41.34081268310547 -19
      vertex -25.577186584472656 -40.90841293334961 -24.600000381469727
    endloop
  endfacet
  facet normal -0.2705971140997458 0.6532803650770777 -0.7071081716722337
    outer loop
      vertex -26.62109375 -41.34081268310547 -24.600000381469727
      vertex -25.577186584472656 -40.90841293334961 -24.600000381469727
      vertex -25.405960083007812 -41.27044677734375 -25
    endloop
  endfacet
  facet normal -0.27059753034975137 0.6532784615086858 -0.7071097710380334
    outer loop
      vertex -26.62109375 -41.34081268310547 -24.600000381469727
      vertex -25.405960083007812 -41.27044677734375 -25
      vertex -26.486175537109375 -41.71788787841797 -25
    endloop
  endfacet
  facet normal -0.3826828612246677 0.9238797690851888 0
    outer loop
      vertex -26.62109375 -41.34081268310547 -19
      vertex -25.577186584472656 -40.90841293334961 -19
      vertex -25.577186584472656 -40.90841293334961 -24.600000381469727
    endloop
  endfacet
  facet normal -0.2705977278466693 -0.6532817231116562 -0.7071066821438512
    outer loop
      vertex -26.62109375 -19.6591854095459 -24.600000381469727
      vertex -26.486175537109375 -19.282114028930664 -25
      vertex -25.405960083007812 -19.72955322265625 -25
    endloop
  endfacet
  facet normal -0.3826843020593516 -0.9238791722716488 0
    outer loop
      vertex -26.62109375 -19.6591854095459 -24.600000381469727
      vertex -25.577186584472656 -20.09158706665039 -24.600000381469727
      vertex -25.577186584472656 -20.09158706665039 -19
    endloop
  endfacet
  facet normal -0.3826843020593516 -0.9238791722716488 0
    outer loop
      vertex -26.62109375 -19.6591854095459 -24.600000381469727
      vertex -25.577186584472656 -20.09158706665039 -19
      vertex -26.62109375 -19.6591854095459 -19
    endloop
  endfacet
  facet normal -0.27059812255699395 -0.653279918044416 -0.7071081987563935
    outer loop
      vertex -26.62109375 -19.6591854095459 -24.600000381469727
      vertex -25.405960083007812 -19.72955322265625 -25
      vertex -25.577186584472656 -20.09158706665039 -24.600000381469727
    endloop
  endfacet
  facet normal 0 0 -1
    outer loop
      vertex -26.486175537109375 -41.71788787841797 -25
      vertex -25.405960083007812 -41.27044677734375 -25
      vertex -25.192461013793945 -50.69999694824219 -25
    endloop
  endfacet
  facet normal 0 0 -1
    outer loop
      vertex -26.486175537109375 -19.282114028930664 -25
      vertex -18 -14.7045259475708 -25
      vertex -25.405960083007812 -19.72955322265625 -25
    endloop
  endfacet
  facet normal -0.7071067811865476 0.7071067811865476 0
    outer loop
      vertex -26.46578598022461 -34.95106887817383 -13.5
      vertex -26.46578598022461 -34.95106887817383 -10
      vertex -26.048931121826172 -34.53421401977539 -10
    endloop
  endfacet
  facet normal -0.5000000981511036 0.5000000981511036 -0.7071066423798983
    outer loop
      vertex -26.46578598022461 -34.95106887817383 -13.5
      vertex -26.048931121826172 -34.53421401977539 -13.5
      vertex -22.767757415771484 -39.031211853027344 -19
    endloop
  endfacet
  facet normal -0.7071067811865476 0.7071067811865476 0
    outer loop
      vertex -26.46578598022461 -34.95106887817383 -13.5
      vertex -26.048931121826172 -34.53421401977539 -10
      vertex -26.048931121826172 -34.53421401977539 -13.5
    endloop
  endfacet
  facet normal -0.4485833845694108 0.5466014848473949 -0.7071066142038802
    outer loop
      vertex -26.46578598022461 -34.95106887817383 -13.5
      vertex -22.767757415771484 -39.031211853027344 -19
      vertex -23.641197204589844 -39.748023986816406 -19
    endloop
  endfacet
  facet normal 0 0 1
    outer loop
      vertex -26.46578598022461 -34.95106887817383 -10
      vertex -19.045076370239258 -51 -10
      vertex -26.048931121826172 -34.53421401977539 -10
    endloop
  endfacet
  facet normal -0.7071067811865476 -0.7071067811865476 0
    outer loop
      vertex -26.46578598022461 -26.048931121826172 -13.5
      vertex -26.048931121826172 -26.46578598022461 -13.5
      vertex -26.46578598022461 -26.048931121826172 -10
    endloop
  endfacet
  facet normal -0.44858332444286525 -0.5466014115828465 -0.707106708982051
    outer loop
      vertex -26.46578598022461 -26.048931121826172 -13.5
      vertex -23.641197204589844 -21.25197410583496 -19
      vertex -22.767757415771484 -21.968786239624023 -19
    endloop
  endfacet
  facet normal -0.5000000368465884 -0.5000000368465884 -0.7071067290775985
    outer loop
      vertex -26.46578598022461 -26.048931121826172 -13.5
      vertex -22.767757415771484 -21.968786239624023 -19
      vertex -26.048931121826172 -26.46578598022461 -13.5
    endloop
  endfacet
  facet normal -0.7071067811865476 -0.7071067811865476 0
    outer loop
      vertex -26.46578598022461 -26.048931121826172 -10
      vertex -26.048931121826172 -26.46578598022461 -13.5
      vertex -26.048931121826172 -26.46578598022461 -10
    endloop
  endfacet
  facet normal 0 0 1
    outer loop
      vertex -26.46578598022461 -26.048931121826172 -10
      vertex -26.048931121826172 -26.46578598022461 -10
      vertex -19.045076370239258 -10.09999942779541 -10
    endloop
  endfacet
  facet normal -0.7730107993450817 0.6343928625827044 0
    outer loop
      vertex -26.048931121826172 -34.53421401977539 -13.5
      vertex -26.048931121826172 -34.53421401977539 -10
      vertex -25.674942016601562 -34.07850646972656 -10
    endloop
  endfacet
  facet normal -0.5466012508776373 0.4485835547567213 -0.7071066870994968
    outer loop
      vertex -26.048931121826172 -34.53421401977539 -13.5
      vertex -25.674942016601562 -34.07850646972656 -13.5
      vertex -21.25197410583496 -37.358802795410156 -19
    endloop
  endfacet
  facet normal -0.7730107993450817 0.6343928625827044 0
    outer loop
      vertex -26.048931121826172 -34.53421401977539 -13.5
      vertex -25.674942016601562 -34.07850646972656 -10
      vertex -25.674942016601562 -34.07850646972656 -13.5
    endloop
  endfacet
  facet normal -0.4999994546914476 0.5000006483209319 -0.7071067083452841
    outer loop
      vertex -26.048931121826172 -34.53421401977539 -13.5
      vertex -21.968786239624023 -38.232242584228516 -19
      vertex -22.767757415771484 -39.031211853027344 -19
    endloop
  endfacet
  facet normal -0.5466014115828465 0.44858332444286525 -0.707106708982051
    outer loop
      vertex -26.048931121826172 -34.53421401977539 -13.5
      vertex -21.25197410583496 -37.358802795410156 -19
      vertex -21.968786239624023 -38.232242584228516 -19
    endloop
  endfacet
  facet normal 0 0 1
    outer loop
      vertex -26.048931121826172 -34.53421401977539 -10
      vertex -19.045076370239258 -51 -10
      vertex -25.674942016601562 -34.07850646972656 -10
    endloop
  endfacet
  facet normal -0.7730107993450817 -0.6343928625827044 0
    outer loop
      vertex -26.048931121826172 -26.46578598022461 -13.5
      vertex -25.674942016601562 -26.921493530273438 -13.5
      vertex -26.048931121826172 -26.46578598022461 -10
    endloop
  endfacet
  facet normal -0.5000000368465883 -0.5000000368465883 -0.7071067290775985
    outer loop
      vertex -26.048931121826172 -26.46578598022461 -13.5
      vertex -22.767757415771484 -21.968786239624023 -19
      vertex -21.968786239624023 -22.767757415771484 -19
    endloop
  endfacet
  facet normal -0.5466014115828465 -0.44858332444286525 -0.707106708982051
    outer loop
      vertex -26.048931121826172 -26.46578598022461 -13.5
      vertex -21.968786239624023 -22.767757415771484 -19
      vertex -21.25197410583496 -23.641197204589844 -19
    endloop
  endfacet
  facet normal -0.5466012508776373 -0.4485835547567213 -0.7071066870994968
    outer loop
      vertex -26.048931121826172 -26.46578598022461 -13.5
      vertex -21.25197410583496 -23.641197204589844 -19
      vertex -25.674942016601562 -26.921493530273438 -13.5
    endloop
  endfacet
  facet normal -0.7730107993450817 -0.6343928625827044 0
    outer loop
      vertex -26.048931121826172 -26.46578598022461 -10
      vertex -25.674942016601562 -26.921493530273438 -13.5
      vertex -25.674942016601562 -26.921493530273438 -10
    endloop
  endfacet
  facet normal 0 0 1
    outer loop
      vertex -26.048931121826172 -26.46578598022461 -10
      vertex -25.674942016601562 -26.921493530273438 -10
      vertex -19.045076370239258 -10.09999942779541 -10
    endloop
  endfacet
  facet normal -0.8314714478682949 0.5555674858914993 0
    outer loop
      vertex -25.674942016601562 -34.07850646972656 -13.5
      vertex -25.674942016601562 -34.07850646972656 -10
      vertex -25.347423553466797 -33.58833694458008 -10
    endloop
  endfacet
  facet normal -0.5879390106041475 0.3928454775161702 -0.7071068876802915
    outer loop
      vertex -25.674942016601562 -34.07850646972656 -13.5
      vertex -25.347423553466797 -33.58833694458008 -13.5
      vertex -20.624225616455078 -36.4193115234375 -19
    endloop
  endfacet
  facet normal -0.8314714478682949 0.5555674858914993 0
    outer loop
      vertex -25.674942016601562 -34.07850646972656 -13.5
      vertex -25.347423553466797 -33.58833694458008 -10
      vertex -25.347423553466797 -33.58833694458008 -13.5
    endloop
  endfacet
  facet normal -0.5879377391599317 0.39284774496320457 -0.7071066851252596
    outer loop
      vertex -25.674942016601562 -34.07850646972656 -13.5
      vertex -20.624225616455078 -36.4193115234375 -19
      vertex -21.25197410583496 -37.358802795410156 -19
    endloop
  endfacet
  facet normal 0 0 1
    outer loop
      vertex -25.674942016601562 -34.07850646972656 -10
      vertex -19.045076370239258 -51 -10
      vertex -25.347423553466797 -33.58833694458008 -10
    endloop
  endfacet
  facet normal -0.8314714478682949 -0.5555674858914993 0
    outer loop
      vertex -25.674942016601562 -26.921493530273438 -13.5
      vertex -25.347423553466797 -27.411663055419922 -13.5
      vertex -25.674942016601562 -26.921493530273438 -10
    endloop
  endfacet
  facet normal -0.5879377391599317 -0.39284774496320457 -0.7071066851252596
    outer loop
      vertex -25.674942016601562 -26.921493530273438 -13.5
      vertex -21.25197410583496 -23.641197204589844 -19
      vertex -20.624225616455078 -24.5806884765625 -19
    endloop
  endfacet
  facet normal -0.5879390106041475 -0.3928454775161702 -0.7071068876802915
    outer loop
      vertex -25.674942016601562 -26.921493530273438 -13.5
      vertex -20.624225616455078 -24.5806884765625 -19
      vertex -25.347423553466797 -27.411663055419922 -13.5
    endloop
  endfacet
  facet normal -0.8314714478682949 -0.5555674858914993 0
    outer loop
      vertex -25.674942016601562 -26.921493530273438 -10
      vertex -25.347423553466797 -27.411663055419922 -13.5
      vertex -25.347423553466797 -27.411663055419922 -10
    endloop
  endfacet
  facet normal 0 0 1
    outer loop
      vertex -25.674942016601562 -26.921493530273438 -10
      vertex -25.347423553466797 -27.411663055419922 -10
      vertex -19.045076370239258 -10.09999942779541 -10
    endloop
  endfacet
  facet normal -0.4713961958970462 0.88192155348069 0
    outer loop
      vertex -25.577186584472656 -40.90841293334961 -24.600000381469727
      vertex -25.577186584472656 -40.90841293334961 -19
      vertex -24.5806884765625 -40.37577438354492 -24.600000381469727
    endloop
  endfacet
  facet normal -0.33332688300219165 0.6236116562518299 -0.7071079770833397
    outer loop
      vertex -25.577186584472656 -40.90841293334961 -24.600000381469727
      vertex -24.5806884765625 -40.37577438354492 -24.600000381469727
      vertex -25.405960083007812 -41.27044677734375 -25
    endloop
  endfacet
  facet normal -0.4713961958970462 0.88192155348069 0
    outer loop
      vertex -25.577186584472656 -40.90841293334961 -19
      vertex -24.5806884765625 -40.37577438354492 -19
      vertex -24.5806884765625 -40.37577438354492 -24.600000381469727
    endloop
  endfacet
  facet normal -0.33332688300219165 -0.6236116562518299 -0.7071079770833397
    outer loop
      vertex -25.577186584472656 -20.09158706665039 -24.600000381469727
      vertex -25.405960083007812 -19.72955322265625 -25
      vertex -24.5806884765625 -20.624225616455078 -24.600000381469727
    endloop
  endfacet
  facet normal -0.4713961958970462 -0.88192155348069 0
    outer loop
      vertex -25.577186584472656 -20.09158706665039 -24.600000381469727
      vertex -24.5806884765625 -20.624225616455078 -24.600000381469727
      vertex -24.5806884765625 -20.624225616455078 -19
    endloop
  endfacet
  facet normal -0.4713961958970462 -0.88192155348069 0
    outer loop
      vertex -25.577186584472656 -20.09158706665039 -24.600000381469727
      vertex -24.5806884765625 -20.624225616455078 -19
      vertex -25.577186584472656 -20.09158706665039 -19
    endloop
  endfacet
  facet normal 0 -1 0
    outer loop
      vertex -25.492462158203125 -51 -24.399999618530273
      vertex -25.492456436157227 -51 -24.399999618530273
      vertex -25.492456436157227 -51 -20
    endloop
  endfacet
  facet normal 0 -1 0
    outer loop
      vertex -25.492462158203125 -51 -24.399999618530273
      vertex -25.492456436157227 -51 -20
      vertex -25.492462158203125 -51 -20
    endloop
  endfacet
  facet normal 0 -0.8944254850132668 -0.4472170074569868
    outer loop
      vertex -25.492462158203125 -51 -24.399999618530273
      vertex -25.192461013793945 -50.69999694824219 -25
      vertex -25.492456436157227 -51 -24.399999618530273
    endloop
  endfacet
  facet normal 0 0 0
    outer loop
      vertex -25.492462158203125 -51 -20
      vertex -25.492456436157227 -51 -20
      vertex 5.492456436157227 -51 -20
    endloop
  endfacet
  facet normal 0 -1 0
    outer loop
      vertex -25.492462158203125 -51 -20
      vertex -14.607542991638184 -51 -20
      vertex -19.045076370239258 -51 -10
    endloop
  endfacet
  facet normal 0 0 0
    outer loop
      vertex -25.492462158203125 -51 -20
      vertex 5.492456436157227 -51 -20
      vertex -14.607542991638184 -51 -20
    endloop
  endfacet
  facet normal -0.45584239993483305 -0.6837635999022496 -0.5698026376477807
    outer loop
      vertex -25.492456436157227 -51 -24.399999618530273
      vertex -25.192461013793945 -50.69999694824219 -25
      vertex -25.192455291748047 -50.70000076293945 -25
    endloop
  endfacet
  facet normal 0 -0.8944277596606861 -0.4472124581766098
    outer loop
      vertex -25.492456436157227 -51 -24.399999618530273
      vertex -25.192455291748047 -50.70000076293945 -25
      vertex 5.492456436157227 -51 -24.399999618530273
    endloop
  endfacet
  facet normal 0 -1 0
    outer loop
      vertex -25.492456436157227 -51 -24.399999618530273
      vertex 5.492456436157227 -51 -24.399999618530273
      vertex 5.492456436157227 -51 -20
    endloop
  endfacet
  facet normal 0 -1 0
    outer loop
      vertex -25.492456436157227 -51 -24.399999618530273
      vertex 5.492456436157227 -51 -20
      vertex -25.492456436157227 -51 -20
    endloop
  endfacet
  facet normal -0.333327427819561 0.6236119343355717 -0.7071074750117141
    outer loop
      vertex -25.405960083007812 -41.27044677734375 -25
      vertex -24.5806884765625 -40.37577438354492 -24.600000381469727
      vertex -24.374799728393555 -40.71928024291992 -25
    endloop
  endfacet
  facet normal 0 0 -1
    outer loop
      vertex -25.405960083007812 -41.27044677734375 -25
      vertex -24.374799728393555 -40.71928024291992 -25
      vertex -18 -45.704524993896484 -25
    endloop
  endfacet
  facet normal 0 0 -1
    outer loop
      vertex -25.405960083007812 -41.27044677734375 -25
      vertex -18 -45.704524993896484 -25
      vertex -25.192461013793945 -50.69999694824219 -25
    endloop
  endfacet
  facet normal -0.333327427819561 -0.6236119343355717 -0.7071074750117141
    outer loop
      vertex -25.405960083007812 -19.72955322265625 -25
      vertex -24.374799728393555 -20.280719757080078 -25
      vertex -24.5806884765625 -20.624225616455078 -24.600000381469727
    endloop
  endfacet
  facet normal 0 0 -1
    outer loop
      vertex -25.405960083007812 -19.72955322265625 -25
      vertex -18 -15.2954740524292 -25
      vertex -24.374799728393555 -20.280719757080078 -25
    endloop
  endfacet
  facet normal 0 0 -1
    outer loop
      vertex -25.405960083007812 -19.72955322265625 -25
      vertex -18 -14.7045259475708 -25
      vertex -18 -15.2954740524292 -25
    endloop
  endfacet
  facet normal -0.8819201660710658 0.471398791552528 0
    outer loop
      vertex -25.347423553466797 -33.58833694458008 -13.5
      vertex -25.347423553466797 -33.58833694458008 -10
      vertex -25.069522857666016 -33.068424224853516 -10
    endloop
  endfacet
  facet normal -0.6236116446074534 0.333329236563063 -0.7071068778920714
    outer loop
      vertex -25.347423553466797 -33.58833694458008 -13.5
      vertex -25.069522857666016 -33.068424224853516 -13.5
      vertex -20.624225616455078 -36.4193115234375 -19
    endloop
  endfacet
  facet normal -0.8819201660710658 0.471398791552528 0
    outer loop
      vertex -25.347423553466797 -33.58833694458008 -13.5
      vertex -25.069522857666016 -33.068424224853516 -10
      vertex -25.069522857666016 -33.068424224853516 -13.5
    endloop
  endfacet
  facet normal 0 0 1
    outer loop
      vertex -25.347423553466797 -33.58833694458008 -10
      vertex -19.045076370239258 -51 -10
      vertex -25.069522857666016 -33.068424224853516 -10
    endloop
  endfacet
  facet normal -0.8819201660710658 -0.471398791552528 0
    outer loop
      vertex -25.347423553466797 -27.411663055419922 -13.5
      vertex -25.069522857666016 -27.931575775146484 -13.5
      vertex -25.347423553466797 -27.411663055419922 -10
    endloop
  endfacet
  facet normal -0.6236116446074534 -0.333329236563063 -0.7071068778920714
    outer loop
      vertex -25.347423553466797 -27.411663055419922 -13.5
      vertex -20.624225616455078 -24.5806884765625 -19
      vertex -25.069522857666016 -27.931575775146484 -13.5
    endloop
  endfacet
  facet normal -0.8819201660710658 -0.471398791552528 0
    outer loop
      vertex -25.347423553466797 -27.411663055419922 -10
      vertex -25.069522857666016 -27.931575775146484 -13.5
      vertex -25.069522857666016 -27.931575775146484 -10
    endloop
  endfacet
  facet normal 0 0 1
    outer loop
      vertex -25.347423553466797 -27.411663055419922 -10
      vertex -25.069522857666016 -27.931575775146484 -10
      vertex -19.045076370239258 -10.09999942779541 -10
    endloop
  endfacet
  facet normal 0 0 -1
    outer loop
      vertex -25.192461013793945 -50.69999694824219 -25
      vertex -18 -46.295475006103516 -25
      vertex -25.192455291748047 -50.70000076293945 -25
    endloop
  endfacet
  facet normal 0 0 -1
    outer loop
      vertex -25.192461013793945 -50.69999694824219 -25
      vertex -18 -45.704524993896484 -25
      vertex -18 -46.295475006103516 -25
    endloop
  endfacet
  facet normal 0 0 -1
    outer loop
      vertex -25.192455291748047 -50.70000076293945 -25
      vertex -18 -46.295475006103516 -25
      vertex -17.88471221923828 -46.87506866455078 -25
    endloop
  endfacet
  facet normal 0 0 -1
    outer loop
      vertex -25.192455291748047 -50.70000076293945 -25
      vertex -17.88471221923828 -46.87506866455078 -25
      vertex -17.658565521240234 -47.4210319519043 -25
    endloop
  endfacet
  facet normal 0 0 -1
    outer loop
      vertex -25.192455291748047 -50.70000076293945 -25
      vertex -17.658565521240234 -47.4210319519043 -25
      vertex -17.330251693725586 -47.91238784790039 -25
    endloop
  endfacet
  facet normal 0 0 -1
    outer loop
      vertex -25.192455291748047 -50.70000076293945 -25
      vertex -17.330251693725586 -47.91238784790039 -25
      vertex -16.91238784790039 -48.33025360107422 -25
    endloop
  endfacet
  facet normal 0 0 -1
    outer loop
      vertex -25.192455291748047 -50.70000076293945 -25
      vertex -16.91238784790039 -48.33025360107422 -25
      vertex -16.421031951904297 -48.658565521240234 -25
    endloop
  endfacet
  facet normal 0 0 -1
    outer loop
      vertex -25.192455291748047 -50.70000076293945 -25
      vertex -16.421031951904297 -48.658565521240234 -25
      vertex -15.875067710876465 -48.88471221923828 -25
    endloop
  endfacet
  facet normal 0 0 -1
    outer loop
      vertex -25.192455291748047 -50.70000076293945 -25
      vertex -15.875067710876465 -48.88471221923828 -25
      vertex -15.2954740524292 -49 -25
    endloop
  endfacet
  facet normal 0 0 -1
    outer loop
      vertex -25.192455291748047 -50.70000076293945 -25
      vertex -15.2954740524292 -49 -25
      vertex -14.7045259475708 -49 -25
    endloop
  endfacet
  facet normal 0 0 -1
    outer loop
      vertex -25.192455291748047 -50.70000076293945 -25
      vertex -14.7045259475708 -49 -25
      vertex 5.192456245422363 -50.70000076293945 -25
    endloop
  endfacet
  facet normal 0 -0.8944277596606861 -0.44721245817660976
    outer loop
      vertex -25.192455291748047 -50.70000076293945 -25
      vertex 5.192456245422363 -50.70000076293945 -25
      vertex 5.492456436157227 -51 -24.399999618530273
    endloop
  endfacet
  facet normal -0.9238801172257388 0.3826820207364794 0
    outer loop
      vertex -25.069522857666016 -33.068424224853516 -13.5
      vertex -25.069522857666016 -33.068424224853516 -10
      vertex -24.843923568725586 -32.52377700805664 -10
    endloop
  endfacet
  facet normal -0.6532818302494918 0.2705970247103142 -0.7071068522393201
    outer loop
      vertex -25.069522857666016 -33.068424224853516 -13.5
      vertex -24.843923568725586 -32.52377700805664 -13.5
      vertex -19.6591854095459 -34.37890625 -19
    endloop
  endfacet
  facet normal -0.9238801172257388 0.3826820207364794 0
    outer loop
      vertex -25.069522857666016 -33.068424224853516 -13.5
      vertex -24.843923568725586 -32.52377700805664 -10
      vertex -24.843923568725586 -32.52377700805664 -13.5
    endloop
  endfacet
  facet normal -0.6236127691020468 0.3333274778321476 -0.7071067152381855
    outer loop
      vertex -25.069522857666016 -33.068424224853516 -13.5
      vertex -20.09158706665039 -35.422813415527344 -19
      vertex -20.624225616455078 -36.4193115234375 -19
    endloop
  endfacet
  facet normal -0.6532812881427319 0.2705986900718092 -0.7071067157749203
    outer loop
      vertex -25.069522857666016 -33.068424224853516 -13.5
      vertex -19.6591854095459 -34.37890625 -19
      vertex -20.09158706665039 -35.422813415527344 -19
    endloop
  endfacet
  facet normal 0 0 1
    outer loop
      vertex -25.069522857666016 -33.068424224853516 -10
      vertex -19.045076370239258 -51 -10
      vertex -24.843923568725586 -32.52377700805664 -10
    endloop
  endfacet
  facet normal -0.9238801172257388 -0.3826820207364794 0
    outer loop
      vertex -25.069522857666016 -27.931575775146484 -13.5
      vertex -24.843923568725586 -28.47622299194336 -13.5
      vertex -25.069522857666016 -27.931575775146484 -10
    endloop
  endfacet
  facet normal -0.6236127691020468 -0.3333274778321476 -0.7071067152381855
    outer loop
      vertex -25.069522857666016 -27.931575775146484 -13.5
      vertex -20.624225616455078 -24.5806884765625 -19
      vertex -20.09158706665039 -25.577186584472656 -19
    endloop
  endfacet
  facet normal -0.6532812881427319 -0.2705986900718092 -0.7071067157749203
    outer loop
      vertex -25.069522857666016 -27.931575775146484 -13.5
      vertex -20.09158706665039 -25.577186584472656 -19
      vertex -19.6591854095459 -26.62109375 -19
    endloop
  endfacet
  facet normal -0.6532818302494918 -0.2705970247103142 -0.7071068522393201
    outer loop
      vertex -25.069522857666016 -27.931575775146484 -13.5
      vertex -19.6591854095459 -26.62109375 -19
      vertex -24.843923568725586 -28.47622299194336 -13.5
    endloop
  endfacet
  facet normal -0.9238801172257388 -0.3826820207364794 0
    outer loop
      vertex -25.069522857666016 -27.931575775146484 -10
      vertex -24.843923568725586 -28.47622299194336 -13.5
      vertex -24.843923568725586 -28.47622299194336 -10
    endloop
  endfacet
  facet normal 0 0 1
    outer loop
      vertex -25.069522857666016 -27.931575775146484 -10
      vertex -24.843923568725586 -28.47622299194336 -10
      vertex -19.045076370239258 -10.09999942779541 -10
    endloop
  endfacet
  facet normal -0.956940472303473 0.29028422703895884 0
    outer loop
      vertex -24.843923568725586 -32.52377700805664 -13.5
      vertex -24.843923568725586 -32.52377700805664 -10
      vertex -24.672794342041016 -31.959638595581055 -10
    endloop
  endfacet
  facet normal -0.6766590638863074 0.20526193531801082 -0.7071068159549949
    outer loop
      vertex -24.843923568725586 -32.52377700805664 -13.5
      vertex -24.672794342041016 -31.959638595581055 -13.5
      vertex -19.6591854095459 -34.37890625 -19
    endloop
  endfacet
  facet normal -0.956940472303473 0.29028422703895884 0
    outer loop
      vertex -24.843923568725586 -32.52377700805664 -13.5
      vertex -24.672794342041016 -31.959638595581055 -10
      vertex -24.672794342041016 -31.959638595581055 -13.5
    endloop
  endfacet
  facet normal 0 0 1
    outer loop
      vertex -24.843923568725586 -32.52377700805664 -10
      vertex -19.045076370239258 -51 -10
      vertex -24.672794342041016 -31.959638595581055 -10
    endloop
  endfacet
  facet normal -0.956940472303473 -0.29028422703895884 0
    outer loop
      vertex -24.843923568725586 -28.47622299194336 -13.5
      vertex -24.672794342041016 -29.040361404418945 -13.5
      vertex -24.843923568725586 -28.47622299194336 -10
    endloop
  endfacet
  facet normal -0.6766590638863074 -0.20526193531801082 -0.7071068159549949
    outer loop
      vertex -24.843923568725586 -28.47622299194336 -13.5
      vertex -19.6591854095459 -26.62109375 -19
      vertex -24.672794342041016 -29.040361404418945 -13.5
    endloop
  endfacet
  facet normal -0.956940472303473 -0.29028422703895884 0
    outer loop
      vertex -24.843923568725586 -28.47622299194336 -10
      vertex -24.672794342041016 -29.040361404418945 -13.5
      vertex -24.672794342041016 -29.040361404418945 -10
    endloop
  endfacet
  facet normal 0 0 1
    outer loop
      vertex -24.843923568725586 -28.47622299194336 -10
      vertex -24.672794342041016 -29.040361404418945 -10
      vertex -19.045076370239258 -10.09999942779541 -10
    endloop
  endfacet
  facet normal -0.9807855861972504 0.19508878467947854 0
    outer loop
      vertex -24.672794342041016 -31.959638595581055 -13.5
      vertex -24.672794342041016 -31.959638595581055 -10
      vertex -24.557785034179688 -31.38144302368164 -10
    endloop
  endfacet
  facet normal -0.693520052424932 0.13794858538145136 -0.7071068693456286
    outer loop
      vertex -24.672794342041016 -31.959638595581055 -13.5
      vertex -24.557785034179688 -31.38144302368164 -13.5
      vertex -19.11075210571289 -32.18943405151367 -19
    endloop
  endfacet
  facet normal -0.9807855861972504 0.19508878467947854 0
    outer loop
      vertex -24.672794342041016 -31.959638595581055 -13.5
      vertex -24.557785034179688 -31.38144302368164 -10
      vertex -24.557785034179688 -31.38144302368164 -13.5
    endloop
  endfacet
  facet normal -0.676659115429863 0.205261803414565 -0.7071068049203569
    outer loop
      vertex -24.672794342041016 -31.959638595581055 -13.5
      vertex -19.331188201904297 -33.29764175415039 -19
      vertex -19.6591854095459 -34.37890625 -19
    endloop
  endfacet
  facet normal -0.6935199299876871 0.13794961507097342 -0.7071067885486915
    outer loop
      vertex -24.672794342041016 -31.959638595581055 -13.5
      vertex -19.11075210571289 -32.18943405151367 -19
      vertex -19.331188201904297 -33.29764175415039 -19
    endloop
  endfacet
  facet normal 0 0 1
    outer loop
      vertex -24.672794342041016 -31.959638595581055 -10
      vertex -19.045076370239258 -51 -10
      vertex -24.557785034179688 -31.38144302368164 -10
    endloop
  endfacet
  facet normal -0.9807855861972504 -0.19508878467947854 0
    outer loop
      vertex -24.672794342041016 -29.040361404418945 -13.5
      vertex -24.557785034179688 -29.61855697631836 -13.5
      vertex -24.672794342041016 -29.040361404418945 -10
    endloop
  endfacet
  facet normal -0.676659115429863 -0.205261803414565 -0.7071068049203569
    outer loop
      vertex -24.672794342041016 -29.040361404418945 -13.5
      vertex -19.6591854095459 -26.62109375 -19
      vertex -19.331188201904297 -27.70235824584961 -19
    endloop
  endfacet
  facet normal -0.6935199299876871 -0.13794961507097342 -0.7071067885486915
    outer loop
      vertex -24.672794342041016 -29.040361404418945 -13.5
      vertex -19.331188201904297 -27.70235824584961 -19
      vertex -19.11075210571289 -28.810565948486328 -19
    endloop
  endfacet
  facet normal -0.693520052424932 -0.13794858538145136 -0.7071068693456286
    outer loop
      vertex -24.672794342041016 -29.040361404418945 -13.5
      vertex -19.11075210571289 -28.810565948486328 -19
      vertex -24.557785034179688 -29.61855697631836 -13.5
    endloop
  endfacet
  facet normal -0.9807855861972504 -0.19508878467947854 0
    outer loop
      vertex -24.672794342041016 -29.040361404418945 -10
      vertex -24.557785034179688 -29.61855697631836 -13.5
      vertex -24.557785034179688 -29.61855697631836 -10
    endloop
  endfacet
  facet normal 0 0 1
    outer loop
      vertex -24.672794342041016 -29.040361404418945 -10
      vertex -24.557785034179688 -29.61855697631836 -10
      vertex -19.045076370239258 -10.09999942779541 -10
    endloop
  endfacet
  facet normal -0.5555717004123698 0.8314686318201716 0
    outer loop
      vertex -24.5806884765625 -40.37577438354492 -24.600000381469727
      vertex -24.5806884765625 -40.37577438354492 -19
      vertex -23.641197204589844 -39.748023986816406 -24.600000381469727
    endloop
  endfacet
  facet normal -0.3928482180480406 0.5879366607963462 -0.7071073189185085
    outer loop
      vertex -24.5806884765625 -40.37577438354492 -24.600000381469727
      vertex -23.641197204589844 -39.748023986816406 -24.600000381469727
      vertex -23.402629852294922 -40.06969451904297 -25
    endloop
  endfacet
  facet normal -0.3928482196897173 0.5879365740704989 -0.7071073901161439
    outer loop
      vertex -24.5806884765625 -40.37577438354492 -24.600000381469727
      vertex -23.402629852294922 -40.06969451904297 -25
      vertex -24.374799728393555 -40.71928024291992 -25
    endloop
  endfacet
  facet normal -0.5555717004123698 0.8314686318201716 0
    outer loop
      vertex -24.5806884765625 -40.37577438354492 -19
      vertex -23.641197204589844 -39.748023986816406 -19
      vertex -23.641197204589844 -39.748023986816406 -24.600000381469727
    endloop
  endfacet
  facet normal -0.39284740913710325 -0.587937087330186 -0.7071074136762835
    outer loop
      vertex -24.5806884765625 -20.624225616455078 -24.600000381469727
      vertex -24.374799728393555 -20.280719757080078 -25
      vertex -23.402629852294922 -20.9303035736084 -25
    endloop
  endfacet
  facet normal -0.5555705333997505 -0.8314694115948684 0
    outer loop
      vertex -24.5806884765625 -20.624225616455078 -24.600000381469727
      vertex -23.641197204589844 -21.25197410583496 -24.600000381469727
      vertex -23.641197204589844 -21.25197410583496 -19
    endloop
  endfacet
  facet normal -0.5555705333997505 -0.8314694115948684 0
    outer loop
      vertex -24.5806884765625 -20.624225616455078 -24.600000381469727
      vertex -23.641197204589844 -21.25197410583496 -19
      vertex -24.5806884765625 -20.624225616455078 -19
    endloop
  endfacet
  facet normal -0.3928474063898377 -0.587937232449476 -0.7071072945405305
    outer loop
      vertex -24.5806884765625 -20.624225616455078 -24.600000381469727
      vertex -23.402629852294922 -20.9303035736084 -25
      vertex -23.641197204589844 -21.25197410583496 -24.600000381469727
    endloop
  endfacet
  facet normal -0.9951844018380932 0.0980204383695402 0
    outer loop
      vertex -24.557785034179688 -31.38144302368164 -13.5
      vertex -24.557785034179688 -31.38144302368164 -10
      vertex -24.5 -30.794761657714844 -10
    endloop
  endfacet
  facet normal -0.7037015212676065 0.06931090506298451 -0.7071068995597527
    outer loop
      vertex -24.557785034179688 -31.38144302368164 -13.5
      vertex -24.5 -30.794761657714844 -13.5
      vertex -19.11075210571289 -32.18943405151367 -19
    endloop
  endfacet
  facet normal -0.9951844018380932 0.0980204383695402 0
    outer loop
      vertex -24.557785034179688 -31.38144302368164 -13.5
      vertex -24.5 -30.794761657714844 -10
      vertex -24.5 -30.794761657714844 -13.5
    endloop
  endfacet
  facet normal 0 0 1
    outer loop
      vertex -24.557785034179688 -31.38144302368164 -10
      vertex -19.045076370239258 -51 -10
      vertex -24.5 -30.794761657714844 -10
    endloop
  endfacet
  facet normal -0.9951844018380932 -0.0980204383695402 0
    outer loop
      vertex -24.557785034179688 -29.61855697631836 -13.5
      vertex -24.5 -30.205238342285156 -13.5
      vertex -24.557785034179688 -29.61855697631836 -10
    endloop
  endfacet
  facet normal -0.7037015212676065 -0.06931090506298451 -0.7071068995597527
    outer loop
      vertex -24.557785034179688 -29.61855697631836 -13.5
      vertex -19.11075210571289 -28.810565948486328 -19
      vertex -24.5 -30.205238342285156 -13.5
    endloop
  endfacet
  facet normal -0.9951844018380932 -0.0980204383695402 0
    outer loop
      vertex -24.557785034179688 -29.61855697631836 -10
      vertex -24.5 -30.205238342285156 -13.5
      vertex -24.5 -30.205238342285156 -10
    endloop
  endfacet
  facet normal 0 0 1
    outer loop
      vertex -24.557785034179688 -29.61855697631836 -10
      vertex -24.5 -30.205238342285156 -10
      vertex -19.045076370239258 -10.09999942779541 -10
    endloop
  endfacet
  facet normal -1 0 0
    outer loop
      vertex -24.5 -30.794761657714844 -13.5
      vertex -24.5 -30.794761657714844 -10
      vertex -24.5 -30.205238342285156 -10
    endloop
  endfacet
  facet normal -0.7071067811865475 0 -0.7071067811865475
    outer loop
      vertex -24.5 -30.794761657714844 -13.5
      vertex -24.5 -30.205238342285156 -13.5
      vertex -19 -29.935041427612305 -19
    endloop
  endfacet
  facet normal -1 0 0
    outer loop
      vertex -24.5 -30.794761657714844 -13.5
      vertex -24.5 -30.205238342285156 -10
      vertex -24.5 -30.205238342285156 -13.5
    endloop
  endfacet
  facet normal -0.7037018305558338 0.06930916767402717 -0.7071067620583912
    outer loop
      vertex -24.5 -30.794761657714844 -13.5
      vertex -19 -31.064958572387695 -19
      vertex -19.11075210571289 -32.18943405151367 -19
    endloop
  endfacet
  facet normal -0.7071067811865476 0 -0.7071067811865476
    outer loop
      vertex -24.5 -30.794761657714844 -13.5
      vertex -19 -29.935041427612305 -19
      vertex -19 -31.064958572387695 -19
    endloop
  endfacet
  facet normal 0 0 1
    outer loop
      vertex -24.5 -30.794761657714844 -10
      vertex -19.045076370239258 -51 -10
      vertex -24.5 -30.205238342285156 -10
    endloop
  endfacet
  facet normal -0.7037018305558338 -0.06930916767402717 -0.7071067620583912
    outer loop
      vertex -24.5 -30.205238342285156 -13.5
      vertex -19.11075210571289 -28.810565948486328 -19
      vertex -19 -29.935041427612305 -19
    endloop
  endfacet
  facet normal 0 0 1
    outer loop
      vertex -24.5 -30.205238342285156 -10
      vertex -19.045076370239258 -51 -10
      vertex -19.045076370239258 -10.09999942779541 -10
    endloop
  endfacet
  facet normal 0 0 -1
    outer loop
      vertex -24.374799728393555 -40.71928024291992 -25
      vertex -23.402629852294922 -40.06969451904297 -25
      vertex -17.88471221923828 -45.12493133544922 -25
    endloop
  endfacet
  facet normal 0 0 -1
    outer loop
      vertex -24.374799728393555 -40.71928024291992 -25
      vertex -17.88471221923828 -45.12493133544922 -25
      vertex -18 -45.704524993896484 -25
    endloop
  endfacet
  facet normal 0 0 -1
    outer loop
      vertex -24.374799728393555 -20.280719757080078 -25
      vertex -18 -15.2954740524292 -25
      vertex -17.88471221923828 -15.875067710876465 -25
    endloop
  endfacet
  facet normal 0 0 -1
    outer loop
      vertex -24.374799728393555 -20.280719757080078 -25
      vertex -17.88471221923828 -15.875067710876465 -25
      vertex -23.402629852294922 -20.9303035736084 -25
    endloop
  endfacet
  facet normal -0.6343925565020573 0.7730110505385962 0
    outer loop
      vertex -23.641197204589844 -39.748023986816406 -24.600000381469727
      vertex -23.641197204589844 -39.748023986816406 -19
      vertex -22.767757415771484 -39.031211853027344 -24.600000381469727
    endloop
  endfacet
  facet normal -0.44858293657298 0.5466009389611166 -0.7071073203852352
    outer loop
      vertex -23.641197204589844 -39.748023986816406 -24.600000381469727
      vertex -22.767757415771484 -39.031211853027344 -24.600000381469727
      vertex -23.402629852294922 -40.06969451904297 -25
    endloop
  endfacet
  facet normal -0.6343925565020573 0.7730110505385962 0
    outer loop
      vertex -23.641197204589844 -39.748023986816406 -19
      vertex -22.767757415771484 -39.031211853027344 -19
      vertex -22.767757415771484 -39.031211853027344 -24.600000381469727
    endloop
  endfacet
  facet normal -0.44858293657298 -0.5466009389611166 -0.7071073203852352
    outer loop
      vertex -23.641197204589844 -21.25197410583496 -24.600000381469727
      vertex -23.402629852294922 -20.9303035736084 -25
      vertex -22.767757415771484 -21.968786239624023 -24.600000381469727
    endloop
  endfacet
  facet normal -0.6343925565020573 -0.7730110505385962 0
    outer loop
      vertex -23.641197204589844 -21.25197410583496 -24.600000381469727
      vertex -22.767757415771484 -21.968786239624023 -24.600000381469727
      vertex -22.767757415771484 -21.968786239624023 -19
    endloop
  endfacet
  facet normal -0.6343925565020573 -0.7730110505385962 0
    outer loop
      vertex -23.641197204589844 -21.25197410583496 -24.600000381469727
      vertex -22.767757415771484 -21.968786239624023 -19
      vertex -23.641197204589844 -21.25197410583496 -19
    endloop
  endfacet
  facet normal -0.4485833170763941 0.5466010465647031 -0.7071069958182499
    outer loop
      vertex -23.402629852294922 -40.06969451904297 -25
      vertex -22.767757415771484 -39.031211853027344 -24.600000381469727
      vertex -22.498809814453125 -39.32794952392578 -25
    endloop
  endfacet
  facet normal 0 0 -1
    outer loop
      vertex -23.402629852294922 -40.06969451904297 -25
      vertex -22.498809814453125 -39.32794952392578 -25
      vertex -17.658565521240234 -44.5789680480957 -25
    endloop
  endfacet
  facet normal 0 0 -1
    outer loop
      vertex -23.402629852294922 -40.06969451904297 -25
      vertex -17.658565521240234 -44.5789680480957 -25
      vertex -17.88471221923828 -45.12493133544922 -25
    endloop
  endfacet
  facet normal -0.4485833170763941 -0.5466010465647031 -0.7071069958182499
    outer loop
      vertex -23.402629852294922 -20.9303035736084 -25
      vertex -22.498809814453125 -21.672048568725586 -25
      vertex -22.767757415771484 -21.968786239624023 -24.600000381469727
    endloop
  endfacet
  facet normal 0 0 -1
    outer loop
      vertex -23.402629852294922 -20.9303035736084 -25
      vertex -17.88471221923828 -15.875067710876465 -25
      vertex -17.658565521240234 -16.421031951904297 -25
    endloop
  endfacet
  facet normal 0 0 -1
    outer loop
      vertex -23.402629852294922 -20.9303035736084 -25
      vertex -17.658565521240234 -16.421031951904297 -25
      vertex -22.498809814453125 -21.672048568725586 -25
    endloop
  endfacet
  facet normal -0.7071059371626282 0.7071076252094595 0
    outer loop
      vertex -22.767757415771484 -39.031211853027344 -24.600000381469727
      vertex -22.767757415771484 -39.031211853027344 -19
      vertex -21.968786239624023 -38.232242584228516 -24.600000381469727
    endloop
  endfacet
  facet normal -0.4999992176058132 0.5000004112347315 -0.7071070436353141
    outer loop
      vertex -22.767757415771484 -39.031211853027344 -24.600000381469727
      vertex -21.968786239624023 -38.232242584228516 -24.600000381469727
      vertex -22.498809814453125 -39.32794952392578 -25
    endloop
  endfacet
  facet normal -0.7071059371626282 0.7071076252094595 0
    outer loop
      vertex -22.767757415771484 -39.031211853027344 -19
      vertex -21.968786239624023 -38.232242584228516 -19
      vertex -21.968786239624023 -38.232242584228516 -24.600000381469727
    endloop
  endfacet
  facet normal -0.49999982908012763 -0.49999982908012763 -0.7071070229036664
    outer loop
      vertex -22.767757415771484 -21.968786239624023 -24.600000381469727
      vertex -22.498809814453125 -21.672048568725586 -25
      vertex -21.968786239624023 -22.767757415771484 -24.600000381469727
    endloop
  endfacet
  facet normal -0.7071067811865475 -0.7071067811865475 0
    outer loop
      vertex -22.767757415771484 -21.968786239624023 -24.600000381469727
      vertex -21.968786239624023 -22.767757415771484 -24.600000381469727
      vertex -22.767757415771484 -21.968786239624023 -19
    endloop
  endfacet
  facet normal -0.7071067811865475 -0.7071067811865475 0
    outer loop
      vertex -22.767757415771484 -21.968786239624023 -19
      vertex -21.968786239624023 -22.767757415771484 -24.600000381469727
      vertex -21.968786239624023 -22.767757415771484 -19
    endloop
  endfacet
  facet normal -0.49999926649323895 0.500000420000521 -0.7071070028683958
    outer loop
      vertex -22.498809814453125 -39.32794952392578 -25
      vertex -21.968786239624023 -38.232242584228516 -24.600000381469727
      vertex -21.672048568725586 -38.501190185546875 -25
    endloop
  endfacet
  facet normal 0 0 -1
    outer loop
      vertex -22.498809814453125 -39.32794952392578 -25
      vertex -21.672048568725586 -38.501190185546875 -25
      vertex -17.330251693725586 -44.08761215209961 -25
    endloop
  endfacet
  facet normal 0 0 -1
    outer loop
      vertex -22.498809814453125 -39.32794952392578 -25
      vertex -17.330251693725586 -44.08761215209961 -25
      vertex -17.658565521240234 -44.5789680480957 -25
    endloop
  endfacet
  facet normal -0.49999982908012763 -0.49999982908012763 -0.7071070229036664
    outer loop
      vertex -22.498809814453125 -21.672048568725586 -25
      vertex -21.672048568725586 -22.498809814453125 -25
      vertex -21.968786239624023 -22.767757415771484 -24.600000381469727
    endloop
  endfacet
  facet normal 0 0 -1
    outer loop
      vertex -22.498809814453125 -21.672048568725586 -25
      vertex -17.658565521240234 -16.421031951904297 -25
      vertex -17.330251693725586 -16.91238784790039 -25
    endloop
  endfacet
  facet normal 0 0 -1
    outer loop
      vertex -22.498809814453125 -21.672048568725586 -25
      vertex -17.330251693725586 -16.91238784790039 -25
      vertex -21.672048568725586 -22.498809814453125 -25
    endloop
  endfacet
  facet normal -0.7730110505385962 0.6343925565020573 0
    outer loop
      vertex -21.968786239624023 -38.232242584228516 -24.600000381469727
      vertex -21.968786239624023 -38.232242584228516 -19
      vertex -21.25197410583496 -37.358802795410156 -19
    endloop
  endfacet
  facet normal -0.5466009389611166 0.44858293657298 -0.7071073203852352
    outer loop
      vertex -21.968786239624023 -38.232242584228516 -24.600000381469727
      vertex -21.25197410583496 -37.358802795410156 -24.600000381469727
      vertex -20.9303035736084 -37.59737014770508 -25
    endloop
  endfacet
  facet normal -0.7730110505385962 0.6343925565020573 0
    outer loop
      vertex -21.968786239624023 -38.232242584228516 -24.600000381469727
      vertex -21.25197410583496 -37.358802795410156 -19
      vertex -21.25197410583496 -37.358802795410156 -24.600000381469727
    endloop
  endfacet
  facet normal -0.5466010465647032 0.44858331707639415 -0.70710699581825
    outer loop
      vertex -21.968786239624023 -38.232242584228516 -24.600000381469727
      vertex -20.9303035736084 -37.59737014770508 -25
      vertex -21.672048568725586 -38.501190185546875 -25
    endloop
  endfacet
  facet normal -0.5466010465647032 -0.44858331707639415 -0.70710699581825
    outer loop
      vertex -21.968786239624023 -22.767757415771484 -24.600000381469727
      vertex -21.672048568725586 -22.498809814453125 -25
      vertex -20.9303035736084 -23.402629852294922 -25
    endloop
  endfacet
  facet normal -0.7730110505385962 -0.6343925565020573 0
    outer loop
      vertex -21.968786239624023 -22.767757415771484 -24.600000381469727
      vertex -21.25197410583496 -23.641197204589844 -24.600000381469727
      vertex -21.968786239624023 -22.767757415771484 -19
    endloop
  endfacet
  facet normal -0.5466009389611166 -0.44858293657298 -0.7071073203852352
    outer loop
      vertex -21.968786239624023 -22.767757415771484 -24.600000381469727
      vertex -20.9303035736084 -23.402629852294922 -25
      vertex -21.25197410583496 -23.641197204589844 -24.600000381469727
    endloop
  endfacet
  facet normal -0.7730110505385962 -0.6343925565020573 0
    outer loop
      vertex -21.968786239624023 -22.767757415771484 -19
      vertex -21.25197410583496 -23.641197204589844 -24.600000381469727
      vertex -21.25197410583496 -23.641197204589844 -19
    endloop
  endfacet
  facet normal 0 0 -1
    outer loop
      vertex -21.672048568725586 -38.501190185546875 -25
      vertex -20.9303035736084 -37.59737014770508 -25
      vertex -16.421031951904297 -43.341434478759766 -25
    endloop
  endfacet
  facet normal 0 0 -1
    outer loop
      vertex -21.672048568725586 -38.501190185546875 -25
      vertex -16.91238784790039 -43.66974639892578 -25
      vertex -17.330251693725586 -44.08761215209961 -25
    endloop
  endfacet
  facet normal 0 0 -1
    outer loop
      vertex -21.672048568725586 -38.501190185546875 -25
      vertex -16.421031951904297 -43.341434478759766 -25
      vertex -16.91238784790039 -43.66974639892578 -25
    endloop
  endfacet
  facet normal 0 0 -1
    outer loop
      vertex -21.672048568725586 -22.498809814453125 -25
      vertex -17.330251693725586 -16.91238784790039 -25
      vertex -16.91238784790039 -17.330251693725586 -25
    endloop
  endfacet
  facet normal 0 0 -1
    outer loop
      vertex -21.672048568725586 -22.498809814453125 -25
      vertex -16.91238784790039 -17.330251693725586 -25
      vertex -16.421031951904297 -17.658565521240234 -25
    endloop
  endfacet
  facet normal 0 0 -1
    outer loop
      vertex -21.672048568725586 -22.498809814453125 -25
      vertex -16.421031951904297 -17.658565521240234 -25
      vertex -20.9303035736084 -23.402629852294922 -25
    endloop
  endfacet
  facet normal 0.9807852013515952 0.19509071943511516 0
    outer loop
      vertex -21.600000381469727 -0.15758609771728516 -25
      vertex -21.600000381469727 -0.15758609771728516 -20
      vertex -21.53851318359375 -0.4667024612426758 -20
    endloop
  endfacet
  facet normal 1 0 0
    outer loop
      vertex -21.600000381469727 -0.15758609771728516 -25
      vertex -21.600000381469727 0.15758609771728516 -25
      vertex -21.600000381469727 -0.15758609771728516 -20
    endloop
  endfacet
  facet normal 0.9807852013515952 0.19509071943511516 0
    outer loop
      vertex -21.600000381469727 -0.15758609771728516 -25
      vertex -21.53851318359375 -0.4667024612426758 -20
      vertex -21.53851318359375 -0.4667024612426758 -25
    endloop
  endfacet
  facet normal 1 0 0
    outer loop
      vertex -21.600000381469727 -0.15758609771728516 -20
      vertex -21.600000381469727 0.15758609771728516 -25
      vertex -21.600000381469727 0.15758609771728516 -20
    endloop
  endfacet
  facet normal 0.9807852013515952 -0.19509071943511516 0
    outer loop
      vertex -21.600000381469727 0.15758609771728516 -25
      vertex -21.53851318359375 0.4667024612426758 -25
      vertex -21.600000381469727 0.15758609771728516 -20
    endloop
  endfacet
  facet normal 0.9807852013515952 -0.19509071943511516 0
    outer loop
      vertex -21.600000381469727 0.15758609771728516 -20
      vertex -21.53851318359375 0.4667024612426758 -25
      vertex -21.53851318359375 0.4667024612426758 -20
    endloop
  endfacet
  facet normal 0.9238797145341398 0.3826829929227536 0
    outer loop
      vertex -21.53851318359375 -0.4667024612426758 -25
      vertex -21.53851318359375 -0.4667024612426758 -20
      vertex -21.41790199279785 -0.7578840255737305 -20
    endloop
  endfacet
  facet normal 0.9238797145341398 0.3826829929227536 0
    outer loop
      vertex -21.53851318359375 -0.4667024612426758 -25
      vertex -21.41790199279785 -0.7578840255737305 -20
      vertex -21.41790199279785 -0.7578840255737305 -25
    endloop
  endfacet
  facet normal 0.9238797145341398 -0.3826829929227536 0
    outer loop
      vertex -21.53851318359375 0.4667024612426758 -25
      vertex -21.41790199279785 0.7578840255737305 -25
      vertex -21.53851318359375 0.4667024612426758 -20
    endloop
  endfacet
  facet normal 0.9238797145341398 -0.3826829929227536 0
    outer loop
      vertex -21.53851318359375 0.4667024612426758 -20
      vertex -21.41790199279785 0.7578840255737305 -25
      vertex -21.41790199279785 0.7578840255737305 -20
    endloop
  endfacet
  facet normal 0.8314698012806706 0.5555699501937464 0
    outer loop
      vertex -21.41790199279785 -0.7578840255737305 -25
      vertex -21.41790199279785 -0.7578840255737305 -20
      vertex -21.242801666259766 -1.0199403762817383 -20
    endloop
  endfacet
  facet normal 0.8314698012806706 0.5555699501937464 0
    outer loop
      vertex -21.41790199279785 -0.7578840255737305 -25
      vertex -21.242801666259766 -1.0199403762817383 -20
      vertex -21.242801666259766 -1.0199403762817383 -25
    endloop
  endfacet
  facet normal 0.8314698012806706 -0.5555699501937464 0
    outer loop
      vertex -21.41790199279785 0.7578840255737305 -25
      vertex -21.242801666259766 1.0199403762817383 -25
      vertex -21.41790199279785 0.7578840255737305 -20
    endloop
  endfacet
  facet normal 0.8314698012806706 -0.5555699501937464 0
    outer loop
      vertex -21.41790199279785 0.7578840255737305 -20
      vertex -21.242801666259766 1.0199403762817383 -25
      vertex -21.242801666259766 1.0199403762817383 -20
    endloop
  endfacet
  facet normal -0.8314694115948684 0.5555705333997505 0
    outer loop
      vertex -21.25197410583496 -37.358802795410156 -24.600000381469727
      vertex -21.25197410583496 -37.358802795410156 -19
      vertex -20.624225616455078 -36.4193115234375 -19
    endloop
  endfacet
  facet normal -0.587937232449476 0.3928474063898377 -0.7071072945405305
    outer loop
      vertex -21.25197410583496 -37.358802795410156 -24.600000381469727
      vertex -20.624225616455078 -36.4193115234375 -24.600000381469727
      vertex -20.9303035736084 -37.59737014770508 -25
    endloop
  endfacet
  facet normal -0.8314694115948684 0.5555705333997505 0
    outer loop
      vertex -21.25197410583496 -37.358802795410156 -24.600000381469727
      vertex -20.624225616455078 -36.4193115234375 -19
      vertex -20.624225616455078 -36.4193115234375 -24.600000381469727
    endloop
  endfacet
  facet normal -0.587937232449476 -0.3928474063898377 -0.7071072945405305
    outer loop
      vertex -21.25197410583496 -23.641197204589844 -24.600000381469727
      vertex -20.9303035736084 -23.402629852294922 -25
      vertex -20.624225616455078 -24.5806884765625 -24.600000381469727
    endloop
  endfacet
  facet normal -0.8314694115948684 -0.5555705333997505 0
    outer loop
      vertex -21.25197410583496 -23.641197204589844 -24.600000381469727
      vertex -20.624225616455078 -24.5806884765625 -24.600000381469727
      vertex -21.25197410583496 -23.641197204589844 -19
    endloop
  endfacet
  facet normal -0.8314694115948684 -0.5555705333997505 0
    outer loop
      vertex -21.25197410583496 -23.641197204589844 -19
      vertex -20.624225616455078 -24.5806884765625 -24.600000381469727
      vertex -20.624225616455078 -24.5806884765625 -19
    endloop
  endfacet
  facet normal 0.7071067811865476 0.7071067811865476 0
    outer loop
      vertex -21.242801666259766 -1.0199403762817383 -25
      vertex -21.242801666259766 -1.0199403762817383 -20
      vertex -21.019941329956055 -1.2428007125854492 -20
    endloop
  endfacet
  facet normal 0.7071067811865476 0.7071067811865476 0
    outer loop
      vertex -21.242801666259766 -1.0199403762817383 -25
      vertex -21.019941329956055 -1.2428007125854492 -20
      vertex -21.019941329956055 -1.2428007125854492 -25
    endloop
  endfacet
  facet normal 0.7071067811865476 -0.7071067811865476 0
    outer loop
      vertex -21.242801666259766 1.0199403762817383 -25
      vertex -21.019941329956055 1.2428007125854492 -25
      vertex -21.242801666259766 1.0199403762817383 -20
    endloop
  endfacet
  facet normal 0.7071067811865476 -0.7071067811865476 0
    outer loop
      vertex -21.242801666259766 1.0199403762817383 -20
      vertex -21.019941329956055 1.2428007125854492 -25
      vertex -21.019941329956055 1.2428007125854492 -20
    endloop
  endfacet
  facet normal 0.5555699501937464 0.8314698012806706 0
    outer loop
      vertex -21.019941329956055 -1.2428007125854492 -25
      vertex -21.019941329956055 -1.2428007125854492 -20
      vertex -20.757884979248047 -1.4179010391235352 -25
    endloop
  endfacet
  facet normal 0.5555699501937464 0.8314698012806706 0
    outer loop
      vertex -21.019941329956055 -1.2428007125854492 -20
      vertex -20.757884979248047 -1.4179010391235352 -20
      vertex -20.757884979248047 -1.4179010391235352 -25
    endloop
  endfacet
  facet normal 0 0 1
    outer loop
      vertex -21.019941329956055 -1.2428007125854492 -20
      vertex -14.607542991638184 -10.09999942779541 -20
      vertex -20.757884979248047 -1.4179010391235352 -20
    endloop
  endfacet
  facet normal 0.5555699501937464 -0.8314698012806706 0
    outer loop
      vertex -21.019941329956055 1.2428007125854492 -25
      vertex -20.757884979248047 1.4179010391235352 -25
      vertex -20.757884979248047 1.4179010391235352 -20
    endloop
  endfacet
  facet normal 0.5555699501937464 -0.8314698012806706 0
    outer loop
      vertex -21.019941329956055 1.2428007125854492 -25
      vertex -20.757884979248047 1.4179010391235352 -20
      vertex -21.019941329956055 1.2428007125854492 -20
    endloop
  endfacet
  facet normal 0 0 -1
    outer loop
      vertex -21.019941329956055 1.2428007125854492 -25
      vertex -15.30754280090332 9.699999809265137 -25
      vertex -20.757884979248047 1.4179010391235352 -25
    endloop
  endfacet
  facet normal 0 0 1
    outer loop
      vertex -21.019941329956055 1.2428007125854492 -20
      vertex -20.757884979248047 1.4179010391235352 -20
      vertex -15.007542610168457 10 -20
    endloop
  endfacet
  facet normal -0.5879382090517071 0.39284738790132756 -0.7071064927973543
    outer loop
      vertex -20.9303035736084 -37.59737014770508 -25
      vertex -20.624225616455078 -36.4193115234375 -24.600000381469727
      vertex -20.280719757080078 -36.62519836425781 -25
    endloop
  endfacet
  facet normal 0 0 -1
    outer loop
      vertex -20.9303035736084 -37.59737014770508 -25
      vertex -20.280719757080078 -36.62519836425781 -25
      vertex -15.875067710876465 -43.11528778076172 -25
    endloop
  endfacet
  facet normal 0 0 -1
    outer loop
      vertex -20.9303035736084 -37.59737014770508 -25
      vertex -15.875067710876465 -43.11528778076172 -25
      vertex -16.421031951904297 -43.341434478759766 -25
    endloop
  endfacet
  facet normal -0.587937087330186 -0.39284740913710325 -0.7071074136762835
    outer loop
      vertex -20.9303035736084 -23.402629852294922 -25
      vertex -20.280719757080078 -24.374799728393555 -25
      vertex -20.624225616455078 -24.5806884765625 -24.600000381469727
    endloop
  endfacet
  facet normal 0 0 -1
    outer loop
      vertex -20.9303035736084 -23.402629852294922 -25
      vertex -16.421031951904297 -17.658565521240234 -25
      vertex -15.875067710876465 -17.88471221923828 -25
    endloop
  endfacet
  facet normal 0 0 -1
    outer loop
      vertex -20.9303035736084 -23.402629852294922 -25
      vertex -15.875067710876465 -17.88471221923828 -25
      vertex -20.280719757080078 -24.374799728393555 -25
    endloop
  endfacet
  facet normal 0.3826829929227536 0.9238797145341398 0
    outer loop
      vertex -20.757884979248047 -1.4179010391235352 -25
      vertex -20.757884979248047 -1.4179010391235352 -20
      vertex -20.466703414916992 -1.5385122299194336 -25
    endloop
  endfacet
  facet normal 0 0 -1
    outer loop
      vertex -20.757884979248047 -1.4179010391235352 -25
      vertex -20.466703414916992 -1.5385122299194336 -25
      vertex -18 -14.7045259475708 -25
    endloop
  endfacet
  facet normal 0.3826829929227536 0.9238797145341398 0
    outer loop
      vertex -20.757884979248047 -1.4179010391235352 -20
      vertex -20.466703414916992 -1.5385122299194336 -20
      vertex -20.466703414916992 -1.5385122299194336 -25
    endloop
  endfacet
  facet normal 0 0 1
    outer loop
      vertex -20.757884979248047 -1.4179010391235352 -20
      vertex -14.607542991638184 -10.09999942779541 -20
      vertex -20.466703414916992 -1.5385122299194336 -20
    endloop
  endfacet
  facet normal 0.3826829929227536 -0.9238797145341398 0
    outer loop
      vertex -20.757884979248047 1.4179010391235352 -25
      vertex -20.466703414916992 1.5385122299194336 -25
      vertex -20.466703414916992 1.5385122299194336 -20
    endloop
  endfacet
  facet normal 0.3826829929227536 -0.9238797145341398 0
    outer loop
      vertex -20.757884979248047 1.4179010391235352 -25
      vertex -20.466703414916992 1.5385122299194336 -20
      vertex -20.757884979248047 1.4179010391235352 -20
    endloop
  endfacet
  facet normal 0 0 -1
    outer loop
      vertex -20.757884979248047 1.4179010391235352 -25
      vertex -15.30754280090332 9.699999809265137 -25
      vertex -20.466703414916992 1.5385122299194336 -25
    endloop
  endfacet
  facet normal 0 0 1
    outer loop
      vertex -20.757884979248047 1.4179010391235352 -20
      vertex -20.466703414916992 1.5385122299194336 -20
      vertex -15.007542610168457 10 -20
    endloop
  endfacet
  facet normal -0.88192155348069 0.4713961958970462 0
    outer loop
      vertex -20.624225616455078 -36.4193115234375 -24.600000381469727
      vertex -20.624225616455078 -36.4193115234375 -19
      vertex -20.09158706665039 -35.422813415527344 -19
    endloop
  endfacet
  facet normal -0.6236116562518299 0.33332688300219165 -0.7071079770833397
    outer loop
      vertex -20.624225616455078 -36.4193115234375 -24.600000381469727
      vertex -20.09158706665039 -35.422813415527344 -24.600000381469727
      vertex -19.72955322265625 -35.59403991699219 -25
    endloop
  endfacet
  facet normal -0.88192155348069 0.4713961958970462 0
    outer loop
      vertex -20.624225616455078 -36.4193115234375 -24.600000381469727
      vertex -20.09158706665039 -35.422813415527344 -19
      vertex -20.09158706665039 -35.422813415527344 -24.600000381469727
    endloop
  endfacet
  facet normal -0.6236123671083006 0.33332827570231 -0.7071066936516065
    outer loop
      vertex -20.624225616455078 -36.4193115234375 -24.600000381469727
      vertex -19.72955322265625 -35.59403991699219 -25
      vertex -20.280719757080078 -36.62519836425781 -25
    endloop
  endfacet
  facet normal -0.6236119343355717 -0.333327427819561 -0.7071074750117141
    outer loop
      vertex -20.624225616455078 -24.5806884765625 -24.600000381469727
      vertex -20.280719757080078 -24.374799728393555 -25
      vertex -19.72955322265625 -25.405960083007812 -25
    endloop
  endfacet
  facet normal -0.88192155348069 -0.4713961958970462 0
    outer loop
      vertex -20.624225616455078 -24.5806884765625 -24.600000381469727
      vertex -20.09158706665039 -25.577186584472656 -24.600000381469727
      vertex -20.624225616455078 -24.5806884765625 -19
    endloop
  endfacet
  facet normal -0.6236116562518299 -0.33332688300219165 -0.7071079770833397
    outer loop
      vertex -20.624225616455078 -24.5806884765625 -24.600000381469727
      vertex -19.72955322265625 -25.405960083007812 -25
      vertex -20.09158706665039 -25.577186584472656 -24.600000381469727
    endloop
  endfacet
  facet normal -0.88192155348069 -0.4713961958970462 0
    outer loop
      vertex -20.624225616455078 -24.5806884765625 -19
      vertex -20.09158706665039 -25.577186584472656 -24.600000381469727
      vertex -20.09158706665039 -25.577186584472656 -19
    endloop
  endfacet
  facet normal 0.19509071943511516 0.9807852013515952 0
    outer loop
      vertex -20.466703414916992 -1.5385122299194336 -25
      vertex -20.466703414916992 -1.5385122299194336 -20
      vertex -20.1575870513916 -1.5999994277954102 -25
    endloop
  endfacet
  facet normal 0 0 -1
    outer loop
      vertex -20.466703414916992 -1.5385122299194336 -25
      vertex -20.1575870513916 -1.5999994277954102 -25
      vertex -18 -14.7045259475708 -25
    endloop
  endfacet
  facet normal 0.19509071943511516 0.9807852013515952 0
    outer loop
      vertex -20.466703414916992 -1.5385122299194336 -20
      vertex -20.1575870513916 -1.5999994277954102 -20
      vertex -20.1575870513916 -1.5999994277954102 -25
    endloop
  endfacet
  facet normal 0 0 1
    outer loop
      vertex -20.466703414916992 -1.5385122299194336 -20
      vertex -14.607542991638184 -10.09999942779541 -20
      vertex -20.1575870513916 -1.5999994277954102 -20
    endloop
  endfacet
  facet normal 0.19509071943511516 -0.9807852013515952 0
    outer loop
      vertex -20.466703414916992 1.5385122299194336 -25
      vertex -20.1575870513916 1.5999994277954102 -25
      vertex -20.1575870513916 1.5999994277954102 -20
    endloop
  endfacet
  facet normal 0.19509071943511516 -0.9807852013515952 0
    outer loop
      vertex -20.466703414916992 1.5385122299194336 -25
      vertex -20.1575870513916 1.5999994277954102 -20
      vertex -20.466703414916992 1.5385122299194336 -20
    endloop
  endfacet
  facet normal 0 0 -1
    outer loop
      vertex -20.466703414916992 1.5385122299194336 -25
      vertex -15.30754280090332 9.699999809265137 -25
      vertex -20.1575870513916 1.5999994277954102 -25
    endloop
  endfacet
  facet normal 0 0 1
    outer loop
      vertex -20.466703414916992 1.5385122299194336 -20
      vertex -20.1575870513916 1.5999994277954102 -20
      vertex -15.007542610168457 10 -20
    endloop
  endfacet
  facet normal 0 0 -1
    outer loop
      vertex -20.280719757080078 -36.62519836425781 -25
      vertex -19.72955322265625 -35.59403991699219 -25
      vertex -15.2954740524292 -43 -25
    endloop
  endfacet
  facet normal 0 0 -1
    outer loop
      vertex -20.280719757080078 -36.62519836425781 -25
      vertex -15.2954740524292 -43 -25
      vertex -15.875067710876465 -43.11528778076172 -25
    endloop
  endfacet
  facet normal 0 0 -1
    outer loop
      vertex -20.280719757080078 -24.374799728393555 -25
      vertex -15.875067710876465 -17.88471221923828 -25
      vertex -15.2954740524292 -18 -25
    endloop
  endfacet
  facet normal 0 0 -1
    outer loop
      vertex -20.280719757080078 -24.374799728393555 -25
      vertex -15.2954740524292 -18 -25
      vertex -19.72955322265625 -25.405960083007812 -25
    endloop
  endfacet
  facet normal 0 1 0
    outer loop
      vertex -20.1575870513916 -1.5999994277954102 -25
      vertex -20.1575870513916 -1.5999994277954102 -20
      vertex -19.84241485595703 -1.5999994277954102 -25
    endloop
  endfacet
  facet normal 0 0 -1
    outer loop
      vertex -20.1575870513916 -1.5999994277954102 -25
      vertex -19.84241485595703 -1.5999994277954102 -25
      vertex -18 -14.7045259475708 -25
    endloop
  endfacet
  facet normal 0 1 0
    outer loop
      vertex -20.1575870513916 -1.5999994277954102 -20
      vertex -19.84241485595703 -1.5999994277954102 -20
      vertex -19.84241485595703 -1.5999994277954102 -25
    endloop
  endfacet
  facet normal 0 0 1
    outer loop
      vertex -20.1575870513916 -1.5999994277954102 -20
      vertex -14.607542991638184 -10.09999942779541 -20
      vertex -19.84241485595703 -1.5999994277954102 -20
    endloop
  endfacet
  facet normal 0 -1 0
    outer loop
      vertex -20.1575870513916 1.5999994277954102 -25
      vertex -19.84241485595703 1.5999994277954102 -25
      vertex -19.84241485595703 1.5999994277954102 -20
    endloop
  endfacet
  facet normal 0 -1 0
    outer loop
      vertex -20.1575870513916 1.5999994277954102 -25
      vertex -19.84241485595703 1.5999994277954102 -20
      vertex -20.1575870513916 1.5999994277954102 -20
    endloop
  endfacet
  facet normal 0 0 -1
    outer loop
      vertex -20.1575870513916 1.5999994277954102 -25
      vertex -15.30754280090332 9.699999809265137 -25
      vertex -19.84241485595703 1.5999994277954102 -25
    endloop
  endfacet
  facet normal 0 0 1
    outer loop
      vertex -20.1575870513916 1.5999994277954102 -20
      vertex -19.84241485595703 1.5999994277954102 -20
      vertex -15.007542610168457 10 -20
    endloop
  endfacet
  facet normal -0.9238791722716488 0.3826843020593516 0
    outer loop
      vertex -20.09158706665039 -35.422813415527344 -24.600000381469727
      vertex -20.09158706665039 -35.422813415527344 -19
      vertex -19.6591854095459 -34.37890625 -19
    endloop
  endfacet
  facet normal -0.653279918044416 0.27059812255699395 -0.7071081987563935
    outer loop
      vertex -20.09158706665039 -35.422813415527344 -24.600000381469727
      vertex -19.6591854095459 -34.37890625 -24.600000381469727
      vertex -19.72955322265625 -35.59403991699219 -25
    endloop
  endfacet
  facet normal -0.9238791722716488 0.3826843020593516 0
    outer loop
      vertex -20.09158706665039 -35.422813415527344 -24.600000381469727
      vertex -19.6591854095459 -34.37890625 -19
      vertex -19.6591854095459 -34.37890625 -24.600000381469727
    endloop
  endfacet
  facet normal -0.653279918044416 -0.27059812255699395 -0.7071081987563935
    outer loop
      vertex -20.09158706665039 -25.577186584472656 -24.600000381469727
      vertex -19.72955322265625 -25.405960083007812 -25
      vertex -19.6591854095459 -26.62109375 -24.600000381469727
    endloop
  endfacet
  facet normal -0.9238791722716488 -0.3826843020593516 0
    outer loop
      vertex -20.09158706665039 -25.577186584472656 -24.600000381469727
      vertex -19.6591854095459 -26.62109375 -24.600000381469727
      vertex -20.09158706665039 -25.577186584472656 -19
    endloop
  endfacet
  facet normal -0.9238791722716488 -0.3826843020593516 0
    outer loop
      vertex -20.09158706665039 -25.577186584472656 -19
      vertex -19.6591854095459 -26.62109375 -24.600000381469727
      vertex -19.6591854095459 -26.62109375 -19
    endloop
  endfacet
  facet normal -0.19509071943511516 0.9807852013515952 0
    outer loop
      vertex -19.84241485595703 -1.5999994277954102 -25
      vertex -19.84241485595703 -1.5999994277954102 -20
      vertex -19.53329849243164 -1.5385122299194336 -25
    endloop
  endfacet
  facet normal 0 0 -1
    outer loop
      vertex -19.84241485595703 -1.5999994277954102 -25
      vertex -19.53329849243164 -1.5385122299194336 -25
      vertex -18 -14.7045259475708 -25
    endloop
  endfacet
  facet normal -0.19509071943511516 0.9807852013515952 0
    outer loop
      vertex -19.84241485595703 -1.5999994277954102 -20
      vertex -19.53329849243164 -1.5385122299194336 -20
      vertex -19.53329849243164 -1.5385122299194336 -25
    endloop
  endfacet
  facet normal 0 0 1
    outer loop
      vertex -19.84241485595703 -1.5999994277954102 -20
      vertex -14.607542991638184 -10.09999942779541 -20
      vertex -19.53329849243164 -1.5385122299194336 -20
    endloop
  endfacet
  facet normal -0.19509071943511516 -0.9807852013515952 0
    outer loop
      vertex -19.84241485595703 1.5999994277954102 -25
      vertex -19.53329849243164 1.5385122299194336 -25
      vertex -19.53329849243164 1.5385122299194336 -20
    endloop
  endfacet
  facet normal -0.19509071943511516 -0.9807852013515952 0
    outer loop
      vertex -19.84241485595703 1.5999994277954102 -25
      vertex -19.53329849243164 1.5385122299194336 -20
      vertex -19.84241485595703 1.5999994277954102 -20
    endloop
  endfacet
  facet normal 0 0 -1
    outer loop
      vertex -19.84241485595703 1.5999994277954102 -25
      vertex -15.30754280090332 9.699999809265137 -25
      vertex -19.53329849243164 1.5385122299194336 -25
    endloop
  endfacet
  facet normal 0 0 1
    outer loop
      vertex -19.84241485595703 1.5999994277954102 -20
      vertex -19.53329849243164 1.5385122299194336 -20
      vertex -15.007542610168457 10 -20
    endloop
  endfacet
  facet normal -0.6532817231116562 0.2705977278466693 -0.7071066821438512
    outer loop
      vertex -19.72955322265625 -35.59403991699219 -25
      vertex -19.6591854095459 -34.37890625 -24.600000381469727
      vertex -19.282114028930664 -34.513824462890625 -25
    endloop
  endfacet
  facet normal 0 0 -1
    outer loop
      vertex -19.72955322265625 -35.59403991699219 -25
      vertex -19.282114028930664 -34.513824462890625 -25
      vertex -14.7045259475708 -43 -25
    endloop
  endfacet
  facet normal 0 0 -1
    outer loop
      vertex -19.72955322265625 -35.59403991699219 -25
      vertex -14.7045259475708 -43 -25
      vertex -15.2954740524292 -43 -25
    endloop
  endfacet
  facet normal -0.6532817231116562 -0.2705977278466693 -0.7071066821438512
    outer loop
      vertex -19.72955322265625 -25.405960083007812 -25
      vertex -19.282114028930664 -26.486175537109375 -25
      vertex -19.6591854095459 -26.62109375 -24.600000381469727
    endloop
  endfacet
  facet normal 0 0 -1
    outer loop
      vertex -19.72955322265625 -25.405960083007812 -25
      vertex -15.2954740524292 -18 -25
      vertex -14.7045259475708 -18 -25
    endloop
  endfacet
  facet normal 0 0 -1
    outer loop
      vertex -19.72955322265625 -25.405960083007812 -25
      vertex -14.7045259475708 -18 -25
      vertex -19.282114028930664 -26.486175537109375 -25
    endloop
  endfacet
  facet normal -0.9569405302636932 0.29028403596932756 0
    outer loop
      vertex -19.6591854095459 -34.37890625 -24.600000381469727
      vertex -19.6591854095459 -34.37890625 -19
      vertex -19.331188201904297 -33.29764175415039 -19
    endloop
  endfacet
  facet normal -0.6766582824747677 0.20526155074100874 -0.7071076753548176
    outer loop
      vertex -19.6591854095459 -34.37890625 -24.600000381469727
      vertex -19.331188201904297 -33.29764175415039 -24.600000381469727
      vertex -18.942707061767578 -33.39495086669922 -25
    endloop
  endfacet
  facet normal -0.9569405302636932 0.29028403596932756 0
    outer loop
      vertex -19.6591854095459 -34.37890625 -24.600000381469727
      vertex -19.331188201904297 -33.29764175415039 -19
      vertex -19.331188201904297 -33.29764175415039 -24.600000381469727
    endloop
  endfacet
  facet normal -0.6766590303042896 0.20526249798087567 -0.7071066847586079
    outer loop
      vertex -19.6591854095459 -34.37890625 -24.600000381469727
      vertex -18.942707061767578 -33.39495086669922 -25
      vertex -19.282114028930664 -34.513824462890625 -25
    endloop
  endfacet
  facet normal -0.9569405302636932 -0.29028403596932756 0
    outer loop
      vertex -19.6591854095459 -26.62109375 -24.600000381469727
      vertex -19.331188201904297 -27.70235824584961 -24.600000381469727
      vertex -19.6591854095459 -26.62109375 -19
    endloop
  endfacet
  facet normal -0.6766590303042896 -0.20526249798087567 -0.7071066847586079
    outer loop
      vertex -19.6591854095459 -26.62109375 -24.600000381469727
      vertex -19.282114028930664 -26.486175537109375 -25
      vertex -18.942707061767578 -27.60504913330078 -25
    endloop
  endfacet
  facet normal -0.6766582824747677 -0.20526155074100874 -0.7071076753548176
    outer loop
      vertex -19.6591854095459 -26.62109375 -24.600000381469727
      vertex -18.942707061767578 -27.60504913330078 -25
      vertex -19.331188201904297 -27.70235824584961 -24.600000381469727
    endloop
  endfacet
  facet normal -0.9569405302636932 -0.29028403596932756 0
    outer loop
      vertex -19.6591854095459 -26.62109375 -19
      vertex -19.331188201904297 -27.70235824584961 -24.600000381469727
      vertex -19.331188201904297 -27.70235824584961 -19
    endloop
  endfacet
  facet normal -0.38268085331574186 0.9238806007842874 0
    outer loop
      vertex -19.53329849243164 -1.5385122299194336 -25
      vertex -19.53329849243164 -1.5385122299194336 -20
      vertex -19.242115020751953 -1.4179010391235352 -25
    endloop
  endfacet
  facet normal 0 0 -1
    outer loop
      vertex -19.53329849243164 -1.5385122299194336 -25
      vertex -19.242115020751953 -1.4179010391235352 -25
      vertex -18 -14.7045259475708 -25
    endloop
  endfacet
  facet normal -0.38268085331574186 0.9238806007842874 0
    outer loop
      vertex -19.53329849243164 -1.5385122299194336 -20
      vertex -19.242115020751953 -1.4179010391235352 -20
      vertex -19.242115020751953 -1.4179010391235352 -25
    endloop
  endfacet
  facet normal 0 0 1
    outer loop
      vertex -19.53329849243164 -1.5385122299194336 -20
      vertex -14.607542991638184 -10.09999942779541 -20
      vertex -19.242115020751953 -1.4179010391235352 -20
    endloop
  endfacet
  facet normal -0.38268085331574186 -0.9238806007842874 0
    outer loop
      vertex -19.53329849243164 1.5385122299194336 -25
      vertex -19.242115020751953 1.4179010391235352 -25
      vertex -19.242115020751953 1.4179010391235352 -20
    endloop
  endfacet
  facet normal -0.38268085331574186 -0.9238806007842874 0
    outer loop
      vertex -19.53329849243164 1.5385122299194336 -25
      vertex -19.242115020751953 1.4179010391235352 -20
      vertex -19.53329849243164 1.5385122299194336 -20
    endloop
  endfacet
  facet normal 0 0 -1
    outer loop
      vertex -19.53329849243164 1.5385122299194336 -25
      vertex -15.30754280090332 9.699999809265137 -25
      vertex -19.242115020751953 1.4179010391235352 -25
    endloop
  endfacet
  facet normal 0 0 1
    outer loop
      vertex -19.53329849243164 1.5385122299194336 -20
      vertex -19.242115020751953 1.4179010391235352 -20
      vertex -15.007542610168457 10 -20
    endloop
  endfacet
  facet normal -0.9807853009762137 0.1950902185887284 0
    outer loop
      vertex -19.331188201904297 -33.29764175415039 -24.600000381469727
      vertex -19.331188201904297 -33.29764175415039 -19
      vertex -19.11075210571289 -32.18943405151367 -19
    endloop
  endfacet
  facet normal -0.6935190447691896 0.13794943899016346 -0.7071076911084548
    outer loop
      vertex -19.331188201904297 -33.29764175415039 -24.600000381469727
      vertex -19.11075210571289 -32.18943405151367 -24.600000381469727
      vertex -18.942707061767578 -33.39495086669922 -25
    endloop
  endfacet
  facet normal -0.9807853009762137 0.1950902185887284 0
    outer loop
      vertex -19.331188201904297 -33.29764175415039 -24.600000381469727
      vertex -19.11075210571289 -32.18943405151367 -19
      vertex -19.11075210571289 -32.18943405151367 -24.600000381469727
    endloop
  endfacet
  facet normal -0.9807853009762137 -0.1950902185887284 0
    outer loop
      vertex -19.331188201904297 -27.70235824584961 -24.600000381469727
      vertex -19.11075210571289 -28.810565948486328 -24.600000381469727
      vertex -19.331188201904297 -27.70235824584961 -19
    endloop
  endfacet
  facet normal -0.6935190447691896 -0.13794943899016346 -0.7071076911084548
    outer loop
      vertex -19.331188201904297 -27.70235824584961 -24.600000381469727
      vertex -18.942707061767578 -27.60504913330078 -25
      vertex -19.11075210571289 -28.810565948486328 -24.600000381469727
    endloop
  endfacet
  facet normal -0.9807853009762137 -0.1950902185887284 0
    outer loop
      vertex -19.331188201904297 -27.70235824584961 -19
      vertex -19.11075210571289 -28.810565948486328 -24.600000381469727
      vertex -19.11075210571289 -28.810565948486328 -19
    endloop
  endfacet
  facet normal 0 0 -1
    outer loop
      vertex -19.282114028930664 -34.513824462890625 -25
      vertex -18.942707061767578 -33.39495086669922 -25
      vertex -14.124932289123535 -43.11528778076172 -25
    endloop
  endfacet
  facet normal 0 0 -1
    outer loop
      vertex -19.282114028930664 -34.513824462890625 -25
      vertex -14.124932289123535 -43.11528778076172 -25
      vertex -14.7045259475708 -43 -25
    endloop
  endfacet
  facet normal 0 0 -1
    outer loop
      vertex -19.282114028930664 -26.486175537109375 -25
      vertex -14.7045259475708 -18 -25
      vertex -14.124932289123535 -17.88471221923828 -25
    endloop
  endfacet
  facet normal 0 0 -1
    outer loop
      vertex -19.282114028930664 -26.486175537109375 -25
      vertex -14.124932289123535 -17.88471221923828 -25
      vertex -18.942707061767578 -27.60504913330078 -25
    endloop
  endfacet
  facet normal -0.555572745753627 0.8314679333418552 0
    outer loop
      vertex -19.242115020751953 -1.4179010391235352 -25
      vertex -19.242115020751953 -1.4179010391235352 -20
      vertex -18.980060577392578 -1.2428007125854492 -25
    endloop
  endfacet
  facet normal 0 0 -1
    outer loop
      vertex -19.242115020751953 -1.4179010391235352 -25
      vertex -18.980060577392578 -1.2428007125854492 -25
      vertex -18 -14.7045259475708 -25
    endloop
  endfacet
  facet normal -0.555572745753627 0.8314679333418552 0
    outer loop
      vertex -19.242115020751953 -1.4179010391235352 -20
      vertex -18.980060577392578 -1.2428007125854492 -20
      vertex -18.980060577392578 -1.2428007125854492 -25
    endloop
  endfacet
  facet normal 0 0 1
    outer loop
      vertex -19.242115020751953 -1.4179010391235352 -20
      vertex -14.607542991638184 -10.09999942779541 -20
      vertex -18.980060577392578 -1.2428007125854492 -20
    endloop
  endfacet
  facet normal -0.555572745753627 -0.8314679333418552 0
    outer loop
      vertex -19.242115020751953 1.4179010391235352 -25
      vertex -18.980060577392578 1.2428007125854492 -25
      vertex -18.980060577392578 1.2428007125854492 -20
    endloop
  endfacet
  facet normal -0.555572745753627 -0.8314679333418552 0
    outer loop
      vertex -19.242115020751953 1.4179010391235352 -25
      vertex -18.980060577392578 1.2428007125854492 -20
      vertex -19.242115020751953 1.4179010391235352 -20
    endloop
  endfacet
  facet normal 0 0 -1
    outer loop
      vertex -19.242115020751953 1.4179010391235352 -25
      vertex -15.30754280090332 9.699999809265137 -25
      vertex -18.980060577392578 1.2428007125854492 -25
    endloop
  endfacet
  facet normal 0 0 1
    outer loop
      vertex -19.242115020751953 1.4179010391235352 -20
      vertex -18.980060577392578 1.2428007125854492 -20
      vertex -15.007542610168457 10 -20
    endloop
  endfacet
  facet normal -0.9951846457177981 0.09801796226988709 0
    outer loop
      vertex -19.11075210571289 -32.18943405151367 -24.600000381469727
      vertex -19.11075210571289 -32.18943405151367 -19
      vertex -19 -31.064958572387695 -19
    endloop
  endfacet
  facet normal -0.7037004632843457 0.06930903300839933 -0.7071081359430381
    outer loop
      vertex -19.11075210571289 -32.18943405151367 -24.600000381469727
      vertex -19 -31.064958572387695 -24.600000381469727
      vertex -18.714603424072266 -32.248199462890625 -25
    endloop
  endfacet
  facet normal -0.9951846457177981 0.09801796226988709 0
    outer loop
      vertex -19.11075210571289 -32.18943405151367 -24.600000381469727
      vertex -19 -31.064958572387695 -19
      vertex -19 -31.064958572387695 -24.600000381469727
    endloop
  endfacet
  facet normal -0.6935183530168546 0.13794974098676654 -0.7071083106501248
    outer loop
      vertex -19.11075210571289 -32.18943405151367 -24.600000381469727
      vertex -18.714603424072266 -32.248199462890625 -25
      vertex -18.942707061767578 -33.39495086669922 -25
    endloop
  endfacet
  facet normal -0.9951846457177981 -0.09801796226988709 0
    outer loop
      vertex -19.11075210571289 -28.810565948486328 -24.600000381469727
      vertex -19 -29.935041427612305 -24.600000381469727
      vertex -19.11075210571289 -28.810565948486328 -19
    endloop
  endfacet
  facet normal -0.6935187140766439 -0.13794958335984125 -0.7071079872808144
    outer loop
      vertex -19.11075210571289 -28.810565948486328 -24.600000381469727
      vertex -18.942707061767578 -27.60504913330078 -25
      vertex -18.714603424072266 -28.751802444458008 -25
    endloop
  endfacet
  facet normal -0.7037006277344172 -0.06930904920545479 -0.707107970697844
    outer loop
      vertex -19.11075210571289 -28.810565948486328 -24.600000381469727
      vertex -18.714603424072266 -28.751802444458008 -25
      vertex -19 -29.935041427612305 -24.600000381469727
    endloop
  endfacet
  facet normal -0.9951846457177981 -0.09801796226988709 0
    outer loop
      vertex -19.11075210571289 -28.810565948486328 -19
      vertex -19 -29.935041427612305 -24.600000381469727
      vertex -19 -29.935041427612305 -19
    endloop
  endfacet
  facet normal -0.19509197222051225 0 0.9807849521557267
    outer loop
      vertex -19.045076370239258 -51 -10
      vertex -19.035415649414062 -51 -9.998078346252441
      vertex -19.045076370239258 -10.09999942779541 -10
    endloop
  endfacet
  facet normal 0 -1 0
    outer loop
      vertex -19.045076370239258 -51 -10
      vertex -14.607542991638184 -51 -20
      vertex -19.035415649414062 -51 -9.998078346252441
    endloop
  endfacet
  facet normal -0.19509197222051225 0 0.9807849521557267
    outer loop
      vertex -19.045076370239258 -10.09999942779541 -10
      vertex -19.035415649414062 -51 -9.998078346252441
      vertex -19.035415649414062 -10.09999942779541 -9.998078346252441
    endloop
  endfacet
  facet normal 0 1 0
    outer loop
      vertex -19.045076370239258 -10.09999942779541 -10
      vertex -19.035415649414062 -10.09999942779541 -9.998078346252441
      vertex -14.607542991638184 -10.09999942779541 -20
    endloop
  endfacet
  facet normal -0.3827167119462181 0 0.9238657469551925
    outer loop
      vertex -19.035415649414062 -51 -9.998078346252441
      vertex -19.026317596435547 -51 -9.994309425354004
      vertex -19.035415649414062 -10.09999942779541 -9.998078346252441
    endloop
  endfacet
  facet normal 0 -1 0
    outer loop
      vertex -19.035415649414062 -51 -9.998078346252441
      vertex -14.607542991638184 -51 -20
      vertex -19.026317596435547 -51 -9.994309425354004
    endloop
  endfacet
  facet normal -0.3827167119462181 0 0.9238657469551925
    outer loop
      vertex -19.035415649414062 -10.09999942779541 -9.998078346252441
      vertex -19.026317596435547 -51 -9.994309425354004
      vertex -19.026317596435547 -10.09999942779541 -9.994309425354004
    endloop
  endfacet
  facet normal 0 1 0
    outer loop
      vertex -19.035415649414062 -10.09999942779541 -9.998078346252441
      vertex -19.026317596435547 -10.09999942779541 -9.994309425354004
      vertex -14.607542991638184 -10.09999942779541 -20
    endloop
  endfacet
  facet normal -0.5555489379100005 0 0.8314838408454313
    outer loop
      vertex -19.026317596435547 -51 -9.994309425354004
      vertex -19.01812744140625 -51 -9.988837242126465
      vertex -19.026317596435547 -10.09999942779541 -9.994309425354004
    endloop
  endfacet
  facet normal 0 -1 0
    outer loop
      vertex -19.026317596435547 -51 -9.994309425354004
      vertex -14.607542991638184 -51 -20
      vertex -19.01812744140625 -51 -9.988837242126465
    endloop
  endfacet
  facet normal -0.5555489379100005 0 0.8314838408454313
    outer loop
      vertex -19.026317596435547 -10.09999942779541 -9.994309425354004
      vertex -19.01812744140625 -51 -9.988837242126465
      vertex -19.01812744140625 -10.09999942779541 -9.988837242126465
    endloop
  endfacet
  facet normal 0 1 0
    outer loop
      vertex -19.026317596435547 -10.09999942779541 -9.994309425354004
      vertex -19.01812744140625 -10.09999942779541 -9.988837242126465
      vertex -14.607542991638184 -10.09999942779541 -20
    endloop
  endfacet
  facet normal -0.7070583707679872 0 0.7071551882910282
    outer loop
      vertex -19.01812744140625 -51 -9.988837242126465
      vertex -19.01116180419922 -51 -9.98187255859375
      vertex -19.01812744140625 -10.09999942779541 -9.988837242126465
    endloop
  endfacet
  facet normal 0 -1 0
    outer loop
      vertex -19.01812744140625 -51 -9.988837242126465
      vertex -14.607542991638184 -51 -20
      vertex -19.01116180419922 -51 -9.98187255859375
    endloop
  endfacet
  facet normal -0.7070583707679872 0 0.7071551882910282
    outer loop
      vertex -19.01812744140625 -10.09999942779541 -9.988837242126465
      vertex -19.01116180419922 -51 -9.98187255859375
      vertex -19.01116180419922 -10.09999942779541 -9.98187255859375
    endloop
  endfacet
  facet normal 0 1 0
    outer loop
      vertex -19.01812744140625 -10.09999942779541 -9.988837242126465
      vertex -19.01116180419922 -10.09999942779541 -9.98187255859375
      vertex -14.607542991638184 -10.09999942779541 -20
    endloop
  endfacet
  facet normal -0.8315434129306192 0 0.5554597666903496
    outer loop
      vertex -19.01116180419922 -51 -9.98187255859375
      vertex -19.005691528320312 -51 -9.97368335723877
      vertex -19.005691528320312 -10.09999942779541 -9.97368335723877
    endloop
  endfacet
  facet normal -0.8315434129306192 0 0.5554597666903496
    outer loop
      vertex -19.01116180419922 -51 -9.98187255859375
      vertex -19.005691528320312 -10.09999942779541 -9.97368335723877
      vertex -19.01116180419922 -10.09999942779541 -9.98187255859375
    endloop
  endfacet
  facet normal 0 -1 0
    outer loop
      vertex -19.01116180419922 -51 -9.98187255859375
      vertex -14.607542991638184 -51 -20
      vertex -19.005691528320312 -51 -9.97368335723877
    endloop
  endfacet
  facet normal 0 1 0
    outer loop
      vertex -19.01116180419922 -10.09999942779541 -9.98187255859375
      vertex -19.005691528320312 -10.09999942779541 -9.97368335723877
      vertex -14.607542991638184 -10.09999942779541 -20
    endloop
  endfacet
  facet normal -0.9238799295946889 0 0.38268247371954833
    outer loop
      vertex -19.005691528320312 -51 -9.97368335723877
      vertex -19.001922607421875 -51 -9.964584350585938
      vertex -19.001922607421875 -10.09999942779541 -9.964584350585938
    endloop
  endfacet
  facet normal -0.9238799295946889 0 0.38268247371954833
    outer loop
      vertex -19.005691528320312 -51 -9.97368335723877
      vertex -19.001922607421875 -10.09999942779541 -9.964584350585938
      vertex -19.005691528320312 -10.09999942779541 -9.97368335723877
    endloop
  endfacet
  facet normal 0 -1 0
    outer loop
      vertex -19.005691528320312 -51 -9.97368335723877
      vertex -14.607542991638184 -51 -20
      vertex -19.001922607421875 -51 -9.964584350585938
    endloop
  endfacet
  facet normal 0 1 0
    outer loop
      vertex -19.005691528320312 -10.09999942779541 -9.97368335723877
      vertex -19.001922607421875 -10.09999942779541 -9.964584350585938
      vertex -14.607542991638184 -10.09999942779541 -20
    endloop
  endfacet
  facet normal -0.9807664222595494 0 0.195185104370706
    outer loop
      vertex -19.001922607421875 -51 -9.964584350585938
      vertex -19 -51 -9.954923629760742
      vertex -19 -10.09999942779541 -9.954923629760742
    endloop
  endfacet
  facet normal -0.9807664222595494 0 0.195185104370706
    outer loop
      vertex -19.001922607421875 -51 -9.964584350585938
      vertex -19 -10.09999942779541 -9.954923629760742
      vertex -19.001922607421875 -10.09999942779541 -9.964584350585938
    endloop
  endfacet
  facet normal 0 -1 0
    outer loop
      vertex -19.001922607421875 -51 -9.964584350585938
      vertex -14.607542991638184 -51 -20
      vertex -19 -51 -9.954923629760742
    endloop
  endfacet
  facet normal 0 1 0
    outer loop
      vertex -19.001922607421875 -10.09999942779541 -9.964584350585938
      vertex -19 -10.09999942779541 -9.954923629760742
      vertex -14.607542991638184 -10.09999942779541 -20
    endloop
  endfacet
  facet normal -1 0 0
    outer loop
      vertex -19 -51 -9.954923629760742
      vertex -19 -51 10
      vertex -19 -10.09999942779541 10
    endloop
  endfacet
  facet normal -1 0 0
    outer loop
      vertex -19 -51 -9.954923629760742
      vertex -19 -10.09999942779541 10
      vertex -19 -10.09999942779541 -9.954923629760742
    endloop
  endfacet
  facet normal 0 -1 0
    outer loop
      vertex -19 -51 -9.954923629760742
      vertex -14.607542991638184 -51 -20
      vertex -14.607542991638184 -51 10
    endloop
  endfacet
  facet normal 0 -1 0
    outer loop
      vertex -19 -51 -9.954923629760742
      vertex -14.607542991638184 -51 10
      vertex -19 -51 10
    endloop
  endfacet
  facet normal 0 0 1
    outer loop
      vertex -19 -51 10
      vertex -16.649999618530273 -46.16250991821289 10
      vertex -16.649999618530273 -45.83749008178711 10
    endloop
  endfacet
  facet normal 0 0 1
    outer loop
      vertex -19 -51 10
      vertex -16.649999618530273 -45.83749008178711 10
      vertex -16.586589813232422 -45.518714904785156 10
    endloop
  endfacet
  facet normal 0 0 1
    outer loop
      vertex -19 -51 10
      vertex -16.586589813232422 -46.481285095214844 10
      vertex -16.649999618530273 -46.16250991821289 10
    endloop
  endfacet
  facet normal 0 0 1
    outer loop
      vertex -19 -51 10
      vertex -16.586589813232422 -45.518714904785156 10
      vertex -19 -10.09999942779541 10
    endloop
  endfacet
  facet normal 0 0 1
    outer loop
      vertex -19 -51 10
      vertex -16.46221160888672 -46.78156661987305 10
      vertex -16.586589813232422 -46.481285095214844 10
    endloop
  endfacet
  facet normal 0 0 1
    outer loop
      vertex -19 -51 10
      vertex -16.281639099121094 -47.05181121826172 10
      vertex -16.46221160888672 -46.78156661987305 10
    endloop
  endfacet
  facet normal 0 0 1
    outer loop
      vertex -19 -51 10
      vertex -16.05181312561035 -47.281639099121094 10
      vertex -16.281639099121094 -47.05181121826172 10
    endloop
  endfacet
  facet normal 0 0 1
    outer loop
      vertex -19 -51 10
      vertex -15.781567573547363 -47.46221160888672 10
      vertex -16.05181312561035 -47.281639099121094 10
    endloop
  endfacet
  facet normal 0 0 1
    outer loop
      vertex -19 -51 10
      vertex -14.607542991638184 -51 10
      vertex -15.781567573547363 -47.46221160888672 10
    endloop
  endfacet
  facet normal -1 0 0
    outer loop
      vertex -19 -31.064958572387695 -24.600000381469727
      vertex -19 -31.064958572387695 -19
      vertex -19 -29.935041427612305 -19
    endloop
  endfacet
  facet normal -0.7071067811865476 0 -0.7071067811865476
    outer loop
      vertex -19 -31.064958572387695 -24.600000381469727
      vertex -19 -29.935041427612305 -24.600000381469727
      vertex -18.600000381469727 -29.915390014648438 -25
    endloop
  endfacet
  facet normal -1 0 0
    outer loop
      vertex -19 -31.064958572387695 -24.600000381469727
      vertex -19 -29.935041427612305 -19
      vertex -19 -29.935041427612305 -24.600000381469727
    endloop
  endfacet
  facet normal -0.7037018320533408 0.06930826773103614 -0.7071068487780999
    outer loop
      vertex -19 -31.064958572387695 -24.600000381469727
      vertex -18.600000381469727 -31.084609985351562 -25
      vertex -18.714603424072266 -32.248199462890625 -25
    endloop
  endfacet
  facet normal -0.7071067811865476 0 -0.7071067811865476
    outer loop
      vertex -19 -31.064958572387695 -24.600000381469727
      vertex -18.600000381469727 -29.915390014648438 -25
      vertex -18.600000381469727 -31.084609985351562 -25
    endloop
  endfacet
  facet normal -0.703701823735008 -0.06930838052162175 -0.7071068460010084
    outer loop
      vertex -19 -29.935041427612305 -24.600000381469727
      vertex -18.714603424072266 -28.751802444458008 -25
      vertex -18.600000381469727 -29.915390014648438 -25
    endloop
  endfacet
  facet normal 0 1 0
    outer loop
      vertex -19 -10.09999942779541 -9.954923629760742
      vertex -19 -10.09999942779541 10
      vertex -14.607542991638184 -10.09999942779541 10
    endloop
  endfacet
  facet normal 0 1 0
    outer loop
      vertex -19 -10.09999942779541 -9.954923629760742
      vertex -14.607542991638184 -10.09999942779541 10
      vertex -14.607542991638184 -10.09999942779541 -20
    endloop
  endfacet
  facet normal 0 0 1
    outer loop
      vertex -19 -10.09999942779541 10
      vertex -16.649999618530273 -15.16250991821289 10
      vertex -16.649999618530273 -14.83749008178711 10
    endloop
  endfacet
  facet normal 0 0 1
    outer loop
      vertex -19 -10.09999942779541 10
      vertex -16.649999618530273 -14.83749008178711 10
      vertex -16.586589813232422 -14.518712997436523 10
    endloop
  endfacet
  facet normal 0 0 1
    outer loop
      vertex -19 -10.09999942779541 10
      vertex -16.586589813232422 -45.518714904785156 10
      vertex -16.586589813232422 -15.481287002563477 10
    endloop
  endfacet
  facet normal 0 0 1
    outer loop
      vertex -19 -10.09999942779541 10
      vertex -16.586589813232422 -15.481287002563477 10
      vertex -16.649999618530273 -15.16250991821289 10
    endloop
  endfacet
  facet normal 0 0 1
    outer loop
      vertex -19 -10.09999942779541 10
      vertex -16.586589813232422 -14.518712997436523 10
      vertex -16.46221160888672 -14.218432426452637 10
    endloop
  endfacet
  facet normal 0 0 1
    outer loop
      vertex -19 -10.09999942779541 10
      vertex -16.46221160888672 -14.218432426452637 10
      vertex -16.281639099121094 -13.948186874389648 10
    endloop
  endfacet
  facet normal 0 0 1
    outer loop
      vertex -19 -10.09999942779541 10
      vertex -16.281639099121094 -13.948186874389648 10
      vertex -16.05181312561035 -13.718361854553223 10
    endloop
  endfacet
  facet normal 0 0 1
    outer loop
      vertex -19 -10.09999942779541 10
      vertex -16.05181312561035 -13.718361854553223 10
      vertex -15.781567573547363 -13.537789344787598 10
    endloop
  endfacet
  facet normal 0 0 1
    outer loop
      vertex -19 -10.09999942779541 10
      vertex -15.781567573547363 -13.537789344787598 10
      vertex -14.607542991638184 -10.09999942779541 10
    endloop
  endfacet
  facet normal -0.7071037553087961 0.7071098070513506 0
    outer loop
      vertex -18.980060577392578 -1.2428007125854492 -25
      vertex -18.980060577392578 -1.2428007125854492 -20
      vertex -18.757198333740234 -1.0199403762817383 -25
    endloop
  endfacet
  facet normal 0 0 -1
    outer loop
      vertex -18.980060577392578 -1.2428007125854492 -25
      vertex -18.757198333740234 -1.0199403762817383 -25
      vertex -18 -14.7045259475708 -25
    endloop
  endfacet
  facet normal -0.7071037553087961 0.7071098070513506 0
    outer loop
      vertex -18.980060577392578 -1.2428007125854492 -20
      vertex -18.757198333740234 -1.0199403762817383 -20
      vertex -18.757198333740234 -1.0199403762817383 -25
    endloop
  endfacet
  facet normal 0 0 1
    outer loop
      vertex -18.980060577392578 -1.2428007125854492 -20
      vertex -14.607542991638184 -10.09999942779541 -20
      vertex -18.757198333740234 -1.0199403762817383 -20
    endloop
  endfacet
  facet normal -0.7071037553087961 -0.7071098070513506 0
    outer loop
      vertex -18.980060577392578 1.2428007125854492 -25
      vertex -18.757198333740234 1.0199403762817383 -25
      vertex -18.757198333740234 1.0199403762817383 -20
    endloop
  endfacet
  facet normal -0.7071037553087961 -0.7071098070513506 0
    outer loop
      vertex -18.980060577392578 1.2428007125854492 -25
      vertex -18.757198333740234 1.0199403762817383 -20
      vertex -18.980060577392578 1.2428007125854492 -20
    endloop
  endfacet
  facet normal 0 0 -1
    outer loop
      vertex -18.980060577392578 1.2428007125854492 -25
      vertex -15.30754280090332 9.699999809265137 -25
      vertex -14.341553688049316 9.507852554321289 -25
    endloop
  endfacet
  facet normal 0 0 -1
    outer loop
      vertex -18.980060577392578 1.2428007125854492 -25
      vertex -14.341553688049316 9.507852554321289 -25
      vertex -13.431611061096191 9.130942344665527 -25
    endloop
  endfacet
  facet normal 0 0 -1
    outer loop
      vertex -18.980060577392578 1.2428007125854492 -25
      vertex -13.431611061096191 9.130942344665527 -25
      vertex -12.612685203552246 8.58375358581543 -25
    endloop
  endfacet
  facet normal 0 0 -1
    outer loop
      vertex -18.980060577392578 1.2428007125854492 -25
      vertex -12.612685203552246 8.58375358581543 -25
      vertex -11.916245460510254 7.8873138427734375 -25
    endloop
  endfacet
  facet normal 0 0 -1
    outer loop
      vertex -18.980060577392578 1.2428007125854492 -25
      vertex -11.916245460510254 7.8873138427734375 -25
      vertex -11.369056701660156 7.068387985229492 -25
    endloop
  endfacet
  facet normal 0 0 -1
    outer loop
      vertex -18.980060577392578 1.2428007125854492 -25
      vertex -11.369056701660156 7.068387985229492 -25
      vertex -10.992146492004395 6.158445358276367 -25
    endloop
  endfacet
  facet normal 0 0 -1
    outer loop
      vertex -18.980060577392578 1.2428007125854492 -25
      vertex -10.992146492004395 6.158445358276367 -25
      vertex -10.799999237060547 5.192456245422363 -25
    endloop
  endfacet
  facet normal 0 0 -1
    outer loop
      vertex -18.980060577392578 1.2428007125854492 -25
      vertex -10.799999237060547 5.192456245422363 -25
      vertex -18.757198333740234 1.0199403762817383 -25
    endloop
  endfacet
  facet normal 0 0 1
    outer loop
      vertex -18.980060577392578 1.2428007125854492 -20
      vertex -18.757198333740234 1.0199403762817383 -20
      vertex -10.5 5.492456436157227 -20
    endloop
  endfacet
  facet normal 0 0 1
    outer loop
      vertex -18.980060577392578 1.2428007125854492 -20
      vertex -10.5 5.492456436157227 -20
      vertex -15.007542610168457 10 -20
    endloop
  endfacet
  facet normal 0 0 -1
    outer loop
      vertex -18.942707061767578 -33.39495086669922 -25
      vertex -18.714603424072266 -32.248199462890625 -25
      vertex -13.578968048095703 -43.341434478759766 -25
    endloop
  endfacet
  facet normal 0 0 -1
    outer loop
      vertex -18.942707061767578 -33.39495086669922 -25
      vertex -13.578968048095703 -43.341434478759766 -25
      vertex -14.124932289123535 -43.11528778076172 -25
    endloop
  endfacet
  facet normal 0 0 -1
    outer loop
      vertex -18.942707061767578 -27.60504913330078 -25
      vertex -14.124932289123535 -17.88471221923828 -25
      vertex -13.578968048095703 -17.658565521240234 -25
    endloop
  endfacet
  facet normal 0 0 -1
    outer loop
      vertex -18.942707061767578 -27.60504913330078 -25
      vertex -13.578968048095703 -17.658565521240234 -25
      vertex -18.714603424072266 -28.751802444458008 -25
    endloop
  endfacet
  facet normal -0.8314725968284974 0.5555657663348913 0
    outer loop
      vertex -18.757198333740234 -1.0199403762817383 -25
      vertex -18.757198333740234 -1.0199403762817383 -20
      vertex -18.58209991455078 -0.7578840255737305 -20
    endloop
  endfacet
  facet normal 0 0 -1
    outer loop
      vertex -18.757198333740234 -1.0199403762817383 -25
      vertex -18.58209991455078 -0.7578840255737305 -25
      vertex -18 -14.7045259475708 -25
    endloop
  endfacet
  facet normal -0.8314725968284974 0.5555657663348913 0
    outer loop
      vertex -18.757198333740234 -1.0199403762817383 -25
      vertex -18.58209991455078 -0.7578840255737305 -20
      vertex -18.58209991455078 -0.7578840255737305 -25
    endloop
  endfacet
  facet normal 0 0 1
    outer loop
      vertex -18.757198333740234 -1.0199403762817383 -20
      vertex -14.607542991638184 -10.09999942779541 -20
      vertex -18.58209991455078 -0.7578840255737305 -20
    endloop
  endfacet
  facet normal -0.8314725968284974 -0.5555657663348913 0
    outer loop
      vertex -18.757198333740234 1.0199403762817383 -25
      vertex -18.58209991455078 0.7578840255737305 -25
      vertex -18.757198333740234 1.0199403762817383 -20
    endloop
  endfacet
  facet normal 0 0 -1
    outer loop
      vertex -18.757198333740234 1.0199403762817383 -25
      vertex -10.799999237060547 5.192456245422363 -25
      vertex -18.58209991455078 0.7578840255737305 -25
    endloop
  endfacet
  facet normal -0.8314725968284974 -0.5555657663348913 0
    outer loop
      vertex -18.757198333740234 1.0199403762817383 -20
      vertex -18.58209991455078 0.7578840255737305 -25
      vertex -18.58209991455078 0.7578840255737305 -20
    endloop
  endfacet
  facet normal 0 0 1
    outer loop
      vertex -18.757198333740234 1.0199403762817383 -20
      vertex -18.58209991455078 0.7578840255737305 -20
      vertex -10.5 5.492456436157227 -20
    endloop
  endfacet
  facet normal 0 0 -1
    outer loop
      vertex -18.714603424072266 -32.248199462890625 -25
      vertex -18.600000381469727 -31.084609985351562 -25
      vertex -1.2428007125854492 -39.98005676269531 -25
    endloop
  endfacet
  facet normal 0 0 -1
    outer loop
      vertex -18.714603424072266 -32.248199462890625 -25
      vertex -1.2428007125854492 -39.98005676269531 -25
      vertex -13.578968048095703 -43.341434478759766 -25
    endloop
  endfacet
  facet normal 0 0 -1
    outer loop
      vertex -18.714603424072266 -28.751802444458008 -25
      vertex -13.578968048095703 -17.658565521240234 -25
      vertex -1.2428007125854492 -21.019941329956055 -25
    endloop
  endfacet
  facet normal 0 0 -1
    outer loop
      vertex -18.714603424072266 -28.751802444458008 -25
      vertex -1.2428007125854492 -21.019941329956055 -25
      vertex -18.600000381469727 -29.915390014648438 -25
    endloop
  endfacet
  facet normal 0 0 -1
    outer loop
      vertex -18.600000381469727 -31.084609985351562 -25
      vertex -18.600000381469727 -29.915390014648438 -25
      vertex -1.2428007125854492 -21.019941329956055 -25
    endloop
  endfacet
  facet normal 0 0 -1
    outer loop
      vertex -18.600000381469727 -31.084609985351562 -25
      vertex -1.2428007125854492 -21.019941329956055 -25
      vertex -1.2428007125854492 -39.98005676269531 -25
    endloop
  endfacet
  facet normal -0.9238775749067064 0.3826881584064278 0
    outer loop
      vertex -18.58209991455078 -0.7578840255737305 -25
      vertex -18.58209991455078 -0.7578840255737305 -20
      vertex -18.46148681640625 -0.4667024612426758 -20
    endloop
  endfacet
  facet normal 0 0 -1
    outer loop
      vertex -18.58209991455078 -0.7578840255737305 -25
      vertex -18.46148681640625 -0.4667024612426758 -25
      vertex -18 -14.7045259475708 -25
    endloop
  endfacet
  facet normal -0.9238775749067064 0.3826881584064278 0
    outer loop
      vertex -18.58209991455078 -0.7578840255737305 -25
      vertex -18.46148681640625 -0.4667024612426758 -20
      vertex -18.46148681640625 -0.4667024612426758 -25
    endloop
  endfacet
  facet normal 0 0 1
    outer loop
      vertex -18.58209991455078 -0.7578840255737305 -20
      vertex -14.607542991638184 -10.09999942779541 -20
      vertex -13.64155387878418 -10.292146682739258 -20
    endloop
  endfacet
  facet normal 0 0 1
    outer loop
      vertex -18.58209991455078 -0.7578840255737305 -20
      vertex -13.64155387878418 -10.292146682739258 -20
      vertex -18.46148681640625 -0.4667024612426758 -20
    endloop
  endfacet
  facet normal -0.9238775749067064 -0.3826881584064278 0
    outer loop
      vertex -18.58209991455078 0.7578840255737305 -25
      vertex -18.46148681640625 0.4667024612426758 -25
      vertex -18.58209991455078 0.7578840255737305 -20
    endloop
  endfacet
  facet normal 0 0 -1
    outer loop
      vertex -18.58209991455078 0.7578840255737305 -25
      vertex -10.799999237060547 5.192456245422363 -25
      vertex -18.46148681640625 0.4667024612426758 -25
    endloop
  endfacet
  facet normal -0.9238775749067064 -0.3826881584064278 0
    outer loop
      vertex -18.58209991455078 0.7578840255737305 -20
      vertex -18.46148681640625 0.4667024612426758 -25
      vertex -18.46148681640625 0.4667024612426758 -20
    endloop
  endfacet
  facet normal 0 0 1
    outer loop
      vertex -18.58209991455078 0.7578840255737305 -20
      vertex -18.46148681640625 0.4667024612426758 -20
      vertex -10.5 5.492456436157227 -20
    endloop
  endfacet
  facet normal -0.9807863592928809 0.19508489799319606 0
    outer loop
      vertex -18.46148681640625 -0.4667024612426758 -25
      vertex -18.46148681640625 -0.4667024612426758 -20
      vertex -18.400001525878906 -0.15758609771728516 -20
    endloop
  endfacet
  facet normal 0 0 -1
    outer loop
      vertex -18.46148681640625 -0.4667024612426758 -25
      vertex -18.400001525878906 -0.15758609771728516 -25
      vertex -18 -14.7045259475708 -25
    endloop
  endfacet
  facet normal -0.9807863592928809 0.19508489799319606 0
    outer loop
      vertex -18.46148681640625 -0.4667024612426758 -25
      vertex -18.400001525878906 -0.15758609771728516 -20
      vertex -18.400001525878906 -0.15758609771728516 -25
    endloop
  endfacet
  facet normal 0 0 1
    outer loop
      vertex -18.46148681640625 -0.4667024612426758 -20
      vertex -13.64155387878418 -10.292146682739258 -20
      vertex -10.5 -10.5 -20
    endloop
  endfacet
  facet normal 0 0 1
    outer loop
      vertex -18.46148681640625 -0.4667024612426758 -20
      vertex -10.5 -10.5 -20
      vertex -10.5 5.492456436157227 -20
    endloop
  endfacet
  facet normal 0 0 1
    outer loop
      vertex -18.46148681640625 -0.4667024612426758 -20
      vertex -10.5 5.492456436157227 -20
      vertex -18.400001525878906 -0.15758609771728516 -20
    endloop
  endfacet
  facet normal -0.9807863592928809 -0.19508489799319606 0
    outer loop
      vertex -18.46148681640625 0.4667024612426758 -25
      vertex -18.400001525878906 0.15758609771728516 -25
      vertex -18.46148681640625 0.4667024612426758 -20
    endloop
  endfacet
  facet normal 0 0 -1
    outer loop
      vertex -18.46148681640625 0.4667024612426758 -25
      vertex -10.799999237060547 5.192456245422363 -25
      vertex -18.400001525878906 0.15758609771728516 -25
    endloop
  endfacet
  facet normal -0.9807863592928809 -0.19508489799319606 0
    outer loop
      vertex -18.46148681640625 0.4667024612426758 -20
      vertex -18.400001525878906 0.15758609771728516 -25
      vertex -18.400001525878906 0.15758609771728516 -20
    endloop
  endfacet
  facet normal 0 0 1
    outer loop
      vertex -18.46148681640625 0.4667024612426758 -20
      vertex -18.400001525878906 0.15758609771728516 -20
      vertex -10.5 5.492456436157227 -20
    endloop
  endfacet
  facet normal -1 0 0
    outer loop
      vertex -18.400001525878906 -0.15758609771728516 -25
      vertex -18.400001525878906 -0.15758609771728516 -20
      vertex -18.400001525878906 0.15758609771728516 -20
    endloop
  endfacet
  facet normal 0 0 -1
    outer loop
      vertex -18.400001525878906 -0.15758609771728516 -25
      vertex -18.400001525878906 0.15758609771728516 -25
      vertex -10.799999237060547 5.192456245422363 -25
    endloop
  endfacet
  facet normal -1 0 0
    outer loop
      vertex -18.400001525878906 -0.15758609771728516 -25
      vertex -18.400001525878906 0.15758609771728516 -20
      vertex -18.400001525878906 0.15758609771728516 -25
    endloop
  endfacet
  facet normal 0 0 -1
    outer loop
      vertex -18.400001525878906 -0.15758609771728516 -25
      vertex -17.88471221923828 -14.124932289123535 -25
      vertex -18 -14.7045259475708 -25
    endloop
  endfacet
  facet normal 0 0 -1
    outer loop
      vertex -18.400001525878906 -0.15758609771728516 -25
      vertex -17.658565521240234 -13.578968048095703 -25
      vertex -17.88471221923828 -14.124932289123535 -25
    endloop
  endfacet
  facet normal 0 0 -1
    outer loop
      vertex -18.400001525878906 -0.15758609771728516 -25
      vertex -17.330251693725586 -13.08761215209961 -25
      vertex -17.658565521240234 -13.578968048095703 -25
    endloop
  endfacet
  facet normal 0 0 -1
    outer loop
      vertex -18.400001525878906 -0.15758609771728516 -25
      vertex -16.91238784790039 -12.669748306274414 -25
      vertex -17.330251693725586 -13.08761215209961 -25
    endloop
  endfacet
  facet normal 0 0 -1
    outer loop
      vertex -18.400001525878906 -0.15758609771728516 -25
      vertex -16.421031951904297 -12.341435432434082 -25
      vertex -16.91238784790039 -12.669748306274414 -25
    endloop
  endfacet
  facet normal 0 0 -1
    outer loop
      vertex -18.400001525878906 -0.15758609771728516 -25
      vertex -15.875067710876465 -12.115288734436035 -25
      vertex -16.421031951904297 -12.341435432434082 -25
    endloop
  endfacet
  facet normal 0 0 -1
    outer loop
      vertex -18.400001525878906 -0.15758609771728516 -25
      vertex -15.2954740524292 -12 -25
      vertex -15.875067710876465 -12.115288734436035 -25
    endloop
  endfacet
  facet normal 0 0 -1
    outer loop
      vertex -18.400001525878906 -0.15758609771728516 -25
      vertex -14.7045259475708 -12 -25
      vertex -15.2954740524292 -12 -25
    endloop
  endfacet
  facet normal 0 0 -1
    outer loop
      vertex -18.400001525878906 -0.15758609771728516 -25
      vertex -10.799999237060547 -10.799999237060547 -25
      vertex -14.7045259475708 -12 -25
    endloop
  endfacet
  facet normal 0 0 -1
    outer loop
      vertex -18.400001525878906 -0.15758609771728516 -25
      vertex -10.799999237060547 5.192456245422363 -25
      vertex -10.799999237060547 -10.799999237060547 -25
    endloop
  endfacet
  facet normal 0 0 1
    outer loop
      vertex -18.400001525878906 -0.15758609771728516 -20
      vertex -10.5 5.492456436157227 -20
      vertex -18.400001525878906 0.15758609771728516 -20
    endloop
  endfacet
  facet normal 0.9807854636530015 0.19508940075505646 0
    outer loop
      vertex -18 -46.295475006103516 -25
      vertex -18 -46.295475006103516 6
      vertex -17.88471221923828 -46.87506866455078 6
    endloop
  endfacet
  facet normal 1 0 0
    outer loop
      vertex -18 -46.295475006103516 -25
      vertex -18 -45.704524993896484 -25
      vertex -18 -46.295475006103516 6
    endloop
  endfacet
  facet normal 0.9807854636530015 0.19508940075505646 0
    outer loop
      vertex -18 -46.295475006103516 -25
      vertex -17.88471221923828 -46.87506866455078 6
      vertex -17.88471221923828 -46.87506866455078 -25
    endloop
  endfacet
  facet normal 1 0 0
    outer loop
      vertex -18 -46.295475006103516 6
      vertex -18 -45.704524993896484 -25
      vertex -18 -45.704524993896484 6
    endloop
  endfacet
  facet normal 0 0 -1
    outer loop
      vertex -18 -46.295475006103516 6
      vertex -18 -45.704524993896484 6
      vertex -16.649999618530273 -45.83749008178711 6
    endloop
  endfacet
  facet normal 0 0 -1
    outer loop
      vertex -18 -46.295475006103516 6
      vertex -16.649999618530273 -46.16250991821289 6
      vertex -17.88471221923828 -46.87506866455078 6
    endloop
  endfacet
  facet normal 0 0 -1
    outer loop
      vertex -18 -46.295475006103516 6
      vertex -16.649999618530273 -45.83749008178711 6
      vertex -16.649999618530273 -46.16250991821289 6
    endloop
  endfacet
  facet normal 0.9807854636530015 -0.19508940075505646 0
    outer loop
      vertex -18 -45.704524993896484 -25
      vertex -17.88471221923828 -45.12493133544922 -25
      vertex -18 -45.704524993896484 6
    endloop
  endfacet
  facet normal 0.9807854636530015 -0.19508940075505646 0
    outer loop
      vertex -18 -45.704524993896484 6
      vertex -17.88471221923828 -45.12493133544922 -25
      vertex -17.88471221923828 -45.12493133544922 6
    endloop
  endfacet
  facet normal 0 0 -1
    outer loop
      vertex -18 -45.704524993896484 6
      vertex -17.88471221923828 -45.12493133544922 6
      vertex -16.649999618530273 -45.83749008178711 6
    endloop
  endfacet
  facet normal 0.9807854636530015 0.19508940075505646 0
    outer loop
      vertex -18 -15.2954740524292 -25
      vertex -18 -15.2954740524292 6
      vertex -17.88471221923828 -15.875067710876465 6
    endloop
  endfacet
  facet normal 1 0 0
    outer loop
      vertex -18 -15.2954740524292 -25
      vertex -18 -14.7045259475708 -25
      vertex -18 -15.2954740524292 6
    endloop
  endfacet
  facet normal 0.9807854636530015 0.19508940075505646 0
    outer loop
      vertex -18 -15.2954740524292 -25
      vertex -17.88471221923828 -15.875067710876465 6
      vertex -17.88471221923828 -15.875067710876465 -25
    endloop
  endfacet
  facet normal 1 0 0
    outer loop
      vertex -18 -15.2954740524292 6
      vertex -18 -14.7045259475708 -25
      vertex -18 -14.7045259475708 6
    endloop
  endfacet
  facet normal 0 0 -1
    outer loop
      vertex -18 -15.2954740524292 6
      vertex -18 -14.7045259475708 6
      vertex -16.649999618530273 -14.83749008178711 6
    endloop
  endfacet
  facet normal 0 0 -1
    outer loop
      vertex -18 -15.2954740524292 6
      vertex -16.649999618530273 -15.16250991821289 6
      vertex -17.88471221923828 -15.875067710876465 6
    endloop
  endfacet
  facet normal 0 0 -1
    outer loop
      vertex -18 -15.2954740524292 6
      vertex -16.649999618530273 -14.83749008178711 6
      vertex -16.649999618530273 -15.16250991821289 6
    endloop
  endfacet
  facet normal 0.9807854636530015 -0.19508940075505646 0
    outer loop
      vertex -18 -14.7045259475708 -25
      vertex -17.88471221923828 -14.124932289123535 -25
      vertex -18 -14.7045259475708 6
    endloop
  endfacet
  facet normal 0.9807854636530015 -0.19508940075505646 0
    outer loop
      vertex -18 -14.7045259475708 6
      vertex -17.88471221923828 -14.124932289123535 -25
      vertex -17.88471221923828 -14.124932289123535 6
    endloop
  endfacet
  facet normal 0 0 -1
    outer loop
      vertex -18 -14.7045259475708 6
      vertex -17.88471221923828 -14.124932289123535 6
      vertex -16.649999618530273 -14.83749008178711 6
    endloop
  endfacet
  facet normal 0.9238787548503221 0.3826853097993421 0
    outer loop
      vertex -17.88471221923828 -46.87506866455078 -25
      vertex -17.88471221923828 -46.87506866455078 6
      vertex -17.658565521240234 -47.4210319519043 6
    endloop
  endfacet
  facet normal 0.9238787548503221 0.3826853097993421 0
    outer loop
      vertex -17.88471221923828 -46.87506866455078 -25
      vertex -17.658565521240234 -47.4210319519043 6
      vertex -17.658565521240234 -47.4210319519043 -25
    endloop
  endfacet
  facet normal 0 0 -1
    outer loop
      vertex -17.88471221923828 -46.87506866455078 6
      vertex -16.649999618530273 -46.16250991821289 6
      vertex -16.586589813232422 -46.481285095214844 6
    endloop
  endfacet
  facet normal 0 0 -1
    outer loop
      vertex -17.88471221923828 -46.87506866455078 6
      vertex -16.586589813232422 -46.481285095214844 6
      vertex -17.658565521240234 -47.4210319519043 6
    endloop
  endfacet
  facet normal 0.9238787548503221 -0.3826853097993421 0
    outer loop
      vertex -17.88471221923828 -45.12493133544922 -25
      vertex -17.658565521240234 -44.5789680480957 -25
      vertex -17.88471221923828 -45.12493133544922 6
    endloop
  endfacet
  facet normal 0.9238787548503221 -0.3826853097993421 0
    outer loop
      vertex -17.88471221923828 -45.12493133544922 6
      vertex -17.658565521240234 -44.5789680480957 -25
      vertex -17.658565521240234 -44.5789680480957 6
    endloop
  endfacet
  facet normal 0 0 -1
    outer loop
      vertex -17.88471221923828 -45.12493133544922 6
      vertex -17.658565521240234 -44.5789680480957 6
      vertex -16.586589813232422 -45.518714904785156 6
    endloop
  endfacet
  facet normal 0 0 -1
    outer loop
      vertex -17.88471221923828 -45.12493133544922 6
      vertex -16.586589813232422 -45.518714904785156 6
      vertex -16.649999618530273 -45.83749008178711 6
    endloop
  endfacet
  facet normal 0.9238789911886933 0.38268473923082214 0
    outer loop
      vertex -17.88471221923828 -15.875067710876465 -25
      vertex -17.88471221923828 -15.875067710876465 6
      vertex -17.658565521240234 -16.421031951904297 6
    endloop
  endfacet
  facet normal 0.9238789911886933 0.38268473923082214 0
    outer loop
      vertex -17.88471221923828 -15.875067710876465 -25
      vertex -17.658565521240234 -16.421031951904297 6
      vertex -17.658565521240234 -16.421031951904297 -25
    endloop
  endfacet
  facet normal 0 0 -1
    outer loop
      vertex -17.88471221923828 -15.875067710876465 6
      vertex -16.649999618530273 -15.16250991821289 6
      vertex -16.586589813232422 -15.481287002563477 6
    endloop
  endfacet
  facet normal 0 0 -1
    outer loop
      vertex -17.88471221923828 -15.875067710876465 6
      vertex -16.586589813232422 -15.481287002563477 6
      vertex -17.658565521240234 -16.421031951904297 6
    endloop
  endfacet
  facet normal 0.9238789911886933 -0.38268473923082214 0
    outer loop
      vertex -17.88471221923828 -14.124932289123535 -25
      vertex -17.658565521240234 -13.578968048095703 -25
      vertex -17.88471221923828 -14.124932289123535 6
    endloop
  endfacet
  facet normal 0.9238789911886933 -0.38268473923082214 0
    outer loop
      vertex -17.88471221923828 -14.124932289123535 6
      vertex -17.658565521240234 -13.578968048095703 -25
      vertex -17.658565521240234 -13.578968048095703 6
    endloop
  endfacet
  facet normal 0 0 -1
    outer loop
      vertex -17.88471221923828 -14.124932289123535 6
      vertex -17.658565521240234 -13.578968048095703 6
      vertex -16.586589813232422 -14.518712997436523 6
    endloop
  endfacet
  facet normal 0 0 -1
    outer loop
      vertex -17.88471221923828 -14.124932289123535 6
      vertex -16.586589813232422 -14.518712997436523 6
      vertex -16.649999618530273 -14.83749008178711 6
    endloop
  endfacet
  facet normal 0.831469366699378 0.5555706005905418 0
    outer loop
      vertex -17.658565521240234 -47.4210319519043 -25
      vertex -17.658565521240234 -47.4210319519043 6
      vertex -17.330251693725586 -47.91238784790039 6
    endloop
  endfacet
  facet normal 0.831469366699378 0.5555706005905418 0
    outer loop
      vertex -17.658565521240234 -47.4210319519043 -25
      vertex -17.330251693725586 -47.91238784790039 6
      vertex -17.330251693725586 -47.91238784790039 -25
    endloop
  endfacet
  facet normal 0 0 -1
    outer loop
      vertex -17.658565521240234 -47.4210319519043 6
      vertex -16.586589813232422 -46.481285095214844 6
      vertex -16.46221160888672 -46.78156661987305 6
    endloop
  endfacet
  facet normal 0 0 -1
    outer loop
      vertex -17.658565521240234 -47.4210319519043 6
      vertex -16.46221160888672 -46.78156661987305 6
      vertex -17.330251693725586 -47.91238784790039 6
    endloop
  endfacet
  facet normal 0.831469366699378 -0.5555706005905418 0
    outer loop
      vertex -17.658565521240234 -44.5789680480957 -25
      vertex -17.330251693725586 -44.08761215209961 -25
      vertex -17.658565521240234 -44.5789680480957 6
    endloop
  endfacet
  facet normal 0.831469366699378 -0.5555706005905418 0
    outer loop
      vertex -17.658565521240234 -44.5789680480957 6
      vertex -17.330251693725586 -44.08761215209961 -25
      vertex -17.330251693725586 -44.08761215209961 6
    endloop
  endfacet
  facet normal 0 0 -1
    outer loop
      vertex -17.658565521240234 -44.5789680480957 6
      vertex -17.330251693725586 -44.08761215209961 6
      vertex -16.46221160888672 -45.21843338012695 6
    endloop
  endfacet
  facet normal 0 0 -1
    outer loop
      vertex -17.658565521240234 -44.5789680480957 6
      vertex -16.46221160888672 -45.21843338012695 6
      vertex -16.586589813232422 -45.518714904785156 6
    endloop
  endfacet
  facet normal 0.831469366699378 0.5555706005905418 0
    outer loop
      vertex -17.658565521240234 -16.421031951904297 -25
      vertex -17.658565521240234 -16.421031951904297 6
      vertex -17.330251693725586 -16.91238784790039 6
    endloop
  endfacet
  facet normal 0.831469366699378 0.5555706005905418 0
    outer loop
      vertex -17.658565521240234 -16.421031951904297 -25
      vertex -17.330251693725586 -16.91238784790039 6
      vertex -17.330251693725586 -16.91238784790039 -25
    endloop
  endfacet
  facet normal 0 0 -1
    outer loop
      vertex -17.658565521240234 -16.421031951904297 6
      vertex -16.586589813232422 -15.481287002563477 6
      vertex -16.46221160888672 -15.781567573547363 6
    endloop
  endfacet
  facet normal 0 0 -1
    outer loop
      vertex -17.658565521240234 -16.421031951904297 6
      vertex -16.46221160888672 -15.781567573547363 6
      vertex -17.330251693725586 -16.91238784790039 6
    endloop
  endfacet
  facet normal 0.831469366699378 -0.5555706005905418 0
    outer loop
      vertex -17.658565521240234 -13.578968048095703 -25
      vertex -17.330251693725586 -13.08761215209961 -25
      vertex -17.658565521240234 -13.578968048095703 6
    endloop
  endfacet
  facet normal 0.831469366699378 -0.5555706005905418 0
    outer loop
      vertex -17.658565521240234 -13.578968048095703 6
      vertex -17.330251693725586 -13.08761215209961 -25
      vertex -17.330251693725586 -13.08761215209961 6
    endloop
  endfacet
  facet normal 0 0 -1
    outer loop
      vertex -17.658565521240234 -13.578968048095703 6
      vertex -17.330251693725586 -13.08761215209961 6
      vertex -16.46221160888672 -14.218432426452637 6
    endloop
  endfacet
  facet normal 0 0 -1
    outer loop
      vertex -17.658565521240234 -13.578968048095703 6
      vertex -16.46221160888672 -14.218432426452637 6
      vertex -16.586589813232422 -14.518712997436523 6
    endloop
  endfacet
  facet normal 0.7071083949831809 0.707105167386231 0
    outer loop
      vertex -17.330251693725586 -47.91238784790039 -25
      vertex -17.330251693725586 -47.91238784790039 6
      vertex -16.91238784790039 -48.33025360107422 6
    endloop
  endfacet
  facet normal 0.7071083949831809 0.707105167386231 0
    outer loop
      vertex -17.330251693725586 -47.91238784790039 -25
      vertex -16.91238784790039 -48.33025360107422 6
      vertex -16.91238784790039 -48.33025360107422 -25
    endloop
  endfacet
  facet normal 0 0 -1
    outer loop
      vertex -17.330251693725586 -47.91238784790039 6
      vertex -16.46221160888672 -46.78156661987305 6
      vertex -16.281639099121094 -47.05181121826172 6
    endloop
  endfacet
  facet normal 0 0 -1
    outer loop
      vertex -17.330251693725586 -47.91238784790039 6
      vertex -16.281639099121094 -47.05181121826172 6
      vertex -16.91238784790039 -48.33025360107422 6
    endloop
  endfacet
  facet normal 0.7071083949831809 -0.707105167386231 0
    outer loop
      vertex -17.330251693725586 -44.08761215209961 -25
      vertex -16.91238784790039 -43.66974639892578 -25
      vertex -17.330251693725586 -44.08761215209961 6
    endloop
  endfacet
  facet normal 0.7071083949831809 -0.707105167386231 0
    outer loop
      vertex -17.330251693725586 -44.08761215209961 6
      vertex -16.91238784790039 -43.66974639892578 -25
      vertex -16.91238784790039 -43.66974639892578 6
    endloop
  endfacet
  facet normal 0 0 -1
    outer loop
      vertex -17.330251693725586 -44.08761215209961 6
      vertex -16.91238784790039 -43.66974639892578 6
      vertex -16.281639099121094 -44.94818878173828 6
    endloop
  endfacet
  facet normal 0 0 -1
    outer loop
      vertex -17.330251693725586 -44.08761215209961 6
      vertex -16.281639099121094 -44.94818878173828 6
      vertex -16.46221160888672 -45.21843338012695 6
    endloop
  endfacet
  facet normal 0.7071067811865476 0.7071067811865476 0
    outer loop
      vertex -17.330251693725586 -16.91238784790039 -25
      vertex -17.330251693725586 -16.91238784790039 6
      vertex -16.91238784790039 -17.330251693725586 6
    endloop
  endfacet
  facet normal 0.7071067811865476 0.7071067811865476 0
    outer loop
      vertex -17.330251693725586 -16.91238784790039 -25
      vertex -16.91238784790039 -17.330251693725586 6
      vertex -16.91238784790039 -17.330251693725586 -25
    endloop
  endfacet
  facet normal 0 0 -1
    outer loop
      vertex -17.330251693725586 -16.91238784790039 6
      vertex -16.46221160888672 -15.781567573547363 6
      vertex -16.281639099121094 -16.05181312561035 6
    endloop
  endfacet
  facet normal 0 0 -1
    outer loop
      vertex -17.330251693725586 -16.91238784790039 6
      vertex -16.281639099121094 -16.05181312561035 6
      vertex -16.91238784790039 -17.330251693725586 6
    endloop
  endfacet
  facet normal 0.7071067811865476 -0.7071067811865476 0
    outer loop
      vertex -17.330251693725586 -13.08761215209961 -25
      vertex -16.91238784790039 -12.669748306274414 -25
      vertex -17.330251693725586 -13.08761215209961 6
    endloop
  endfacet
  facet normal 0.7071067811865476 -0.7071067811865476 0
    outer loop
      vertex -17.330251693725586 -13.08761215209961 6
      vertex -16.91238784790039 -12.669748306274414 -25
      vertex -16.91238784790039 -12.669748306274414 6
    endloop
  endfacet
  facet normal 0 0 -1
    outer loop
      vertex -17.330251693725586 -13.08761215209961 6
      vertex -16.91238784790039 -12.669748306274414 6
      vertex -16.281639099121094 -13.948186874389648 6
    endloop
  endfacet
  facet normal 0 0 -1
    outer loop
      vertex -17.330251693725586 -13.08761215209961 6
      vertex -16.281639099121094 -13.948186874389648 6
      vertex -16.46221160888672 -14.218432426452637 6
    endloop
  endfacet
  facet normal 0.5555683692089854 0.8314708576579628 0
    outer loop
      vertex -16.91238784790039 -48.33025360107422 -25
      vertex -16.91238784790039 -48.33025360107422 6
      vertex -16.421031951904297 -48.658565521240234 -25
    endloop
  endfacet
  facet normal 0.5555683692089854 0.8314708576579628 0
    outer loop
      vertex -16.91238784790039 -48.33025360107422 6
      vertex -16.421031951904297 -48.658565521240234 6
      vertex -16.421031951904297 -48.658565521240234 -25
    endloop
  endfacet
  facet normal 0 0 -1
    outer loop
      vertex -16.91238784790039 -48.33025360107422 6
      vertex -16.281639099121094 -47.05181121826172 6
      vertex -16.05181312561035 -47.281639099121094 6
    endloop
  endfacet
  facet normal 0 0 -1
    outer loop
      vertex -16.91238784790039 -48.33025360107422 6
      vertex -16.05181312561035 -47.281639099121094 6
      vertex -16.421031951904297 -48.658565521240234 6
    endloop
  endfacet
  facet normal 0.5555683692089854 -0.8314708576579628 0
    outer loop
      vertex -16.91238784790039 -43.66974639892578 -25
      vertex -16.421031951904297 -43.341434478759766 -25
      vertex -16.421031951904297 -43.341434478759766 6
    endloop
  endfacet
  facet normal 0.5555683692089854 -0.8314708576579628 0
    outer loop
      vertex -16.91238784790039 -43.66974639892578 -25
      vertex -16.421031951904297 -43.341434478759766 6
      vertex -16.91238784790039 -43.66974639892578 6
    endloop
  endfacet
  facet normal 0 0 -1
    outer loop
      vertex -16.91238784790039 -43.66974639892578 6
      vertex -16.421031951904297 -43.341434478759766 6
      vertex -16.05181312561035 -44.718360900878906 6
    endloop
  endfacet
  facet normal 0 0 -1
    outer loop
      vertex -16.91238784790039 -43.66974639892578 6
      vertex -16.05181312561035 -44.718360900878906 6
      vertex -16.281639099121094 -44.94818878173828 6
    endloop
  endfacet
  facet normal 0.5555706005905418 0.831469366699378 0
    outer loop
      vertex -16.91238784790039 -17.330251693725586 -25
      vertex -16.91238784790039 -17.330251693725586 6
      vertex -16.421031951904297 -17.658565521240234 -25
    endloop
  endfacet
  facet normal 0.5555706005905418 0.831469366699378 0
    outer loop
      vertex -16.91238784790039 -17.330251693725586 6
      vertex -16.421031951904297 -17.658565521240234 6
      vertex -16.421031951904297 -17.658565521240234 -25
    endloop
  endfacet
  facet normal 0 0 -1
    outer loop
      vertex -16.91238784790039 -17.330251693725586 6
      vertex -16.281639099121094 -16.05181312561035 6
      vertex -16.05181312561035 -16.281639099121094 6
    endloop
  endfacet
  facet normal 0 0 -1
    outer loop
      vertex -16.91238784790039 -17.330251693725586 6
      vertex -16.05181312561035 -16.281639099121094 6
      vertex -16.421031951904297 -17.658565521240234 6
    endloop
  endfacet
  facet normal 0.555569484901264 -0.8314701121787507 0
    outer loop
      vertex -16.91238784790039 -12.669748306274414 -25
      vertex -16.421031951904297 -12.341435432434082 -25
      vertex -16.421031951904297 -12.341435432434082 6
    endloop
  endfacet
  facet normal 0.555569484901264 -0.8314701121787507 0
    outer loop
      vertex -16.91238784790039 -12.669748306274414 -25
      vertex -16.421031951904297 -12.341435432434082 6
      vertex -16.91238784790039 -12.669748306274414 6
    endloop
  endfacet
  facet normal 0 0 -1
    outer loop
      vertex -16.91238784790039 -12.669748306274414 6
      vertex -16.421031951904297 -12.341435432434082 6
      vertex -16.05181312561035 -13.718361854553223 6
    endloop
  endfacet
  facet normal 0 0 -1
    outer loop
      vertex -16.91238784790039 -12.669748306274414 6
      vertex -16.05181312561035 -13.718361854553223 6
      vertex -16.281639099121094 -13.948186874389648 6
    endloop
  endfacet
  facet normal 0.9807844090029458 0.19509470279006122 0
    outer loop
      vertex -16.649999618530273 -46.16250991821289 6
      vertex -16.649999618530273 -46.16250991821289 10
      vertex -16.586589813232422 -46.481285095214844 10
    endloop
  endfacet
  facet normal 1 0 0
    outer loop
      vertex -16.649999618530273 -46.16250991821289 6
      vertex -16.649999618530273 -45.83749008178711 6
      vertex -16.649999618530273 -46.16250991821289 10
    endloop
  endfacet
  facet normal 0.9807844090029458 0.19509470279006122 0
    outer loop
      vertex -16.649999618530273 -46.16250991821289 6
      vertex -16.586589813232422 -46.481285095214844 10
      vertex -16.586589813232422 -46.481285095214844 6
    endloop
  endfacet
  facet normal 1 0 0
    outer loop
      vertex -16.649999618530273 -46.16250991821289 10
      vertex -16.649999618530273 -45.83749008178711 6
      vertex -16.649999618530273 -45.83749008178711 10
    endloop
  endfacet
  facet normal 0.9807844090029458 -0.19509470279006122 0
    outer loop
      vertex -16.649999618530273 -45.83749008178711 6
      vertex -16.586589813232422 -45.518714904785156 6
      vertex -16.649999618530273 -45.83749008178711 10
    endloop
  endfacet
  facet normal 0.9807844090029458 -0.19509470279006122 0
    outer loop
      vertex -16.649999618530273 -45.83749008178711 10
      vertex -16.586589813232422 -45.518714904785156 6
      vertex -16.586589813232422 -45.518714904785156 10
    endloop
  endfacet
  facet normal 0.9807846323634319 0.19509357990392143 0
    outer loop
      vertex -16.649999618530273 -15.16250991821289 6
      vertex -16.649999618530273 -15.16250991821289 10
      vertex -16.586589813232422 -15.481287002563477 10
    endloop
  endfacet
  facet normal 1 0 0
    outer loop
      vertex -16.649999618530273 -15.16250991821289 6
      vertex -16.649999618530273 -14.83749008178711 6
      vertex -16.649999618530273 -15.16250991821289 10
    endloop
  endfacet
  facet normal 0.9807846323634319 0.19509357990392143 0
    outer loop
      vertex -16.649999618530273 -15.16250991821289 6
      vertex -16.586589813232422 -15.481287002563477 10
      vertex -16.586589813232422 -15.481287002563477 6
    endloop
  endfacet
  facet normal 1 0 0
    outer loop
      vertex -16.649999618530273 -15.16250991821289 10
      vertex -16.649999618530273 -14.83749008178711 6
      vertex -16.649999618530273 -14.83749008178711 10
    endloop
  endfacet
  facet normal 0.9807846323634319 -0.19509357990392143 0
    outer loop
      vertex -16.649999618530273 -14.83749008178711 6
      vertex -16.586589813232422 -14.518712997436523 6
      vertex -16.649999618530273 -14.83749008178711 10
    endloop
  endfacet
  facet normal 0.9807846323634319 -0.19509357990392143 0
    outer loop
      vertex -16.649999618530273 -14.83749008178711 10
      vertex -16.586589813232422 -14.518712997436523 6
      vertex -16.586589813232422 -14.518712997436523 10
    endloop
  endfacet
  facet normal 0.9238822255149663 0.3826769308143791 0
    outer loop
      vertex -16.586589813232422 -46.481285095214844 6
      vertex -16.586589813232422 -46.481285095214844 10
      vertex -16.46221160888672 -46.78156661987305 10
    endloop
  endfacet
  facet normal 0.9238822255149663 0.3826769308143791 0
    outer loop
      vertex -16.586589813232422 -46.481285095214844 6
      vertex -16.46221160888672 -46.78156661987305 10
      vertex -16.46221160888672 -46.78156661987305 6
    endloop
  endfacet
  facet normal 0.9238822255149663 -0.3826769308143791 0
    outer loop
      vertex -16.586589813232422 -45.518714904785156 6
      vertex -16.46221160888672 -45.21843338012695 6
      vertex -16.586589813232422 -45.518714904785156 10
    endloop
  endfacet
  facet normal 0.9238822255149663 -0.3826769308143791 0
    outer loop
      vertex -16.586589813232422 -45.518714904785156 10
      vertex -16.46221160888672 -45.21843338012695 6
      vertex -16.46221160888672 -45.21843338012695 10
    endloop
  endfacet
  facet normal 0 0 1
    outer loop
      vertex -16.586589813232422 -45.518714904785156 10
      vertex -16.46221160888672 -45.21843338012695 10
      vertex -16.586589813232422 -15.481287002563477 10
    endloop
  endfacet
  facet normal 0.9238817958257876 0.38267796819482264 0
    outer loop
      vertex -16.586589813232422 -15.481287002563477 6
      vertex -16.586589813232422 -15.481287002563477 10
      vertex -16.46221160888672 -15.781567573547363 10
    endloop
  endfacet
  facet normal 0.9238817958257876 0.38267796819482264 0
    outer loop
      vertex -16.586589813232422 -15.481287002563477 6
      vertex -16.46221160888672 -15.781567573547363 10
      vertex -16.46221160888672 -15.781567573547363 6
    endloop
  endfacet
  facet normal 0 0 1
    outer loop
      vertex -16.586589813232422 -15.481287002563477 10
      vertex -16.46221160888672 -45.21843338012695 10
      vertex -16.46221160888672 -15.781567573547363 10
    endloop
  endfacet
  facet normal 0.9238817958257876 -0.38267796819482264 0
    outer loop
      vertex -16.586589813232422 -14.518712997436523 6
      vertex -16.46221160888672 -14.218432426452637 6
      vertex -16.586589813232422 -14.518712997436523 10
    endloop
  endfacet
  facet normal 0.9238817958257876 -0.38267796819482264 0
    outer loop
      vertex -16.586589813232422 -14.518712997436523 10
      vertex -16.46221160888672 -14.218432426452637 6
      vertex -16.46221160888672 -14.218432426452637 10
    endloop
  endfacet
  facet normal 0.8314684154429262 0.5555720242424284 0
    outer loop
      vertex -16.46221160888672 -46.78156661987305 6
      vertex -16.46221160888672 -46.78156661987305 10
      vertex -16.281639099121094 -47.05181121826172 10
    endloop
  endfacet
  facet normal 0.8314684154429262 0.5555720242424284 0
    outer loop
      vertex -16.46221160888672 -46.78156661987305 6
      vertex -16.281639099121094 -47.05181121826172 10
      vertex -16.281639099121094 -47.05181121826172 6
    endloop
  endfacet
  facet normal 0.8314684154429262 -0.5555720242424284 0
    outer loop
      vertex -16.46221160888672 -45.21843338012695 6
      vertex -16.281639099121094 -44.94818878173828 6
      vertex -16.46221160888672 -45.21843338012695 10
    endloop
  endfacet
  facet normal 0.8314684154429262 -0.5555720242424284 0
    outer loop
      vertex -16.46221160888672 -45.21843338012695 10
      vertex -16.281639099121094 -44.94818878173828 6
      vertex -16.281639099121094 -44.94818878173828 10
    endloop
  endfacet
  facet normal 0 0 1
    outer loop
      vertex -16.46221160888672 -45.21843338012695 10
      vertex -16.281639099121094 -44.94818878173828 10
      vertex -16.46221160888672 -15.781567573547363 10
    endloop
  endfacet
  facet normal 0.831469321108729 0.5555706688216986 0
    outer loop
      vertex -16.46221160888672 -15.781567573547363 6
      vertex -16.46221160888672 -15.781567573547363 10
      vertex -16.281639099121094 -16.05181312561035 10
    endloop
  endfacet
  facet normal 0.831469321108729 0.5555706688216986 0
    outer loop
      vertex -16.46221160888672 -15.781567573547363 6
      vertex -16.281639099121094 -16.05181312561035 10
      vertex -16.281639099121094 -16.05181312561035 6
    endloop
  endfacet
  facet normal 0 0 1
    outer loop
      vertex -16.46221160888672 -15.781567573547363 10
      vertex -16.281639099121094 -44.94818878173828 10
      vertex -16.281639099121094 -16.05181312561035 10
    endloop
  endfacet
  facet normal 0.831469321108729 -0.5555706688216986 0
    outer loop
      vertex -16.46221160888672 -14.218432426452637 6
      vertex -16.281639099121094 -13.948186874389648 6
      vertex -16.46221160888672 -14.218432426452637 10
    endloop
  endfacet
  facet normal 0.831469321108729 -0.5555706688216986 0
    outer loop
      vertex -16.46221160888672 -14.218432426452637 10
      vertex -16.281639099121094 -13.948186874389648 6
      vertex -16.281639099121094 -13.948186874389648 10
    endloop
  endfacet
  facet normal 0.38268473923082214 0.9238789911886933 0
    outer loop
      vertex -16.421031951904297 -48.658565521240234 -25
      vertex -16.421031951904297 -48.658565521240234 6
      vertex -15.875067710876465 -48.88471221923828 -25
    endloop
  endfacet
  facet normal 0 0 -1
    outer loop
      vertex -16.421031951904297 -48.658565521240234 6
      vertex -16.05181312561035 -47.281639099121094 6
      vertex -15.781567573547363 -47.46221160888672 6
    endloop
  endfacet
  facet normal 0.38268473923082214 0.9238789911886933 0
    outer loop
      vertex -16.421031951904297 -48.658565521240234 6
      vertex -15.875067710876465 -48.88471221923828 6
      vertex -15.875067710876465 -48.88471221923828 -25
    endloop
  endfacet
  facet normal 0 0 -1
    outer loop
      vertex -16.421031951904297 -48.658565521240234 6
      vertex -15.781567573547363 -47.46221160888672 6
      vertex -15.875067710876465 -48.88471221923828 6
    endloop
  endfacet
  facet normal 0.38268473923082214 -0.9238789911886933 0
    outer loop
      vertex -16.421031951904297 -43.341434478759766 -25
      vertex -15.875067710876465 -43.11528778076172 -25
      vertex -15.875067710876465 -43.11528778076172 6
    endloop
  endfacet
  facet normal 0.38268473923082214 -0.9238789911886933 0
    outer loop
      vertex -16.421031951904297 -43.341434478759766 -25
      vertex -15.875067710876465 -43.11528778076172 6
      vertex -16.421031951904297 -43.341434478759766 6
    endloop
  endfacet
  facet normal 0 0 -1
    outer loop
      vertex -16.421031951904297 -43.341434478759766 6
      vertex -15.875067710876465 -43.11528778076172 6
      vertex -15.781567573547363 -44.53778839111328 6
    endloop
  endfacet
  facet normal 0 0 -1
    outer loop
      vertex -16.421031951904297 -43.341434478759766 6
      vertex -15.781567573547363 -44.53778839111328 6
      vertex -16.05181312561035 -44.718360900878906 6
    endloop
  endfacet
  facet normal 0.38268473923082214 0.9238789911886933 0
    outer loop
      vertex -16.421031951904297 -17.658565521240234 -25
      vertex -16.421031951904297 -17.658565521240234 6
      vertex -15.875067710876465 -17.88471221923828 -25
    endloop
  endfacet
  facet normal 0 0 -1
    outer loop
      vertex -16.421031951904297 -17.658565521240234 6
      vertex -16.05181312561035 -16.281639099121094 6
      vertex -15.781567573547363 -16.46221160888672 6
    endloop
  endfacet
  facet normal 0.38268473923082214 0.9238789911886933 0
    outer loop
      vertex -16.421031951904297 -17.658565521240234 6
      vertex -15.875067710876465 -17.88471221923828 6
      vertex -15.875067710876465 -17.88471221923828 -25
    endloop
  endfacet
  facet normal 0 0 -1
    outer loop
      vertex -16.421031951904297 -17.658565521240234 6
      vertex -15.781567573547363 -16.46221160888672 6
      vertex -15.875067710876465 -17.88471221923828 6
    endloop
  endfacet
  facet normal 0.38268473923082214 -0.9238789911886933 0
    outer loop
      vertex -16.421031951904297 -12.341435432434082 -25
      vertex -15.875067710876465 -12.115288734436035 -25
      vertex -15.875067710876465 -12.115288734436035 6
    endloop
  endfacet
  facet normal 0.38268473923082214 -0.9238789911886933 0
    outer loop
      vertex -16.421031951904297 -12.341435432434082 -25
      vertex -15.875067710876465 -12.115288734436035 6
      vertex -16.421031951904297 -12.341435432434082 6
    endloop
  endfacet
  facet normal 0 0 -1
    outer loop
      vertex -16.421031951904297 -12.341435432434082 6
      vertex -15.875067710876465 -12.115288734436035 6
      vertex -15.781567573547363 -13.537789344787598 6
    endloop
  endfacet
  facet normal 0 0 -1
    outer loop
      vertex -16.421031951904297 -12.341435432434082 6
      vertex -15.781567573547363 -13.537789344787598 6
      vertex -16.05181312561035 -13.718361854553223 6
    endloop
  endfacet
  facet normal 0.7071097153430683 0.7071038470178513 0
    outer loop
      vertex -16.281639099121094 -47.05181121826172 6
      vertex -16.281639099121094 -47.05181121826172 10
      vertex -16.05181312561035 -47.281639099121094 10
    endloop
  endfacet
  facet normal 0.7071097153430683 0.7071038470178513 0
    outer loop
      vertex -16.281639099121094 -47.05181121826172 6
      vertex -16.05181312561035 -47.281639099121094 10
      vertex -16.05181312561035 -47.281639099121094 6
    endloop
  endfacet
  facet normal 0.7071097153430683 -0.7071038470178513 0
    outer loop
      vertex -16.281639099121094 -44.94818878173828 6
      vertex -16.05181312561035 -44.718360900878906 6
      vertex -16.281639099121094 -44.94818878173828 10
    endloop
  endfacet
  facet normal 0.7071097153430683 -0.7071038470178513 0
    outer loop
      vertex -16.281639099121094 -44.94818878173828 10
      vertex -16.05181312561035 -44.718360900878906 6
      vertex -16.05181312561035 -44.718360900878906 10
    endloop
  endfacet
  facet normal 0 0 1
    outer loop
      vertex -16.281639099121094 -44.94818878173828 10
      vertex -16.05181312561035 -44.718360900878906 10
      vertex -16.281639099121094 -16.05181312561035 10
    endloop
  endfacet
  facet normal 0.7071067811865475 0.7071067811865475 0
    outer loop
      vertex -16.281639099121094 -16.05181312561035 6
      vertex -16.281639099121094 -16.05181312561035 10
      vertex -16.05181312561035 -16.281639099121094 10
    endloop
  endfacet
  facet normal 0.7071067811865475 0.7071067811865475 0
    outer loop
      vertex -16.281639099121094 -16.05181312561035 6
      vertex -16.05181312561035 -16.281639099121094 10
      vertex -16.05181312561035 -16.281639099121094 6
    endloop
  endfacet
  facet normal 0 0 1
    outer loop
      vertex -16.281639099121094 -16.05181312561035 10
      vertex -16.05181312561035 -44.718360900878906 10
      vertex -16.05181312561035 -16.281639099121094 10
    endloop
  endfacet
  facet normal 0.7071053140945898 -0.7071082482754615 0
    outer loop
      vertex -16.281639099121094 -13.948186874389648 6
      vertex -16.05181312561035 -13.718361854553223 6
      vertex -16.05181312561035 -13.718361854553223 10
    endloop
  endfacet
  facet normal 0.7071053140945898 -0.7071082482754615 0
    outer loop
      vertex -16.281639099121094 -13.948186874389648 6
      vertex -16.05181312561035 -13.718361854553223 10
      vertex -16.281639099121094 -13.948186874389648 10
    endloop
  endfacet
  facet normal 0.5555706688216986 0.831469321108729 0
    outer loop
      vertex -16.05181312561035 -47.281639099121094 6
      vertex -16.05181312561035 -47.281639099121094 10
      vertex -15.781567573547363 -47.46221160888672 6
    endloop
  endfacet
  facet normal 0.5555706688216986 0.831469321108729 0
    outer loop
      vertex -16.05181312561035 -47.281639099121094 10
      vertex -15.781567573547363 -47.46221160888672 10
      vertex -15.781567573547363 -47.46221160888672 6
    endloop
  endfacet
  facet normal 0.5555706688216986 -0.831469321108729 0
    outer loop
      vertex -16.05181312561035 -44.718360900878906 6
      vertex -15.781567573547363 -44.53778839111328 6
      vertex -15.781567573547363 -44.53778839111328 10
    endloop
  endfacet
  facet normal 0.5555706688216986 -0.831469321108729 0
    outer loop
      vertex -16.05181312561035 -44.718360900878906 6
      vertex -15.781567573547363 -44.53778839111328 10
      vertex -16.05181312561035 -44.718360900878906 10
    endloop
  endfacet
  facet normal 0 0 1
    outer loop
      vertex -16.05181312561035 -44.718360900878906 10
      vertex -15.781567573547363 -44.53778839111328 10
      vertex -16.05181312561035 -16.281639099121094 10
    endloop
  endfacet
  facet normal 0.5555706688216986 0.831469321108729 0
    outer loop
      vertex -16.05181312561035 -16.281639099121094 6
      vertex -16.05181312561035 -16.281639099121094 10
      vertex -15.781567573547363 -16.46221160888672 6
    endloop
  endfacet
  facet normal 0 0 1
    outer loop
      vertex -16.05181312561035 -16.281639099121094 10
      vertex -15.781567573547363 -44.53778839111328 10
      vertex -15.781567573547363 -16.46221160888672 10
    endloop
  endfacet
  facet normal 0.5555706688216986 0.831469321108729 0
    outer loop
      vertex -16.05181312561035 -16.281639099121094 10
      vertex -15.781567573547363 -16.46221160888672 10
      vertex -15.781567573547363 -16.46221160888672 6
    endloop
  endfacet
  facet normal 0.5555706688216986 -0.831469321108729 0
    outer loop
      vertex -16.05181312561035 -13.718361854553223 6
      vertex -15.781567573547363 -13.537789344787598 6
      vertex -15.781567573547363 -13.537789344787598 10
    endloop
  endfacet
  facet normal 0.5555706688216986 -0.831469321108729 0
    outer loop
      vertex -16.05181312561035 -13.718361854553223 6
      vertex -15.781567573547363 -13.537789344787598 10
      vertex -16.05181312561035 -13.718361854553223 10
    endloop
  endfacet
  facet normal 0.19508940075505646 0.9807854636530015 0
    outer loop
      vertex -15.875067710876465 -48.88471221923828 -25
      vertex -15.875067710876465 -48.88471221923828 6
      vertex -15.2954740524292 -49 -25
    endloop
  endfacet
  facet normal 0 0 -1
    outer loop
      vertex -15.875067710876465 -48.88471221923828 6
      vertex -15.781567573547363 -47.46221160888672 6
      vertex -15.481287002563477 -47.58658981323242 6
    endloop
  endfacet
  facet normal 0 0 -1
    outer loop
      vertex -15.875067710876465 -48.88471221923828 6
      vertex -15.481287002563477 -47.58658981323242 6
      vertex -15.2954740524292 -49 6
    endloop
  endfacet
  facet normal 0.19508940075505646 0.9807854636530015 0
    outer loop
      vertex -15.875067710876465 -48.88471221923828 6
      vertex -15.2954740524292 -49 6
      vertex -15.2954740524292 -49 -25
    endloop
  endfacet
  facet normal 0.19508940075505646 -0.9807854636530015 0
    outer loop
      vertex -15.875067710876465 -43.11528778076172 -25
      vertex -15.2954740524292 -43 -25
      vertex -15.2954740524292 -43 6
    endloop
  endfacet
  facet normal 0.19508940075505646 -0.9807854636530015 0
    outer loop
      vertex -15.875067710876465 -43.11528778076172 -25
      vertex -15.2954740524292 -43 6
      vertex -15.875067710876465 -43.11528778076172 6
    endloop
  endfacet
  facet normal 0 0 -1
    outer loop
      vertex -15.875067710876465 -43.11528778076172 6
      vertex -15.481287002563477 -44.41341018676758 6
      vertex -15.781567573547363 -44.53778839111328 6
    endloop
  endfacet
  facet normal 0 0 -1
    outer loop
      vertex -15.875067710876465 -43.11528778076172 6
      vertex -15.2954740524292 -43 6
      vertex -15.481287002563477 -44.41341018676758 6
    endloop
  endfacet
  facet normal 0.19508940075505646 0.9807854636530015 0
    outer loop
      vertex -15.875067710876465 -17.88471221923828 -25
      vertex -15.875067710876465 -17.88471221923828 6
      vertex -15.2954740524292 -18 -25
    endloop
  endfacet
  facet normal 0 0 -1
    outer loop
      vertex -15.875067710876465 -17.88471221923828 6
      vertex -15.781567573547363 -16.46221160888672 6
      vertex -15.481287002563477 -16.586589813232422 6
    endloop
  endfacet
  facet normal 0 0 -1
    outer loop
      vertex -15.875067710876465 -17.88471221923828 6
      vertex -15.481287002563477 -16.586589813232422 6
      vertex -15.2954740524292 -18 6
    endloop
  endfacet
  facet normal 0.19508940075505646 0.9807854636530015 0
    outer loop
      vertex -15.875067710876465 -17.88471221923828 6
      vertex -15.2954740524292 -18 6
      vertex -15.2954740524292 -18 -25
    endloop
  endfacet
  facet normal 0.19509095313605423 -0.9807851548654608 0
    outer loop
      vertex -15.875067710876465 -12.115288734436035 -25
      vertex -15.2954740524292 -12 -25
      vertex -15.2954740524292 -12 6
    endloop
  endfacet
  facet normal 0.19509095313605423 -0.9807851548654608 0
    outer loop
      vertex -15.875067710876465 -12.115288734436035 -25
      vertex -15.2954740524292 -12 6
      vertex -15.875067710876465 -12.115288734436035 6
    endloop
  endfacet
  facet normal 0 0 -1
    outer loop
      vertex -15.875067710876465 -12.115288734436035 6
      vertex -15.481287002563477 -13.413409233093262 6
      vertex -15.781567573547363 -13.537789344787598 6
    endloop
  endfacet
  facet normal 0 0 -1
    outer loop
      vertex -15.875067710876465 -12.115288734436035 6
      vertex -15.2954740524292 -12 6
      vertex -15.481287002563477 -13.413409233093262 6
    endloop
  endfacet
  facet normal 0.38267796819482264 0.9238817958257876 0
    outer loop
      vertex -15.781567573547363 -47.46221160888672 6
      vertex -15.781567573547363 -47.46221160888672 10
      vertex -15.481287002563477 -47.58658981323242 6
    endloop
  endfacet
  facet normal 0.38267796819482264 0.9238817958257876 0
    outer loop
      vertex -15.781567573547363 -47.46221160888672 10
      vertex -15.481287002563477 -47.58658981323242 10
      vertex -15.481287002563477 -47.58658981323242 6
    endloop
  endfacet
  facet normal 0 0 1
    outer loop
      vertex -15.781567573547363 -47.46221160888672 10
      vertex -14.607542991638184 -51 10
      vertex -15.481287002563477 -47.58658981323242 10
    endloop
  endfacet
  facet normal 0.38267796819482264 -0.9238817958257876 0
    outer loop
      vertex -15.781567573547363 -44.53778839111328 6
      vertex -15.481287002563477 -44.41341018676758 6
      vertex -15.481287002563477 -44.41341018676758 10
    endloop
  endfacet
  facet normal 0.38267796819482264 -0.9238817958257876 0
    outer loop
      vertex -15.781567573547363 -44.53778839111328 6
      vertex -15.481287002563477 -44.41341018676758 10
      vertex -15.781567573547363 -44.53778839111328 10
    endloop
  endfacet
  facet normal 0 0 1
    outer loop
      vertex -15.781567573547363 -44.53778839111328 10
      vertex -15.481287002563477 -44.41341018676758 10
      vertex -15.781567573547363 -16.46221160888672 10
    endloop
  endfacet
  facet normal 0.38267796819482264 0.9238817958257876 0
    outer loop
      vertex -15.781567573547363 -16.46221160888672 6
      vertex -15.781567573547363 -16.46221160888672 10
      vertex -15.481287002563477 -16.586589813232422 6
    endloop
  endfacet
  facet normal 0 0 1
    outer loop
      vertex -15.781567573547363 -16.46221160888672 10
      vertex -15.481287002563477 -44.41341018676758 10
      vertex -15.481287002563477 -16.586589813232422 10
    endloop
  endfacet
  facet normal 0.38267796819482264 0.9238817958257876 0
    outer loop
      vertex -15.781567573547363 -16.46221160888672 10
      vertex -15.481287002563477 -16.586589813232422 10
      vertex -15.481287002563477 -16.586589813232422 6
    endloop
  endfacet
  facet normal 0.38268297719002803 -0.9238797210508393 0
    outer loop
      vertex -15.781567573547363 -13.537789344787598 6
      vertex -15.481287002563477 -13.413409233093262 6
      vertex -15.481287002563477 -13.413409233093262 10
    endloop
  endfacet
  facet normal 0.38268297719002803 -0.9238797210508393 0
    outer loop
      vertex -15.781567573547363 -13.537789344787598 6
      vertex -15.481287002563477 -13.413409233093262 10
      vertex -15.781567573547363 -13.537789344787598 10
    endloop
  endfacet
  facet normal 0 0 1
    outer loop
      vertex -15.781567573547363 -13.537789344787598 10
      vertex -15.481287002563477 -13.413409233093262 10
      vertex -14.607542991638184 -10.09999942779541 10
    endloop
  endfacet
  facet normal 0.19509922489421663 0.9807835094686675 0
    outer loop
      vertex -15.481287002563477 -47.58658981323242 6
      vertex -15.481287002563477 -47.58658981323242 10
      vertex -15.16250991821289 -47.650001525878906 6
    endloop
  endfacet
  facet normal 0 0 -1
    outer loop
      vertex -15.481287002563477 -47.58658981323242 6
      vertex -15.16250991821289 -47.650001525878906 6
      vertex -15.2954740524292 -49 6
    endloop
  endfacet
  facet normal 0.19509922489421663 0.9807835094686675 0
    outer loop
      vertex -15.481287002563477 -47.58658981323242 10
      vertex -15.16250991821289 -47.650001525878906 10
      vertex -15.16250991821289 -47.650001525878906 6
    endloop
  endfacet
  facet normal 0 0 1
    outer loop
      vertex -15.481287002563477 -47.58658981323242 10
      vertex -14.607542991638184 -51 10
      vertex -15.16250991821289 -47.650001525878906 10
    endloop
  endfacet
  facet normal 0 0 -1
    outer loop
      vertex -15.481287002563477 -44.41341018676758 6
      vertex -15.2954740524292 -43 6
      vertex -15.16250991821289 -44.349998474121094 6
    endloop
  endfacet
  facet normal 0.19509922489421663 -0.9807835094686675 0
    outer loop
      vertex -15.481287002563477 -44.41341018676758 6
      vertex -15.16250991821289 -44.349998474121094 6
      vertex -15.16250991821289 -44.349998474121094 10
    endloop
  endfacet
  facet normal 0.19509922489421663 -0.9807835094686675 0
    outer loop
      vertex -15.481287002563477 -44.41341018676758 6
      vertex -15.16250991821289 -44.349998474121094 10
      vertex -15.481287002563477 -44.41341018676758 10
    endloop
  endfacet
  facet normal 0 0 1
    outer loop
      vertex -15.481287002563477 -44.41341018676758 10
      vertex -15.16250991821289 -44.349998474121094 10
      vertex -15.481287002563477 -16.586589813232422 10
    endloop
  endfacet
  facet normal 0.19509357990392143 0.9807846323634319 0
    outer loop
      vertex -15.481287002563477 -16.586589813232422 6
      vertex -15.481287002563477 -16.586589813232422 10
      vertex -15.16250991821289 -16.649999618530273 6
    endloop
  endfacet
  facet normal 0 0 -1
    outer loop
      vertex -15.481287002563477 -16.586589813232422 6
      vertex -15.16250991821289 -16.649999618530273 6
      vertex -15.2954740524292 -18 6
    endloop
  endfacet
  facet normal 0 0 1
    outer loop
      vertex -15.481287002563477 -16.586589813232422 10
      vertex -15.16250991821289 -44.349998474121094 10
      vertex -15.16250991821289 -16.649999618530273 10
    endloop
  endfacet
  facet normal 0.19509357990392143 0.9807846323634319 0
    outer loop
      vertex -15.481287002563477 -16.586589813232422 10
      vertex -15.16250991821289 -16.649999618530273 10
      vertex -15.16250991821289 -16.649999618530273 6
    endloop
  endfacet
  facet normal 0 0 -1
    outer loop
      vertex -15.481287002563477 -13.413409233093262 6
      vertex -15.2954740524292 -12 6
      vertex -15.16250991821289 -13.350000381469727 6
    endloop
  endfacet
  facet normal 0.19509075740150308 -0.9807851937995943 0
    outer loop
      vertex -15.481287002563477 -13.413409233093262 6
      vertex -15.16250991821289 -13.350000381469727 6
      vertex -15.16250991821289 -13.350000381469727 10
    endloop
  endfacet
  facet normal 0.19509075740150308 -0.9807851937995943 0
    outer loop
      vertex -15.481287002563477 -13.413409233093262 6
      vertex -15.16250991821289 -13.350000381469727 10
      vertex -15.481287002563477 -13.413409233093262 10
    endloop
  endfacet
  facet normal 0 0 1
    outer loop
      vertex -15.481287002563477 -13.413409233093262 10
      vertex -15.16250991821289 -13.350000381469727 10
      vertex -14.607542991638184 -10.09999942779541 10
    endloop
  endfacet
  facet normal 0.16817694400515085 0.845482268219283 -0.506829606112217
    outer loop
      vertex -15.30754280090332 9.699999809265137 -25
      vertex -15.007542610168457 10 -24.399999618530273
      vertex -14.341553688049316 9.507852554321289 -25
    endloop
  endfacet
  facet normal 0 1 0
    outer loop
      vertex -15.2954740524292 -49 -25
      vertex -15.2954740524292 -49 6
      vertex -14.7045259475708 -49 -25
    endloop
  endfacet
  facet normal 0 0 -1
    outer loop
      vertex -15.2954740524292 -49 6
      vertex -15.16250991821289 -47.650001525878906 6
      vertex -14.7045259475708 -49 6
    endloop
  endfacet
  facet normal 0 1 0
    outer loop
      vertex -15.2954740524292 -49 6
      vertex -14.7045259475708 -49 6
      vertex -14.7045259475708 -49 -25
    endloop
  endfacet
  facet normal 0 -1 0
    outer loop
      vertex -15.2954740524292 -43 -25
      vertex -14.7045259475708 -43 -25
      vertex -14.7045259475708 -43 6
    endloop
  endfacet
  facet normal 0 -1 0
    outer loop
      vertex -15.2954740524292 -43 -25
      vertex -14.7045259475708 -43 6
      vertex -15.2954740524292 -43 6
    endloop
  endfacet
  facet normal 0 0 -1
    outer loop
      vertex -15.2954740524292 -43 6
      vertex -14.7045259475708 -43 6
      vertex -15.16250991821289 -44.349998474121094 6
    endloop
  endfacet
  facet normal 0 1 0
    outer loop
      vertex -15.2954740524292 -18 -25
      vertex -15.2954740524292 -18 6
      vertex -14.7045259475708 -18 -25
    endloop
  endfacet
  facet normal 0 0 -1
    outer loop
      vertex -15.2954740524292 -18 6
      vertex -15.16250991821289 -16.649999618530273 6
      vertex -14.7045259475708 -18 6
    endloop
  endfacet
  facet normal 0 1 0
    outer loop
      vertex -15.2954740524292 -18 6
      vertex -14.7045259475708 -18 6
      vertex -14.7045259475708 -18 -25
    endloop
  endfacet
  facet normal 0 -1 0
    outer loop
      vertex -15.2954740524292 -12 -25
      vertex -14.7045259475708 -12 -25
      vertex -14.7045259475708 -12 6
    endloop
  endfacet
  facet normal 0 -1 0
    outer loop
      vertex -15.2954740524292 -12 -25
      vertex -14.7045259475708 -12 6
      vertex -15.2954740524292 -12 6
    endloop
  endfacet
  facet normal 0 0 -1
    outer loop
      vertex -15.2954740524292 -12 6
      vertex -14.7045259475708 -12 6
      vertex -15.16250991821289 -13.350000381469727 6
    endloop
  endfacet
  facet normal 0 1 0
    outer loop
      vertex -15.16250991821289 -47.650001525878906 6
      vertex -15.16250991821289 -47.650001525878906 10
      vertex -14.83749008178711 -47.650001525878906 6
    endloop
  endfacet
  facet normal 0 0 -1
    outer loop
      vertex -15.16250991821289 -47.650001525878906 6
      vertex -14.83749008178711 -47.650001525878906 6
      vertex -14.7045259475708 -49 6
    endloop
  endfacet
  facet normal 0 1 0
    outer loop
      vertex -15.16250991821289 -47.650001525878906 10
      vertex -14.83749008178711 -47.650001525878906 10
      vertex -14.83749008178711 -47.650001525878906 6
    endloop
  endfacet
  facet normal 0 0 1
    outer loop
      vertex -15.16250991821289 -47.650001525878906 10
      vertex -14.607542991638184 -51 10
      vertex -14.83749008178711 -47.650001525878906 10
    endloop
  endfacet
  facet normal 0 -1 0
    outer loop
      vertex -15.16250991821289 -44.349998474121094 6
      vertex -14.83749008178711 -44.349998474121094 6
      vertex -14.83749008178711 -44.349998474121094 10
    endloop
  endfacet
  facet normal 0 -1 0
    outer loop
      vertex -15.16250991821289 -44.349998474121094 6
      vertex -14.83749008178711 -44.349998474121094 10
      vertex -15.16250991821289 -44.349998474121094 10
    endloop
  endfacet
  facet normal 0 0 -1
    outer loop
      vertex -15.16250991821289 -44.349998474121094 6
      vertex -14.7045259475708 -43 6
      vertex -14.83749008178711 -44.349998474121094 6
    endloop
  endfacet
  facet normal 0 0 1
    outer loop
      vertex -15.16250991821289 -44.349998474121094 10
      vertex -14.83749008178711 -44.349998474121094 10
      vertex -15.16250991821289 -16.649999618530273 10
    endloop
  endfacet
  facet normal 0 1 0
    outer loop
      vertex -15.16250991821289 -16.649999618530273 6
      vertex -15.16250991821289 -16.649999618530273 10
      vertex -14.83749008178711 -16.649999618530273 6
    endloop
  endfacet
  facet normal 0 0 -1
    outer loop
      vertex -15.16250991821289 -16.649999618530273 6
      vertex -14.83749008178711 -16.649999618530273 6
      vertex -14.7045259475708 -18 6
    endloop
  endfacet
  facet normal 0 0 1
    outer loop
      vertex -15.16250991821289 -16.649999618530273 10
      vertex -14.83749008178711 -44.349998474121094 10
      vertex -14.83749008178711 -16.649999618530273 10
    endloop
  endfacet
  facet normal 0 1 0
    outer loop
      vertex -15.16250991821289 -16.649999618530273 10
      vertex -14.83749008178711 -16.649999618530273 10
      vertex -14.83749008178711 -16.649999618530273 6
    endloop
  endfacet
  facet normal 0 -1 0
    outer loop
      vertex -15.16250991821289 -13.350000381469727 6
      vertex -14.83749008178711 -13.350000381469727 6
      vertex -14.83749008178711 -13.350000381469727 10
    endloop
  endfacet
  facet normal 0 -1 0
    outer loop
      vertex -15.16250991821289 -13.350000381469727 6
      vertex -14.83749008178711 -13.350000381469727 10
      vertex -15.16250991821289 -13.350000381469727 10
    endloop
  endfacet
  facet normal 0 0 -1
    outer loop
      vertex -15.16250991821289 -13.350000381469727 6
      vertex -14.7045259475708 -12 6
      vertex -14.83749008178711 -13.350000381469727 6
    endloop
  endfacet
  facet normal 0 0 1
    outer loop
      vertex -15.16250991821289 -13.350000381469727 10
      vertex -14.83749008178711 -13.350000381469727 10
      vertex -14.607542991638184 -10.09999942779541 10
    endloop
  endfacet
  facet normal 0.19509039394140357 0.9807852660964007 0
    outer loop
      vertex -15.007542610168457 10 -24.399999618530273
      vertex -15.007542610168457 10 -20
      vertex -14.041553497314453 9.807852745056152 -24.399999618530273
    endloop
  endfacet
  facet normal 0.16817694400515085 0.845482268219283 -0.506829606112217
    outer loop
      vertex -15.007542610168457 10 -24.399999618530273
      vertex -14.041553497314453 9.807852745056152 -24.399999618530273
      vertex -14.341553688049316 9.507852554321289 -25
    endloop
  endfacet
  facet normal 0.19509039394140357 0.9807852660964007 0
    outer loop
      vertex -15.007542610168457 10 -20
      vertex -14.041553497314453 9.807852745056152 -20
      vertex -14.041553497314453 9.807852745056152 -24.399999618530273
    endloop
  endfacet
  facet normal 0 0 1
    outer loop
      vertex -15.007542610168457 10 -20
      vertex -13.131611824035645 9.430941581726074 -20
      vertex -14.041553497314453 9.807852745056152 -20
    endloop
  endfacet
  facet normal 0 0 1
    outer loop
      vertex -15.007542610168457 10 -20
      vertex -12.312685012817383 8.883752822875977 -20
      vertex -13.131611824035645 9.430941581726074 -20
    endloop
  endfacet
  facet normal 0 0 1
    outer loop
      vertex -15.007542610168457 10 -20
      vertex -11.616246223449707 8.1873140335083 -20
      vertex -12.312685012817383 8.883752822875977 -20
    endloop
  endfacet
  facet normal 0 0 1
    outer loop
      vertex -15.007542610168457 10 -20
      vertex -11.06905746459961 7.368387222290039 -20
      vertex -11.616246223449707 8.1873140335083 -20
    endloop
  endfacet
  facet normal 0 0 1
    outer loop
      vertex -15.007542610168457 10 -20
      vertex -10.692146301269531 6.4584455490112305 -20
      vertex -11.06905746459961 7.368387222290039 -20
    endloop
  endfacet
  facet normal 0 0 1
    outer loop
      vertex -15.007542610168457 10 -20
      vertex -10.5 5.492456436157227 -20
      vertex -10.692146301269531 6.4584455490112305 -20
    endloop
  endfacet
  facet normal -0.19509922489421663 0.9807835094686675 0
    outer loop
      vertex -14.83749008178711 -47.650001525878906 6
      vertex -14.83749008178711 -47.650001525878906 10
      vertex -14.518712997436523 -47.58658981323242 6
    endloop
  endfacet
  facet normal 0 0 -1
    outer loop
      vertex -14.83749008178711 -47.650001525878906 6
      vertex -14.518712997436523 -47.58658981323242 6
      vertex -14.7045259475708 -49 6
    endloop
  endfacet
  facet normal 0 0 1
    outer loop
      vertex -14.83749008178711 -47.650001525878906 10
      vertex -14.607542991638184 -51 10
      vertex -13.64155387878418 -50.80785369873047 10
    endloop
  endfacet
  facet normal -0.19509922489421663 0.9807835094686675 0
    outer loop
      vertex -14.83749008178711 -47.650001525878906 10
      vertex -14.518712997436523 -47.58658981323242 10
      vertex -14.518712997436523 -47.58658981323242 6
    endloop
  endfacet
  facet normal 0 0 1
    outer loop
      vertex -14.83749008178711 -47.650001525878906 10
      vertex -13.64155387878418 -50.80785369873047 10
      vertex -14.518712997436523 -47.58658981323242 10
    endloop
  endfacet
  facet normal 0 0 -1
    outer loop
      vertex -14.83749008178711 -44.349998474121094 6
      vertex -14.7045259475708 -43 6
      vertex -14.518712997436523 -44.41341018676758 6
    endloop
  endfacet
  facet normal -0.19509922489421663 -0.9807835094686675 0
    outer loop
      vertex -14.83749008178711 -44.349998474121094 6
      vertex -14.518712997436523 -44.41341018676758 6
      vertex -14.518712997436523 -44.41341018676758 10
    endloop
  endfacet
  facet normal -0.19509922489421663 -0.9807835094686675 0
    outer loop
      vertex -14.83749008178711 -44.349998474121094 6
      vertex -14.518712997436523 -44.41341018676758 10
      vertex -14.83749008178711 -44.349998474121094 10
    endloop
  endfacet
  facet normal 0 0 1
    outer loop
      vertex -14.83749008178711 -44.349998474121094 10
      vertex -14.518712997436523 -44.41341018676758 10
      vertex -14.83749008178711 -16.649999618530273 10
    endloop
  endfacet
  facet normal -0.19509357990392143 0.9807846323634319 0
    outer loop
      vertex -14.83749008178711 -16.649999618530273 6
      vertex -14.83749008178711 -16.649999618530273 10
      vertex -14.518712997436523 -16.586589813232422 6
    endloop
  endfacet
  facet normal 0 0 -1
    outer loop
      vertex -14.83749008178711 -16.649999618530273 6
      vertex -14.518712997436523 -16.586589813232422 6
      vertex -14.7045259475708 -18 6
    endloop
  endfacet
  facet normal 0 0 1
    outer loop
      vertex -14.83749008178711 -16.649999618530273 10
      vertex -14.518712997436523 -44.41341018676758 10
      vertex -14.518712997436523 -16.586589813232422 10
    endloop
  endfacet
  facet normal -0.19509357990392143 0.9807846323634319 0
    outer loop
      vertex -14.83749008178711 -16.649999618530273 10
      vertex -14.518712997436523 -16.586589813232422 10
      vertex -14.518712997436523 -16.586589813232422 6
    endloop
  endfacet
  facet normal 0 0 -1
    outer loop
      vertex -14.83749008178711 -13.350000381469727 6
      vertex -14.7045259475708 -12 6
      vertex -14.518712997436523 -13.413409233093262 6
    endloop
  endfacet
  facet normal -0.19509075740150308 -0.9807851937995943 0
    outer loop
      vertex -14.83749008178711 -13.350000381469727 6
      vertex -14.518712997436523 -13.413409233093262 6
      vertex -14.518712997436523 -13.413409233093262 10
    endloop
  endfacet
  facet normal -0.19509075740150308 -0.9807851937995943 0
    outer loop
      vertex -14.83749008178711 -13.350000381469727 6
      vertex -14.518712997436523 -13.413409233093262 10
      vertex -14.83749008178711 -13.350000381469727 10
    endloop
  endfacet
  facet normal 0 0 1
    outer loop
      vertex -14.83749008178711 -13.350000381469727 10
      vertex -14.518712997436523 -13.413409233093262 10
      vertex -13.64155387878418 -10.292146682739258 10
    endloop
  endfacet
  facet normal 0 0 1
    outer loop
      vertex -14.83749008178711 -13.350000381469727 10
      vertex -13.64155387878418 -10.292146682739258 10
      vertex -14.607542991638184 -10.09999942779541 10
    endloop
  endfacet
  facet normal -0.19508940075505646 0.9807854636530015 0
    outer loop
      vertex -14.7045259475708 -49 -25
      vertex -14.7045259475708 -49 6
      vertex -14.124932289123535 -48.88471221923828 -25
    endloop
  endfacet
  facet normal 0 0 -1
    outer loop
      vertex -14.7045259475708 -49 -25
      vertex -14.124932289123535 -48.88471221923828 -25
      vertex 5.192456245422363 -50.70000076293945 -25
    endloop
  endfacet
  facet normal 0 0 -1
    outer loop
      vertex -14.7045259475708 -49 6
      vertex -14.518712997436523 -47.58658981323242 6
      vertex -14.124932289123535 -48.88471221923828 6
    endloop
  endfacet
  facet normal -0.19508940075505646 0.9807854636530015 0
    outer loop
      vertex -14.7045259475708 -49 6
      vertex -14.124932289123535 -48.88471221923828 6
      vertex -14.124932289123535 -48.88471221923828 -25
    endloop
  endfacet
  facet normal -0.19508940075505646 -0.9807854636530015 0
    outer loop
      vertex -14.7045259475708 -43 -25
      vertex -14.124932289123535 -43.11528778076172 -25
      vertex -14.124932289123535 -43.11528778076172 6
    endloop
  endfacet
  facet normal -0.19508940075505646 -0.9807854636530015 0
    outer loop
      vertex -14.7045259475708 -43 -25
      vertex -14.124932289123535 -43.11528778076172 6
      vertex -14.7045259475708 -43 6
    endloop
  endfacet
  facet normal 0 0 -1
    outer loop
      vertex -14.7045259475708 -43 6
      vertex -14.124932289123535 -43.11528778076172 6
      vertex -14.518712997436523 -44.41341018676758 6
    endloop
  endfacet
  facet normal -0.19508940075505646 0.9807854636530015 0
    outer loop
      vertex -14.7045259475708 -18 -25
      vertex -14.7045259475708 -18 6
      vertex -14.124932289123535 -17.88471221923828 -25
    endloop
  endfacet
  facet normal 0 0 -1
    outer loop
      vertex -14.7045259475708 -18 6
      vertex -14.518712997436523 -16.586589813232422 6
      vertex -14.124932289123535 -17.88471221923828 6
    endloop
  endfacet
  facet normal -0.19508940075505646 0.9807854636530015 0
    outer loop
      vertex -14.7045259475708 -18 6
      vertex -14.124932289123535 -17.88471221923828 6
      vertex -14.124932289123535 -17.88471221923828 -25
    endloop
  endfacet
  facet normal -0.19509095313605423 -0.9807851548654608 0
    outer loop
      vertex -14.7045259475708 -12 -25
      vertex -14.124932289123535 -12.115288734436035 -25
      vertex -14.124932289123535 -12.115288734436035 6
    endloop
  endfacet
  facet normal -0.19509095313605423 -0.9807851548654608 0
    outer loop
      vertex -14.7045259475708 -12 -25
      vertex -14.124932289123535 -12.115288734436035 6
      vertex -14.7045259475708 -12 6
    endloop
  endfacet
  facet normal 0 0 -1
    outer loop
      vertex -14.7045259475708 -12 -25
      vertex -10.799999237060547 -10.799999237060547 -25
      vertex -14.124932289123535 -12.115288734436035 -25
    endloop
  endfacet
  facet normal 0 0 -1
    outer loop
      vertex -14.7045259475708 -12 6
      vertex -14.124932289123535 -12.115288734436035 6
      vertex -14.518712997436523 -13.413409233093262 6
    endloop
  endfacet
  facet normal 0.19508946251235745 -0.9807854513687687 0
    outer loop
      vertex -14.607542991638184 -51 -20
      vertex -13.64155387878418 -50.80785369873047 -20
      vertex -13.64155387878418 -50.80785369873047 10
    endloop
  endfacet
  facet normal 0.19508946251235745 -0.9807854513687687 0
    outer loop
      vertex -14.607542991638184 -51 -20
      vertex -13.64155387878418 -50.80785369873047 10
      vertex -14.607542991638184 -51 10
    endloop
  endfacet
  facet normal 0 0 1
    outer loop
      vertex -14.607542991638184 -51 -20
      vertex 5.492456436157227 -51 -20
      vertex -13.64155387878418 -50.80785369873047 -20
    endloop
  endfacet
  facet normal 0.1950903939414036 0.9807852660964009 0
    outer loop
      vertex -14.607542991638184 -10.09999942779541 -20
      vertex -14.607542991638184 -10.09999942779541 10
      vertex -13.64155387878418 -10.292146682739258 -20
    endloop
  endfacet
  facet normal 0.1950903939414036 0.9807852660964009 0
    outer loop
      vertex -14.607542991638184 -10.09999942779541 10
      vertex -13.64155387878418 -10.292146682739258 10
      vertex -13.64155387878418 -10.292146682739258 -20
    endloop
  endfacet
  facet normal -0.38267796819482264 0.9238817958257876 0
    outer loop
      vertex -14.518712997436523 -47.58658981323242 6
      vertex -14.518712997436523 -47.58658981323242 10
      vertex -14.218432426452637 -47.46221160888672 6
    endloop
  endfacet
  facet normal 0 0 -1
    outer loop
      vertex -14.518712997436523 -47.58658981323242 6
      vertex -14.218432426452637 -47.46221160888672 6
      vertex -14.124932289123535 -48.88471221923828 6
    endloop
  endfacet
  facet normal -0.38267796819482264 0.9238817958257876 0
    outer loop
      vertex -14.518712997436523 -47.58658981323242 10
      vertex -14.218432426452637 -47.46221160888672 10
      vertex -14.218432426452637 -47.46221160888672 6
    endloop
  endfacet
  facet normal 0 0 1
    outer loop
      vertex -14.518712997436523 -47.58658981323242 10
      vertex -13.64155387878418 -50.80785369873047 10
      vertex -12.731611251831055 -50.43094253540039 10
    endloop
  endfacet
  facet normal 0 0 1
    outer loop
      vertex -14.518712997436523 -47.58658981323242 10
      vertex -12.731611251831055 -50.43094253540039 10
      vertex -14.218432426452637 -47.46221160888672 10
    endloop
  endfacet
  facet normal -0.38267796819482264 -0.9238817958257876 0
    outer loop
      vertex -14.518712997436523 -44.41341018676758 6
      vertex -14.218432426452637 -44.53778839111328 6
      vertex -14.218432426452637 -44.53778839111328 10
    endloop
  endfacet
  facet normal -0.38267796819482264 -0.9238817958257876 0
    outer loop
      vertex -14.518712997436523 -44.41341018676758 6
      vertex -14.218432426452637 -44.53778839111328 10
      vertex -14.518712997436523 -44.41341018676758 10
    endloop
  endfacet
  facet normal 0 0 -1
    outer loop
      vertex -14.518712997436523 -44.41341018676758 6
      vertex -14.124932289123535 -43.11528778076172 6
      vertex -14.218432426452637 -44.53778839111328 6
    endloop
  endfacet
  facet normal 0 0 1
    outer loop
      vertex -14.518712997436523 -44.41341018676758 10
      vertex -14.218432426452637 -44.53778839111328 10
      vertex -14.518712997436523 -16.586589813232422 10
    endloop
  endfacet
  facet normal -0.38267796819482264 0.9238817958257876 0
    outer loop
      vertex -14.518712997436523 -16.586589813232422 6
      vertex -14.518712997436523 -16.586589813232422 10
      vertex -14.218432426452637 -16.46221160888672 6
    endloop
  endfacet
  facet normal 0 0 -1
    outer loop
      vertex -14.518712997436523 -16.586589813232422 6
      vertex -14.218432426452637 -16.46221160888672 6
      vertex -14.124932289123535 -17.88471221923828 6
    endloop
  endfacet
  facet normal 0 0 1
    outer loop
      vertex -14.518712997436523 -16.586589813232422 10
      vertex -14.218432426452637 -44.53778839111328 10
      vertex -14.218432426452637 -16.46221160888672 10
    endloop
  endfacet
  facet normal -0.38267796819482264 0.9238817958257876 0
    outer loop
      vertex -14.518712997436523 -16.586589813232422 10
      vertex -14.218432426452637 -16.46221160888672 10
      vertex -14.218432426452637 -16.46221160888672 6
    endloop
  endfacet
  facet normal -0.38268297719002803 -0.9238797210508393 0
    outer loop
      vertex -14.518712997436523 -13.413409233093262 6
      vertex -14.218432426452637 -13.537789344787598 6
      vertex -14.218432426452637 -13.537789344787598 10
    endloop
  endfacet
  facet normal -0.38268297719002803 -0.9238797210508393 0
    outer loop
      vertex -14.518712997436523 -13.413409233093262 6
      vertex -14.218432426452637 -13.537789344787598 10
      vertex -14.518712997436523 -13.413409233093262 10
    endloop
  endfacet
  facet normal 0 0 -1
    outer loop
      vertex -14.518712997436523 -13.413409233093262 6
      vertex -14.124932289123535 -12.115288734436035 6
      vertex -14.218432426452637 -13.537789344787598 6
    endloop
  endfacet
  facet normal 0 0 1
    outer loop
      vertex -14.518712997436523 -13.413409233093262 10
      vertex -14.218432426452637 -13.537789344787598 10
      vertex -12.731611251831055 -10.66905689239502 10
    endloop
  endfacet
  facet normal 0 0 1
    outer loop
      vertex -14.518712997436523 -13.413409233093262 10
      vertex -12.731611251831055 -10.66905689239502 10
      vertex -13.64155387878418 -10.292146682739258 10
    endloop
  endfacet
  facet normal 0.320376988131475 0.7734592237815442 -0.5469181059565097
    outer loop
      vertex -14.341553688049316 9.507852554321289 -25
      vertex -14.041553497314453 9.807852745056152 -24.399999618530273
      vertex -13.431611061096191 9.130942344665527 -25
    endloop
  endfacet
  facet normal -0.5555706688216986 0.831469321108729 0
    outer loop
      vertex -14.218432426452637 -47.46221160888672 6
      vertex -14.218432426452637 -47.46221160888672 10
      vertex -13.948186874389648 -47.281639099121094 6
    endloop
  endfacet
  facet normal 0 0 -1
    outer loop
      vertex -14.218432426452637 -47.46221160888672 6
      vertex -13.948186874389648 -47.281639099121094 6
      vertex -13.578968048095703 -48.658565521240234 6
    endloop
  endfacet
  facet normal 0 0 -1
    outer loop
      vertex -14.218432426452637 -47.46221160888672 6
      vertex -13.578968048095703 -48.658565521240234 6
      vertex -14.124932289123535 -48.88471221923828 6
    endloop
  endfacet
  facet normal -0.5555706688216986 0.831469321108729 0
    outer loop
      vertex -14.218432426452637 -47.46221160888672 10
      vertex -13.948186874389648 -47.281639099121094 10
      vertex -13.948186874389648 -47.281639099121094 6
    endloop
  endfacet
  facet normal 0 0 1
    outer loop
      vertex -14.218432426452637 -47.46221160888672 10
      vertex -12.731611251831055 -50.43094253540039 10
      vertex -11.91268539428711 -49.883750915527344 10
    endloop
  endfacet
  facet normal 0 0 1
    outer loop
      vertex -14.218432426452637 -47.46221160888672 10
      vertex -11.91268539428711 -49.883750915527344 10
      vertex -13.948186874389648 -47.281639099121094 10
    endloop
  endfacet
  facet normal 0 0 -1
    outer loop
      vertex -14.218432426452637 -44.53778839111328 6
      vertex -14.124932289123535 -43.11528778076172 6
      vertex -13.578968048095703 -43.341434478759766 6
    endloop
  endfacet
  facet normal -0.5555706688216986 -0.831469321108729 0
    outer loop
      vertex -14.218432426452637 -44.53778839111328 6
      vertex -13.948186874389648 -44.718360900878906 6
      vertex -13.948186874389648 -44.718360900878906 10
    endloop
  endfacet
  facet normal -0.5555706688216986 -0.831469321108729 0
    outer loop
      vertex -14.218432426452637 -44.53778839111328 6
      vertex -13.948186874389648 -44.718360900878906 10
      vertex -14.218432426452637 -44.53778839111328 10
    endloop
  endfacet
  facet normal 0 0 -1
    outer loop
      vertex -14.218432426452637 -44.53778839111328 6
      vertex -13.578968048095703 -43.341434478759766 6
      vertex -13.948186874389648 -44.718360900878906 6
    endloop
  endfacet
  facet normal 0 0 1
    outer loop
      vertex -14.218432426452637 -44.53778839111328 10
      vertex -13.948186874389648 -44.718360900878906 10
      vertex -10.09999942779541 -46.492454528808594 10
    endloop
  endfacet
  facet normal 0 0 1
    outer loop
      vertex -14.218432426452637 -44.53778839111328 10
      vertex -10.09999942779541 -46.492454528808594 10
      vertex -10.09999942779541 -14.607542991638184 10
    endloop
  endfacet
  facet normal 0 0 1
    outer loop
      vertex -14.218432426452637 -44.53778839111328 10
      vertex -10.09999942779541 -14.607542991638184 10
      vertex -14.218432426452637 -16.46221160888672 10
    endloop
  endfacet
  facet normal -0.5555706688216986 0.831469321108729 0
    outer loop
      vertex -14.218432426452637 -16.46221160888672 6
      vertex -14.218432426452637 -16.46221160888672 10
      vertex -13.948186874389648 -16.281639099121094 6
    endloop
  endfacet
  facet normal 0 0 -1
    outer loop
      vertex -14.218432426452637 -16.46221160888672 6
      vertex -13.948186874389648 -16.281639099121094 6
      vertex -13.578968048095703 -17.658565521240234 6
    endloop
  endfacet
  facet normal 0 0 -1
    outer loop
      vertex -14.218432426452637 -16.46221160888672 6
      vertex -13.578968048095703 -17.658565521240234 6
      vertex -14.124932289123535 -17.88471221923828 6
    endloop
  endfacet
  facet normal -0.5555706688216986 0.831469321108729 0
    outer loop
      vertex -14.218432426452637 -16.46221160888672 10
      vertex -13.948186874389648 -16.281639099121094 10
      vertex -13.948186874389648 -16.281639099121094 6
    endloop
  endfacet
  facet normal 0 0 1
    outer loop
      vertex -14.218432426452637 -16.46221160888672 10
      vertex -10.09999942779541 -14.607542991638184 10
      vertex -13.948186874389648 -16.281639099121094 10
    endloop
  endfacet
  facet normal 0 0 -1
    outer loop
      vertex -14.218432426452637 -13.537789344787598 6
      vertex -14.124932289123535 -12.115288734436035 6
      vertex -13.578968048095703 -12.341435432434082 6
    endloop
  endfacet
  facet normal -0.5555706688216986 -0.831469321108729 0
    outer loop
      vertex -14.218432426452637 -13.537789344787598 6
      vertex -13.948186874389648 -13.718361854553223 6
      vertex -13.948186874389648 -13.718361854553223 10
    endloop
  endfacet
  facet normal -0.5555706688216986 -0.831469321108729 0
    outer loop
      vertex -14.218432426452637 -13.537789344787598 6
      vertex -13.948186874389648 -13.718361854553223 10
      vertex -14.218432426452637 -13.537789344787598 10
    endloop
  endfacet
  facet normal 0 0 -1
    outer loop
      vertex -14.218432426452637 -13.537789344787598 6
      vertex -13.578968048095703 -12.341435432434082 6
      vertex -13.948186874389648 -13.718361854553223 6
    endloop
  endfacet
  facet normal 0 0 1
    outer loop
      vertex -14.218432426452637 -13.537789344787598 10
      vertex -13.948186874389648 -13.718361854553223 10
      vertex -11.91268539428711 -11.216245651245117 10
    endloop
  endfacet
  facet normal 0 0 1
    outer loop
      vertex -14.218432426452637 -13.537789344787598 10
      vertex -11.91268539428711 -11.216245651245117 10
      vertex -12.731611251831055 -10.66905689239502 10
    endloop
  endfacet
  facet normal -0.38268473923082214 0.9238789911886933 0
    outer loop
      vertex -14.124932289123535 -48.88471221923828 -25
      vertex -14.124932289123535 -48.88471221923828 6
      vertex -13.578968048095703 -48.658565521240234 -25
    endloop
  endfacet
  facet normal 0 0 -1
    outer loop
      vertex -14.124932289123535 -48.88471221923828 -25
      vertex -13.578968048095703 -48.658565521240234 -25
      vertex 5.192456245422363 -50.70000076293945 -25
    endloop
  endfacet
  facet normal -0.38268473923082214 0.9238789911886933 0
    outer loop
      vertex -14.124932289123535 -48.88471221923828 6
      vertex -13.578968048095703 -48.658565521240234 6
      vertex -13.578968048095703 -48.658565521240234 -25
    endloop
  endfacet
  facet normal -0.38268473923082214 -0.9238789911886933 0
    outer loop
      vertex -14.124932289123535 -43.11528778076172 -25
      vertex -13.578968048095703 -43.341434478759766 -25
      vertex -13.578968048095703 -43.341434478759766 6
    endloop
  endfacet
  facet normal -0.38268473923082214 -0.9238789911886933 0
    outer loop
      vertex -14.124932289123535 -43.11528778076172 -25
      vertex -13.578968048095703 -43.341434478759766 6
      vertex -14.124932289123535 -43.11528778076172 6
    endloop
  endfacet
  facet normal -0.38268473923082214 0.9238789911886933 0
    outer loop
      vertex -14.124932289123535 -17.88471221923828 -25
      vertex -14.124932289123535 -17.88471221923828 6
      vertex -13.578968048095703 -17.658565521240234 -25
    endloop
  endfacet
  facet normal -0.38268473923082214 0.9238789911886933 0
    outer loop
      vertex -14.124932289123535 -17.88471221923828 6
      vertex -13.578968048095703 -17.658565521240234 6
      vertex -13.578968048095703 -17.658565521240234 -25
    endloop
  endfacet
  facet normal -0.38268473923082214 -0.9238789911886933 0
    outer loop
      vertex -14.124932289123535 -12.115288734436035 -25
      vertex -13.578968048095703 -12.341435432434082 -25
      vertex -13.578968048095703 -12.341435432434082 6
    endloop
  endfacet
  facet normal -0.38268473923082214 -0.9238789911886933 0
    outer loop
      vertex -14.124932289123535 -12.115288734436035 -25
      vertex -13.578968048095703 -12.341435432434082 6
      vertex -14.124932289123535 -12.115288734436035 6
    endloop
  endfacet
  facet normal 0 0 -1
    outer loop
      vertex -14.124932289123535 -12.115288734436035 -25
      vertex -10.799999237060547 -10.799999237060547 -25
      vertex -13.578968048095703 -12.341435432434082 -25
    endloop
  endfacet
  facet normal 0.3826842827771261 0.9238791802586291 0
    outer loop
      vertex -14.041553497314453 9.807852745056152 -24.399999618530273
      vertex -14.041553497314453 9.807852745056152 -20
      vertex -13.131611824035645 9.430941581726074 -24.399999618530273
    endloop
  endfacet
  facet normal 0.320378221071448 0.773459432690083 -0.546917088273743
    outer loop
      vertex -14.041553497314453 9.807852745056152 -24.399999618530273
      vertex -13.131611824035645 9.430941581726074 -24.399999618530273
      vertex -13.431611061096191 9.130942344665527 -25
    endloop
  endfacet
  facet normal 0.3826842827771261 0.9238791802586291 0
    outer loop
      vertex -14.041553497314453 9.807852745056152 -20
      vertex -13.131611824035645 9.430941581726074 -20
      vertex -13.131611824035645 9.430941581726074 -24.399999618530273
    endloop
  endfacet
  facet normal -0.7071111824258944 0.7071023799198058 0
    outer loop
      vertex -13.948186874389648 -47.281639099121094 6
      vertex -13.948186874389648 -47.281639099121094 10
      vertex -13.718361854553223 -47.05181121826172 10
    endloop
  endfacet
  facet normal 0 0 -1
    outer loop
      vertex -13.948186874389648 -47.281639099121094 6
      vertex -13.718361854553223 -47.05181121826172 6
      vertex -13.08761215209961 -48.33025360107422 6
    endloop
  endfacet
  facet normal -0.7071111824258944 0.7071023799198058 0
    outer loop
      vertex -13.948186874389648 -47.281639099121094 6
      vertex -13.718361854553223 -47.05181121826172 10
      vertex -13.718361854553223 -47.05181121826172 6
    endloop
  endfacet
  facet normal 0 0 -1
    outer loop
      vertex -13.948186874389648 -47.281639099121094 6
      vertex -13.08761215209961 -48.33025360107422 6
      vertex -13.578968048095703 -48.658565521240234 6
    endloop
  endfacet
  facet normal 0 0 1
    outer loop
      vertex -13.948186874389648 -47.281639099121094 10
      vertex -11.91268539428711 -49.883750915527344 10
      vertex -11.216245651245117 -49.187313079833984 10
    endloop
  endfacet
  facet normal 0 0 1
    outer loop
      vertex -13.948186874389648 -47.281639099121094 10
      vertex -11.216245651245117 -49.187313079833984 10
      vertex -13.718361854553223 -47.05181121826172 10
    endloop
  endfacet
  facet normal -0.7071111824258944 -0.7071023799198058 0
    outer loop
      vertex -13.948186874389648 -44.718360900878906 6
      vertex -13.718361854553223 -44.94818878173828 6
      vertex -13.948186874389648 -44.718360900878906 10
    endloop
  endfacet
  facet normal 0 0 -1
    outer loop
      vertex -13.948186874389648 -44.718360900878906 6
      vertex -13.578968048095703 -43.341434478759766 6
      vertex -13.08761215209961 -43.66974639892578 6
    endloop
  endfacet
  facet normal 0 0 -1
    outer loop
      vertex -13.948186874389648 -44.718360900878906 6
      vertex -13.08761215209961 -43.66974639892578 6
      vertex -13.718361854553223 -44.94818878173828 6
    endloop
  endfacet
  facet normal -0.7071111824258944 -0.7071023799198058 0
    outer loop
      vertex -13.948186874389648 -44.718360900878906 10
      vertex -13.718361854553223 -44.94818878173828 6
      vertex -13.718361854553223 -44.94818878173828 10
    endloop
  endfacet
  facet normal 0 0 1
    outer loop
      vertex -13.948186874389648 -44.718360900878906 10
      vertex -13.718361854553223 -44.94818878173828 10
      vertex -10.09999942779541 -46.492454528808594 10
    endloop
  endfacet
  facet normal -0.7071082482754615 0.7071053140945898 0
    outer loop
      vertex -13.948186874389648 -16.281639099121094 6
      vertex -13.948186874389648 -16.281639099121094 10
      vertex -13.718361854553223 -16.05181312561035 10
    endloop
  endfacet
  facet normal 0 0 -1
    outer loop
      vertex -13.948186874389648 -16.281639099121094 6
      vertex -13.718361854553223 -16.05181312561035 6
      vertex -13.08761215209961 -17.330251693725586 6
    endloop
  endfacet
  facet normal -0.7071082482754615 0.7071053140945898 0
    outer loop
      vertex -13.948186874389648 -16.281639099121094 6
      vertex -13.718361854553223 -16.05181312561035 10
      vertex -13.718361854553223 -16.05181312561035 6
    endloop
  endfacet
  facet normal 0 0 -1
    outer loop
      vertex -13.948186874389648 -16.281639099121094 6
      vertex -13.08761215209961 -17.330251693725586 6
      vertex -13.578968048095703 -17.658565521240234 6
    endloop
  endfacet
  facet normal 0 0 1
    outer loop
      vertex -13.948186874389648 -16.281639099121094 10
      vertex -10.09999942779541 -14.607542991638184 10
      vertex -13.718361854553223 -16.05181312561035 10
    endloop
  endfacet
  facet normal -0.7071067811865475 -0.7071067811865475 0
    outer loop
      vertex -13.948186874389648 -13.718361854553223 6
      vertex -13.718361854553223 -13.948186874389648 6
      vertex -13.948186874389648 -13.718361854553223 10
    endloop
  endfacet
  facet normal 0 0 -1
    outer loop
      vertex -13.948186874389648 -13.718361854553223 6
      vertex -13.578968048095703 -12.341435432434082 6
      vertex -13.08761215209961 -12.669748306274414 6
    endloop
  endfacet
  facet normal 0 0 -1
    outer loop
      vertex -13.948186874389648 -13.718361854553223 6
      vertex -13.08761215209961 -12.669748306274414 6
      vertex -13.718361854553223 -13.948186874389648 6
    endloop
  endfacet
  facet normal -0.7071067811865475 -0.7071067811865475 0
    outer loop
      vertex -13.948186874389648 -13.718361854553223 10
      vertex -13.718361854553223 -13.948186874389648 6
      vertex -13.718361854553223 -13.948186874389648 10
    endloop
  endfacet
  facet normal 0 0 1
    outer loop
      vertex -13.948186874389648 -13.718361854553223 10
      vertex -13.718361854553223 -13.948186874389648 10
      vertex -11.91268539428711 -11.216245651245117 10
    endloop
  endfacet
  facet normal -0.8314684154429262 0.5555720242424284 0
    outer loop
      vertex -13.718361854553223 -47.05181121826172 6
      vertex -13.718361854553223 -47.05181121826172 10
      vertex -13.537789344787598 -46.78156661987305 10
    endloop
  endfacet
  facet normal 0 0 -1
    outer loop
      vertex -13.718361854553223 -47.05181121826172 6
      vertex -13.537789344787598 -46.78156661987305 6
      vertex -12.669748306274414 -47.91238784790039 6
    endloop
  endfacet
  facet normal -0.8314684154429262 0.5555720242424284 0
    outer loop
      vertex -13.718361854553223 -47.05181121826172 6
      vertex -13.537789344787598 -46.78156661987305 10
      vertex -13.537789344787598 -46.78156661987305 6
    endloop
  endfacet
  facet normal 0 0 -1
    outer loop
      vertex -13.718361854553223 -47.05181121826172 6
      vertex -12.669748306274414 -47.91238784790039 6
      vertex -13.08761215209961 -48.33025360107422 6
    endloop
  endfacet
  facet normal 0 0 1
    outer loop
      vertex -13.718361854553223 -47.05181121826172 10
      vertex -11.216245651245117 -49.187313079833984 10
      vertex -10.66905689239502 -48.368385314941406 10
    endloop
  endfacet
  facet normal 0 0 1
    outer loop
      vertex -13.718361854553223 -47.05181121826172 10
      vertex -10.66905689239502 -48.368385314941406 10
      vertex -13.537789344787598 -46.78156661987305 10
    endloop
  endfacet
  facet normal -0.8314684154429262 -0.5555720242424284 0
    outer loop
      vertex -13.718361854553223 -44.94818878173828 6
      vertex -13.537789344787598 -45.21843338012695 6
      vertex -13.718361854553223 -44.94818878173828 10
    endloop
  endfacet
  facet normal 0 0 -1
    outer loop
      vertex -13.718361854553223 -44.94818878173828 6
      vertex -13.08761215209961 -43.66974639892578 6
      vertex -12.669748306274414 -44.08761215209961 6
    endloop
  endfacet
  facet normal 0 0 -1
    outer loop
      vertex -13.718361854553223 -44.94818878173828 6
      vertex -12.669748306274414 -44.08761215209961 6
      vertex -13.537789344787598 -45.21843338012695 6
    endloop
  endfacet
  facet normal -0.8314684154429262 -0.5555720242424284 0
    outer loop
      vertex -13.718361854553223 -44.94818878173828 10
      vertex -13.537789344787598 -45.21843338012695 6
      vertex -13.537789344787598 -45.21843338012695 10
    endloop
  endfacet
  facet normal 0 0 1
    outer loop
      vertex -13.718361854553223 -44.94818878173828 10
      vertex -13.537789344787598 -45.21843338012695 10
      vertex -10.09999942779541 -46.492454528808594 10
    endloop
  endfacet
  facet normal -0.831469321108729 0.5555706688216986 0
    outer loop
      vertex -13.718361854553223 -16.05181312561035 6
      vertex -13.718361854553223 -16.05181312561035 10
      vertex -13.537789344787598 -15.781567573547363 10
    endloop
  endfacet
  facet normal 0 0 -1
    outer loop
      vertex -13.718361854553223 -16.05181312561035 6
      vertex -13.537789344787598 -15.781567573547363 6
      vertex -12.669748306274414 -16.91238784790039 6
    endloop
  endfacet
  facet normal -0.831469321108729 0.5555706688216986 0
    outer loop
      vertex -13.718361854553223 -16.05181312561035 6
      vertex -13.537789344787598 -15.781567573547363 10
      vertex -13.537789344787598 -15.781567573547363 6
    endloop
  endfacet
  facet normal 0 0 -1
    outer loop
      vertex -13.718361854553223 -16.05181312561035 6
      vertex -12.669748306274414 -16.91238784790039 6
      vertex -13.08761215209961 -17.330251693725586 6
    endloop
  endfacet
  facet normal 0 0 1
    outer loop
      vertex -13.718361854553223 -16.05181312561035 10
      vertex -10.09999942779541 -14.607542991638184 10
      vertex -13.537789344787598 -15.781567573547363 10
    endloop
  endfacet
  facet normal -0.831469321108729 -0.5555706688216986 0
    outer loop
      vertex -13.718361854553223 -13.948186874389648 6
      vertex -13.537789344787598 -14.218432426452637 6
      vertex -13.718361854553223 -13.948186874389648 10
    endloop
  endfacet
  facet normal 0 0 -1
    outer loop
      vertex -13.718361854553223 -13.948186874389648 6
      vertex -13.08761215209961 -12.669748306274414 6
      vertex -12.669748306274414 -13.08761215209961 6
    endloop
  endfacet
  facet normal 0 0 -1
    outer loop
      vertex -13.718361854553223 -13.948186874389648 6
      vertex -12.669748306274414 -13.08761215209961 6
      vertex -13.537789344787598 -14.218432426452637 6
    endloop
  endfacet
  facet normal -0.831469321108729 -0.5555706688216986 0
    outer loop
      vertex -13.718361854553223 -13.948186874389648 10
      vertex -13.537789344787598 -14.218432426452637 6
      vertex -13.537789344787598 -14.218432426452637 10
    endloop
  endfacet
  facet normal 0 0 1
    outer loop
      vertex -13.718361854553223 -13.948186874389648 10
      vertex -13.537789344787598 -14.218432426452637 10
      vertex -11.216245651245117 -11.91268539428711 10
    endloop
  endfacet
  facet normal 0 0 1
    outer loop
      vertex -13.718361854553223 -13.948186874389648 10
      vertex -11.216245651245117 -11.91268539428711 10
      vertex -11.91268539428711 -11.216245651245117 10
    endloop
  endfacet
  facet normal 0.3826839404375073 -0.923879322060637 0
    outer loop
      vertex -13.64155387878418 -50.80785369873047 -20
      vertex -12.731611251831055 -50.43094253540039 -20
      vertex -12.731611251831055 -50.43094253540039 10
    endloop
  endfacet
  facet normal 0.3826839404375073 -0.923879322060637 0
    outer loop
      vertex -13.64155387878418 -50.80785369873047 -20
      vertex -12.731611251831055 -50.43094253540039 10
      vertex -13.64155387878418 -50.80785369873047 10
    endloop
  endfacet
  facet normal 0 0 1
    outer loop
      vertex -13.64155387878418 -50.80785369873047 -20
      vertex 5.492456436157227 -51 -20
      vertex -12.731611251831055 -50.43094253540039 -20
    endloop
  endfacet
  facet normal 0.3826831139580588 0.923879664399733 0
    outer loop
      vertex -13.64155387878418 -10.292146682739258 -20
      vertex -13.64155387878418 -10.292146682739258 10
      vertex -12.731611251831055 -10.66905689239502 -20
    endloop
  endfacet
  facet normal 0 0 1
    outer loop
      vertex -13.64155387878418 -10.292146682739258 -20
      vertex -12.731611251831055 -10.66905689239502 -20
      vertex -10.5 -10.5 -20
    endloop
  endfacet
  facet normal 0.3826831139580588 0.923879664399733 0
    outer loop
      vertex -13.64155387878418 -10.292146682739258 10
      vertex -12.731611251831055 -10.66905689239502 10
      vertex -12.731611251831055 -10.66905689239502 -20
    endloop
  endfacet
  facet normal -0.5555683692089854 0.8314708576579628 0
    outer loop
      vertex -13.578968048095703 -48.658565521240234 -25
      vertex -13.578968048095703 -48.658565521240234 6
      vertex -13.08761215209961 -48.33025360107422 -25
    endloop
  endfacet
  facet normal 0 0 -1
    outer loop
      vertex -13.578968048095703 -48.658565521240234 -25
      vertex -13.08761215209961 -48.33025360107422 -25
      vertex 5.192456245422363 -50.70000076293945 -25
    endloop
  endfacet
  facet normal -0.5555683692089854 0.8314708576579628 0
    outer loop
      vertex -13.578968048095703 -48.658565521240234 6
      vertex -13.08761215209961 -48.33025360107422 6
      vertex -13.08761215209961 -48.33025360107422 -25
    endloop
  endfacet
  facet normal -0.5555683692089854 -0.8314708576579628 0
    outer loop
      vertex -13.578968048095703 -43.341434478759766 -25
      vertex -13.08761215209961 -43.66974639892578 -25
      vertex -13.08761215209961 -43.66974639892578 6
    endloop
  endfacet
  facet normal -0.5555683692089854 -0.8314708576579628 0
    outer loop
      vertex -13.578968048095703 -43.341434478759766 -25
      vertex -13.08761215209961 -43.66974639892578 6
      vertex -13.578968048095703 -43.341434478759766 6
    endloop
  endfacet
  facet normal 0 0 -1
    outer loop
      vertex -13.578968048095703 -43.341434478759766 -25
      vertex -1.4179010391235352 -40.24211502075195 -25
      vertex -13.08761215209961 -43.66974639892578 -25
    endloop
  endfacet
  facet normal 0 0 -1
    outer loop
      vertex -13.578968048095703 -43.341434478759766 -25
      vertex -1.2428007125854492 -39.98005676269531 -25
      vertex -1.4179010391235352 -40.24211502075195 -25
    endloop
  endfacet
  facet normal -0.5555706005905418 0.831469366699378 0
    outer loop
      vertex -13.578968048095703 -17.658565521240234 -25
      vertex -13.578968048095703 -17.658565521240234 6
      vertex -13.08761215209961 -17.330251693725586 -25
    endloop
  endfacet
  facet normal 0 0 -1
    outer loop
      vertex -13.578968048095703 -17.658565521240234 -25
      vertex -13.08761215209961 -17.330251693725586 -25
      vertex -1.2428007125854492 -21.019941329956055 -25
    endloop
  endfacet
  facet normal -0.5555706005905418 0.831469366699378 0
    outer loop
      vertex -13.578968048095703 -17.658565521240234 6
      vertex -13.08761215209961 -17.330251693725586 6
      vertex -13.08761215209961 -17.330251693725586 -25
    endloop
  endfacet
  facet normal -0.555569484901264 -0.8314701121787507 0
    outer loop
      vertex -13.578968048095703 -12.341435432434082 -25
      vertex -13.08761215209961 -12.669748306274414 -25
      vertex -13.08761215209961 -12.669748306274414 6
    endloop
  endfacet
  facet normal -0.555569484901264 -0.8314701121787507 0
    outer loop
      vertex -13.578968048095703 -12.341435432434082 -25
      vertex -13.08761215209961 -12.669748306274414 6
      vertex -13.578968048095703 -12.341435432434082 6
    endloop
  endfacet
  facet normal 0 0 -1
    outer loop
      vertex -13.578968048095703 -12.341435432434082 -25
      vertex -10.799999237060547 -10.799999237060547 -25
      vertex -13.08761215209961 -12.669748306274414 -25
    endloop
  endfacet
  facet normal -0.9238801507503016 0.3826819398006651 0
    outer loop
      vertex -13.537789344787598 -46.78156661987305 6
      vertex -13.537789344787598 -46.78156661987305 10
      vertex -13.413409233093262 -46.481285095214844 10
    endloop
  endfacet
  facet normal 0 0 -1
    outer loop
      vertex -13.537789344787598 -46.78156661987305 6
      vertex -13.413409233093262 -46.481285095214844 6
      vertex -12.341435432434082 -47.4210319519043 6
    endloop
  endfacet
  facet normal -0.9238801507503016 0.3826819398006651 0
    outer loop
      vertex -13.537789344787598 -46.78156661987305 6
      vertex -13.413409233093262 -46.481285095214844 10
      vertex -13.413409233093262 -46.481285095214844 6
    endloop
  endfacet
  facet normal 0 0 -1
    outer loop
      vertex -13.537789344787598 -46.78156661987305 6
      vertex -12.341435432434082 -47.4210319519043 6
      vertex -12.669748306274414 -47.91238784790039 6
    endloop
  endfacet
  facet normal 0 0 1
    outer loop
      vertex -13.537789344787598 -46.78156661987305 10
      vertex -10.66905689239502 -48.368385314941406 10
      vertex -10.292146682739258 -47.45844268798828 10
    endloop
  endfacet
  facet normal 0 0 1
    outer loop
      vertex -13.537789344787598 -46.78156661987305 10
      vertex -10.292146682739258 -47.45844268798828 10
      vertex -13.413409233093262 -46.481285095214844 10
    endloop
  endfacet
  facet normal -0.9238801507503016 -0.3826819398006651 0
    outer loop
      vertex -13.537789344787598 -45.21843338012695 6
      vertex -13.413409233093262 -45.518714904785156 6
      vertex -13.537789344787598 -45.21843338012695 10
    endloop
  endfacet
  facet normal 0 0 -1
    outer loop
      vertex -13.537789344787598 -45.21843338012695 6
      vertex -12.669748306274414 -44.08761215209961 6
      vertex -12.341435432434082 -44.5789680480957 6
    endloop
  endfacet
  facet normal 0 0 -1
    outer loop
      vertex -13.537789344787598 -45.21843338012695 6
      vertex -12.341435432434082 -44.5789680480957 6
      vertex -13.413409233093262 -45.518714904785156 6
    endloop
  endfacet
  facet normal -0.9238801507503016 -0.3826819398006651 0
    outer loop
      vertex -13.537789344787598 -45.21843338012695 10
      vertex -13.413409233093262 -45.518714904785156 6
      vertex -13.413409233093262 -45.518714904785156 10
    endloop
  endfacet
  facet normal 0 0 1
    outer loop
      vertex -13.537789344787598 -45.21843338012695 10
      vertex -13.413409233093262 -45.518714904785156 10
      vertex -10.09999942779541 -46.492454528808594 10
    endloop
  endfacet
  facet normal -0.9238797210508393 0.38268297719002803 0
    outer loop
      vertex -13.537789344787598 -15.781567573547363 6
      vertex -13.537789344787598 -15.781567573547363 10
      vertex -13.413409233093262 -15.481287002563477 10
    endloop
  endfacet
  facet normal 0 0 -1
    outer loop
      vertex -13.537789344787598 -15.781567573547363 6
      vertex -13.413409233093262 -15.481287002563477 6
      vertex -12.341435432434082 -16.421031951904297 6
    endloop
  endfacet
  facet normal -0.9238797210508393 0.38268297719002803 0
    outer loop
      vertex -13.537789344787598 -15.781567573547363 6
      vertex -13.413409233093262 -15.481287002563477 10
      vertex -13.413409233093262 -15.481287002563477 6
    endloop
  endfacet
  facet normal 0 0 -1
    outer loop
      vertex -13.537789344787598 -15.781567573547363 6
      vertex -12.341435432434082 -16.421031951904297 6
      vertex -12.669748306274414 -16.91238784790039 6
    endloop
  endfacet
  facet normal 0 0 1
    outer loop
      vertex -13.537789344787598 -15.781567573547363 10
      vertex -10.09999942779541 -14.607542991638184 10
      vertex -13.413409233093262 -15.481287002563477 10
    endloop
  endfacet
  facet normal -0.9238797210508393 -0.38268297719002803 0
    outer loop
      vertex -13.537789344787598 -14.218432426452637 6
      vertex -13.413409233093262 -14.518712997436523 6
      vertex -13.537789344787598 -14.218432426452637 10
    endloop
  endfacet
  facet normal 0 0 -1
    outer loop
      vertex -13.537789344787598 -14.218432426452637 6
      vertex -12.669748306274414 -13.08761215209961 6
      vertex -12.341435432434082 -13.578968048095703 6
    endloop
  endfacet
  facet normal 0 0 -1
    outer loop
      vertex -13.537789344787598 -14.218432426452637 6
      vertex -12.341435432434082 -13.578968048095703 6
      vertex -13.413409233093262 -14.518712997436523 6
    endloop
  endfacet
  facet normal -0.9238797210508393 -0.38268297719002803 0
    outer loop
      vertex -13.537789344787598 -14.218432426452637 10
      vertex -13.413409233093262 -14.518712997436523 6
      vertex -13.413409233093262 -14.518712997436523 10
    endloop
  endfacet
  facet normal 0 0 1
    outer loop
      vertex -13.537789344787598 -14.218432426452637 10
      vertex -13.413409233093262 -14.518712997436523 10
      vertex -10.66905689239502 -12.731611251831055 10
    endloop
  endfacet
  facet normal 0 0 1
    outer loop
      vertex -13.537789344787598 -14.218432426452637 10
      vertex -10.66905689239502 -12.731611251831055 10
      vertex -11.216245651245117 -11.91268539428711 10
    endloop
  endfacet
  facet normal 0.45652647279763514 0.683240952154332 -0.5698819008656023
    outer loop
      vertex -13.431611061096191 9.130942344665527 -25
      vertex -13.131611824035645 9.430941581726074 -24.399999618530273
      vertex -12.312685012817383 8.883752822875977 -24.399999618530273
    endloop
  endfacet
  facet normal 0.4565266356965031 0.683240400287226 -0.5698824320111855
    outer loop
      vertex -13.431611061096191 9.130942344665527 -25
      vertex -12.312685012817383 8.883752822875977 -24.399999618530273
      vertex -12.612685203552246 8.58375358581543 -25
    endloop
  endfacet
  facet normal -0.9807849704454432 0.19509188027268318 0
    outer loop
      vertex -13.413409233093262 -46.481285095214844 6
      vertex -13.413409233093262 -46.481285095214844 10
      vertex -13.350000381469727 -46.16250991821289 10
    endloop
  endfacet
  facet normal 0 0 -1
    outer loop
      vertex -13.413409233093262 -46.481285095214844 6
      vertex -13.350000381469727 -46.16250991821289 6
      vertex -12.115288734436035 -46.87506866455078 6
    endloop
  endfacet
  facet normal -0.9807849704454432 0.19509188027268318 0
    outer loop
      vertex -13.413409233093262 -46.481285095214844 6
      vertex -13.350000381469727 -46.16250991821289 10
      vertex -13.350000381469727 -46.16250991821289 6
    endloop
  endfacet
  facet normal 0 0 -1
    outer loop
      vertex -13.413409233093262 -46.481285095214844 6
      vertex -12.115288734436035 -46.87506866455078 6
      vertex -12.341435432434082 -47.4210319519043 6
    endloop
  endfacet
  facet normal 0 0 1
    outer loop
      vertex -13.413409233093262 -46.481285095214844 10
      vertex -10.292146682739258 -47.45844268798828 10
      vertex -10.09999942779541 -46.492454528808594 10
    endloop
  endfacet
  facet normal 0 0 1
    outer loop
      vertex -13.413409233093262 -46.481285095214844 10
      vertex -10.09999942779541 -46.492454528808594 10
      vertex -13.350000381469727 -46.16250991821289 10
    endloop
  endfacet
  facet normal -0.9807849704454432 -0.19509188027268318 0
    outer loop
      vertex -13.413409233093262 -45.518714904785156 6
      vertex -13.350000381469727 -45.83749008178711 6
      vertex -13.413409233093262 -45.518714904785156 10
    endloop
  endfacet
  facet normal 0 0 -1
    outer loop
      vertex -13.413409233093262 -45.518714904785156 6
      vertex -12.341435432434082 -44.5789680480957 6
      vertex -12.115288734436035 -45.12493133544922 6
    endloop
  endfacet
  facet normal 0 0 -1
    outer loop
      vertex -13.413409233093262 -45.518714904785156 6
      vertex -12.115288734436035 -45.12493133544922 6
      vertex -13.350000381469727 -45.83749008178711 6
    endloop
  endfacet
  facet normal -0.9807849704454432 -0.19509188027268318 0
    outer loop
      vertex -13.413409233093262 -45.518714904785156 10
      vertex -13.350000381469727 -45.83749008178711 6
      vertex -13.350000381469727 -45.83749008178711 10
    endloop
  endfacet
  facet normal 0 0 1
    outer loop
      vertex -13.413409233093262 -45.518714904785156 10
      vertex -13.350000381469727 -45.83749008178711 10
      vertex -10.09999942779541 -46.492454528808594 10
    endloop
  endfacet
  facet normal -0.9807851937995943 0.19509075740150308 0
    outer loop
      vertex -13.413409233093262 -15.481287002563477 6
      vertex -13.413409233093262 -15.481287002563477 10
      vertex -13.350000381469727 -15.16250991821289 10
    endloop
  endfacet
  facet normal 0 0 -1
    outer loop
      vertex -13.413409233093262 -15.481287002563477 6
      vertex -13.350000381469727 -15.16250991821289 6
      vertex -12.115288734436035 -15.875067710876465 6
    endloop
  endfacet
  facet normal -0.9807851937995943 0.19509075740150308 0
    outer loop
      vertex -13.413409233093262 -15.481287002563477 6
      vertex -13.350000381469727 -15.16250991821289 10
      vertex -13.350000381469727 -15.16250991821289 6
    endloop
  endfacet
  facet normal 0 0 -1
    outer loop
      vertex -13.413409233093262 -15.481287002563477 6
      vertex -12.115288734436035 -15.875067710876465 6
      vertex -12.341435432434082 -16.421031951904297 6
    endloop
  endfacet
  facet normal 0 0 1
    outer loop
      vertex -13.413409233093262 -15.481287002563477 10
      vertex -10.09999942779541 -14.607542991638184 10
      vertex -13.350000381469727 -15.16250991821289 10
    endloop
  endfacet
  facet normal -0.9807851937995943 -0.19509075740150308 0
    outer loop
      vertex -13.413409233093262 -14.518712997436523 6
      vertex -13.350000381469727 -14.83749008178711 6
      vertex -13.413409233093262 -14.518712997436523 10
    endloop
  endfacet
  facet normal 0 0 -1
    outer loop
      vertex -13.413409233093262 -14.518712997436523 6
      vertex -12.341435432434082 -13.578968048095703 6
      vertex -12.115288734436035 -14.124932289123535 6
    endloop
  endfacet
  facet normal 0 0 -1
    outer loop
      vertex -13.413409233093262 -14.518712997436523 6
      vertex -12.115288734436035 -14.124932289123535 6
      vertex -13.350000381469727 -14.83749008178711 6
    endloop
  endfacet
  facet normal -0.9807851937995943 -0.19509075740150308 0
    outer loop
      vertex -13.413409233093262 -14.518712997436523 10
      vertex -13.350000381469727 -14.83749008178711 6
      vertex -13.350000381469727 -14.83749008178711 10
    endloop
  endfacet
  facet normal 0 0 1
    outer loop
      vertex -13.413409233093262 -14.518712997436523 10
      vertex -13.350000381469727 -14.83749008178711 10
      vertex -10.292146682739258 -13.64155387878418 10
    endloop
  endfacet
  facet normal 0 0 1
    outer loop
      vertex -13.413409233093262 -14.518712997436523 10
      vertex -10.292146682739258 -13.64155387878418 10
      vertex -10.66905689239502 -12.731611251831055 10
    endloop
  endfacet
  facet normal -1 0 0
    outer loop
      vertex -13.350000381469727 -46.16250991821289 6
      vertex -13.350000381469727 -46.16250991821289 10
      vertex -13.350000381469727 -45.83749008178711 10
    endloop
  endfacet
  facet normal 0 0 -1
    outer loop
      vertex -13.350000381469727 -46.16250991821289 6
      vertex -13.350000381469727 -45.83749008178711 6
      vertex -12 -45.704524993896484 6
    endloop
  endfacet
  facet normal -1 0 0
    outer loop
      vertex -13.350000381469727 -46.16250991821289 6
      vertex -13.350000381469727 -45.83749008178711 10
      vertex -13.350000381469727 -45.83749008178711 6
    endloop
  endfacet
  facet normal 0 0 -1
    outer loop
      vertex -13.350000381469727 -46.16250991821289 6
      vertex -12 -46.295475006103516 6
      vertex -12.115288734436035 -46.87506866455078 6
    endloop
  endfacet
  facet normal 0 0 -1
    outer loop
      vertex -13.350000381469727 -46.16250991821289 6
      vertex -12 -45.704524993896484 6
      vertex -12 -46.295475006103516 6
    endloop
  endfacet
  facet normal 0 0 1
    outer loop
      vertex -13.350000381469727 -46.16250991821289 10
      vertex -10.09999942779541 -46.492454528808594 10
      vertex -13.350000381469727 -45.83749008178711 10
    endloop
  endfacet
  facet normal 0 0 -1
    outer loop
      vertex -13.350000381469727 -45.83749008178711 6
      vertex -12.115288734436035 -45.12493133544922 6
      vertex -12 -45.704524993896484 6
    endloop
  endfacet
  facet normal -1 0 0
    outer loop
      vertex -13.350000381469727 -15.16250991821289 6
      vertex -13.350000381469727 -15.16250991821289 10
      vertex -13.350000381469727 -14.83749008178711 10
    endloop
  endfacet
  facet normal 0 0 -1
    outer loop
      vertex -13.350000381469727 -15.16250991821289 6
      vertex -13.350000381469727 -14.83749008178711 6
      vertex -12 -14.7045259475708 6
    endloop
  endfacet
  facet normal -1 0 0
    outer loop
      vertex -13.350000381469727 -15.16250991821289 6
      vertex -13.350000381469727 -14.83749008178711 10
      vertex -13.350000381469727 -14.83749008178711 6
    endloop
  endfacet
  facet normal 0 0 -1
    outer loop
      vertex -13.350000381469727 -15.16250991821289 6
      vertex -12 -15.2954740524292 6
      vertex -12.115288734436035 -15.875067710876465 6
    endloop
  endfacet
  facet normal 0 0 -1
    outer loop
      vertex -13.350000381469727 -15.16250991821289 6
      vertex -12 -14.7045259475708 6
      vertex -12 -15.2954740524292 6
    endloop
  endfacet
  facet normal 0 0 1
    outer loop
      vertex -13.350000381469727 -15.16250991821289 10
      vertex -10.09999942779541 -14.607542991638184 10
      vertex -13.350000381469727 -14.83749008178711 10
    endloop
  endfacet
  facet normal 0 0 -1
    outer loop
      vertex -13.350000381469727 -14.83749008178711 6
      vertex -12.115288734436035 -14.124932289123535 6
      vertex -12 -14.7045259475708 6
    endloop
  endfacet
  facet normal 0 0 1
    outer loop
      vertex -13.350000381469727 -14.83749008178711 10
      vertex -10.09999942779541 -14.607542991638184 10
      vertex -10.292146682739258 -13.64155387878418 10
    endloop
  endfacet
  facet normal 0.5555697820814951 0.8314699136095788 0
    outer loop
      vertex -13.131611824035645 9.430941581726074 -24.399999618530273
      vertex -13.131611824035645 9.430941581726074 -20
      vertex -12.312685012817383 8.883752822875977 -24.399999618530273
    endloop
  endfacet
  facet normal 0.5555697820814951 0.8314699136095788 0
    outer loop
      vertex -13.131611824035645 9.430941581726074 -20
      vertex -12.312685012817383 8.883752822875977 -20
      vertex -12.312685012817383 8.883752822875977 -24.399999618530273
    endloop
  endfacet
  facet normal -0.7071083949831809 0.707105167386231 0
    outer loop
      vertex -13.08761215209961 -48.33025360107422 -25
      vertex -13.08761215209961 -48.33025360107422 6
      vertex -12.669748306274414 -47.91238784790039 6
    endloop
  endfacet
  facet normal 0 0 -1
    outer loop
      vertex -13.08761215209961 -48.33025360107422 -25
      vertex -12.669748306274414 -47.91238784790039 -25
      vertex 5.192456245422363 -50.70000076293945 -25
    endloop
  endfacet
  facet normal -0.7071083949831809 0.707105167386231 0
    outer loop
      vertex -13.08761215209961 -48.33025360107422 -25
      vertex -12.669748306274414 -47.91238784790039 6
      vertex -12.669748306274414 -47.91238784790039 -25
    endloop
  endfacet
  facet normal -0.7071083949831809 -0.707105167386231 0
    outer loop
      vertex -13.08761215209961 -43.66974639892578 -25
      vertex -12.669748306274414 -44.08761215209961 -25
      vertex -13.08761215209961 -43.66974639892578 6
    endloop
  endfacet
  facet normal 0 0 -1
    outer loop
      vertex -13.08761215209961 -43.66974639892578 -25
      vertex -1.5385122299194336 -40.533294677734375 -25
      vertex -12.669748306274414 -44.08761215209961 -25
    endloop
  endfacet
  facet normal 0 0 -1
    outer loop
      vertex -13.08761215209961 -43.66974639892578 -25
      vertex -1.4179010391235352 -40.24211502075195 -25
      vertex -1.5385122299194336 -40.533294677734375 -25
    endloop
  endfacet
  facet normal -0.7071083949831809 -0.707105167386231 0
    outer loop
      vertex -13.08761215209961 -43.66974639892578 6
      vertex -12.669748306274414 -44.08761215209961 -25
      vertex -12.669748306274414 -44.08761215209961 6
    endloop
  endfacet
  facet normal -0.7071067811865476 0.7071067811865476 0
    outer loop
      vertex -13.08761215209961 -17.330251693725586 -25
      vertex -13.08761215209961 -17.330251693725586 6
      vertex -12.669748306274414 -16.91238784790039 6
    endloop
  endfacet
  facet normal 0 0 -1
    outer loop
      vertex -13.08761215209961 -17.330251693725586 -25
      vertex -12.669748306274414 -16.91238784790039 -25
      vertex -1.2428007125854492 -21.019941329956055 -25
    endloop
  endfacet
  facet normal -0.7071067811865476 0.7071067811865476 0
    outer loop
      vertex -13.08761215209961 -17.330251693725586 -25
      vertex -12.669748306274414 -16.91238784790039 6
      vertex -12.669748306274414 -16.91238784790039 -25
    endloop
  endfacet
  facet normal -0.7071067811865476 -0.7071067811865476 0
    outer loop
      vertex -13.08761215209961 -12.669748306274414 -25
      vertex -12.669748306274414 -13.08761215209961 -25
      vertex -13.08761215209961 -12.669748306274414 6
    endloop
  endfacet
  facet normal 0 0 -1
    outer loop
      vertex -13.08761215209961 -12.669748306274414 -25
      vertex -10.799999237060547 -10.799999237060547 -25
      vertex -12.669748306274414 -13.08761215209961 -25
    endloop
  endfacet
  facet normal -0.7071067811865476 -0.7071067811865476 0
    outer loop
      vertex -13.08761215209961 -12.669748306274414 6
      vertex -12.669748306274414 -13.08761215209961 -25
      vertex -12.669748306274414 -13.08761215209961 6
    endloop
  endfacet
  facet normal 0.5555722376056961 -0.8314682728774442 0
    outer loop
      vertex -12.731611251831055 -50.43094253540039 -20
      vertex -11.91268539428711 -49.883750915527344 -20
      vertex -11.91268539428711 -49.883750915527344 10
    endloop
  endfacet
  facet normal 0.5555722376056961 -0.8314682728774442 0
    outer loop
      vertex -12.731611251831055 -50.43094253540039 -20
      vertex -11.91268539428711 -49.883750915527344 10
      vertex -12.731611251831055 -50.43094253540039 10
    endloop
  endfacet
  facet normal 0 0 1
    outer loop
      vertex -12.731611251831055 -50.43094253540039 -20
      vertex 5.492456436157227 -51 -20
      vertex -11.91268539428711 -49.883750915527344 -20
    endloop
  endfacet
  facet normal 0.5555702293692022 0.8314696147416645 0
    outer loop
      vertex -12.731611251831055 -10.66905689239502 -20
      vertex -12.731611251831055 -10.66905689239502 10
      vertex -11.91268539428711 -11.216245651245117 -20
    endloop
  endfacet
  facet normal 0 0 1
    outer loop
      vertex -12.731611251831055 -10.66905689239502 -20
      vertex -11.91268539428711 -11.216245651245117 -20
      vertex -10.5 -10.5 -20
    endloop
  endfacet
  facet normal 0.5555702293692022 0.8314696147416645 0
    outer loop
      vertex -12.731611251831055 -10.66905689239502 10
      vertex -11.91268539428711 -11.216245651245117 10
      vertex -11.91268539428711 -11.216245651245117 -20
    endloop
  endfacet
  facet normal -0.8314701121787507 0.555569484901264 0
    outer loop
      vertex -12.669748306274414 -47.91238784790039 -25
      vertex -12.669748306274414 -47.91238784790039 6
      vertex -12.341435432434082 -47.4210319519043 6
    endloop
  endfacet
  facet normal 0 0 -1
    outer loop
      vertex -12.669748306274414 -47.91238784790039 -25
      vertex -12.341435432434082 -47.4210319519043 -25
      vertex 5.192456245422363 -50.70000076293945 -25
    endloop
  endfacet
  facet normal -0.8314701121787507 0.555569484901264 0
    outer loop
      vertex -12.669748306274414 -47.91238784790039 -25
      vertex -12.341435432434082 -47.4210319519043 6
      vertex -12.341435432434082 -47.4210319519043 -25
    endloop
  endfacet
  facet normal -0.8314701121787507 -0.555569484901264 0
    outer loop
      vertex -12.669748306274414 -44.08761215209961 -25
      vertex -12.341435432434082 -44.5789680480957 -25
      vertex -12.669748306274414 -44.08761215209961 6
    endloop
  endfacet
  facet normal 0 0 -1
    outer loop
      vertex -12.669748306274414 -44.08761215209961 -25
      vertex -1.5999994277954102 -40.84241485595703 -25
      vertex -12.341435432434082 -44.5789680480957 -25
    endloop
  endfacet
  facet normal 0 0 -1
    outer loop
      vertex -12.669748306274414 -44.08761215209961 -25
      vertex -1.5385122299194336 -40.533294677734375 -25
      vertex -1.5999994277954102 -40.84241485595703 -25
    endloop
  endfacet
  facet normal -0.8314701121787507 -0.555569484901264 0
    outer loop
      vertex -12.669748306274414 -44.08761215209961 6
      vertex -12.341435432434082 -44.5789680480957 -25
      vertex -12.341435432434082 -44.5789680480957 6
    endloop
  endfacet
  facet normal -0.8314701121787507 0.555569484901264 0
    outer loop
      vertex -12.669748306274414 -16.91238784790039 -25
      vertex -12.669748306274414 -16.91238784790039 6
      vertex -12.341435432434082 -16.421031951904297 6
    endloop
  endfacet
  facet normal 0 0 -1
    outer loop
      vertex -12.669748306274414 -16.91238784790039 -25
      vertex -12.341435432434082 -16.421031951904297 -25
      vertex -1.2428007125854492 -21.019941329956055 -25
    endloop
  endfacet
  facet normal -0.8314701121787507 0.555569484901264 0
    outer loop
      vertex -12.669748306274414 -16.91238784790039 -25
      vertex -12.341435432434082 -16.421031951904297 6
      vertex -12.341435432434082 -16.421031951904297 -25
    endloop
  endfacet
  facet normal -0.8314701121787507 -0.555569484901264 0
    outer loop
      vertex -12.669748306274414 -13.08761215209961 -25
      vertex -12.341435432434082 -13.578968048095703 -25
      vertex -12.669748306274414 -13.08761215209961 6
    endloop
  endfacet
  facet normal 0 0 -1
    outer loop
      vertex -12.669748306274414 -13.08761215209961 -25
      vertex -10.799999237060547 -10.799999237060547 -25
      vertex -12.341435432434082 -13.578968048095703 -25
    endloop
  endfacet
  facet normal -0.8314701121787507 -0.555569484901264 0
    outer loop
      vertex -12.669748306274414 -13.08761215209961 6
      vertex -12.341435432434082 -13.578968048095703 -25
      vertex -12.341435432434082 -13.578968048095703 6
    endloop
  endfacet
  facet normal 0.5773505750806109 0.5773505750806109 -0.5773496574071694
    outer loop
      vertex -12.612685203552246 8.58375358581543 -25
      vertex -12.312685012817383 8.883752822875977 -24.399999618530273
      vertex -11.916245460510254 7.8873138427734375 -25
    endloop
  endfacet
  facet normal -0.9238787548503221 0.3826853097993421 0
    outer loop
      vertex -12.341435432434082 -47.4210319519043 -25
      vertex -12.341435432434082 -47.4210319519043 6
      vertex -12.115288734436035 -46.87506866455078 6
    endloop
  endfacet
  facet normal 0 0 -1
    outer loop
      vertex -12.341435432434082 -47.4210319519043 -25
      vertex -12.115288734436035 -46.87506866455078 -25
      vertex -0.7578840255737305 -42.41790008544922 -25
    endloop
  endfacet
  facet normal -0.9238787548503221 0.3826853097993421 0
    outer loop
      vertex -12.341435432434082 -47.4210319519043 -25
      vertex -12.115288734436035 -46.87506866455078 6
      vertex -12.115288734436035 -46.87506866455078 -25
    endloop
  endfacet
  facet normal 0 0 -1
    outer loop
      vertex -12.341435432434082 -47.4210319519043 -25
      vertex -0.7578840255737305 -42.41790008544922 -25
      vertex -0.4667024612426758 -42.53851318359375 -25
    endloop
  endfacet
  facet normal 0 0 -1
    outer loop
      vertex -12.341435432434082 -47.4210319519043 -25
      vertex -0.4667024612426758 -42.53851318359375 -25
      vertex 5.192456245422363 -50.70000076293945 -25
    endloop
  endfacet
  facet normal -0.9238787548503221 -0.3826853097993421 0
    outer loop
      vertex -12.341435432434082 -44.5789680480957 -25
      vertex -12.115288734436035 -45.12493133544922 -25
      vertex -12.341435432434082 -44.5789680480957 6
    endloop
  endfacet
  facet normal 0 0 -1
    outer loop
      vertex -12.341435432434082 -44.5789680480957 -25
      vertex -1.5999994277954102 -41.15758514404297 -25
      vertex -1.5385122299194336 -41.46670150756836 -25
    endloop
  endfacet
  facet normal 0 0 -1
    outer loop
      vertex -12.341435432434082 -44.5789680480957 -25
      vertex -1.5999994277954102 -40.84241485595703 -25
      vertex -1.5999994277954102 -41.15758514404297 -25
    endloop
  endfacet
  facet normal 0 0 -1
    outer loop
      vertex -12.341435432434082 -44.5789680480957 -25
      vertex -1.5385122299194336 -41.46670150756836 -25
      vertex -12.115288734436035 -45.12493133544922 -25
    endloop
  endfacet
  facet normal -0.9238787548503221 -0.3826853097993421 0
    outer loop
      vertex -12.341435432434082 -44.5789680480957 6
      vertex -12.115288734436035 -45.12493133544922 -25
      vertex -12.115288734436035 -45.12493133544922 6
    endloop
  endfacet
  facet normal -0.9238789911886933 0.38268473923082214 0
    outer loop
      vertex -12.341435432434082 -16.421031951904297 -25
      vertex -12.341435432434082 -16.421031951904297 6
      vertex -12.115288734436035 -15.875067710876465 6
    endloop
  endfacet
  facet normal 0 0 -1
    outer loop
      vertex -12.341435432434082 -16.421031951904297 -25
      vertex -12.115288734436035 -15.875067710876465 -25
      vertex -1.2428007125854492 -21.019941329956055 -25
    endloop
  endfacet
  facet normal -0.9238789911886933 0.38268473923082214 0
    outer loop
      vertex -12.341435432434082 -16.421031951904297 -25
      vertex -12.115288734436035 -15.875067710876465 6
      vertex -12.115288734436035 -15.875067710876465 -25
    endloop
  endfacet
  facet normal -0.9238789911886933 -0.38268473923082214 0
    outer loop
      vertex -12.341435432434082 -13.578968048095703 -25
      vertex -12.115288734436035 -14.124932289123535 -25
      vertex -12.341435432434082 -13.578968048095703 6
    endloop
  endfacet
  facet normal 0 0 -1
    outer loop
      vertex -12.341435432434082 -13.578968048095703 -25
      vertex -10.799999237060547 -10.799999237060547 -25
      vertex -12.115288734436035 -14.124932289123535 -25
    endloop
  endfacet
  facet normal -0.9238789911886933 -0.38268473923082214 0
    outer loop
      vertex -12.341435432434082 -13.578968048095703 6
      vertex -12.115288734436035 -14.124932289123535 -25
      vertex -12.115288734436035 -14.124932289123535 6
    endloop
  endfacet
  facet normal 0.7071067811865476 0.7071067811865476 0
    outer loop
      vertex -12.312685012817383 8.883752822875977 -24.399999618530273
      vertex -12.312685012817383 8.883752822875977 -20
      vertex -11.616246223449707 8.1873140335083 -20
    endloop
  endfacet
  facet normal 0.5773505750806108 0.5773505750806108 -0.5773496574071693
    outer loop
      vertex -12.312685012817383 8.883752822875977 -24.399999618530273
      vertex -11.616246223449707 8.1873140335083 -24.399999618530273
      vertex -11.916245460510254 7.8873138427734375 -25
    endloop
  endfacet
  facet normal 0.7071067811865476 0.7071067811865476 0
    outer loop
      vertex -12.312685012817383 8.883752822875977 -24.399999618530273
      vertex -11.616246223449707 8.1873140335083 -20
      vertex -11.616246223449707 8.1873140335083 -24.399999618530273
    endloop
  endfacet
  facet normal -0.9807851548654608 0.19509095313605423 0
    outer loop
      vertex -12.115288734436035 -46.87506866455078 -25
      vertex -12.115288734436035 -46.87506866455078 6
      vertex -12 -46.295475006103516 6
    endloop
  endfacet
  facet normal 0 0 -1
    outer loop
      vertex -12.115288734436035 -46.87506866455078 -25
      vertex -12 -46.295475006103516 -25
      vertex -1.0199403762817383 -42.242801666259766 -25
    endloop
  endfacet
  facet normal -0.9807851548654608 0.19509095313605423 0
    outer loop
      vertex -12.115288734436035 -46.87506866455078 -25
      vertex -12 -46.295475006103516 6
      vertex -12 -46.295475006103516 -25
    endloop
  endfacet
  facet normal 0 0 -1
    outer loop
      vertex -12.115288734436035 -46.87506866455078 -25
      vertex -1.0199403762817383 -42.242801666259766 -25
      vertex -0.7578840255737305 -42.41790008544922 -25
    endloop
  endfacet
  facet normal -0.9807851548654608 -0.19509095313605423 0
    outer loop
      vertex -12.115288734436035 -45.12493133544922 -25
      vertex -12 -45.704524993896484 -25
      vertex -12.115288734436035 -45.12493133544922 6
    endloop
  endfacet
  facet normal 0 0 -1
    outer loop
      vertex -12.115288734436035 -45.12493133544922 -25
      vertex -1.5385122299194336 -41.46670150756836 -25
      vertex -1.4179010391235352 -41.75788497924805 -25
    endloop
  endfacet
  facet normal 0 0 -1
    outer loop
      vertex -12.115288734436035 -45.12493133544922 -25
      vertex -1.4179010391235352 -41.75788497924805 -25
      vertex -12 -45.704524993896484 -25
    endloop
  endfacet
  facet normal -0.9807851548654608 -0.19509095313605423 0
    outer loop
      vertex -12.115288734436035 -45.12493133544922 6
      vertex -12 -45.704524993896484 -25
      vertex -12 -45.704524993896484 6
    endloop
  endfacet
  facet normal -0.9807851548654608 0.19509095313605423 0
    outer loop
      vertex -12.115288734436035 -15.875067710876465 -25
      vertex -12.115288734436035 -15.875067710876465 6
      vertex -12 -15.2954740524292 6
    endloop
  endfacet
  facet normal 0 0 -1
    outer loop
      vertex -12.115288734436035 -15.875067710876465 -25
      vertex -12 -15.2954740524292 -25
      vertex -1.2428007125854492 -21.019941329956055 -25
    endloop
  endfacet
  facet normal -0.9807851548654608 0.19509095313605423 0
    outer loop
      vertex -12.115288734436035 -15.875067710876465 -25
      vertex -12 -15.2954740524292 6
      vertex -12 -15.2954740524292 -25
    endloop
  endfacet
  facet normal -0.9807851548654608 -0.19509095313605423 0
    outer loop
      vertex -12.115288734436035 -14.124932289123535 -25
      vertex -12 -14.7045259475708 -25
      vertex -12.115288734436035 -14.124932289123535 6
    endloop
  endfacet
  facet normal 0 0 -1
    outer loop
      vertex -12.115288734436035 -14.124932289123535 -25
      vertex -10.799999237060547 -10.799999237060547 -25
      vertex -12 -14.7045259475708 -25
    endloop
  endfacet
  facet normal -0.9807851548654608 -0.19509095313605423 0
    outer loop
      vertex -12.115288734436035 -14.124932289123535 6
      vertex -12 -14.7045259475708 -25
      vertex -12 -14.7045259475708 6
    endloop
  endfacet
  facet normal -1 0 0
    outer loop
      vertex -12 -46.295475006103516 -25
      vertex -12 -46.295475006103516 6
      vertex -12 -45.704524993896484 6
    endloop
  endfacet
  facet normal 0 0 -1
    outer loop
      vertex -12 -46.295475006103516 -25
      vertex -12 -45.704524993896484 -25
      vertex -1.2428007125854492 -42.01993942260742 -25
    endloop
  endfacet
  facet normal -1 0 0
    outer loop
      vertex -12 -46.295475006103516 -25
      vertex -12 -45.704524993896484 6
      vertex -12 -45.704524993896484 -25
    endloop
  endfacet
  facet normal 0 0 -1
    outer loop
      vertex -12 -46.295475006103516 -25
      vertex -1.2428007125854492 -42.01993942260742 -25
      vertex -1.0199403762817383 -42.242801666259766 -25
    endloop
  endfacet
  facet normal 0 0 -1
    outer loop
      vertex -12 -45.704524993896484 -25
      vertex -1.4179010391235352 -41.75788497924805 -25
      vertex -1.2428007125854492 -42.01993942260742 -25
    endloop
  endfacet
  facet normal -1 0 0
    outer loop
      vertex -12 -15.2954740524292 -25
      vertex -12 -15.2954740524292 6
      vertex -12 -14.7045259475708 6
    endloop
  endfacet
  facet normal 0 0 -1
    outer loop
      vertex -12 -15.2954740524292 -25
      vertex -12 -14.7045259475708 -25
      vertex -1.5999994277954102 -19.84241485595703 -25
    endloop
  endfacet
  facet normal -1 0 0
    outer loop
      vertex -12 -15.2954740524292 -25
      vertex -12 -14.7045259475708 6
      vertex -12 -14.7045259475708 -25
    endloop
  endfacet
  facet normal 0 0 -1
    outer loop
      vertex -12 -15.2954740524292 -25
      vertex -1.5999994277954102 -20.1575870513916 -25
      vertex -1.5385122299194336 -20.466703414916992 -25
    endloop
  endfacet
  facet normal 0 0 -1
    outer loop
      vertex -12 -15.2954740524292 -25
      vertex -1.5999994277954102 -19.84241485595703 -25
      vertex -1.5999994277954102 -20.1575870513916 -25
    endloop
  endfacet
  facet normal 0 0 -1
    outer loop
      vertex -12 -15.2954740524292 -25
      vertex -1.5385122299194336 -20.466703414916992 -25
      vertex -1.4179010391235352 -20.757884979248047 -25
    endloop
  endfacet
  facet normal 0 0 -1
    outer loop
      vertex -12 -15.2954740524292 -25
      vertex -1.4179010391235352 -20.757884979248047 -25
      vertex -1.2428007125854492 -21.019941329956055 -25
    endloop
  endfacet
  facet normal 0 0 -1
    outer loop
      vertex -12 -14.7045259475708 -25
      vertex -10.799999237060547 -10.799999237060547 -25
      vertex -1.5999994277954102 -19.84241485595703 -25
    endloop
  endfacet
  facet normal 0.683240400287226 0.4565266356965031 -0.5698824320111855
    outer loop
      vertex -11.916245460510254 7.8873138427734375 -25
      vertex -11.616246223449707 8.1873140335083 -24.399999618530273
      vertex -11.369056701660156 7.068387985229492 -25
    endloop
  endfacet
  facet normal 0.7071058129032638 -0.7071077494685053 0
    outer loop
      vertex -11.91268539428711 -49.883750915527344 -20
      vertex -11.216245651245117 -49.187313079833984 -20
      vertex -11.216245651245117 -49.187313079833984 10
    endloop
  endfacet
  facet normal 0.7071058129032638 -0.7071077494685053 0
    outer loop
      vertex -11.91268539428711 -49.883750915527344 -20
      vertex -11.216245651245117 -49.187313079833984 10
      vertex -11.91268539428711 -49.883750915527344 10
    endloop
  endfacet
  facet normal 0 0 1
    outer loop
      vertex -11.91268539428711 -49.883750915527344 -20
      vertex 5.492456436157227 -51 -20
      vertex -11.216245651245117 -49.187313079833984 -20
    endloop
  endfacet
  facet normal 0.7071067811865475 0.7071067811865475 0
    outer loop
      vertex -11.91268539428711 -11.216245651245117 -20
      vertex -11.91268539428711 -11.216245651245117 10
      vertex -11.216245651245117 -11.91268539428711 10
    endloop
  endfacet
  facet normal 0 0 1
    outer loop
      vertex -11.91268539428711 -11.216245651245117 -20
      vertex -11.216245651245117 -11.91268539428711 -20
      vertex -10.5 -10.5 -20
    endloop
  endfacet
  facet normal 0.7071067811865475 0.7071067811865475 0
    outer loop
      vertex -11.91268539428711 -11.216245651245117 -20
      vertex -11.216245651245117 -11.91268539428711 10
      vertex -11.216245651245117 -11.91268539428711 -20
    endloop
  endfacet
  facet normal 0.8314699136095788 0.5555697820814951 0
    outer loop
      vertex -11.616246223449707 8.1873140335083 -24.399999618530273
      vertex -11.616246223449707 8.1873140335083 -20
      vertex -11.06905746459961 7.368387222290039 -20
    endloop
  endfacet
  facet normal 0.683240952154332 0.45652647279763514 -0.5698819008656023
    outer loop
      vertex -11.616246223449707 8.1873140335083 -24.399999618530273
      vertex -11.06905746459961 7.368387222290039 -24.399999618530273
      vertex -11.369056701660156 7.068387985229492 -25
    endloop
  endfacet
  facet normal 0.8314699136095788 0.5555697820814951 0
    outer loop
      vertex -11.616246223449707 8.1873140335083 -24.399999618530273
      vertex -11.06905746459961 7.368387222290039 -20
      vertex -11.06905746459961 7.368387222290039 -24.399999618530273
    endloop
  endfacet
  facet normal 0.773459432690083 0.320378221071448 -0.546917088273743
    outer loop
      vertex -11.369056701660156 7.068387985229492 -25
      vertex -11.06905746459961 7.368387222290039 -24.399999618530273
      vertex -10.692146301269531 6.4584455490112305 -24.399999618530273
    endloop
  endfacet
  facet normal 0.7734592237815442 0.320376988131475 -0.5469181059565097
    outer loop
      vertex -11.369056701660156 7.068387985229492 -25
      vertex -10.692146301269531 6.4584455490112305 -24.399999618530273
      vertex -10.992146492004395 6.158445358276367 -25
    endloop
  endfacet
  facet normal 0.8314702124767709 -0.5555693347943472 0
    outer loop
      vertex -11.216245651245117 -49.187313079833984 -20
      vertex -10.66905689239502 -48.368385314941406 -20
      vertex -11.216245651245117 -49.187313079833984 10
    endloop
  endfacet
  facet normal 0 0 1
    outer loop
      vertex -11.216245651245117 -49.187313079833984 -20
      vertex 5.492456436157227 -51 -20
      vertex -10.66905689239502 -48.368385314941406 -20
    endloop
  endfacet
  facet normal 0.8314702124767709 -0.5555693347943472 0
    outer loop
      vertex -11.216245651245117 -49.187313079833984 10
      vertex -10.66905689239502 -48.368385314941406 -20
      vertex -10.66905689239502 -48.368385314941406 10
    endloop
  endfacet
  facet normal 0.8314696147416645 0.5555702293692022 0
    outer loop
      vertex -11.216245651245117 -11.91268539428711 -20
      vertex -11.216245651245117 -11.91268539428711 10
      vertex -10.66905689239502 -12.731611251831055 10
    endloop
  endfacet
  facet normal 0 0 1
    outer loop
      vertex -11.216245651245117 -11.91268539428711 -20
      vertex -10.66905689239502 -12.731611251831055 -20
      vertex -10.5 -10.5 -20
    endloop
  endfacet
  facet normal 0.8314696147416645 0.5555702293692022 0
    outer loop
      vertex -11.216245651245117 -11.91268539428711 -20
      vertex -10.66905689239502 -12.731611251831055 10
      vertex -10.66905689239502 -12.731611251831055 -20
    endloop
  endfacet
  facet normal 0.9238791802586291 0.3826842827771261 0
    outer loop
      vertex -11.06905746459961 7.368387222290039 -24.399999618530273
      vertex -11.06905746459961 7.368387222290039 -20
      vertex -10.692146301269531 6.4584455490112305 -20
    endloop
  endfacet
  facet normal 0.9238791802586291 0.3826842827771261 0
    outer loop
      vertex -11.06905746459961 7.368387222290039 -24.399999618530273
      vertex -10.692146301269531 6.4584455490112305 -20
      vertex -10.692146301269531 6.4584455490112305 -24.399999618530273
    endloop
  endfacet
  facet normal 0.845482268219283 0.16817694400515085 -0.506829606112217
    outer loop
      vertex -10.992146492004395 6.158445358276367 -25
      vertex -10.692146301269531 6.4584455490112305 -24.399999618530273
      vertex -10.799999237060547 5.192456245422363 -25
    endloop
  endfacet
  facet normal 0.8944277596606861 0 -0.44721245817660976
    outer loop
      vertex -10.799999237060547 -10.799999237060547 -25
      vertex -10.799999237060547 5.192456245422363 -25
      vertex -10.5 -10.5 -24.399999618530273
    endloop
  endfacet
  facet normal 0 0.8944277596606861 -0.44721245817660976
    outer loop
      vertex -10.799999237060547 -10.799999237060547 -25
      vertex -10.5 -10.5 -24.399999618530273
      vertex 5.192456245422363 -10.799999237060547 -25
    endloop
  endfacet
  facet normal 0 0 -1
    outer loop
      vertex -10.799999237060547 -10.799999237060547 -25
      vertex -1.5385122299194336 -19.53329849243164 -25
      vertex -1.5999994277954102 -19.84241485595703 -25
    endloop
  endfacet
  facet normal 0 0 -1
    outer loop
      vertex -10.799999237060547 -10.799999237060547 -25
      vertex -1.4179010391235352 -19.242115020751953 -25
      vertex -1.5385122299194336 -19.53329849243164 -25
    endloop
  endfacet
  facet normal 0 0 -1
    outer loop
      vertex -10.799999237060547 -10.799999237060547 -25
      vertex -1.2428007125854492 -18.980060577392578 -25
      vertex -1.4179010391235352 -19.242115020751953 -25
    endloop
  endfacet
  facet normal 0 0 -1
    outer loop
      vertex -10.799999237060547 -10.799999237060547 -25
      vertex -1.0199403762817383 -18.757198333740234 -25
      vertex -1.2428007125854492 -18.980060577392578 -25
    endloop
  endfacet
  facet normal 0 0 -1
    outer loop
      vertex -10.799999237060547 -10.799999237060547 -25
      vertex -0.7578840255737305 -18.58209991455078 -25
      vertex -1.0199403762817383 -18.757198333740234 -25
    endloop
  endfacet
  facet normal 0 0 -1
    outer loop
      vertex -10.799999237060547 -10.799999237060547 -25
      vertex -0.4667024612426758 -18.46148681640625 -25
      vertex -0.7578840255737305 -18.58209991455078 -25
    endloop
  endfacet
  facet normal 0 0 -1
    outer loop
      vertex -10.799999237060547 -10.799999237060547 -25
      vertex 5.192456245422363 -10.799999237060547 -25
      vertex -0.4667024612426758 -18.46148681640625 -25
    endloop
  endfacet
  facet normal 0.8454831416112866 0.1681762830290874 -0.5068283684617796
    outer loop
      vertex -10.799999237060547 5.192456245422363 -25
      vertex -10.692146301269531 6.4584455490112305 -24.399999618530273
      vertex -10.5 5.492456436157227 -24.399999618530273
    endloop
  endfacet
  facet normal 0.8944277596606861 0 -0.4472124581766098
    outer loop
      vertex -10.799999237060547 5.192456245422363 -25
      vertex -10.5 5.492456436157227 -24.399999618530273
      vertex -10.5 -10.5 -24.399999618530273
    endloop
  endfacet
  facet normal 0.9807854513687686 0.19508946251235743 0
    outer loop
      vertex -10.692146301269531 6.4584455490112305 -24.399999618530273
      vertex -10.692146301269531 6.4584455490112305 -20
      vertex -10.5 5.492456436157227 -20
    endloop
  endfacet
  facet normal 0.9807854513687686 0.19508946251235743 0
    outer loop
      vertex -10.692146301269531 6.4584455490112305 -24.399999618530273
      vertex -10.5 5.492456436157227 -20
      vertex -10.5 5.492456436157227 -24.399999618530273
    endloop
  endfacet
  facet normal 0.923879664399733 -0.3826831139580588 0
    outer loop
      vertex -10.66905689239502 -48.368385314941406 -20
      vertex -10.292146682739258 -47.45844268798828 -20
      vertex -10.66905689239502 -48.368385314941406 10
    endloop
  endfacet
  facet normal 0 0 1
    outer loop
      vertex -10.66905689239502 -48.368385314941406 -20
      vertex 5.492456436157227 -51 -20
      vertex -10.292146682739258 -47.45844268798828 -20
    endloop
  endfacet
  facet normal 0.923879664399733 -0.3826831139580588 0
    outer loop
      vertex -10.66905689239502 -48.368385314941406 10
      vertex -10.292146682739258 -47.45844268798828 -20
      vertex -10.292146682739258 -47.45844268798828 10
    endloop
  endfacet
  facet normal 0.923879664399733 0.3826831139580588 0
    outer loop
      vertex -10.66905689239502 -12.731611251831055 -20
      vertex -10.66905689239502 -12.731611251831055 10
      vertex -10.292146682739258 -13.64155387878418 10
    endloop
  endfacet
  facet normal 0 0 1
    outer loop
      vertex -10.66905689239502 -12.731611251831055 -20
      vertex -10.292146682739258 -13.64155387878418 -20
      vertex -10.5 -10.5 -20
    endloop
  endfacet
  facet normal 0.923879664399733 0.3826831139580588 0
    outer loop
      vertex -10.66905689239502 -12.731611251831055 -20
      vertex -10.292146682739258 -13.64155387878418 10
      vertex -10.292146682739258 -13.64155387878418 -20
    endloop
  endfacet
  facet normal 0 1 0
    outer loop
      vertex -10.5 -10.5 -24.399999618530273
      vertex -10.5 -10.5 -20
      vertex 5.492456436157227 -10.5 -24.399999618530273
    endloop
  endfacet
  facet normal 1 0 0
    outer loop
      vertex -10.5 -10.5 -24.399999618530273
      vertex -10.5 5.492456436157227 -24.399999618530273
      vertex -10.5 -10.5 -20
    endloop
  endfacet
  facet normal 0 0.8944277596606861 -0.4472124581766098
    outer loop
      vertex -10.5 -10.5 -24.399999618530273
      vertex 5.492456436157227 -10.5 -24.399999618530273
      vertex 5.192456245422363 -10.799999237060547 -25
    endloop
  endfacet
  facet normal 1 0 0
    outer loop
      vertex -10.5 -10.5 -20
      vertex -10.5 5.492456436157227 -24.399999618530273
      vertex -10.5 5.492456436157227 -20
    endloop
  endfacet
  facet normal 0 0 1
    outer loop
      vertex -10.5 -10.5 -20
      vertex -10.292146682739258 -13.64155387878418 -20
      vertex -0.4667024612426758 -18.46148681640625 -20
    endloop
  endfacet
  facet normal 0 0 1
    outer loop
      vertex -10.5 -10.5 -20
      vertex -0.4667024612426758 -18.46148681640625 -20
      vertex 5.492456436157227 -10.5 -20
    endloop
  endfacet
  facet normal 0 1 0
    outer loop
      vertex -10.5 -10.5 -20
      vertex 5.492456436157227 -10.5 -20
      vertex 5.492456436157227 -10.5 -24.399999618530273
    endloop
  endfacet
  facet normal 0.980785229243288 -0.19509057921435122 0
    outer loop
      vertex -10.292146682739258 -47.45844268798828 -20
      vertex -10.09999942779541 -46.492454528808594 -20
      vertex -10.292146682739258 -47.45844268798828 10
    endloop
  endfacet
  facet normal 0 0 1
    outer loop
      vertex -10.292146682739258 -47.45844268798828 -20
      vertex -0.7578840255737305 -42.41790008544922 -20
      vertex -10.09999942779541 -46.492454528808594 -20
    endloop
  endfacet
  facet normal 0 0 1
    outer loop
      vertex -10.292146682739258 -47.45844268798828 -20
      vertex -0.4667024612426758 -42.53851318359375 -20
      vertex -0.7578840255737305 -42.41790008544922 -20
    endloop
  endfacet
  facet normal 0 0 1
    outer loop
      vertex -10.292146682739258 -47.45844268798828 -20
      vertex 5.492456436157227 -51 -20
      vertex -0.4667024612426758 -42.53851318359375 -20
    endloop
  endfacet
  facet normal 0.980785229243288 -0.19509057921435122 0
    outer loop
      vertex -10.292146682739258 -47.45844268798828 10
      vertex -10.09999942779541 -46.492454528808594 -20
      vertex -10.09999942779541 -46.492454528808594 10
    endloop
  endfacet
  facet normal 0.9807852660964009 0.1950903939414036 0
    outer loop
      vertex -10.292146682739258 -13.64155387878418 -20
      vertex -10.292146682739258 -13.64155387878418 10
      vertex -10.09999942779541 -14.607542991638184 10
    endloop
  endfacet
  facet normal 0 0 1
    outer loop
      vertex -10.292146682739258 -13.64155387878418 -20
      vertex -10.09999942779541 -14.607542991638184 -20
      vertex -0.7578840255737305 -18.58209991455078 -20
    endloop
  endfacet
  facet normal 0.9807852660964009 0.1950903939414036 0
    outer loop
      vertex -10.292146682739258 -13.64155387878418 -20
      vertex -10.09999942779541 -14.607542991638184 10
      vertex -10.09999942779541 -14.607542991638184 -20
    endloop
  endfacet
  facet normal 0 0 1
    outer loop
      vertex -10.292146682739258 -13.64155387878418 -20
      vertex -0.7578840255737305 -18.58209991455078 -20
      vertex -0.4667024612426758 -18.46148681640625 -20
    endloop
  endfacet
  facet normal 1 0 0
    outer loop
      vertex -10.09999942779541 -46.492454528808594 -20
      vertex -10.09999942779541 -14.607542991638184 -20
      vertex -10.09999942779541 -46.492454528808594 10
    endloop
  endfacet
  facet normal 0 0 1
    outer loop
      vertex -10.09999942779541 -46.492454528808594 -20
      vertex -1.5999994277954102 -41.15758514404297 -20
      vertex -1.5999994277954102 -40.84241485595703 -20
    endloop
  endfacet
  facet normal 0 0 1
    outer loop
      vertex -10.09999942779541 -46.492454528808594 -20
      vertex -1.5999994277954102 -40.84241485595703 -20
      vertex -1.5385122299194336 -40.533294677734375 -20
    endloop
  endfacet
  facet normal 0 0 1
    outer loop
      vertex -10.09999942779541 -46.492454528808594 -20
      vertex -1.5385122299194336 -41.46670150756836 -20
      vertex -1.5999994277954102 -41.15758514404297 -20
    endloop
  endfacet
  facet normal 0 0 1
    outer loop
      vertex -10.09999942779541 -46.492454528808594 -20
      vertex -1.5385122299194336 -40.533294677734375 -20
      vertex -1.4179010391235352 -40.24211502075195 -20
    endloop
  endfacet
  facet normal 0 0 1
    outer loop
      vertex -10.09999942779541 -46.492454528808594 -20
      vertex -1.4179010391235352 -41.75788497924805 -20
      vertex -1.5385122299194336 -41.46670150756836 -20
    endloop
  endfacet
  facet normal 0 0 1
    outer loop
      vertex -10.09999942779541 -46.492454528808594 -20
      vertex -1.4179010391235352 -40.24211502075195 -20
      vertex -1.2428007125854492 -39.98005676269531 -20
    endloop
  endfacet
  facet normal 0 0 1
    outer loop
      vertex -10.09999942779541 -46.492454528808594 -20
      vertex -1.2428007125854492 -42.01993942260742 -20
      vertex -1.4179010391235352 -41.75788497924805 -20
    endloop
  endfacet
  facet normal 0 0 1
    outer loop
      vertex -10.09999942779541 -46.492454528808594 -20
      vertex -1.2428007125854492 -39.98005676269531 -20
      vertex -10.09999942779541 -14.607542991638184 -20
    endloop
  endfacet
  facet normal 0 0 1
    outer loop
      vertex -10.09999942779541 -46.492454528808594 -20
      vertex -1.0199403762817383 -42.242801666259766 -20
      vertex -1.2428007125854492 -42.01993942260742 -20
    endloop
  endfacet
  facet normal 0 0 1
    outer loop
      vertex -10.09999942779541 -46.492454528808594 -20
      vertex -0.7578840255737305 -42.41790008544922 -20
      vertex -1.0199403762817383 -42.242801666259766 -20
    endloop
  endfacet
  facet normal 1 0 0
    outer loop
      vertex -10.09999942779541 -46.492454528808594 10
      vertex -10.09999942779541 -14.607542991638184 -20
      vertex -10.09999942779541 -14.607542991638184 10
    endloop
  endfacet
  facet normal 0 0 1
    outer loop
      vertex -10.09999942779541 -14.607542991638184 -20
      vertex -1.5999994277954102 -20.1575870513916 -20
      vertex -1.5999994277954102 -19.84241485595703 -20
    endloop
  endfacet
  facet normal 0 0 1
    outer loop
      vertex -10.09999942779541 -14.607542991638184 -20
      vertex -1.5999994277954102 -19.84241485595703 -20
      vertex -1.5385122299194336 -19.53329849243164 -20
    endloop
  endfacet
  facet normal 0 0 1
    outer loop
      vertex -10.09999942779541 -14.607542991638184 -20
      vertex -1.5385122299194336 -20.466703414916992 -20
      vertex -1.5999994277954102 -20.1575870513916 -20
    endloop
  endfacet
  facet normal 0 0 1
    outer loop
      vertex -10.09999942779541 -14.607542991638184 -20
      vertex -1.5385122299194336 -19.53329849243164 -20
      vertex -1.4179010391235352 -19.242115020751953 -20
    endloop
  endfacet
  facet normal 0 0 1
    outer loop
      vertex -10.09999942779541 -14.607542991638184 -20
      vertex -1.4179010391235352 -20.757884979248047 -20
      vertex -1.5385122299194336 -20.466703414916992 -20
    endloop
  endfacet
  facet normal 0 0 1
    outer loop
      vertex -10.09999942779541 -14.607542991638184 -20
      vertex -1.4179010391235352 -19.242115020751953 -20
      vertex -1.2428007125854492 -18.980060577392578 -20
    endloop
  endfacet
  facet normal 0 0 1
    outer loop
      vertex -10.09999942779541 -14.607542991638184 -20
      vertex -1.2428007125854492 -39.98005676269531 -20
      vertex -1.2428007125854492 -21.019941329956055 -20
    endloop
  endfacet
  facet normal 0 0 1
    outer loop
      vertex -10.09999942779541 -14.607542991638184 -20
      vertex -1.2428007125854492 -21.019941329956055 -20
      vertex -1.4179010391235352 -20.757884979248047 -20
    endloop
  endfacet
  facet normal 0 0 1
    outer loop
      vertex -10.09999942779541 -14.607542991638184 -20
      vertex -1.2428007125854492 -18.980060577392578 -20
      vertex -1.0199403762817383 -18.757198333740234 -20
    endloop
  endfacet
  facet normal 0 0 1
    outer loop
      vertex -10.09999942779541 -14.607542991638184 -20
      vertex -1.0199403762817383 -18.757198333740234 -20
      vertex -0.7578840255737305 -18.58209991455078 -20
    endloop
  endfacet
  facet normal 0.9807852013515952 0.19509071943511516 0
    outer loop
      vertex -1.5999994277954102 -41.15758514404297 -25
      vertex -1.5999994277954102 -41.15758514404297 -20
      vertex -1.5385122299194336 -41.46670150756836 -20
    endloop
  endfacet
  facet normal 1 0 0
    outer loop
      vertex -1.5999994277954102 -41.15758514404297 -25
      vertex -1.5999994277954102 -40.84241485595703 -25
      vertex -1.5999994277954102 -41.15758514404297 -20
    endloop
  endfacet
  facet normal 0.9807852013515952 0.19509071943511516 0
    outer loop
      vertex -1.5999994277954102 -41.15758514404297 -25
      vertex -1.5385122299194336 -41.46670150756836 -20
      vertex -1.5385122299194336 -41.46670150756836 -25
    endloop
  endfacet
  facet normal 1 0 0
    outer loop
      vertex -1.5999994277954102 -41.15758514404297 -20
      vertex -1.5999994277954102 -40.84241485595703 -25
      vertex -1.5999994277954102 -40.84241485595703 -20
    endloop
  endfacet
  facet normal 0.9807856620083821 -0.19508840354767268 0
    outer loop
      vertex -1.5999994277954102 -40.84241485595703 -25
      vertex -1.5385122299194336 -40.533294677734375 -25
      vertex -1.5999994277954102 -40.84241485595703 -20
    endloop
  endfacet
  facet normal 0.9807856620083821 -0.19508840354767268 0
    outer loop
      vertex -1.5999994277954102 -40.84241485595703 -20
      vertex -1.5385122299194336 -40.533294677734375 -25
      vertex -1.5385122299194336 -40.533294677734375 -20
    endloop
  endfacet
  facet normal 0.9807852013515952 0.19509071943511516 0
    outer loop
      vertex -1.5999994277954102 -20.1575870513916 -25
      vertex -1.5999994277954102 -20.1575870513916 -20
      vertex -1.5385122299194336 -20.466703414916992 -20
    endloop
  endfacet
  facet normal 1 0 0
    outer loop
      vertex -1.5999994277954102 -20.1575870513916 -25
      vertex -1.5999994277954102 -19.84241485595703 -25
      vertex -1.5999994277954102 -20.1575870513916 -20
    endloop
  endfacet
  facet normal 0.9807852013515952 0.19509071943511516 0
    outer loop
      vertex -1.5999994277954102 -20.1575870513916 -25
      vertex -1.5385122299194336 -20.466703414916992 -20
      vertex -1.5385122299194336 -20.466703414916992 -25
    endloop
  endfacet
  facet normal 1 0 0
    outer loop
      vertex -1.5999994277954102 -20.1575870513916 -20
      vertex -1.5999994277954102 -19.84241485595703 -25
      vertex -1.5999994277954102 -19.84241485595703 -20
    endloop
  endfacet
  facet normal 0.9807852013515952 -0.19509071943511516 0
    outer loop
      vertex -1.5999994277954102 -19.84241485595703 -25
      vertex -1.5385122299194336 -19.53329849243164 -25
      vertex -1.5999994277954102 -19.84241485595703 -20
    endloop
  endfacet
  facet normal 0.9807852013515952 -0.19509071943511516 0
    outer loop
      vertex -1.5999994277954102 -19.84241485595703 -20
      vertex -1.5385122299194336 -19.53329849243164 -25
      vertex -1.5385122299194336 -19.53329849243164 -20
    endloop
  endfacet
  facet normal 0.9238806007842874 0.38268085331574186 0
    outer loop
      vertex -1.5385122299194336 -41.46670150756836 -25
      vertex -1.5385122299194336 -41.46670150756836 -20
      vertex -1.4179010391235352 -41.75788497924805 -20
    endloop
  endfacet
  facet normal 0.9238806007842874 0.38268085331574186 0
    outer loop
      vertex -1.5385122299194336 -41.46670150756836 -25
      vertex -1.4179010391235352 -41.75788497924805 -20
      vertex -1.4179010391235352 -41.75788497924805 -25
    endloop
  endfacet
  facet normal 0.9238788282691269 -0.38268513255163855 0
    outer loop
      vertex -1.5385122299194336 -40.533294677734375 -25
      vertex -1.4179010391235352 -40.24211502075195 -25
      vertex -1.5385122299194336 -40.533294677734375 -20
    endloop
  endfacet
  facet normal 0.9238788282691269 -0.38268513255163855 0
    outer loop
      vertex -1.5385122299194336 -40.533294677734375 -20
      vertex -1.4179010391235352 -40.24211502075195 -25
      vertex -1.4179010391235352 -40.24211502075195 -20
    endloop
  endfacet
  facet normal 0.9238797145341398 0.3826829929227536 0
    outer loop
      vertex -1.5385122299194336 -20.466703414916992 -25
      vertex -1.5385122299194336 -20.466703414916992 -20
      vertex -1.4179010391235352 -20.757884979248047 -20
    endloop
  endfacet
  facet normal 0.9238797145341398 0.3826829929227536 0
    outer loop
      vertex -1.5385122299194336 -20.466703414916992 -25
      vertex -1.4179010391235352 -20.757884979248047 -20
      vertex -1.4179010391235352 -20.757884979248047 -25
    endloop
  endfacet
  facet normal 0.9238806007842874 -0.38268085331574186 0
    outer loop
      vertex -1.5385122299194336 -19.53329849243164 -25
      vertex -1.4179010391235352 -19.242115020751953 -25
      vertex -1.5385122299194336 -19.53329849243164 -20
    endloop
  endfacet
  facet normal 0.9238806007842874 -0.38268085331574186 0
    outer loop
      vertex -1.5385122299194336 -19.53329849243164 -20
      vertex -1.4179010391235352 -19.242115020751953 -25
      vertex -1.4179010391235352 -19.242115020751953 -20
    endloop
  endfacet
  facet normal 0.8314679333418552 0.555572745753627 0
    outer loop
      vertex -1.4179010391235352 -41.75788497924805 -25
      vertex -1.4179010391235352 -41.75788497924805 -20
      vertex -1.2428007125854492 -42.01993942260742 -20
    endloop
  endfacet
  facet normal 0.8314679333418552 0.555572745753627 0
    outer loop
      vertex -1.4179010391235352 -41.75788497924805 -25
      vertex -1.2428007125854492 -42.01993942260742 -20
      vertex -1.2428007125854492 -42.01993942260742 -25
    endloop
  endfacet
  facet normal 0.8314716691912889 -0.5555671546557193 0
    outer loop
      vertex -1.4179010391235352 -40.24211502075195 -25
      vertex -1.2428007125854492 -39.98005676269531 -25
      vertex -1.4179010391235352 -40.24211502075195 -20
    endloop
  endfacet
  facet normal 0.8314716691912889 -0.5555671546557193 0
    outer loop
      vertex -1.4179010391235352 -40.24211502075195 -20
      vertex -1.2428007125854492 -39.98005676269531 -25
      vertex -1.2428007125854492 -39.98005676269531 -20
    endloop
  endfacet
  facet normal 0.8314698012806706 0.5555699501937464 0
    outer loop
      vertex -1.4179010391235352 -20.757884979248047 -25
      vertex -1.4179010391235352 -20.757884979248047 -20
      vertex -1.2428007125854492 -21.019941329956055 -20
    endloop
  endfacet
  facet normal 0.8314698012806706 0.5555699501937464 0
    outer loop
      vertex -1.4179010391235352 -20.757884979248047 -25
      vertex -1.2428007125854492 -21.019941329956055 -20
      vertex -1.2428007125854492 -21.019941329956055 -25
    endloop
  endfacet
  facet normal 0.8314679333418552 -0.555572745753627 0
    outer loop
      vertex -1.4179010391235352 -19.242115020751953 -25
      vertex -1.2428007125854492 -18.980060577392578 -25
      vertex -1.4179010391235352 -19.242115020751953 -20
    endloop
  endfacet
  facet normal 0.8314679333418552 -0.555572745753627 0
    outer loop
      vertex -1.4179010391235352 -19.242115020751953 -20
      vertex -1.2428007125854492 -18.980060577392578 -25
      vertex -1.2428007125854492 -18.980060577392578 -20
    endloop
  endfacet
  facet normal 0.7071098070513506 0.7071037553087961 0
    outer loop
      vertex -1.2428007125854492 -42.01993942260742 -25
      vertex -1.2428007125854492 -42.01993942260742 -20
      vertex -1.0199403762817383 -42.242801666259766 -20
    endloop
  endfacet
  facet normal 0.7071098070513506 0.7071037553087961 0
    outer loop
      vertex -1.2428007125854492 -42.01993942260742 -25
      vertex -1.0199403762817383 -42.242801666259766 -20
      vertex -1.0199403762817383 -42.242801666259766 -25
    endloop
  endfacet
  facet normal 0 0 -1
    outer loop
      vertex -1.2428007125854492 -39.98005676269531 -25
      vertex -1.2428007125854492 -21.019941329956055 -25
      vertex -1.0199403762817383 -21.242801666259766 -25
    endloop
  endfacet
  facet normal 0.7071037552828989 -0.7071098070772476 0
    outer loop
      vertex -1.2428007125854492 -39.98005676269531 -25
      vertex -1.0199403762817383 -39.757198333740234 -25
      vertex -1.0199403762817383 -39.757198333740234 -20
    endloop
  endfacet
  facet normal 0.7071037552828989 -0.7071098070772476 0
    outer loop
      vertex -1.2428007125854492 -39.98005676269531 -25
      vertex -1.0199403762817383 -39.757198333740234 -20
      vertex -1.2428007125854492 -39.98005676269531 -20
    endloop
  endfacet
  facet normal 0 0 -1
    outer loop
      vertex -1.2428007125854492 -39.98005676269531 -25
      vertex -1.0199403762817383 -21.242801666259766 -25
      vertex -1.0199403762817383 -39.757198333740234 -25
    endloop
  endfacet
  facet normal 0 0 1
    outer loop
      vertex -1.2428007125854492 -39.98005676269531 -20
      vertex -1.0199403762817383 -39.757198333740234 -20
      vertex -1.2428007125854492 -21.019941329956055 -20
    endloop
  endfacet
  facet normal 0.7071067811865476 0.7071067811865476 0
    outer loop
      vertex -1.2428007125854492 -21.019941329956055 -25
      vertex -1.2428007125854492 -21.019941329956055 -20
      vertex -1.0199403762817383 -21.242801666259766 -20
    endloop
  endfacet
  facet normal 0.7071067811865476 0.7071067811865476 0
    outer loop
      vertex -1.2428007125854492 -21.019941329956055 -25
      vertex -1.0199403762817383 -21.242801666259766 -20
      vertex -1.0199403762817383 -21.242801666259766 -25
    endloop
  endfacet
  facet normal 0 0 1
    outer loop
      vertex -1.2428007125854492 -21.019941329956055 -20
      vertex -1.0199403762817383 -39.757198333740234 -20
      vertex -1.0199403762817383 -21.242801666259766 -20
    endloop
  endfacet
  facet normal 0.7071098070513506 -0.7071037553087961 0
    outer loop
      vertex -1.2428007125854492 -18.980060577392578 -25
      vertex -1.0199403762817383 -18.757198333740234 -25
      vertex -1.2428007125854492 -18.980060577392578 -20
    endloop
  endfacet
  facet normal 0.7071098070513506 -0.7071037553087961 0
    outer loop
      vertex -1.2428007125854492 -18.980060577392578 -20
      vertex -1.0199403762817383 -18.757198333740234 -25
      vertex -1.0199403762817383 -18.757198333740234 -20
    endloop
  endfacet
  facet normal 0.5555657663348913 0.8314725968284974 0
    outer loop
      vertex -1.0199403762817383 -42.242801666259766 -25
      vertex -1.0199403762817383 -42.242801666259766 -20
      vertex -0.7578840255737305 -42.41790008544922 -25
    endloop
  endfacet
  facet normal 0.5555657663348913 0.8314725968284974 0
    outer loop
      vertex -1.0199403762817383 -42.242801666259766 -20
      vertex -0.7578840255737305 -42.41790008544922 -20
      vertex -0.7578840255737305 -42.41790008544922 -25
    endloop
  endfacet
  facet normal 0 0 -1
    outer loop
      vertex -1.0199403762817383 -39.757198333740234 -25
      vertex -1.0199403762817383 -21.242801666259766 -25
      vertex -0.7578840255737305 -21.41790199279785 -25
    endloop
  endfacet
  facet normal 0.5555657663348913 -0.8314725968284974 0
    outer loop
      vertex -1.0199403762817383 -39.757198333740234 -25
      vertex -0.7578840255737305 -39.58209991455078 -25
      vertex -0.7578840255737305 -39.58209991455078 -20
    endloop
  endfacet
  facet normal 0.5555657663348913 -0.8314725968284974 0
    outer loop
      vertex -1.0199403762817383 -39.757198333740234 -25
      vertex -0.7578840255737305 -39.58209991455078 -20
      vertex -1.0199403762817383 -39.757198333740234 -20
    endloop
  endfacet
  facet normal 0 0 -1
    outer loop
      vertex -1.0199403762817383 -39.757198333740234 -25
      vertex -0.7578840255737305 -21.41790199279785 -25
      vertex -0.7578840255737305 -39.58209991455078 -25
    endloop
  endfacet
  facet normal 0 0 1
    outer loop
      vertex -1.0199403762817383 -39.757198333740234 -20
      vertex -0.7578840255737305 -39.58209991455078 -20
      vertex -1.0199403762817383 -21.242801666259766 -20
    endloop
  endfacet
  facet normal 0.5555699501937464 0.8314698012806706 0
    outer loop
      vertex -1.0199403762817383 -21.242801666259766 -25
      vertex -1.0199403762817383 -21.242801666259766 -20
      vertex -0.7578840255737305 -21.41790199279785 -25
    endloop
  endfacet
  facet normal 0 0 1
    outer loop
      vertex -1.0199403762817383 -21.242801666259766 -20
      vertex -0.7578840255737305 -39.58209991455078 -20
      vertex -0.7578840255737305 -21.41790199279785 -20
    endloop
  endfacet
  facet normal 0.5555699501937464 0.8314698012806706 0
    outer loop
      vertex -1.0199403762817383 -21.242801666259766 -20
      vertex -0.7578840255737305 -21.41790199279785 -20
      vertex -0.7578840255737305 -21.41790199279785 -25
    endloop
  endfacet
  facet normal 0.5555657663348913 -0.8314725968284974 0
    outer loop
      vertex -1.0199403762817383 -18.757198333740234 -25
      vertex -0.7578840255737305 -18.58209991455078 -25
      vertex -0.7578840255737305 -18.58209991455078 -20
    endloop
  endfacet
  facet normal 0.5555657663348913 -0.8314725968284974 0
    outer loop
      vertex -1.0199403762817383 -18.757198333740234 -25
      vertex -0.7578840255737305 -18.58209991455078 -20
      vertex -1.0199403762817383 -18.757198333740234 -20
    endloop
  endfacet
  facet normal 0.3826881584064278 0.9238775749067064 0
    outer loop
      vertex -0.7578840255737305 -42.41790008544922 -25
      vertex -0.7578840255737305 -42.41790008544922 -20
      vertex -0.4667024612426758 -42.53851318359375 -25
    endloop
  endfacet
  facet normal 0.3826881584064278 0.9238775749067064 0
    outer loop
      vertex -0.7578840255737305 -42.41790008544922 -20
      vertex -0.4667024612426758 -42.53851318359375 -20
      vertex -0.4667024612426758 -42.53851318359375 -25
    endloop
  endfacet
  facet normal 0 0 -1
    outer loop
      vertex -0.7578840255737305 -39.58209991455078 -25
      vertex -0.7578840255737305 -21.41790199279785 -25
      vertex -0.4667024612426758 -21.53851318359375 -25
    endloop
  endfacet
  facet normal 0.3826881584064278 -0.9238775749067064 0
    outer loop
      vertex -0.7578840255737305 -39.58209991455078 -25
      vertex -0.4667024612426758 -39.46148681640625 -25
      vertex -0.4667024612426758 -39.46148681640625 -20
    endloop
  endfacet
  facet normal 0.3826881584064278 -0.9238775749067064 0
    outer loop
      vertex -0.7578840255737305 -39.58209991455078 -25
      vertex -0.4667024612426758 -39.46148681640625 -20
      vertex -0.7578840255737305 -39.58209991455078 -20
    endloop
  endfacet
  facet normal 0 0 -1
    outer loop
      vertex -0.7578840255737305 -39.58209991455078 -25
      vertex -0.4667024612426758 -21.53851318359375 -25
      vertex -0.4667024612426758 -39.46148681640625 -25
    endloop
  endfacet
  facet normal 0 0 1
    outer loop
      vertex -0.7578840255737305 -39.58209991455078 -20
      vertex -0.4667024612426758 -39.46148681640625 -20
      vertex -0.7578840255737305 -21.41790199279785 -20
    endloop
  endfacet
  facet normal 0.3826829929227536 0.9238797145341398 0
    outer loop
      vertex -0.7578840255737305 -21.41790199279785 -25
      vertex -0.7578840255737305 -21.41790199279785 -20
      vertex -0.4667024612426758 -21.53851318359375 -25
    endloop
  endfacet
  facet normal 0 0 1
    outer loop
      vertex -0.7578840255737305 -21.41790199279785 -20
      vertex -0.4667024612426758 -39.46148681640625 -20
      vertex -0.4667024612426758 -21.53851318359375 -20
    endloop
  endfacet
  facet normal 0.3826829929227536 0.9238797145341398 0
    outer loop
      vertex -0.7578840255737305 -21.41790199279785 -20
      vertex -0.4667024612426758 -21.53851318359375 -20
      vertex -0.4667024612426758 -21.53851318359375 -25
    endloop
  endfacet
  facet normal 0.3826881584064278 -0.9238775749067064 0
    outer loop
      vertex -0.7578840255737305 -18.58209991455078 -25
      vertex -0.4667024612426758 -18.46148681640625 -25
      vertex -0.4667024612426758 -18.46148681640625 -20
    endloop
  endfacet
  facet normal 0.3826881584064278 -0.9238775749067064 0
    outer loop
      vertex -0.7578840255737305 -18.58209991455078 -25
      vertex -0.4667024612426758 -18.46148681640625 -20
      vertex -0.7578840255737305 -18.58209991455078 -20
    endloop
  endfacet
  facet normal 0.19508489799319606 0.9807863592928809 0
    outer loop
      vertex -0.4667024612426758 -42.53851318359375 -25
      vertex -0.4667024612426758 -42.53851318359375 -20
      vertex -0.15758609771728516 -42.599998474121094 -25
    endloop
  endfacet
  facet normal 0 0 -1
    outer loop
      vertex -0.4667024612426758 -42.53851318359375 -25
      vertex -0.15758609771728516 -42.599998474121094 -25
      vertex 5.192456245422363 -50.70000076293945 -25
    endloop
  endfacet
  facet normal 0.19508489799319606 0.9807863592928809 0
    outer loop
      vertex -0.4667024612426758 -42.53851318359375 -20
      vertex -0.15758609771728516 -42.599998474121094 -20
      vertex -0.15758609771728516 -42.599998474121094 -25
    endloop
  endfacet
  facet normal 0 0 1
    outer loop
      vertex -0.4667024612426758 -42.53851318359375 -20
      vertex 5.492456436157227 -51 -20
      vertex -0.15758609771728516 -42.599998474121094 -20
    endloop
  endfacet
  facet normal 0 0 -1
    outer loop
      vertex -0.4667024612426758 -39.46148681640625 -25
      vertex -0.4667024612426758 -21.53851318359375 -25
      vertex -0.15758609771728516 -21.600000381469727 -25
    endloop
  endfacet
  facet normal 0.19508489799319606 -0.9807863592928809 0
    outer loop
      vertex -0.4667024612426758 -39.46148681640625 -25
      vertex -0.15758609771728516 -39.400001525878906 -25
      vertex -0.15758609771728516 -39.400001525878906 -20
    endloop
  endfacet
  facet normal 0.19508489799319606 -0.9807863592928809 0
    outer loop
      vertex -0.4667024612426758 -39.46148681640625 -25
      vertex -0.15758609771728516 -39.400001525878906 -20
      vertex -0.4667024612426758 -39.46148681640625 -20
    endloop
  endfacet
  facet normal 0 0 -1
    outer loop
      vertex -0.4667024612426758 -39.46148681640625 -25
      vertex -0.15758609771728516 -21.600000381469727 -25
      vertex -0.15758609771728516 -39.400001525878906 -25
    endloop
  endfacet
  facet normal 0 0 1
    outer loop
      vertex -0.4667024612426758 -39.46148681640625 -20
      vertex -0.15758609771728516 -39.400001525878906 -20
      vertex -0.4667024612426758 -21.53851318359375 -20
    endloop
  endfacet
  facet normal 0.19509071943511516 0.9807852013515952 0
    outer loop
      vertex -0.4667024612426758 -21.53851318359375 -25
      vertex -0.4667024612426758 -21.53851318359375 -20
      vertex -0.15758609771728516 -21.600000381469727 -25
    endloop
  endfacet
  facet normal 0 0 1
    outer loop
      vertex -0.4667024612426758 -21.53851318359375 -20
      vertex -0.15758609771728516 -39.400001525878906 -20
      vertex -0.15758609771728516 -21.600000381469727 -20
    endloop
  endfacet
  facet normal 0.19509071943511516 0.9807852013515952 0
    outer loop
      vertex -0.4667024612426758 -21.53851318359375 -20
      vertex -0.15758609771728516 -21.600000381469727 -20
      vertex -0.15758609771728516 -21.600000381469727 -25
    endloop
  endfacet
  facet normal 0.19508489799319606 -0.9807863592928809 0
    outer loop
      vertex -0.4667024612426758 -18.46148681640625 -25
      vertex -0.15758609771728516 -18.400001525878906 -25
      vertex -0.15758609771728516 -18.400001525878906 -20
    endloop
  endfacet
  facet normal 0.19508489799319606 -0.9807863592928809 0
    outer loop
      vertex -0.4667024612426758 -18.46148681640625 -25
      vertex -0.15758609771728516 -18.400001525878906 -20
      vertex -0.4667024612426758 -18.46148681640625 -20
    endloop
  endfacet
  facet normal 0 0 -1
    outer loop
      vertex -0.4667024612426758 -18.46148681640625 -25
      vertex 5.192456245422363 -10.799999237060547 -25
      vertex -0.15758609771728516 -18.400001525878906 -25
    endloop
  endfacet
  facet normal 0 0 1
    outer loop
      vertex -0.4667024612426758 -18.46148681640625 -20
      vertex -0.15758609771728516 -18.400001525878906 -20
      vertex 5.492456436157227 -10.5 -20
    endloop
  endfacet
  facet normal 0 1 0
    outer loop
      vertex -0.15758609771728516 -42.599998474121094 -25
      vertex -0.15758609771728516 -42.599998474121094 -20
      vertex 0.15758609771728516 -42.599998474121094 -25
    endloop
  endfacet
  facet normal 0 0 -1
    outer loop
      vertex -0.15758609771728516 -42.599998474121094 -25
      vertex 0.15758609771728516 -42.599998474121094 -25
      vertex 5.192456245422363 -50.70000076293945 -25
    endloop
  endfacet
  facet normal 0 1 0
    outer loop
      vertex -0.15758609771728516 -42.599998474121094 -20
      vertex 0.15758609771728516 -42.599998474121094 -20
      vertex 0.15758609771728516 -42.599998474121094 -25
    endloop
  endfacet
  facet normal 0 0 1
    outer loop
      vertex -0.15758609771728516 -42.599998474121094 -20
      vertex 5.492456436157227 -51 -20
      vertex 0.15758609771728516 -42.599998474121094 -20
    endloop
  endfacet
  facet normal 0 0 -1
    outer loop
      vertex -0.15758609771728516 -39.400001525878906 -25
      vertex -0.15758609771728516 -21.600000381469727 -25
      vertex 0.15758609771728516 -21.600000381469727 -25
    endloop
  endfacet
  facet normal 0 -1 0
    outer loop
      vertex -0.15758609771728516 -39.400001525878906 -25
      vertex 0.15758609771728516 -39.400001525878906 -25
      vertex 0.15758609771728516 -39.400001525878906 -20
    endloop
  endfacet
  facet normal 0 -1 0
    outer loop
      vertex -0.15758609771728516 -39.400001525878906 -25
      vertex 0.15758609771728516 -39.400001525878906 -20
      vertex -0.15758609771728516 -39.400001525878906 -20
    endloop
  endfacet
  facet normal 0 0 -1
    outer loop
      vertex -0.15758609771728516 -39.400001525878906 -25
      vertex 0.15758609771728516 -21.600000381469727 -25
      vertex 0.15758609771728516 -39.400001525878906 -25
    endloop
  endfacet
  facet normal 0 0 1
    outer loop
      vertex -0.15758609771728516 -39.400001525878906 -20
      vertex 0.15758609771728516 -39.400001525878906 -20
      vertex -0.15758609771728516 -21.600000381469727 -20
    endloop
  endfacet
  facet normal 0 1 0
    outer loop
      vertex -0.15758609771728516 -21.600000381469727 -25
      vertex -0.15758609771728516 -21.600000381469727 -20
      vertex 0.15758609771728516 -21.600000381469727 -25
    endloop
  endfacet
  facet normal 0 0 1
    outer loop
      vertex -0.15758609771728516 -21.600000381469727 -20
      vertex 0.15758609771728516 -39.400001525878906 -20
      vertex 0.15758609771728516 -21.600000381469727 -20
    endloop
  endfacet
  facet normal 0 1 0
    outer loop
      vertex -0.15758609771728516 -21.600000381469727 -20
      vertex 0.15758609771728516 -21.600000381469727 -20
      vertex 0.15758609771728516 -21.600000381469727 -25
    endloop
  endfacet
  facet normal 0 -1 0
    outer loop
      vertex -0.15758609771728516 -18.400001525878906 -25
      vertex 0.15758609771728516 -18.400001525878906 -25
      vertex 0.15758609771728516 -18.400001525878906 -20
    endloop
  endfacet
  facet normal 0 -1 0
    outer loop
      vertex -0.15758609771728516 -18.400001525878906 -25
      vertex 0.15758609771728516 -18.400001525878906 -20
      vertex -0.15758609771728516 -18.400001525878906 -20
    endloop
  endfacet
  facet normal 0 0 -1
    outer loop
      vertex -0.15758609771728516 -18.400001525878906 -25
      vertex 5.192456245422363 -10.799999237060547 -25
      vertex 0.15758609771728516 -18.400001525878906 -25
    endloop
  endfacet
  facet normal 0 0 1
    outer loop
      vertex -0.15758609771728516 -18.400001525878906 -20
      vertex 0.15758609771728516 -18.400001525878906 -20
      vertex 5.492456436157227 -10.5 -20
    endloop
  endfacet
  facet normal -0.19508489799319606 0.9807863592928809 0
    outer loop
      vertex 0.15758609771728516 -42.599998474121094 -25
      vertex 0.15758609771728516 -42.599998474121094 -20
      vertex 0.4667024612426758 -42.53851318359375 -25
    endloop
  endfacet
  facet normal 0 0 -1
    outer loop
      vertex 0.15758609771728516 -42.599998474121094 -25
      vertex 0.4667024612426758 -42.53851318359375 -25
      vertex 5.192456245422363 -50.70000076293945 -25
    endloop
  endfacet
  facet normal -0.19508489799319606 0.9807863592928809 0
    outer loop
      vertex 0.15758609771728516 -42.599998474121094 -20
      vertex 0.4667024612426758 -42.53851318359375 -20
      vertex 0.4667024612426758 -42.53851318359375 -25
    endloop
  endfacet
  facet normal 0 0 1
    outer loop
      vertex 0.15758609771728516 -42.599998474121094 -20
      vertex 5.492456436157227 -51 -20
      vertex 0.4667024612426758 -42.53851318359375 -20
    endloop
  endfacet
  facet normal 0 0 -1
    outer loop
      vertex 0.15758609771728516 -39.400001525878906 -25
      vertex 0.15758609771728516 -21.600000381469727 -25
      vertex 0.4667024612426758 -21.53851318359375 -25
    endloop
  endfacet
  facet normal -0.19508489799319606 -0.9807863592928809 0
    outer loop
      vertex 0.15758609771728516 -39.400001525878906 -25
      vertex 0.4667024612426758 -39.46148681640625 -25
      vertex 0.4667024612426758 -39.46148681640625 -20
    endloop
  endfacet
  facet normal -0.19508489799319606 -0.9807863592928809 0
    outer loop
      vertex 0.15758609771728516 -39.400001525878906 -25
      vertex 0.4667024612426758 -39.46148681640625 -20
      vertex 0.15758609771728516 -39.400001525878906 -20
    endloop
  endfacet
  facet normal 0 0 -1
    outer loop
      vertex 0.15758609771728516 -39.400001525878906 -25
      vertex 0.4667024612426758 -21.53851318359375 -25
      vertex 0.4667024612426758 -39.46148681640625 -25
    endloop
  endfacet
  facet normal 0 0 1
    outer loop
      vertex 0.15758609771728516 -39.400001525878906 -20
      vertex 0.4667024612426758 -39.46148681640625 -20
      vertex 0.15758609771728516 -21.600000381469727 -20
    endloop
  endfacet
  facet normal -0.19509071943511516 0.9807852013515952 0
    outer loop
      vertex 0.15758609771728516 -21.600000381469727 -25
      vertex 0.15758609771728516 -21.600000381469727 -20
      vertex 0.4667024612426758 -21.53851318359375 -25
    endloop
  endfacet
  facet normal 0 0 1
    outer loop
      vertex 0.15758609771728516 -21.600000381469727 -20
      vertex 0.4667024612426758 -39.46148681640625 -20
      vertex 0.4667024612426758 -21.53851318359375 -20
    endloop
  endfacet
  facet normal -0.19509071943511516 0.9807852013515952 0
    outer loop
      vertex 0.15758609771728516 -21.600000381469727 -20
      vertex 0.4667024612426758 -21.53851318359375 -20
      vertex 0.4667024612426758 -21.53851318359375 -25
    endloop
  endfacet
  facet normal -0.19508489799319606 -0.9807863592928809 0
    outer loop
      vertex 0.15758609771728516 -18.400001525878906 -25
      vertex 0.4667024612426758 -18.46148681640625 -25
      vertex 0.4667024612426758 -18.46148681640625 -20
    endloop
  endfacet
  facet normal -0.19508489799319606 -0.9807863592928809 0
    outer loop
      vertex 0.15758609771728516 -18.400001525878906 -25
      vertex 0.4667024612426758 -18.46148681640625 -20
      vertex 0.15758609771728516 -18.400001525878906 -20
    endloop
  endfacet
  facet normal 0 0 -1
    outer loop
      vertex 0.15758609771728516 -18.400001525878906 -25
      vertex 5.192456245422363 -10.799999237060547 -25
      vertex 0.4667024612426758 -18.46148681640625 -25
    endloop
  endfacet
  facet normal 0 0 1
    outer loop
      vertex 0.15758609771728516 -18.400001525878906 -20
      vertex 0.4667024612426758 -18.46148681640625 -20
      vertex 5.492456436157227 -10.5 -20
    endloop
  endfacet
  facet normal -0.3826881584064278 0.9238775749067064 0
    outer loop
      vertex 0.4667024612426758 -42.53851318359375 -25
      vertex 0.4667024612426758 -42.53851318359375 -20
      vertex 0.7578840255737305 -42.41790008544922 -25
    endloop
  endfacet
  facet normal 0 0 -1
    outer loop
      vertex 0.4667024612426758 -42.53851318359375 -25
      vertex 0.7578840255737305 -42.41790008544922 -25
      vertex 5.192456245422363 -50.70000076293945 -25
    endloop
  endfacet
  facet normal -0.3826881584064278 0.9238775749067064 0
    outer loop
      vertex 0.4667024612426758 -42.53851318359375 -20
      vertex 0.7578840255737305 -42.41790008544922 -20
      vertex 0.7578840255737305 -42.41790008544922 -25
    endloop
  endfacet
  facet normal 0 0 1
    outer loop
      vertex 0.4667024612426758 -42.53851318359375 -20
      vertex 5.492456436157227 -51 -20
      vertex 0.7578840255737305 -42.41790008544922 -20
    endloop
  endfacet
  facet normal 0 0 -1
    outer loop
      vertex 0.4667024612426758 -39.46148681640625 -25
      vertex 0.4667024612426758 -21.53851318359375 -25
      vertex 0.7578840255737305 -21.41790199279785 -25
    endloop
  endfacet
  facet normal -0.3826881584064278 -0.9238775749067064 0
    outer loop
      vertex 0.4667024612426758 -39.46148681640625 -25
      vertex 0.7578840255737305 -39.58209991455078 -25
      vertex 0.7578840255737305 -39.58209991455078 -20
    endloop
  endfacet
  facet normal -0.3826881584064278 -0.9238775749067064 0
    outer loop
      vertex 0.4667024612426758 -39.46148681640625 -25
      vertex 0.7578840255737305 -39.58209991455078 -20
      vertex 0.4667024612426758 -39.46148681640625 -20
    endloop
  endfacet
  facet normal 0 0 -1
    outer loop
      vertex 0.4667024612426758 -39.46148681640625 -25
      vertex 0.7578840255737305 -21.41790199279785 -25
      vertex 0.7578840255737305 -39.58209991455078 -25
    endloop
  endfacet
  facet normal 0 0 1
    outer loop
      vertex 0.4667024612426758 -39.46148681640625 -20
      vertex 0.7578840255737305 -39.58209991455078 -20
      vertex 0.4667024612426758 -21.53851318359375 -20
    endloop
  endfacet
  facet normal -0.3826829929227536 0.9238797145341398 0
    outer loop
      vertex 0.4667024612426758 -21.53851318359375 -25
      vertex 0.4667024612426758 -21.53851318359375 -20
      vertex 0.7578840255737305 -21.41790199279785 -25
    endloop
  endfacet
  facet normal 0 0 1
    outer loop
      vertex 0.4667024612426758 -21.53851318359375 -20
      vertex 0.7578840255737305 -39.58209991455078 -20
      vertex 0.7578840255737305 -21.41790199279785 -20
    endloop
  endfacet
  facet normal -0.3826829929227536 0.9238797145341398 0
    outer loop
      vertex 0.4667024612426758 -21.53851318359375 -20
      vertex 0.7578840255737305 -21.41790199279785 -20
      vertex 0.7578840255737305 -21.41790199279785 -25
    endloop
  endfacet
  facet normal -0.3826881584064278 -0.9238775749067064 0
    outer loop
      vertex 0.4667024612426758 -18.46148681640625 -25
      vertex 0.7578840255737305 -18.58209991455078 -25
      vertex 0.7578840255737305 -18.58209991455078 -20
    endloop
  endfacet
  facet normal -0.3826881584064278 -0.9238775749067064 0
    outer loop
      vertex 0.4667024612426758 -18.46148681640625 -25
      vertex 0.7578840255737305 -18.58209991455078 -20
      vertex 0.4667024612426758 -18.46148681640625 -20
    endloop
  endfacet
  facet normal 0 0 -1
    outer loop
      vertex 0.4667024612426758 -18.46148681640625 -25
      vertex 5.192456245422363 -10.799999237060547 -25
      vertex 0.7578840255737305 -18.58209991455078 -25
    endloop
  endfacet
  facet normal 0 0 1
    outer loop
      vertex 0.4667024612426758 -18.46148681640625 -20
      vertex 0.7578840255737305 -18.58209991455078 -20
      vertex 5.492456436157227 -10.5 -20
    endloop
  endfacet
  facet normal -0.5555657663348913 0.8314725968284974 0
    outer loop
      vertex 0.7578840255737305 -42.41790008544922 -25
      vertex 0.7578840255737305 -42.41790008544922 -20
      vertex 1.0199403762817383 -42.242801666259766 -25
    endloop
  endfacet
  facet normal 0 0 -1
    outer loop
      vertex 0.7578840255737305 -42.41790008544922 -25
      vertex 1.0199403762817383 -42.242801666259766 -25
      vertex 5.192456245422363 -50.70000076293945 -25
    endloop
  endfacet
  facet normal -0.5555657663348913 0.8314725968284974 0
    outer loop
      vertex 0.7578840255737305 -42.41790008544922 -20
      vertex 1.0199403762817383 -42.242801666259766 -20
      vertex 1.0199403762817383 -42.242801666259766 -25
    endloop
  endfacet
  facet normal 0 0 1
    outer loop
      vertex 0.7578840255737305 -42.41790008544922 -20
      vertex 5.492456436157227 -51 -20
      vertex 1.0199403762817383 -42.242801666259766 -20
    endloop
  endfacet
  facet normal 0 0 -1
    outer loop
      vertex 0.7578840255737305 -39.58209991455078 -25
      vertex 0.7578840255737305 -21.41790199279785 -25
      vertex 1.0199403762817383 -21.242801666259766 -25
    endloop
  endfacet
  facet normal -0.5555657663348913 -0.8314725968284974 0
    outer loop
      vertex 0.7578840255737305 -39.58209991455078 -25
      vertex 1.0199403762817383 -39.757198333740234 -25
      vertex 1.0199403762817383 -39.757198333740234 -20
    endloop
  endfacet
  facet normal -0.5555657663348913 -0.8314725968284974 0
    outer loop
      vertex 0.7578840255737305 -39.58209991455078 -25
      vertex 1.0199403762817383 -39.757198333740234 -20
      vertex 0.7578840255737305 -39.58209991455078 -20
    endloop
  endfacet
  facet normal 0 0 -1
    outer loop
      vertex 0.7578840255737305 -39.58209991455078 -25
      vertex 1.0199403762817383 -21.242801666259766 -25
      vertex 1.0199403762817383 -39.757198333740234 -25
    endloop
  endfacet
  facet normal 0 0 1
    outer loop
      vertex 0.7578840255737305 -39.58209991455078 -20
      vertex 1.0199403762817383 -39.757198333740234 -20
      vertex 0.7578840255737305 -21.41790199279785 -20
    endloop
  endfacet
  facet normal -0.5555699501937464 0.8314698012806706 0
    outer loop
      vertex 0.7578840255737305 -21.41790199279785 -25
      vertex 0.7578840255737305 -21.41790199279785 -20
      vertex 1.0199403762817383 -21.242801666259766 -25
    endloop
  endfacet
  facet normal 0 0 1
    outer loop
      vertex 0.7578840255737305 -21.41790199279785 -20
      vertex 1.0199403762817383 -39.757198333740234 -20
      vertex 1.0199403762817383 -21.242801666259766 -20
    endloop
  endfacet
  facet normal -0.5555699501937464 0.8314698012806706 0
    outer loop
      vertex 0.7578840255737305 -21.41790199279785 -20
      vertex 1.0199403762817383 -21.242801666259766 -20
      vertex 1.0199403762817383 -21.242801666259766 -25
    endloop
  endfacet
  facet normal -0.5555657663348913 -0.8314725968284974 0
    outer loop
      vertex 0.7578840255737305 -18.58209991455078 -25
      vertex 1.0199403762817383 -18.757198333740234 -25
      vertex 1.0199403762817383 -18.757198333740234 -20
    endloop
  endfacet
  facet normal -0.5555657663348913 -0.8314725968284974 0
    outer loop
      vertex 0.7578840255737305 -18.58209991455078 -25
      vertex 1.0199403762817383 -18.757198333740234 -20
      vertex 0.7578840255737305 -18.58209991455078 -20
    endloop
  endfacet
  facet normal 0 0 -1
    outer loop
      vertex 0.7578840255737305 -18.58209991455078 -25
      vertex 5.192456245422363 -10.799999237060547 -25
      vertex 1.0199403762817383 -18.757198333740234 -25
    endloop
  endfacet
  facet normal 0 0 1
    outer loop
      vertex 0.7578840255737305 -18.58209991455078 -20
      vertex 1.0199403762817383 -18.757198333740234 -20
      vertex 5.492456436157227 -10.5 -20
    endloop
  endfacet
  facet normal -0.7071098070513506 0.7071037553087961 0
    outer loop
      vertex 1.0199403762817383 -42.242801666259766 -25
      vertex 1.0199403762817383 -42.242801666259766 -20
      vertex 1.2428007125854492 -42.01993942260742 -20
    endloop
  endfacet
  facet normal 0 0 -1
    outer loop
      vertex 1.0199403762817383 -42.242801666259766 -25
      vertex 1.2428007125854492 -42.01993942260742 -25
      vertex 5.192456245422363 -50.70000076293945 -25
    endloop
  endfacet
  facet normal -0.7071098070513506 0.7071037553087961 0
    outer loop
      vertex 1.0199403762817383 -42.242801666259766 -25
      vertex 1.2428007125854492 -42.01993942260742 -20
      vertex 1.2428007125854492 -42.01993942260742 -25
    endloop
  endfacet
  facet normal 0 0 1
    outer loop
      vertex 1.0199403762817383 -42.242801666259766 -20
      vertex 5.492456436157227 -51 -20
      vertex 1.2428007125854492 -42.01993942260742 -20
    endloop
  endfacet
  facet normal 0 0 -1
    outer loop
      vertex 1.0199403762817383 -39.757198333740234 -25
      vertex 1.0199403762817383 -21.242801666259766 -25
      vertex 1.2428007125854492 -21.019941329956055 -25
    endloop
  endfacet
  facet normal -0.7071037552828989 -0.7071098070772476 0
    outer loop
      vertex 1.0199403762817383 -39.757198333740234 -25
      vertex 1.2428007125854492 -39.98005676269531 -25
      vertex 1.2428007125854492 -39.98005676269531 -20
    endloop
  endfacet
  facet normal -0.7071037552828989 -0.7071098070772476 0
    outer loop
      vertex 1.0199403762817383 -39.757198333740234 -25
      vertex 1.2428007125854492 -39.98005676269531 -20
      vertex 1.0199403762817383 -39.757198333740234 -20
    endloop
  endfacet
  facet normal 0 0 -1
    outer loop
      vertex 1.0199403762817383 -39.757198333740234 -25
      vertex 1.2428007125854492 -21.019941329956055 -25
      vertex 1.2428007125854492 -39.98005676269531 -25
    endloop
  endfacet
  facet normal 0 0 1
    outer loop
      vertex 1.0199403762817383 -39.757198333740234 -20
      vertex 1.2428007125854492 -39.98005676269531 -20
      vertex 1.0199403762817383 -21.242801666259766 -20
    endloop
  endfacet
  facet normal -0.7071067811865476 0.7071067811865476 0
    outer loop
      vertex 1.0199403762817383 -21.242801666259766 -25
      vertex 1.0199403762817383 -21.242801666259766 -20
      vertex 1.2428007125854492 -21.019941329956055 -20
    endloop
  endfacet
  facet normal -0.7071067811865476 0.7071067811865476 0
    outer loop
      vertex 1.0199403762817383 -21.242801666259766 -25
      vertex 1.2428007125854492 -21.019941329956055 -20
      vertex 1.2428007125854492 -21.019941329956055 -25
    endloop
  endfacet
  facet normal 0 0 1
    outer loop
      vertex 1.0199403762817383 -21.242801666259766 -20
      vertex 1.2428007125854492 -39.98005676269531 -20
      vertex 1.2428007125854492 -21.019941329956055 -20
    endloop
  endfacet
  facet normal -0.7071098070513506 -0.7071037553087961 0
    outer loop
      vertex 1.0199403762817383 -18.757198333740234 -25
      vertex 1.2428007125854492 -18.980060577392578 -25
      vertex 1.0199403762817383 -18.757198333740234 -20
    endloop
  endfacet
  facet normal 0 0 -1
    outer loop
      vertex 1.0199403762817383 -18.757198333740234 -25
      vertex 5.192456245422363 -10.799999237060547 -25
      vertex 1.2428007125854492 -18.980060577392578 -25
    endloop
  endfacet
  facet normal -0.7071098070513506 -0.7071037553087961 0
    outer loop
      vertex 1.0199403762817383 -18.757198333740234 -20
      vertex 1.2428007125854492 -18.980060577392578 -25
      vertex 1.2428007125854492 -18.980060577392578 -20
    endloop
  endfacet
  facet normal 0 0 1
    outer loop
      vertex 1.0199403762817383 -18.757198333740234 -20
      vertex 1.2428007125854492 -18.980060577392578 -20
      vertex 5.492456436157227 -10.5 -20
    endloop
  endfacet
  facet normal -0.8314679333418552 0.555572745753627 0
    outer loop
      vertex 1.2428007125854492 -42.01993942260742 -25
      vertex 1.2428007125854492 -42.01993942260742 -20
      vertex 1.4179010391235352 -41.75788497924805 -20
    endloop
  endfacet
  facet normal 0 0 -1
    outer loop
      vertex 1.2428007125854492 -42.01993942260742 -25
      vertex 1.4179010391235352 -41.75788497924805 -25
      vertex 9.699999809265137 -46.19245529174805 -25
    endloop
  endfacet
  facet normal -0.8314679333418552 0.555572745753627 0
    outer loop
      vertex 1.2428007125854492 -42.01993942260742 -25
      vertex 1.4179010391235352 -41.75788497924805 -20
      vertex 1.4179010391235352 -41.75788497924805 -25
    endloop
  endfacet
  facet normal 0 0 -1
    outer loop
      vertex 1.2428007125854492 -42.01993942260742 -25
      vertex 6.158445358276367 -50.507850646972656 -25
      vertex 5.192456245422363 -50.70000076293945 -25
    endloop
  endfacet
  facet normal 0 0 -1
    outer loop
      vertex 1.2428007125854492 -42.01993942260742 -25
      vertex 7.068387985229492 -50.130943298339844 -25
      vertex 6.158445358276367 -50.507850646972656 -25
    endloop
  endfacet
  facet normal 0 0 -1
    outer loop
      vertex 1.2428007125854492 -42.01993942260742 -25
      vertex 7.8873138427734375 -49.58375549316406 -25
      vertex 7.068387985229492 -50.130943298339844 -25
    endloop
  endfacet
  facet normal 0 0 -1
    outer loop
      vertex 1.2428007125854492 -42.01993942260742 -25
      vertex 8.58375358581543 -48.88731384277344 -25
      vertex 7.8873138427734375 -49.58375549316406 -25
    endloop
  endfacet
  facet normal 0 0 -1
    outer loop
      vertex 1.2428007125854492 -42.01993942260742 -25
      vertex 9.130942344665527 -48.068389892578125 -25
      vertex 8.58375358581543 -48.88731384277344 -25
    endloop
  endfacet
  facet normal 0 0 -1
    outer loop
      vertex 1.2428007125854492 -42.01993942260742 -25
      vertex 9.507852554321289 -47.158447265625 -25
      vertex 9.130942344665527 -48.068389892578125 -25
    endloop
  endfacet
  facet normal 0 0 -1
    outer loop
      vertex 1.2428007125854492 -42.01993942260742 -25
      vertex 9.699999809265137 -46.19245529174805 -25
      vertex 9.507852554321289 -47.158447265625 -25
    endloop
  endfacet
  facet normal 0 0 1
    outer loop
      vertex 1.2428007125854492 -42.01993942260742 -20
      vertex 5.492456436157227 -51 -20
      vertex 6.4584455490112305 -50.80785369873047 -20
    endloop
  endfacet
  facet normal 0 0 1
    outer loop
      vertex 1.2428007125854492 -42.01993942260742 -20
      vertex 6.4584455490112305 -50.80785369873047 -20
      vertex 7.368387222290039 -50.43094253540039 -20
    endloop
  endfacet
  facet normal 0 0 1
    outer loop
      vertex 1.2428007125854492 -42.01993942260742 -20
      vertex 7.368387222290039 -50.43094253540039 -20
      vertex 8.1873140335083 -49.883750915527344 -20
    endloop
  endfacet
  facet normal 0 0 1
    outer loop
      vertex 1.2428007125854492 -42.01993942260742 -20
      vertex 8.1873140335083 -49.883750915527344 -20
      vertex 8.883752822875977 -49.187313079833984 -20
    endloop
  endfacet
  facet normal 0 0 1
    outer loop
      vertex 1.2428007125854492 -42.01993942260742 -20
      vertex 8.883752822875977 -49.187313079833984 -20
      vertex 9.430941581726074 -48.368385314941406 -20
    endloop
  endfacet
  facet normal 0 0 1
    outer loop
      vertex 1.2428007125854492 -42.01993942260742 -20
      vertex 9.430941581726074 -48.368385314941406 -20
      vertex 9.807852745056152 -47.45844650268555 -20
    endloop
  endfacet
  facet normal 0 0 1
    outer loop
      vertex 1.2428007125854492 -42.01993942260742 -20
      vertex 9.807852745056152 -47.45844650268555 -20
      vertex 10 -46.492454528808594 -20
    endloop
  endfacet
  facet normal 0 0 1
    outer loop
      vertex 1.2428007125854492 -42.01993942260742 -20
      vertex 10 -46.492454528808594 -20
      vertex 1.4179010391235352 -41.75788497924805 -20
    endloop
  endfacet
  facet normal 0 0 -1
    outer loop
      vertex 1.2428007125854492 -39.98005676269531 -25
      vertex 1.2428007125854492 -21.019941329956055 -25
      vertex 9.699999809265137 -15.30754280090332 -25
    endloop
  endfacet
  facet normal -0.8314716691912889 -0.5555671546557193 0
    outer loop
      vertex 1.2428007125854492 -39.98005676269531 -25
      vertex 1.4179010391235352 -40.24211502075195 -25
      vertex 1.2428007125854492 -39.98005676269531 -20
    endloop
  endfacet
  facet normal 0 0 -1
    outer loop
      vertex 1.2428007125854492 -39.98005676269531 -25
      vertex 9.699999809265137 -46.19245529174805 -25
      vertex 1.4179010391235352 -40.24211502075195 -25
    endloop
  endfacet
  facet normal 0 0 -1
    outer loop
      vertex 1.2428007125854492 -39.98005676269531 -25
      vertex 9.699999809265137 -15.30754280090332 -25
      vertex 9.699999809265137 -46.19245529174805 -25
    endloop
  endfacet
  facet normal -0.8314716691912889 -0.5555671546557193 0
    outer loop
      vertex 1.2428007125854492 -39.98005676269531 -20
      vertex 1.4179010391235352 -40.24211502075195 -25
      vertex 1.4179010391235352 -40.24211502075195 -20
    endloop
  endfacet
  facet normal 0 0 1
    outer loop
      vertex 1.2428007125854492 -39.98005676269531 -20
      vertex 1.4179010391235352 -40.24211502075195 -20
      vertex 10 -15.007542610168457 -20
    endloop
  endfacet
  facet normal 0 0 1
    outer loop
      vertex 1.2428007125854492 -39.98005676269531 -20
      vertex 10 -15.007542610168457 -20
      vertex 1.2428007125854492 -21.019941329956055 -20
    endloop
  endfacet
  facet normal -0.8314698012806706 0.5555699501937464 0
    outer loop
      vertex 1.2428007125854492 -21.019941329956055 -25
      vertex 1.2428007125854492 -21.019941329956055 -20
      vertex 1.4179010391235352 -20.757884979248047 -20
    endloop
  endfacet
  facet normal 0 0 -1
    outer loop
      vertex 1.2428007125854492 -21.019941329956055 -25
      vertex 1.4179010391235352 -20.757884979248047 -25
      vertex 9.699999809265137 -15.30754280090332 -25
    endloop
  endfacet
  facet normal -0.8314698012806706 0.5555699501937464 0
    outer loop
      vertex 1.2428007125854492 -21.019941329956055 -25
      vertex 1.4179010391235352 -20.757884979248047 -20
      vertex 1.4179010391235352 -20.757884979248047 -25
    endloop
  endfacet
  facet normal 0 0 1
    outer loop
      vertex 1.2428007125854492 -21.019941329956055 -20
      vertex 10 -15.007542610168457 -20
      vertex 1.4179010391235352 -20.757884979248047 -20
    endloop
  endfacet
  facet normal -0.8314679333418552 -0.555572745753627 0
    outer loop
      vertex 1.2428007125854492 -18.980060577392578 -25
      vertex 1.4179010391235352 -19.242115020751953 -25
      vertex 1.2428007125854492 -18.980060577392578 -20
    endloop
  endfacet
  facet normal 0 0 -1
    outer loop
      vertex 1.2428007125854492 -18.980060577392578 -25
      vertex 5.192456245422363 -10.799999237060547 -25
      vertex 6.158445358276367 -10.992146492004395 -25
    endloop
  endfacet
  facet normal 0 0 -1
    outer loop
      vertex 1.2428007125854492 -18.980060577392578 -25
      vertex 6.158445358276367 -10.992146492004395 -25
      vertex 7.068387985229492 -11.369056701660156 -25
    endloop
  endfacet
  facet normal 0 0 -1
    outer loop
      vertex 1.2428007125854492 -18.980060577392578 -25
      vertex 7.068387985229492 -11.369056701660156 -25
      vertex 7.8873138427734375 -11.916245460510254 -25
    endloop
  endfacet
  facet normal 0 0 -1
    outer loop
      vertex 1.2428007125854492 -18.980060577392578 -25
      vertex 7.8873138427734375 -11.916245460510254 -25
      vertex 8.58375358581543 -12.612685203552246 -25
    endloop
  endfacet
  facet normal 0 0 -1
    outer loop
      vertex 1.2428007125854492 -18.980060577392578 -25
      vertex 8.58375358581543 -12.612685203552246 -25
      vertex 9.130942344665527 -13.431611061096191 -25
    endloop
  endfacet
  facet normal 0 0 -1
    outer loop
      vertex 1.2428007125854492 -18.980060577392578 -25
      vertex 9.130942344665527 -13.431611061096191 -25
      vertex 9.507852554321289 -14.341553688049316 -25
    endloop
  endfacet
  facet normal 0 0 -1
    outer loop
      vertex 1.2428007125854492 -18.980060577392578 -25
      vertex 9.507852554321289 -14.341553688049316 -25
      vertex 9.699999809265137 -15.30754280090332 -25
    endloop
  endfacet
  facet normal 0 0 -1
    outer loop
      vertex 1.2428007125854492 -18.980060577392578 -25
      vertex 9.699999809265137 -15.30754280090332 -25
      vertex 1.4179010391235352 -19.242115020751953 -25
    endloop
  endfacet
  facet normal -0.8314679333418552 -0.555572745753627 0
    outer loop
      vertex 1.2428007125854492 -18.980060577392578 -20
      vertex 1.4179010391235352 -19.242115020751953 -25
      vertex 1.4179010391235352 -19.242115020751953 -20
    endloop
  endfacet
  facet normal 0 0 1
    outer loop
      vertex 1.2428007125854492 -18.980060577392578 -20
      vertex 1.4179010391235352 -19.242115020751953 -20
      vertex 10 -15.007542610168457 -20
    endloop
  endfacet
  facet normal 0 0 1
    outer loop
      vertex 1.2428007125854492 -18.980060577392578 -20
      vertex 6.4584455490112305 -10.692146301269531 -20
      vertex 5.492456436157227 -10.5 -20
    endloop
  endfacet
  facet normal 0 0 1
    outer loop
      vertex 1.2428007125854492 -18.980060577392578 -20
      vertex 7.368387222290039 -11.06905746459961 -20
      vertex 6.4584455490112305 -10.692146301269531 -20
    endloop
  endfacet
  facet normal 0 0 1
    outer loop
      vertex 1.2428007125854492 -18.980060577392578 -20
      vertex 8.1873140335083 -11.616246223449707 -20
      vertex 7.368387222290039 -11.06905746459961 -20
    endloop
  endfacet
  facet normal 0 0 1
    outer loop
      vertex 1.2428007125854492 -18.980060577392578 -20
      vertex 8.883752822875977 -12.312685012817383 -20
      vertex 8.1873140335083 -11.616246223449707 -20
    endloop
  endfacet
  facet normal 0 0 1
    outer loop
      vertex 1.2428007125854492 -18.980060577392578 -20
      vertex 9.430941581726074 -13.131611824035645 -20
      vertex 8.883752822875977 -12.312685012817383 -20
    endloop
  endfacet
  facet normal 0 0 1
    outer loop
      vertex 1.2428007125854492 -18.980060577392578 -20
      vertex 9.807852745056152 -14.041553497314453 -20
      vertex 9.430941581726074 -13.131611824035645 -20
    endloop
  endfacet
  facet normal 0 0 1
    outer loop
      vertex 1.2428007125854492 -18.980060577392578 -20
      vertex 10 -15.007542610168457 -20
      vertex 9.807852745056152 -14.041553497314453 -20
    endloop
  endfacet
  facet normal -0.9238806007842874 0.38268085331574186 0
    outer loop
      vertex 1.4179010391235352 -41.75788497924805 -25
      vertex 1.4179010391235352 -41.75788497924805 -20
      vertex 1.5385122299194336 -41.46670150756836 -20
    endloop
  endfacet
  facet normal 0 0 -1
    outer loop
      vertex 1.4179010391235352 -41.75788497924805 -25
      vertex 1.5385122299194336 -41.46670150756836 -25
      vertex 9.699999809265137 -46.19245529174805 -25
    endloop
  endfacet
  facet normal -0.9238806007842874 0.38268085331574186 0
    outer loop
      vertex 1.4179010391235352 -41.75788497924805 -25
      vertex 1.5385122299194336 -41.46670150756836 -20
      vertex 1.5385122299194336 -41.46670150756836 -25
    endloop
  endfacet
  facet normal 0 0 1
    outer loop
      vertex 1.4179010391235352 -41.75788497924805 -20
      vertex 10 -46.492454528808594 -20
      vertex 1.5385122299194336 -41.46670150756836 -20
    endloop
  endfacet
  facet normal -0.9238788282691269 -0.38268513255163855 0
    outer loop
      vertex 1.4179010391235352 -40.24211502075195 -25
      vertex 1.5385122299194336 -40.533294677734375 -25
      vertex 1.4179010391235352 -40.24211502075195 -20
    endloop
  endfacet
  facet normal 0 0 -1
    outer loop
      vertex 1.4179010391235352 -40.24211502075195 -25
      vertex 9.699999809265137 -46.19245529174805 -25
      vertex 1.5385122299194336 -40.533294677734375 -25
    endloop
  endfacet
  facet normal -0.9238788282691269 -0.38268513255163855 0
    outer loop
      vertex 1.4179010391235352 -40.24211502075195 -20
      vertex 1.5385122299194336 -40.533294677734375 -25
      vertex 1.5385122299194336 -40.533294677734375 -20
    endloop
  endfacet
  facet normal 0 0 1
    outer loop
      vertex 1.4179010391235352 -40.24211502075195 -20
      vertex 1.5385122299194336 -40.533294677734375 -20
      vertex 10 -15.007542610168457 -20
    endloop
  endfacet
  facet normal -0.9238797145341398 0.3826829929227536 0
    outer loop
      vertex 1.4179010391235352 -20.757884979248047 -25
      vertex 1.4179010391235352 -20.757884979248047 -20
      vertex 1.5385122299194336 -20.466703414916992 -20
    endloop
  endfacet
  facet normal 0 0 -1
    outer loop
      vertex 1.4179010391235352 -20.757884979248047 -25
      vertex 1.5385122299194336 -20.466703414916992 -25
      vertex 9.699999809265137 -15.30754280090332 -25
    endloop
  endfacet
  facet normal -0.9238797145341398 0.3826829929227536 0
    outer loop
      vertex 1.4179010391235352 -20.757884979248047 -25
      vertex 1.5385122299194336 -20.466703414916992 -20
      vertex 1.5385122299194336 -20.466703414916992 -25
    endloop
  endfacet
  facet normal 0 0 1
    outer loop
      vertex 1.4179010391235352 -20.757884979248047 -20
      vertex 10 -15.007542610168457 -20
      vertex 1.5385122299194336 -20.466703414916992 -20
    endloop
  endfacet
  facet normal -0.9238806007842874 -0.38268085331574186 0
    outer loop
      vertex 1.4179010391235352 -19.242115020751953 -25
      vertex 1.5385122299194336 -19.53329849243164 -25
      vertex 1.4179010391235352 -19.242115020751953 -20
    endloop
  endfacet
  facet normal 0 0 -1
    outer loop
      vertex 1.4179010391235352 -19.242115020751953 -25
      vertex 9.699999809265137 -15.30754280090332 -25
      vertex 1.5385122299194336 -19.53329849243164 -25
    endloop
  endfacet
  facet normal -0.9238806007842874 -0.38268085331574186 0
    outer loop
      vertex 1.4179010391235352 -19.242115020751953 -20
      vertex 1.5385122299194336 -19.53329849243164 -25
      vertex 1.5385122299194336 -19.53329849243164 -20
    endloop
  endfacet
  facet normal 0 0 1
    outer loop
      vertex 1.4179010391235352 -19.242115020751953 -20
      vertex 1.5385122299194336 -19.53329849243164 -20
      vertex 10 -15.007542610168457 -20
    endloop
  endfacet
  facet normal -0.9807852013515952 0.19509071943511516 0
    outer loop
      vertex 1.5385122299194336 -41.46670150756836 -25
      vertex 1.5385122299194336 -41.46670150756836 -20
      vertex 1.5999994277954102 -41.15758514404297 -20
    endloop
  endfacet
  facet normal 0 0 -1
    outer loop
      vertex 1.5385122299194336 -41.46670150756836 -25
      vertex 1.5999994277954102 -41.15758514404297 -25
      vertex 9.699999809265137 -46.19245529174805 -25
    endloop
  endfacet
  facet normal -0.9807852013515952 0.19509071943511516 0
    outer loop
      vertex 1.5385122299194336 -41.46670150756836 -25
      vertex 1.5999994277954102 -41.15758514404297 -20
      vertex 1.5999994277954102 -41.15758514404297 -25
    endloop
  endfacet
  facet normal 0 0 1
    outer loop
      vertex 1.5385122299194336 -41.46670150756836 -20
      vertex 10 -46.492454528808594 -20
      vertex 1.5999994277954102 -41.15758514404297 -20
    endloop
  endfacet
  facet normal -0.9807856620083821 -0.19508840354767268 0
    outer loop
      vertex 1.5385122299194336 -40.533294677734375 -25
      vertex 1.5999994277954102 -40.84241485595703 -25
      vertex 1.5385122299194336 -40.533294677734375 -20
    endloop
  endfacet
  facet normal 0 0 -1
    outer loop
      vertex 1.5385122299194336 -40.533294677734375 -25
      vertex 9.699999809265137 -46.19245529174805 -25
      vertex 1.5999994277954102 -40.84241485595703 -25
    endloop
  endfacet
  facet normal -0.9807856620083821 -0.19508840354767268 0
    outer loop
      vertex 1.5385122299194336 -40.533294677734375 -20
      vertex 1.5999994277954102 -40.84241485595703 -25
      vertex 1.5999994277954102 -40.84241485595703 -20
    endloop
  endfacet
  facet normal 0 0 1
    outer loop
      vertex 1.5385122299194336 -40.533294677734375 -20
      vertex 1.5999994277954102 -40.84241485595703 -20
      vertex 10 -15.007542610168457 -20
    endloop
  endfacet
  facet normal -0.9807852013515952 0.19509071943511516 0
    outer loop
      vertex 1.5385122299194336 -20.466703414916992 -25
      vertex 1.5385122299194336 -20.466703414916992 -20
      vertex 1.5999994277954102 -20.1575870513916 -20
    endloop
  endfacet
  facet normal 0 0 -1
    outer loop
      vertex 1.5385122299194336 -20.466703414916992 -25
      vertex 1.5999994277954102 -20.1575870513916 -25
      vertex 9.699999809265137 -15.30754280090332 -25
    endloop
  endfacet
  facet normal -0.9807852013515952 0.19509071943511516 0
    outer loop
      vertex 1.5385122299194336 -20.466703414916992 -25
      vertex 1.5999994277954102 -20.1575870513916 -20
      vertex 1.5999994277954102 -20.1575870513916 -25
    endloop
  endfacet
  facet normal 0 0 1
    outer loop
      vertex 1.5385122299194336 -20.466703414916992 -20
      vertex 10 -15.007542610168457 -20
      vertex 1.5999994277954102 -20.1575870513916 -20
    endloop
  endfacet
  facet normal -0.9807852013515952 -0.19509071943511516 0
    outer loop
      vertex 1.5385122299194336 -19.53329849243164 -25
      vertex 1.5999994277954102 -19.84241485595703 -25
      vertex 1.5385122299194336 -19.53329849243164 -20
    endloop
  endfacet
  facet normal 0 0 -1
    outer loop
      vertex 1.5385122299194336 -19.53329849243164 -25
      vertex 9.699999809265137 -15.30754280090332 -25
      vertex 1.5999994277954102 -19.84241485595703 -25
    endloop
  endfacet
  facet normal -0.9807852013515952 -0.19509071943511516 0
    outer loop
      vertex 1.5385122299194336 -19.53329849243164 -20
      vertex 1.5999994277954102 -19.84241485595703 -25
      vertex 1.5999994277954102 -19.84241485595703 -20
    endloop
  endfacet
  facet normal 0 0 1
    outer loop
      vertex 1.5385122299194336 -19.53329849243164 -20
      vertex 1.5999994277954102 -19.84241485595703 -20
      vertex 10 -15.007542610168457 -20
    endloop
  endfacet
  facet normal -1 0 0
    outer loop
      vertex 1.5999994277954102 -41.15758514404297 -25
      vertex 1.5999994277954102 -41.15758514404297 -20
      vertex 1.5999994277954102 -40.84241485595703 -20
    endloop
  endfacet
  facet normal 0 0 -1
    outer loop
      vertex 1.5999994277954102 -41.15758514404297 -25
      vertex 1.5999994277954102 -40.84241485595703 -25
      vertex 9.699999809265137 -46.19245529174805 -25
    endloop
  endfacet
  facet normal -1 0 0
    outer loop
      vertex 1.5999994277954102 -41.15758514404297 -25
      vertex 1.5999994277954102 -40.84241485595703 -20
      vertex 1.5999994277954102 -40.84241485595703 -25
    endloop
  endfacet
  facet normal 0 0 1
    outer loop
      vertex 1.5999994277954102 -41.15758514404297 -20
      vertex 10 -46.492454528808594 -20
      vertex 1.5999994277954102 -40.84241485595703 -20
    endloop
  endfacet
  facet normal 0 0 1
    outer loop
      vertex 1.5999994277954102 -40.84241485595703 -20
      vertex 10 -46.492454528808594 -20
      vertex 10 -15.007542610168457 -20
    endloop
  endfacet
  facet normal -1 0 0
    outer loop
      vertex 1.5999994277954102 -20.1575870513916 -25
      vertex 1.5999994277954102 -20.1575870513916 -20
      vertex 1.5999994277954102 -19.84241485595703 -20
    endloop
  endfacet
  facet normal 0 0 -1
    outer loop
      vertex 1.5999994277954102 -20.1575870513916 -25
      vertex 1.5999994277954102 -19.84241485595703 -25
      vertex 9.699999809265137 -15.30754280090332 -25
    endloop
  endfacet
  facet normal -1 0 0
    outer loop
      vertex 1.5999994277954102 -20.1575870513916 -25
      vertex 1.5999994277954102 -19.84241485595703 -20
      vertex 1.5999994277954102 -19.84241485595703 -25
    endloop
  endfacet
  facet normal 0 0 1
    outer loop
      vertex 1.5999994277954102 -20.1575870513916 -20
      vertex 10 -15.007542610168457 -20
      vertex 1.5999994277954102 -19.84241485595703 -20
    endloop
  endfacet
  facet normal 0.1681793851148278 -0.8454819514939924 -0.5068293244478943
    outer loop
      vertex 5.192456245422363 -50.70000076293945 -25
      vertex 6.158445358276367 -50.507850646972656 -25
      vertex 5.492456436157227 -51 -24.399999618530273
    endloop
  endfacet
  facet normal 0.1681762830290874 0.8454831416112866 -0.5068283684617796
    outer loop
      vertex 5.192456245422363 -10.799999237060547 -25
      vertex 5.492456436157227 -10.5 -24.399999618530273
      vertex 6.4584455490112305 -10.692146301269531 -24.399999618530273
    endloop
  endfacet
  facet normal 0.16817694400515085 0.845482268219283 -0.506829606112217
    outer loop
      vertex 5.192456245422363 -10.799999237060547 -25
      vertex 6.4584455490112305 -10.692146301269531 -24.399999618530273
      vertex 6.158445358276367 -10.992146492004395 -25
    endloop
  endfacet
  facet normal 0.16817582484532162 -0.8454808381553964 -0.5068323630645977
    outer loop
      vertex 5.492456436157227 -51 -24.399999618530273
      vertex 6.158445358276367 -50.507850646972656 -25
      vertex 6.4584455490112305 -50.80785369873047 -24.399999618530273
    endloop
  endfacet
  facet normal 0.19508946251235743 -0.9807854513687686 0
    outer loop
      vertex 5.492456436157227 -51 -24.399999618530273
      vertex 6.4584455490112305 -50.80785369873047 -24.399999618530273
      vertex 6.4584455490112305 -50.80785369873047 -20
    endloop
  endfacet
  facet normal 0.19508946251235743 -0.9807854513687686 0
    outer loop
      vertex 5.492456436157227 -51 -24.399999618530273
      vertex 6.4584455490112305 -50.80785369873047 -20
      vertex 5.492456436157227 -51 -20
    endloop
  endfacet
  facet normal 0.19508946251235743 0.9807854513687686 0
    outer loop
      vertex 5.492456436157227 -10.5 -24.399999618530273
      vertex 5.492456436157227 -10.5 -20
      vertex 6.4584455490112305 -10.692146301269531 -24.399999618530273
    endloop
  endfacet
  facet normal 0.19508946251235743 0.9807854513687686 0
    outer loop
      vertex 5.492456436157227 -10.5 -20
      vertex 6.4584455490112305 -10.692146301269531 -20
      vertex 6.4584455490112305 -10.692146301269531 -24.399999618530273
    endloop
  endfacet
  facet normal 0.3203743726722702 -0.7734587806136659 -0.5469202647794925
    outer loop
      vertex 6.158445358276367 -50.507850646972656 -25
      vertex 7.068387985229492 -50.130943298339844 -25
      vertex 6.4584455490112305 -50.80785369873047 -24.399999618530273
    endloop
  endfacet
  facet normal 0.320376988131475 0.7734592237815442 -0.5469181059565097
    outer loop
      vertex 6.158445358276367 -10.992146492004395 -25
      vertex 6.4584455490112305 -10.692146301269531 -24.399999618530273
      vertex 7.068387985229492 -11.369056701660156 -25
    endloop
  endfacet
  facet normal 0.320378221071448 -0.773459432690083 -0.546917088273743
    outer loop
      vertex 6.4584455490112305 -50.80785369873047 -24.399999618530273
      vertex 7.068387985229492 -50.130943298339844 -25
      vertex 7.368387222290039 -50.43094253540039 -24.399999618530273
    endloop
  endfacet
  facet normal 0.3826842827771261 -0.9238791802586291 0
    outer loop
      vertex 6.4584455490112305 -50.80785369873047 -24.399999618530273
      vertex 7.368387222290039 -50.43094253540039 -24.399999618530273
      vertex 7.368387222290039 -50.43094253540039 -20
    endloop
  endfacet
  facet normal 0.3826842827771261 -0.9238791802586291 0
    outer loop
      vertex 6.4584455490112305 -50.80785369873047 -24.399999618530273
      vertex 7.368387222290039 -50.43094253540039 -20
      vertex 6.4584455490112305 -50.80785369873047 -20
    endloop
  endfacet
  facet normal 0.3826842827771261 0.9238791802586291 0
    outer loop
      vertex 6.4584455490112305 -10.692146301269531 -24.399999618530273
      vertex 6.4584455490112305 -10.692146301269531 -20
      vertex 7.368387222290039 -11.06905746459961 -24.399999618530273
    endloop
  endfacet
  facet normal 0.320378221071448 0.773459432690083 -0.546917088273743
    outer loop
      vertex 6.4584455490112305 -10.692146301269531 -24.399999618530273
      vertex 7.368387222290039 -11.06905746459961 -24.399999618530273
      vertex 7.068387985229492 -11.369056701660156 -25
    endloop
  endfacet
  facet normal 0.3826842827771261 0.9238791802586291 0
    outer loop
      vertex 6.4584455490112305 -10.692146301269531 -20
      vertex 7.368387222290039 -11.06905746459961 -20
      vertex 7.368387222290039 -11.06905746459961 -24.399999618530273
    endloop
  endfacet
  facet normal 0.45652723950736557 -0.6832424947512094 -0.569879437209247
    outer loop
      vertex 7.068387985229492 -50.130943298339844 -25
      vertex 7.8873138427734375 -49.58375549316406 -25
      vertex 8.1873140335083 -49.883750915527344 -24.399999618530273
    endloop
  endfacet
  facet normal 0.45652805178830946 -0.683239742906562 -0.5698820857364667
    outer loop
      vertex 7.068387985229492 -50.130943298339844 -25
      vertex 8.1873140335083 -49.883750915527344 -24.399999618530273
      vertex 7.368387222290039 -50.43094253540039 -24.399999618530273
    endloop
  endfacet
  facet normal 0.45652647279763514 0.683240952154332 -0.5698819008656023
    outer loop
      vertex 7.068387985229492 -11.369056701660156 -25
      vertex 7.368387222290039 -11.06905746459961 -24.399999618530273
      vertex 8.1873140335083 -11.616246223449707 -24.399999618530273
    endloop
  endfacet
  facet normal 0.4565266356965031 0.683240400287226 -0.5698824320111855
    outer loop
      vertex 7.068387985229492 -11.369056701660156 -25
      vertex 8.1873140335083 -11.616246223449707 -24.399999618530273
      vertex 7.8873138427734375 -11.916245460510254 -25
    endloop
  endfacet
  facet normal 0.5555717903178158 -0.8314685717470366 0
    outer loop
      vertex 7.368387222290039 -50.43094253540039 -24.399999618530273
      vertex 8.1873140335083 -49.883750915527344 -24.399999618530273
      vertex 8.1873140335083 -49.883750915527344 -20
    endloop
  endfacet
  facet normal 0.5555717903178158 -0.8314685717470366 0
    outer loop
      vertex 7.368387222290039 -50.43094253540039 -24.399999618530273
      vertex 8.1873140335083 -49.883750915527344 -20
      vertex 7.368387222290039 -50.43094253540039 -20
    endloop
  endfacet
  facet normal 0.5555697820814951 0.8314699136095788 0
    outer loop
      vertex 7.368387222290039 -11.06905746459961 -24.399999618530273
      vertex 7.368387222290039 -11.06905746459961 -20
      vertex 8.1873140335083 -11.616246223449707 -24.399999618530273
    endloop
  endfacet
  facet normal 0.5555697820814951 0.8314699136095788 0
    outer loop
      vertex 7.368387222290039 -11.06905746459961 -20
      vertex 8.1873140335083 -11.616246223449707 -20
      vertex 8.1873140335083 -11.616246223449707 -24.399999618530273
    endloop
  endfacet
  facet normal 0.577351671569357 -0.5773500903731135 -0.5773490456233796
    outer loop
      vertex 7.8873138427734375 -49.58375549316406 -25
      vertex 8.58375358581543 -48.88731384277344 -25
      vertex 8.883752822875977 -49.187313079833984 -24.399999618530273
    endloop
  endfacet
  facet normal 0.5773514033444659 -0.5773521939465508 -0.5773472102654349
    outer loop
      vertex 7.8873138427734375 -49.58375549316406 -25
      vertex 8.883752822875977 -49.187313079833984 -24.399999618530273
      vertex 8.1873140335083 -49.883750915527344 -24.399999618530273
    endloop
  endfacet
  facet normal 0.5773505750806109 0.5773505750806109 -0.5773496574071694
    outer loop
      vertex 7.8873138427734375 -11.916245460510254 -25
      vertex 8.1873140335083 -11.616246223449707 -24.399999618530273
      vertex 8.58375358581543 -12.612685203552246 -25
    endloop
  endfacet
  facet normal 0.7071062970447398 -0.7071072653280236 0
    outer loop
      vertex 8.1873140335083 -49.883750915527344 -24.399999618530273
      vertex 8.883752822875977 -49.187313079833984 -24.399999618530273
      vertex 8.883752822875977 -49.187313079833984 -20
    endloop
  endfacet
  facet normal 0.7071062970447398 -0.7071072653280236 0
    outer loop
      vertex 8.1873140335083 -49.883750915527344 -24.399999618530273
      vertex 8.883752822875977 -49.187313079833984 -20
      vertex 8.1873140335083 -49.883750915527344 -20
    endloop
  endfacet
  facet normal 0.7071067811865476 0.7071067811865476 0
    outer loop
      vertex 8.1873140335083 -11.616246223449707 -24.399999618530273
      vertex 8.1873140335083 -11.616246223449707 -20
      vertex 8.883752822875977 -12.312685012817383 -20
    endloop
  endfacet
  facet normal 0.5773505750806108 0.5773505750806108 -0.5773496574071693
    outer loop
      vertex 8.1873140335083 -11.616246223449707 -24.399999618530273
      vertex 8.883752822875977 -12.312685012817383 -24.399999618530273
      vertex 8.58375358581543 -12.612685203552246 -25
    endloop
  endfacet
  facet normal 0.7071067811865476 0.7071067811865476 0
    outer loop
      vertex 8.1873140335083 -11.616246223449707 -24.399999618530273
      vertex 8.883752822875977 -12.312685012817383 -20
      vertex 8.883752822875977 -12.312685012817383 -24.399999618530273
    endloop
  endfacet
  facet normal 0.6832401441587576 -0.456527527848742 -0.5698820243929759
    outer loop
      vertex 8.58375358581543 -48.88731384277344 -25
      vertex 9.130942344665527 -48.068389892578125 -25
      vertex 8.883752822875977 -49.187313079833984 -24.399999618530273
    endloop
  endfacet
  facet normal 0.683240400287226 0.4565266356965031 -0.5698824320111855
    outer loop
      vertex 8.58375358581543 -12.612685203552246 -25
      vertex 8.883752822875977 -12.312685012817383 -24.399999618530273
      vertex 9.130942344665527 -13.431611061096191 -25
    endloop
  endfacet
  facet normal 0.6832423516271755 -0.4565268762498694 -0.5698798998074099
    outer loop
      vertex 8.883752822875977 -49.187313079833984 -24.399999618530273
      vertex 9.130942344665527 -48.068389892578125 -25
      vertex 9.430941581726074 -48.368385314941406 -24.399999618530273
    endloop
  endfacet
  facet normal 0.8314702124767709 -0.5555693347943472 0
    outer loop
      vertex 8.883752822875977 -49.187313079833984 -24.399999618530273
      vertex 9.430941581726074 -48.368385314941406 -24.399999618530273
      vertex 8.883752822875977 -49.187313079833984 -20
    endloop
  endfacet
  facet normal 0.8314702124767709 -0.5555693347943472 0
    outer loop
      vertex 8.883752822875977 -49.187313079833984 -20
      vertex 9.430941581726074 -48.368385314941406 -24.399999618530273
      vertex 9.430941581726074 -48.368385314941406 -20
    endloop
  endfacet
  facet normal 0.8314699136095788 0.5555697820814951 0
    outer loop
      vertex 8.883752822875977 -12.312685012817383 -24.399999618530273
      vertex 8.883752822875977 -12.312685012817383 -20
      vertex 9.430941581726074 -13.131611824035645 -20
    endloop
  endfacet
  facet normal 0.683240952154332 0.45652647279763514 -0.5698819008656023
    outer loop
      vertex 8.883752822875977 -12.312685012817383 -24.399999618530273
      vertex 9.430941581726074 -13.131611824035645 -24.399999618530273
      vertex 9.130942344665527 -13.431611061096191 -25
    endloop
  endfacet
  facet normal 0.8314699136095788 0.5555697820814951 0
    outer loop
      vertex 8.883752822875977 -12.312685012817383 -24.399999618530273
      vertex 9.430941581726074 -13.131611824035645 -20
      vertex 9.430941581726074 -13.131611824035645 -24.399999618530273
    endloop
  endfacet
  facet normal 0.7734594391933878 -0.32037707735789517 -0.5469177490503149
    outer loop
      vertex 9.130942344665527 -48.068389892578125 -25
      vertex 9.507852554321289 -47.158447265625 -25
      vertex 9.807852745056152 -47.45844650268555 -24.399999618530273
    endloop
  endfacet
  facet normal 0.7734598316660646 -0.3203793936645168 -0.546915837139737
    outer loop
      vertex 9.130942344665527 -48.068389892578125 -25
      vertex 9.807852745056152 -47.45844650268555 -24.399999618530273
      vertex 9.430941581726074 -48.368385314941406 -24.399999618530273
    endloop
  endfacet
  facet normal 0.773459432690083 0.320378221071448 -0.546917088273743
    outer loop
      vertex 9.130942344665527 -13.431611061096191 -25
      vertex 9.430941581726074 -13.131611824035645 -24.399999618530273
      vertex 9.807852745056152 -14.041553497314453 -24.399999618530273
    endloop
  endfacet
  facet normal 0.7734592237815442 0.320376988131475 -0.5469181059565097
    outer loop
      vertex 9.130942344665527 -13.431611061096191 -25
      vertex 9.807852745056152 -14.041553497314453 -24.399999618530273
      vertex 9.507852554321289 -14.341553688049316 -25
    endloop
  endfacet
  facet normal 0.923878754850322 -0.3826853097993421 0
    outer loop
      vertex 9.430941581726074 -48.368385314941406 -24.399999618530273
      vertex 9.807852745056152 -47.45844650268555 -24.399999618530273
      vertex 9.430941581726074 -48.368385314941406 -20
    endloop
  endfacet
  facet normal 0.923878754850322 -0.3826853097993421 0
    outer loop
      vertex 9.430941581726074 -48.368385314941406 -20
      vertex 9.807852745056152 -47.45844650268555 -24.399999618530273
      vertex 9.807852745056152 -47.45844650268555 -20
    endloop
  endfacet
  facet normal 0.9238791802586291 0.3826842827771261 0
    outer loop
      vertex 9.430941581726074 -13.131611824035645 -24.399999618530273
      vertex 9.430941581726074 -13.131611824035645 -20
      vertex 9.807852745056152 -14.041553497314453 -20
    endloop
  endfacet
  facet normal 0.9238791802586291 0.3826842827771261 0
    outer loop
      vertex 9.430941581726074 -13.131611824035645 -24.399999618530273
      vertex 9.807852745056152 -14.041553497314453 -20
      vertex 9.807852745056152 -14.041553497314453 -24.399999618530273
    endloop
  endfacet
  facet normal 0.8454825603112879 -0.1681765040083073 -0.5068292648506134
    outer loop
      vertex 9.507852554321289 -47.158447265625 -25
      vertex 9.699999809265137 -46.19245529174805 -25
      vertex 10 -46.492454528808594 -24.399999618530273
    endloop
  endfacet
  facet normal 0.8454825603112879 -0.1681765040083073 -0.5068292648506134
    outer loop
      vertex 9.507852554321289 -47.158447265625 -25
      vertex 10 -46.492454528808594 -24.399999618530273
      vertex 9.807852745056152 -47.45844650268555 -24.399999618530273
    endloop
  endfacet
  facet normal 0.845482268219283 0.16817694400515085 -0.506829606112217
    outer loop
      vertex 9.507852554321289 -14.341553688049316 -25
      vertex 9.807852745056152 -14.041553497314453 -24.399999618530273
      vertex 10 -15.007542610168457 -24.399999618530273
    endloop
  endfacet
  facet normal 0.845482268219283 0.16817694400515085 -0.506829606112217
    outer loop
      vertex 9.507852554321289 -14.341553688049316 -25
      vertex 10 -15.007542610168457 -24.399999618530273
      vertex 9.699999809265137 -15.30754280090332 -25
    endloop
  endfacet
  facet normal 0.8944271909999157 0 -0.44721359549995787
    outer loop
      vertex 9.699999809265137 -46.19245529174805 -25
      vertex 9.699999809265137 -15.30754280090332 -25
      vertex 10 -15.007542610168457 -24.399999618530273
    endloop
  endfacet
  facet normal 0.8944271909999159 0 -0.4472135954999579
    outer loop
      vertex 9.699999809265137 -46.19245529174805 -25
      vertex 10 -15.007542610168457 -24.399999618530273
      vertex 10 -46.492454528808594 -24.399999618530273
    endloop
  endfacet
  facet normal 0.9807853766551098 -0.19508983812463043 0
    outer loop
      vertex 9.807852745056152 -47.45844650268555 -24.399999618530273
      vertex 10 -46.492454528808594 -24.399999618530273
      vertex 9.807852745056152 -47.45844650268555 -20
    endloop
  endfacet
  facet normal 0.9807853766551098 -0.19508983812463043 0
    outer loop
      vertex 9.807852745056152 -47.45844650268555 -20
      vertex 10 -46.492454528808594 -24.399999618530273
      vertex 10 -46.492454528808594 -20
    endloop
  endfacet
  facet normal 0.9807852660964007 0.19509039394140357 0
    outer loop
      vertex 9.807852745056152 -14.041553497314453 -24.399999618530273
      vertex 9.807852745056152 -14.041553497314453 -20
      vertex 10 -15.007542610168457 -20
    endloop
  endfacet
  facet normal 0.9807852660964007 0.19509039394140357 0
    outer loop
      vertex 9.807852745056152 -14.041553497314453 -24.399999618530273
      vertex 10 -15.007542610168457 -20
      vertex 10 -15.007542610168457 -24.399999618530273
    endloop
  endfacet
  facet normal 1 0 0
    outer loop
      vertex 10 -46.492454528808594 -24.399999618530273
      vertex 10 -15.007542610168457 -24.399999618530273
      vertex 10 -46.492454528808594 -20
    endloop
  endfacet
  facet normal 1 0 0
    outer loop
      vertex 10 -46.492454528808594 -20
      vertex 10 -15.007542610168457 -24.399999618530273
      vertex 10 -15.007542610168457 -20
    endloop
  endfacet
endsolid OpenSCAD_Model
